sample_id,best_candidate,true_pattern,generated_pattern,true_m,generated_m,true_n,generated_n,true_tcrease,generated_tcrease,true_tpanel,generated_tpanel,true_W,generated_W,true_creaseE,generated_creaseE,true_panelE,generated_panelE,closed_loop_scaled_mse,closed_loop_selection_score
miura_00257,13,1.0,1.0,36.0,36.0,9.0,9.0,0.0008886943687684834,0.0008961957064457238,0.0027388117741793394,0.002575106220319867,0.0012901617446914315,0.0011027846485376358,4863286272.0,3733601024.0,1467752448.0,1591132800.0,0.002904646098613739,0.01644631288945675
miura_00353,4,1.0,1.0,36.0,36.0,9.0,9.0,0.0005728459800593555,0.0008428985020145774,0.002296632854267955,0.003076612250879407,0.0010246281744912267,0.001593866036273539,3146731264.0,1437731584.0,2771477504.0,2227548416.0,0.0012969119707122445,0.006505245342850685
miura_00299,8,1.0,1.0,36.0,36.0,6.0,6.0,0.000979201402515173,0.0007440439658239484,0.0057860324159264565,0.004083878360688686,0.003058312926441431,0.0015129974344745278,3510110464.0,3684726784.0,3305906176.0,4777622016.0,0.0007045462843962014,0.0007045462843962014
miura_00583,15,1.0,1.0,24.0,24.0,12.0,12.0,0.0007955332403071225,0.0006834533996880054,0.005276709794998169,0.004444205202162266,0.0029316903091967106,0.001966011244803667,3830192384.0,3960564480.0,4061518080.0,4695609344.0,0.0006532667903229594,0.0006532667903229594
miura_01290,1,1.0,1.0,30.0,36.0,12.0,12.0,0.0009053120156750083,0.0009406801545992494,0.0038263725582510233,0.0034085216466337442,0.0017610412323847413,0.002129304688423872,1662840320.0,1355808896.0,1290117888.0,2010440832.0,0.0007873520371504128,0.007558185141533613
miura_01767,14,1.0,1.0,36.0,24.0,9.0,9.0,0.0008405590779148042,0.0005772864678874612,0.0010493696900084615,0.0016849470557644963,0.001841855002567172,0.0017207568744197488,1191687680.0,4905310208.0,3229661440.0,1198642688.0,0.0009967860532924533,0.03641345351934433
miura_00421,4,1.0,1.0,24.0,24.0,6.0,6.0,0.0008409402216784656,0.0007504303939640522,0.0030697607435286045,0.0035746286157518625,0.0015406422317028046,0.002019520616158843,1162153984.0,2058952576.0,4968661504.0,4127175168.0,0.0014447912108153105,0.001965624513104558
miura_01589,9,1.0,1.0,30.0,30.0,6.0,6.0,0.000712167180608958,0.0007322331075556576,0.004376545082777739,0.004703053273260593,0.0012889907229691744,0.0013513948069885373,4552457728.0,4049948672.0,2093221248.0,1969019648.0,0.00027098870486952364,0.0007918220362626016
miura_00066,10,1.0,1.0,24.0,24.0,9.0,9.0,0.0008193912799470127,0.000907364534214139,0.0048073516227304935,0.004632771946489811,0.002251142868772149,0.002147207036614418,3578892288.0,2273638400.0,2800041984.0,2924666368.0,0.0010606423020362854,0.0010606423020362854
miura_01613,11,1.0,1.0,36.0,24.0,12.0,12.0,0.0005586040788330138,0.0007517712656408548,0.0038698071148246527,0.005674186162650585,0.002839162712916732,0.0034293171484023333,1738334720.0,1006209344.0,2997436928.0,1537618816.0,0.00922944862395525,0.016521114856004715
miura_00057,10,1.0,1.0,36.0,36.0,6.0,6.0,0.0007724798051640391,0.000628460431471467,0.0024478884879499674,0.0019531596917659044,0.002588221337646246,0.0018050868529826403,3947015680.0,4743360000.0,3384840704.0,4828443136.0,0.0005574484821408987,0.0021199483890086412
miura_01999,11,1.0,1.0,24.0,24.0,12.0,12.0,0.0006116394069977105,0.0005418335786089301,0.005857628770172596,0.004954264033585787,0.0030308039858937263,0.0023395721800625324,1475169536.0,1800774912.0,3504165888.0,4125861120.0,0.008767027407884598,0.015017027035355568
miura_01119,7,1.0,1.0,36.0,36.0,9.0,9.0,0.000763692194595933,0.0007863957434892654,0.0024305765982717276,0.00240664416924119,0.0010016943560913205,0.0010884539224207401,3406912512.0,3317600768.0,3291880192.0,3529868032.0,0.0009292095201089978,0.004575042985379696
miura_00584,14,1.0,1.0,36.0,36.0,9.0,9.0,0.0007318892749026418,0.0009312113979831338,0.004654326010495424,0.0046462672762572765,0.002459855517372489,0.0028298613615334034,3348417792.0,1511169152.0,1209683328.0,1549264640.0,0.005124966148287058,0.00824996642768383
miura_01234,13,1.0,1.0,24.0,24.0,6.0,6.0,0.000550534634385258,0.0007890482083894312,0.005541255697607994,0.00588382501155138,0.00194882124196738,0.0020163978915661573,3803981056.0,1267615360.0,4902670848.0,4568623616.0,0.003068565158173442,0.004110231995582581
miura_00317,11,1.0,1.0,36.0,30.0,6.0,6.0,0.0005708108656108379,0.0007147653377614915,0.0030502795707434416,0.003828702261671424,0.003291746834293008,0.002719796495512128,3227206912.0,1604525696.0,4934753280.0,2832515072.0,0.0012614817824214697,0.004907315131276846
miura_00746,9,1.0,1.0,36.0,36.0,9.0,9.0,0.0008923718705773354,0.0005475697107613087,0.0030871855560690165,0.0024614394642412663,0.0024837367236614227,0.0014239308657124639,1295843968.0,3034412544.0,3521412096.0,4719359488.0,0.0020758488681167364,0.0020758488681167364
miura_00129,15,1.0,1.0,30.0,36.0,6.0,6.0,0.0009797236416488886,0.0008913410711102188,0.002629303140565753,0.0020654085092246532,0.0027973102405667305,0.0025881652254611254,4550394880.0,4797895168.0,2475034880.0,3965634816.0,0.000758807931561023,0.004925474524497986
miura_01444,14,1.0,1.0,24.0,30.0,6.0,6.0,0.0008160819415934384,0.0007504697423428297,0.0025011724792420864,0.00240891776047647,0.0010166270658373833,0.0014672070974484086,3057813504.0,4577830912.0,3619054848.0,4880541184.0,0.00044820489711128175,0.00044820489711128175
miura_01514,13,1.0,1.0,24.0,24.0,9.0,9.0,0.0005746166571043432,0.0007591161993332207,0.0011405354598537087,0.001000364194624126,0.002237155335023999,0.0015967278741300106,4837798912.0,1333828608.0,2717237504.0,3291535360.0,0.0007635012152604759,0.030451001599431038
miura_01801,4,1.0,1.0,36.0,24.0,9.0,9.0,0.0007022615754976869,0.0007882890640757978,0.0010308140190318227,0.001000364194624126,0.0030597003642469645,0.001944929244928062,2063560064.0,1260307840.0,4020373248.0,2552353792.0,0.0006766161532141268,0.03973911702632904
miura_00925,10,1.0,1.0,24.0,24.0,12.0,12.0,0.000661896716337651,0.0005218290607444942,0.002512299455702305,0.003391549689695239,0.0023123600985854864,0.0035254640970379114,1012663872.0,3303330048.0,3886471936.0,2734184960.0,0.0014614085666835308,0.01604474149644375
miura_00481,5,1.0,1.0,24.0,36.0,9.0,9.0,0.0009714720072224736,0.0006027971976436675,0.003658200381323695,0.0026908754371106625,0.0012276539346203208,0.0014069483149796724,1030538112.0,3201882112.0,1127456768.0,2922937088.0,0.002128179417923093,0.005774012766778469
miura_01960,0,1.0,1.0,24.0,24.0,9.0,9.0,0.0008490889449603856,0.0007284536841325462,0.004131335765123367,0.0035234964452683926,0.0028427469078451395,0.0018618745962157845,2283188992.0,2341261312.0,4355298304.0,4778441216.0,0.0005902507691644132,0.0005902507691644132
miura_00595,15,1.0,1.0,30.0,30.0,9.0,12.0,0.0005901381373405457,0.0005016513168811798,0.0012435406679287553,0.0012704626424238086,0.0032099115196615458,0.0016892992425709963,3432176640.0,3189399296.0,3748549632.0,2890733824.0,0.004198939073830843,0.035448938608169556
miura_00100,9,1.0,1.0,30.0,36.0,9.0,9.0,0.0008807730046100914,0.0009329795138910413,0.004316396079957485,0.004235774278640747,0.0012402357533574104,0.00129462662152946,4756011520.0,3411086080.0,4139560448.0,4830841344.0,0.004331433214247227,0.004331433214247227
miura_00417,3,1.0,1.0,30.0,36.0,9.0,9.0,0.0006181563949212432,0.0005761253414675593,0.005967211909592152,0.005037760827690363,0.0019510546699166298,0.0020014967303723097,3894526208.0,3474260224.0,1502329472.0,2404178688.0,0.0028771688230335712,0.0028771688230335712
miura_00964,4,1.0,1.0,24.0,24.0,9.0,12.0,0.0006501969182863832,0.0005318292533047497,0.0015693936729803681,0.0019547573756426573,0.003965565003454685,0.002943117404356599,3989462528.0,4725727232.0,4366893056.0,3016281344.0,0.0016612508334219456,0.027702918276190758
miura_00308,14,1.0,1.0,36.0,36.0,9.0,9.0,0.0008083628490567207,0.0006719298544339836,0.00346161681227386,0.0024487024638801813,0.002693255664780736,0.0014760821359232068,3985252352.0,3482295296.0,2643820032.0,4292483072.0,0.0013039420591667295,0.0033872753847390413
miura_00030,13,1.0,1.0,30.0,36.0,9.0,9.0,0.0007329400978051126,0.0007821367471478879,0.004906185902655125,0.0051825987175107,0.0012088791700080037,0.0015521199675276875,4859648512.0,3977987584.0,1924407040.0,2252124672.0,0.0017497304361313581,0.002791397040709853
miura_00601,5,1.0,1.0,36.0,36.0,9.0,9.0,0.0008690423564985394,0.0005579006392508745,0.005269345827400684,0.004429036285728216,0.00188728841021657,0.0012449134374037385,2033439488.0,4802167808.0,4068958208.0,4519569408.0,0.00497395358979702,0.00497395358979702
miura_01720,11,1.0,1.0,36.0,36.0,9.0,9.0,0.0008411318412981927,0.0005605165497399867,0.0035136996302753687,0.002538117812946439,0.002884145360440016,0.0014638479333370924,1595075456.0,2490070272.0,2667323904.0,4256360704.0,0.003455346915870905,0.0039761802181601524
miura_00572,3,1.0,1.0,30.0,24.0,9.0,9.0,0.0005753986188210547,0.0007545566186308861,0.0038724823389202356,0.004273702390491962,0.003422698238864541,0.0029521447140723467,2630342656.0,1023443136.0,4813289984.0,3499367424.0,0.002520137233659625,0.007207637187093496
miura_00907,0,1.0,1.0,30.0,30.0,6.0,6.0,0.000981044489890337,0.000855859718285501,0.005973184015601873,0.005543663166463375,0.0019360738806426525,0.0013878934551030397,1908810752.0,2221835264.0,4460442624.0,4622766592.0,0.0031173338647931814,0.0031173338647931814
miura_01427,5,1.0,1.0,24.0,24.0,9.0,9.0,0.0008700801990926266,0.0006381094572134316,0.002393983770161867,0.0018017928814515471,0.0020767461974173784,0.0010873520513996482,1171529984.0,1630308992.0,1148788352.0,1658850816.0,0.0006347649032250047,0.017822265625
miura_01261,6,1.0,1.0,24.0,24.0,12.0,12.0,0.0006219602073542774,0.0005427389987744391,0.0014210825320333242,0.001605931087397039,0.0019285838352516294,0.002736857859417796,1195375360.0,2625657088.0,3652513280.0,3256904448.0,0.00036749179707840085,0.03942999243736267
miura_00847,10,1.0,1.0,24.0,24.0,6.0,6.0,0.0008568317862227559,0.0006040081498213112,0.0016625936841592193,0.0012430081842467189,0.003962945193052292,0.0015418805414810777,2377660160.0,2845711360.0,3716887040.0,4322130944.0,0.0005305178929120302,0.008863851428031921
miura_01291,9,1.0,1.0,24.0,24.0,9.0,9.0,0.0008012690814211965,0.0007231433992274106,0.0025874630082398653,0.0017513175262138247,0.0029849885031580925,0.0012552873231470585,3706889984.0,2265878016.0,3497678336.0,4518547968.0,0.0017734714783728123,0.005419304594397545
miura_00810,3,1.0,1.0,30.0,30.0,6.0,6.0,0.0007989423465915024,0.0008132416405715048,0.001911383937112987,0.0016667810268700123,0.003066009609028697,0.0021956844720989466,2126275840.0,1287665024.0,3946007808.0,4401508864.0,0.0004766033380292356,0.004643269814550877
miura_01567,1,1.0,1.0,30.0,30.0,9.0,9.0,0.0006819266127422452,0.0005745873786509037,0.003212700132280588,0.003043496748432517,0.0033666060771793127,0.002656425116583705,1071084672.0,1176563584.0,1214124416.0,1195400192.0,0.0014750572154298425,0.029600057750940323
miura_00125,2,1.0,1.0,36.0,36.0,9.0,9.0,0.0009470743243582547,0.0007841376936994493,0.0048785945400595665,0.00425779027864337,0.0015830608317628503,0.0012696029152721167,3508863488.0,4675721216.0,3515150592.0,4057145856.0,0.0029663837049156427,0.0029663837049156427
miura_01608,1,1.0,1.0,36.0,36.0,6.0,6.0,0.0005604412872344255,0.0008685701177455485,0.0013304059393703938,0.0014239017618820071,0.00289151375181973,0.0029409017879515886,4559291904.0,1006209344.0,1590562688.0,1650630272.0,0.000719640520401299,0.03509464114904404
miura_00529,13,1.0,1.0,30.0,36.0,12.0,12.0,0.0007955521577969193,0.0005982737638987601,0.0014447577996179461,0.001000364194624126,0.003067260142415762,0.0018673979211598635,2376334080.0,2760407040.0,1793810048.0,3714908160.0,0.0007287299958989024,0.038749564439058304
miura_00986,7,1.0,1.0,24.0,30.0,9.0,9.0,0.000563487526960671,0.0005838039796799421,0.005288991611450911,0.005758350715041161,0.001109856297262013,0.001865683007054031,4070425600.0,4267207936.0,2628246784.0,3090274816.0,0.004135440569370985,0.004135440569370985
miura_01294,4,1.0,1.0,36.0,36.0,12.0,12.0,0.0007132921018637717,0.0008533982327207923,0.0016388202784582973,0.0013489482225850224,0.00140871643088758,0.0013224165886640549,3695821568.0,2028180992.0,2862989824.0,4006448640.0,0.0029050211887806654,0.024259187281131744
miura_00252,11,1.0,1.0,36.0,30.0,12.0,12.0,0.0006604348891414702,0.0005603430909104645,0.0019154075998812914,0.0014693663688376546,0.003761569270864129,0.001717054983600974,1447075328.0,1348875776.0,4159546368.0,3981122560.0,0.0004331952950451523,0.028037361800670624
miura_01896,13,1.0,1.0,36.0,36.0,12.0,12.0,0.0006633075536228716,0.0005598744610324502,0.0028872108086943626,0.0021415208466351032,0.0024252922739833593,0.0014483609702438116,3661202688.0,3308478208.0,3544222976.0,4962552320.0,0.0005765919340774417,0.002139091957360506
miura_00889,0,1.0,1.0,36.0,36.0,9.0,9.0,0.0009252854506485164,0.0007595111383125186,0.002355734119191766,0.0014281225157901645,0.0035666152834892273,0.001360796159133315,3673186560.0,2510396416.0,1784974208.0,2951317760.0,0.0011255877325311303,0.02195892110466957
miura_00071,3,1.0,1.0,36.0,30.0,12.0,12.0,0.0009132467675954103,0.0009993299609050155,0.004034952260553837,0.00392324710264802,0.0012376416707411408,0.0010815693531185389,4588573184.0,3415014400.0,3183869952.0,3062590976.0,0.001139070838689804,0.001139070838689804
miura_00484,14,1.0,1.0,30.0,30.0,9.0,12.0,0.00085782865062356,0.0006952384719625115,0.0013932958245277405,0.0013473561266437173,0.0028737338725477457,0.001120746717788279,2073569792.0,1456677248.0,4523359744.0,3433411328.0,0.0020938501693308353,0.018760517239570618
miura_01533,11,1.0,1.0,24.0,24.0,6.0,6.0,0.0009725539712235332,0.0009501660242676735,0.002841169247403741,0.003004741622135043,0.003012595232576132,0.003313693916425109,2013406592.0,2256092160.0,4214807040.0,3856648448.0,0.0007181882974691689,0.0012390216579660773
miura_01545,6,1.0,1.0,30.0,30.0,6.0,6.0,0.0008610846125520766,0.0005716212326660752,0.0019228311721235514,0.001612135674804449,0.002045650966465473,0.0013064945815131068,1401124992.0,2982426112.0,1791051136.0,2475486720.0,0.0007568616420030594,0.011173528619110584
miura_00888,7,1.0,1.0,36.0,36.0,6.0,6.0,0.0006059641600586474,0.0007129114237613976,0.004233266226947308,0.004562014248222113,0.0013532893499359488,0.0016431395197287202,3327547136.0,2450146816.0,4436235264.0,4240940032.0,0.0004949627909809351,0.0004949627909809351
miura_00211,13,1.0,1.0,24.0,24.0,6.0,6.0,0.000721485645044595,0.0005735658924095333,0.001715242164209485,0.0015614415751770139,0.0031951407436281443,0.002410364802926779,3006717952.0,4446637568.0,3682132480.0,4467118592.0,0.0011059219250455499,0.00839758850634098
miura_00521,1,1.0,1.0,24.0,24.0,9.0,9.0,0.0009009539498947561,0.0008364844252355397,0.0012704654363915324,0.0012204585364088416,0.0015237079933285713,0.0014540705597028136,3896220672.0,4372132352.0,4251073536.0,4554885632.0,0.0020707156509160995,0.0176957156509161
miura_00851,10,1.0,1.0,24.0,30.0,12.0,12.0,0.000684960454236716,0.0009471409139223397,0.004047666676342487,0.00350358197465539,0.0010841479524970055,0.0014410581206902862,4799359488.0,1864906368.0,2289364992.0,3740033024.0,0.0005777844344265759,0.0005777844344265759
miura_00672,1,1.0,1.0,24.0,36.0,9.0,9.0,0.0006101516773924232,0.0007305983453989029,0.005598373711109161,0.0058016711845994,0.0010950439609587193,0.0025173008907586336,3405525504.0,2566316032.0,2514044160.0,3938209536.0,0.004823809023946524,0.004823809023946524
miura_00234,8,1.0,1.0,24.0,36.0,9.0,9.0,0.0008313406724482775,0.0008170401561073959,0.005216830410063267,0.0036385911516845226,0.001144862500950694,0.001069489517249167,4834713600.0,3087025920.0,1191118336.0,3023651840.0,0.004346450325101614,0.006429783534258604
miura_01183,12,1.0,1.0,36.0,36.0,6.0,6.0,0.0008272068225778639,0.0007553474279120564,0.002216885332018137,0.0020801862701773643,0.002091853879392147,0.0018502430757507682,3023915776.0,3401093120.0,4528023552.0,4825949184.0,0.0003384735609870404,0.0013801401946693659
miura_00653,2,1.0,1.0,30.0,30.0,6.0,6.0,0.0006817133398726583,0.0007475208840332925,0.00541280210018158,0.00546971894800663,0.0037281066179275513,0.003578419331461191,2146422272.0,1470296192.0,4488729088.0,4444691456.0,0.0009982269257307053,0.00412322673946619
miura_01454,10,1.0,1.0,24.0,24.0,9.0,9.0,0.0009738752851262689,0.0008830458391457796,0.003753820899873972,0.003249431261792779,0.0013751137303188443,0.0010737940901890397,3680993024.0,3912939776.0,3547406080.0,4301780480.0,0.0030072324443608522,0.0030072324443608522
miura_01661,12,1.0,1.0,24.0,24.0,6.0,6.0,0.0009242465021088719,0.0007633664063178003,0.005870637483894825,0.005779195111244917,0.0017722414340823889,0.001330921775661409,2552629760.0,3960869888.0,4881249280.0,4457564672.0,0.00886477343738079,0.01042727380990982
miura_00455,10,1.0,1.0,36.0,36.0,9.0,9.0,0.0006747443694621325,0.0005001584650017321,0.005110409110784531,0.0034347502514719963,0.0032180780544877052,0.0014352439902722836,3430861824.0,3376200192.0,2901573376.0,4429609472.0,0.0028165681287646294,0.0028165681287646294
miura_00290,4,1.0,1.0,24.0,24.0,6.0,6.0,0.0007423916831612587,0.0006787835736759007,0.0028113266453146935,0.001771444221958518,0.0036953026428818703,0.0015004765009507537,3788492288.0,2020788352.0,2259790080.0,3741011968.0,0.0004193437343928963,0.0025026770308613777
miura_01386,9,1.0,1.0,36.0,30.0,12.0,12.0,0.0007559749064967036,0.0008508219616487622,0.005667632445693016,0.005342482589185238,0.002352894516661763,0.0018834637012332678,3260391936.0,1597919360.0,4207844096.0,4141080576.0,0.046509455889463425,0.046509455889463425
miura_01848,6,1.0,1.0,30.0,24.0,6.0,6.0,0.0005448599113151431,0.0005887409206479788,0.0014859677758067846,0.0012830289779230952,0.002819385379552841,0.0010376799618825316,4945111552.0,2027351296.0,2617425152.0,2220212224.0,0.0012427475303411484,0.015305247157812119
miura_01338,4,1.0,1.0,30.0,30.0,12.0,12.0,0.000520783883985132,0.0006750373868271708,0.005578177515417337,0.005245334003120661,0.0030737463384866714,0.0032448985148221254,3651665152.0,1486185216.0,3607740160.0,4319267328.0,0.001026089652441442,0.004151089582592249
miura_01692,15,1.0,1.0,24.0,30.0,6.0,6.0,0.0009152938728220761,0.000636847922578454,0.005596816074103117,0.0034823950845748186,0.0031683582346886396,0.0017545738955959678,1343052800.0,1765524992.0,1089507200.0,2579656704.0,0.003811202012002468,0.006415368523448706
miura_00112,3,1.0,1.0,36.0,36.0,12.0,12.0,0.0009231955045834184,0.0006754869828000665,0.003910746891051531,0.0027148236986249685,0.002541233552619815,0.001300544012337923,2823262464.0,3467276544.0,3105421312.0,4422667264.0,0.00034994911402463913,0.0019124491373077035
miura_01276,9,1.0,1.0,36.0,36.0,6.0,6.0,0.0007848856621421874,0.0008748091640882194,0.005817917175590992,0.00493120402097702,0.003890874097123742,0.002830731449648738,2672906240.0,1223200768.0,1260513792.0,1701088128.0,0.002191174542531371,0.004274507984519005
miura_00345,1,1.0,1.0,36.0,24.0,9.0,9.0,0.0005313088186085224,0.0005696176667697728,0.0027523431926965714,0.002654555719345808,0.003532695583999157,0.001288166968151927,3427521792.0,1477864832.0,2177396480.0,1461725440.0,0.0021642358042299747,0.015705902129411697
miura_01610,14,1.0,1.0,24.0,24.0,12.0,12.0,0.0009849626803770661,0.0006215415196493268,0.0022873415146023035,0.0013762133894488215,0.0035570221953094006,0.0014780559577047825,1240895232.0,2258670592.0,2544589056.0,3850018560.0,0.0006882999441586435,0.021521633490920067
miura_01396,1,1.0,1.0,30.0,36.0,9.0,9.0,0.0008032459882088006,0.000711560423951596,0.0014406121335923672,0.001286837155930698,0.002722347155213356,0.002511746482923627,3573296640.0,3669962752.0,2738993920.0,3739528960.0,0.0006380140548571944,0.02928384765982628
miura_01055,12,1.0,1.0,30.0,36.0,9.0,9.0,0.0006599272601306438,0.0005604681209661067,0.0016278059920296073,0.0013570840237662196,0.0012463540770113468,0.0011158945271745324,3677498368.0,4509240320.0,1240724736.0,2127219968.0,0.002439034404233098,0.02743903361260891
miura_00759,0,1.0,1.0,30.0,30.0,12.0,12.0,0.0008322462672367692,0.000598484359215945,0.0029076237697154284,0.002223781542852521,0.0037721076514571905,0.0027612317353487015,2506905856.0,4298096640.0,2026903168.0,3166101248.0,0.0006034153047949076,0.016749247908592224
miura_01232,6,1.0,1.0,30.0,36.0,6.0,6.0,0.0009481294546276331,0.0007629782776348293,0.0032923000399023294,0.0019177234498783946,0.0020963249262422323,0.0010941686341539025,4981301248.0,4442828288.0,2261427456.0,4750033920.0,0.001240624231286347,0.0028031242545694113
miura_01987,3,1.0,1.0,36.0,36.0,12.0,12.0,0.0007922071381472051,0.0006664367974735796,0.0036611713003367186,0.0032475015614181757,0.003740419168025255,0.0028083743527531624,2552441088.0,2901996800.0,4493293056.0,4833800192.0,0.0008309046970680356,0.0008309046970680356
miura_01200,1,1.0,1.0,36.0,24.0,9.0,9.0,0.0007459071348421276,0.000662610458675772,0.0015273651806637645,0.0013054803712293506,0.002917456440627575,0.0014420299557968974,4916021248.0,4919633920.0,1728587520.0,1244206464.0,0.001471006078645587,0.042616840451955795
miura_00368,3,1.0,1.0,24.0,24.0,12.0,12.0,0.000626803666818887,0.0005291342386044562,0.001742869382724166,0.001638231799006462,0.002655326621606946,0.0023685612250119448,2722441216.0,3949217536.0,3365949952.0,3651302400.0,0.0006426535546779633,0.026684319600462914
miura_00787,8,1.0,1.0,24.0,24.0,6.0,6.0,0.0009431018843315542,0.0008890951285138726,0.0033510569483041763,0.00287090172059834,0.002315166173502803,0.0018013116205111146,4324191744.0,4060200448.0,3094001408.0,3612899840.0,0.0004566461720969528,0.0004566461720969528
miura_00070,7,1.0,1.0,30.0,30.0,6.0,6.0,0.0005693950224667788,0.0006515537388622761,0.0021104433108121157,0.0023426164407283068,0.0018230106215924025,0.0016697437968105078,2371014400.0,1532652160.0,4364889088.0,3527077376.0,0.0014606078621000051,0.004585607908666134
miura_01485,3,1.0,1.0,24.0,24.0,12.0,12.0,0.0005694306455552578,0.0005001584650017321,0.0035017698537558317,0.004205890465527773,0.003215489676222205,0.0037969902623444796,1409195648.0,2611072512.0,4169203712.0,3371382016.0,0.003004167228937149,0.01967083476483822
miura_01634,0,1.0,1.0,30.0,30.0,9.0,9.0,0.0009810604387894273,0.0007606330327689648,0.0033680403139442205,0.0022854814305901527,0.002657842356711626,0.0014140119310468435,3581983744.0,3996767232.0,3323821312.0,4895416320.0,0.0021793036721646786,0.0032209702767431736
miura_01757,0,1.0,1.0,30.0,36.0,12.0,12.0,0.0009625422535464168,0.0005770065472461283,0.0039587258361279964,0.0019547895062714815,0.003261542646214366,0.0011191997909918427,1779082752.0,2600782080.0,1463609984.0,3783792640.0,0.0026696433778852224,0.008919643238186836
miura_01179,5,1.0,1.0,36.0,36.0,9.0,9.0,0.0005164816975593567,0.0005594863323494792,0.004266302566975355,0.005062746815383434,0.002326784422621131,0.003338710404932499,2972715776.0,3101656576.0,3783069184.0,3430688000.0,0.007695571519434452,0.010820571333169937
miura_01493,12,1.0,1.0,24.0,24.0,9.0,9.0,0.0006381389684975147,0.0009282634127885103,0.0033035362139344215,0.004566881339997053,0.001034518820233643,0.0021300821099430323,3800802816.0,2210280448.0,2635216128.0,2065629568.0,0.002297436585649848,0.002297436585649848
miura_00428,15,1.0,1.0,36.0,36.0,9.0,9.0,0.0007756948471069336,0.0006428432534448802,0.004813388921320438,0.0034364615567028522,0.0038770309183746576,0.0018454755190759897,3702710016.0,2766972928.0,1363328768.0,2115894528.0,0.0018990335520356894,0.006586533505469561
miura_01029,1,1.0,1.0,30.0,36.0,6.0,6.0,0.0006969118840061128,0.0008719251491129398,0.005023708567023277,0.005630705039948225,0.00139996234793216,0.0032273447141051292,4828225024.0,4009647616.0,1186385664.0,1503943040.0,0.0006384355947375298,0.0027217690367251635
miura_00712,12,1.0,1.0,36.0,36.0,6.0,6.0,0.0008975179516710341,0.0009849723428487778,0.0010899080662056804,0.001022179494611919,0.003946032375097275,0.002893094439059496,3863456256.0,1610228224.0,1161230592.0,1246106496.0,0.0011462777620181441,0.05427127704024315
miura_00586,13,1.0,1.0,36.0,30.0,6.0,6.0,0.0005451483884826303,0.0005530326743610203,0.0032497793436050415,0.003478236962109804,0.0037632742896676064,0.0023906524293124676,1118391424.0,1006209344.0,1572009472.0,1367276032.0,0.004542487673461437,0.022771654650568962
miura_00717,9,1.0,1.0,24.0,36.0,12.0,12.0,0.0009161510970443487,0.0008557650144211948,0.002393031259998679,0.0015203907387331128,0.0017731223488226533,0.001523086684755981,4938145280.0,3810964480.0,1796051200.0,4803133440.0,0.005068844649940729,0.019131343811750412
miura_00516,15,1.0,1.0,24.0,24.0,9.0,9.0,0.0007999823428690434,0.0007298182463273406,0.0016705431044101715,0.0017697452567517757,0.003374222433194518,0.0032332774717360735,4230189056.0,4962684928.0,4353337344.0,3789840896.0,0.0003893805551342666,0.018618546426296234
miura_01295,10,1.0,1.0,24.0,24.0,12.0,12.0,0.0007822843617759645,0.0007916925242170691,0.002660323167219758,0.00125215167645365,0.00393581623211503,0.0011426826240494847,4174444544.0,1153984896.0,1399363328.0,2987692288.0,0.0010971571318805218,0.02349299006164074
miura_00794,9,1.0,1.0,30.0,30.0,12.0,12.0,0.0007375961868092418,0.0006722252583131194,0.0018244958482682705,0.0017774354200810194,0.002967222360894084,0.003094565821811557,3875535360.0,4755326464.0,3443034112.0,4216801792.0,0.0007276769611053169,0.02260267734527588
miura_01347,4,1.0,1.0,24.0,30.0,6.0,6.0,0.000788644072599709,0.0009364112047478557,0.0035746104549616575,0.0050778561271727085,0.001024614437483251,0.0028349594213068485,2033279104.0,2477447936.0,2373257472.0,2197470464.0,0.0007100527873262763,0.0007100527873262763
miura_01236,12,1.0,1.0,36.0,36.0,6.0,6.0,0.000635579985100776,0.0006168207619339228,0.004426414147019386,0.002795194275677204,0.0036983864847570658,0.0012002490693703294,3319541760.0,1118651392.0,1141144320.0,1993833984.0,0.0016572806052863598,0.008428113535046577
miura_01819,7,1.0,1.0,24.0,24.0,12.0,12.0,0.0009836209937930107,0.0009024916216731071,0.0028168940916657448,0.002587250666692853,0.00290113827213645,0.0026669602375477552,3319537408.0,4089863936.0,3251006464.0,2845163520.0,0.0008857236825861037,0.01286489050835371
miura_00369,13,1.0,1.0,30.0,24.0,12.0,12.0,0.0005121021531522274,0.0005722902715206146,0.002227623015642166,0.0030574530828744173,0.0036723327357321978,0.003625268582254648,1194453888.0,1091462016.0,4644651008.0,2433334272.0,0.0016926178941503167,0.03450511768460274
miura_01711,10,1.0,1.0,36.0,24.0,12.0,12.0,0.0007099538343027234,0.0005230082897469401,0.002129626926034689,0.0017358222976326942,0.0036622968036681414,0.001353755360469222,2831608576.0,3629664768.0,4214398464.0,3499452416.0,0.0036781649105250835,0.015136498026549816
miura_01932,4,1.0,1.0,30.0,30.0,9.0,9.0,0.0009462939342483878,0.0008204994956031442,0.002065605716779828,0.0015828544273972511,0.002868511015549302,0.0016445332439616323,4725630976.0,4085209088.0,3827998464.0,4881226240.0,0.0009422933217138052,0.010317292995750904
miura_01488,14,1.0,1.0,24.0,24.0,6.0,6.0,0.0009994935244321823,0.0008446946158073843,0.0011502493871375918,0.001000364194624126,0.0025959203485399485,0.0014029672602191567,3784838144.0,3660860160.0,3439992832.0,3193216256.0,0.0028292082715779543,0.023662541061639786
miura_01494,7,1.0,1.0,24.0,24.0,12.0,12.0,0.0005305533413775265,0.0005523778381757438,0.002355929696932435,0.0028015419375151396,0.0036690467968583107,0.0037279834505170584,1623298176.0,1800861184.0,4662288896.0,3478863872.0,0.0009172042482532561,0.030083870515227318
miura_01194,4,1.0,1.0,36.0,36.0,6.0,6.0,0.0007706372998654842,0.0008514749933965504,0.0034828658681362867,0.004404865670949221,0.001676533604040742,0.0019290647469460964,1154692480.0,1006209344.0,2469010432.0,1907493888.0,0.0011631022207438946,0.002725602127611637
miura_01077,15,1.0,1.0,24.0,24.0,12.0,12.0,0.0005532603245228529,0.0005388498539105058,0.0028971689753234386,0.002607728121802211,0.0035385084338486195,0.00262347306124866,3834756096.0,3233054464.0,3853142528.0,3879013632.0,0.0004409524844959378,0.012420118786394596
miura_00238,12,1.0,1.0,36.0,24.0,12.0,12.0,0.0009287345455959439,0.0008495416259393096,0.0016079467022791505,0.001153238001279533,0.003637358546257019,0.001129506854340434,3112016640.0,1993233664.0,2799039488.0,2142979456.0,0.002461338648572564,0.03735717013478279
miura_01928,5,1.0,1.0,30.0,30.0,9.0,9.0,0.0008047828450798988,0.0007936281617730856,0.005198932718485594,0.005069326143711805,0.0024482428561896086,0.0019951448775827885,4281752576.0,3342967296.0,2421215232.0,2354602496.0,0.0014312764396890998,0.0014312764396890998
miura_00620,13,1.0,1.0,30.0,36.0,6.0,6.0,0.0008879047818481922,0.0006657077465206385,0.0021079862490296364,0.0017323849024251103,0.0015760959358885884,0.0016838961746543646,1634527744.0,3421989888.0,2695664128.0,4612321792.0,0.0003254702314734459,0.0039713033474981785
miura_00255,1,1.0,1.0,36.0,36.0,9.0,9.0,0.0009707862627692521,0.0008939569815993309,0.0018924446776509285,0.0017879488877952099,0.0014976966194808483,0.0012469717767089605,3966567168.0,4343889408.0,4906575872.0,4796947968.0,0.0006877777632325888,0.0048544444143772125
miura_00232,0,1.0,1.0,36.0,36.0,12.0,12.0,0.0007278984994627535,0.0005848123109899461,0.003167653689160943,0.002013759920373559,0.0028370169457048178,0.0012790597975254059,2297213696.0,1913780224.0,2768237312.0,4615726080.0,0.0004773851833306253,0.003602385288104415
miura_00383,0,1.0,1.0,36.0,36.0,6.0,6.0,0.0006178099429234862,0.0009493316756561399,0.002740998985245824,0.002892227377742529,0.0022976952604949474,0.0023291329853236675,4731790336.0,1175915392.0,2173444096.0,1999955456.0,0.0005338225746527314,0.004700489342212677
miura_01287,14,1.0,1.0,24.0,30.0,9.0,9.0,0.000759451650083065,0.0005010830936953425,0.0017112520290538669,0.0015240585198625922,0.0011552295181900263,0.0014237959403544664,1027037952.0,3303510528.0,2015545984.0,3566807040.0,0.0007782942266203463,0.012236627750098705
miura_00682,8,1.0,1.0,30.0,24.0,9.0,9.0,0.0005351009895093739,0.0006852609221823514,0.0020081603433936834,0.002381595317274332,0.003799594473093748,0.0033453949727118015,2369083904.0,1010299584.0,4731315200.0,3041462272.0,0.0018027438782155514,0.0257610771805048
miura_01042,1,1.0,1.0,36.0,36.0,12.0,12.0,0.000892532232683152,0.0009646634571254253,0.0013308912748470902,0.0011861451203003526,0.0011481044348329306,0.0010991308372467756,4950853120.0,3663372032.0,1475654400.0,1395419904.0,0.003241312690079212,0.0480329804122448
miura_00435,2,1.0,1.0,36.0,36.0,9.0,9.0,0.0007585778366774321,0.0005751393618993461,0.002442162251099944,0.002141453791409731,0.002530957804992795,0.0018591181142255664,1774003584.0,2693020672.0,3265852928.0,4149423360.0,0.0010935363825410604,0.004739369731396437
miura_00384,0,1.0,1.0,24.0,24.0,6.0,6.0,0.0005467229639180005,0.00086613604798913,0.0031513781286776066,0.004376648459583521,0.0016387809300795197,0.0031431829556822777,2566295808.0,1006209344.0,3878040576.0,2846255872.0,0.0010839879978448153,0.005250654648989439
miura_01172,11,1.0,1.0,24.0,24.0,9.0,9.0,0.0009946582140401006,0.0007491266005672514,0.005758940242230892,0.0057777101173996925,0.0017552931094542146,0.0017518210224807262,1650743168.0,3734758400.0,4398341120.0,4383118336.0,0.003944190684705973,0.00446502398699522
miura_01320,3,1.0,1.0,24.0,30.0,6.0,6.0,0.0005027375882491469,0.0005826658452861011,0.004626004491001368,0.004572019912302494,0.0023469056468456984,0.0028047594241797924,2072039168.0,1122102400.0,1052193280.0,1650579328.0,0.007966014556586742,0.022549347952008247
miura_01434,6,1.0,1.0,36.0,36.0,9.0,9.0,0.0007039860938675702,0.0006246085977181792,0.002713700057938695,0.002197190187871456,0.0034270286560058594,0.0020918340887874365,3036628736.0,2407530752.0,3579176704.0,4698671616.0,0.0007551279268227518,0.0028384611941874027
miura_00732,11,1.0,1.0,36.0,30.0,9.0,9.0,0.0006616816972382367,0.0007641321863047779,0.002783155534416437,0.0025720898993313313,0.002428293228149414,0.001466232817620039,3356896512.0,1325564672.0,2630809088.0,2640375808.0,0.0020242983009666204,0.005670131649821997
miura_01732,0,1.0,1.0,30.0,36.0,6.0,6.0,0.0009154631989076734,0.0007312854868359864,0.002593192970380187,0.002451287815347314,0.0024803851265460253,0.002902177395299077,2360297472.0,4383976448.0,3388706816.0,4738895872.0,0.0006570129771716893,0.0011778463376685977
miura_00747,13,1.0,1.0,24.0,24.0,9.0,9.0,0.0007077945047058165,0.0006823143921792507,0.0047758216969668865,0.0050215949304401875,0.0033812555484473705,0.003219054313376546,1894219264.0,1983370368.0,4634090496.0,3985369344.0,0.004231057595461607,0.0068352241069078445
miura_00343,6,1.0,1.0,30.0,24.0,12.0,12.0,0.0008334690937772393,0.000870650983415544,0.005614911671727896,0.005063771270215511,0.0023552379570901394,0.0014735100558027625,4061066752.0,2207083520.0,4559748096.0,4262052608.0,0.01059792097657919,0.01059792097657919
miura_00212,10,1.0,1.0,24.0,24.0,9.0,9.0,0.0008588884375058115,0.0007837738376110792,0.005753206089138985,0.005180207081139088,0.0018875831738114357,0.0014725562650710344,2545903616.0,2289526784.0,4075969024.0,4442300416.0,0.00589978089556098,0.00589978089556098
miura_01433,8,1.0,1.0,36.0,36.0,9.0,9.0,0.0008217497379519045,0.0005517733516171575,0.0037200236693024635,0.0035038229543715715,0.0019887350499629974,0.0015484328614547849,1726710016.0,4014992128.0,3455822592.0,3687697152.0,0.0016213690396398306,0.0016213690396398306
miura_00213,9,1.0,1.0,30.0,30.0,6.0,6.0,0.0005760316853411496,0.0007522675441578031,0.003882431425154209,0.004037708044052124,0.0036068919580429792,0.003154248697683215,4145386496.0,1513307648.0,4805950464.0,4325121536.0,0.002840653993189335,0.0064864871092140675
miura_01992,0,1.0,1.0,36.0,36.0,9.0,9.0,0.0005554898525588214,0.0007430821424350142,0.00127338373567909,0.0013397542061284184,0.0036100212018936872,0.0037206215783953667,2540653824.0,1006209344.0,1179265536.0,1118204800.0,0.0009472348028793931,0.06709306687116623
miura_00440,4,1.0,1.0,24.0,24.0,9.0,9.0,0.000914788048248738,0.0006738012889400125,0.0030868465546518564,0.0017876162892207503,0.0032031184528023005,0.0010791649110615253,1726693248.0,1571134208.0,2577895936.0,4430872576.0,0.001567213679663837,0.002608880400657654
miura_00916,5,1.0,1.0,24.0,24.0,9.0,9.0,0.0005435492494143546,0.0005353990127332509,0.002700074575841427,0.001859370619058609,0.0038394592702388763,0.002219755668193102,2261139712.0,1069004352.0,1267062528.0,2069972608.0,0.0013453769497573376,0.040928710252046585
miura_00996,9,1.0,1.0,30.0,36.0,12.0,12.0,0.0008432512986473739,0.0007226915331557393,0.00381816946901381,0.002487760968506336,0.002241309732198715,0.0014245463535189629,4750484992.0,4350495744.0,2603571200.0,4761655808.0,0.0014414896722882986,0.00404565641656518
miura_01457,1,1.0,1.0,36.0,36.0,9.0,9.0,0.0008754428708925843,0.0007187622250057757,0.0057464297860860825,0.005983274430036545,0.003130473894998431,0.0036190873943269253,1985781248.0,3764278784.0,4013108736.0,3893573376.0,0.005603914614766836,0.005603914614766836
miura_01251,7,1.0,1.0,36.0,36.0,9.0,9.0,0.0009930968517437577,0.0009812028147280216,0.003461722983047366,0.00415940023958683,0.001008570659905672,0.0011134037049487233,4114441984.0,4879721984.0,4340902912.0,3271512576.0,0.00657672667875886,0.007097559981048107
miura_01006,1,1.0,1.0,30.0,36.0,9.0,9.0,0.0007233635988086462,0.0006481962627731264,0.002918688114732504,0.0028854580596089363,0.0014291263651102781,0.0020555618684738874,2565355776.0,3830651904.0,3317652224.0,4672715776.0,0.0011781529756262898,0.0016989862779155374
miura_01811,0,1.0,1.0,24.0,24.0,12.0,12.0,0.0007843911880627275,0.0006203016964718699,0.005937541369348764,0.005775056313723326,0.0017881998792290688,0.001791681512258947,2109265408.0,3408322048.0,4777699328.0,4479902720.0,0.022650588303804398,0.023171421140432358
miura_00248,8,1.0,1.0,24.0,24.0,12.0,12.0,0.0007184727001003921,0.0006607954856008291,0.004855968523770571,0.0028070523403584957,0.003074228297919035,0.001157807419076562,3388252160.0,1653590400.0,1992572160.0,3559792128.0,0.0006455531693063676,0.0006455531693063676
miura_01629,6,1.0,1.0,24.0,24.0,6.0,6.0,0.0007775346166454256,0.0007157053332775831,0.0023266486823558807,0.0018296242924407125,0.0019437370356172323,0.0011156672844663262,1258941568.0,1006209344.0,1570923392.0,2217220096.0,0.0022712682839483023,0.0069587682373821735
miura_01282,5,1.0,1.0,36.0,36.0,6.0,6.0,0.0006113153649494052,0.000881250249221921,0.003969111014157534,0.004698437638580799,0.0017062867991626263,0.002087466884404421,4486325760.0,1815799040.0,3335030528.0,2808355072.0,0.00038175025838427246,0.00038175025838427246
miura_00412,13,1.0,1.0,36.0,30.0,6.0,6.0,0.0008152555674314499,0.0006259617512114346,0.0014347867108881474,0.0011702132178470492,0.003667243057861924,0.0017381019424647093,3989219840.0,4832233984.0,4438049280.0,4996423680.0,0.002476201392710209,0.010288701392710209
miura_01136,1,1.0,1.0,36.0,36.0,6.0,6.0,0.0008094513323158026,0.0007684941519983113,0.004549351520836353,0.005170981399714947,0.0030590309761464596,0.0033576234709471464,2236108032.0,2895447808.0,4451697664.0,3785918208.0,0.0004043066001031548,0.0009251399314962327
miura_01148,7,1.0,1.0,24.0,24.0,12.0,12.0,0.000767308403737843,0.0009189069969579577,0.004861994180828333,0.0033505065366625786,0.001928811427205801,0.0010009445250034332,4833253888.0,1372140544.0,2141823232.0,3166866176.0,0.0005033899797126651,0.0005033899797126651
miura_00578,13,1.0,1.0,36.0,36.0,9.0,9.0,0.0007666966412216425,0.0007156957872211933,0.005073989275842905,0.00424309354275465,0.00236121634952724,0.0014798016054555774,4766708224.0,3199366912.0,1416522368.0,1898860288.0,0.00507892481982708,0.0087247584015131
miura_01435,8,1.0,1.0,30.0,36.0,9.0,9.0,0.0005472879856824875,0.000605215085670352,0.005903579294681549,0.004948830232024193,0.0036208985839039087,0.003406275762245059,2820150784.0,1592799104.0,2956220672.0,4364653568.0,0.0011472833575680852,0.004793116822838783
miura_00306,1,1.0,1.0,30.0,36.0,12.0,12.0,0.0007892791763879359,0.0006419150740839541,0.004730663262307644,0.005647590383887291,0.001438509556464851,0.0025705951265990734,1541805440.0,3871900160.0,3206490624.0,3244285696.0,0.010011080652475357,0.010011080652475357
miura_01667,2,1.0,1.0,30.0,36.0,6.0,6.0,0.0008683893829584122,0.0008806449477560818,0.004500542767345905,0.0049868058413267136,0.002036646706983447,0.0033628297969698906,3877270784.0,4558000640.0,2174648064.0,2533032192.0,0.0007828098023310304,0.0007828098023310304
miura_01456,15,1.0,1.0,24.0,30.0,9.0,9.0,0.0009617851465009153,0.0007163819391280413,0.0029638251289725304,0.001953629544004798,0.0012682736851274967,0.001157786464318633,2242078720.0,3577561600.0,2222003968.0,4893040640.0,0.0013812353136017919,0.0024229020345956087
miura_00867,14,1.0,1.0,24.0,24.0,6.0,6.0,0.0008790800347924232,0.0006828197510913014,0.0037515631411224604,0.0035126940347254276,0.002142096171155572,0.0018580426694825292,1423970432.0,2549912064.0,2775678208.0,3020979968.0,0.0021687473636120558,0.0026895806659013033
miura_00761,11,1.0,1.0,36.0,30.0,12.0,12.0,0.0009731574100442231,0.000977996620349586,0.003486730856820941,0.0028437443543225527,0.0017840322107076645,0.0011468627490103245,3507820288.0,2558680064.0,3353277696.0,3672832000.0,0.0031223008409142494,0.0041639674454927444
miura_00395,9,1.0,1.0,36.0,30.0,12.0,12.0,0.0006463031168095767,0.0008238510345108807,0.0036857209634035826,0.0035161327105015516,0.003845014376565814,0.0024540608283132315,3064929536.0,1006209344.0,4543347712.0,3593768448.0,0.0004674281517509371,0.0015090948436409235
miura_01260,14,1.0,1.0,24.0,24.0,6.0,6.0,0.000972412119153887,0.0007151610334403813,0.0018682134104892612,0.0016291363863274455,0.003790958086028695,0.0022990049328655005,3095365888.0,4807707136.0,4350108672.0,4845044736.0,0.001281902426853776,0.004406902473419905
miura_01273,14,1.0,1.0,36.0,36.0,6.0,6.0,0.000851712073199451,0.0007019462645985186,0.004063065629452467,0.0029164496809244156,0.0026069963350892067,0.0013936986215412617,2295633664.0,2208024320.0,2912572928.0,4396915712.0,0.0005516119999811053,0.0005516119999811053
miura_00121,12,1.0,1.0,36.0,36.0,6.0,6.0,0.0007925606914795935,0.0008078721584752202,0.001194510143250227,0.001000364194624126,0.003181618405506015,0.0013396453578025103,4219060224.0,1835478016.0,3850392832.0,4186985472.0,0.0011352167930454016,0.016239384189248085
miura_01420,14,1.0,1.0,24.0,36.0,9.0,9.0,0.0006802012212574482,0.0007091314764693379,0.004989944864064455,0.003871544497087598,0.002510485937818885,0.0030026063323020935,2154276352.0,1375127680.0,2297266176.0,4752332800.0,0.001821746933273971,0.002863413654267788
miura_00540,13,1.0,1.0,30.0,24.0,9.0,9.0,0.0008498604292981327,0.0005768382688984275,0.0015242723748087883,0.001000364194624126,0.0039025982841849327,0.0010009445250034332,2235684608.0,2459044096.0,3122918912.0,3560140544.0,0.002750920597463846,0.01837592013180256
miura_00809,12,1.0,1.0,30.0,30.0,6.0,6.0,0.0009425098542124033,0.0008818869828246534,0.003845333121716976,0.0047149620950222015,0.00196469877846539,0.002628961345180869,1860100608.0,3028137472.0,4082486016.0,3211248384.0,0.0003932243853341788,0.0003932243853341788
miura_01274,11,1.0,1.0,30.0,30.0,6.0,6.0,0.0005118366680108011,0.0005971992504782975,0.005229949951171875,0.005994380451738834,0.002063965192064643,0.002370854141190648,4668483584.0,3389939456.0,4949180928.0,4025213184.0,0.002318775746971369,0.003360442351549864
miura_00307,10,1.0,1.0,30.0,36.0,9.0,9.0,0.0009757689549587667,0.0007886490202508867,0.0030935725662857294,0.0015497127315029502,0.002750872168689966,0.0012827005703002214,4820647424.0,3698614272.0,2001320448.0,4843276800.0,0.002044028602540493,0.008814861997961998
miura_00136,14,1.0,1.0,24.0,24.0,12.0,12.0,0.0009133731364272535,0.000819781853351742,0.003975003492087126,0.0028935999143868685,0.0013410033425316215,0.0010596493957564235,4526630912.0,4900202496.0,2607530496.0,4079250944.0,0.002846656134352088,0.0033674894366413355
miura_00554,12,1.0,1.0,24.0,24.0,6.0,6.0,0.0005611752276308835,0.00064864318119362,0.002034747740253806,0.001959179062396288,0.003575673094019294,0.0029745223000645638,4250517248.0,2359139072.0,4598035456.0,4667671040.0,0.0010129292495548725,0.009867096319794655
miura_00585,7,1.0,1.0,24.0,24.0,12.0,12.0,0.000811685633379966,0.0005980976275168359,0.0058452109806239605,0.005037700291723013,0.0016896225279197097,0.001282135839574039,1489651584.0,2681391872.0,2702909440.0,3172289536.0,0.002308232244104147,0.002308232244104147
miura_00487,0,1.0,1.0,36.0,36.0,9.0,9.0,0.0009942325996235013,0.0007446029339917004,0.0013142642565071583,0.0011711855186149478,0.003465409157797694,0.0019768194761127234,1017208960.0,1241234176.0,1643904768.0,1656788352.0,0.0006455364055000246,0.045958034694194794
miura_00423,3,1.0,1.0,36.0,24.0,12.0,12.0,0.0008021448738873005,0.0006165549857541919,0.0016058061737567186,0.0014654028927907348,0.0035975228529423475,0.0013920565834268928,2191635968.0,2879430144.0,4772719616.0,2800965888.0,0.0021008262410759926,0.026579992845654488
miura_01538,11,1.0,1.0,24.0,24.0,6.0,6.0,0.000741378462407738,0.0007034377777017653,0.004180086776614189,0.003545390209183097,0.0026890416629612446,0.0017159773269668221,1818970752.0,1266441856.0,3628294912.0,3922300416.0,0.0018971726531162858,0.003980506211519241
miura_00834,0,1.0,1.0,24.0,24.0,12.0,12.0,0.0006416529649868608,0.0007103701354935765,0.0011422999668866396,0.0011384024983271956,0.0027325230184942484,0.003471799660474062,4584354304.0,4220350464.0,4323191296.0,3850325760.0,0.00035771672264672816,0.04671188443899155
miura_00110,10,1.0,1.0,30.0,36.0,12.0,12.0,0.0007263454608619213,0.0006569632678292692,0.0021364993881434202,0.0018197869649156928,0.001491521019488573,0.001503484440036118,3902775040.0,4685235200.0,2812157440.0,4402633216.0,0.002596181584522128,0.012492015026509762
miura_01416,13,1.0,1.0,30.0,30.0,6.0,6.0,0.0009972701082006097,0.0007789802039042115,0.0044172536581754684,0.0027607970405369997,0.003609104547649622,0.00117452722042799,3583601920.0,2477225984.0,2455598592.0,3725588736.0,0.0006787567981518805,0.0006787567981518805
miura_01472,12,1.0,1.0,36.0,24.0,12.0,12.0,0.0009641296346671879,0.000908600224647671,0.001136115868575871,0.001000364194624126,0.003590228734537959,0.00139511376619339,3267515904.0,2145516672.0,4485335552.0,3424338688.0,0.006008288357406855,0.03829995542764664
miura_00240,1,1.0,1.0,24.0,30.0,12.0,12.0,0.000711869855877012,0.0008017607615329325,0.0013438548194244504,0.0010162704857066274,0.001041841460391879,0.0013038985198363662,3420876544.0,2454458880.0,1475547776.0,2473528832.0,0.0013137346832081676,0.04193873330950737
miura_00906,5,1.0,1.0,36.0,36.0,6.0,6.0,0.0009152221609838307,0.0009394336957484484,0.0010382116306573153,0.001000364194624126,0.0030042133294045925,0.0033380582462996244,4236066560.0,3715427328.0,2769787392.0,2515472896.0,0.0010652316268533468,0.04169023036956787
miura_00509,12,1.0,1.0,36.0,24.0,12.0,9.0,0.0005489062750712037,0.0007980384980328381,0.0024977021384984255,0.0020813762675970793,0.0015522176399827003,0.0010009445250034332,4915076096.0,1404130176.0,1236796928.0,1346693504.0,0.0008645338821224868,0.018052034080028534
miura_01721,11,1.0,1.0,36.0,36.0,9.0,9.0,0.0007787825888954103,0.0005622025928460062,0.0025998882483690977,0.0023822931107133627,0.0014278792077675462,0.0010009445250034332,1108761344.0,2099037824.0,1830304768.0,2294750464.0,0.0024852214846760035,0.008735221810638905
miura_01249,6,1.0,1.0,30.0,30.0,12.0,12.0,0.0009997220477089286,0.0008889379678294063,0.0010749684879556298,0.001000364194624126,0.0016820657765492797,0.0014330093981698155,1188251136.0,1361061760.0,2291907840.0,2760944384.0,0.0019288924522697926,0.039428893476724625
miura_01477,8,1.0,1.0,36.0,36.0,6.0,6.0,0.0008482112316414714,0.0007070518913678825,0.0048737674951553345,0.0037495072465389967,0.003631312632933259,0.0019892584532499313,3525416192.0,3359597056.0,3390420992.0,4419481088.0,0.00023121750564314425,0.00023121750564314425
miura_00707,15,1.0,1.0,36.0,36.0,12.0,12.0,0.0009422250441275537,0.0009291691239923239,0.0016031621489673853,0.0013962624361738563,0.0016002821503207088,0.0013241120614111423,3627852288.0,3309599488.0,3315700736.0,3677678336.0,0.005210041534155607,0.026564208790659904
miura_00706,0,1.0,1.0,30.0,30.0,6.0,6.0,0.000754788052290678,0.0007131475140340626,0.0042645796202123165,0.004260602407157421,0.0019074485171586275,0.001966815209016204,1585086976.0,1708073984.0,3535601152.0,3725096192.0,0.0017799822380766273,0.0023008156567811966
miura_00773,5,1.0,1.0,36.0,24.0,6.0,6.0,0.0005073046777397394,0.0005421038367785513,0.0021876655519008636,0.0020943430718034506,0.0032331938855350018,0.0012251337757334113,1985911936.0,1006209344.0,1996112256.0,1593065728.0,0.004408724140375853,0.02159622497856617
miura_01730,1,1.0,1.0,24.0,30.0,12.0,12.0,0.0007231439230963588,0.0005945366574451327,0.005315480753779411,0.0054960246197879314,0.0010267851175740361,0.001760466955602169,1769156736.0,3815733504.0,3144033536.0,3890353408.0,0.007730425335466862,0.007730425335466862
miura_01820,6,1.0,1.0,24.0,30.0,9.0,9.0,0.0007911546854302287,0.0006254179170355201,0.002664330182597041,0.002052636817097664,0.0023347612004727125,0.002114015631377697,3780876032.0,4997448704.0,2520484608.0,4853494784.0,0.0007150471210479736,0.004881714005023241
miura_01280,15,1.0,1.0,36.0,24.0,9.0,9.0,0.0007514715543948114,0.0005949417827650905,0.0012572758132591844,0.001075081410817802,0.0034039318561553955,0.001147985109128058,2855476736.0,3081203456.0,4838423040.0,2970449408.0,0.001842880854383111,0.025280380621552467
miura_01957,0,1.0,1.0,30.0,36.0,9.0,9.0,0.0008942922577261925,0.0008992335060611367,0.005339745432138443,0.005252862814813852,0.0014072720659896731,0.0016755457036197186,2154562048.0,1878429184.0,1553823872.0,2043159808.0,0.003098604967817664,0.0036194382701069117
miura_01946,13,1.0,1.0,30.0,36.0,12.0,12.0,0.0005661061150021851,0.0007330343360081315,0.0040676710195839405,0.0034051602706313133,0.003056297544389963,0.003074477892369032,2604364288.0,1006209344.0,1855533824.0,2932769536.0,0.0005300507182255387,0.008342551067471504
miura_01031,9,1.0,1.0,24.0,24.0,12.0,12.0,0.0007818049634806812,0.0009370461921207607,0.004304889589548111,0.0030681202188134193,0.003578866133466363,0.0022654884960502386,3112495872.0,1006209344.0,1490644352.0,2197134848.0,0.0006990352994762361,0.0069490354508161545
miura_00945,5,1.0,1.0,30.0,24.0,12.0,12.0,0.0005440527456812561,0.0006708601140417159,0.002961642574518919,0.0028252373449504375,0.001444705412723124,0.0010009445250034332,3639539712.0,1545043968.0,4781555712.0,4080098560.0,0.0009870812064036727,0.0009870812064036727
miura_01467,2,1.0,1.0,36.0,30.0,9.0,9.0,0.000811188539955765,0.0007491846918128431,0.0034250046592205763,0.0029051071032881737,0.0031167310662567616,0.001656387117691338,4477307904.0,3223449856.0,4667593728.0,4607464960.0,0.0008833662141114473,0.0008833662141114473
miura_00782,9,1.0,1.0,30.0,24.0,12.0,12.0,0.0009922805475071073,0.0008119079284369946,0.0027754148468375206,0.002974708564579487,0.0028577852062880993,0.0031692630145698786,2034136320.0,4537189376.0,4612088320.0,3291591424.0,0.001647068071179092,0.008417901583015919
miura_01382,1,1.0,1.0,24.0,30.0,9.0,9.0,0.0006431685760617256,0.0005720598273910582,0.005951232276856899,0.005205697845667601,0.0023299239110201597,0.002257030224427581,3606217728.0,3855695616.0,1658834688.0,2348510208.0,0.0024500808212906122,0.0034917474258691072
miura_00271,9,1.0,1.0,24.0,30.0,12.0,12.0,0.0005596744013018906,0.0006939127924852073,0.004277112893760204,0.003076795721426606,0.001954799983650446,0.0017980490811169147,3747678976.0,1317380864.0,1753460864.0,3507896064.0,0.0010603296104818583,0.002622829517349601
miura_01991,3,1.0,1.0,36.0,36.0,6.0,6.0,0.0008901654509827495,0.0008372245356440544,0.004378548823297024,0.005090211983770132,0.0012053877580910921,0.002199289621785283,2268337920.0,4332882432.0,1804734976.0,1727982208.0,0.0009940325981006026,0.0030773659236729145
miura_00776,10,1.0,1.0,30.0,36.0,9.0,9.0,0.0005840598605573177,0.0007977656787261367,0.00567066902294755,0.004976919386535883,0.00365108298137784,0.003361162729561329,4851227648.0,1308725120.0,2830024448.0,3814298112.0,0.002883125329390168,0.0034039586316794157
miura_01349,9,1.0,1.0,24.0,30.0,12.0,12.0,0.0005292921559885144,0.0009012328810058534,0.0034403065219521523,0.004689715802669525,0.001095038722269237,0.0033547761850059032,2001723776.0,1006209344.0,1719004288.0,1835942784.0,0.0007141045061871409,0.004359937738627195
miura_01474,7,1.0,1.0,36.0,30.0,12.0,12.0,0.0006255240878090262,0.0005432641482912004,0.004574441350996494,0.0032754247076809406,0.0036485660821199417,0.0012014588573947549,3853975296.0,2225086976.0,4091608576.0,4394922496.0,0.004166952800005674,0.004166952800005674
miura_00557,9,1.0,1.0,36.0,36.0,9.0,9.0,0.0009651669533923268,0.0007007125532254577,0.0031976185273379087,0.0018124509369954467,0.003926216159015894,0.0011935081565752625,2979516416.0,2412586752.0,2517157888.0,4553694208.0,0.0025743283331394196,0.006220161449164152
miura_00681,0,1.0,1.0,24.0,24.0,9.0,9.0,0.0005103990552015603,0.0005804391694255173,0.0015561222098767757,0.0011233201948925853,0.0022244225256145,0.0010824373457580805,4192012544.0,1530890880.0,3259860992.0,3929553664.0,0.0003770944895222783,0.014960427768528461
miura_01782,15,1.0,1.0,30.0,36.0,12.0,12.0,0.0006063167238608003,0.0007108367281034589,0.0018632342107594013,0.001977173611521721,0.0010697671677917242,0.0017009646398946643,3630438912.0,3330271232.0,4121090560.0,4307183616.0,0.0007838763995096087,0.01067970972508192
miura_00050,9,1.0,1.0,36.0,24.0,9.0,9.0,0.0005407857825048268,0.0005232779658399522,0.0013915589079260826,0.0020443692337721586,0.0030456827953457832,0.0033288344275206327,2402313216.0,3857848064.0,1956545024.0,1002466624.0,0.001485947403125465,0.050444282591342926
miura_01385,11,1.0,1.0,36.0,36.0,12.0,12.0,0.0008668545633554459,0.0008604550966992974,0.0036944951862096786,0.005791341420263052,0.0013486496172845364,0.003506571287289262,1551513728.0,3629370368.0,4320318976.0,2758952448.0,0.001576213981024921,0.001576213981024921
miura_00536,1,1.0,1.0,24.0,24.0,9.0,9.0,0.0005635563866235316,0.000582768814638257,0.0024702020455151796,0.0025638993829488754,0.0035866128746420145,0.003558658529073,1350298496.0,1126662016.0,4172455936.0,4084461056.0,0.0028021736070513725,0.029885506257414818
miura_01866,12,1.0,1.0,24.0,30.0,6.0,6.0,0.0008164513856172562,0.0007657925016246736,0.0039857723750174046,0.00368781597353518,0.0019995945040136576,0.0024814798962324858,3341733888.0,3819082752.0,3219860480.0,4652099584.0,0.0011834092438220978,0.0011834092438220978
miura_01035,9,1.0,1.0,36.0,36.0,9.0,9.0,0.0007851322880014777,0.0007175006903707981,0.0018739429069682956,0.0017160522984340787,0.0013690703781321645,0.0011334880255162716,2103996032.0,2331318016.0,3637529088.0,4130164480.0,0.0026832460425794125,0.008412412367761135
miura_01938,4,1.0,1.0,24.0,30.0,12.0,12.0,0.0006013813544996083,0.0005703641218133271,0.002363292034715414,0.00154046097304672,0.001664530485868454,0.0011433945037424564,4132526592.0,2878629120.0,1031419712.0,2273512960.0,0.0020565760787576437,0.024452408775687218
miura_01109,7,1.0,1.0,36.0,36.0,9.0,9.0,0.000564437301363796,0.0005638300790451467,0.002895643236115575,0.0029949480667710304,0.001984852598980069,0.0015204108785837889,2543950080.0,1978339968.0,1809033984.0,1754484864.0,0.0009560716571286321,0.01033107191324234
miura_00748,6,1.0,1.0,24.0,24.0,12.0,12.0,0.0005724536022171378,0.0006681597442366183,0.005790260620415211,0.004827105440199375,0.003745495807379484,0.0026824302040040493,4766686720.0,1988553728.0,3856807168.0,4517202944.0,0.0017241224413737655,0.0038074557669460773
miura_00174,11,1.0,1.0,36.0,36.0,6.0,6.0,0.0009239120990969241,0.0009113305131904781,0.004973101895302534,0.004221841227263212,0.0021798978559672832,0.0016687694005668163,2724836352.0,1976702592.0,1504930816.0,1907692928.0,0.0009036312694661319,0.0035077978391200304
miura_00826,1,1.0,1.0,30.0,36.0,6.0,6.0,0.0009127932717092335,0.0009013252565637231,0.0014085646253079176,0.0012590832775458694,0.0035655945539474487,0.002895934274420142,4817690624.0,3518722816.0,3750853632.0,4949083648.0,0.0010360477026551962,0.014056880958378315
miura_00735,8,1.0,1.0,30.0,36.0,9.0,9.0,0.0009963520569726825,0.0009228394483216107,0.004679154604673386,0.005653575994074345,0.0018263082019984722,0.0026804532390087843,3669973504.0,4909835264.0,4663056896.0,4305494016.0,0.00982948113232851,0.00982948113232851
miura_01449,12,1.0,1.0,24.0,24.0,6.0,6.0,0.0006378452526405454,0.0008552009821869433,0.0051163011230528355,0.004488411825150251,0.003511447459459305,0.0031043803319334984,3153555968.0,1006209344.0,1798382720.0,2430730240.0,0.005586992483586073,0.00975365936756134
miura_01206,14,1.0,1.0,24.0,24.0,6.0,6.0,0.0005481219268403947,0.0007002750062383711,0.002822467591613531,0.0028352770023047924,0.0030870300251990557,0.002717753639444709,4407718912.0,1839857024.0,4771062784.0,4356376064.0,0.0007161478279158473,0.005403647664934397
miura_01898,4,1.0,1.0,30.0,36.0,9.0,9.0,0.0008183906320482492,0.0005876623908989131,0.005770000163465738,0.00466841459274292,0.002119841054081917,0.0017512488411739469,2091525760.0,3479080192.0,1267623808.0,2063048704.0,0.0021504992619156837,0.0031921658664941788
miura_00276,11,1.0,1.0,36.0,36.0,6.0,6.0,0.0008401605882681906,0.0007603117264807224,0.0012413000222295523,0.001000364194624126,0.0018598124152049422,0.0014413328608497977,4787672064.0,4467778560.0,2862870016.0,4006269696.0,0.002728287363424897,0.019915787503123283
miura_00024,13,1.0,1.0,30.0,30.0,12.0,12.0,0.0008620047010481358,0.0008941838168539107,0.0044092838652431965,0.00498769199475646,0.0031742355786263943,0.0038152553606778383,3485128448.0,3745138688.0,3814916352.0,3009783040.0,0.0004142026591580361,0.0004142026591580361
miura_01315,2,1.0,1.0,36.0,36.0,9.0,9.0,0.0008127771434374154,0.0007919884519651532,0.002319122664630413,0.0022485805675387383,0.0032681424636393785,0.0027803436387330294,4468523520.0,4141569792.0,4935539200.0,4784376832.0,0.0003314836649224162,0.004498150199651718
miura_00064,6,1.0,1.0,36.0,36.0,9.0,9.0,0.000677662726957351,0.0006234276224859059,0.005087495781481266,0.005535775329917669,0.0026938077062368393,0.0033857543021440506,2268282880.0,3222681600.0,3930679296.0,3799934720.0,0.009597052820026875,0.01011788658797741
miura_01988,14,1.0,1.0,30.0,36.0,6.0,6.0,0.0009025614126585424,0.0006044450565241277,0.00118062284309417,0.0011268429225310683,0.0015699678333476186,0.0013393161352723837,2134273664.0,4728779776.0,1708657536.0,2026470784.0,0.0009909740183502436,0.03172013908624649
miura_00189,5,1.0,1.0,24.0,30.0,6.0,6.0,0.0008136548567563295,0.0006502604810521007,0.00422325124964118,0.003436730708926916,0.0017283057095482945,0.001757057965733111,2303473408.0,3451110912.0,2573752832.0,4414589440.0,0.0011227319482713938,0.0011227319482713938
miura_01571,1,1.0,1.0,36.0,36.0,6.0,6.0,0.0006178471958264709,0.0005933840875513852,0.002349176211282611,0.002416076837107539,0.0013398876180872321,0.0013770306250080466,3154748160.0,3490090752.0,4186765056.0,4376914944.0,0.0005019803647883236,0.001022813725285232
miura_00909,1,1.0,1.0,30.0,24.0,9.0,9.0,0.0006866755429655313,0.0006153652793727815,0.0020377342589199543,0.0014568158658221364,0.00319901411421597,0.0010640887776389718,2230327552.0,1197163264.0,3322925056.0,3695777536.0,0.0007365835481323302,0.010111583396792412
miura_01741,8,1.0,1.0,30.0,36.0,6.0,6.0,0.0009958186419680715,0.0008397986530326307,0.004725967068225145,0.0029506823047995567,0.001549572218209505,0.0010009445250034332,4539608576.0,4307100672.0,1269608192.0,2816607744.0,0.004180433228611946,0.006784599740058184
miura_00354,13,1.0,1.0,36.0,36.0,12.0,12.0,0.0009821929270401597,0.0009215889149345458,0.002351833274587989,0.0018597969319671392,0.0015494981780648232,0.0011719848262146115,4593458688.0,4070381056.0,3310966016.0,4437669376.0,0.0019139283103868365,0.007643094751983881
miura_01528,4,1.0,1.0,36.0,36.0,6.0,6.0,0.0009886306943371892,0.0005984904710203409,0.0017933589406311512,0.0013191158650442958,0.0025468626990914345,0.0011971071362495422,1196248960.0,2798343424.0,1857116288.0,2725933056.0,0.0010432903654873371,0.01666828989982605
miura_00783,10,1.0,1.0,24.0,24.0,9.0,9.0,0.0007628461462445557,0.0008832686580717564,0.004725104197859764,0.004804342053830624,0.0014556137612089515,0.0013150661252439022,4635802624.0,2246107648.0,4806661120.0,4580545536.0,0.005768440663814545,0.005768440663814545
miura_01641,12,1.0,1.0,36.0,36.0,12.0,12.0,0.0008143646991811693,0.0006349971517920494,0.0030298987403512,0.0020520726684480906,0.002519935369491577,0.0013950654538348317,3606641408.0,4069587712.0,2746086400.0,4467288064.0,0.002395519521087408,0.0076038530096411705
miura_00197,7,1.0,1.0,30.0,36.0,9.0,9.0,0.0006798289250582457,0.0007087176200002432,0.004664244595915079,0.004393420182168484,0.0029113925993442535,0.0027966054622083902,3031994880.0,2032146432.0,3761084928.0,4442490368.0,0.002216310938820243,0.002216310938820243
miura_00466,13,1.0,1.0,36.0,36.0,9.0,9.0,0.0006788476603105664,0.0005820492515340447,0.0040364679880440235,0.004067335743457079,0.002423189114779234,0.00232694367878139,2795857408.0,3675843328.0,2803736064.0,3006100736.0,0.006318632047623396,0.007360298652201891
miura_00352,4,1.0,1.0,30.0,30.0,6.0,6.0,0.0006397851975634694,0.0006187562830746174,0.004273091908544302,0.0038162528071552515,0.002131551969796419,0.001500047161243856,3280124416.0,2545076992.0,3816280064.0,4095948032.0,0.000624696840532124,0.000624696840532124
miura_01015,14,1.0,1.0,30.0,36.0,6.0,6.0,0.0005761966458521783,0.0005289035616442561,0.0019871587865054607,0.0014352210564538836,0.0030918943230062723,0.001714025973342359,4500191744.0,2735957760.0,2671814400.0,4593450496.0,0.00047221643035300076,0.007763883098959923
miura_01224,1,1.0,1.0,24.0,24.0,9.0,9.0,0.0005029562162235379,0.0005629044608213007,0.0048276446759700775,0.004594446159899235,0.002313092350959778,0.002040873048827052,2134468224.0,1487139584.0,3446258688.0,3625289984.0,0.0030727109406143427,0.008281044661998749
miura_00433,15,1.0,1.0,24.0,24.0,9.0,9.0,0.0006316581275314093,0.0006336193182505667,0.0023959758691489697,0.0022239391691982746,0.0013839334715157747,0.0012002811999991536,1325227648.0,1059961536.0,1446291712.0,1788239616.0,0.0007273015799000859,0.013227301649749279
miura_00101,8,1.0,1.0,36.0,30.0,12.0,12.0,0.0006327475421130657,0.0006229063146747649,0.0020438076462596655,0.0011686451034620404,0.0028791604563593864,0.0011550417402759194,2779797760.0,1362685952.0,1575258240.0,2784941824.0,0.0009351301705464721,0.027497630566358566
miura_01655,0,1.0,1.0,36.0,30.0,12.0,9.0,0.000650957808829844,0.0007333984249271452,0.0013558815699070692,0.001207686378620565,0.0010731240035966039,0.0015651779249310493,3215266816.0,4069654528.0,2570276096.0,2876230400.0,0.0005184971960261464,0.030726831406354904
miura_00394,12,1.0,1.0,24.0,36.0,9.0,9.0,0.000820950954221189,0.0005761487991549075,0.00458410894498229,0.0023298393934965134,0.003061524126678705,0.0015977176371961832,4524217344.0,4357719552.0,1295585536.0,4590388224.0,0.001124416128732264,0.0026869161520153284
miura_01939,15,1.0,1.0,24.0,30.0,6.0,6.0,0.0009286241256631911,0.0008788449922576547,0.003859329968690872,0.0034007865469902754,0.0013292778749018908,0.0016168548027053475,1182153472.0,1089428736.0,1039822144.0,1815137920.0,0.0013281179126352072,0.003411451354622841
miura_00221,15,1.0,1.0,30.0,24.0,12.0,12.0,0.000650990114081651,0.0005364423850551248,0.001341747003607452,0.0014973311917856336,0.0028658495284616947,0.0025607352145016193,2200642304.0,4037957888.0,4065815808.0,2741897728.0,0.0005740559427067637,0.038074057549238205
miura_00990,11,1.0,1.0,24.0,24.0,6.0,6.0,0.0008881304529495537,0.0007974785403348505,0.004791873041540384,0.003729729913175106,0.00263966410420835,0.001539098797366023,3204588544.0,2467730688.0,2285556480.0,2914404608.0,0.0012514882255345583,0.0012514882255345583
miura_01127,4,1.0,1.0,24.0,24.0,9.0,9.0,0.0006741700926795602,0.0006453311070799828,0.002121119061484933,0.0014103887369856238,0.0024033132940530777,0.0010613781632855535,2703188224.0,1405912192.0,3101486080.0,4524652544.0,0.0007332577952183783,0.006462424527853727
miura_01052,14,1.0,1.0,36.0,36.0,12.0,12.0,0.0009288438013754785,0.000656580610666424,0.003564685583114624,0.0031382760498672724,0.00167295360006392,0.0013796385610476136,1925011328.0,4015142144.0,4008573184.0,4687694336.0,0.0008215990965254605,0.001342432457022369
miura_01978,1,1.0,1.0,30.0,30.0,12.0,12.0,0.0008447473519481719,0.0008895328501239419,0.0026495640631765127,0.002200334332883358,0.0024660758208483458,0.0024552952963858843,4129528576.0,3375665920.0,2977424384.0,3693898752.0,0.0007445199298672378,0.01324451994150877
miura_00857,8,1.0,1.0,30.0,30.0,12.0,12.0,0.0005758542683906853,0.0009235854377038777,0.0034551650751382113,0.0054587433114647865,0.0013417303562164307,0.003331537591293454,4389957632.0,2420215552.0,3747856128.0,2252941568.0,0.0005900257383473217,0.0005900257383473217
miura_00609,10,1.0,1.0,30.0,36.0,12.0,12.0,0.0008845995762385428,0.0008073645876720548,0.00396962882950902,0.0017602617153897882,0.003750524716451764,0.0014224306214600801,4838214144.0,2068679040.0,1531612928.0,4673613312.0,0.0010003498755395412,0.009854516945779324
miura_01257,13,1.0,1.0,30.0,36.0,9.0,9.0,0.0008237804868258536,0.0006865102332085371,0.005999229848384857,0.0052240085788071156,0.0038815198931843042,0.003448678180575371,1938436224.0,2377073920.0,3230984704.0,4285777408.0,0.0010812889086082578,0.0016021222108975053
miura_01519,9,1.0,1.0,30.0,24.0,12.0,12.0,0.0007176184444688261,0.0007754862308502197,0.0034164562821388245,0.002104872604832053,0.0038979288656264544,0.0011617980198934674,4724644864.0,1373755136.0,3900068608.0,4277797376.0,0.0016518000047653913,0.003214299911633134
miura_00743,9,1.0,1.0,36.0,36.0,9.0,9.0,0.000598049140535295,0.0005678050802089274,0.0025220143143087626,0.002083576750010252,0.0028755399398505688,0.0016335807740688324,3442608896.0,2125831168.0,3638153216.0,4528360448.0,0.0016312998486682773,0.004235466476529837
miura_01614,15,1.0,1.0,24.0,24.0,6.0,6.0,0.000576393271330744,0.000517122505698353,0.002104521496221423,0.0012956716818735003,0.003271490801125765,0.0011536472011357546,3745836800.0,1864298496.0,2062680576.0,3723766784.0,0.0015464313328266144,0.013004764914512634
miura_00954,11,1.0,1.0,24.0,30.0,6.0,6.0,0.0009463346796110272,0.0007970425649546087,0.0058472780510783195,0.005994380451738834,0.0019250293262302876,0.0033171470277011395,2278061312.0,4939374080.0,3112993024.0,4296744960.0,0.002281240886077285,0.002281240886077285
miura_00950,4,1.0,1.0,36.0,30.0,12.0,12.0,0.000610656919889152,0.0006261028465814888,0.0049196407198905945,0.005894714035093784,0.003013996407389641,0.0035440288484096527,3167493376.0,3333769472.0,4493667328.0,3324011776.0,0.009997304528951645,0.012080637738108635
miura_01637,15,1.0,1.0,36.0,24.0,6.0,6.0,0.0005327803082764149,0.0005165040493011475,0.0011040323879569769,0.0015484362374991179,0.0017737679881975055,0.0013801675522699952,2107337472.0,2920977408.0,3037783552.0,1454646144.0,0.0014609339414164424,0.023856766521930695
miura_00116,2,1.0,1.0,24.0,24.0,9.0,9.0,0.0005179897416383028,0.0007670842460356653,0.0037219759542495012,0.0035083109978586435,0.003598789218813181,0.0031165070831775665,4449307648.0,1006209344.0,3342650880.0,3574340608.0,0.0014124182052910328,0.00818325113505125
miura_00622,5,1.0,1.0,30.0,24.0,12.0,12.0,0.0008260561735369265,0.0009887090418487787,0.004193480592221022,0.004441772121936083,0.001072984072379768,0.0010597401997074485,4110313216.0,2749318912.0,2833242880.0,2433355776.0,0.0014863064279779792,0.0014863064279779792
miura_00840,6,1.0,1.0,24.0,24.0,6.0,6.0,0.0006509836530312896,0.0005547938635572791,0.00419569993391633,0.0031120346393436193,0.0028990197461098433,0.0014405273832380772,3366675200.0,2889109760.0,2873584640.0,3792697344.0,0.0014567699981853366,0.003019270021468401
miura_01789,4,1.0,1.0,36.0,36.0,12.0,12.0,0.0009389828774146736,0.0008754440350458026,0.004686426371335983,0.005443633999675512,0.0017629323992878199,0.002382113365456462,1799431296.0,2721433856.0,3095596800.0,2678277120.0,0.000861112552229315,0.000861112552229315
miura_01955,13,1.0,1.0,24.0,24.0,12.0,12.0,0.0006168424733914435,0.0009473198442719877,0.002589853247627616,0.0022596067283302546,0.0012179171899333596,0.0013276237295940518,4551100416.0,1355757312.0,1984035072.0,2477826560.0,0.002426875289529562,0.01076020859181881
miura_01979,12,1.0,1.0,30.0,36.0,6.0,6.0,0.0008289397228509188,0.0007502776570618153,0.00448527280241251,0.002237337874248624,0.0032819921616464853,0.0010622324189171195,4753927680.0,1768019200.0,1565670016.0,4143060736.0,0.0005594866815954447,0.0016011534025892615
miura_00464,0,1.0,1.0,30.0,30.0,6.0,6.0,0.0006192517466843128,0.0006242324598133564,0.00222760159522295,0.0018066937336698174,0.002263316186144948,0.001166447182185948,2421837568.0,1278804736.0,2907590144.0,3523448832.0,0.0016516486648470163,0.005297482013702393
miura_01573,9,1.0,1.0,24.0,24.0,6.0,6.0,0.0008619081345386803,0.0007658637478016317,0.003447819035500288,0.0035536016803234816,0.0035401745699346066,0.003310473170131445,2137791872.0,2907652608.0,3147776512.0,2904348672.0,0.0009461679728701711,0.001987834693863988
miura_00875,13,1.0,1.0,30.0,24.0,9.0,9.0,0.0005177939892746508,0.0006000559078529477,0.004551391117274761,0.005262271035462618,0.0035748793743550777,0.0033728189300745726,3056054272.0,2191810560.0,3434581760.0,2507686656.0,0.0035183364525437355,0.009768336080014706
miura_01304,2,1.0,1.0,30.0,30.0,9.0,9.0,0.0005562963197007775,0.0005399953806772828,0.0024386390578001738,0.002730634296312928,0.002141660777851939,0.0024850480258464813,1008128640.0,1053046336.0,1434336768.0,1191660032.0,0.0005173192475922406,0.03385065123438835
miura_00894,9,1.0,1.0,24.0,30.0,12.0,9.0,0.0006671043229289353,0.0005215444252826273,0.001833031652495265,0.001000364194624126,0.0012638664338737726,0.0019909092225134373,1190882304.0,3334946048.0,1072730624.0,4166016768.0,0.0005576883559115231,0.026599355041980743
miura_01482,12,1.0,1.0,36.0,36.0,12.0,12.0,0.0007489512790925801,0.0006677884957753122,0.0010646061273291707,0.001000364194624126,0.002764778910204768,0.0016134466277435422,2795276800.0,2480081664.0,3125132288.0,3144436480.0,0.0011216483544558287,0.04122581332921982
miura_01674,14,1.0,1.0,36.0,36.0,12.0,12.0,0.0007795001729391515,0.0009137576562352479,0.0013046931708231568,0.0012485304614529014,0.0013407866936177015,0.0014373695012181997,3352568576.0,2392937728.0,3476141312.0,3478608128.0,0.0028604993131011724,0.031506333500146866
miura_00355,2,1.0,1.0,36.0,36.0,9.0,9.0,0.0008846037089824677,0.0005384798860177398,0.005947615951299667,0.004586394410580397,0.001960515044629574,0.0011677502188831568,1766407936.0,4343150592.0,3736822528.0,4651173376.0,0.008940069004893303,0.008940069004893303
miura_00995,4,1.0,1.0,30.0,30.0,6.0,6.0,0.0009244483080692589,0.0007772546377964318,0.005330491345375776,0.004962059669196606,0.002812000922858715,0.0020634131506085396,2940744960.0,3686185728.0,3498553856.0,3551724800.0,0.00046069026575423777,0.00046069026575423777
miura_01810,1,1.0,1.0,30.0,36.0,12.0,12.0,0.0007042606011964381,0.0009855969110503793,0.004717984702438116,0.005129558499902487,0.0014954798389226198,0.00253856903873384,4765974016.0,2180913152.0,3085497344.0,3419937536.0,0.0014382849913090467,0.0014382849913090467
miura_00079,2,1.0,1.0,24.0,36.0,9.0,9.0,0.0009540278697386384,0.0008249760139733553,0.0020917984656989574,0.0018427022732794285,0.001699990127235651,0.002247055061161518,3021860096.0,4575198720.0,2876365056.0,4663789056.0,0.0014845976838842034,0.010859597474336624
miura_01065,3,1.0,1.0,24.0,24.0,9.0,9.0,0.0006275457562878728,0.0005857587093487382,0.0043122293427586555,0.0048906938172876835,0.003062285715714097,0.003605860285460949,1766815872.0,2477536512.0,3605238528.0,3192031232.0,0.003942991606891155,0.011755491606891155
miura_00033,12,1.0,1.0,24.0,30.0,9.0,9.0,0.0009317939402535558,0.0007664610748179257,0.0019335399847477674,0.0022113260347396135,0.0014879791997373104,0.003362898016348481,1362140416.0,3948097024.0,3663047936.0,4545140736.0,0.0011451765894889832,0.007395176682621241
miura_00908,14,1.0,1.0,24.0,30.0,6.0,6.0,0.0007464298978447914,0.00051982665900141,0.0016621886752545834,0.0011805194662883878,0.002595055615529418,0.0014795784372836351,1774453760.0,2204062208.0,2457640448.0,4731091456.0,0.0012075230479240417,0.011624190025031567
miura_01513,7,1.0,1.0,36.0,36.0,6.0,6.0,0.0006161491619423032,0.0005860024830326438,0.004515423439443111,0.0053227064199745655,0.0013083938974887133,0.0015781910624355078,3541429760.0,4673449472.0,2043395968.0,1792756224.0,0.0006443770253099501,0.0011652103858068585
miura_01496,0,1.0,1.0,24.0,24.0,6.0,6.0,0.0009391607018187642,0.0007384872296825051,0.00556101743131876,0.005994380451738834,0.001536833238787949,0.001641149865463376,1944735232.0,4738795520.0,4582476288.0,4315098624.0,0.004314516671001911,0.005356183275580406
miura_00351,0,1.0,1.0,24.0,36.0,6.0,6.0,0.0007286832551471889,0.0009060947340913117,0.0010479375487193465,0.001000364194624126,0.0018242541700601578,0.0031036764848977327,3241529600.0,1554394880.0,2384092160.0,3478443520.0,0.0018866362515836954,0.0305324699729681
miura_00164,7,1.0,1.0,24.0,24.0,12.0,12.0,0.0008599971770308912,0.00068051548441872,0.002959046047180891,0.0021202564239501953,0.002238457091152668,0.0013905861414968967,3389630464.0,4673380352.0,2899029248.0,3712988672.0,0.0028300064150243998,0.009080006740987301
miura_00204,5,1.0,1.0,36.0,36.0,9.0,9.0,0.0007815492572262883,0.0008766688406467438,0.0036773034371435642,0.0031796644907444715,0.0015028015477582812,0.0012381670530885458,4496537088.0,2332527104.0,1000512832.0,1384443136.0,0.003291715169325471,0.013708381913602352
miura_00821,15,1.0,1.0,36.0,36.0,6.0,6.0,0.0008586825570091605,0.0009993299609050155,0.0010720031568780541,0.001000364194624126,0.002544599585235119,0.00259315874427557,4537409024.0,2334447616.0,1388002944.0,1392690816.0,0.0009768626186996698,0.054101862013339996
miura_00282,14,1.0,1.0,30.0,24.0,6.0,6.0,0.0005261434125714004,0.0005922296550124884,0.0019813065882772207,0.001817822689190507,0.002343967091292143,0.0010009445250034332,3332627712.0,1391709440.0,2953126656.0,2526976000.0,0.0032283540349453688,0.008436687290668488
miura_00927,1,1.0,1.0,30.0,24.0,12.0,12.0,0.000672706461045891,0.0006929519586265087,0.00408680085092783,0.005470362026244402,0.0023093423806130886,0.0032231896184384823,1406897280.0,1974601472.0,1979937024.0,1268864640.0,0.0022327012848109007,0.0074410345405340195
miura_01875,4,1.0,1.0,24.0,30.0,9.0,9.0,0.0006117238663136959,0.0005716452142223716,0.004555719904601574,0.004317182116210461,0.001564749632962048,0.001724936068058014,2761059584.0,2911703040.0,3598032128.0,4418651648.0,0.0017144761513918638,0.0017144761513918638
miura_00375,9,1.0,1.0,36.0,36.0,9.0,9.0,0.0008782412623986602,0.0007787391077727079,0.0054664346389472485,0.005663703195750713,0.0016404284397140145,0.0015746403951197863,3746238464.0,4997448704.0,4808542720.0,4406863360.0,0.0021074549295008183,0.0021074549295008183
miura_01966,11,1.0,1.0,30.0,36.0,9.0,9.0,0.000834785052575171,0.0007106176344677806,0.0027565001510083675,0.0019404032500460744,0.0026109947357326746,0.0016168735455721617,4796139008.0,4350369792.0,3203183360.0,4996423680.0,0.0007391789695248008,0.004385012201964855
miura_00863,9,1.0,1.0,24.0,24.0,6.0,6.0,0.0009052260429598391,0.0008452018373645842,0.003405785420909524,0.003192563308402896,0.003517520148307085,0.0031055600848048925,2381528320.0,2532131840.0,2780705536.0,2929497344.0,0.0002302416251040995,0.0007510749856010079
miura_00992,2,1.0,1.0,24.0,24.0,6.0,6.0,0.0005654309061355889,0.0008304580114781857,0.005923339631408453,0.005765837151557207,0.0011450710007920861,0.0013672896893694997,3614540544.0,1432479872.0,3958986496.0,4441439744.0,0.00653770612552762,0.007579372730106115
miura_00598,0,1.0,1.0,24.0,30.0,6.0,6.0,0.0009660808718763292,0.0008223544573411345,0.0023421766236424446,0.0018179079052060843,0.001590682310052216,0.0018121408065780997,3147588608.0,4511248896.0,2831120128.0,4987412992.0,0.0007123630493879318,0.0017540297703817487
miura_01577,14,1.0,1.0,30.0,30.0,12.0,12.0,0.0009059165604412556,0.0009444411844015121,0.0015664056409150362,0.0012740545207634568,0.0013139357324689627,0.0012320248642936349,2806222848.0,2732377600.0,1069117952.0,1002466624.0,0.0024682239163666964,0.05403072386980057
miura_00219,12,1.0,1.0,36.0,36.0,9.0,9.0,0.0007375572458840907,0.0006725377170369029,0.005010621622204781,0.0047925980761647224,0.002443034667521715,0.002149732783436775,2749683456.0,2680588544.0,1804993280.0,2102477952.0,0.005231862422078848,0.006273529026657343
miura_01931,13,1.0,1.0,36.0,36.0,9.0,9.0,0.0006465079495683312,0.0005616298876702785,0.004647132474929094,0.003335540648549795,0.0036756787449121475,0.001858880976215005,3064859392.0,2114817536.0,3576630784.0,4935296512.0,0.004101578611880541,0.004622411914169788
miura_01963,6,1.0,1.0,30.0,30.0,9.0,9.0,0.0008115373202599585,0.0005711167468689382,0.00123569555580616,0.001229073735885322,0.003493929049000144,0.002635328797623515,2485201664.0,4997448704.0,3654914048.0,3445691904.0,0.0005043371929787099,0.03123350441455841
miura_00630,8,1.0,1.0,24.0,24.0,12.0,12.0,0.000511260936036706,0.0006069459486752748,0.00484237028285861,0.004717283882200718,0.0030457584653049707,0.0031277311500161886,2685342720.0,1510478848.0,3474162432.0,3760924160.0,0.0023747659288346767,0.012270599603652954
miura_01275,11,1.0,1.0,30.0,30.0,6.0,6.0,0.0007389980019070208,0.000637825345620513,0.005716185085475445,0.0057760681957006454,0.0025199956726282835,0.0019404724007472396,1796739968.0,2199000576.0,4800203776.0,4397064192.0,0.003897331189364195,0.004418164491653442
miura_00708,9,1.0,1.0,24.0,30.0,12.0,9.0,0.0007603130070492625,0.0009583777864463627,0.0010974863544106483,0.001000364194624126,0.0023668422363698483,0.0034643064718693495,4040384512.0,2371485696.0,1185867520.0,2462442240.0,0.0008256647852249444,0.05082566663622856
miura_00060,14,1.0,1.0,36.0,36.0,9.0,9.0,0.0009588032262399793,0.0008779583149589598,0.005900559946894646,0.005178062245249748,0.0015002819709479809,0.0014121198328211904,3669629696.0,3983023104.0,1136821376.0,1599388544.0,0.010583216324448586,0.01318738330155611
miura_00298,10,1.0,1.0,30.0,36.0,6.0,6.0,0.0008527454920113087,0.0008850438171066344,0.0030510297510772943,0.001965845003724098,0.0011329392436891794,0.0011547418544068933,4628899328.0,3159374848.0,1200167680.0,2848366848.0,0.003423011628910899,0.009152178652584553
miura_01161,15,1.0,1.0,30.0,36.0,12.0,12.0,0.0008258971502073109,0.0008131540380418301,0.0011620239820331335,0.001000364194624126,0.00136860110796988,0.00134571292437613,3514855936.0,3531719680.0,2598289920.0,2970238976.0,0.0024753445759415627,0.04153784364461899
miura_00074,14,1.0,1.0,30.0,36.0,6.0,6.0,0.000831982062663883,0.000679174845572561,0.0022021858021616936,0.0019315117970108986,0.0016532524023205042,0.0018294615438207984,2456844544.0,4165422592.0,3186091264.0,4781585408.0,0.00019451910338830203,0.00227785250172019
miura_00163,5,1.0,1.0,36.0,24.0,6.0,6.0,0.0005534386145882308,0.0005228634690865874,0.0022564169485121965,0.002421059412881732,0.0033831826876848936,0.0014060988323763013,1034587264.0,1006209344.0,4739133440.0,2859187456.0,0.004133014008402824,0.019237181171774864
miura_01317,3,1.0,1.0,30.0,24.0,12.0,12.0,0.0008923832792788744,0.000975817849393934,0.0039605204947292805,0.003308527870103717,0.001986896153539419,0.0010917192557826638,4760563712.0,2490135296.0,2048033792.0,2040110336.0,0.0010397180449217558,0.004685551393777132
miura_01549,10,1.0,1.0,24.0,24.0,12.0,12.0,0.0007739324937574565,0.0009014107054099441,0.005958880763500929,0.004918538499623537,0.002054669428616762,0.0014614172978326678,4520492544.0,1832613120.0,1813435648.0,2295827456.0,0.0024133825208991766,0.0024133825208991766
miura_00550,10,1.0,1.0,30.0,30.0,6.0,6.0,0.0009696680936031044,0.0008099355618469417,0.004138435702770948,0.0027810214087367058,0.0038394059520214796,0.0014067123411223292,4103891712.0,2656401664.0,2833376256.0,3848695296.0,0.0005883789272047579,0.0005883789272047579
miura_01993,11,1.0,1.0,30.0,36.0,9.0,9.0,0.0007191168842837214,0.0006137005984783173,0.003972082398831844,0.003508908674120903,0.0010348469950258732,0.0010009445250034332,2631096832.0,3120500992.0,2000644864.0,2914784768.0,0.0027471210341900587,0.004309621173888445
miura_01054,0,1.0,1.0,36.0,30.0,9.0,9.0,0.000963016354944557,0.0005651370738632977,0.001768796006217599,0.0013664200669154525,0.0029809914994984865,0.0010713298106566072,1274554880.0,2723831552.0,4045229568.0,4196254976.0,0.0021216697059571743,0.009413336403667927
miura_01523,6,1.0,1.0,30.0,36.0,6.0,6.0,0.0008085167501121759,0.0007144288974814117,0.003247912973165512,0.0022189284209161997,0.0013553703902289271,0.0010009445250034332,4520665600.0,4035215872.0,2287486208.0,4413928960.0,0.0004521743394434452,0.001493841060437262
miura_00046,12,1.0,1.0,36.0,36.0,12.0,12.0,0.0006611418793909252,0.0007386638899333775,0.005176155362278223,0.0033545601181685925,0.0037763819564133883,0.001515356358140707,4268679168.0,1091223808.0,1437046016.0,2263264768.0,0.000794297200627625,0.004960963968187571
miura_01408,0,1.0,1.0,24.0,24.0,9.0,9.0,0.0009303106926381588,0.0006965606007725,0.0033925699535757303,0.002723090350627899,0.002269013784825802,0.0013651243643835187,1100492800.0,1567834112.0,3405639680.0,4260468736.0,0.00207601604051888,0.00207601604051888
miura_01102,5,1.0,1.0,24.0,30.0,9.0,9.0,0.0008069034083746374,0.0005179543513804674,0.003174741752445698,0.002129129832610488,0.0018653047736734152,0.001211440423503518,1037531584.0,1959698560.0,1171583360.0,2724602624.0,0.002745302626863122,0.010557802394032478
miura_00430,4,1.0,1.0,36.0,36.0,6.0,6.0,0.0008751032291911542,0.0008235926507040858,0.003975753206759691,0.004289117641746998,0.0022738194093108177,0.002526313764974475,1891333376.0,2477641728.0,4761364992.0,4398261248.0,0.00027303959359414876,0.00027303959359414876
miura_01342,6,1.0,1.0,30.0,30.0,9.0,9.0,0.0007969092112034559,0.0006043792818672955,0.002363970736041665,0.0014835383044555783,0.002497552428394556,0.0010055128950625658,1496373632.0,1559899136.0,1094407552.0,2004909824.0,0.0008529566694051027,0.019082123413681984
miura_00077,2,1.0,1.0,30.0,36.0,9.0,9.0,0.000997460330836475,0.0007851207046769559,0.0028024697676301003,0.001992339501157403,0.0015999426832422614,0.0011507300660014153,1536474624.0,1863953024.0,1974467456.0,3749390848.0,0.0009284709813073277,0.006136804353445768
miura_01917,11,1.0,1.0,36.0,36.0,9.0,9.0,0.0009138056193478405,0.0007609734893776476,0.0038874803576618433,0.003302213503047824,0.00155925122089684,0.001028007478453219,3451554560.0,3741634560.0,1741137408.0,2237462272.0,0.0031098565086722374,0.007797356694936752
miura_01910,7,1.0,1.0,36.0,30.0,9.0,9.0,0.0009812512435019016,0.0009332344052381814,0.0032037643250077963,0.00351259158924222,0.003353502368554473,0.0028072844725102186,4026338304.0,4403857408.0,4646287360.0,3244331520.0,0.000597697333432734,0.0021601973567157984
miura_01594,11,1.0,1.0,36.0,36.0,12.0,12.0,0.0006368425092659891,0.000757523812353611,0.004807145334780216,0.0056059774942696095,0.002613939344882965,0.0037364850286394358,3852137984.0,2973662976.0,2403781120.0,2144516736.0,0.000591923191677779,0.001633589854463935
miura_00473,6,1.0,1.0,36.0,36.0,6.0,6.0,0.0008567004697397351,0.0007054632878862321,0.005817256402224302,0.0038480048533529043,0.0036377659998834133,0.001528182183392346,3123034112.0,2411779840.0,2983720448.0,4547497472.0,0.0004917910555377603,0.0004917910555377603
miura_01140,14,1.0,1.0,30.0,30.0,6.0,6.0,0.0009250123985111713,0.000716525421012193,0.005318382754921913,0.004948869347572327,0.003902596654370427,0.002887141425162554,2067896576.0,3429871104.0,3422885888.0,3497498112.0,0.001141048502177,0.0016618818044662476
miura_01935,3,1.0,1.0,36.0,36.0,6.0,6.0,0.0008487990708090365,0.0009025312610901892,0.0018405889859423041,0.0013862882042303681,0.002669878536835313,0.0022136883344501257,2329887232.0,1357175936.0,1004809920.0,1825762304.0,0.0008785402751527727,0.03160770609974861
miura_00820,11,1.0,1.0,36.0,36.0,12.0,12.0,0.0009638238116167486,0.0007561047095805407,0.0015659896889701486,0.0017094948561862111,0.0027529248036444187,0.002879505744203925,1899452544.0,4213588224.0,4836647936.0,4520164864.0,0.0020210498478263617,0.022854384034872055
miura_00031,4,1.0,1.0,24.0,24.0,9.0,9.0,0.0005393162718974054,0.0006251598242670298,0.002051729243248701,0.0015126486541703343,0.0013891961425542831,0.0010009445250034332,2904807168.0,1257479680.0,1230036352.0,2180241152.0,0.0008216792484745383,0.015925845131278038
miura_01092,7,1.0,1.0,36.0,30.0,6.0,6.0,0.000544475857168436,0.0007052269647829235,0.0021932197269052267,0.0026352882850915194,0.0032009179703891277,0.0024931267835199833,3301400064.0,1338834432.0,4008627200.0,2522738688.0,0.0011094382498413324,0.007880271412432194
miura_00928,3,1.0,1.0,24.0,30.0,12.0,12.0,0.0007655868539586663,0.0005786191904917359,0.0018746561836451292,0.001000364194624126,0.0038599867839366198,0.001418955042026937,2032195584.0,1631256960.0,1013056192.0,2694017536.0,0.000868055154569447,0.04097222164273262
miura_01649,2,1.0,1.0,36.0,30.0,12.0,12.0,0.0009328184532932937,0.0009052482200786471,0.001644811942242086,0.0010252251522615552,0.003573799505829811,0.0012358049862086773,3348199168.0,1697150464.0,2500207616.0,2664112640.0,0.0017491824692115188,0.03664501756429672
miura_00804,11,1.0,1.0,24.0,36.0,12.0,12.0,0.0006441473378799856,0.0009220356005243957,0.004324712324887514,0.004207587335258722,0.0012806396698579192,0.0028384095057845116,1990457472.0,1006209344.0,1181805696.0,2211453952.0,0.0005081358831375837,0.003112302627414465
miura_01242,3,1.0,1.0,24.0,24.0,12.0,12.0,0.0009468411444686353,0.0009424709132872522,0.0037532912101596594,0.0037474550772458315,0.00256457575596869,0.0029173814691603184,3460658432.0,4109380608.0,3195858944.0,2759035392.0,0.0023771673440933228,0.00498133385553956
miura_01225,13,1.0,1.0,36.0,36.0,6.0,6.0,0.000874533609021455,0.0007129601435735822,0.0011876210337504745,0.001000364194624126,0.003016124479472637,0.0013529220595955849,4893813760.0,4480124416.0,4646345728.0,4980196864.0,0.003184341825544834,0.012559342198073864
miura_01551,0,1.0,1.0,30.0,36.0,9.0,9.0,0.0006219205097295344,0.0005743119399994612,0.004207633901387453,0.0028461117763072252,0.0016728449845686555,0.0010890407720580697,4567889920.0,2823274496.0,2344335616.0,4716791296.0,0.002591990400105715,0.002591990400105715
miura_01568,12,1.0,1.0,30.0,36.0,9.0,9.0,0.000645599327981472,0.0006823340081609786,0.004299856256693602,0.0055941143073141575,0.0015074806287884712,0.0035395226441323757,1389873920.0,2083654144.0,3377500416.0,3404331008.0,0.00199010013602674,0.003031766740605235
miura_01322,5,1.0,1.0,30.0,24.0,12.0,12.0,0.0007023259531706572,0.0007621365948580205,0.0013768121134489775,0.001000364194624126,0.0025528219994157553,0.001177378697320819,3306035200.0,1495781504.0,2794822656.0,3106271488.0,0.0018961557652801275,0.03158365562558174
miura_01574,11,1.0,1.0,36.0,30.0,12.0,12.0,0.0006553921266458929,0.0005288757383823395,0.002253161510452628,0.0017901279497891665,0.0025536962784826756,0.00136387231759727,2512427776.0,2869176064.0,2873140992.0,3228013824.0,0.001417540479451418,0.013917540200054646
miura_00045,6,1.0,1.0,36.0,36.0,12.0,12.0,0.0008903614361770451,0.0007274133386090398,0.0024406411685049534,0.0021061422303318977,0.0015802988782525063,0.0013947597471997142,2646374144.0,4419863040.0,3842014208.0,4605829632.0,0.002795821288600564,0.00800415500998497
miura_01165,2,1.0,1.0,24.0,24.0,6.0,6.0,0.0005719990585930645,0.0007415729924105108,0.005339186172932386,0.005523596424609423,0.0017476310022175312,0.001980495173484087,2820518912.0,1229752960.0,3366589440.0,3345704704.0,0.0015235330210998654,0.00308603304438293
miura_00169,1,1.0,1.0,30.0,30.0,6.0,6.0,0.0009414129890501499,0.0006377741228789091,0.0017356907483190298,0.0015212212456390262,0.002311928430572152,0.0019079851917922497,1703925504.0,4261950208.0,3714340352.0,4952692736.0,0.0012191850692033768,0.004865018185228109
miura_00304,11,1.0,1.0,36.0,30.0,9.0,9.0,0.000666433887090534,0.0005437273648567498,0.0022152522578835487,0.0017296216683462262,0.0025929578114300966,0.0011886360589414835,2044691328.0,2019020928.0,1489098368.0,1930852480.0,0.0009237581980414689,0.01863209158182144
miura_00325,2,1.0,1.0,36.0,36.0,9.0,9.0,0.000681139063090086,0.0005608958890661597,0.005683877971023321,0.005528070963919163,0.0032830724958330393,0.003184170462191105,1366089728.0,2372716800.0,4409042432.0,4362145792.0,0.007169617339968681,0.009773784317076206
miura_00415,14,1.0,1.0,30.0,30.0,9.0,9.0,0.0005646042991429567,0.0005625513149425387,0.003189679468050599,0.004978645127266645,0.0020768726244568825,0.003698302898555994,1917436160.0,3684907008.0,2942276352.0,1816467200.0,0.0030327944550663233,0.009803627617657185
miura_01925,5,1.0,1.0,30.0,30.0,6.0,6.0,0.0006976685835979879,0.0006680636433884501,0.0034779272973537445,0.002740411553531885,0.0038546572905033827,0.0020454467739909887,2029148288.0,1138299776.0,2959459840.0,3716816896.0,0.0008115092059597373,0.006019842345267534
miura_00944,4,1.0,1.0,36.0,36.0,6.0,6.0,0.0007581602549180388,0.0006205947138369083,0.004298052750527859,0.003073066705837846,0.0031837504357099533,0.0014420441584661603,2422014976.0,2013002112.0,2189275392.0,3295010048.0,0.0015561352483928204,0.0025978018529713154
miura_00757,9,1.0,1.0,36.0,36.0,6.0,6.0,0.0007980645168572664,0.000965444662142545,0.003142294241115451,0.0031498668249696493,0.0031417012214660645,0.0030019504483789206,2696088320.0,1279775360.0,2032825856.0,2072784512.0,0.0005395429907366633,0.0036645429208874702
miura_00488,11,1.0,1.0,30.0,24.0,12.0,9.0,0.000544243142940104,0.000543781672604382,0.001785798231139779,0.001000364194624126,0.0037307359743863344,0.002250554971396923,3693882880.0,2887742720.0,1286384128.0,2939400448.0,0.00093363894848153,0.04468363896012306
miura_01328,13,1.0,1.0,36.0,36.0,6.0,6.0,0.0005233140545897186,0.0007538676727563143,0.0012234385358169675,0.0014375302707776427,0.0033580302260816097,0.0035499015357345343,3001763072.0,1006209344.0,1582288896.0,1244669952.0,0.0008115351083688438,0.049249034374952316
miura_00941,11,1.0,1.0,36.0,24.0,9.0,9.0,0.0007767637143842876,0.0005294865695759654,0.0017181705916300416,0.0020025167614221573,0.0033117332495748997,0.0021762708202004433,1597600000.0,4680382976.0,1644052608.0,1063457344.0,0.001872702152468264,0.037289369851350784
miura_01770,11,1.0,1.0,24.0,24.0,12.0,12.0,0.000595088058616966,0.0005984531599096954,0.0053117601200938225,0.005313747562468052,0.0025817283894866705,0.0024189758114516735,4205746176.0,3499339776.0,4923129344.0,4532518912.0,0.0032290155068039894,0.0042706821113824844
miura_00938,14,1.0,1.0,36.0,36.0,9.0,9.0,0.0009337671217508614,0.000900830258615315,0.004418608266860247,0.005643525160849094,0.001095219748094678,0.0017356981988996267,2218136576.0,3658680064.0,1980800384.0,1701393024.0,0.006886008195579052,0.008448508568108082
miura_00808,6,1.0,1.0,36.0,24.0,9.0,9.0,0.0007123094983398914,0.0006064515910111368,0.0025325536262243986,0.003544750390574336,0.003526192158460617,0.0029333592392504215,1648701440.0,3037586688.0,4283129088.0,1917710848.0,0.003154552076011896,0.010446218773722649
miura_01075,14,1.0,1.0,30.0,36.0,6.0,6.0,0.0005846300045959651,0.0006979865720495582,0.005892506334930658,0.005623307544738054,0.0011836596531793475,0.0017699998570606112,4921888256.0,3407451904.0,3062536704.0,4196960256.0,0.004701168276369572,0.004701168276369572
miura_00367,5,1.0,1.0,36.0,24.0,12.0,12.0,0.0008466473664157093,0.000931807211600244,0.003323495155200362,0.003978741820901632,0.0015853486256673932,0.001303363242186606,4433617920.0,3791720192.0,3655097856.0,2024151168.0,0.0019461571937426925,0.004550323821604252
miura_00186,7,1.0,1.0,36.0,24.0,6.0,6.0,0.0006975028081797063,0.0005811363225802779,0.001966628711670637,0.001540937228128314,0.00341373891569674,0.0010487769031897187,1547025920.0,1264888064.0,1683499264.0,1678728064.0,0.0017880832310765982,0.017413083463907242
miura_00639,12,1.0,1.0,24.0,24.0,12.0,12.0,0.0005061640404164791,0.0005650293314829469,0.005772181786596775,0.005829631816595793,0.0030228367540985346,0.00295845465734601,4497234432.0,3235690496.0,1696480000.0,1760066816.0,0.003990931436419487,0.008157597854733467
miura_01442,0,1.0,1.0,36.0,36.0,9.0,9.0,0.0007439821492880583,0.0007732617086730897,0.002427755855023861,0.002005241811275482,0.0022630535531789064,0.0012184921652078629,3672879872.0,1734509056.0,2962875648.0,3548509952.0,0.000980946933850646,0.006710113491863012
miura_01204,4,1.0,1.0,36.0,36.0,12.0,12.0,0.0009009857312776148,0.0006116560543887317,0.0037027515936642885,0.0021794794593006372,0.003999765962362289,0.0013857993762940168,3616302848.0,3954381056.0,2946070528.0,4740853760.0,0.0006969323731027544,0.003821932477876544
miura_00592,5,1.0,1.0,24.0,24.0,12.0,12.0,0.0008161823498085141,0.0008379427599720657,0.004606898408383131,0.00430953036993742,0.0017714748391881585,0.0016524133970960975,3278968832.0,2578234112.0,4729140224.0,4996423680.0,0.003434445708990097,0.003434445708990097
miura_01244,13,1.0,1.0,24.0,24.0,12.0,12.0,0.0007057696930132806,0.0005500712431967258,0.0016190981259569526,0.0010336966952309012,0.003533136798068881,0.002026218455284834,1758007936.0,2119724672.0,1173705728.0,1615906944.0,0.0005671958206221461,0.06306719779968262
miura_00709,2,1.0,1.0,30.0,36.0,9.0,9.0,0.0005953993531875312,0.0007832038681954145,0.003479120321571827,0.00302343862131238,0.0031811909284442663,0.0026044207625091076,4720691200.0,1401341312.0,3794138112.0,4797672448.0,0.0013465610099956393,0.0013465610099956393
miura_01135,11,1.0,1.0,24.0,24.0,12.0,12.0,0.0009175913874059916,0.000919271435122937,0.0042225937359035015,0.004405737854540348,0.003767267568036914,0.0038165028672665358,3225771520.0,3414282240.0,4655810560.0,3890514432.0,0.0008384076063521206,0.0008384076063521206
miura_01601,1,1.0,1.0,36.0,36.0,6.0,6.0,0.0009400772978551686,0.0007636130903847516,0.00202844082377851,0.001687613781541586,0.0020354583393782377,0.0012744771083816886,3672367360.0,4086502912.0,1875728640.0,2268805632.0,0.0007682378054596484,0.015872403979301453
miura_01912,0,1.0,1.0,24.0,24.0,6.0,6.0,0.000808390264865011,0.0006535510183311999,0.0049318792298436165,0.0033314903266727924,0.003963554743677378,0.0017735928995534778,4552118272.0,3854524928.0,2852254720.0,4348976640.0,0.000984590849839151,0.000984590849839151
miura_01933,9,1.0,1.0,30.0,30.0,12.0,12.0,0.0008921396802179515,0.0009428334305994213,0.00421842560172081,0.004908744711428881,0.0012040581787005067,0.0017449851147830486,2054158848.0,2214144768.0,4985808896.0,4322308608.0,0.0030728529673069715,0.0030728529673069715
miura_01366,4,1.0,1.0,30.0,24.0,6.0,6.0,0.0005187548813410103,0.0005271839909255505,0.002679252764210105,0.002468421123921871,0.0031626319978386164,0.0014161586295813322,1510982784.0,1006209344.0,3283123200.0,2896907008.0,0.004159535281360149,0.018222035840153694
miura_00978,7,1.0,1.0,36.0,30.0,9.0,9.0,0.0006634145393036306,0.0005931688938289881,0.004180638585239649,0.004482035990804434,0.0036091667134314775,0.0024067445192486048,2572571136.0,2918976512.0,1962553216.0,1495009792.0,0.003924811724573374,0.008612311445176601
miura_00176,9,1.0,1.0,36.0,24.0,9.0,9.0,0.0005977592663839459,0.0005241688340902328,0.0017320484621450305,0.001755033154040575,0.0034190802834928036,0.002034834586083889,1041519744.0,1023691712.0,2338871040.0,1646906368.0,0.0008234359556809068,0.04457343742251396
miura_00482,13,1.0,1.0,24.0,36.0,12.0,12.0,0.0009197799954563379,0.0007814683485776186,0.004335884470492601,0.001967828022316098,0.0020096979569643736,0.0012737441575154662,4150321152.0,3117217024.0,1183169920.0,4599882752.0,0.0043411860242486,0.01007035281509161
miura_01230,1,1.0,1.0,30.0,36.0,9.0,9.0,0.0007499965140596032,0.0005892619374208152,0.0024940024595707655,0.002536099636927247,0.0015588270034641027,0.0020390681456774473,1970159488.0,4235556608.0,3688067584.0,4823991296.0,0.0012217536568641663,0.0017425869591534138
miura_01611,6,1.0,1.0,36.0,30.0,12.0,12.0,0.0005438729422166944,0.0008405254920944571,0.0034258700907230377,0.004980764351785183,0.0024010883644223213,0.0036454228684306145,1942349696.0,1006209344.0,2949627904.0,1800281856.0,0.0030551590025424957,0.008784325793385506
miura_00124,5,1.0,1.0,36.0,30.0,9.0,9.0,0.0007728326600044966,0.0005167907802388072,0.0012617682805284858,0.001087440992705524,0.0020502342376857996,0.001174110802821815,1091875968.0,2778752000.0,3782055168.0,3582159360.0,0.002580364001914859,0.019247030839323997
miura_00362,9,1.0,1.0,36.0,30.0,6.0,6.0,0.0005821702652610838,0.000605342851486057,0.0020428805146366358,0.002142257522791624,0.002234638901427388,0.0014043612172827125,1625373952.0,1079783808.0,4186917376.0,3294923520.0,0.0029088289011269808,0.009158829227089882
miura_01285,6,1.0,1.0,30.0,36.0,12.0,12.0,0.0009286171989515424,0.0009344428544864058,0.005656168796122074,0.005185621324926615,0.0018818876706063747,0.002327488735318184,4116906240.0,3957576960.0,1150790272.0,1647486208.0,0.0006548720994032919,0.0048215389251708984
miura_00563,8,1.0,1.0,36.0,36.0,9.0,9.0,0.0009150700061582029,0.000957499782089144,0.004053483717143536,0.004566437564790249,0.001069176709279418,0.0013048382243141532,2343746816.0,2267773440.0,3989663232.0,3434326272.0,0.0024788258597254753,0.0024788258597254753
miura_01020,4,1.0,1.0,30.0,36.0,6.0,6.0,0.0007098398054949939,0.0008693275158293545,0.0044460478238761425,0.005307142622768879,0.002011230681091547,0.00329571426846087,1396493952.0,1006209344.0,1574072064.0,1762822144.0,0.003110327757894993,0.006756160873919725
miura_00528,9,1.0,1.0,30.0,36.0,9.0,9.0,0.000945978332310915,0.0007454320439137518,0.005976813845336437,0.0046143424697220325,0.0034920834004878998,0.0025110358837991953,3880148480.0,4345077760.0,1884430464.0,2917160192.0,0.002841895679011941,0.0033627289813011885
miura_00485,13,1.0,1.0,24.0,24.0,9.0,9.0,0.0009638680494390428,0.000793647428508848,0.005270417779684067,0.005492326337844133,0.0012034605024382472,0.0010594431078061461,3148336128.0,4997448704.0,4854355456.0,4116253184.0,0.004245573189109564,0.005808073095977306
miura_00332,12,1.0,1.0,24.0,36.0,9.0,9.0,0.00060271006077528,0.0005769815179519355,0.00556673388928175,0.0038683500606566668,0.0029834159649908543,0.002507008844986558,3042854912.0,1891495296.0,1175138304.0,2836650752.0,0.0065166461281478405,0.010683313012123108
miura_01653,1,1.0,1.0,30.0,30.0,9.0,9.0,0.0005962354480288923,0.000802894588559866,0.003485702211037278,0.004051310941576958,0.002601551590487361,0.0032052728347480297,2390145024.0,1069341760.0,3537891840.0,3103079936.0,0.0046693105250597,0.007794310338795185
miura_00195,1,1.0,1.0,24.0,24.0,9.0,9.0,0.0008751957211643457,0.0007471403805539012,0.005698380991816521,0.004946625791490078,0.0018383162096142769,0.001358036301098764,1989227520.0,1959228800.0,3786354688.0,4300829184.0,0.004732334986329079,0.004732334986329079
miura_01737,5,1.0,1.0,24.0,30.0,9.0,9.0,0.0009391673956997693,0.0006766284932382405,0.0035530682653188705,0.0023931856267154217,0.0031061156187206507,0.0019752951338887215,1751513216.0,2394426112.0,2381090816.0,4624147968.0,0.00034163016243837774,0.0013832967961207032
miura_00497,8,1.0,1.0,24.0,24.0,9.0,9.0,0.0009290976449847221,0.0008135235984809697,0.004310991615056992,0.003541876096278429,0.0022985385730862617,0.0014812309527769685,3351542784.0,3258548992.0,3869134336.0,4663390208.0,0.0006639203638769686,0.0006639203638769686
miura_01714,3,1.0,1.0,30.0,24.0,12.0,12.0,0.0005826219567097723,0.0008499735849909484,0.0011916146613657475,0.0012529067462310195,0.00120300124399364,0.0012026013573631644,3716171776.0,1538253568.0,4930058752.0,3319045888.0,0.0011816284386441112,0.024098295718431473
miura_00323,1,1.0,1.0,36.0,36.0,12.0,12.0,0.0005451991455629468,0.0008913247147575021,0.0049466947093605995,0.005573188420385122,0.0012050071964040399,0.002024385379627347,4616155648.0,1589266688.0,1412337408.0,1527873024.0,0.0022501845378428698,0.0043335179798305035
miura_01915,10,1.0,1.0,36.0,30.0,6.0,6.0,0.0009118820307776332,0.0007547765853814781,0.0022487014066427946,0.0018612968269735575,0.002689698012545705,0.0013271626085042953,4903031296.0,4706933760.0,1297560704.0,1464117888.0,0.0022500345949083567,0.021520867943763733
miura_00267,0,1.0,1.0,36.0,30.0,9.0,9.0,0.0005279905162751675,0.0005863966653123498,0.002048179041594267,0.002594713354483247,0.0014292517444118857,0.0012128185480833054,2359115264.0,1758533376.0,2890373120.0,1828536576.0,0.0011190589284524322,0.008410725742578506
miura_01609,13,1.0,1.0,30.0,24.0,12.0,12.0,0.0008462389232590795,0.0005986833712086082,0.0033402976114302874,0.002661522477865219,0.0021427134051918983,0.0011528540635481477,1905174912.0,3289838592.0,3464826112.0,3616145408.0,0.001724486006423831,0.0022453193087130785
miura_01431,2,1.0,1.0,30.0,30.0,12.0,12.0,0.0006954612908884883,0.0007509732386097312,0.00524463364854455,0.00596361979842186,0.002947096014395356,0.003803833154961467,3960857088.0,3664374528.0,4998949888.0,4214583296.0,0.0021065690089017153,0.0021065690089017153
miura_00068,15,1.0,1.0,36.0,36.0,6.0,6.0,0.0007046975078992546,0.0007164757698774338,0.005042938981205225,0.005044486373662949,0.0017892864998430014,0.0018598890164867043,4484177920.0,3788625920.0,1728041856.0,1853343744.0,0.0006052067619748414,0.0021677068434655666
miura_00951,9,1.0,1.0,24.0,24.0,9.0,9.0,0.0009415362146683037,0.0007767556235194206,0.0033575764391571283,0.0027180861216038465,0.0027956331614404917,0.0018850680207833648,2736795904.0,3212749312.0,3322996736.0,4042598144.0,0.00024420712725259364,0.0007650404586456716
miura_00537,11,1.0,1.0,30.0,30.0,12.0,12.0,0.0007493375451304018,0.0008100703707896173,0.00464309798553586,0.003838991280645132,0.003705026814714074,0.002928453264757991,1589998080.0,1006209344.0,1475997696.0,2002099712.0,0.0016799519071355462,0.008450785651803017
miura_00676,11,1.0,1.0,24.0,30.0,6.0,6.0,0.0007707172771915793,0.0006685382686555386,0.0013259380357339978,0.001000364194624126,0.003638672176748514,0.0024809858296066523,3694818816.0,2578525440.0,2235065088.0,3833565696.0,0.0010793973924592137,0.027121063321828842
miura_00480,11,1.0,1.0,30.0,36.0,9.0,9.0,0.0007582518737763166,0.0007060064235702157,0.0018943322356790304,0.0013479270273819566,0.0018373536877334118,0.001046828692778945,3833048064.0,2333118464.0,1900346752.0,3219019264.0,0.0014338437467813492,0.01705884374678135
miura_01675,13,1.0,1.0,24.0,24.0,12.0,12.0,0.0005087100435048342,0.0005893706693314016,0.001826409948989749,0.001364681520499289,0.0017469276208430529,0.0013688247418031096,3047216896.0,1638247040.0,2432495104.0,3387800832.0,0.00032440514769405127,0.02428273856639862
miura_01742,3,1.0,1.0,24.0,24.0,9.0,9.0,0.0005802306695841253,0.0006793923093937337,0.005336687434464693,0.005131263751536608,0.003758909646421671,0.003459509462118149,2531175936.0,1327531392.0,2428934656.0,2726960896.0,0.005420685280114412,0.01219151820987463
miura_00452,10,1.0,1.0,24.0,24.0,12.0,12.0,0.0007446168456226587,0.0006304497946985066,0.00368712330237031,0.002278110943734646,0.0035740386229008436,0.0014575707027688622,4335107072.0,3256495104.0,3447132416.0,4750264320.0,0.0029395236633718014,0.003460356965661049
miura_00545,7,1.0,1.0,36.0,30.0,9.0,6.0,0.000955709838308394,0.0009254445903934538,0.001439747167751193,0.001000364194624126,0.0031912410631775856,0.0035005530808120966,1810654336.0,2382451200.0,1870310016.0,2634266368.0,0.0029337743762880564,0.04199627414345741
miura_01758,5,1.0,1.0,30.0,24.0,12.0,12.0,0.0008639083243906498,0.0009580450714565814,0.001976769184693694,0.002154500922188163,0.0011734165018424392,0.0011740922927856445,4019525120.0,3282398720.0,2222190848.0,1725889280.0,0.0037430524826049805,0.02249305322766304
miura_01816,7,1.0,1.0,24.0,30.0,6.0,6.0,0.0007233086507767439,0.000597484759055078,0.0021572767291218042,0.0015719890361651778,0.001896386849693954,0.0016056073363870382,2941687808.0,3317161216.0,1969077760.0,4200930560.0,0.0005163956666365266,0.004162229131907225
miura_01708,3,1.0,1.0,30.0,24.0,12.0,12.0,0.0005713896825909615,0.0005242428160272539,0.0030442497227340937,0.003240155288949609,0.003887853352352977,0.002843019086867571,3692931840.0,4096212992.0,4216816640.0,3001836800.0,0.0009145347867161036,0.00872703455388546
miura_00696,11,1.0,1.0,36.0,36.0,9.0,9.0,0.0009501914028078318,0.00093024258967489,0.005357310641556978,0.004934173077344894,0.0013168839504942298,0.0013951072469353676,4079322112.0,4412584448.0,1198392704.0,1502452608.0,0.005619123578071594,0.009264957159757614
miura_01679,15,1.0,1.0,24.0,24.0,12.0,12.0,0.0009215199970640242,0.0009056536364369094,0.0013172733597457409,0.001000364194624126,0.003828355111181736,0.0021724237594753504,4384736256.0,2669830912.0,3092528384.0,3646611456.0,0.001389285083860159,0.040972620248794556
miura_00779,8,1.0,1.0,24.0,36.0,12.0,12.0,0.0009263078682124615,0.0006231105653569102,0.0028688989114016294,0.001980460248887539,0.0033753870520740747,0.0032658057752996683,2353444864.0,4848769536.0,1291128448.0,3813227264.0,0.0008519008988514543,0.0206435676664114
miura_00531,4,1.0,1.0,30.0,30.0,6.0,6.0,0.0008912136545404792,0.0009165860246866941,0.003679022891446948,0.003909847233444452,0.0010455255396664143,0.001130088116042316,1948805120.0,1793242496.0,3136019712.0,2912339968.0,0.0004867487878073007,0.0004867487878073007
miura_00613,14,1.0,1.0,24.0,24.0,12.0,12.0,0.0005468372837640345,0.0008187117055058479,0.004201117902994156,0.004338577855378389,0.001412128796800971,0.0016123639652505517,3266145792.0,1006209344.0,2943478784.0,3010364416.0,0.001204569125548005,0.0017254024278372526
miura_01744,5,1.0,1.0,24.0,24.0,9.0,9.0,0.0005333041190169752,0.0005776517209596932,0.0011138705303892493,0.0015142835909500718,0.0014792861184105277,0.0019918715115636587,4357322752.0,4491492864.0,4829631488.0,3271648768.0,0.0007650795159861445,0.021077578887343407
miura_01580,10,1.0,1.0,30.0,30.0,9.0,9.0,0.0009548034868203104,0.0006787556922063231,0.003059026785194874,0.001951207872480154,0.0037591776344925165,0.001576344366185367,3192189952.0,3645038592.0,3143707392.0,4974305792.0,0.0010833778651431203,0.0036875444930046797
miura_01659,5,1.0,1.0,24.0,24.0,9.0,9.0,0.0005596004775725305,0.0006522826733998954,0.0035364755894988775,0.0033006244339048862,0.0035036623012274504,0.0028015251737087965,3848260352.0,1892214656.0,3751109888.0,3939032576.0,0.0012559921015053988,0.00594349205493927
miura_00967,3,1.0,1.0,30.0,36.0,9.0,9.0,0.0006820958224125206,0.0006366512970998883,0.004099629353731871,0.0030103863682597876,0.0036396270152181387,0.002123131649568677,3433140480.0,1967642240.0,2078798464.0,3427031808.0,0.002196353627368808,0.0042796870693564415
miura_01358,0,1.0,1.0,36.0,36.0,9.0,9.0,0.0009938793955370784,0.0006422419683076441,0.005403805058449507,0.004294760059565306,0.0029837866313755512,0.0015361792175099254,2004233216.0,3680203776.0,4388465152.0,4836010496.0,0.002130642533302307,0.002130642533302307
miura_00534,10,1.0,1.0,24.0,30.0,6.0,6.0,0.0007429259712807834,0.0008760521304793656,0.0059520285576581955,0.004599419422447681,0.002564334776252508,0.0021062155719846487,3985408768.0,1475449344.0,1161324288.0,2098068480.0,0.0012773174094036222,0.0012773174094036222
miura_01618,4,1.0,1.0,30.0,30.0,9.0,9.0,0.0007666900637559593,0.0005410105222836137,0.0034004771150648594,0.0020866163540631533,0.003523661755025387,0.0011306246742606163,2087824640.0,1847163136.0,1454147968.0,2648428032.0,0.0018281693337485194,0.008599002845585346
miura_00652,6,1.0,1.0,30.0,30.0,6.0,6.0,0.0008511696360073984,0.0007003056816756725,0.005313221365213394,0.005272307898849249,0.0027102131862193346,0.0023008796852082014,1126892800.0,1580056960.0,4435742208.0,4263254272.0,0.0014670650707557797,0.003029565094038844
miura_01975,7,1.0,1.0,30.0,36.0,6.0,6.0,0.0006216562469489872,0.0006630847346968949,0.003883805824443698,0.004434618167579174,0.0016134183388203382,0.0029195956885814667,1077507456.0,1181315456.0,2394600192.0,3087381504.0,0.004822109825909138,0.012634609825909138
miura_00262,7,1.0,1.0,30.0,24.0,12.0,12.0,0.0005955036613158882,0.0008765326929278672,0.0029426245018839836,0.00394329521805048,0.0013213870115578175,0.0019981281366199255,1979004928.0,1006209344.0,4078408704.0,2632277760.0,0.001221595797687769,0.0017424290999770164
miura_01307,11,1.0,1.0,30.0,36.0,12.0,12.0,0.0008645520429126918,0.0006633453886024654,0.0036151022650301456,0.0023754658177495003,0.002047732938081026,0.0013031682465225458,1522316288.0,1764737664.0,2789140480.0,4996423680.0,0.0012976281577721238,0.0023392948787659407
miura_00968,11,1.0,1.0,24.0,24.0,6.0,6.0,0.0005614500259980559,0.0005536512471735477,0.0013455940643325448,0.0013700827257707715,0.0015757193323224783,0.0018505685729905963,1283729024.0,1312790528.0,2210740480.0,2344284928.0,0.0003015125694219023,0.03207234665751457
