epoch,train_total,train_noise,train_x0,train_class,train_param,train_closed_loop,val_total,val_noise,val_x0,val_class,val_param,val_closed_loop,val_select
1,3.8871160984039306,1.1685182332992554,1.649612593650818,4.459634590148926,0.48208367824554443,0.6756021857261658,2.925840663909912,1.0310877323150636,1.259700870513916,2.9723309516906737,0.4036740124225616,0.48380868434906005,5.119514518976211
2,2.5960410594940186,0.9173173785209656,1.1297757387161256,2.554747772216797,0.39165626764297484,0.5043364703655243,1.9456598281860351,0.73528972864151,0.8235130071640014,1.7576282501220704,0.32359103560447694,0.439554899930954,3.3442871928215028
3,1.999050211906433,0.7508281946182251,0.8230059146881104,1.8201703548431396,0.3266926944255829,0.4128342688083649,1.5001120567321777,0.6468932867050171,0.6899448871612549,1.1372460842132568,0.275962108373642,0.29486823081970215,2.398021310567856
4,1.629661464691162,0.6644213318824768,0.63690185546875,1.3677106618881225,0.26987868547439575,0.3073888421058655,1.3629956483840941,0.6026264429092407,0.42738284468650817,1.0949357986450194,0.20516392290592195,0.20692722797393798,1.9344097942113876
5,1.3889535665512085,0.6009520173072815,0.4825423717498779,1.1015095233917236,0.22583059668540956,0.2495079070329666,1.1955205202102661,0.5734816431999207,0.369365257024765,0.8668339729309082,0.18129449784755708,0.14582833647727966,1.56332206428051
6,1.2905141353607177,0.5767331600189209,0.4185567021369934,1.0159493923187255,0.19539751410484313,0.17711326479911804,1.1322889566421508,0.5259878516197205,0.3470005452632904,0.8852403044700623,0.1564962387084961,0.1083104968070984,1.497047585248947
7,1.277829885482788,0.5416115283966064,0.4039326310157776,1.0680210590362549,0.1911621630191803,0.15552849173545838,1.1613063216209412,0.5111372470855713,0.34237979650497435,0.9513965129852295,0.1660246580839157,0.11088440120220185,1.5706853687763216
8,1.1962147951126099,0.5344579696655274,0.38912935853004454,0.9318704247474671,0.18407041132450103,0.14163315594196318,1.0383418083190918,0.5129549860954284,0.3420299172401428,0.7125890374183654,0.15994173288345337,0.10092513412237167,1.3154858216643333
9,1.1367618322372437,0.5334931135177612,0.3587833642959595,0.844217324256897,0.1687321037054062,0.13483317643404008,1.0432938575744628,0.5098238527774811,0.3208633542060852,0.7295289278030396,0.15872758328914643,0.10037807822227478,1.3094979435205458
10,1.1332973003387452,0.517791211605072,0.34947267174720764,0.8583184242248535,0.17310819625854493,0.12794531583786012,0.968305480480194,0.4598629117012024,0.3183242917060852,0.6728196382522583,0.16189278960227965,0.08584137856960297,1.2388780981302263
11,1.063450527191162,0.5151378273963928,0.3335193991661072,0.741349971294403,0.1648242026567459,0.10633337199687957,0.9494359374046326,0.46527898907661436,0.3013443827629089,0.6520593881607055,0.1481270968914032,0.07313409894704818,1.1746649667620659
12,1.0662177324295044,0.5080743551254272,0.3436842203140259,0.758499002456665,0.16459183692932128,0.10820968002080918,0.8517167806625366,0.4790689766407013,0.2649780511856079,0.44310799837112425,0.14145283102989198,0.06495141386985778,0.914490294456482
13,1.0396574139595032,0.5049307584762573,0.32783191800117495,0.7148969173431396,0.16219399571418763,0.10697235316038131,0.8938205599784851,0.4620706081390381,0.28960942029953,0.5520196914672851,0.14429739415645598,0.07132701575756073,1.0572535216808319
14,1.0285285592079163,0.4878981649875641,0.33458568453788756,0.7260169148445129,0.16152594983577728,0.1036537915468216,0.8509068608283996,0.46981728076934814,0.2900088906288147,0.44053429961204527,0.14945654273033143,0.060294206440448764,0.9402939394116401
15,1.001874828338623,0.49318361282348633,0.30755844712257385,0.6717875719070434,0.15744639337062835,0.08993030190467835,0.8870377779006958,0.4871084451675415,0.2682565152645111,0.4992076873779297,0.1394123762845993,0.052024465054273605,0.9589010439813137
16,0.9739611029624939,0.4869237542152405,0.3039633810520172,0.6311939597129822,0.1553483098745346,0.08796912282705308,0.8300178527832032,0.43985151052474974,0.27326473593711853,0.469931960105896,0.14190452992916108,0.06737456321716309,0.9524757891893386
17,0.9981616497039795,0.47564938068389895,0.30455926060676575,0.7042674899101258,0.1530209004878998,0.09027169942855835,0.9234139680862427,0.4237923860549927,0.28646729588508607,0.6820315599441529,0.14377590119838715,0.07082297205924988,1.183097729086876
18,0.9571473479270936,0.4807313919067383,0.29611303806304934,0.612812614440918,0.15136344134807586,0.0946770191192627,0.9010526418685914,0.4449417233467102,0.27853372097015383,0.6065044522285461,0.13857187032699586,0.06014573276042938,1.0837557762861252
19,0.9583701729774475,0.4759738802909851,0.30958412289619447,0.6214575886726379,0.15259619057178497,0.0863001897931099,0.8631693243980407,0.44241299033164977,0.2859909892082214,0.536002230644226,0.13875169456005096,0.049286720156669614,1.010031634569168
20,0.9613030552864075,0.46994810104370116,0.3096150279045105,0.6465151071548462,0.14912864267826081,0.07744223028421401,0.7886812806129455,0.4252540051937103,0.25128372609615324,0.44138914346694946,0.1284560054540634,0.05390557274222374,0.8750344477593899
21,0.9495763301849365,0.4683479964733124,0.29569960236549375,0.6204986691474914,0.1513126313686371,0.07887104153633118,0.8110161185264587,0.4255132794380188,0.24244086146354676,0.4741449534893036,0.1337028920650482,0.05402333587408066,0.9043120428919793
22,0.9378850102424622,0.47491065263748167,0.2772794425487518,0.5933202266693115,0.14682857990264891,0.07516678571701049,0.782498574256897,0.41898423433303833,0.2335220456123352,0.4340410828590393,0.13157406747341155,0.05246196314692497,0.8515991590917111
23,0.8698991775512696,0.4490187644958496,0.26984418332576754,0.5155738055706024,0.14368815422058107,0.07023122012615204,0.7580935955047607,0.40361406803131106,0.24348321855068206,0.4155543506145477,0.1323891282081604,0.041134242340922354,0.8325609397143124
24,0.8950658321380616,0.442074590921402,0.2865011990070343,0.565141499042511,0.14942539632320403,0.0712069809436798,0.8269973993301392,0.45126343965530397,0.24634844660758973,0.44912482500076295,0.13570614755153657,0.04397900924086571,0.875158428400755
25,0.8967236161231995,0.4540963709354401,0.2631278097629547,0.5653527438640594,0.13975783288478852,0.06608473062515259,0.7872396945953369,0.4055263638496399,0.2296410858631134,0.4750468015670776,0.12887655794620514,0.0428917795419693,0.8764562249183655
26,0.8892670750617981,0.44200246334075927,0.27198801636695863,0.5563105940818787,0.14637625813484192,0.07461870461702347,0.7706571698188782,0.4350318729877472,0.22514938414096833,0.3942854881286621,0.12353447377681732,0.03795228600502014,0.7809216320514679
27,0.8950454473495484,0.4429456353187561,0.27718273401260374,0.5720824778079987,0.14383839964866638,0.06515128910541534,0.7517868638038635,0.3890893578529358,0.23779652416706085,0.42943544387817384,0.13085961639881133,0.04438149631023407,0.84247308075428
28,0.8714738368988038,0.433022940158844,0.2644334316253662,0.5565698027610779,0.1375852942466736,0.06556864902377128,0.7766046166419983,0.42972869277000425,0.2368135392665863,0.4010356068611145,0.12903508245944978,0.04215356186032295,0.8090377904474736
29,0.8586583495140075,0.43018683791160583,0.25908131897449493,0.5411918938159943,0.13537591099739074,0.06195651888847351,0.7146056056022644,0.391197407245636,0.21994444131851196,0.3677682042121887,0.12359495908021927,0.03509818837046623,0.7464057929813861
30,0.8388660430908204,0.4158825039863586,0.25481019020080564,0.5284319519996643,0.13525484204292298,0.06424670517444611,0.7606119036674499,0.3943293035030365,0.22727165520191192,0.4482951819896698,0.12526123374700546,0.03544811606407165,0.8362761870026588
31,0.8656470537185669,0.42827784419059756,0.25440630316734314,0.5560080051422119,0.13543755412101746,0.06244014948606491,0.7518933892250061,0.41687257289886476,0.21482796370983123,0.3954134702682495,0.12085638493299485,0.03338406831026077,0.7644818872213364
32,0.8247136473655701,0.40105658769607544,0.2589423626661301,0.5257478773593902,0.13638430833816528,0.05984790250658989,0.7358341097831727,0.3941450476646423,0.2118622988462448,0.41498960852622985,0.1178365632891655,0.030941480398178102,0.7756299510598182
33,0.82232186794281,0.4217016339302063,0.24309356808662413,0.4884164214134216,0.13325862884521483,0.05391634479165077,0.6873571634292602,0.39887765049934387,0.19543920159339906,0.32425137758255007,0.11067642569541931,0.02910618782043457,0.6594731926918032
34,0.8063495278358459,0.40592226982116697,0.24613576233386994,0.4755186438560486,0.13739347457885742,0.05986602082848549,0.7226045846939086,0.3959141314029694,0.20195395350456238,0.3882534623146057,0.11627234071493149,0.028196222335100173,0.7346759788691999
35,0.7897463083267212,0.4087442457675934,0.24256520569324494,0.45166154503822326,0.13092768788337708,0.05261216834187508,0.6905260920524597,0.385129052400589,0.19565144777297974,0.3460471510887146,0.11588822305202484,0.028404838964343072,0.6859916608780623
36,0.769100832939148,0.3937693953514099,0.24157035648822783,0.434478622674942,0.13308143615722656,0.053181775659322736,0.6990390658378601,0.4006801605224609,0.20047273635864257,0.3348485827445984,0.11397805362939835,0.02724918834865093,0.6765485610812904
37,0.8282633066177368,0.4056853175163269,0.24483237266540528,0.5214545071125031,0.13557889461517333,0.05484815835952759,0.6845398187637329,0.3836891531944275,0.19132671058177947,0.3438629984855652,0.11219893991947175,0.026385293900966646,0.673773942887783
38,0.7737858653068542,0.3811432421207428,0.24126835763454438,0.46789456605911256,0.13225032091140748,0.05344299525022507,0.6434761166572571,0.34860841035842893,0.2035674512386322,0.3125886857509613,0.12017685621976852,0.028602562099695205,0.6649355553090572
39,0.7724935650825501,0.39924978613853457,0.22531052231788634,0.44451650977134705,0.12606758922338485,0.04815286546945572,0.6121558785438538,0.35631470680236815,0.18954139053821564,0.2507962465286255,0.11234337687492371,0.028765253350138666,0.5814462672919035
40,0.780539870262146,0.3959986329078674,0.23608535528182983,0.45542908310890196,0.13100671172142028,0.04661943167448044,0.6552543640136719,0.3698019742965698,0.20583586692810057,0.2889968156814575,0.12287542223930359,0.022913768887519836,0.6406218737363816
41,0.7779286623001098,0.3905760943889618,0.230934539437294,0.4614326000213623,0.1304429814219475,0.04679336324334145,0.6737205743789673,0.36397906541824343,0.19027444422245027,0.35725330710411074,0.1136256605386734,0.022584682703018187,0.6837380945682526
42,0.780755615234375,0.3847852826118469,0.22626216113567352,0.4795698821544647,0.12871292978525162,0.050354165583848955,0.7320011615753174,0.3742658972740173,0.20789667963981628,0.43652005195617677,0.11899301260709763,0.028132541105151176,0.7915422853082418
43,0.7650513052940369,0.3863506615161896,0.23295380175113678,0.439996075630188,0.13062101900577544,0.0485807865858078,0.6692790389060974,0.35409032702445986,0.1926007091999054,0.3685699164867401,0.1120864138007164,0.02379385083913803,0.6970508903264999
44,0.7560582876205444,0.3913679599761963,0.22686324119567872,0.421246862411499,0.12546202391386033,0.04957051798701286,0.6429709553718567,0.3415460467338562,0.20204311609268188,0.33510383367538454,0.11471441239118577,0.02117731384932995,0.6730386760085821
45,0.7520730137825012,0.39260525703430177,0.221992826461792,0.4153896927833557,0.1241719290614128,0.0448585294187069,0.630591893196106,0.3610297739505768,0.1867484360933304,0.27626138627529145,0.11298020631074905,0.020784800127148628,0.5967748288065196
46,0.7255552768707275,0.38210628032684324,0.22881771326065065,0.3692995965480804,0.1310878276824951,0.04147112816572189,0.6364181995391845,0.36016509532928465,0.18911541104316712,0.29098416566848756,0.11226613372564316,0.018942491710186006,0.6113082021474839
47,0.71156005859375,0.37066133618354796,0.213085076212883,0.3843288719654083,0.12188134789466858,0.04027367457747459,0.6708651065826416,0.37258205413818357,0.19991881847381593,0.32333449125289915,0.11637401431798935,0.02092769555747509,0.6605550196021795
48,0.7200965762138367,0.3773480296134949,0.21809177696704865,0.3788082182407379,0.1251041606068611,0.04179217368364334,0.6126227498054504,0.346330064535141,0.18295376300811766,0.27169137001037597,0.11200525164604187,0.017563630640506745,0.5842140153050422
49,0.6993870854377746,0.3738064169883728,0.21509946882724762,0.35076157450675965,0.12193968445062638,0.04065423235297203,0.6083706259727478,0.33520389795303346,0.1932743787765503,0.27369505167007446,0.11550544500350952,0.021577390283346175,0.6040522657334805
50,0.6903741002082825,0.37267783284187317,0.2120824635028839,0.3328013300895691,0.12312611192464828,0.03924266323447227,0.6327030062675476,0.35003275275230405,0.18159751296043397,0.31023465991020205,0.1085698738694191,0.017162278294563293,0.6175643250346184
51,0.705333149433136,0.37229198813438413,0.211246120929718,0.36169076561927793,0.12306710630655289,0.04068498015403747,0.6442865014076233,0.35051151514053347,0.19414710104465485,0.3084067225456238,0.11774519979953765,0.02187981903553009,0.6421788424253464
52,0.7248945832252502,0.3742045521736145,0.22302282154560088,0.38274419903755186,0.1281381517648697,0.04241231307387352,0.6187304854393005,0.3553827524185181,0.17810281813144685,0.27267043590545653,0.10762433409690857,0.016911061853170394,0.5753086499869823
53,0.6960797548294068,0.3704875886440277,0.20946004688739778,0.34951133131980894,0.12119022756814957,0.03922777324914932,0.6160467743873597,0.3188427031040192,0.1930142343044281,0.3212088108062744,0.11522865146398545,0.01819278970360756,0.6476444862782955
54,0.699863052368164,0.365877640247345,0.21787613928318023,0.3569524347782135,0.12599096596240997,0.03517108857631683,0.6282421946525574,0.32957168817520144,0.19601234197616577,0.32589954137802124,0.1142047792673111,0.016708018630743025,0.6528246812522411
55,0.6835030555725098,0.3638616383075714,0.20992860496044158,0.3338372349739075,0.12274035513401031,0.03683881163597107,0.6167726635932922,0.3173006534576416,0.18997313678264618,0.3270057916641235,0.11345802694559097,0.019893359392881393,0.6503303147852421
56,0.7029975771903991,0.3577978193759918,0.21684844195842742,0.3705955266952515,0.1280248060822487,0.039034054428339,0.6027431130409241,0.3240203261375427,0.19129861295223236,0.2754636764526367,0.119559845328331,0.015320076420903207,0.6016422111541032
57,0.658516275882721,0.3493249535560608,0.2052950918674469,0.31691527366638184,0.12040039598941803,0.03587528318166733,0.5914840698242188,0.3171219706535339,0.17892979979515075,0.2874524354934692,0.10972455292940139,0.015755384229123592,0.591862172447145
58,0.6753682136535645,0.35652056336402893,0.20825393199920655,0.3309041202068329,0.12240575700998306,0.03550830259919167,0.6278266549110413,0.3279532790184021,0.19292969703674318,0.32228749990463257,0.1165411800146103,0.014906331710517407,0.6466647086665034
59,0.6839264988899231,0.3561572551727295,0.2039394795894623,0.3565963804721832,0.11850860118865966,0.0350204236805439,0.5738312482833863,0.31719422340393066,0.18079863786697387,0.24934465885162355,0.11032269895076752,0.015298512950539588,0.5557645086199046
60,0.6825585722923279,0.3514948129653931,0.21336505711078643,0.34678221940994264,0.1255905732512474,0.03434460461139679,0.6010878443717956,0.33148922920227053,0.18878118991851806,0.2538299173116684,0.11846906989812851,0.01926470398902893,0.5803448811173438
61,0.6691143631935119,0.36107286214828493,0.20391705632209778,0.30603766441345215,0.12360833436250687,0.0334581159055233,0.6089384078979492,0.32313807010650636,0.19138100147247314,0.2852213144302368,0.11931823194026947,0.016682220622897148,0.6126027684658766
62,0.6586963176727295,0.34889374375343324,0.2079521596431732,0.30321675539016724,0.12579327523708345,0.03370680324733257,0.6112753868103027,0.3312958836555481,0.1782839298248291,0.29488952159881593,0.1103216290473938,0.014536099880933762,0.5980311803519726
63,0.6515944719314575,0.35064818263053893,0.20622892379760743,0.29257933497428895,0.12227337509393692,0.03274822533130646,0.6222349882125855,0.33821436762809753,0.1925707757472992,0.2779809355735779,0.12018850147724151,0.01687278561294079,0.6076129984110594
64,0.6529664397239685,0.3560916543006897,0.19897024929523469,0.2940796375274658,0.11836964786052703,0.030910443514585495,0.5374098300933838,0.3079463541507721,0.17748599648475646,0.1910666525363922,0.11201425045728683,0.012193107604980468,0.49276000708341605
65,0.6590506792068481,0.3360062301158905,0.2075901597738266,0.3320321261882782,0.1233914390206337,0.0329770177602768,0.5398985505104065,0.30964512228965757,0.17607205212116242,0.19550954699516296,0.10952422022819519,0.014295095577836037,0.4954009149223566
66,0.6608940005302429,0.35787948966026306,0.1996407300233841,0.3014743983745575,0.11920992732048034,0.03224959038197994,0.623705518245697,0.3279388189315796,0.1843421697616577,0.31414910554885866,0.11380925625562668,0.01608003079891205,0.6283805623650551
67,0.6904059410095215,0.3463455557823181,0.2115452080965042,0.36963448524475095,0.12322094291448593,0.03525233194231987,0.5692013740539551,0.3046367824077606,0.18036689162254332,0.2554328203201294,0.11160674840211868,0.016990041732788085,0.5643965020775794
68,0.649017333984375,0.34201596975326537,0.2055067539215088,0.30013362169265745,0.12245372235774994,0.031809762492775916,0.592549455165863,0.3232254147529602,0.17429268956184388,0.2743259608745575,0.10812731236219406,0.01471968274563551,0.571465645544231
69,0.6550626754760742,0.33836240172386167,0.19914608895778657,0.3275358498096466,0.11903693526983261,0.03080303929746151,0.6046962141990662,0.3148603022098541,0.1810788094997406,0.3049032211303711,0.11229800432920456,0.014712227880954743,0.612992262840271
70,0.6559212684631348,0.35496399998664857,0.19825085401535034,0.2950891196727753,0.11870252043008804,0.031757380440831186,0.5435846328735352,0.29066718816757203,0.17602498531341554,0.22674010396003724,0.1135424479842186,0.017193809151649475,0.5335013464093209
71,0.6416483402252198,0.3452544152736664,0.19076779186725618,0.2938984543085098,0.11532722860574722,0.031100210919976234,0.5792568802833558,0.29995477199554443,0.18969618678092956,0.2709376871585846,0.11776978969573974,0.013207565620541572,0.5916112292557955
72,0.6337599039077759,0.3296272218227386,0.19682230055332184,0.3042640149593353,0.11796794831752777,0.028390887752175333,0.5931676864624024,0.3209294319152832,0.18573283553123474,0.25746341943740847,0.1177912935614586,0.012569105625152588,0.5735566541552544
73,0.6336633086204528,0.3346978485584259,0.19512218832969666,0.291804575920105,0.11795875132083893,0.0301118653267622,0.5296606898307801,0.28635537028312685,0.1656854748725891,0.2248324155807495,0.10635589063167572,0.01400696486234665,0.510880745947361
74,0.6153852939605713,0.3402160406112671,0.18517274260520936,0.258301243185997,0.11245812624692916,0.028121791407465936,0.5328912496566772,0.3162732541561127,0.155645751953125,0.1881561428308487,0.10020564645528793,0.010935372859239578,0.45494291409850124
75,0.6283959984779358,0.3447087585926056,0.18976294696331025,0.2669381260871887,0.11569509655237198,0.02810613252222538,0.6032632708549499,0.31781997084617614,0.18356577754020692,0.2934904515743256,0.11292518824338912,0.010926325246691704,0.6009077426046133
76,0.632852292060852,0.33505529165267944,0.1974023848772049,0.2857306182384491,0.11814748644828796,0.030063912644982337,0.6038906097412109,0.3152884662151337,0.18492906987667085,0.2933670222759247,0.11473653614521026,0.012842485681176186,0.605875113978982
77,0.6355048298835755,0.32909317016601564,0.20029290318489074,0.3006580829620361,0.11917193084955216,0.02862728387117386,0.53575199842453,0.27881481051445006,0.2011052429676056,0.21072337329387664,0.12196077704429627,0.01327178832143545,0.5470611816272141
78,0.652881920337677,0.34693233370780946,0.1971428334712982,0.30666369795799253,0.11598576456308365,0.0278282068669796,0.5671937346458436,0.31171412467956544,0.18042627573013306,0.23709262609481813,0.1100243866443634,0.011895563267171384,0.539438851736486
79,0.6295559525489807,0.33003551959991456,0.19898400604724883,0.2887002915143967,0.11752836853265762,0.028480645269155502,0.5994909286499024,0.32644166946411135,0.1972353994846344,0.24210273921489717,0.12327788770198822,0.01083063818514347,0.5734466645866633
80,0.618858814239502,0.32028316259384154,0.20120273232460023,0.2813940793275833,0.12000102400779725,0.027466511353850365,0.5743084192276001,0.3172108232975006,0.17083751559257507,0.24670497179031373,0.10787482261657715,0.010739559307694435,0.5361568693071603
81,0.612500262260437,0.32981774806976316,0.18811699450016023,0.2638377696275711,0.11488931626081467,0.026036203280091284,0.5712359309196472,0.3187780976295471,0.16311521232128143,0.2484963893890381,0.10326729267835617,0.010247662663459778,0.5251265570521355
82,0.6123987436294556,0.3388363361358643,0.18520759642124177,0.2472090721130371,0.11373206079006196,0.026890574395656584,0.5340901494026185,0.3136281847953796,0.1679311215877533,0.17583154439926146,0.10671119838953018,0.010358962789177894,0.4608328271657229
83,0.6358703255653382,0.33588204979896547,0.19393801391124726,0.2937647640705109,0.11569749563932419,0.02652624174952507,0.5502173423767089,0.30187682509422303,0.16861511766910553,0.2275729775428772,0.10849677324295044,0.0101292934268713,0.5148141618818045
84,0.6245444416999817,0.3391444444656372,0.1868844896554947,0.27232306599617007,0.11356766372919083,0.024246733263134958,0.6022939324378968,0.3212552428245544,0.1748955249786377,0.2883558690547943,0.10932571142911911,0.010996416583657265,0.5835735220462084
85,0.6108010292053223,0.32203843593597414,0.18937506675720214,0.2693841725587845,0.11627299040555954,0.027304385975003242,0.5131112813949585,0.28106879591941836,0.16155773997306824,0.2093241572380066,0.10173097103834153,0.010101675987243652,0.48271454423666005
86,0.6345520973205566,0.33617121577262876,0.19841361939907073,0.27502164244651794,0.12192081809043884,0.026707763224840163,0.5659830927848816,0.3050073504447937,0.17524805665016174,0.24462194442749025,0.11070551723241806,0.010704563558101654,0.5412800818681717
87,0.5983004689216613,0.314804744720459,0.19422915279865266,0.25356578826904297,0.11776258498430252,0.027206679433584215,0.5716432452201843,0.2926116526126862,0.17489250302314757,0.2817113816738129,0.11031067818403244,0.010083485953509807,0.5769980488345027
88,0.6329362750053406,0.3296844303607941,0.1953016996383667,0.28943615555763247,0.1200536385178566,0.025400616228580475,0.5258772790431976,0.2990140438079834,0.16679151058197023,0.17341261208057404,0.11164187043905258,0.012997066788375377,0.46484305988997227
89,0.5960059285163879,0.3239581108093262,0.17963417172431945,0.24670640230178834,0.11179393678903579,0.02583904005587101,0.562127149105072,0.29686187505722045,0.1706659108400345,0.2578131198883057,0.1086693212389946,0.009810982272028923,0.5469593342393637
90,0.6103286862373352,0.32074047327041627,0.18467688262462617,0.27545384466648104,0.1138584479689598,0.02614290900528431,0.5661511659622193,0.2899110496044159,0.18215371370315553,0.25871888399124143,0.11560722887516021,0.013365409150719643,0.5698452357202768
91,0.6054890155792236,0.3150164604187012,0.18894570469856262,0.2729099303483963,0.11564034521579743,0.02517232745885849,0.5653538346290589,0.2892603874206543,0.17009393572807313,0.27467042207717896,0.11054732054471969,0.009986155107617379,0.5652978334575891
92,0.6031238317489624,0.31801809668540953,0.18677324950695037,0.26318981051445006,0.11566269397735596,0.024146832153201105,0.5307075142860412,0.3100695490837097,0.1641577512025833,0.17192813158035278,0.10702574849128724,0.009988698549568653,0.4531003298237919
93,0.6202489256858825,0.3132399141788483,0.19525568783283234,0.29311302304267883,0.12089961469173431,0.024629464000463487,0.5200932443141937,0.2849082887172699,0.15477895438671113,0.215755495429039,0.10065921992063523,0.010112614929676056,0.4813062846660614
94,0.6043956756591797,0.32670159339904786,0.18404996693134307,0.2472333163022995,0.11522009521722794,0.025812558457255365,0.5383601307868957,0.2743175387382507,0.17371110916137694,0.24803918600082397,0.11054021120071411,0.009979040920734405,0.5422695472836495
95,0.5957826495170593,0.32322749495506287,0.18362087309360503,0.2383532017469406,0.11437171548604966,0.025681734457612036,0.5228670954704284,0.2770015954971313,0.15873139202594758,0.23175002336502076,0.1018311083316803,0.01108025424182415,0.5033927779644728
96,0.5974575161933899,0.31813796162605285,0.1856200397014618,0.2537733972072601,0.11407765746116638,0.023251787200570105,0.5453059911727905,0.307284814119339,0.17066678404808044,0.19389474391937256,0.11150590479373931,0.009983805008232594,0.48605123776942494
97,0.6031662464141846,0.3255962789058685,0.18472021520137788,0.2475557178258896,0.11501190662384034,0.023806820809841155,0.5312029361724854,0.289326548576355,0.15908480882644654,0.22101003527641297,0.10354678332805634,0.009355526231229306,0.4929971536621452
98,0.5881679654121399,0.3051330506801605,0.18185269236564636,0.26225602328777314,0.11294611692428588,0.02445688173174858,0.5553812623023987,0.2896981120109558,0.16745502650737762,0.25664581060409547,0.10771311670541764,0.010062508843839168,0.5418764626607299
99,0.6199165940284729,0.31875565052032473,0.19002765119075776,0.28718177080154417,0.11692881435155869,0.024844301864504814,0.49898157715797425,0.27778388261795045,0.15820353329181672,0.17707105875015258,0.10364037603139878,0.01105717159807682,0.4499721396714449
100,0.6099310636520385,0.3187328279018402,0.1850130319595337,0.2718445837497711,0.1153361976146698,0.024375570192933082,0.5670882821083069,0.3210400342941284,0.1603390693664551,0.22604784965515137,0.10295258015394211,0.01204170547425747,0.5013812046498061
101,0.6127779722213745,0.3224275827407837,0.18951349556446076,0.26284648180007936,0.1176047071814537,0.02522232346236706,0.500014352798462,0.2801115274429321,0.1598607510328293,0.1700346887111664,0.10589240044355393,0.009548347443342209,0.44533618763089183
102,0.5840747117996216,0.3155279278755188,0.18164235651493071,0.22745526134967803,0.11514999717473984,0.023755746334791182,0.5558707594871521,0.32240118384361266,0.14607853889465333,0.2264192968606949,0.09354048073291779,0.008738920092582703,0.4747772365808487
103,0.6090973854064942,0.3205896317958832,0.18628126084804536,0.2664433717727661,0.11474094986915588,0.023529332131147385,0.5314028263092041,0.2846998333930969,0.16366403102874755,0.21450550258159637,0.10818467289209366,0.011958914808928967,0.4983131213113665
104,0.6122695446014405,0.3177920639514923,0.18256863355636596,0.2832794964313507,0.11281120479106903,0.023091640695929526,0.5088597178459168,0.28341731429100037,0.16292136907577515,0.17893409729003906,0.10593580603599548,0.009247621893882752,0.45703889429569244
105,0.5769148468971252,0.3112943768501282,0.17890922129154205,0.22768357992172242,0.11238221079111099,0.022436539083719252,0.5701845288276672,0.2775931924581528,0.1821184426546097,0.2826019644737244,0.11791235059499741,0.00938875339925289,0.5920215111225844
106,0.5942277431488037,0.31274095773696897,0.1807922214269638,0.25773513317108154,0.11256057769060135,0.022625377029180528,0.5348149180412293,0.3248655915260315,0.14441737830638884,0.1756431519985199,0.09528484493494034,0.007761061564087868,0.42310643680393695
107,0.5795368313789367,0.30595835447311404,0.18271124958992005,0.23979110717773439,0.11365213096141816,0.021411290764808653,0.5624854445457459,0.2898897588253021,0.1674555480480194,0.26631597280502317,0.1078436940908432,0.009434757195413113,0.5510499721392988
108,0.5992027640342712,0.3184684753417969,0.18208691477775574,0.251932767033577,0.11407692581415177,0.0223857868462801,0.5066101551055908,0.27834336161613465,0.15169582664966583,0.20282719731330873,0.09809221178293229,0.008372492622584105,0.4609877283684909
109,0.5619659543037414,0.3072856843471527,0.17345881462097168,0.21226204335689544,0.10932586789131164,0.02172573283314705,0.5058576762676239,0.27685911357402804,0.16753339767456055,0.17280769050121308,0.11100555509328842,0.00839484166353941,0.4597414849326015
110,0.5832789301872253,0.30325545072555543,0.182486692070961,0.24834463000297546,0.11488432586193084,0.02171311043202877,0.5195774674415589,0.2841098189353943,0.15064749717712403,0.21406477093696594,0.09944005310535431,0.008276768028736115,0.4724290892481804
111,0.5646266341209412,0.3100560486316681,0.16964356899261473,0.21425721645355225,0.10822277665138244,0.021947121247649193,0.5500323891639709,0.2747398495674133,0.16879881620407106,0.265039336681366,0.10996073931455612,0.00941430013626814,0.5532131923362612
112,0.5670406699180603,0.30970131754875185,0.17171942591667175,0.22154113054275512,0.1078226312994957,0.019794553890824317,0.5624911844730377,0.314704167842865,0.1630014270544052,0.21725405156612396,0.10727964043617248,0.008992249146103859,0.4965273682028055
113,0.5713238954544068,0.30363212823867797,0.17489041686058043,0.23454070687294007,0.11034484356641769,0.020865277200937272,0.5312099575996398,0.2683821082115173,0.17114824056625366,0.23437628149986267,0.11111120581626892,0.011037765070796013,0.5276734929531812
114,0.5579271197319031,0.2944401025772095,0.17546220421791076,0.22424650490283965,0.1106339544057846,0.021451523527503014,0.48559353351593015,0.26033148169517517,0.151699036359787,0.19085603952407837,0.09990493804216385,0.007977115362882614,0.4504371292889118
115,0.5916237711906434,0.31331816911697385,0.17692444026470183,0.25376259684562685,0.110270756483078,0.021268197894096376,0.4772540688514709,0.24989527463912964,0.15810013711452484,0.18002598285675048,0.10615742802619935,0.007832209207117557,0.4521157572045922
116,0.6028554916381836,0.31337705850601194,0.1745637595653534,0.279613995552063,0.1093902438879013,0.019814160466194154,0.5311650514602662,0.30448787212371825,0.1532626748085022,0.18843241930007934,0.10141978412866592,0.00874692052602768,0.45186179876327515
117,0.5746112704277039,0.3076351583003998,0.18044595122337342,0.22133254408836364,0.11449212282896042,0.02029888555407524,0.53123459815979,0.2993198812007904,0.16108792424201965,0.1853862851858139,0.1068904921412468,0.008120298013091087,0.4614849995821715
118,0.5600882172584534,0.3017423629760742,0.17542206346988679,0.21058824956417083,0.11241544336080551,0.019173155725002288,0.5511802315711976,0.28001428842544557,0.16645945906639098,0.2559833973646164,0.10990407466888427,0.007613639812916517,0.5399605709128081
119,0.5532249093055726,0.29585935473442077,0.170098277926445,0.2153272360563278,0.1090917482972145,0.0204952884465456,0.4907054424285889,0.28548274040222166,0.14820384383201599,0.14765424728393556,0.10087147355079651,0.008139425795525313,0.4048689904622733
120,0.561338472366333,0.29795979261398314,0.17231855690479278,0.22549415826797486,0.10948871076107025,0.02025110721588135,0.5209702253341675,0.27341113090515134,0.16347939372062684,0.21468833088874817,0.1068613052368164,0.007854701951146126,0.4928837317973375
121,0.5677925229072571,0.2960741102695465,0.17326296269893646,0.2431560754776001,0.10860782861709595,0.02017061747610569,0.5173600673675537,0.2742060661315918,0.1634405016899109,0.20318856239318847,0.1078221008181572,0.008146418165415526,0.48259758306667205
122,0.5676063895225525,0.3051040232181549,0.17515327036380768,0.21692213118076326,0.11202569007873535,0.019925129413604737,0.5147301554679871,0.2666975259780884,0.16262438893318176,0.21560291051864625,0.10641642063856124,0.008108992129564285,0.49275271221995354
123,0.580557644367218,0.30381013751029967,0.17552789747714997,0.2466631591320038,0.11054790318012238,0.020966289564967155,0.5326630234718323,0.286485481262207,0.16121968030929565,0.2109340250492096,0.10640141814947128,0.00912818219512701,0.48768330570310353
124,0.5639579057693481,0.29969246983528136,0.1732289344072342,0.22312680184841155,0.11004386246204376,0.020875130966305732,0.5371090769767761,0.28497048020362853,0.1554523676633835,0.23630381226539612,0.101003497838974,0.008138101734220981,0.5008977795019747
125,0.5611621737480164,0.2960312306880951,0.17004868090152742,0.23030685782432556,0.10749945938587188,0.021187815442681314,0.5079951167106629,0.2631287455558777,0.16724724173545838,0.2000681936740875,0.10949086248874665,0.007965090870857238,0.48477138876914977
126,0.5643731951713562,0.2981595158576965,0.17375749349594116,0.22524788677692414,0.11071012169122696,0.020078889653086664,0.5246979594230652,0.29781513214111327,0.15428778231143953,0.18398382663726806,0.10177992135286332,0.007901194225996732,0.44795272452756757
127,0.5636148452758789,0.29709432721138,0.1724603921175003,0.22692429423332214,0.10983755439519882,0.020734205096960067,0.5281055212020874,0.2846109986305237,0.1568903923034668,0.21320964097976686,0.10309098213911057,0.007822173088788987,0.48101318851113317
128,0.559218418598175,0.30148303508758545,0.17269170582294463,0.20970698893070222,0.10995581597089768,0.019538544490933417,0.5316295504570008,0.28639612197875974,0.16196856796741485,0.20812162160873413,0.10586004704236984,0.00842930031940341,0.48437953693792224
129,0.5485712170600892,0.299221134185791,0.16395329236984252,0.20804724395275115,0.10426914244890213,0.01866472586989403,0.4943964719772339,0.2843755900859833,0.14970491230487823,0.15465455651283264,0.1001972422003746,0.007056886982172728,0.41161359800025815
130,0.547522222995758,0.29225667715072634,0.16806561052799224,0.21122391819953917,0.10764521062374115,0.018471155688166617,0.5154327929019928,0.27393075823783875,0.1639672338962555,0.19223362803459168,0.10946953743696212,0.007884116657078267,0.47355451602488763
131,0.5726100325584411,0.31050348877906797,0.17218127548694612,0.2168105959892273,0.1103118896484375,0.019111460819840432,0.5323029041290284,0.280567991733551,0.16940670609474182,0.2050279915332794,0.11073452681303024,0.01039587203413248,0.495565096475184
132,0.5595496296882629,0.2981685042381287,0.17328526675701142,0.21847893595695494,0.10877077877521515,0.018120786547660826,0.5234997630119324,0.28928921222686765,0.1573113888502121,0.1920285403728485,0.10288114696741105,0.008334921859204768,0.46055599804967634
133,0.5602709293365479,0.30683776140213015,0.1658393293619156,0.2136518508195877,0.10454417914152145,0.017956239357590675,0.5308243989944458,0.28875856995582583,0.15338627994060516,0.21886197328567505,0.09840898662805557,0.007250530179589987,0.47790777003392576
134,0.5626236915588378,0.29556352496147154,0.17600517868995666,0.22034476101398467,0.11216182857751847,0.01869780607521534,0.5013727903366089,0.29522919058799746,0.1364013135433197,0.16683478951454161,0.09165273308753967,0.007313640229403973,0.40220247637480494
135,0.5411164999008179,0.288785845041275,0.16819256246089936,0.20162893533706666,0.1079168364405632,0.019080695137381552,0.48746349215507506,0.2604977309703827,0.1613274931907654,0.16470860838890075,0.10837937444448471,0.007126552052795887,0.4415420280769467
136,0.5657863736152648,0.2993441462516785,0.1738973319530487,0.22240090072155,0.10999540090560914,0.019542622566223144,0.4724013268947601,0.258080381155014,0.15229132473468782,0.1559227630496025,0.10156642943620682,0.007451459765434265,0.4172319769859314
137,0.56315598487854,0.29695058465003965,0.17205041348934175,0.2243781268596649,0.10902730524539947,0.019265367835760116,0.5014316082000733,0.25989505648612976,0.17052052915096283,0.17871158719062805,0.11249074935913086,0.009296120330691337,0.47101898603141307
138,0.5772280216217041,0.2960558295249939,0.18007035553455353,0.23982780575752258,0.11324876248836517,0.021469927579164504,0.4870941281318665,0.2830701947212219,0.15126485824584962,0.14133734107017518,0.09765582382678986,0.008775261230766773,0.39903328437358143
139,0.5613508343696594,0.29591156244277955,0.17440038025379181,0.2181389093399048,0.1105729267001152,0.01886877231299877,0.5103069067001342,0.2723727822303772,0.15581461787223816,0.19701169431209564,0.10291097611188889,0.008059944212436675,0.46379723250865934
140,0.5575954556465149,0.3021425187587738,0.16855673491954803,0.20721688270568847,0.10686240196228028,0.01917034015059471,0.5226848721504211,0.2898068904876709,0.1543606400489807,0.189308562874794,0.10179764926433563,0.008020594529807568,0.4534874467179179
141,0.5468103766441346,0.287925523519516,0.1708394020795822,0.20909686386585236,0.10906879901885987,0.01827012002468109,0.4819823205471039,0.27142406105995176,0.14361122250556946,0.15989669561386108,0.09710919708013535,0.00625386368483305,0.40687097888439894
142,0.5429346323013305,0.2917967259883881,0.15925590693950653,0.21324668526649476,0.10109366923570633,0.018998796120285988,0.4753416359424591,0.26544477939605715,0.14846186637878417,0.14762863516807556,0.10026916712522507,0.008381976373493671,0.4047416450455785
143,0.5473163604736329,0.2921024799346924,0.17036149501800538,0.20208574831485748,0.1084631159901619,0.01833069249987602,0.520016884803772,0.2727764189243317,0.16657717525959015,0.19405663907527923,0.11126950532197952,0.006423666235059499,0.4783269858919085
144,0.541730260848999,0.2989222288131714,0.16241353750228882,0.1880254030227661,0.10501236319541932,0.017403312772512437,0.5192278623580933,0.2850815415382385,0.15394415259361266,0.19168977737426757,0.10095103532075882,0.008196937292814255,0.4547819025814533
145,0.5704822778701782,0.29766257405281066,0.17159080505371094,0.2331307500600815,0.10924641340970993,0.019373823329806326,0.4683197319507599,0.2695047378540039,0.14637543261051178,0.12537311017513275,0.09989020675420761,0.008803119417279959,0.3804418689571321
146,0.532457971572876,0.2921465814113617,0.16437255442142487,0.17814990878105164,0.10634261518716812,0.017792442440986635,0.4603030920028687,0.2648287057876587,0.1367570251226425,0.13800529539585113,0.0933286726474762,0.006386504787951708,0.37447749795392155
147,0.5477691054344177,0.29009262323379514,0.16876522004604338,0.20708906650543213,0.10833707749843598,0.017164299823343755,0.5063797116279602,0.2809378206729889,0.15173647701740264,0.1746969699859619,0.10129780918359757,0.006675377022475004,0.43440663320943707
148,0.5486759305000305,0.2931219577789307,0.17115940749645234,0.19702544212341308,0.1102723702788353,0.01754296161234379,0.5092885732650757,0.2871470272541046,0.15324415266513824,0.1663469433784485,0.1018589124083519,0.006177785247564316,0.4276277936995029
149,0.5358860075473786,0.2820115625858307,0.16763337850570678,0.20173628628253937,0.10679353624582291,0.017493392713367938,0.49564228653907777,0.2664647579193115,0.14519332647323607,0.19220470786094665,0.09720528721809388,0.006838379241526127,0.4414417007938027
150,0.5257654190063477,0.2875058352947235,0.16676659286022186,0.1659465938806534,0.10875440537929534,0.018018805608153343,0.4517234265804291,0.2574961304664612,0.1470533490180969,0.11252086013555526,0.10189044326543809,0.005978872906416655,0.36744352532550684
151,0.5502460241317749,0.28720492124557495,0.16971369981765747,0.21317546367645263,0.10941767543554307,0.017191088944673538,0.5196269512176513,0.27072165012359617,0.1667662411928177,0.19101720154285431,0.11154180765151978,0.008164631202816963,0.4774898815900087
152,0.5189577460289001,0.2843010425567627,0.15725089311599733,0.1771407961845398,0.10172708332538605,0.017012034356594086,0.4514621615409851,0.2534014046192169,0.14631572663784026,0.12273175120353699,0.09961190968751907,0.007445958256721496,0.3761053457856179
153,0.5288898706436157,0.2856578350067139,0.16012553572654725,0.1889582246541977,0.10308527648448944,0.017837710306048395,0.49758630990982056,0.26696382761001586,0.15972977876663208,0.1644747108221054,0.10730059742927552,0.00885310973972082,0.4403581967577338
154,0.5461267828941345,0.2939850211143494,0.1618863672018051,0.20265281200408936,0.10428854972124099,0.01826212666928768,0.48487873673439025,0.2720585435628891,0.1511800467967987,0.14491596221923828,0.10163594186305999,0.007607348263263702,0.40533929914236067
155,0.5428853511810303,0.29280135631561277,0.16827686429023742,0.1867019534111023,0.10874732732772827,0.01772264949977398,0.4792889654636383,0.2487053632736206,0.14727891683578492,0.18677287697792053,0.09900375604629516,0.00790212769061327,0.4409576775506139
156,0.546511995792389,0.28629698753356936,0.16969682276248932,0.2033371150493622,0.10949117839336395,0.018692434206604956,0.5135909676551819,0.27637912034988404,0.15088924169540405,0.19630366265773774,0.09993216991424561,0.00763957453891635,0.4547646488063037
157,0.5421669602394104,0.2892929375171661,0.16161246001720428,0.20510793030261992,0.10310230106115341,0.018316050991415977,0.4842902600765228,0.26441618204116824,0.1539536952972412,0.15525731742382048,0.10212499499320984,0.007728671282529831,0.41906467899680133
158,0.52372807264328,0.2865611255168915,0.16149686574935912,0.1702769696712494,0.105213662981987,0.017080089822411538,0.4774118781089783,0.2586794286966324,0.1572057068347931,0.14293226599693298,0.106621915102005,0.006773293763399124,0.4135331816971302
159,0.5392304301261902,0.29603204131126404,0.16157309114933013,0.18232875764369966,0.10526435524225235,0.016468932665884495,0.48908244371414183,0.28403784036636354,0.14104406535625458,0.14689642190933228,0.0946074366569519,0.006699880957603455,0.3892478048801422
160,0.53731769323349,0.290632551908493,0.16265872716903687,0.19197914600372315,0.10353284180164338,0.01624926645308733,0.4823611855506897,0.2577755033969879,0.15811262130737305,0.15504710674285888,0.10565574169158935,0.006918756105005741,0.4257342258468271
161,0.5477218747138977,0.29143570065498353,0.16655057668685913,0.20232343375682832,0.10666275024414062,0.016479447856545447,0.4751461803913116,0.2672566294670105,0.1536515474319458,0.12767011523246766,0.10352995246648788,0.006835415959358215,0.3916870310902596
162,0.5427541613578797,0.28619083762168884,0.16461069285869598,0.20423800945281984,0.10572022795677186,0.01744735650718212,0.45641340017318727,0.2538749217987061,0.14184264540672303,0.13837554305791855,0.09566473811864853,0.006436388473957777,0.3823193150572479
163,0.5293286800384521,0.28753324747085574,0.16117613315582274,0.17993039190769194,0.10461801886558533,0.015609299205243588,0.47272725105285646,0.26977898478507994,0.1412341833114624,0.14196181297302246,0.09415106177330017,0.006569105293601751,0.38391616335138684
164,0.5296506524085999,0.2836739897727966,0.15819546580314636,0.19413731396198272,0.10186977833509445,0.016244343295693398,0.4642929255962372,0.25219184160232544,0.14732472896575927,0.14598857760429382,0.09988459050655366,0.005960623826831579,0.3991585209034383
165,0.5414116859436036,0.28817095160484313,0.1642579972743988,0.19732564687728882,0.10556631684303283,0.01671551391482353,0.46601940393447877,0.2477732479572296,0.15104024410247802,0.1495564803481102,0.10290979593992233,0.00635130275040865,0.4098578231409192
166,0.528645133972168,0.28416704535484316,0.16401887834072112,0.1788622260093689,0.10632919818162918,0.01575412303209305,0.5031358122825622,0.25688650608062746,0.155537948012352,0.20027756094932556,0.10372430384159088,0.007314486242830753,0.4668542990460992
167,0.5371666491031647,0.2861111223697662,0.16389542818069458,0.19165114760398866,0.10573085099458694,0.016886598244309426,0.4903869330883026,0.2741962730884552,0.15832668244838716,0.13351883590221406,0.10614635199308395,0.007248062547296286,0.4052399328909815
168,0.5143773913383484,0.28135486245155333,0.16262851357460023,0.1558318167924881,0.10529863834381104,0.017651193588972092,0.5071670174598694,0.27767106890678406,0.15014463067054748,0.17522153854370118,0.09954068809747696,0.009016081690788269,0.4339229390025139
169,0.5407427668571472,0.28795896768569945,0.16532460749149322,0.19099075794219972,0.10661450773477554,0.01752822957932949,0.48813496232032777,0.2595698356628418,0.1556321680545807,0.15987333059310913,0.10568913966417312,0.006973152048885822,0.4281677903607488
170,0.517998892068863,0.2776851773262024,0.16395520269870759,0.1668113499879837,0.10678908228874207,0.01662074439227581,0.4879124820232391,0.28135340809822085,0.1439538538455963,0.1383930891752243,0.09740639179944992,0.006495784875005484,0.38624911969527603
171,0.5166152715682983,0.2746535181999207,0.1611666202545166,0.17686112523078917,0.10397671163082123,0.016430477052927016,0.49259133338928224,0.26858450174331666,0.16224724650382996,0.14011837244033815,0.1089614361524582,0.006739557906985283,0.4180666130036116
172,0.5298475503921509,0.28144294023513794,0.1595773547887802,0.19255565106868744,0.1027116522192955,0.016488360054790974,0.5128337502479553,0.27538104057312013,0.15258792638778687,0.18541146218776702,0.10194479823112487,0.006868980266153813,0.4468131670728326
173,0.5400930404663086,0.28542757630348203,0.16541925966739654,0.19386285543441772,0.10686559379100799,0.015884307213127613,0.4937790870666504,0.2684440195560455,0.15291962623596192,0.15992957055568696,0.1017772063612938,0.007820829562842847,0.42244723271578555
174,0.5309412598609924,0.29018049240112304,0.159238538146019,0.17521990239620208,0.10278836339712143,0.017602382972836495,0.47662255764007566,0.25745764970779417,0.1401808649301529,0.1689341962337494,0.09494301974773407,0.006335187330842018,0.4103932682424784
175,0.5240441799163819,0.27035478353500364,0.1597198337316513,0.19966773688793182,0.10334879755973816,0.017160587199032306,0.5058583617210388,0.28565993905067444,0.15325469076633452,0.14598007798194884,0.10400657504796981,0.005944899283349514,0.4091862430796027
176,0.4982855200767517,0.26311980485916137,0.1566524922847748,0.169013112783432,0.10114296078681946,0.016319863498210907,0.5022831439971924,0.2742548227310181,0.15608936846256255,0.1539488911628723,0.10646915584802627,0.006754281744360924,0.4232616972178221
177,0.5306083619594574,0.2754626333713531,0.16690744757652282,0.18898820281028747,0.10737624168395996,0.017922942712903022,0.5153976082801819,0.26639021635055543,0.1611763834953308,0.18893260955810548,0.10815149247646332,0.007194521650671959,0.4654550071805716
178,0.5202775955200195,0.2816598415374756,0.16112548410892485,0.16425611972808837,0.10550971776247024,0.015918967500329017,0.49494812488555906,0.2570605516433716,0.14969559609889985,0.19064560532569885,0.09972155690193177,0.005749068316072225,0.44581182664260266
179,0.5310322880744934,0.27978137135505676,0.16337764263153076,0.18803052008152008,0.10582198053598404,0.015093594416975975,0.486512279510498,0.24856707453727722,0.1603127598762512,0.16470267623662949,0.1092014655470848,0.006696849595755339,0.44091375125572085
180,0.5158827543258667,0.2841400384902954,0.16176958978176117,0.14717523455619813,0.10636009126901627,0.016234407760202886,0.4928319215774536,0.2516132116317749,0.159263414144516,0.1760398268699646,0.10696766227483749,0.0064599733799695965,0.44873087666928774
181,0.5337811827659606,0.28024117946624755,0.16412667334079742,0.18952369391918183,0.1061017706990242,0.01623199749737978,0.4961708664894104,0.25937730073928833,0.15226095914840698,0.18194888830184935,0.10136329382658005,0.006233962625265122,0.4418071039021015
182,0.5255575299263,0.2760437667369843,0.16306245923042298,0.18323618769645691,0.1050143525004387,0.01673050634562969,0.4837303400039673,0.2505514144897461,0.15548247694969178,0.1621603101491928,0.10506627112627029,0.0091715469956398,0.43188060522079474
183,0.508211886882782,0.2734711587429047,0.15857509672641754,0.16038933992385865,0.102847421169281,0.016339562088251113,0.49665971398353576,0.2561001360416412,0.15754079818725586,0.17740744054317475,0.10552895367145539,0.006163876131176948,0.44664106853306296
184,0.5086476147174835,0.2708340048789978,0.15885696113109588,0.16593833565711974,0.10341555029153823,0.015168765000998974,0.47728781700134276,0.24026025235652923,0.16058285236358644,0.1638168454170227,0.10741580426692962,0.006764989625662565,0.4385804916732014
185,0.5000133395195008,0.27690765261650085,0.15247558653354645,0.1450508415699005,0.10065471082925796,0.015227139927446842,0.4481629490852356,0.2442491054534912,0.14583141803741456,0.12093729972839355,0.0999634474515915,0.006027010362595319,0.37275917557999494
186,0.5180701911449432,0.2749988496303558,0.15628947913646699,0.18198179006576537,0.10100387185811996,0.01494362149387598,0.47429901361465454,0.26426211595535276,0.14641478657722473,0.13375489711761473,0.09933549612760544,0.0059484696947038175,0.3854536495171487
187,0.5108602046966553,0.2683844745159149,0.15860900580883025,0.17320867776870727,0.10353714674711227,0.015688839182257653,0.49087023735046387,0.25992059111595156,0.152874356508255,0.16178247332572937,0.10438184291124344,0.005590571649372577,0.42462924439460037
188,0.5287828624248505,0.28580098152160643,0.15714797675609588,0.1776302009820938,0.1024721086025238,0.01475787628442049,0.45714120864868163,0.25740182399749756,0.1372627794742584,0.1262962520122528,0.09443333148956298,0.006899570859968662,0.36489193383604285
189,0.5127863466739655,0.28044790029525757,0.15808039009571076,0.152811723947525,0.10378703773021698,0.014659501612186432,0.43438237309455874,0.24999262690544127,0.13477306962013244,0.10322027206420899,0.09201575368642807,0.005111417826265096,0.3351205131970346
190,0.5342828869819641,0.29475480914115904,0.15931377708911895,0.16467243432998657,0.10386738628149032,0.015840097144246102,0.4553262233734131,0.2450493037700653,0.14363511204719542,0.13657334446907043,0.09825054705142974,0.0056073546409606935,0.38406635820865626
191,0.5153032302856445,0.2792723000049591,0.158714759349823,0.15907042324543,0.10338691174983979,0.015274067968130111,0.46101438999176025,0.24982504844665526,0.14750169217586517,0.13476684391498567,0.09863628745079041,0.0058207975700497626,0.386725621111691
192,0.5153987526893615,0.2787466585636139,0.15990954637527466,0.15770655870437622,0.10433067828416824,0.014828366227447987,0.5055639743804932,0.2462329864501953,0.16222234666347504,0.2004336714744568,0.10827960073947906,0.00822906531393528,0.47916468419134617
193,0.5277121961116791,0.27334046363830566,0.16097740828990936,0.1895772933959961,0.10386337637901306,0.018233534321188925,0.5110205769538879,0.26284552812576295,0.15230320394039154,0.19764286875724793,0.10213793218135833,0.0062477394938468935,0.4583317443728447
194,0.5227686524391174,0.2800185143947601,0.1611148238182068,0.16589859426021575,0.10496392846107483,0.015904945321381092,0.5110997080802917,0.2546088516712189,0.1604612797498703,0.20013411343097687,0.10653379559516907,0.006391585152596235,0.47352077392861247
195,0.5038739800453186,0.27689363360404967,0.15370188057422637,0.147500678896904,0.1005039244890213,0.015536567009985448,0.49532042145729066,0.2601743698120117,0.15325263142585754,0.16595557630062102,0.10425406396389007,0.0061755629256367685,0.4296378346160054
196,0.5140804529190064,0.27175176739692686,0.1564692109823227,0.17218539416790007,0.10288627743721009,0.014695515297353268,0.4646929085254669,0.26141244173049927,0.14677713215351104,0.11181524097919464,0.10121759325265885,0.006005518138408661,0.36581548452377316
197,0.5247510552406311,0.27726560831069946,0.15975742042064667,0.17644835114479065,0.10438869595527649,0.015328504517674446,0.4532476544380188,0.23107869625091554,0.14897429645061494,0.14444169402122498,0.10244673788547516,0.006958955153822899,0.40282168351113795
198,0.5157223582267761,0.27789403796195983,0.15751114785671233,0.16049803793430328,0.10295331478118896,0.01569036040455103,0.4852685213088989,0.24562824070453643,0.1571601837873459,0.1691014975309372,0.10489992946386337,0.007026040740311146,0.4381876515224576
199,0.5272953152656555,0.280115133523941,0.16457105576992034,0.16679254472255706,0.10684332251548767,0.015632280521094798,0.5098051428794861,0.2525262236595154,0.15442320108413696,0.21030668914318085,0.10265852361917496,0.006743438728153706,0.47413185257464646
200,0.5167780995368958,0.28602086305618285,0.15444370806217195,0.15187602043151854,0.10091649293899536,0.015139241330325603,0.4502895474433899,0.23421667218208314,0.15592775642871856,0.11781322062015534,0.10740775763988494,0.005960358306765556,0.38710909299552443
201,0.49832468628883364,0.26297771036624906,0.1573254406452179,0.1542137384414673,0.10366355031728744,0.01475784219801426,0.46926469206809995,0.24832234382629395,0.14556800425052643,0.15008122622966766,0.09889305084943771,0.006676524318754673,0.40121880564838647
202,0.4984865188598633,0.2668313443660736,0.15890930593013763,0.14361193031072617,0.10472997277975082,0.014892874658107758,0.4860729813575745,0.2577958106994629,0.14591439068317413,0.1663714349269867,0.09804062992334366,0.006552998162806034,0.4168794536963105
203,0.5171148419380188,0.2773628532886505,0.1566205531358719,0.16776883900165557,0.10156460255384445,0.014633576571941375,0.4849224925041199,0.2387881875038147,0.16607142388820648,0.15987165570259093,0.11334766000509262,0.006058762036263943,0.4453495016321539
204,0.5065741598606109,0.26895706057548524,0.15890228152275085,0.1569751799106598,0.10427424758672714,0.014369178004562855,0.5000291585922241,0.27480363845825195,0.1452993243932724,0.1564159095287323,0.09986735880374908,0.007120773009955883,0.4087033657357097
205,0.5086657226085662,0.2697697341442108,0.1544708788394928,0.1677271008491516,0.10118144303560257,0.015019450709223748,0.47664253115653993,0.2497177839279175,0.14697761237621307,0.16113753914833068,0.09958505928516388,0.0053553423844277855,0.4130555531941354
206,0.5066349565982818,0.26779804825782777,0.15747832357883454,0.16180169731378555,0.10346789807081222,0.01444933693856001,0.4501152575016022,0.24906101524829866,0.13938526511192323,0.12105216085910797,0.09586050361394882,0.005704143643379211,0.36200207322835926
207,0.5127756237983704,0.2718460142612457,0.15844468176364898,0.16304754614830017,0.1043819859623909,0.014980911277234554,0.456816577911377,0.2679322063922882,0.13730204105377197,0.10039423406124115,0.09492219984531403,0.005148856807500124,0.33776733176782725
208,0.4998447060585022,0.2698139727115631,0.1562154233455658,0.14617389738559722,0.10292730629444122,0.014303702674806119,0.4837877511978149,0.2525972008705139,0.1471045970916748,0.1679743081331253,0.10031262189149856,0.0055187934078276156,0.4209103205241263
209,0.5225588977336884,0.27393853664398193,0.15893350839614867,0.17906616926193236,0.10415590405464173,0.01450263150036335,0.5309006094932556,0.2682624846696854,0.156447371840477,0.21836795806884765,0.10346998423337936,0.006099837645888328,0.48438515178859237
210,0.521407276391983,0.27637033462524413,0.15753730535507202,0.17431581616401673,0.10276540219783784,0.015704863704741,0.47052279114723206,0.27087231874465945,0.13939471542835236,0.11829871833324432,0.09598080515861511,0.005403800308704377,0.3590780392289162
211,0.5118795573711395,0.2793671667575836,0.15379706621170045,0.1559420570731163,0.10045777261257172,0.01588895469903946,0.4590478718280792,0.24691773653030397,0.1539980798959732,0.11084317266941071,0.1077795922756195,0.00545906275510788,0.3780799075961113
212,0.5099843144416809,0.27600271105766294,0.1574692815542221,0.1505697712302208,0.10426860004663467,0.014374658837914467,0.46252064108848573,0.24051593542098998,0.1396157532930374,0.16275191605091094,0.09581316709518432,0.005861654132604599,0.40404249057173725
213,0.5020528674125672,0.2692019402980804,0.15574657917022705,0.15060799568891525,0.10370281487703323,0.014240274578332901,0.489417564868927,0.26506623029708865,0.14918012022972107,0.150534987449646,0.10156270563602447,0.005534273199737072,0.4068120865151286
214,0.5171837449073792,0.2779961884021759,0.15775071680545807,0.162359257042408,0.10368988662958145,0.013985658995807171,0.4910236239433289,0.25282248854637146,0.16175153255462646,0.15382446348667145,0.10989758968353272,0.005731741338968277,0.4312053270637989
215,0.5088707745075226,0.25769582986831663,0.16142277419567108,0.1797408014535904,0.10506635010242463,0.015622741542756557,0.47104952335357664,0.23953675627708435,0.15212903916835785,0.1588655084371567,0.10388790220022201,0.005106755346059799,0.41998920515179633
216,0.512735641002655,0.2740624904632568,0.15453826487064362,0.16647788286209106,0.10189972966909408,0.014346035942435265,0.4444321572780609,0.24235621690750123,0.14787792563438415,0.10434107035398484,0.10258449912071228,0.00591501509770751,0.3607185102067888
217,0.5068699896335602,0.26508132815361024,0.15220702588558196,0.17865083813667298,0.09929992258548737,0.015002380311489105,0.46045005321502686,0.2531262695789337,0.14146115481853486,0.1295926660299301,0.09726842343807221,0.005641319043934345,0.3739635633304715
218,0.5046899259090424,0.2741224944591522,0.15292619466781615,0.15364908576011657,0.10073008686304093,0.014269910007715225,0.4884377717971802,0.26602502465248107,0.1451502948999405,0.15530773997306824,0.09873863905668259,0.004950363468378782,0.40414703739807006
219,0.4913050770759583,0.26437819600105283,0.15350641906261445,0.1442999005317688,0.10136306583881378,0.014723879285156727,0.4530076324939728,0.24863237142562866,0.14237511456012725,0.1194051519036293,0.09927747100591659,0.005365328025072813,0.36642306549474596
220,0.4918087601661682,0.2676563024520874,0.15579587519168853,0.13210319280624389,0.10420359522104264,0.014317012205719949,0.451858651638031,0.2569682627916336,0.13665488362312317,0.11026877462863922,0.09590635001659394,0.005706402473151684,0.348536410741508
221,0.4976338028907776,0.26338115334510803,0.15294611155986787,0.1589924320578575,0.10144295692443847,0.01485927365720272,0.45009084343910216,0.24483582973480225,0.13960512578487397,0.1285921335220337,0.09634167850017547,0.0054714750498533245,0.3700104128569365
222,0.5038600325584411,0.26809858679771426,0.15074519217014312,0.16799312233924865,0.09947491586208343,0.014132806099951267,0.46504530906677244,0.2580844759941101,0.14343164563179017,0.12448540478944778,0.09870266765356064,0.005971881002187729,0.37259159907698625
223,0.48190491199493407,0.27016963958740237,0.14843766987323762,0.12272136360406875,0.09928544759750366,0.013115710206329822,0.45169177651405334,0.24586282968521117,0.1403369665145874,0.1287219151854515,0.09681571573019028,0.00510238204151392,0.3709769794717431
224,0.47993459105491637,0.2647628903388977,0.1528324544429779,0.12115584015846252,0.1022450178861618,0.01299805287271738,0.4882664859294891,0.26549423933029176,0.14637710452079772,0.15224104523658752,0.10032198876142502,0.004833192098885775,0.403773330617696
225,0.49890475869178774,0.27681235671043397,0.15075281858444214,0.13837089538574218,0.10010686963796615,0.015148461796343327,0.4343396008014679,0.2582829833030701,0.13306126594543458,0.08059314489364625,0.09318330287933349,0.005316743813455105,0.3121544575318694
226,0.479419881105423,0.25360815823078153,0.15265966653823854,0.1442629262804985,0.10088840425014496,0.013987885229289532,0.4374402523040771,0.2501765489578247,0.13290364742279054,0.10739076137542725,0.09116957038640976,0.005055333860218525,0.33651931304484606
227,0.5183642566204071,0.2733488202095032,0.15777795314788817,0.1732680857181549,0.10372469425201417,0.014646608196198941,0.46060752868652344,0.24556540250778197,0.14789526760578156,0.1325237274169922,0.10098457336425781,0.006854224484413862,0.38825779287144546
228,0.5001524090766907,0.27429009079933164,0.15110334753990173,0.14628947675228118,0.09941113591194153,0.015950884856283664,0.4828232228755951,0.23708226084709166,0.15683681070804595,0.17934192419052125,0.10568103045225144,0.006675831135362386,0.448535596486181
229,0.5006799936294556,0.263120236992836,0.156111541390419,0.161489737033844,0.10255398452281952,0.014854875020682811,0.47066155076026917,0.24711679816246032,0.1541387230157852,0.1381945252418518,0.10507152080535889,0.006268685217946768,0.4036734542809427
230,0.49612800478935243,0.27562397718429565,0.15253818333148955,0.13202203214168548,0.10143829882144928,0.014586511068046093,0.46997841596603396,0.2507984280586243,0.15208967328071593,0.132070916891098,0.10491145849227905,0.005212314054369926,0.39428436271846296
231,0.4886681079864502,0.26358819007873535,0.14520075917243958,0.15778084099292755,0.09553006142377854,0.014198413491249085,0.4563567996025085,0.247563636302948,0.150393608212471,0.11424037367105484,0.10365246683359146,0.00580486636608839,0.3740913150832057
232,0.4806413769721985,0.2587834268808365,0.15339100658893584,0.13428455740213394,0.10180945992469788,0.01377783715724945,0.4185300350189209,0.23129879236221312,0.13689563870429994,0.09462721347808838,0.09583533108234406,0.006027231924235821,0.3333854151889682
233,0.48797441720962526,0.263865464925766,0.1463904023170471,0.15378960371017455,0.09671892076730729,0.013156208954751492,0.4989274740219116,0.2744439959526062,0.14362050890922545,0.16012832820415496,0.09816639274358749,0.006333474349230528,0.40824870420619847
234,0.4979443669319153,0.2831857860088348,0.14713073074817656,0.13373964428901672,0.09733285903930664,0.012833366915583611,0.4369857370853424,0.24658263921737672,0.13175655603408815,0.11574977934360504,0.09079022556543351,0.004422018071636558,0.3427185790147632
235,0.48180962800979615,0.26807106137275694,0.14564447104930878,0.13351891189813614,0.09654195904731751,0.013487620837986469,0.4550964057445526,0.26122029423713683,0.1320945665240288,0.11951855421066285,0.09204361289739608,0.0048896967433393005,0.34854643037542704
236,0.4860017955303192,0.2610259234905243,0.15147595703601838,0.14491152465343476,0.10040876120328904,0.013337107561528682,0.4542290449142456,0.24648524522781373,0.1416821300983429,0.13063246607780457,0.09686813950538635,0.006109537463635207,0.37529227314516905
237,0.4917559206485748,0.25634088814258577,0.15435303151607513,0.15909608602523803,0.10227836817502975,0.014565438032150269,0.43120771646499634,0.24351947903633117,0.13316479772329332,0.10510375946760178,0.09282453954219819,0.004724694043397903,0.3358177907764912
238,0.48519890904426577,0.262145009636879,0.1531810700893402,0.1363282397389412,0.10221934169530869,0.013432213850319386,0.46659996509552004,0.25585819482803346,0.13784911036491393,0.144509157538414,0.09466353207826614,0.004937851428985595,0.38195965141057975
239,0.4903118371963501,0.2645031750202179,0.14746248424053193,0.15574066042900087,0.09703492969274521,0.013329309597611427,0.44916494488716124,0.24179930090904236,0.140075159072876,0.13438988626003265,0.09560520946979523,0.0050859152339398864,0.3751561700366437
240,0.5026657044887543,0.2776578366756439,0.15352869033813477,0.14196561127901078,0.1008616879582405,0.014209539629518986,0.488012421131134,0.24707627296447754,0.15450968742370605,0.17378347516059875,0.10511763691902161,0.005147725064307451,0.43855852456763383
241,0.507156240940094,0.26481365859508516,0.15934772789478302,0.1663380041718483,0.10445788651704788,0.013822744973003865,0.43743373155593873,0.22963754534721376,0.13951703310012817,0.13389379829168319,0.09638691693544388,0.005214504431933165,0.37501225275918837
242,0.48693969249725344,0.2596476197242737,0.15215201675891876,0.1479649066925049,0.1006469577550888,0.014034091122448444,0.4693680226802826,0.26939554810523986,0.1384182095527649,0.1224435418844223,0.09476712048053741,0.004916203394532204,0.3605450753122568
243,0.4747960329055786,0.2600449651479721,0.14689651131629944,0.13200035095214843,0.09780515283346176,0.013753545470535755,0.4422736525535583,0.2348433554172516,0.14068934917449952,0.13059802651405333,0.09720037132501602,0.005448184162378311,0.3739359311759472
244,0.468650084733963,0.24999361634254455,0.1471693366765976,0.13897189646959304,0.09816640019416809,0.013706655241549015,0.45352243185043334,0.24280163943767546,0.13780520856380463,0.14719322621822356,0.09367136955261231,0.004222496040165424,0.3828923003748059
245,0.4873293459415436,0.2655924499034882,0.147942516207695,0.14403086602687837,0.09828399419784546,0.014109429344534874,0.45537362694740297,0.23313108682632447,0.15017841160297393,0.14713053703308104,0.100987608730793,0.00527223739773035,0.4035687947645783
246,0.48546150922775266,0.2585859954357147,0.15216845870018006,0.14788491278886795,0.10063735991716385,0.013290305435657502,0.4537637889385223,0.23501012921333314,0.1504077911376953,0.13504535853862762,0.10351622551679611,0.005184827372431755,0.39415420256555084
247,0.474398797750473,0.26162322163581847,0.1451388418674469,0.1337401568889618,0.09611324071884156,0.012501201778650283,0.4297828316688538,0.2377422958612442,0.14083753228187562,0.09864843487739564,0.09772939532995224,0.005471295863389969,0.34268665835261347
248,0.4839735686779022,0.2647331714630127,0.15142880976200104,0.1326448827981949,0.10052960515022277,0.013919426128268242,0.46841742992401125,0.2633529007434845,0.13916686177253723,0.13093398213386537,0.09532813578844071,0.005038614384829998,0.37046759407967333
249,0.4812835335731506,0.2624433249235153,0.1502734065055847,0.13301628530025483,0.10055313557386399,0.013393807411193847,0.45041934251785276,0.2450767457485199,0.13855741620063783,0.1331922471523285,0.09462236016988754,0.0051137180998921394,0.37148574162274606
250,0.47802358865737915,0.2559301942586899,0.14803605973720552,0.1450849249958992,0.09844202399253846,0.013396164402365685,0.4431751847267151,0.245790559053421,0.1369834363460541,0.11958566308021545,0.0941695973277092,0.004654286708682775,0.3553929834626615
251,0.473653119802475,0.26032968163490294,0.14429769814014434,0.13459935337305068,0.09664703756570817,0.012174824438989162,0.4586048126220703,0.24179747104644775,0.15263285040855407,0.12544219940900803,0.10548670142889023,0.005619384441524744,0.3891811356879771
252,0.4715942680835724,0.2524936020374298,0.1505072683095932,0.13329553753137588,0.10032080858945847,0.013959803618490696,0.463674795627594,0.25083664059638977,0.14483623206615448,0.1349572107195854,0.09958915114402771,0.004639048408716917,0.38402164233848457
253,0.4953395426273346,0.2681460678577423,0.14555091857910157,0.15891295224428176,0.09642081260681153,0.015301831066608429,0.4477112591266632,0.2438327193260193,0.1337287813425064,0.14102088809013366,0.09083583950996399,0.004827272146940231,0.3704127810895443
254,0.48874631524086,0.261471688747406,0.15528161227703094,0.14047409892082213,0.10362536907196045,0.013655425049364567,0.457674378156662,0.26103209257125853,0.13872698545455933,0.11437691897153854,0.09543595761060715,0.004799508303403854,0.35333937034010887
255,0.48282101154327395,0.2677976876497269,0.14880713820457458,0.13101139068603515,0.0983261525630951,0.013098661042749881,0.46131603717803954,0.24896354079246522,0.14916703701019288,0.1207100123167038,0.10478969067335128,0.00491541475057602,0.3795821547508239
256,0.477317875623703,0.2649849236011505,0.14469214975833894,0.13228363543748856,0.0965020477771759,0.012562877126038074,0.4541492164134979,0.257550036907196,0.13689968287944793,0.11428414881229401,0.09572945386171341,0.005315512046217918,0.3522287975996733
257,0.4700362026691437,0.2599588930606842,0.1470801681280136,0.12307793051004409,0.09744922220706939,0.013930123671889305,0.45189996957778933,0.24851748943328858,0.14886279106140138,0.10599058717489243,0.10306669026613235,0.0053232873789966105,0.3632433558814228
258,0.48794397711753845,0.27327455282211305,0.14376058876514436,0.137354776263237,0.09640371203422546,0.012920309230685234,0.4407146811485291,0.24703287184238434,0.12809341847896577,0.12842156291007994,0.0885978564620018,0.00489027975127101,0.3500031176023185
259,0.4789089262485504,0.2554029762744904,0.1461809277534485,0.1531965136528015,0.09635403603315354,0.013398753106594085,0.44438872337341306,0.24234299659729003,0.13984182178974153,0.12361772656440735,0.09573601037263871,0.0050966132432222365,0.3642921719700098
260,0.49273345470428465,0.2641842782497406,0.15090300738811493,0.15158505141735076,0.1003653198480606,0.014240850321948528,0.46067104339599607,0.22817462980747222,0.14256469607353212,0.17864309549331664,0.0979477271437645,0.004915433004498482,0.4240709517151117
261,0.47704907655715945,0.2601765751838684,0.15082238614559174,0.1298643171787262,0.10020786225795746,0.012971521727740765,0.4334720969200134,0.2559120297431946,0.1331710025668144,0.0853790245950222,0.09283937066793442,0.004159757494926452,0.3155491553246975
262,0.48805652260780336,0.2587150692939758,0.15540832579135894,0.14607387781143188,0.10273719429969788,0.013889675214886665,0.43385998606681825,0.23857457637786866,0.14028958678245546,0.10778696537017822,0.09678074717521667,0.005048556905239821,0.3499058562330902
263,0.4717791497707367,0.2562301218509674,0.14889051020145416,0.12967206090688704,0.09958759993314743,0.012916481494903565,0.4450513482093811,0.2548996925354004,0.13489514142274855,0.10527195632457734,0.0941308781504631,0.00583249144256115,0.34013046734035013
264,0.4769211828708649,0.2489681214094162,0.15191074907779695,0.1497085288167,0.10075932294130326,0.013532495498657227,0.40968626737594604,0.2244851529598236,0.1284842312335968,0.1109504982829094,0.08878385275602341,0.004793477337807417,0.3330120596103371
265,0.46560251116752627,0.258194562792778,0.1452999621629715,0.12058893293142318,0.0966544821858406,0.013738021068274976,0.4497956454753876,0.2480278342962265,0.14175359308719634,0.11824928522109986,0.09760766625404357,0.00501878522336483,0.3626293297857046
266,0.47710734605789185,0.2621682703495026,0.15047746896743774,0.12632381916046143,0.10032638758420945,0.012615060992538929,0.43896530866622924,0.23753176927566527,0.13826063573360442,0.12455235719680786,0.0954161286354065,0.004526084940880537,0.3627552065066993
267,0.47275938987731936,0.2611647188663483,0.1465802311897278,0.12622597366571425,0.0976886123418808,0.013638039492070675,0.46033296585083006,0.2648234128952026,0.14613096415996552,0.09285942167043686,0.10252754539251327,0.005425964668393135,0.34694389589130875
268,0.47247310280799865,0.25422264337539674,0.14898518323898316,0.1352988064289093,0.09936965852975846,0.013071720860898495,0.4283295810222626,0.23317821621894835,0.1349625214934349,0.11588656902313232,0.09441229403018951,0.004614075087010861,0.3498754596337676
269,0.47583031058311465,0.2669796049594879,0.14657530188560486,0.12114993333816529,0.09770885705947877,0.013188588060438633,0.4519044876098633,0.23968381881713868,0.14366577714681625,0.13472073078155516,0.09918850511312485,0.00514412596821785,0.38271913900971405
270,0.46864540576934816,0.2529848515987396,0.14923377633094786,0.1293127030134201,0.09945485889911651,0.013558430038392544,0.44199304580688475,0.24705734252929687,0.14477088451385497,0.09668073803186417,0.10037717968225479,0.005573731567710638,0.3474025337956846
271,0.4596629023551941,0.2546204775571823,0.14233653545379638,0.12057253420352936,0.09484392702579499,0.014422520250082015,0.44133169651031495,0.23685062825679778,0.14354285597801208,0.12202254235744477,0.09799841195344924,0.0048170692287385465,0.3683808795176446
272,0.4761293590068817,0.26616071462631224,0.1463715761899948,0.1251431882381439,0.09685837924480438,0.013254380039870738,0.4593939661979675,0.2651402235031128,0.1382954478263855,0.10730855464935303,0.09622131735086441,0.0057790218852460384,0.347604341711849
273,0.48311908841133117,0.2595382660627365,0.14633910953998566,0.15248909294605256,0.09688205569982529,0.013104978390038014,0.43839452266693113,0.23235690891742705,0.13985301554203033,0.1327976405620575,0.09538612216711044,0.004593494907021522,0.37263027317821984
274,0.47594097852706907,0.2575504660606384,0.1475682646036148,0.13997789472341537,0.09765700846910477,0.012948141992092132,0.43157375454902647,0.22884380221366882,0.14017212390899658,0.12267993986606598,0.09657020270824432,0.005536261200904846,0.3649585276842117
275,0.47083206176757814,0.2534953713417053,0.14556742906570436,0.14008229374885559,0.09688851982355118,0.013473589345812798,0.43222339153289796,0.245841583609581,0.13709027022123338,0.09383894801139832,0.09597211480140685,0.004726226255297661,0.33162755928933624
276,0.4639829993247986,0.2561046779155731,0.14315057396888733,0.1251981496810913,0.09632946699857711,0.01200922466814518,0.4323288917541504,0.24864487648010253,0.13591412007808684,0.09009185880422592,0.09541771411895753,0.004892301838845014,0.3263159948401153
277,0.46933757066726683,0.2593431532382965,0.1473398655653,0.12051895260810852,0.09918114095926285,0.012703686021268368,0.46691571474075316,0.24692990779876708,0.14944907426834106,0.13941035270690919,0.10312108844518661,0.004649615474045276,0.3966301308944822
278,0.47339842319488523,0.2564690411090851,0.14968628883361818,0.13173569291830062,0.09980008155107498,0.012711117602884769,0.43960142135620117,0.24270345866680146,0.14084597826004028,0.10854600369930267,0.09813667684793473,0.004468972608447075,0.35199763141572477
279,0.4660203158855438,0.253222918510437,0.1476991206407547,0.12538672983646393,0.09912866055965423,0.013331268727779389,0.4397826850414276,0.23371948599815368,0.14582216143608093,0.11623115539550781,0.10173544734716415,0.0049310455098748205,0.3687198096886277
280,0.4675847291946411,0.2555257022380829,0.14208786189556122,0.1349449038505554,0.09584190845489501,0.012236624211072921,0.4542680621147156,0.23671318888664244,0.14665470719337464,0.13944477438926697,0.10083108842372894,0.006010029278695583,0.3929405992850662
281,0.4676939189434052,0.2500356525182724,0.14592767357826233,0.1414969429373741,0.09692061096429824,0.012421756237745284,0.4541762053966522,0.25987014174461365,0.14152504801750182,0.10046246945858002,0.09913226813077927,0.004970073699951172,0.34608985930681224
282,0.4603579998016357,0.2637190192937851,0.13933883607387543,0.11042683124542237,0.09336600750684738,0.012515817768871784,0.41859702467918397,0.22970526218414306,0.13664156198501587,0.1007559835910797,0.09484576284885407,0.005351013317704201,0.33759432174265386
283,0.4653489887714386,0.2537994682788849,0.14543547928333284,0.12788898199796678,0.0975353017449379,0.012878122366964817,0.4465222179889679,0.24016535878181458,0.150107342004776,0.10880317091941834,0.10414270907640458,0.0055607306770980355,0.3686139526776969
284,0.46019797325134276,0.2504225492477417,0.14412509500980378,0.12823070585727692,0.0961914524435997,0.012462200224399566,0.4101842761039734,0.22634106278419494,0.13620537519454956,0.09076622128486633,0.0952663078904152,0.004664319939911366,0.3269022243097424
285,0.45811536312103274,0.25525779128074644,0.14547095000743865,0.1119100496172905,0.0971722036600113,0.012178132869303226,0.4418693780899048,0.22899932861328126,0.143888059258461,0.13551170825958253,0.09934299886226654,0.005209517665207386,0.38395228404551746
286,0.45696765184402466,0.2477547526359558,0.14644066095352173,0.12148826271295547,0.09842609614133835,0.012220941856503487,0.4505537152290344,0.2553310751914978,0.13928300142288208,0.10497076511383056,0.09820091873407363,0.005502939969301224,0.3479576252400875
287,0.45774956941604616,0.2579925686120987,0.1417801320552826,0.11143885403871537,0.09539474844932556,0.012217582575976849,0.430765175819397,0.23147671818733215,0.14379218816757203,0.10691401213407517,0.10016766786575318,0.005052277073264122,0.3559261452406645
288,0.473346346616745,0.25562517046928407,0.14624750018119811,0.1407560184597969,0.09732666313648224,0.012284490652382374,0.45080896019935607,0.251109254360199,0.13805024027824403,0.12169030606746674,0.09518925994634628,0.004500473802909255,0.3594302800949663
289,0.46692439913749695,0.2510908544063568,0.14342842996120453,0.14062724113464356,0.09610546380281448,0.012771841883659363,0.448491644859314,0.25398725271224976,0.1379856914281845,0.10967495888471604,0.09579645842313766,0.004949451377615333,0.3484065601136535
290,0.4747646152973175,0.25859898030757905,0.14571405053138733,0.13821437060832978,0.09712557196617126,0.012437305226922036,0.4531356394290924,0.23912537097930908,0.1481398105621338,0.12756668627262116,0.1031426578760147,0.005284610949456692,0.38413376566022633
291,0.4698690891265869,0.254213947057724,0.1483493149280548,0.13003403097391128,0.09939104616641999,0.013484600931406021,0.4325032591819763,0.23643652498722076,0.14107502698898317,0.1062855675816536,0.09779642075300217,0.005610034242272377,0.35076704956591126
292,0.4670263111591339,0.26183289885520933,0.14087702035903932,0.12587811350822448,0.0943010464310646,0.01138039045035839,0.4250255525112152,0.24621445834636688,0.12516666054725648,0.10262105166912079,0.0876511961221695,0.004598762094974518,0.32003767043352127
293,0.4670905113220215,0.2532468348741531,0.14762367606163024,0.1279563084244728,0.09926998168230057,0.01261686310172081,0.4318291962146759,0.24632529616355897,0.14128789007663728,0.08341276198625565,0.09919370710849762,0.004434873908758163,0.3283292330801487
294,0.4557983219623566,0.25347494781017305,0.14237177968025208,0.1160528987646103,0.0955013394355774,0.012168093398213387,0.44814333915710447,0.24959791898727418,0.14279808700084687,0.10912215113639831,0.09882556796073913,0.004638727568089962,0.3553845336660743
295,0.4709594190120697,0.2625874638557434,0.1462845802307129,0.12079441994428634,0.09803148657083512,0.012115808762609958,0.4300185739994049,0.23633660674095153,0.14204425513744354,0.0972001537680626,0.10020982325077057,0.004517555236816406,0.3439717873930931
296,0.4609481394290924,0.24940695464611054,0.14748589396476747,0.12436609268188477,0.09875422418117523,0.01271627377718687,0.41067150235176086,0.23297904729843139,0.1405006617307663,0.06830121576786041,0.0993103951215744,0.004162514396011829,0.312274787016213
297,0.4671168982982635,0.26775782704353335,0.14366552233695984,0.10706949979066849,0.09663106799125672,0.012187210842967033,0.4227894306182861,0.24141683876514436,0.12939809262752533,0.10160169452428817,0.08966758102178574,0.004169532470405102,0.32483690064400433
298,0.4618603587150574,0.25373595058917997,0.145017209649086,0.12304051667451858,0.09724599868059158,0.011705959960818291,0.4269837558269501,0.23314962387084961,0.13541216552257537,0.11141692847013474,0.0952018678188324,0.004600342363119125,0.34663130417466165
299,0.4798233985900879,0.268610817193985,0.14507966637611389,0.12959813922643662,0.09728002101182938,0.011219190061092376,0.4190605223178864,0.22534084618091582,0.14034777283668518,0.10612979829311371,0.09647064059972763,0.004159601405262947,0.34710781313478944
300,0.46791532039642336,0.25081069469451905,0.1464130848646164,0.13897564709186555,0.09788951128721238,0.011606762185692787,0.42072953581809996,0.23658024668693542,0.13283873498439788,0.09830770194530487,0.09264299124479294,0.00500159440562129,0.32879102258011705
301,0.47122746109962466,0.2587821245193481,0.1453812062740326,0.13032060563564302,0.09744590669870376,0.012449546717107296,0.4408329129219055,0.25063886642456057,0.13547976613044738,0.10472369492053986,0.09488724917173386,0.004602035507559776,0.33969274573028085
302,0.4579482078552246,0.2550648719072342,0.13996634185314177,0.12211041897535324,0.09399840980768204,0.011679613776504994,0.4275274634361267,0.24227152466773988,0.13658708930015565,0.09124029874801635,0.09638515263795852,0.004549035243690014,0.32876157592982047
303,0.45671515464782714,0.24861725866794587,0.14336524903774261,0.1266426682472229,0.09546994268894196,0.012594078667461872,0.4303926110267639,0.2439198076725006,0.12484080791473388,0.12105761170387268,0.08626192212104797,0.004459712048992514,0.33662005378864707
304,0.46421711444854735,0.25223284065723417,0.14899469614028932,0.12134985476732255,0.10036858916282654,0.012484690174460411,0.4378786623477936,0.2268172651529312,0.14315804243087768,0.13309161067008973,0.0992000162601471,0.004736365005373955,0.3801860343664884
305,0.4563232183456421,0.2544597923755646,0.136454176902771,0.1255083978176117,0.09190385788679123,0.012538225762546063,0.4427534282207489,0.23498524427413942,0.1472918540239334,0.11614483892917633,0.1027315229177475,0.005553427059203387,0.3717216429300606
306,0.46957839727401735,0.2568096458911896,0.14545890986919402,0.13097575008869172,0.0975233718752861,0.012239678390324115,0.3998390734195709,0.22603441178798675,0.12530473470687867,0.09132848978042603,0.08827732056379319,0.004543360322713852,0.30945390537381173
307,0.45826061367988585,0.25871151089668276,0.1431931585073471,0.10887091159820557,0.09642761647701263,0.011456178687512874,0.4198149085044861,0.22695309519767762,0.14048614203929902,0.10049112439155579,0.09776897132396697,0.005402853060513735,0.34414909081533557
308,0.4531392753124237,0.25116915702819825,0.13853929042816163,0.1227564349770546,0.09250401109457015,0.01305216010659933,0.42320448756217954,0.2515001088380814,0.12884663343429564,0.08032164424657821,0.0905805543065071,0.004618071112781763,0.3043669031001628
309,0.4585736095905304,0.2609906792640686,0.13651859164237976,0.12010474950075149,0.09090598821640014,0.011337971687316895,0.4248064994812012,0.23689445853233337,0.12458816766738892,0.12660502195358275,0.08496249318122864,0.004541177861392498,0.34069686066359284
310,0.44869906902313234,0.2553050398826599,0.13769855797290803,0.10609240233898162,0.09298687279224396,0.012102795578539372,0.43442508578300476,0.2478719413280487,0.13126541376113893,0.10692021697759628,0.09167228788137435,0.004082288965582848,0.33394020758569243
311,0.4638798952102661,0.2567131847143173,0.1460707515478134,0.1179364025592804,0.09852840453386306,0.01169776301831007,0.42576575875282285,0.22174595594406127,0.14150131046772002,0.12189209461212158,0.0984079048037529,0.004430919885635376,0.36623222976922987
312,0.454054582118988,0.24805413484573363,0.1443846791982651,0.12035366892814636,0.0964827761054039,0.01205086912959814,0.4161993503570557,0.22982853055000305,0.13591257035732268,0.09620955809950829,0.09529751539230347,0.004389513563364744,0.3318091574124992
313,0.45122392773628234,0.24604226052761077,0.1433178812265396,0.12138581573963166,0.09549332857131958,0.012000130861997605,0.44521901607513426,0.2498328685760498,0.1384289175271988,0.1097111701965332,0.09680677801370621,0.004390241950750351,0.34933710768818854
314,0.4595188617706299,0.25539684295654297,0.14758207499980927,0.10863112658262253,0.09961217641830444,0.011839308589696885,0.4078772783279419,0.2243048369884491,0.1328666627407074,0.09458141028881073,0.09424939155578613,0.004344688542187214,0.32604215312749146
315,0.45107426047325133,0.24932820498943328,0.14260029792785645,0.1123497873544693,0.09640610814094544,0.012769964337348939,0.4036917150020599,0.22138888239860535,0.1348726212978363,0.08878728747367859,0.09536352306604386,0.004167768126353622,0.3231911999639124
316,0.461273318529129,0.2566841632127762,0.1441131889820099,0.11658943146467209,0.09692883044481278,0.012263301387429237,0.436244934797287,0.2361934542655945,0.14988147914409639,0.09459593296051025,0.10551136881113052,0.0045553968288004395,0.3545441777445376
317,0.45549206137657167,0.24611464738845826,0.1457800716161728,0.12379391640424728,0.09753298610448838,0.012426881305873393,0.42987807393074035,0.23894293308258058,0.13713606595993041,0.1029803141951561,0.09591070115566254,0.004786956962198019,0.34081403827294704
318,0.4515015721321106,0.239936962723732,0.14636884033679962,0.12705989331007003,0.0978030115365982,0.01264200173318386,0.41282777190208436,0.24895678460597992,0.12334375977516174,0.07606115937232971,0.08662770241498947,0.004419118445366621,0.29045174000784757
319,0.43888036608695985,0.23746176362037658,0.14126480519771575,0.11535159349441529,0.09497505724430085,0.012776625156402589,0.37974106073379515,0.21829317808151244,0.12430072724819183,0.06794265359640121,0.0882387787103653,0.0038950763177126647,0.284377235872671
320,0.45063101053237914,0.24721637964248658,0.1447959452867508,0.1131411463022232,0.0976055845618248,0.011599374003708363,0.4027707040309906,0.2277843952178955,0.1354771614074707,0.07492094486951828,0.0949722483754158,0.003820905089378357,0.3091912597417832
321,0.46524564623832704,0.2542069792747498,0.14469417035579682,0.12887438535690307,0.09720813930034637,0.011970183998346328,0.4346529126167297,0.22984780073165895,0.1376465767621994,0.1316168874502182,0.09545640349388122,0.004492553696036339,0.36921242140233523
322,0.45275152921676637,0.24566443264484406,0.14709399938583373,0.11592373847961426,0.09873105734586715,0.01253194697201252,0.4355789840221405,0.2420709878206253,0.13804636001586915,0.10690321773290634,0.09642433673143387,0.004436317645013332,0.3458102321252227
323,0.4539287507534027,0.24834412932395936,0.14436709582805635,0.11879028230905533,0.09695901572704316,0.011840691417455673,0.43851863741874697,0.25162890553474426,0.1255953222513199,0.1211221992969513,0.0868936762213707,0.003512678062543273,0.33712387583218517
324,0.45291191935539243,0.2559523582458496,0.13707632422447205,0.1142405167222023,0.09278816729784012,0.01185645218938589,0.4189720094203949,0.24619577527046205,0.1337556540966034,0.07314231693744659,0.09419076293706893,0.003775260038673878,0.3048639940097928
325,0.44768635034561155,0.24300694465637207,0.14400659501552582,0.11654137074947357,0.09708730727434159,0.012238866090774536,0.4414960265159607,0.2554987370967865,0.13325358629226686,0.10194853246212006,0.09273863285779953,0.004616603953763843,0.3325573555659503
326,0.44963406324386596,0.24692246615886687,0.14515462517738342,0.11112759411334991,0.09770953357219696,0.01178375855088234,0.409509015083313,0.221447217464447,0.13561818599700928,0.10075014233589172,0.09488179683685302,0.004238889552652836,0.3354890147224069
327,0.4545654296875,0.24907076358795166,0.14531083405017853,0.11557198762893676,0.09839677810668945,0.011437282338738442,0.4154338240623474,0.23304040729999542,0.13428407162427902,0.09064490050077438,0.09458522647619247,0.0044010144658386706,0.32391521306708454
328,0.441749370098114,0.2462652951478958,0.13714658319950104,0.110978601872921,0.09308021515607834,0.011541174352169037,0.41265774965286256,0.234859836101532,0.12850607335567474,0.09589260667562485,0.08944555968046189,0.0037083848379552363,0.31755262454971667
329,0.455141544342041,0.2579948365688324,0.14050165116786956,0.10835294127464294,0.09492632895708084,0.01178682055324316,0.40344254970550536,0.21770685017108918,0.13488475680351258,0.09560205936431884,0.09517899006605149,0.004580496530979872,0.3302463027648628
330,0.4529176473617554,0.25573818385601044,0.14051999449729918,0.1080047070980072,0.09531488567590714,0.011412466689944268,0.46416411399841306,0.2660713315010071,0.14394378960132598,0.10348268449306489,0.10103687196969986,0.004262908082455397,0.3527262541465461
331,0.4499707520008087,0.24870325922966002,0.14461462795734406,0.10797715038061143,0.09800921678543091,0.011770625784993171,0.4237088918685913,0.23297473192214965,0.13904069662094115,0.0993793860077858,0.09721680134534835,0.004230890795588494,0.3398677747696638
332,0.4506265878677368,0.26043289303779604,0.13855661153793336,0.09878462851047516,0.09352480471134186,0.011419180780649185,0.3813870370388031,0.21405927538871766,0.1262819766998291,0.07589008808135986,0.08929729461669922,0.00440166569314897,0.2958710250910372
333,0.44257081151008604,0.24877003729343414,0.1398619145154953,0.103164441883564,0.09456187784671784,0.011396209895610809,0.4421122074127197,0.24267112612724304,0.1452887922525406,0.10375279784202576,0.10151762366294861,0.00492084315046668,0.3554800569079817
334,0.454417359828949,0.25907258987426757,0.14238863587379455,0.10064981132745743,0.09632257968187333,0.011961380019783974,0.42502119541168215,0.22914161682128906,0.1436830371618271,0.0988463893532753,0.10132414400577545,0.0040546517819166185,0.34790822230279445
335,0.4552720844745636,0.2580706477165222,0.13903296887874603,0.11150280088186264,0.09378542304039002,0.011909425444900989,0.41170207858085633,0.2280195653438568,0.13584786653518677,0.09074204862117767,0.0954896479845047,0.0041349358856678006,0.326214499026537
336,0.4402319371700287,0.2528603196144104,0.13298523426055908,0.10389633774757386,0.08980700969696045,0.011441735737025737,0.4232474625110626,0.23354427814483641,0.13254619538784027,0.10998934507369995,0.09273476451635361,0.0044197665061801675,0.339690071484074
337,0.4463602066040039,0.2488744765520096,0.13899151980876923,0.11390733569860459,0.09309227019548416,0.011484663933515549,0.4405218720436096,0.23577005863189698,0.14032729268074035,0.1274896591901779,0.09670936465263366,0.004398867581039667,0.36892518410459163
338,0.4501129984855652,0.25137144029140474,0.14039196074008942,0.11270333528518676,0.09447530210018158,0.011594000272452831,0.4188934564590454,0.228840371966362,0.13269138634204863,0.1108460247516632,0.0926169902086258,0.00441132253035903,0.3405657238326967
339,0.4477012395858765,0.2535076320171356,0.14261832237243652,0.09879237413406372,0.09593654423952103,0.012150754779577255,0.3943778157234192,0.21403033137321473,0.1328521877527237,0.09537012428045273,0.09089084863662719,0.0038318284787237644,0.32294498914852743
340,0.4605113506317139,0.24775361120700837,0.14956587851047515,0.12454668879508972,0.09880312234163284,0.013623015955090523,0.4319472908973694,0.23490158319473267,0.14598214328289033,0.09998893961310387,0.10106419175863265,0.004384812712669372,0.35142008736729624
341,0.42870972156524656,0.24181126356124877,0.13984880447387696,0.09193389117717743,0.09326506555080413,0.011423618346452714,0.3918353855609894,0.23593877553939818,0.1246821105480194,0.058652551472187044,0.08714112490415574,0.004049100354313851,0.274524887278676
342,0.449324244260788,0.2391949862241745,0.1442923814058304,0.13152077049016953,0.0951035350561142,0.011955198645591737,0.4175603687763214,0.22615706622600557,0.13141758292913436,0.11783216595649719,0.09081535786390305,0.00449308892711997,0.3445581956766546
343,0.4488163530826569,0.25413753986358645,0.1366597145795822,0.11367687731981277,0.09125750958919525,0.011169884726405144,0.42930434346199037,0.23742756843566895,0.14357032775878906,0.0938707247376442,0.09981816858053208,0.004104262962937355,0.34136348403990274
344,0.45135727524757385,0.2450573682785034,0.14596325159072876,0.11748245358467102,0.09774138629436493,0.012056606635451318,0.42718579769134524,0.2460010141134262,0.14031168222427368,0.07539911717176437,0.09925778806209565,0.004267879575490951,0.3192364670336247
345,0.433008086681366,0.24724960923194886,0.1359322875738144,0.09483209997415543,0.09212477952241897,0.010875893197953701,0.41442070007324217,0.23519332706928253,0.13545172214508056,0.08211308121681213,0.09552543014287948,0.004019771283492446,0.3171100047882646
346,0.45798038840293886,0.2615422487258911,0.14294100403785706,0.10090514719486236,0.09755711257457733,0.011092283949255943,0.4303543210029602,0.22352193892002106,0.14999563694000245,0.11242302358150483,0.10342182815074921,0.004400730226188898,0.3702412188984454
347,0.441298371553421,0.24809607863426208,0.14138743579387664,0.0981963187456131,0.0958542361855507,0.011667312122881413,0.4120626747608185,0.23508826792240142,0.1325199067592621,0.08524488210678101,0.09269405156373978,0.003803903004154563,0.31426274343393745
348,0.45106478333473204,0.2501486957073212,0.1406925529241562,0.11682680547237397,0.09453456848859787,0.011520699039101601,0.4021258890628815,0.22674890160560607,0.13164287507534028,0.0820774644613266,0.09237416237592697,0.004942457005381584,0.31103695891797545
349,0.4343850910663605,0.2413615971803665,0.1378781944513321,0.10388498902320861,0.09391474723815918,0.011605596914887429,0.4103405594825745,0.22955618500709535,0.13916435241699218,0.07981260716915131,0.09700913280248642,0.004239244852215052,0.32022533724084495
350,0.4397919595241547,0.2498050659894943,0.14176076352596284,0.09304666966199875,0.09533224701881408,0.011206171289086343,0.4165236592292786,0.24153021574020386,0.1421571433544159,0.060949568450450894,0.09994371682405472,0.0038555840030312536,0.3069060126319528
351,0.4501910746097565,0.2596266150474548,0.14144494235515595,0.09336247965693474,0.09592692404985428,0.011045623011887074,0.4234384298324585,0.2496322751045227,0.12326791435480118,0.09510491415858269,0.08682862371206283,0.004889401979744435,0.3100908542051911
352,0.4401674270629883,0.2504399955272675,0.13733572661876678,0.099302639067173,0.09321555495262146,0.011319673806428909,0.4011245250701904,0.23140543103218078,0.12703894972801208,0.07880202233791352,0.08993424028158188,0.004544326942414046,0.3003195392899215
353,0.44910629987716677,0.25148718655109403,0.14516473710536956,0.0990377739071846,0.09852905422449112,0.012043518014252186,0.4075728178024292,0.22598045468330383,0.13755929172039033,0.07940452545881271,0.09826838821172715,0.004707816429436207,0.3199400218203664
354,0.43858146071434023,0.2508577346801758,0.13984351456165314,0.08853762149810791,0.09553054869174957,0.011942597106099129,0.39155479073524474,0.20481926798820496,0.13649705052375793,0.09517319798469544,0.0959626242518425,0.0044743894599378106,0.3321072622202337
355,0.4294852435588837,0.25064765214920043,0.13389213681221007,0.08457270860671998,0.09061137586832047,0.011544468440115451,0.4273019671440125,0.2342460960149765,0.13499060571193694,0.11282051205635071,0.09395666420459747,0.004383589047938586,0.3461513710208237
356,0.4476163566112518,0.2521654605865479,0.1351969599723816,0.1164376050233841,0.09093515574932098,0.011475676111876965,0.42002655267715455,0.23922622203826904,0.13823752105236053,0.08034282177686691,0.0968391016125679,0.0046370943076908585,0.32005653874948625
357,0.4422429263591766,0.24870032370090484,0.14008139967918395,0.10127655267715455,0.09488634765148163,0.011987105943262577,0.3991608083248138,0.22305014729499817,0.13701554536819457,0.07243060022592544,0.09652461707592011,0.004532117303460837,0.3105028799735009
358,0.44098415970802307,0.24359794855117797,0.13979441225528716,0.11068173050880432,0.09418964684009552,0.011834765784442425,0.4422354638576508,0.2521186679601669,0.13637754321098328,0.10393381416797638,0.09540607184171676,0.0036610602866858242,0.3393784895073622
359,0.44182297587394714,0.25457383394241334,0.13834215700626373,0.0933193251490593,0.09341213256120681,0.011349385045468808,0.4181660830974579,0.2273988276720047,0.13663765490055085,0.10239992588758469,0.09634883850812911,0.0044543096795678135,0.3398407289758325
360,0.44111507534980776,0.25154676139354704,0.13461341559886933,0.10516482442617417,0.0909221425652504,0.01135946437716484,0.4084769725799561,0.23904879093170167,0.1295062243938446,0.07310637235641479,0.09168727844953536,0.004671632871031761,0.2989715080708265
361,0.4372426629066467,0.2440624862909317,0.14067317247390748,0.10070520490407944,0.09469348043203354,0.011864263378083707,0.41908138394355776,0.22790533900260926,0.1418711394071579,0.09296243786811828,0.09975509196519852,0.00475678313523531,0.33934545237571
362,0.4497158586978912,0.2489053040742874,0.1391507178544998,0.12123603820800781,0.09258309304714203,0.01172843500971794,0.40901015400886537,0.24040368497371672,0.12784429043531417,0.07570203840732574,0.09027125537395478,0.004261793754994869,0.2980793779715895
363,0.44358254671096803,0.25460230112075805,0.13599109053611755,0.10065234452486038,0.09223438054323196,0.011244749836623668,0.4068284571170807,0.23214567005634307,0.13405889570713042,0.07548552602529526,0.09469180852174759,0.00406110230833292,0.3082973325625062
364,0.45045270323753356,0.2512211114168167,0.1420455753803253,0.10958398580551147,0.09621072709560394,0.011230415478348733,0.4143738687038422,0.24372090697288512,0.12830303609371185,0.07868139594793319,0.09098368436098099,0.003675331361591816,0.30164344776421786
365,0.4475902259349823,0.2502184331417084,0.14106885492801666,0.10743766278028488,0.09569211900234223,0.011280355229973792,0.41323429346084595,0.23385642766952514,0.12586158514022827,0.10288195461034774,0.08805817216634751,0.0042404855601489546,0.32104219747707247
366,0.44035637378692627,0.25099848210811615,0.1383976310491562,0.09503870606422424,0.09463602155447007,0.011366455256938935,0.4089910626411438,0.22567595839500426,0.14287901818752288,0.07306742742657661,0.10153818577528,0.004758967645466327,0.32224359903484584
367,0.431658536195755,0.2446286201477051,0.13595899641513826,0.09744594097137452,0.09185349941253662,0.01133147943764925,0.4173446774482727,0.23231189846992492,0.128958660364151,0.10827889144420624,0.09029171019792556,0.003828018344938755,0.33135728035122153
368,0.42353626489639284,0.24033287167549133,0.13469766676425934,0.09235187694430351,0.09106658548116683,0.011103140562772751,0.393648362159729,0.218102365732193,0.12948364317417144,0.08506862670183182,0.09139836877584458,0.005536421574652195,0.3114870602265
369,0.4329043447971344,0.243961301445961,0.13559692203998566,0.10061940550804138,0.09238836020231248,0.01113179512321949,0.4139368116855621,0.22343313694000244,0.13808992505073547,0.10089896768331527,0.09644672274589539,0.004360984824597835,0.339796600304544
370,0.41618019342422485,0.23518796265125275,0.13424186408519745,0.08728591799736023,0.09151688516139984,0.011119682341814041,0.3900646805763245,0.23521605432033538,0.12761623710393905,0.04677150771021843,0.0910475954413414,0.0042608225718140606,0.2696961628273129
371,0.4218580961227417,0.23836412131786347,0.13646275997161866,0.08801853507757187,0.09295713901519775,0.011177462711930274,0.4408410847187042,0.24145011305809022,0.13921939730644226,0.11843821853399276,0.09622115194797516,0.004369789734482765,0.3582485575228929
372,0.44457355737686155,0.2507725417613983,0.1410509765148163,0.1012325033545494,0.09498957693576812,0.01175977811217308,0.39497074484825134,0.21328660547733308,0.13098871111869811,0.09837599396705628,0.09113461673259735,0.00412978520616889,0.32462910702452064
373,0.44704349637031554,0.2555354595184326,0.13704283237457277,0.10377789735794067,0.0926308125257492,0.011750831827521324,0.4225598335266113,0.2364276945590973,0.13514706194400788,0.09619628190994263,0.09527673572301865,0.00442632706835866,0.3310464066453278
374,0.44266932606697085,0.2472941905260086,0.1372324526309967,0.10901657789945603,0.09384055584669113,0.011713137663900853,0.4158333480358124,0.22277367115020752,0.14386587738990783,0.09362948536872864,0.10077153444290161,0.0046273178420960905,0.34289421504363415
375,0.42747741341590884,0.24569087624549865,0.13066160678863525,0.09539212733507156,0.08928738981485367,0.011209216155111789,0.42650431394577026,0.24972159862518312,0.1389794498682022,0.07024113535881042,0.09808264672756195,0.0037713147699832915,0.31107454672455787
376,0.43935149908065796,0.24352304637432098,0.14282297790050508,0.1016579121351242,0.09647519290447235,0.011354835890233516,0.4275536358356476,0.24011316001415253,0.1354151964187622,0.09722269624471665,0.09622498899698258,0.003959160577505827,0.33282204223796724
377,0.44093228578567506,0.2460552930831909,0.13743698596954346,0.11063821613788605,0.09268001019954682,0.011293563246726989,0.3990781843662262,0.22800216674804688,0.1349184989929199,0.0654759906232357,0.09560490995645524,0.004515133146196604,0.30051453271880746
378,0.42697625160217284,0.2427741765975952,0.13450619131326674,0.09359572231769561,0.09167142510414124,0.010761845484375953,0.42626276016235354,0.24121273458003997,0.14147651195526123,0.08108137249946594,0.09988213032484054,0.004368504602462053,0.3268085193820298
379,0.4328826189041138,0.24479621946811675,0.13697598725557328,0.09669668078422547,0.0931578278541565,0.010974850505590439,0.3862888336181641,0.2164731115102768,0.124443519115448,0.08520475476980209,0.08797808736562729,0.0038043556734919546,0.30143071692436935
380,0.4388334333896637,0.2411300539970398,0.14455340802669525,0.10022866725921631,0.09833466112613679,0.011776749417185784,0.3917743742465973,0.2146018385887146,0.1308607876300812,0.08601743429899215,0.09281419664621353,0.004182823561131954,0.3138752421364189
381,0.43220354318618776,0.25335241854190826,0.13442864418029785,0.08314797505736352,0.09146900922060013,0.010959107428789139,0.4099492847919464,0.234497532248497,0.131207937002182,0.08397085890173912,0.0920837938785553,0.0040402979589998726,0.3113028877414763
382,0.4262210428714752,0.24066900908946992,0.1358845353126526,0.09362231343984603,0.09250152856111526,0.010947979986667633,0.41515558362007143,0.22227981090545654,0.1495858609676361,0.08082907944917679,0.10565430968999863,0.0038623612374067305,0.33993161134421823
383,0.4319364488124847,0.24579712450504304,0.1391779363155365,0.08919248431921005,0.09401318877935409,0.011553011275827885,0.42609245181083677,0.23944088220596313,0.13870400786399842,0.09059403240680694,0.09774329364299775,0.004000111576169729,0.33104144548997283
384,0.42659294605255127,0.2362472891807556,0.13637844026088713,0.10320171266794205,0.09219341874122619,0.011275680363178253,0.4112332105636597,0.23344240188598633,0.14390450119972228,0.06168746575713158,0.10191349983215332,0.0037244373932480814,0.31122990418225527
385,0.43783835768699647,0.24376582205295563,0.14657181203365327,0.0891136035323143,0.09968854188919067,0.011711281538009644,0.3810418128967285,0.2180507481098175,0.12617945075035095,0.06765415966510772,0.08950397968292237,0.00361238750629127,0.2869499776046723
386,0.42500317096710205,0.24356319308280944,0.1368776500225067,0.08141903579235077,0.09411192685365677,0.011110497638583183,0.41132037043571473,0.23308398723602294,0.1349327802658081,0.07986501306295395,0.09609943479299546,0.0034492415376007556,0.3143464696593582
387,0.43452268242836,0.2537765443325043,0.13455111980438234,0.0876219168305397,0.09119613021612168,0.010747410729527474,0.41776599884033205,0.2405696153640747,0.13507109880447388,0.07792814075946808,0.09596536606550217,0.0034912540577352047,0.3124558596871793
388,0.4354519546031952,0.24857017695903777,0.1367278963327408,0.09601222872734069,0.09268608540296555,0.010342418029904366,0.42380237579345703,0.24637617766857148,0.14012058675289155,0.06811694726347924,0.09959758520126342,0.003467957628890872,0.3113030768465251
389,0.43737888932228086,0.23984523117542267,0.1383411854505539,0.11442491114139557,0.09317255467176437,0.011292599141597748,0.4128647267818451,0.23466042876243592,0.13658666014671325,0.07834647744894027,0.09607896804809571,0.003952140733599663,0.31496424637734893
390,0.4264116704463959,0.23854826390743256,0.1361292004585266,0.09907145947217941,0.09237860888242722,0.010220609977841378,0.4138122797012329,0.2359959065914154,0.12473576366901398,0.10152888894081116,0.08785414695739746,0.0035541302524507044,0.3176729298196733
391,0.4242810845375061,0.24503524601459503,0.13342478573322297,0.08681928515434265,0.0905846193432808,0.010448265075683593,0.417984938621521,0.2428446054458618,0.13304784893989563,0.07649927586317062,0.09525150060653687,0.0034496830310672523,0.30824830844067036
392,0.43040135502815247,0.2437617838382721,0.13484696596860885,0.09862432032823562,0.09088673144578933,0.01197316125035286,0.4003888189792633,0.22877119183540345,0.13605333268642425,0.06336382031440735,0.09722514748573304,0.003789165802299976,0.30043146628886463
393,0.43534418344497683,0.24356126189231872,0.14019130170345306,0.09729656726121902,0.09577381759881973,0.010606867074966431,0.43704519271850584,0.2448207378387451,0.14437727332115174,0.09051734209060669,0.10145184397697449,0.0044014645274728535,0.3407479239162058
394,0.4268523156642914,0.23518925309181213,0.14098487198352813,0.09508596360683441,0.09618941098451614,0.01127041894942522,0.3859685242176056,0.2164644718170166,0.13228154480457305,0.06813771575689316,0.09401369690895081,0.0034740356262773276,0.29790699309669433
395,0.4201653242111206,0.2379265159368515,0.1343194544315338,0.09150208532810211,0.09067520946264267,0.011033419705927371,0.40029415488243103,0.23412866592407228,0.12432371973991393,0.08064304739236831,0.08692546933889389,0.0032427824568003415,0.29513501892797644
396,0.4215703308582306,0.24724896252155304,0.12777744084596634,0.08786826729774475,0.08690406978130341,0.010299824923276902,0.3881497621536255,0.22931734919548036,0.12176780104637146,0.06508997529745102,0.08793481290340424,0.0036445194855332375,0.27843710873275995
397,0.42184426784515383,0.2367010861635208,0.13459951877593995,0.09410452395677567,0.0919544130563736,0.011513291858136654,0.42382449507713316,0.2304885655641556,0.14184091985225677,0.09750302284955978,0.1001814767718315,0.0037013228051364423,0.3432267422787845
398,0.4204823076725006,0.2414184629917145,0.13077050745487212,0.09039116501808167,0.08930457830429077,0.010665108636021613,0.3980448067188263,0.22490714490413666,0.12916301935911179,0.08143521547317505,0.0917377844452858,0.0038667145650833844,0.306202733842656
399,0.41784932613372805,0.23575001060962678,0.13995622396469115,0.07954088300466537,0.09500977247953415,0.010664485022425651,0.3938326299190521,0.22778135538101196,0.13037571907043458,0.06412037834525108,0.09300270527601243,0.0037513365037739276,0.291250139195472
400,0.42037270665168763,0.2412646621465683,0.13410710096359252,0.08409344553947448,0.09135064631700515,0.010957085154950618,0.4040629804134369,0.2393383800983429,0.12472019493579864,0.07470292001962661,0.08823792785406112,0.0034383054822683333,0.29109934829175466
401,0.42409513592720033,0.23665126860141755,0.13942481577396393,0.0897944450378418,0.09527858197689057,0.010881228186190129,0.39825289249420165,0.23201359510421754,0.12689382433891297,0.07274044677615166,0.09013202637434006,0.003337774332612753,0.2931040718220174
402,0.4300265073776245,0.24771894216537477,0.13591773211956024,0.08703101128339767,0.09270586520433426,0.010621724650263786,0.3963379323482513,0.23313164710998535,0.13047756552696227,0.05942443311214447,0.09249644130468368,0.003708724118769169,0.2861071640625596
403,0.4226542890071869,0.2393823355436325,0.1348268896341324,0.09294854253530502,0.0913904070854187,0.009918400458991528,0.38969202637672423,0.22286502420902252,0.1200135588645935,0.08812456130981446,0.08489812910556793,0.0037249905057251454,0.29676123978570107
404,0.40945876836776735,0.2264447808265686,0.13407206833362578,0.09227579236030578,0.09127523899078369,0.010758506320416927,0.40881694555282594,0.22588950395584106,0.13565088510513307,0.08847672939300537,0.09587746560573578,0.004232695512473583,0.3242377756163478
405,0.41358610391616824,0.22650143802165984,0.1401526689529419,0.08924898207187652,0.09481830447912216,0.011192150600254535,0.38490319848060606,0.21640125513076783,0.13145907819271088,0.06739230006933213,0.09323184788227082,0.0042724436149001125,0.2963556697592139
406,0.4316721439361572,0.23613155782222747,0.13983655273914336,0.10734737515449524,0.0944482296705246,0.010935384966433048,0.3941200375556946,0.2193172425031662,0.1305363655090332,0.08240977823734283,0.09279678761959076,0.0032804364338517187,0.3090233677998185
407,0.41534618735313417,0.23958999514579774,0.13073934018611907,0.08325478136539459,0.08938485532999038,0.011044291220605374,0.4202741265296936,0.23014388084411622,0.1456403136253357,0.08328243494033813,0.10292361825704574,0.003746626665815711,0.3355929934885353
408,0.41156827807426455,0.2279839426279068,0.13698356449604035,0.08548533618450165,0.09391125738620758,0.011670686863362789,0.3772460579872131,0.2079399287700653,0.13137019127607347,0.07212701588869094,0.0921022817492485,0.0034586106892675163,0.2990580996032804
409,0.4151476323604584,0.23135654330253602,0.1360170677304268,0.08969983458518982,0.09257621318101883,0.01111967656761408,0.40429866313934326,0.240018031001091,0.1273853063583374,0.0655349038541317,0.09164211004972458,0.003310964349657297,0.2878732846118509
410,0.42991318702697756,0.2503289818763733,0.13568713665008544,0.08085881769657136,0.09318730086088181,0.010522691905498505,0.410307514667511,0.23627867698669433,0.1310193732380867,0.0806177407503128,0.09253521263599396,0.003757919138297439,0.3079302457626909
411,0.4293015241622925,0.2391647845506668,0.13938024044036865,0.0953805185854435,0.0952416867017746,0.010781458020210266,0.3907685518264771,0.21669771671295165,0.1304166227579117,0.08167514950037003,0.09222012609243393,0.0037762895226478577,0.3080881878733635
412,0.4169658303260803,0.2398461401462555,0.13304733335971833,0.08157395422458649,0.0910421222448349,0.010752758383750916,0.36545737981796267,0.21117089688777924,0.12670260220766066,0.04501964375376701,0.0917551875114441,0.004021365148946643,0.2674987986218184
413,0.4177119851112366,0.23488887548446655,0.1352573126554489,0.08832935392856597,0.09280385076999664,0.010554785653948785,0.40317102074623107,0.2409619927406311,0.1218942642211914,0.07527596056461335,0.08629059046506882,0.003424292150884867,0.28688510740175843
414,0.41286133527755736,0.23284727931022645,0.1317936360836029,0.0897966355085373,0.09028779864311218,0.010579695925116539,0.39403900504112244,0.2254071891307831,0.12281379103660583,0.08381439745426178,0.08810056298971176,0.0035598196089267732,0.2982885710895061
415,0.42349253296852113,0.2380732238292694,0.13118631541728973,0.10374004691839218,0.08892173618078232,0.010543299838900566,0.4073260247707367,0.22395256161689758,0.13954702019691467,0.08206720352172851,0.09858239591121673,0.003786698076874018,0.32398331770673394
416,0.41554397344589233,0.23676594495773315,0.13450587689876556,0.08176919370889664,0.09232664704322815,0.010429999232292176,0.3821767270565033,0.21450904309749602,0.12914337813854218,0.06971054524183273,0.09226039350032807,0.0036179715767502784,0.29473228845745325
417,0.4281683385372162,0.24760900735855101,0.14058061838150024,0.07477593868970871,0.09559038877487183,0.010813560895621776,0.38206708431243896,0.22573891878128052,0.12634340226650237,0.05169022381305695,0.09074024707078934,0.0036795386113226414,0.27245341176167126
418,0.4193283379077911,0.23455963134765626,0.1342638224363327,0.09528383910655976,0.09172751754522324,0.010240206867456437,0.3851014971733093,0.21307141780853273,0.13527389764785766,0.06636004596948623,0.09645438343286514,0.0036269824486225843,0.30171530949883163
419,0.42210986018180846,0.23395556211471558,0.13952232301235198,0.09158333092927932,0.09526079744100571,0.010490279644727707,0.3759716868400574,0.2146023392677307,0.1322343409061432,0.04804857075214386,0.09584125280380248,0.003666969947516918,0.27979113440960646
420,0.42607625126838683,0.24189051985740662,0.1378585457801819,0.08646418452262879,0.09415628910064697,0.010879592038691044,0.38473078012466433,0.22000495791435243,0.12469861507415772,0.07193475812673569,0.08973988443613053,0.0032179517671465873,0.2895912094041705
421,0.419975483417511,0.24466791450977327,0.1333251804113388,0.0784510150551796,0.09141242355108262,0.009344183094799518,0.3910174071788788,0.21350840032100676,0.1416994094848633,0.06413552463054657,0.10101437568664551,0.003834070637822151,0.31068338043987753
422,0.42189742922782897,0.23864364624023438,0.14132445752620698,0.07718131095170974,0.09667106568813325,0.011189436540007591,0.38955076336860656,0.229775470495224,0.11791951060295106,0.07695751190185547,0.08426344692707062,0.0033144558779895305,0.28245492530986666
423,0.421065217256546,0.2320261389017105,0.13585962653160094,0.10076936334371567,0.09248325228691101,0.010826538503170013,0.4162169277667999,0.2318679392337799,0.13522688746452333,0.09529891833662987,0.09429486840963364,0.003673160262405872,0.32849383447319275
424,0.4132168531417847,0.2360042601823807,0.13383371829986573,0.08150105327367782,0.0909152865409851,0.010793333686888219,0.38073102235794065,0.23183525800704957,0.1191272795200348,0.04986945539712906,0.0864722415804863,0.003501231363043189,0.25897020786069336
425,0.41327059268951416,0.23079259991645812,0.13269551396369933,0.09440948814153671,0.09022695124149323,0.010475280694663525,0.4064661741256714,0.21570860743522643,0.13606774657964707,0.10465028733015061,0.09568683803081512,0.003850482916459441,0.34025535485707226
426,0.4219604253768921,0.23980143964290618,0.13174946904182433,0.09612595438957214,0.089452463388443,0.010237404145300388,0.367009574174881,0.2088927745819092,0.12634941041469575,0.05448770821094513,0.09126612544059753,0.003403974696993828,0.27550721876323225
427,0.41358038783073425,0.2306884855031967,0.13567040860652924,0.08940868824720383,0.09241620898246765,0.01014044675976038,0.39273807406425476,0.22714365720748902,0.1261398583650589,0.07327256426215172,0.08934669494628907,0.0035389015451073647,0.29229801911860703
428,0.41302860379219053,0.22874152958393096,0.1359017163515091,0.0911320760846138,0.09267839342355728,0.0105442488566041,0.37014209628105166,0.22731949090957643,0.11377136409282684,0.05081527158617973,0.081634259223938,0.003298595920205116,0.2495194908231497
429,0.4128428339958191,0.2357998251914978,0.13144492208957673,0.08436970263719559,0.0900409236550331,0.010767532326281071,0.39809936881065366,0.22478004097938536,0.13404685854911805,0.07184211239218712,0.09542276412248611,0.00352286696434021,0.3048346020281315
430,0.4199302852153778,0.23958567082881926,0.13438575565814972,0.08632510080933571,0.09155789166688919,0.010616860911250114,0.41409955620765687,0.2294478714466095,0.139575532078743,0.08396156057715416,0.09882413595914841,0.003948179166764021,0.3263094077818096
431,0.41425294280052183,0.23694946467876435,0.13360511958599092,0.0811617523431778,0.09159290939569473,0.010096338018774987,0.3780879557132721,0.21515419483184814,0.1273586630821228,0.06410502195358277,0.09085409492254257,0.0036390695720911028,0.28595684953033923
432,0.423942893743515,0.23970468640327453,0.1397946298122406,0.08184991329908371,0.09601615220308304,0.010717413946986198,0.40966055989265443,0.2349580705165863,0.1283214122056961,0.08752287551760674,0.09060617834329605,0.0036769041791558264,0.3101273702457547
433,0.4071398377418518,0.23478457629680632,0.1294567033648491,0.08072561994194985,0.08824716061353684,0.00981654804199934,0.39560642242431643,0.23137117624282838,0.12682693004608153,0.06703282594680786,0.09089484065771103,0.0035518210381269453,0.2883064176887274
434,0.4225872099399567,0.24664440751075745,0.1278148427605629,0.09011278003454208,0.08773048520088196,0.00962291844189167,0.3839836478233337,0.22719773650169373,0.12307945787906646,0.06086824536323547,0.08782602697610856,0.003203853778541088,0.27497758399695155
435,0.41715978384017943,0.24605140686035157,0.13000746071338654,0.07626408636569977,0.08872268348932266,0.010502811707556247,0.41061570048332213,0.23315849900245667,0.1325690597295761,0.08292199522256852,0.09445667862892151,0.0035376757383346557,0.3134854093194008
436,0.412002295255661,0.2271887868642807,0.13507180362939836,0.09524639844894409,0.09159020185470582,0.010157118551433086,0.3737090528011322,0.2090263545513153,0.12777681648731232,0.06594461649656295,0.09171929806470872,0.003316113352775574,0.2887568444013596
437,0.41091505289077757,0.24106867909431456,0.13344035148620606,0.06635816469788551,0.09126927405595779,0.010731829702854157,0.3779001712799072,0.20672957897186278,0.12738968133926393,0.08036748468875884,0.09099738001823425,0.0035451263189315795,0.30229967236518857
438,0.41525064706802367,0.23873650133609772,0.13602110147476196,0.07415938526391982,0.09355901181697845,0.010138224437832832,0.40270710587501524,0.23165226578712464,0.13099045753479005,0.07277790158987045,0.09309021383523941,0.004557041916996241,0.30141561487689617
439,0.4154078781604767,0.24091993272304535,0.1326366573572159,0.07783844769001007,0.09047172069549561,0.010612015798687934,0.39253666400909426,0.21621970534324647,0.12714517563581468,0.09148936122655868,0.09066085517406464,0.0035357767716050147,0.31283116880804296
440,0.41269768476486207,0.24452133774757384,0.13031564354896547,0.06830898746848106,0.08979683816432953,0.010260623134672641,0.3891515374183655,0.22643465995788575,0.1264478087425232,0.06401658281683922,0.09119883924722672,0.0031508234329521655,0.2848140542395413
441,0.4136106848716736,0.23926779329776765,0.12932300418615342,0.08266347646713257,0.08904174119234085,0.01034498419612646,0.3787725389003754,0.2129289537668228,0.1286718875169754,0.06553847789764404,0.09276782721281052,0.0034099183045327663,0.2903881109319627
442,0.4114616870880127,0.23476357460021974,0.13322898447513581,0.08034930378198624,0.09125397950410843,0.010601597651839257,0.4030004382133484,0.21880359947681427,0.14949010014533998,0.06343852505087852,0.10573790222406387,0.0037852877285331488,0.3224518151488155
443,0.4121802508831024,0.2367528885602951,0.1353578731417656,0.07390890866518021,0.0925952136516571,0.01054069697856903,0.394456684589386,0.22686495780944824,0.12969119995832443,0.07075172662734985,0.0914679855108261,0.003681038599461317,0.2955919506959617
444,0.4051440000534058,0.2353059858083725,0.1323542758822441,0.06850083246827125,0.09086453020572663,0.010033548250794411,0.39112374782562254,0.2275940805673599,0.1331192821264267,0.052836441248655316,0.09527226388454438,0.0038067568093538284,0.2850347440689802
445,0.39450504183769225,0.2302097350358963,0.12288115322589874,0.0768701046705246,0.08403875678777695,0.009914301335811615,0.4004566490650177,0.22551740407943727,0.13508482575416564,0.0754508726298809,0.09478366672992707,0.0038093886338174342,0.30912875374779103
446,0.4050922513008118,0.22996518909931182,0.13345998227596284,0.07580196708440781,0.0915692463517189,0.011237656511366368,0.39004525542259216,0.23344159722328187,0.13124037235975267,0.04124545976519585,0.09468568563461303,0.003846305888146162,0.2710178236477077
447,0.4136669337749481,0.23528926074504852,0.13449700474739074,0.08222045749425888,0.0913433775305748,0.011149935610592365,0.36211180686950684,0.21478498876094818,0.11979717016220093,0.046352844685316086,0.08667194694280625,0.003078599087893963,0.2559005608782172
448,0.40863452553749086,0.23672053217887878,0.12995391637086867,0.07670432329177856,0.08897826373577118,0.011194771900773049,0.3549929797649384,0.2139985203742981,0.11264198124408722,0.04947173222899437,0.08099984526634216,0.002932313270866871,0.24604587201029063
449,0.39940006732940675,0.22996636033058165,0.13038726150989532,0.07140560895204544,0.08961923271417618,0.009990971721708774,0.38116071820259095,0.2205899566411972,0.13005244135856628,0.05368549674749375,0.09296753257513046,0.0034895102959126233,0.2801949809771031
450,0.4096061885356903,0.23323954343795777,0.134794881939888,0.07588092833757401,0.09268539100885391,0.010604633204638957,0.3958598434925079,0.2257727712392807,0.1298164904117584,0.0723947376012802,0.0933133527636528,0.0032627721317112445,0.29878735290840264
451,0.4089819371700287,0.23868221938610076,0.13062581568956375,0.07140346765518188,0.09005690217018128,0.01070667039602995,0.3605221927165985,0.2159016728401184,0.11637762039899827,0.04722691029310226,0.08444118648767471,0.003305163374170661,0.2513508805539459
452,0.4076099097728729,0.23284899890422822,0.13290008306503295,0.07728002294898033,0.09080260992050171,0.010896525532007217,0.3589750349521637,0.1961029887199402,0.12579273879528047,0.06801852881908417,0.08952988535165787,0.0031901227310299875,0.28653127569705245
453,0.4038850128650665,0.237004092335701,0.12857136577367784,0.06956721469759941,0.08850225806236267,0.010047284327447415,0.3870880663394928,0.21209946870803834,0.13093949854373932,0.08111003637313843,0.09343643039464951,0.0034305806271731853,0.30891654593870044
454,0.40646723508834837,0.22838163375854492,0.1370190352201462,0.07691597789525986,0.09342813491821289,0.010187509842216969,0.37705000638961794,0.21064032316207887,0.13205798268318175,0.061237528920173645,0.09434451758861542,0.0036580076441168783,0.29129803683608774
455,0.41546260714530947,0.24306581020355225,0.13009631037712097,0.0776029035449028,0.0892669215798378,0.010599033161997794,0.4007325232028961,0.2289911240339279,0.1351426810026169,0.06720771789550781,0.09583024829626083,0.0035289927385747434,0.3017096399329603
456,0.41597539782524107,0.24204030632972717,0.1299548864364624,0.08086500614881516,0.08934035301208496,0.010351493582129478,0.3904015481472015,0.20642420649528503,0.1337319180369377,0.0937176987528801,0.09551409482955933,0.002969628153368831,0.3259333397727459
457,0.4092326581478119,0.2316894769668579,0.1342877209186554,0.08081779181957245,0.09186196178197861,0.0099720174446702,0.39364405870437624,0.22135694921016694,0.12648316025733947,0.08663973063230515,0.08949628472328186,0.0030520332511514425,0.30567120886407795
458,0.41598978638648987,0.24335448443889618,0.13162088841199876,0.07475020140409469,0.09056015759706497,0.01042752806097269,0.3834338247776031,0.221326607465744,0.1267922803759575,0.06395723074674606,0.09051852822303771,0.003144779894500971,0.28441281924024225
459,0.41233237981796267,0.2388855516910553,0.1341135561466217,0.07224182784557343,0.09174195230007172,0.010699777863919735,0.4053544759750366,0.23948294520378113,0.12691726088523864,0.07024733424186706,0.09096021950244904,0.003424955625087023,0.2915497702546418
460,0.40662670135498047,0.2343854159116745,0.13446971476078035,0.06704501882195472,0.09307075440883636,0.010614223219454289,0.38285510540008544,0.22098207473754883,0.12865139842033385,0.05714101791381836,0.09303193390369416,0.0033503297716379167,0.28217468000948426
461,0.399720561504364,0.2376466304063797,0.12527922689914703,0.06666425392031669,0.08613694161176681,0.010042158141732215,0.3753800630569458,0.21870598196983337,0.12582765221595765,0.05564466416835785,0.08940422534942627,0.0033984038513153792,0.27427494558505716
462,0.40990868806838987,0.2349753201007843,0.1306707814335823,0.08240634351968765,0.0893445834517479,0.010368779115378857,0.40005178451538087,0.22764852046966552,0.1370175898075104,0.0635247752070427,0.0978505089879036,0.0033702200278639795,0.30176309403032064
463,0.4177993953227997,0.23876975178718568,0.1334281235933304,0.08599724173545838,0.0907206580042839,0.01056383214890957,0.3896241545677185,0.23043060302734375,0.13052574694156646,0.0493446946144104,0.09370255321264268,0.0033218230586498977,0.27689481782726943
464,0.4240066707134247,0.2482789933681488,0.13203688561916352,0.0804374098777771,0.09100520014762878,0.009785393811762333,0.389927077293396,0.23527129888534545,0.12717113196849822,0.046437662839889524,0.09168829768896103,0.003194562811404467,0.26849165530875324
465,0.41124258637428285,0.23832414150238038,0.132974511384964,0.0747108742594719,0.09034231305122375,0.01065666824579239,0.3965858340263367,0.22381322979927062,0.12607005685567857,0.08675923943519592,0.08983688652515412,0.003470171522349119,0.30613635433837777
466,0.4368225932121277,0.24780605137348174,0.14268211424350738,0.08527988493442536,0.0977754071354866,0.01159312091767788,0.39970278143882754,0.23268088698387146,0.13125936388969422,0.06486965715885162,0.09373357594013214,0.0029513535089790823,0.29281395049765707
467,0.41619561314582826,0.23575779795646667,0.1340647891163826,0.08671935647726059,0.09152558892965316,0.010666223987936974,0.38284955024719236,0.20109909176826476,0.13961966037750245,0.07962630689144135,0.09854596704244614,0.003010896313935518,0.3208028306253255
468,0.421035373210907,0.24014686346054076,0.13501805067062378,0.08586391508579254,0.09237277656793594,0.010156735219061375,0.39038299322128295,0.22430073320865632,0.12996923476457595,0.06560752987861633,0.09271348118782044,0.0031484618782997133,0.2914387077093124
469,0.41131601929664613,0.23597379326820372,0.1318201333284378,0.08047450929880143,0.09053627252578736,0.010045338794589043,0.374768054485321,0.2155863642692566,0.12124104648828507,0.06836324632167816,0.08709526360034943,0.0030649960972368717,0.2797645525075495
470,0.40520347356796266,0.23224101066589356,0.1314963072538376,0.07694972828030586,0.0897670105099678,0.010543419979512691,0.3991284132003784,0.22939971685409546,0.1338789865374565,0.06363211423158646,0.0962023302912712,0.003093243669718504,0.2968066747300327
471,0.40144599676132203,0.23857216835021972,0.12554749548435212,0.06627284660935402,0.08700043708086014,0.010145438835024834,0.368220716714859,0.21423617601394654,0.1263158142566681,0.044973577558994296,0.09196183383464814,0.003282366879284382,0.2665335925295949
472,0.40316555500030515,0.2266325384378433,0.13460250198841095,0.07745319083333016,0.09220144599676132,0.010448466800153256,0.3537237703800201,0.20970216095447541,0.1220921367406845,0.033226814866065976,0.08903201818466186,0.003497055359184742,0.24784802515059706
473,0.40735180377960206,0.2346847802400589,0.130850350856781,0.0773504689335823,0.08981960117816926,0.009834186732769012,0.390330559015274,0.22802362442016602,0.127957484126091,0.060663193464279175,0.09207902550697326,0.003018091432750225,0.28371779453009366
474,0.4121646821498871,0.23887315690517424,0.13177978843450547,0.0750015489757061,0.09115538895130157,0.010202829167246819,0.37316935062408446,0.2105608880519867,0.12713682800531387,0.06428080648183823,0.0908072605729103,0.0030395298730582,0.28526442493312065
475,0.4019915223121643,0.22977927029132844,0.1308264374732971,0.07558155357837677,0.09004081636667252,0.010265457816421986,0.37676233649253843,0.2117513358592987,0.13373355865478515,0.05447563230991363,0.09601873606443405,0.003268760722130537,0.2874966877512634
476,0.3950633108615875,0.23129432797431945,0.13126009106636047,0.057760820537805554,0.09036640077829361,0.010288294218480588,0.37716978788375854,0.2184780716896057,0.13059383481740952,0.0488257572054863,0.0934051364660263,0.0033910514786839483,0.2762157799676061
477,0.3994904696941376,0.23417380154132844,0.1288138896226883,0.06630306839942932,0.0885990783572197,0.009843760170042515,0.3615476191043854,0.22216202616691588,0.11507241725921631,0.040700261294841764,0.08299451321363449,0.0030384495854377746,0.24180564135313035
478,0.4159197509288788,0.24124861657619476,0.1328357219696045,0.075718691945076,0.09157083481550217,0.010780475102365017,0.40091559290885925,0.24742720723152162,0.12282094806432724,0.05210306495428085,0.08910552263259888,0.0029701109509915114,0.26699964660219855
479,0.4155315339565277,0.2458256721496582,0.12945106327533723,0.0741814024746418,0.08887963593006135,0.00980039667338133,0.40025578141212464,0.23822481334209442,0.1314653754234314,0.05191448926925659,0.0951639398932457,0.002940335078164935,0.28148413966409863
480,0.39688374400138854,0.2325701653957367,0.12850703448057174,0.06318342313170433,0.08899282664060593,0.01035384889692068,0.4117473065853119,0.24290200173854828,0.12638407200574875,0.07893688082695008,0.08996199667453766,0.0029993177857249977,0.2982822672929615
481,0.40030171275138854,0.2312907636165619,0.13134435415267945,0.06805014461278916,0.09046116471290588,0.010242821276187896,0.36534624695777895,0.20313659608364104,0.13433232307434081,0.0476604700088501,0.09632186591625214,0.003515734523534775,0.28183039352297784
482,0.3926905274391174,0.22825229167938232,0.12981392443180084,0.062394072860479356,0.0894218310713768,0.009750397875905037,0.3814795553684235,0.21937378048896788,0.1234971433877945,0.06871158331632614,0.08894680589437484,0.0035080671310424804,0.2846635997295379
483,0.40961650013923645,0.23855215609073638,0.1325765386223793,0.0699469655752182,0.09142880737781525,0.009778190404176712,0.4060786426067352,0.24472113847732543,0.1305966079235077,0.05182078406214714,0.09457085132598878,0.003394568990916014,0.2803828123025596
484,0.40135270953178404,0.23069901764392853,0.13115230351686477,0.07265527993440628,0.08996386975049972,0.010032970644533633,0.36997280120849607,0.2187948077917099,0.12240746319293976,0.04738725870847702,0.08926561027765274,0.0029930667486041786,0.2620533989276737
485,0.4120517909526825,0.23663334548473358,0.13365985453128815,0.07697336450219154,0.09193302392959594,0.009801565483212472,0.3698680758476257,0.22107399106025696,0.117705138027668,0.05256697982549667,0.0857205018401146,0.0029570878483355044,0.2589497075416147
486,0.40282479524612425,0.23431614339351653,0.12987767159938812,0.06935466378927231,0.0897537812590599,0.010228483565151691,0.3739793002605438,0.2188793510198593,0.12983153760433197,0.04095063805580139,0.0940571278333664,0.0032360692974179985,0.26807537279091775
487,0.4019252598285675,0.22785593271255494,0.13142574429512024,0.07797206342220306,0.09059741795063019,0.010116315260529519,0.40512203574180605,0.22903473675251007,0.13475814759731292,0.07612824738025666,0.09589398354291916,0.0034035350661724808,0.3101839135866612
488,0.410116171836853,0.23551988005638122,0.13483763188123704,0.07266535311937332,0.09260813146829605,0.01040838472545147,0.353242301940918,0.2019493043422699,0.12301941812038422,0.04808955416083336,0.08884050101041793,0.0030037851072847845,0.2629532583989203
489,0.40263489484786985,0.22321589291095734,0.13727685809135437,0.07763922512531281,0.0944629281759262,0.009906771592795849,0.3937169015407562,0.22871720790863037,0.13376081585884095,0.05424157902598381,0.09606713354587555,0.0033670430537313225,0.28743657148443164
490,0.41421056985855104,0.24184206426143645,0.13144148886203766,0.07566212117671967,0.0901826947927475,0.009844609908759594,0.40577973127365113,0.23670836687088012,0.13867735266685485,0.053740772604942325,0.09893393218517303,0.00332763995975256,0.2946796974167228
491,0.4065296769142151,0.2366979628801346,0.13347021490335464,0.0660607673227787,0.09194246679544449,0.009635579213500023,0.38203479051589967,0.22089531123638154,0.12728148698806763,0.059432666003704074,0.09153424948453903,0.0034088736400008203,0.28165727611631153
492,0.40774457454681395,0.23770881891250611,0.13086224794387818,0.0697947084903717,0.0907854437828064,0.010188549011945724,0.38734198212623594,0.22789845168590545,0.13144805431365966,0.04914160594344139,0.09377645254135132,0.0033237176947295667,0.2776898304931819
493,0.39606133103370667,0.23462091088294984,0.12401566952466965,0.066469806432724,0.08574365973472595,0.01051428895443678,0.3756168007850647,0.22155157923698426,0.12537895441055297,0.05200577229261398,0.08917653262615204,0.002544206567108631,0.26910546589642764
494,0.4160830855369568,0.24283308088779448,0.13257432878017425,0.07312698066234588,0.0918042853474617,0.010219833441078663,0.38336451053619386,0.22271125316619872,0.1283399224281311,0.057474268972873686,0.09186470955610275,0.003098839055746794,0.2807777400128544
495,0.4124881625175476,0.23007176220417022,0.1403811275959015,0.07813356071710587,0.09618431329727173,0.01010192334651947,0.3508079171180725,0.21062135100364685,0.11311063468456269,0.04593882784247398,0.08172336965799332,0.0031211845576763152,0.2438940167427063
496,0.40774851441383364,0.23431683778762818,0.13035563975572587,0.08023221045732498,0.08916902244091034,0.01007971279323101,0.3562682569026947,0.20512608289718628,0.12388595789670945,0.046602942049503326,0.08899470418691635,0.003360416181385517,0.2628440203145146
497,0.3964546680450439,0.2373193085193634,0.1261075720191002,0.05709975659847259,0.08771347254514694,0.010079469718039035,0.38388102054595946,0.21595110297203063,0.1327458143234253,0.0637846052646637,0.0945461004972458,0.0033354965038597585,0.2944120165891946
498,0.40641302466392515,0.23285785615444182,0.13351485431194304,0.07461741045117379,0.0911066174507141,0.010170827992260456,0.3811090588569641,0.2187718391418457,0.12763020694255828,0.062494516372680664,0.09137996137142182,0.002841883059591055,0.28434656774625183
499,0.4020175218582153,0.2391924411058426,0.1263116717338562,0.06672708839178085,0.08652372360229492,0.010088630765676499,0.3912499606609344,0.2245774358510971,0.12369417548179626,0.07831903100013733,0.08892260938882827,0.0029642721172422172,0.2939000879880041
500,0.3911903858184814,0.22854762077331542,0.12978556603193284,0.05753875970840454,0.09013488739728928,0.009605656750500203,0.40074739456176756,0.24030444622039795,0.12733332961797714,0.06024133712053299,0.0906005010008812,0.0030435528606176376,0.28121872060000896
501,0.4000313699245453,0.22625340819358825,0.13171187937259674,0.07787381559610367,0.0902037113904953,0.010247570462524891,0.39348729848861697,0.22986589670181273,0.1343466892838478,0.0507621131837368,0.09624212235212326,0.0033883874770253898,0.28473931229673327
502,0.40133854150772097,0.23776291608810424,0.12951239347457885,0.06068984717130661,0.08903202414512634,0.010689906589686871,0.37771821618080137,0.2124616503715515,0.13516803979873657,0.05094646066427231,0.09763189405202866,0.0032020187936723232,0.28694841330870985
503,0.4090149462223053,0.24512122869491576,0.12785366773605347,0.06242009475827217,0.08911735862493515,0.010420393943786622,0.39484713077545164,0.23717599511146545,0.13370960652828218,0.03697890341281891,0.09745154678821563,0.003234512731432915,0.27137456946074967
504,0.39942238926887513,0.23063738644123077,0.1278429076075554,0.07471928894519805,0.08780284225940704,0.010539298877120018,0.36636250615119936,0.21060194969177246,0.13157123923301697,0.0397918812930584,0.09471440464258193,0.0033576689194887875,0.26943519408814615
505,0.3976149380207062,0.23239686191082,0.13146064132452012,0.06002381592988968,0.09056406468153,0.01040780209004879,0.3800345480442047,0.21322038769721985,0.13228858709335328,0.061957521736621855,0.09463228434324264,0.0030330372042953967,0.29191143037751316
506,0.40711312294006347,0.24097088277339934,0.12945203334093094,0.06550784558057784,0.0891952246427536,0.010714951902627945,0.36823291778564454,0.2199733853340149,0.12031361758708954,0.04797709248960018,0.08667704463005066,0.0029996464028954504,0.25796740110963584
507,0.3905825674533844,0.22806874811649322,0.12767390310764312,0.06084165573120117,0.0889305293560028,0.009720574878156186,0.405525940656662,0.2409362494945526,0.1317080795764923,0.060293981432914735,0.09346554726362229,0.0029294523410499096,0.2883970606140792
508,0.4043741822242737,0.22989895343780517,0.13138203024864198,0.07876811623573303,0.09075931757688523,0.009834505431354047,0.38399091362953186,0.2238588035106659,0.12827287018299102,0.0559200257062912,0.0921918660402298,0.0029967804439365864,0.2793815423734486
509,0.4054516673088074,0.23710700273513793,0.13137275576591492,0.06649581044912338,0.09051324874162674,0.010343335941433907,0.3494063913822174,0.20125203728675842,0.12206429243087769,0.04129302278161049,0.08948809951543808,0.0028009445872157813,0.25564635931514207
510,0.39250439405441284,0.2259018152952194,0.12911539971828462,0.06612394973635674,0.08958595842123032,0.010440041869878769,0.359369158744812,0.21654826402664185,0.11789360344409942,0.0396931529045105,0.08611558973789216,0.0029813135974109174,0.24668365968391298
511,0.3971090972423553,0.23711805343627929,0.12916668206453324,0.054032082483172414,0.0891023799777031,0.010245250165462494,0.37012646794319154,0.2208505630493164,0.11985785365104676,0.04966614842414856,0.0869401142001152,0.0030907030683010816,0.2595548193436116
512,0.3945305824279785,0.23128054440021514,0.1287844568490982,0.06137484833598137,0.08900536894798279,0.009843810647726058,0.36060611009597776,0.21357315182685851,0.12129755467176437,0.040750475227832796,0.08871438354253769,0.0031081866007298233,0.25387060004286466
513,0.3882017135620117,0.22634669840335847,0.1286171182990074,0.059483785182237625,0.08852552175521851,0.010004939325153828,0.3847443163394928,0.21085019707679747,0.1377021074295044,0.06424786150455475,0.0988167867064476,0.0032855485565960406,0.3040523041971028
514,0.3912116467952728,0.2270600289106369,0.1335671663284302,0.0529159739613533,0.0925345927476883,0.010177746787667275,0.3448102414608002,0.19434639811515808,0.12320447564125062,0.045073918998241425,0.08957883566617966,0.002773406496271491,0.2606306368019432
515,0.39172695875167846,0.23405961692333221,0.1250322565436363,0.057636456191539766,0.08658426851034165,0.009510322473943233,0.37053714990615844,0.22151482701301575,0.11520002782344818,0.059249159693717954,0.08346585631370544,0.0027437346056103707,0.260658778436482
516,0.39458664059638976,0.230549356341362,0.13049421906471254,0.05930613875389099,0.09030700176954269,0.009857893548905849,0.38980385661125183,0.23555647134780883,0.12665531784296036,0.0461597204208374,0.09164176285266876,0.003058340214192867,0.2675151413306594
517,0.3991307020187378,0.22943684458732605,0.13211733102798462,0.06811335086822509,0.09125914573669433,0.009485666826367378,0.37923359870910645,0.22412750720977784,0.12899327874183655,0.04386782795190811,0.09289958029985428,0.00314923282712698,0.26890991982072593
518,0.3998722434043884,0.23440573811531068,0.127280493080616,0.07015946134924889,0.0873694196343422,0.009666403383016586,0.3846623539924622,0.2153479516506195,0.13082813918590547,0.06941357254981995,0.09386514574289322,0.002988096885383129,0.2970949543640018
519,0.3868605852127075,0.22604302167892457,0.12624473571777345,0.06145252287387848,0.08733084946870803,0.009774048998951911,0.36158769726753237,0.21030937731266022,0.12422897964715958,0.043459509313106534,0.09078820645809174,0.002983294567093253,0.26145998998545106
520,0.3940828561782837,0.23740870058536528,0.12463005185127259,0.05569989681243896,0.08657391518354415,0.009722528234124183,0.3648623824119568,0.21676270365715028,0.11938206255435943,0.04730508029460907,0.0870019555091858,0.003261152841150761,0.2569502511993051
521,0.40041047930717466,0.23373284041881562,0.12870174199342727,0.06899172142148018,0.08842660933732986,0.010289301350712775,0.37803099751472474,0.2267408013343811,0.12697964757680893,0.03982545882463455,0.09184884279966354,0.00286946683190763,0.26152341603301466
522,0.4007324755191803,0.23821234405040742,0.12678175568580627,0.06478697881102562,0.08750864863395691,0.00916692204773426,0.38109330534935,0.22385813891887665,0.1259099304676056,0.053957420587539676,0.0910190150141716,0.002928931638598442,0.2738152977079153
523,0.40133928060531615,0.23606245815753937,0.12946711778640746,0.06505906954407692,0.08922281414270401,0.009368682093918324,0.3619979977607727,0.21307556629180907,0.12270446568727493,0.04239392280578613,0.0893586277961731,0.0031110077630728482,0.257568024052307
524,0.4053101778030396,0.23534635305404664,0.13364471793174743,0.06474575847387314,0.09268626868724823,0.009622513130307198,0.36338000297546386,0.2166874438524246,0.11970840692520142,0.04531441587023437,0.08668357580900192,0.0028784989379346372,0.25458489754237235
525,0.39682539105415343,0.22805914878845215,0.13066087961196898,0.06821403801441192,0.09068918824195862,0.009543530456721783,0.38104819059371947,0.22046901285648346,0.12646299749612808,0.05942659303545952,0.09146320670843125,0.002927532885223627,0.28028033012524245
526,0.38818854093551636,0.22329898476600646,0.12984055131673813,0.06237755417823791,0.08974229246377945,0.010012652911245822,0.3566557228565216,0.20642762780189514,0.12469979226589203,0.04092274904251099,0.09076042920351028,0.003192705987021327,0.25957567649893465
527,0.3941853106021881,0.22828809916973114,0.13114992082118987,0.061117098480463025,0.09099089801311493,0.010005552135407925,0.3711670279502869,0.2173326551914215,0.12626905888319015,0.044850025326013565,0.0920531615614891,0.002950958674773574,0.2661232044454664
528,0.4024242699146271,0.23431778848171234,0.1336718499660492,0.06096796542406082,0.09262835830450059,0.009785172529518604,0.3705541491508484,0.20968140363693238,0.13127270936965943,0.05237000286579132,0.09390298575162888,0.0028058568015694616,0.2803515547886491
529,0.38907806277275087,0.22802627384662627,0.12911809086799622,0.05629076063632965,0.08927822411060334,0.009785507433116436,0.3740458607673645,0.21302517056465148,0.1310925304889679,0.05387100875377655,0.09330452680587768,0.002905728807672858,0.281173794856295
530,0.39386497139930726,0.23493460714817047,0.12669908106327057,0.056487468630075456,0.08782773315906525,0.009698321670293808,0.3718095064163208,0.20639608502388002,0.13335691392421722,0.05361587703227997,0.0971978947520256,0.002800999581813812,0.28697168529033656
531,0.3948276698589325,0.23350712060928344,0.12837643623352052,0.0592918910086155,0.08838744461536407,0.009548451565206052,0.37767786979675294,0.22135963141918183,0.12393305599689483,0.05856521278619766,0.0882963314652443,0.0031187535263597966,0.2739133537746966
532,0.39345780611038206,0.22707146406173706,0.12958035469055176,0.06502954289317131,0.09008030593395233,0.009834321588277817,0.3535985589027405,0.2051001787185669,0.11858914494514465,0.051440900564193724,0.08566592931747437,0.003070499561727047,0.2587664743885398
533,0.39666367769241334,0.2334195166826248,0.12664047628641129,0.06621161177754402,0.0872853383421898,0.009721734933555127,0.382221645116806,0.21026865243911744,0.14069762527942659,0.05365261733531952,0.10141194015741348,0.003010901529341936,0.2987730843015015
534,0.39593989253044126,0.22716047167778014,0.13324494957923888,0.06423098891973496,0.09183564633131028,0.009709601290524006,0.35548567175865176,0.20309434533119203,0.12770771682262422,0.0394427552819252,0.09275776743888856,0.0031996938399970532,0.2631079333834351
535,0.394946300983429,0.22510398924350739,0.13520638644695282,0.06281695663928985,0.0931878611445427,0.009368114173412323,0.3668349921703339,0.21222623586654663,0.12266865372657776,0.056766757369041444,0.08800020068883896,0.002849163021892309,0.2702847748063505
536,0.3918853044509888,0.22969184517860414,0.12756990492343903,0.06141746267676353,0.08872832804918289,0.00897087249904871,0.37796676754951475,0.21285746097564698,0.13486394584178923,0.05335799902677536,0.09657870382070541,0.002784818550571799,0.2875854672398418
537,0.39497180581092833,0.2347994327545166,0.12912299931049348,0.055712902545928956,0.08873536884784698,0.009687302820384502,0.3977402806282043,0.2319522351026535,0.13206286132335662,0.059485438466072085,0.09502472430467605,0.0028035267256200313,0.2893765508197248
538,0.39350411891937254,0.2268561005592346,0.13221760243177413,0.061747326701879504,0.09135279506444931,0.009512560442090034,0.3719845414161682,0.21118167340755462,0.13690577447414398,0.037921111285686496,0.09936075657606125,0.0028196140192449093,0.2770072563551366
539,0.39453478455543517,0.23455320596694945,0.12708135098218917,0.05931428894400596,0.0873633936047554,0.009673289395868779,0.36203438639640806,0.2140938937664032,0.12271965146064759,0.03984036594629288,0.08973297625780105,0.002942895283922553,0.2552358889486641
540,0.384069550037384,0.2182328850030899,0.12895549982786178,0.06710176467895508,0.0887399360537529,0.009718385152518749,0.3545372009277344,0.20021857619285582,0.12149630188941955,0.05695673525333404,0.08786235302686692,0.0030579888727515934,0.26937337904237213
541,0.39756928086280824,0.22984394133090974,0.1310492992401123,0.06577240824699401,0.09025510400533676,0.010538449324667454,0.3724715173244476,0.2152140974998474,0.12929899692535402,0.04620679765939713,0.09378663748502732,0.0031552985310554504,0.2724477306008339
542,0.3867784678936005,0.234397691488266,0.12353683263063431,0.04916387349367142,0.08590036630630493,0.009674816019833088,0.38244951963424684,0.21603262424468994,0.12967757284641265,0.06527421921491623,0.0930664986371994,0.0036199781112372874,0.29163826880976557
543,0.3978521704673767,0.2379486680030823,0.12771827429533006,0.055843213200569154,0.08911024928092956,0.009112315624952317,0.3555461287498474,0.2172352135181427,0.1137081265449524,0.039059219509363176,0.08322092443704605,0.0028958543669432403,0.23888412485830485
544,0.3908301293849945,0.22545914649963378,0.13170193433761596,0.05982231572270393,0.09090038985013962,0.010097711347043514,0.3848637878894806,0.22896243631839752,0.12593705356121063,0.051598039269447324,0.0909939855337143,0.0026544224936515095,0.27118350085802373
545,0.3803927481174469,0.2234775483608246,0.1266377106308937,0.05221468359231949,0.08772073984146118,0.010191605426371098,0.36149927973747253,0.22165222764015197,0.11626364439725875,0.038109603151679036,0.08434245735406876,0.0031413495540618896,0.24185705445706843
546,0.38426308035850526,0.22817418575286866,0.12554444074630738,0.053119877725839613,0.08711169809103012,0.009507833048701286,0.37160261869430544,0.21034662127494813,0.13084769248962402,0.051276230812072755,0.09469888359308243,0.0033293899148702623,0.2801521968096495
547,0.3911506116390228,0.2301228553056717,0.12952384650707244,0.055611105263233186,0.08968034088611603,0.009369402192533016,0.3630458414554596,0.20000530481338502,0.13299689888954164,0.04950589239597321,0.09695020467042922,0.0028766061179339884,0.2823296020738781
548,0.38174479007720946,0.21845120191574097,0.1281604588031769,0.0623228520154953,0.0888961598277092,0.009575725719332694,0.3679968357086182,0.21681249737739564,0.12552809715270996,0.04213580377399921,0.09086665362119675,0.0031826829072088003,0.26171323745511477
549,0.3855559706687927,0.23364406824111938,0.12381782978773118,0.047431427985429764,0.08628487735986709,0.009531925432384014,0.3547715187072754,0.20817055106163024,0.11885632276535034,0.04655490964651108,0.08623274266719819,0.0028677524067461492,0.25451172748580575
550,0.393859326839447,0.23040467798709868,0.12628395557403566,0.0669828437268734,0.08720432966947556,0.00974741205573082,0.3583689332008362,0.21162455081939696,0.12241753935813904,0.04026142880320549,0.08838926106691361,0.0029983054380863907,0.2540665346663445
551,0.39594648480415345,0.2335634559392929,0.12935477793216704,0.05787989720702171,0.08981361240148544,0.009646066278219224,0.36819422245025635,0.22128307819366455,0.12345022261142731,0.0376888632774353,0.08950327187776566,0.00305674416013062,0.2536991019267589
552,0.394664990901947,0.23130974769592286,0.13157775104045868,0.05568418279290199,0.09105023592710496,0.00997916255146265,0.35874916315078736,0.20559152066707612,0.12950939536094666,0.038538628816604616,0.0935121163725853,0.0030467701610177754,0.26460691071115433
553,0.39525970816612244,0.23853223025798798,0.12486526817083358,0.05666395649313927,0.08626356571912766,0.009344718419015408,0.3662364721298218,0.2180811882019043,0.12643723487854003,0.033605024218559265,0.09198777973651887,0.0028676169924438,0.254897655826062
554,0.4016302764415741,0.24540219604969024,0.12455153912305832,0.05487698428332806,0.08659611791372299,0.00965600684285164,0.35373094081878664,0.2132060170173645,0.12071967422962189,0.029931816458702087,0.08782943934202195,0.0030273117125034334,0.24150824174284935
555,0.3899787425994873,0.23514178097248079,0.12477759420871734,0.05225059241056442,0.0865746095776558,0.00940753947943449,0.37189435958862305,0.2259771227836609,0.12232385277748108,0.03606503903865814,0.08981213569641114,0.002750802505761385,0.25095183001831173
556,0.3981346368789673,0.2386329084634781,0.12784391343593599,0.05582793429493904,0.08846629858016967,0.00953658316284418,0.36669713258743286,0.21769292950630187,0.12073998004198075,0.04723408445715904,0.08779040426015854,0.0027494742535054684,0.2585139430128038
557,0.39250842332839964,0.22970838844776154,0.12994775474071502,0.05742981135845184,0.09029223918914794,0.009617122262716294,0.35556004047393797,0.20932347774505616,0.12236250936985016,0.03908342570066452,0.08856551498174667,0.0028411084320396187,0.25285255848430094
558,0.39197118282318116,0.24111080169677734,0.12091603726148606,0.0522543091326952,0.08387975096702575,0.009157340414822102,0.3732955396175385,0.2234049767255783,0.12565888315439225,0.040682573616504666,0.09041616171598435,0.002870868891477585,0.25962848737835886
559,0.39251087307929994,0.22928594648838044,0.1305469959974289,0.05664569437503815,0.09079761654138566,0.009880713559687138,0.35293943881988527,0.22308107912540437,0.10665765106678009,0.03667849004268646,0.0781431645154953,0.002757288469001651,0.2242365940939635
560,0.38814967274665835,0.230826798081398,0.12386087775230407,0.05958317518234253,0.08562638014554977,0.009493273124098778,0.35547266602516175,0.21812323927879335,0.12040840983390808,0.022786248847842215,0.08833844810724259,0.0029906095005571842,0.23452371628955007
561,0.3974815011024475,0.2335294008255005,0.13163674920797347,0.05663003474473953,0.09144657403230667,0.009398938901722432,0.36273672580718996,0.22418766617774963,0.11342113018035889,0.040551500767469405,0.08288080990314484,0.0027323169633746147,0.23958575781434774
562,0.40314515233039855,0.24193999469280242,0.12819953113794327,0.058871932327747345,0.08876882046461106,0.009080993197858333,0.3426527202129364,0.2026894509792328,0.11838249117136002,0.03450167328119278,0.08593171536922455,0.0025319430511444806,0.2413478228729218
563,0.39580987095832826,0.23228087425231933,0.1286582350730896,0.061255819350481036,0.08948031812906265,0.009646590426564216,0.32860791087150576,0.18979183733463287,0.11811036914587021,0.03291379809379578,0.08557501882314682,0.002702051028609276,0.2393012370914221
564,0.39706950783729555,0.23490984737873077,0.12871832847595216,0.05857346951961517,0.0894104614853859,0.009693914279341697,0.36917994618415834,0.22243431210517883,0.11794173419475555,0.0492138534784317,0.08527147769927979,0.0029694225639104845,0.25539648793637754
565,0.3927062153816223,0.22723322808742524,0.1310989111661911,0.06050156056880951,0.09090356230735779,0.009977923706173897,0.3790076017379761,0.22199669778347014,0.12965116500854493,0.044659027457237245,0.09418787211179733,0.0031963316258043053,0.2716943962033838
566,0.39232833981513976,0.2335838258266449,0.128878253698349,0.05141416415572166,0.08965664356946945,0.00943459440022707,0.3597183644771576,0.21980274319648743,0.11777296662330627,0.0355893611907959,0.08534052670001983,0.002897070860490203,0.2415999253746122
567,0.3942283034324646,0.2346696823835373,0.1263464644551277,0.058525605499744414,0.08759333789348603,0.00959705263376236,0.3511005759239197,0.2017797350883484,0.12912191748619078,0.03245778754353523,0.09287513494491577,0.0029604393523186444,0.25741527932696046
568,0.38193418383598327,0.2317829430103302,0.1219521164894104,0.04873909093439579,0.0844586968421936,0.009474743716418743,0.3730019688606262,0.23015707433223725,0.11228841543197632,0.052203086018562314,0.08166143894195557,0.00279078995808959,0.24894373035058381
569,0.3846389651298523,0.2196262687444687,0.1308422103524208,0.06234137341380119,0.08985726833343506,0.009464175999164581,0.35270413756370544,0.21219078600406646,0.1186291143298149,0.0349844716489315,0.0860575333237648,0.002749705780297518,0.24242082508280874
570,0.397601979970932,0.22808083593845369,0.13307784199714662,0.06482159867882728,0.09231899082660674,0.00973601546138525,0.356697553396225,0.213095760345459,0.11704713553190231,0.04411836490035057,0.08505979925394058,0.0027373775374144316,0.2489626772236079
571,0.3925426542758942,0.23335470259189606,0.1290944665670395,0.050765404105186464,0.09040893763303756,0.009335918165743352,0.3669420301914215,0.2209075927734375,0.12149824798107148,0.03759566769003868,0.08937413543462754,0.0028259516693651676,0.25129400277510283
572,0.3834664225578308,0.22744929194450378,0.1291757270693779,0.04546773433685303,0.08971990197896958,0.009621304832398892,0.3743125021457672,0.2282166600227356,0.12232220768928528,0.0375419020652771,0.0891267940402031,0.003002879209816456,0.251993783004582
573,0.378233814239502,0.22649222910404204,0.12075193822383881,0.05302584171295166,0.08416325896978379,0.009679636359214783,0.36238129138946534,0.2206041097640991,0.11717772781848908,0.039472590386867526,0.08552799969911576,0.002719152718782425,0.2448974706232548
574,0.40390814542770387,0.24016833901405335,0.12992285788059235,0.05911223813891411,0.09000889658927917,0.010395886935293674,0.3811943233013153,0.2295250713825226,0.12804098427295685,0.036878441274166104,0.09340457022190093,0.002826317586004734,0.2611503133550286
575,0.38917516469955443,0.2294516682624817,0.12526546269655228,0.06087663695216179,0.08697710186243057,0.009456866607069968,0.36381664872169495,0.2241484820842743,0.12082958519458771,0.02668372616171837,0.08876641094684601,0.002621989417821169,0.23890171172097324
576,0.3880557715892792,0.23192273676395417,0.12663776874542237,0.05086383111774921,0.08813638389110565,0.009146802499890328,0.3580492317676544,0.22443920075893403,0.11756860613822936,0.021639005839824678,0.086191725730896,0.0026564660482108595,0.2280558037571609
577,0.3832548975944519,0.2211187958717346,0.12978772819042206,0.05666779801249504,0.09012593179941178,0.009479914605617524,0.3429147779941559,0.1983408272266388,0.11923355758190154,0.04034289121627808,0.08728284686803818,0.002699168911203742,0.24955846457742153
578,0.3829469382762909,0.23009332716464997,0.12371738702058792,0.04935229644179344,0.08654184192419052,0.009040814824402332,0.3675896108150482,0.21724266707897186,0.1254869967699051,0.04047155305743218,0.09102337509393692,0.002883374085649848,0.25986529900692407
579,0.39714932441711426,0.23085170984268188,0.1345488041639328,0.05567976236343384,0.0932520717382431,0.009682015515863895,0.35340065956115724,0.21662915349006653,0.11469565331935883,0.036098909378051755,0.08297454118728638,0.002677670866250992,0.23644677475094794
580,0.391106104850769,0.2345302790403366,0.12535298466682435,0.054506558924913406,0.08687137961387634,0.0096905417740345,0.36480098962783813,0.21501214504241944,0.1271851509809494,0.036285513639450075,0.09198209643363953,0.003016890911385417,0.25846965196542443
581,0.3749441146850586,0.21593317091464997,0.127873557806015,0.054433954507112504,0.08842473924160003,0.010014311037957668,0.3673801004886627,0.22153042256832123,0.11999716460704804,0.04235198050737381,0.08718389123678208,0.0029813069850206375,0.2525143433362246
582,0.3930016875267029,0.22710202038288116,0.13462061882019044,0.05431317389011383,0.09329247772693634,0.010128815099596978,0.3486787974834442,0.20628903806209564,0.12057459354400635,0.03346571400761604,0.08810114860534668,0.0027667553164064883,0.24490821147337558
583,0.3883050322532654,0.23139348924160003,0.12363912314176559,0.05749199315905571,0.0864574134349823,0.009232797846198081,0.3623066425323486,0.20543626844882965,0.1322270780801773,0.039852799847722054,0.09585171192884445,0.0028482831083238127,0.2707798729650676
584,0.38638988733291624,0.23368164896965027,0.12493527680635452,0.04703608229756355,0.08687542974948884,0.0096683694049716,0.36601348519325255,0.21409912705421447,0.12208415567874908,0.04932702481746674,0.0890573501586914,0.003136494290083647,0.2636050249449909
585,0.40103958249092103,0.23846601843833923,0.1273443341255188,0.0629735991358757,0.08805937767028808,0.009648169949650764,0.35466116666793823,0.20511151254177093,0.130693157017231,0.028637409210205078,0.09468836188316346,0.0026692635845392944,0.25668819169513885
586,0.38699344396591184,0.2310099720954895,0.12455283403396607,0.05471067726612091,0.08651733100414276,0.009489912353456021,0.3647065222263336,0.214950093626976,0.12268741130828857,0.044074787944555285,0.08964246362447739,0.0025406753178685904,0.25894533819518983
587,0.38314547538757326,0.22629256546497345,0.12602693736553192,0.05386285111308098,0.08752237558364868,0.009182050824165344,0.34679074883461,0.19845374822616577,0.12098893821239472,0.04400687143206596,0.0885386273264885,0.002996536111459136,0.2565309730824083
588,0.37246602177619936,0.22817822098731994,0.11769500076770782,0.04481654390692711,0.08208592534065247,0.008970191702246666,0.36635332703590395,0.2274934470653534,0.11676233261823654,0.03641322553157807,0.08428100943565368,0.002687042346224189,0.24014360993169248
589,0.3840889811515808,0.23155357241630553,0.1266445904970169,0.044613524526357654,0.08769756704568862,0.00907540712505579,0.34081087708473207,0.19743734002113342,0.12336701899766922,0.029593008756637573,0.0900504693388939,0.0030328791588544847,0.24604337625205513
590,0.38952974081039426,0.22710880041122436,0.12898675352334976,0.05863307863473892,0.08947459757328033,0.009867556765675545,0.3729208827018738,0.22362823486328126,0.12724704891443253,0.03229379877448082,0.09354438483715058,0.002854431373998523,0.2559396639000625
591,0.39684942960739134,0.24238966405391693,0.1244894340634346,0.05231347382068634,0.08606480360031128,0.009782783314585685,0.3594868779182434,0.20255594849586486,0.13250249475240708,0.03821828216314316,0.0967096969485283,0.002722712745890021,0.27015318660996857
592,0.3864391505718231,0.22957059144973754,0.1277341887354851,0.050566931068897245,0.08872860968112946,0.0090724584646523,0.3521562874317169,0.20329189896583558,0.12252784371376038,0.04517434239387512,0.08808619230985641,0.0028653217013925314,0.25865370011888444
593,0.38902305960655215,0.23071533739566802,0.12790295630693435,0.05176389068365097,0.08924557715654373,0.009618619829416275,0.33867899179458616,0.19939689934253693,0.1192010447382927,0.030995914340019227,0.08680419623851776,0.0024392110062763095,0.239440366323106
594,0.392924827337265,0.22797335386276246,0.12887317687273026,0.06426274701952935,0.0893234521150589,0.009669429063796997,0.3425622284412384,0.21208491325378417,0.11046970933675766,0.03097522035241127,0.08045830577611923,0.0027809741673991083,0.2246842096326873
595,0.37666313648223876,0.2231462389230728,0.12072753459215164,0.05742594562470913,0.08388644307851792,0.009398464113473892,0.37428733706474304,0.22725426256656647,0.12638912200927735,0.031728886812925336,0.09197080135345459,0.002562200836837292,0.25265101101249454
596,0.39590671062469485,0.2421951860189438,0.1255534753203392,0.04861847832798958,0.08727511614561081,0.008922252990305423,0.3670443117618561,0.2181192457675934,0.122487872838974,0.041706708073616025,0.0898704245686531,0.002909901086241007,0.2569749065674841
597,0.3861392319202423,0.23223917484283446,0.12463906109333038,0.05016716718673706,0.08670412302017212,0.00944127533584833,0.38400129675865174,0.2373465985059738,0.12513575851917266,0.03304614573717117,0.09111381769180298,0.0029541602358222007,0.252249882183969
598,0.38900006413459776,0.2298615336418152,0.13026414811611176,0.049002427607774734,0.09082804024219512,0.009460034780204296,0.3830446422100067,0.2227043479681015,0.13002920597791673,0.05224533081054687,0.09379904121160507,0.002819625847041607,0.2788932038471103
599,0.37846288084983826,0.22238509058952333,0.12656451910734176,0.0501968078315258,0.08842589259147644,0.009168262593448162,0.3801847279071808,0.2297204166650772,0.12655243277549744,0.038618771731853484,0.09187528938055038,0.002627811161801219,0.2596743050497025
600,0.3816250145435333,0.21993661522865296,0.13024790436029435,0.054297789186239245,0.09065851867198944,0.009613221511244774,0.36408334970474243,0.20431920289993286,0.1323543131351471,0.043793626874685285,0.0967466726899147,0.002828752063214779,0.27572336476296183
601,0.39646952152252196,0.23815799951553346,0.12409180402755737,0.0596505269408226,0.08647760301828385,0.009562232531607151,0.354339736700058,0.20960264801979064,0.12059791386127472,0.038940078020095824,0.08767374008893966,0.0028278920333832504,0.25003962400369345
602,0.3830533027648926,0.2250528186559677,0.1262839674949646,0.055026912689208986,0.08773833513259888,0.009726994857192039,0.3694581568241119,0.2131287544965744,0.1296559453010559,0.0429902046918869,0.09449016004800796,0.0028947279788553715,0.27003103801980616
603,0.3862637341022491,0.2277490019798279,0.1314365565776825,0.04474990516901016,0.09140026718378066,0.010617075115442276,0.37043834924697877,0.2160940945148468,0.1335262894630432,0.0321521483361721,0.09665435701608657,0.003111869329586625,0.26544466414488854
604,0.3928523898124695,0.23130859732627868,0.12788778841495513,0.0593975655734539,0.08860745579004288,0.009742407500743866,0.35896227359771726,0.2225842595100403,0.1206286758184433,0.02126103937625885,0.08835129588842391,0.0024151932448148727,0.23265620432794093
605,0.3913317918777466,0.22798188626766205,0.12868501543998717,0.06195493042469025,0.08917792737483979,0.009177996404469013,0.34498379230499265,0.20561344027519227,0.11935789734125138,0.030148868262767792,0.08712004274129867,0.00273707015439868,0.23936387849971652
606,0.39500823616981506,0.23192040324211122,0.13145308792591096,0.05518351495265961,0.0914070501923561,0.0093061788007617,0.3634267747402191,0.20755087435245514,0.12585247159004212,0.049746062606573105,0.09173177182674408,0.0030306871514767407,0.27036099317483603
607,0.3823037683963776,0.2233456552028656,0.1257234275341034,0.0571569986641407,0.08799030035734176,0.009344545193016529,0.3687156319618225,0.21088634729385375,0.13170890063047408,0.04240477979183197,0.09565118551254273,0.002926090592518449,0.27269095652736725
608,0.3870003044605255,0.22833994030952454,0.12763361781835555,0.053342919796705246,0.08892737478017806,0.009542878344655037,0.3311258852481842,0.18802801370620728,0.1243318796157837,0.027129241824150087,0.09085755199193954,0.0027522592805325984,0.24507093271240593
609,0.3995479941368103,0.236149799823761,0.1303637593984604,0.058323442935943604,0.09052838385105133,0.00919791292399168,0.3826364099979401,0.21884902715682983,0.13472580313682556,0.04757311642169952,0.09796182215213775,0.0032425377517938613,0.2835032794624567
610,0.381897634267807,0.23195144534111023,0.12280086874961853,0.04494567140936852,0.08604529052972794,0.009175581112504005,0.36536800265312197,0.22251205444335936,0.1212845802307129,0.03356061354279518,0.08831128180027008,0.002757920417934656,0.24591439599171283
611,0.3902386069297791,0.23208833038806914,0.12829081565141678,0.05088021010160446,0.08951471149921417,0.009416400268673897,0.3466647982597351,0.21355651021003724,0.1135859489440918,0.029317042231559752,0.08299791067838669,0.0027521292213350534,0.2286530310753733
612,0.3746326923370361,0.22927264273166656,0.11882615983486175,0.044402892142534255,0.0830032467842102,0.009015029668807984,0.36417813301086427,0.2071903169155121,0.12885937988758087,0.046432838588953015,0.09357551485300064,0.0030761290341615676,0.27194386236369605
613,0.3785219371318817,0.22869335114955902,0.12470601499080658,0.040778052806854245,0.08744398802518845,0.009167534485459327,0.37105684280395507,0.22120571732521058,0.1227731466293335,0.0452610895037651,0.08918717205524444,0.0024029172491282225,0.25962432543747127
614,0.3828792214393616,0.23038226664066314,0.12386896312236786,0.04837963879108429,0.08630724847316742,0.009678396210074425,0.3414269208908081,0.21048897504806519,0.10886910706758499,0.032137546502053735,0.08051197528839112,0.00339291887357831,0.22491154773160812
615,0.38673728704452515,0.22419266402721405,0.12929791510105132,0.05749629959464073,0.09011079221963883,0.009792623482644558,0.3549106776714325,0.21755403876304627,0.11517863720655441,0.03360817506909371,0.08458691686391831,0.00282409256324172,0.23619782170280815
616,0.3788014888763428,0.2356719970703125,0.11681753396987915,0.045333065837621686,0.08116619884967805,0.008502983022481203,0.35553881525993347,0.21662773489952086,0.11476313322782516,0.03961523771286011,0.08342347294092178,0.002502126805484295,0.24030397068709133
617,0.37601007223129274,0.2200089693069458,0.1250545784831047,0.05380025580525398,0.08701927363872528,0.009130636975169183,0.3447758197784424,0.20090076923370362,0.11806493252515793,0.04132515788078308,0.08637417405843735,0.00283761671744287,0.24860188118182125
618,0.3946908235549927,0.23309393227100372,0.13117480874061585,0.052707352489233014,0.0911221370100975,0.009537272900342942,0.34628491997718813,0.21052713990211486,0.11593431532382965,0.029139710962772368,0.0850066140294075,0.0028020046651363374,0.23288264498114583
619,0.391422313451767,0.23223482370376586,0.128614404797554,0.05239044800400734,0.08999225944280624,0.008831371366977692,0.3427494764328003,0.19855911731719972,0.11866280734539032,0.040591069310903546,0.08693197965621949,0.002727975696325302,0.24891383200883865
620,0.37601360082626345,0.21849216818809508,0.12619804292917253,0.054780003428459165,0.08751809895038605,0.009507840126752853,0.37761734127998353,0.21822596490383148,0.1264120489358902,0.05615983456373215,0.09199529886245728,0.0027851388324052094,0.27735232119448483
621,0.37417842745780944,0.22436171770095825,0.12276629209518433,0.04613814726471901,0.08545696884393691,0.00892155934125185,0.3452810049057007,0.2075061559677124,0.11915571987628937,0.025816835090518,0.08780392557382584,0.002631569979712367,0.23540805052034558
622,0.37706440687179565,0.22756875455379486,0.1226147785782814,0.04432107657194138,0.0859282061457634,0.00924491100013256,0.3552040755748749,0.21000577211380006,0.12013487219810486,0.040608398616313934,0.0874790295958519,0.0027492417022585867,0.2509715421125293
623,0.3800489068031311,0.22034561038017272,0.12887262403964997,0.054335320740938185,0.08932161778211593,0.009104454889893532,0.376049143075943,0.22968491911888123,0.12282178997993469,0.03715876787900925,0.08949722647666931,0.0028821853920817375,0.252359969727695
624,0.3864806115627289,0.2354232668876648,0.11901995241641998,0.056156846880912784,0.08276558816432952,0.009014686569571495,0.36865435242652894,0.22813391387462617,0.11890471130609512,0.03200858011841774,0.08757333010435105,0.0025427895365282894,0.2410294110653922
625,0.3935501158237457,0.2360189825296402,0.12519532293081284,0.05610275864601135,0.08732718974351883,0.009187912195920944,0.35456512570381166,0.21526674628257753,0.12059887498617172,0.027471700310707094,0.08805685043334961,0.002652014745399356,0.2387794404756278
626,0.38469172120094297,0.22543920278549195,0.12845068126916886,0.053345435112714765,0.08931297957897186,0.009463263116776944,0.3639406502246857,0.21923924386501312,0.12472818493843078,0.03047766536474228,0.09057440459728242,0.002939434070140123,0.24871968897059563
627,0.3786745727062225,0.22527721524238586,0.12380316108465195,0.05137027204036713,0.08600854575634002,0.00912546832114458,0.37994091510772704,0.23275788724422455,0.12456012964248657,0.03559381365776062,0.0907618299126625,0.0025124908424913883,0.2534282640554011
628,0.38660030364990233,0.23345497548580169,0.1257733851671219,0.04522703737020493,0.08812435120344161,0.009350886009633541,0.3629707992076874,0.2140407979488373,0.12322293221950531,0.04203872829675674,0.08957382142543793,0.0027398453559726475,0.2575753272976727
629,0.3864117681980133,0.22449952065944673,0.12962162792682647,0.056801828742027285,0.09003929644823075,0.009171057492494583,0.38269739747047427,0.23043410181999208,0.1229556992650032,0.04713343977928162,0.09043214172124862,0.0027554402127861976,0.2632767209783196
630,0.3809345901012421,0.22582458555698395,0.1292942211031914,0.042951475083827975,0.09000238925218582,0.009687208384275437,0.3591473698616028,0.21594033241271973,0.11766562163829804,0.04030878096818924,0.08634730726480484,0.002811280731111765,0.24713299060240385
631,0.39501566886901857,0.23069165050983428,0.13320885598659515,0.053561273217201236,0.09254162907600402,0.010078185983002187,0.34875344634056094,0.20143063068389894,0.11905630826950073,0.046763398498296735,0.0868695393204689,0.002709337463602424,0.2553985835518688
632,0.3906197130680084,0.23835180699825287,0.12482429891824723,0.04592160061001778,0.08711446672677994,0.009490682557225228,0.3592055678367615,0.21417109966278075,0.12748106122016906,0.024838077276945113,0.09306910485029221,0.002604024624451995,0.2479922679718584
633,0.3795746505260468,0.22487054169178008,0.12273461073637008,0.054250630736351016,0.08612290471792221,0.009270991757512092,0.3747945547103882,0.22673309445381165,0.12634190171957016,0.03249980583786964,0.09228654205799103,0.003244947735220194,0.25437319735065106
634,0.3738450050354004,0.2179036408662796,0.12611844539642333,0.050885295122861864,0.0878889724612236,0.009548424556851388,0.33402785658836365,0.2085730254650116,0.10601540803909301,0.027922413870692255,0.07839537709951401,0.002587227709591389,0.21492042671889064
635,0.39420555233955384,0.23406670689582826,0.1299853429198265,0.05234481021761894,0.09018686264753342,0.009567939676344395,0.3601790964603424,0.21512604355812073,0.1185594916343689,0.043588416278362276,0.08640640825033188,0.002569200238212943,0.251123516401276
636,0.3917709946632385,0.23690211176872253,0.12344182133674622,0.054259584099054334,0.08606728464365006,0.009278558380901813,0.34902101159095766,0.2086517333984375,0.11908452212810516,0.032643241435289384,0.08696306943893432,0.0027184196282178164,0.24140925263054666
637,0.3855630338191986,0.23047245144844056,0.12506119757890702,0.051358217000961305,0.0873537689447403,0.009078705683350563,0.3569879710674286,0.21437958478927613,0.12611157894134523,0.023071598261594772,0.09189251065254211,0.002693197503685951,0.24376888535916807
638,0.3862529695034027,0.2307507187128067,0.12551454603672027,0.05155424028635025,0.08763964921236038,0.008862238749861718,0.35730311274528503,0.20868496894836425,0.1283000200986862,0.029122984409332274,0.09397191256284713,0.003189410828053951,0.2545843278989196
639,0.38873412609100344,0.2218153029680252,0.12921135127544403,0.06733905002474785,0.08981430977582931,0.009343148581683636,0.36053866147994995,0.22136651277542113,0.1193910926580429,0.02769502066075802,0.08802147507667542,0.002971721813082695,0.23807931020855905
640,0.3885216176509857,0.22630138397216798,0.13167107701301575,0.05183900520205498,0.09201058447360992,0.009577601961791516,0.3515189826488495,0.2029012382030487,0.12787635922431945,0.03364766500890255,0.09201395958662033,0.002834090031683445,0.2563720738515258
641,0.37570074796676634,0.22236694693565368,0.12495089918375016,0.04806921184062958,0.08712458163499832,0.009378690272569656,0.36766555309295657,0.2179481267929077,0.12885379493236543,0.03088478371500969,0.0943502128124237,0.002537334244698286,0.25662612570449705
642,0.38748547434806824,0.23162876665592194,0.12632578015327453,0.0494417279958725,0.08843023329973221,0.00961573962122202,0.36781940460205076,0.21906382441520691,0.1256817400455475,0.03519058972597122,0.09212057143449784,0.002670407062396407,0.255663308268413
643,0.38068448901176455,0.22220556139945985,0.12682865113019942,0.05571490451693535,0.08802653849124908,0.009092669375240803,0.349351567029953,0.21340882778167725,0.11797175407409669,0.026605035364627837,0.0858032152056694,0.0028909900225698947,0.2332709946669638
644,0.38147695660591124,0.2272197872400284,0.1261013388633728,0.047075805440545085,0.08818449676036835,0.009408753924071788,0.36236175894737244,0.20195711851119996,0.13840700387954713,0.033640222251415254,0.10057787150144577,0.0029690558090806007,0.27559415344148874
645,0.37826518416404725,0.22842518091201783,0.12445562779903412,0.04216649904847145,0.08662164360284805,0.009596845880150796,0.3652940273284912,0.21130133271217347,0.12968670725822448,0.03939297795295715,0.09404178112745284,0.0026968054473400114,0.2658182717859745
646,0.37065666913986206,0.22368766069412233,0.11719222962856293,0.0517116829752922,0.08164477646350861,0.008621461689472198,0.37604438662528994,0.21928017139434813,0.1308140829205513,0.044006460905075075,0.09417536556720733,0.0026827720925211907,0.2716786814853549
647,0.3774854063987732,0.23081350326538086,0.12272067815065384,0.039761686325073244,0.08529973179101943,0.009350239671766758,0.36819090843200686,0.2197311580181122,0.12919343560934066,0.027989865466952323,0.0942658469080925,0.0028818467631936072,0.25433099474757903
648,0.39276126623153684,0.23604194223880767,0.1255630925297737,0.05345509350299835,0.08765580207109451,0.009334089793264866,0.37403483390808107,0.22229424715042115,0.12584856748580933,0.04487343356013298,0.09031650424003601,0.002465599589049816,0.2635041048750281
649,0.39529147148132326,0.23355109691619874,0.12826617807149887,0.05821656659245491,0.08933016657829285,0.009644129499793052,0.3482097089290619,0.2166533887386322,0.11198499798774719,0.02904793918132782,0.08217929005622863,0.0025151090696454046,0.22572733629494907
650,0.3654197931289673,0.22116546034812928,0.11877091228961945,0.04304528459906578,0.08267192244529724,0.008856983110308646,0.3514204502105713,0.20198084712028502,0.12894559502601624,0.02979198545217514,0.0943068027496338,0.00310623487457633,0.25615061810240153
651,0.37484616637229917,0.22142382860183715,0.12735024243593215,0.0445063129067421,0.0882395252585411,0.009449166245758533,0.3532743215560913,0.20750912725925447,0.1232097327709198,0.035672116279602054,0.08961129635572433,0.0027098556980490684,0.2512030011042952
652,0.37313546538352965,0.219045090675354,0.12593201398849488,0.047587426751852034,0.08767195045948029,0.009690217860043048,0.37137352824211123,0.21449477970600128,0.12402452826499939,0.058117514848709105,0.08914310038089752,0.0029390295036137103,0.2742241729982197
653,0.3712531507015228,0.22517822980880736,0.11896330416202545,0.04592389017343521,0.08288366943597794,0.009080655872821808,0.3664099216461182,0.21695424914360045,0.12477450519800186,0.03992440700531006,0.09060686081647873,0.0029085121117532254,0.2582142851315439
654,0.37074086666107176,0.22241548895835878,0.11969943344593048,0.04923081621527672,0.08329638093709946,0.00900750458240509,0.3605400800704956,0.20191343426704406,0.13050618767738342,0.04708452671766281,0.09451412707567215,0.002836795803159475,0.2749416372738779
655,0.3747594654560089,0.21807727515697478,0.1314522236585617,0.042085473984479906,0.091667740046978,0.00907210111618042,0.3545686066150665,0.21499209403991698,0.11772247552871704,0.03386361449956894,0.08589805662631989,0.0028598347213119268,0.2403439813759178
656,0.3779929578304291,0.22021920680999757,0.12946923673152924,0.04909567311406136,0.08974197655916213,0.009286338277161122,0.3687696039676666,0.22451854050159453,0.12232131510972977,0.032879626750946044,0.08970151692628861,0.002826698822900653,0.24772915760986508
657,0.3764993131160736,0.22454607486724854,0.12562320232391358,0.0439055971801281,0.08779381662607193,0.009039326198399067,0.3596437156200409,0.22094740867614746,0.11911196261644363,0.030416568368673326,0.0865028128027916,0.002503217663615942,0.2385345614515245
658,0.38798431754112245,0.22325528860092164,0.1318490594625473,0.05776277929544449,0.0915061891078949,0.009573473036289215,0.37231587171554564,0.21333985924720764,0.12465689480304717,0.05953667983412743,0.09047339856624603,0.0026744503062218427,0.27734142350964247
659,0.3883242428302765,0.22901659905910493,0.1285156190395355,0.0530524991452694,0.08955463171005248,0.009344156458973884,0.36380134224891664,0.22857893109321595,0.1162518858909607,0.028041772171854974,0.08505982011556626,0.0025322995148599147,0.23188577769324184
660,0.3915464162826538,0.22953342497348786,0.12751430869102479,0.0611177995800972,0.08851163685321808,0.009376284852623939,0.3779330551624298,0.22081844210624696,0.1355668693780899,0.03535029888153076,0.09747009724378586,0.0025985985528677704,0.2709858640562743
661,0.37007307410240176,0.21804505288600923,0.12418730854988098,0.047450704127550127,0.08601832985877991,0.010056269541382789,0.35323737263679506,0.20561279058456422,0.1298088788986206,0.024062421917915345,0.09523611515760422,0.002829131670296192,0.2519365476444364
662,0.3771441996097565,0.225204536318779,0.1272207349538803,0.04010106772184372,0.08892078250646591,0.009604236483573914,0.37191797494888307,0.21998251080513,0.12861588299274446,0.03585695698857307,0.09404737502336502,0.0027496148832142353,0.2612698298878968
663,0.3904573917388916,0.23404096961021423,0.12889086604118347,0.0456848219037056,0.09003832787275315,0.009736864082515239,0.35499762892723086,0.21409450769424437,0.12029250711202621,0.031154296174645425,0.08792511820793152,0.002626195689663291,0.24199811718426648
664,0.37508559226989746,0.22295636236667632,0.12469879239797592,0.04704110249876976,0.08667660504579544,0.009044864401221275,0.368841689825058,0.22561441659927367,0.11819293946027756,0.04059625566005707,0.08626666963100434,0.0024091526865959167,0.24746501743793486
665,0.3843703746795654,0.22907199561595917,0.12664518803358077,0.048304378613829614,0.08838706612586975,0.009531127661466599,0.3715192675590515,0.22713588178157806,0.12508870363235475,0.028613047301769258,0.09126559495925904,0.0025692672934383154,0.24753661318682135
666,0.3755648910999298,0.2177066057920456,0.12657126039266586,0.05566085278987885,0.08740111440420151,0.009310697950422765,0.36701233983039855,0.216483011841774,0.12720176577568054,0.0369623064994812,0.09259245395660401,0.0025904195383191107,0.2593469457700849
667,0.3736397385597229,0.21406423449516296,0.12913438230752944,0.05264260917901993,0.08983702659606933,0.009353713411837817,0.3479394853115082,0.20041974186897277,0.12260503917932511,0.03982667028903961,0.08951701372861862,0.002615751978009939,0.2545644751749933
668,0.36942270398139954,0.21582475900650025,0.12650699466466903,0.04469771310687065,0.08831457495689392,0.009964836575090886,0.35233762860298157,0.21196946501731873,0.1171718955039978,0.03671236261725426,0.08555961102247238,0.0026016213931143286,0.24204549053683877
669,0.37985013127326966,0.22529588639736176,0.1224712759256363,0.057069727778434755,0.08465858846902848,0.009238792955875397,0.3417719125747681,0.20726411640644074,0.11727582216262818,0.02520374208688736,0.08542793244123459,0.0025904668495059014,0.230497963540256
670,0.375728440284729,0.2229577988386154,0.12328851073980332,0.0490789420902729,0.08651948720216751,0.009450283832848072,0.36530000567436216,0.20724897384643554,0.1340687543153763,0.03858227655291557,0.09720514863729476,0.0026682337746024134,0.272524413280189
671,0.38132437467575075,0.2243373930454254,0.1271639421582222,0.05192018002271652,0.08842966854572296,0.008896062523126603,0.35604039430618284,0.21416962146759033,0.11642615497112274,0.04135389849543571,0.08502586036920548,0.0024802567437291144,0.24528617057949306
672,0.38318224549293517,0.22608154714107515,0.12857524156570435,0.047567214071750644,0.09000584185123443,0.009477362036705017,0.3651038587093353,0.21669601798057556,0.13011003732681276,0.026226408686488865,0.09493053704500198,0.002662174217402935,0.2539291572757066
673,0.3835393667221069,0.22980158627033234,0.1297619342803955,0.03919936679303646,0.09069031178951263,0.009038380905985832,0.3775302529335022,0.2304264187812805,0.12222364842891693,0.04133074432611465,0.08843877613544464,0.0026651730760931967,0.25465834196656945
674,0.37384999394416807,0.21866278648376464,0.12680111527442933,0.04976820796728134,0.08763462752103805,0.009256276488304137,0.34277245998382566,0.20741187930107116,0.11672790497541427,0.02500467672944069,0.08650608211755753,0.002667588368058205,0.23090625219047067
675,0.38860085010528567,0.23366854190826417,0.1277918502688408,0.04526204317808151,0.08945989906787873,0.009007667377591132,0.37074018716812135,0.2211829125881195,0.1267419770359993,0.03662093803286552,0.09185346364974975,0.0027415075805038215,0.2579578862991184
676,0.37110676169395446,0.21527730524539948,0.12844217717647552,0.0439329095184803,0.09011375010013581,0.01043319646269083,0.3655263125896454,0.21686219573020935,0.1294465720653534,0.026993440091609956,0.09494082480669022,0.0027852335013449194,0.25416607046499845
677,0.372077488899231,0.21721579432487487,0.12392539530992508,0.05415143594145775,0.08592449873685837,0.009367703273892403,0.375236850976944,0.23446873426437378,0.11982776075601578,0.03295263648033142,0.08687348067760467,0.0029399991035461426,0.24259387701749802
678,0.38647736310958863,0.22955980598926545,0.12780208587646485,0.05025946721434593,0.08906642943620682,0.008761553093791008,0.3684657156467438,0.21775991320610047,0.1252548336982727,0.04048261195421219,0.09154554456472397,0.0026850247755646705,0.2599680149927735
679,0.3668625295162201,0.2200755387544632,0.11880524903535843,0.04782665073871613,0.08274445682764053,0.008975239843130112,0.34853816628456114,0.212655508518219,0.11898925751447678,0.023559825122356416,0.08709133118391037,0.002629213221371174,0.23226962704211473
680,0.3801297128200531,0.23232581913471223,0.12027227282524108,0.04773751571774483,0.08350773751735688,0.008691433630883694,0.3607379555702209,0.21592715978622437,0.1268996238708496,0.02485770098865032,0.09294635504484176,0.0027313767932355404,0.2474350566975772
681,0.3874817490577698,0.2326921910047531,0.12671343684196473,0.04734261035919189,0.08841617703437805,0.009376070275902749,0.34690659046173095,0.20942896604537964,0.1205701544880867,0.022465739399194717,0.08876837939023971,0.0026106424629688263,0.23441491574048995
682,0.3879031836986542,0.2334381252527237,0.12590196132659912,0.04809654355049133,0.08795150518417358,0.00938937570899725,0.358444344997406,0.20556785464286803,0.1285139501094818,0.041034674271941185,0.09229324460029602,0.0030234377365559338,0.26486530671827496
683,0.38461058139801024,0.22646424174308777,0.12522068470716477,0.056668571382761004,0.08764680027961731,0.009198066778481007,0.3664298474788666,0.22770479917526246,0.12011760026216507,0.02597112562507391,0.08851150423288345,0.0023854067083448173,0.23698563682846724
684,0.376321017742157,0.21740743815898894,0.12898120880126954,0.050937017798423766,0.0899367317557335,0.009627947583794594,0.3538049042224884,0.21699141561985016,0.11715237647294999,0.028575438261032104,0.08604849129915237,0.0026631235610693692,0.23443942959420383
685,0.3673774182796478,0.21717854142189025,0.12482355237007141,0.04213445298373699,0.08691384345293045,0.00954148918390274,0.3448425054550171,0.21439380645751954,0.11157612055540085,0.026905563473701478,0.0822518453001976,0.0025424243416637183,0.22327595367096364
686,0.37553337812423704,0.22640226483345033,0.12226196229457856,0.0445889413356781,0.08565845042467117,0.008999161794781685,0.34794846177101135,0.20479003190994263,0.11665286123752594,0.043888702243566516,0.0849860206246376,0.0024643868673592806,0.24799197097308934
687,0.3891792416572571,0.22802006900310517,0.1258648529648781,0.06249589174985885,0.08753896355628968,0.009225613437592983,0.36934234499931334,0.22602319121360778,0.12171653211116791,0.03301896154880524,0.0889350488781929,0.002719346061348915,0.24638988859951494
688,0.3834064304828644,0.22471460402011872,0.1265060856938362,0.055505307763814925,0.08826334327459336,0.009448017366230488,0.34633493423461914,0.20008574426174164,0.12656720280647277,0.029200097918510436,0.09234848767518997,0.0026609623804688455,0.25077675078064204
689,0.37865721583366396,0.22325436770915985,0.12415064126253128,0.054111479222774504,0.08647413998842239,0.009255541581660509,0.33253881335258484,0.19619120955467223,0.11832896173000336,0.024964648485183715,0.08710675686597824,0.002519699838012457,0.23292006691917777
690,0.38649975657463076,0.22829824984073638,0.12678092271089553,0.054968132823705676,0.08784718215465545,0.009671961143612861,0.3534959316253662,0.2080904424190521,0.12392220497131348,0.03450262472033501,0.08954601138830184,0.0028629870153963565,0.2508338280953467
691,0.39237581491470336,0.2346950888633728,0.12689590752124785,0.053401652723550797,0.08806012272834778,0.009702002629637718,0.37114904522895814,0.21843129992485047,0.12725163102149964,0.039962030947208405,0.09311591237783431,0.0028906594961881638,0.2632202338427305
692,0.38128440976142886,0.22286425828933715,0.12922495007514953,0.049607276916503906,0.09005662947893142,0.009584816358983516,0.356070876121521,0.19282724857330322,0.133477520942688,0.05218815505504608,0.09562975317239761,0.002953069284558296,0.28424849845469
693,0.3853452384471893,0.2305501341819763,0.12431123405694962,0.052489463984966275,0.08681987076997758,0.008874264173209667,0.36469014883041384,0.21613556444644927,0.1250625431537628,0.03894908651709557,0.09025306105613709,0.0026164953596889973,0.2568811860866844
694,0.37238492965698244,0.22134662866592408,0.12281798273324966,0.046207770705223083,0.08641073107719421,0.009356576204299926,0.33808026313781736,0.19602656364440918,0.12249519824981689,0.02818199098110199,0.089883191883564,0.0026618755888193845,0.24322225670330228
695,0.3839267730712891,0.23061512410640717,0.12634403258562088,0.04599642902612686,0.08772763311862945,0.009365148656070233,0.34665637612342837,0.19984685778617858,0.11857075095176697,0.04674807786941528,0.08647079318761826,0.002786913514137268,0.2545765355229378
696,0.3797387838363647,0.22871435880661012,0.12281558215618134,0.04770391955971718,0.0857833057641983,0.009088949579745532,0.361739718914032,0.21421568989753723,0.12325076162815093,0.03953469917178154,0.08953606784343719,0.0024907670449465513,0.2548122956883162
697,0.3720506489276886,0.2245490550994873,0.12053256779909134,0.04529988393187523,0.08433870077133179,0.00870637409389019,0.3584100425243378,0.2079567551612854,0.12123158276081085,0.049290454387664794,0.08791368454694748,0.0030498303938657047,0.2614855520892888
698,0.3836704909801483,0.22665970921516418,0.12543707191944123,0.05483766570687294,0.0875660941004753,0.00878944955766201,0.3713857412338257,0.22376702725887299,0.12012747526168824,0.04703241586685181,0.08674274384975433,0.002643025666475296,0.25654566064476964
699,0.3847091019153595,0.23029834628105164,0.1272646263241768,0.04464218840003013,0.08938928693532944,0.009041964448988438,0.3397571384906769,0.19280944466590882,0.12314136773347854,0.03744777739048004,0.08996793329715728,0.002626921306364238,0.25318399972748007
700,0.3899569928646088,0.23199890553951263,0.12754482626914979,0.05125612318515778,0.08881789296865464,0.010497353225946426,0.3552264869213104,0.20465434491634368,0.13060594499111175,0.03027843441814184,0.09479443281888962,0.0029133996926248074,0.25859221192076803
