epoch,train_total,train_noise,train_x0,train_class,train_param,train_closed_loop,val_total,val_noise,val_x0,val_class,val_param,val_closed_loop,val_select
1,5.73324990272522,70.36419334411622,0.7674893736839294,3.6376386165618895,0.38384607434272766,0.4449532687664032,2.9223779678344726,37.16053085327148,0.5362870693206787,1.5488216161727906,0.28178900480270386,0.23166139125823976,2.598559081554413
2,3.944670629501343,57.798912811279294,0.5344179391860961,1.497460412979126,0.29024140238761903,0.19142514765262603,2.409079360961914,29.979061889648438,0.43104004859924316,1.3264316082000733,0.2346799671649933,0.11635870784521103,2.1085103318095206
3,2.3834053754806517,27.940378952026368,0.4304600954055786,1.4671342849731446,0.23377830386161805,0.15459663271903992,1.4136672258377074,11.692597389221191,0.404965752363205,1.1804186820983886,0.22124399840831757,0.12788307964801787,1.9345115125179293
4,1.776115345954895,18.834376335144043,0.38652739524841306,1.2010919570922851,0.2112133651971817,0.1324338585138321,1.0504969835281373,6.104198265075683,0.3206877470016479,1.10336434841156,0.175442898273468,0.085103140771389,1.684598134458065
5,1.398695993423462,12.885743522644043,0.34469595551490784,1.075020933151245,0.19197952449321748,0.10801046192646027,0.9299091339111328,6.023091888427734,0.32437543869018554,0.8438137769699097,0.1840217560529709,0.08167853057384492,1.4338895022869111
6,1.1286638975143433,8.16407585144043,0.33113797307014464,1.0171519279479981,0.18343093395233154,0.09647751003503799,0.8254383325576782,4.452021980285645,0.32228787541389464,0.7852623224258423,0.18293393552303314,0.08268078863620758,1.3731649219989774
7,1.0875104904174804,8.390184593200683,0.32999010682106017,0.8977960586547852,0.18626115322113038,0.0906960666179657,0.8433701992034912,4.710516357421875,0.3314619541168213,0.7592575788497925,0.19564651250839232,0.08151232451200485,1.367878369987011
8,1.112809383869171,8.962291622161866,0.3288877308368683,0.8774008393287659,0.18810429573059081,0.1000266432762146,1.029418420791626,8.138912582397461,0.28823975324630735,0.8536346912384033,0.16308943331241607,0.07484089285135269,1.3798047706484793
9,0.930961012840271,6.167064952850342,0.2958033919334412,0.8396852374076843,0.16470507383346558,0.08501655757427215,0.8928543090820312,6.310382652282715,0.2828450560569763,0.7566360235214233,0.16334327161312104,0.06851194351911545,1.2713362947106364
10,1.117322826385498,10.09549264907837,0.29229148030281066,0.8100785136222839,0.16624791026115418,0.07559309303760528,0.7978091716766358,3.8975783348083497,0.2993695557117462,0.7752689719200134,0.17313567399978638,0.07582337707281113,1.3235975787043572
11,0.9105356574058533,6.692039585113525,0.29276837706565856,0.7220022916793823,0.16930148601531983,0.07818703651428223,0.8324092864990235,4.997971248626709,0.28793134093284606,0.7374125480651855,0.1692984640598297,0.07149705588817597,1.2661394089460372
12,0.9434435844421387,7.342505168914795,0.28832154870033266,0.7178922295570374,0.1682600736618042,0.07818566411733627,0.6716013312339782,3.3222461223602293,0.26709636449813845,0.6039903879165649,0.1589439630508423,0.059805192053318024,1.0898359075188637
13,0.8175018310546875,5.190204715728759,0.28022571802139284,0.6843773245811462,0.16462451219558716,0.06943683475255966,0.6230362057685852,2.481345462799072,0.2561089098453522,0.6044002413749695,0.15091416537761687,0.05214673206210137,1.06357004866004
14,0.8189741373062134,5.23494234085083,0.2734900891780853,0.6859119534492493,0.16046378910541534,0.06795988976955414,0.7208989262580872,4.778295516967773,0.27039250135421755,0.536110234260559,0.1621255874633789,0.05125449150800705,1.0198828145861625
15,0.8489778280258179,6.42342176437378,0.2705306589603424,0.6224457025527954,0.16006240248680115,0.061834301054477694,0.6375280141830444,3.3291252136230467,0.26184321641922,0.5176379919052124,0.15821184515953063,0.05274980515241623,0.9904428586363794
16,0.8482360720634461,6.450635242462158,0.2704251527786255,0.610130250453949,0.16021789312362672,0.06336241662502289,0.6469811201095581,3.3976282119750976,0.25871347188949584,0.5282363891601562,0.15639511942863465,0.048436707258224486,0.9917816877365112
17,0.8337662696838379,5.714198875427246,0.2737984836101532,0.6483884930610657,0.15967083871364593,0.05655578449368477,0.7156987905502319,3.578393888473511,0.25645396709442136,0.6532580614089966,0.15101286470890046,0.043677957355976106,1.1044028505682943
18,0.7795260190963745,5.12704439163208,0.2582207888364792,0.6129950284957886,0.1518525391817093,0.05976940393447876,0.8357894659042359,6.46021728515625,0.2490117371082306,0.6030859470367431,0.14923175871372224,0.053121864795684814,1.0544513076543807
19,0.8509562134742736,6.535072326660156,0.26603524684906005,0.5897475004196167,0.1590753197669983,0.05953825041651726,0.6862301588058471,4.380747604370117,0.2435516208410263,0.5122769117355347,0.14798238575458528,0.04402911961078644,0.9478400379419327
20,0.7284994721412659,4.35842490196228,0.25796437859535215,0.5683969497680664,0.15502750277519226,0.05488925576210022,0.8932807445526123,8.641940689086914,0.24274471998214722,0.4935378432273865,0.14763765931129455,0.04872706979513168,0.9326472923159599
21,0.7248944878578186,3.971039342880249,0.26190794706344606,0.5869017958641052,0.156799978017807,0.05592993795871735,0.6336206912994384,3.2029600143432617,0.23291946649551393,0.5276751160621643,0.14192332029342652,0.05006063431501388,0.9525785371661186
22,0.8912256717681885,7.895317840576172,0.24402135610580444,0.55312659740448,0.14596527814865112,0.04963853359222412,0.7157519578933715,4.749124908447266,0.2382769227027893,0.5215242862701416,0.1448653370141983,0.0519424706697464,0.9566090166568757
23,0.7494128942489624,5.459171390533447,0.2434965431690216,0.5025636076927185,0.14717516601085662,0.055597048997879026,0.6137809157371521,2.9756461143493653,0.23578661382198335,0.49131934642791747,0.14460582733154298,0.04830907210707665,0.9200208596885204
24,0.7497581005096435,5.002140617370605,0.2534096002578735,0.5196836173534394,0.15410231947898864,0.06456022933125496,0.7200219988822937,5.24823477268219,0.23552559018135072,0.4776469826698303,0.14203418493270875,0.04063255339860916,0.8958393111824989
25,0.786222767829895,6.044980716705322,0.23378124535083772,0.5284867882728577,0.13981364965438842,0.04390428960323334,0.5434575200080871,2.036895775794983,0.2253701001405716,0.4535874843597412,0.138714063167572,0.03633134290575981,0.8540029905736447
26,0.6908199191093445,4.184000873565674,0.23928846716880797,0.5027499616146087,0.14472000896930695,0.04773011431097984,0.5344716131687164,2.6236545562744142,0.2130613684654236,0.39689797163009644,0.13044578433036805,0.03168707713484764,0.7720922015607357
27,0.7295591592788696,4.795268917083741,0.24658553600311278,0.5019869983196259,0.14813391566276551,0.04412255808711052,0.6318149089813232,3.4563191413879393,0.23259857594966887,0.4611665427684784,0.14293682873249053,0.04134411737322807,0.8780460648238659
28,0.764867639541626,5.6238960266113285,0.2287294566631317,0.5175986528396607,0.13716806769371032,0.043714965134859084,0.5811386942863465,3.050256776809692,0.2182811379432678,0.42179844379425047,0.13542407751083374,0.03373799845576286,0.8092416577041148
29,0.7371688604354858,5.456422424316406,0.22888490855693816,0.47110646963119507,0.13815662860870362,0.04230108410120011,0.713916003704071,5.463426160812378,0.21764020025730133,0.44267498254776,0.13394269943237305,0.03624772727489471,0.830505609512329
30,0.6929512977600097,4.164981079101563,0.22833401560783387,0.5084172785282135,0.13745886087417603,0.03951724916696549,0.5381267666816711,2.639522171020508,0.21568182110786438,0.37255077362060546,0.13348143696784973,0.02940354272723198,0.7511175744235516
31,0.6371212244033814,3.2970122337341308,0.22921025156974792,0.476546847820282,0.13785810768604279,0.03778114914894104,0.5063502371311188,2.049493408203125,0.20544849932193757,0.38013983964920045,0.1288725256919861,0.027467620372772217,0.7419284850358963
32,0.7162639379501343,4.963076829910278,0.22446262538433076,0.4704157292842865,0.1357120931148529,0.037025393545627595,0.6679452419281006,4.289676284790039,0.21739910244941713,0.45370191931724546,0.13296419978141785,0.03343305885791779,0.8374982804059983
33,0.8024951577186584,6.285863876342773,0.2333054482936859,0.4855873644351959,0.1405148684978485,0.041963084042072295,0.6760446429252625,4.651342034339905,0.21370079517364501,0.4391851365566254,0.12822634875774383,0.03639777973294258,0.8175100602209568
34,0.7419559955596924,4.59255018234253,0.23599733114242555,0.522126293182373,0.1419030100107193,0.04265159517526627,0.615348482131958,2.977998447418213,0.21902904212474822,0.46858187913894656,0.13316277861595155,0.02779979482293129,0.8485734947025775
35,0.6523333787918091,4.023764705657959,0.21890569627285003,0.43056334257125856,0.132496277987957,0.03472437635064125,0.5803899884223938,3.2067066192626954,0.19483502209186554,0.4214663505554199,0.11901267468929291,0.023170147836208344,0.7584841951727866
36,0.6320366144180298,3.48122296333313,0.2159334421157837,0.4451050996780396,0.13103470504283904,0.032080696895718575,0.4371692895889282,1.4875196933746337,0.19009547233581542,0.30341031551361086,0.12018434852361679,0.02382586561143398,0.637516001984477
37,0.6565892815589904,3.6344542026519777,0.22244143784046172,0.45961429476737975,0.13489774763584136,0.03149183951318264,0.46998344659805297,1.5530289173126222,0.1921012282371521,0.357322633266449,0.11970612704753876,0.02213077209889889,0.6912607606500388
38,0.657376480102539,3.563387632369995,0.22467315793037415,0.4587975561618805,0.13493612706661223,0.03432598002254963,0.5654630303382874,3.094363498687744,0.20167253017425538,0.36724625825881957,0.12549521028995514,0.024555925652384757,0.7189699243754148
39,0.6845689535140991,4.448565435409546,0.20914970934391022,0.45272656083106994,0.12581139504909516,0.03284305967390537,0.47130110263824465,1.8773491382598877,0.18842154145240783,0.32277402877807615,0.11786330640316009,0.025960388779640197,0.6550192654132844
40,0.6823573589324952,4.491595315933227,0.2154005467891693,0.4225928604602814,0.13024022430181503,0.034162570536136624,0.6642616629600525,5.027409362792969,0.2053973138332367,0.3479399561882019,0.13018264174461364,0.024159633740782737,0.707679545506835
41,0.6689781188964844,3.932267904281616,0.2146379292011261,0.4510098099708557,0.12935420423746108,0.029282651469111444,0.49690123200416564,2.07090961933136,0.18953244090080262,0.34651310443878175,0.11741428077220917,0.02165677547454834,0.6751166015863419
42,0.7030179977416993,4.755466079711914,0.2132529616355896,0.43200299739837644,0.12979690134525299,0.028527547791600227,0.6744175314903259,4.162693905830383,0.2135365605354309,0.43424458503723146,0.13188023269176483,0.01970904543995857,0.7993704237043857
43,0.65453542470932,3.954902410507202,0.21546769440174102,0.401022869348526,0.13264824450016022,0.029085538163781167,0.5476693391799927,2.0313632011413576,0.2028159260749817,0.4191560745239258,0.12274364233016968,0.01773366443812847,0.7624493073672056
44,0.6665914535522461,4.137210988998413,0.20975396335124968,0.42119380235672,0.12621358931064605,0.02747538685798645,0.5375203847885132,3.128355348110199,0.2023378551006317,0.2788935124874115,0.12492088079452515,0.019815092161297797,0.6259673405438662
45,0.6265423774719239,3.661760139465332,0.20465474128723143,0.3938138484954834,0.12406234592199325,0.026193109527230262,0.5343730449676514,2.091754913330078,0.19302849173545839,0.39274112582206727,0.11884977370500564,0.02128511294722557,0.7259045042097568
46,0.6374418497085571,3.2181682109832765,0.21579608023166658,0.4258402407169342,0.13190076649188995,0.026538536325097083,0.5258880972862243,2.2593816757202148,0.19099881052970885,0.35769296884536744,0.11903128772974014,0.018145810812711716,0.6858688779175282
47,0.6655099391937256,4.243612766265869,0.2057719349861145,0.39734585881233214,0.12630176097154616,0.025408025085926055,0.4954586148262024,1.493611717224121,0.20522575676441193,0.3355030298233032,0.12673313319683074,0.01948343925178051,0.6869453590363265
48,0.62090003490448,3.4444198608398438,0.2066487640142441,0.38162418603897097,0.12638036161661148,0.02499111518263817,0.5467130541801453,2.796151328086853,0.20191791653633118,0.3071544110774994,0.12664194405078888,0.01845199875533581,0.6541662704199552
49,0.6433107018470764,3.4889981746673584,0.2070014238357544,0.41815424561500547,0.12486235946416854,0.02655649520456791,0.5614126205444336,2.411846733093262,0.1944839686155319,0.3904604434967041,0.12079303115606307,0.018532492965459824,0.7242699362337589
50,0.6009503364562988,3.3052014350891112,0.20216084420681,0.3512100398540497,0.12537220269441604,0.026760073006153108,0.4993551969528198,1.9286012649536133,0.1839214324951172,0.33799233436584475,0.11351834982633591,0.017471082508563995,0.6529031991958618
51,0.6040167212486267,3.432129907608032,0.20003235936164857,0.3426185965538025,0.12470434010028839,0.027846179157495498,0.5857138633728027,3.861803150177002,0.18741919994354247,0.29474520683288574,0.12025592923164367,0.017303209006786346,0.6197235450148583
52,0.5402601778507232,1.9070520162582398,0.20510965585708618,0.350752592086792,0.12811989039182664,0.02489267662167549,0.4551089584827423,1.4859612941741944,0.18253423571586608,0.2786939740180969,0.1159568727016449,0.021106935665011407,0.5982920181006194
53,0.5752038419246673,3.2496737003326417,0.19674804508686067,0.30036637783050535,0.12433365881443023,0.023721445724368094,0.4891088008880615,1.2519264698028565,0.18812842965126036,0.35787636041641235,0.11844145208597183,0.01357811838388443,0.678024360537529
54,0.5504102349281311,2.222195339202881,0.19947830736637115,0.34270530939102173,0.1254098042845726,0.02337820641696453,0.518386447429657,1.9097259283065795,0.1925990104675293,0.3294664859771729,0.12179947942495346,0.01885357275605202,0.6627185486257078
55,0.6596664071083069,4.3407949924469,0.19705477654933928,0.3519490659236908,0.12281733453273773,0.024318927526474,0.5806042194366455,3.1476274967193603,0.1910960078239441,0.3294113099575043,0.12085705399513244,0.018273800238966943,0.6596381720155478
56,0.6035435676574707,3.146256113052368,0.2039821296930313,0.3329786002635956,0.12832666486501693,0.024649378284811972,0.48298701643943787,1.6058829307556153,0.19735615849494934,0.2634007573127747,0.12775011360645294,0.014551589265465736,0.6030586186796427
57,0.6422960877418518,4.130089998245239,0.19705933928489686,0.3262713372707367,0.1241908147931099,0.02262548469007015,0.5413025259971619,2.65018310546875,0.1854041785001755,0.3067698121070862,0.11790657490491867,0.015161976590752602,0.625242542102933
58,0.5960651278495789,3.1673540592193605,0.19892181754112243,0.32084510326385496,0.12525157034397125,0.02153094708919525,0.508562421798706,2.1048904776573183,0.18974862694740297,0.27782641649246215,0.12164176404476165,0.01433144584298134,0.6035482533276081
59,0.6172240018844605,3.424255609512329,0.19604932963848115,0.3396939694881439,0.12310902625322342,0.022966276109218597,0.44438759684562684,1.364713478088379,0.18068877458572388,0.23960204124450685,0.1179838627576828,0.013855094090104103,0.5521297726780177
60,0.6075205087661744,3.2046396255493166,0.20261906683444977,0.3151093304157257,0.127886825799942,0.026353982090950013,0.49303343892097473,1.9119162082672119,0.1844247341156006,0.2661501049995422,0.11922669559717178,0.018179526180028917,0.5879810608923436
61,0.5892740607261657,3.0232028007507323,0.19702486395835878,0.3076144576072693,0.12441565543413162,0.025336571782827378,0.5607993721961975,3.006504440307617,0.18889989256858825,0.27611889839172366,0.12253965437412262,0.015315015614032746,0.6028734609484672
62,0.5951434254646302,3.157869482040405,0.19825566112995147,0.2955974042415619,0.12590086609125137,0.025554176792502402,0.5396011948585511,2.491004800796509,0.18538299202919006,0.28425695896148684,0.1199491947889328,0.024003808945417406,0.6135929547250272
63,0.6488135814666748,4.089345216751099,0.19807026386260987,0.2988794922828674,0.12695273458957673,0.030408899113535882,0.6229309916496277,3.726357841491699,0.1984480530023575,0.2897335886955261,0.12894226014614105,0.016574452817440032,0.6336983546614647
64,0.5667425155639648,2.759319472312927,0.18825026452541352,0.2993229478597641,0.11975563019514084,0.02189800851047039,0.4489592373371124,1.38943452835083,0.17958616614341735,0.2249421536922455,0.11760499179363251,0.014356268756091594,0.536489580385387
65,0.6365134954452515,3.7533732891082763,0.19475627243518828,0.315178781747818,0.12402932494878768,0.02212102822959423,0.45527843832969667,1.3152853965759277,0.1776826947927475,0.2468789666891098,0.11540166288614273,0.015522002801299095,0.5554853271692991
66,0.5799613952636719,3.377042770385742,0.18728455603122712,0.2546040266752243,0.12084137201309204,0.020499662682414054,0.5328398823738099,2.4217214584350586,0.18102893233299255,0.2773861259222031,0.11754444986581802,0.014951279386878014,0.5909107875078916
67,0.5883618831634522,2.6358006954193116,0.19402276277542113,0.3253511607646942,0.12286909222602845,0.020377614349126816,0.45225933790206907,1.1992693424224854,0.17789615392684938,0.24223771095275878,0.11644471585750579,0.013717660121619702,0.5502962408587336
68,0.5401297152042389,2.392057180404663,0.1873128294944763,0.2619962513446808,0.12152030766010284,0.020688273757696152,0.4438715219497681,1.3513087034225464,0.1698567032814026,0.2268940806388855,0.11193036437034606,0.015412893891334534,0.5240940421819686
69,0.560508918762207,2.43555634021759,0.18731250166893004,0.29936344027519224,0.11963439434766769,0.018221412599086762,0.516714870929718,2.011552619934082,0.18196789026260377,0.27320356369018556,0.1178301751613617,0.011032989621162415,0.5840346187353135
70,0.5470289766788483,2.6503754377365114,0.1823638051748276,0.2593106716871262,0.11726021915674209,0.018345852941274644,0.5919812202453614,4.032649374008178,0.1768647164106369,0.22562720477581025,0.11732461899518967,0.012466049939393996,0.5322825901210309
71,0.5700549185276031,3.019690418243408,0.1789236158132553,0.27525935173034666,0.11443002671003341,0.01851489916443825,0.5170338034629822,1.25040762424469,0.18704324066638947,0.32346940636634824,0.12082598954439164,0.013412629812955856,0.6447512663900852
72,0.6275795459747314,3.431061792373657,0.19220834076404572,0.30407982468605044,0.12245880961418151,0.01897836774587631,0.4931227147579193,1.6498083353042603,0.18794883787631989,0.22224360704421997,0.1246857300400734,0.012601855956017972,0.5474800309166312
73,0.5534955024719238,2.6041911602020265,0.1838708460330963,0.2565861642360687,0.11793961375951767,0.020320189744234086,0.4538511037826538,1.6256625413894654,0.16899415254592895,0.20118613243103028,0.11162734925746917,0.01345837526023388,0.49526600949466226
74,0.5783372521400452,3.052235221862793,0.17809927463531494,0.2779826641082764,0.11337723582983017,0.01862730607390404,0.4251823365688324,1.2039822578430175,0.15812045931816102,0.22025724351406098,0.10298345237970352,0.012129106000065804,0.4934902612119913
75,0.5903075098991394,3.2977012157440186,0.17855901420116424,0.26920677423477174,0.11485041081905364,0.018281735107302667,0.5093956053256988,1.7382003784179687,0.17798445224761963,0.2674180090427399,0.11596346348524093,0.012699012830853462,0.5740649376064539
76,0.5331644654273987,2.1643775939941405,0.18284381926059723,0.2484586000442505,0.11845748126506805,0.018015075847506522,0.47467864751815797,1.0209994792938233,0.18178611993789673,0.2516811192035675,0.11967025697231293,0.01141271721571684,0.564550213329494
77,0.5372817158699036,1.9637676000595092,0.18199194073677064,0.27305835485458374,0.11821779012680053,0.01907355524599552,0.4651050090789795,1.0729759693145753,0.18458881378173828,0.21073687672615052,0.1228195995092392,0.01163933090865612,0.529784620925784
78,0.5869238138198852,3.150785303115845,0.17964171171188353,0.26023702025413514,0.11623387634754181,0.016167174279689788,0.51948282122612,1.9796255588531495,0.17782375812530518,0.2509923756122589,0.1155151754617691,0.0125374224036932,0.5568687316030264
79,0.5575542092323303,2.3085986137390138,0.18309594988822936,0.26990888118743894,0.11829490065574647,0.016339564323425294,0.512741619348526,1.293230664730072,0.18886473178863525,0.2614086836576462,0.12451132833957672,0.01288202591240406,0.5876667696982621
80,0.5513437271118165,2.176826739311218,0.18531555235385894,0.25639971196651457,0.12109349220991135,0.015786973014473914,0.494598913192749,1.5006930828094482,0.1691429078578949,0.2670654296875,0.11162225157022476,0.010532743483781814,0.5583633325994015
81,0.5994069218635559,3.1996174335479735,0.17922429442405702,0.2714715301990509,0.11597324907779694,0.016985491290688513,0.4619847655296326,1.2490608930587768,0.16677607893943786,0.23336779475212097,0.1097398817539215,0.012663767114281655,0.5225475225597619
82,0.5819184422492981,3.0985249519348144,0.1798037350177765,0.2454688936471939,0.11562865525484085,0.017650653421878815,0.549728399515152,3.081990957260132,0.1731970101594925,0.20410384237766266,0.1143347218632698,0.012090345285832882,0.5037259196862579
83,0.5764411091804504,2.6020920276641846,0.18168354630470276,0.279525625705719,0.11683721542358398,0.016105845756828784,0.46164655685424805,1.0973756551742553,0.1679699033498764,0.24467467665672302,0.11126165091991425,0.010417746566236018,0.5343239774927497
84,0.5559862732887269,2.550163221359253,0.17701181769371033,0.25669708251953127,0.11546711474657059,0.015301301144063473,0.5436812520027161,2.190028762817383,0.17443349361419677,0.28012360334396363,0.11351139992475509,0.012346255406737328,0.5804147522896528
85,0.5715706825256348,2.774177885055542,0.17921437323093414,0.2569827944040298,0.11647718995809556,0.017357611656188966,0.44307045340538026,1.56566663980484,0.16273053884506225,0.1736039251089096,0.10955129116773606,0.011406607553362846,0.45729236267507073
86,0.530872893333435,2.144624924659729,0.18143106997013092,0.23028214871883393,0.11948204189538955,0.015174967981874943,0.5109095215797425,2.0378527641296387,0.17144160270690917,0.23525513112545013,0.11413858234882354,0.011618166416883468,0.5324534825980664
87,0.5273460507392883,2.175858402252197,0.1772129774093628,0.23277484774589538,0.11700857877731323,0.015888301469385625,0.48192439079284666,1.3244738459587098,0.1703011155128479,0.24770645499229432,0.11339678764343261,0.016299137473106386,0.5477034956216813
88,0.6007630348205566,3.1193728923797606,0.18220030665397643,0.2678537368774414,0.11955823600292206,0.0182179294526577,0.46235260367393494,1.4533811569213868,0.1672104299068451,0.20038049519062043,0.11340048760175706,0.017764712683856487,0.498756125383079
89,0.5417101979255676,2.5897370100021364,0.17100588381290435,0.2387229323387146,0.11295011341571808,0.017811791598796846,0.4990351676940918,1.789658212661743,0.17181374728679658,0.22692181766033173,0.11569173038005828,0.017171692103147507,0.5315989874303341
90,0.552592146396637,2.6207152605056763,0.17431417405605315,0.2475600689649582,0.11475712954998016,0.017410062439739703,0.45376290678977965,0.8438533067703247,0.17220739126205445,0.23581284284591675,0.11475749164819718,0.013397912494838238,0.5361756382510066
91,0.5387121319770813,2.356880044937134,0.17535951733589172,0.24299791753292083,0.11494669914245606,0.018125903978943824,0.5094197988510132,1.8548657417297363,0.17283982336521148,0.24329503774642944,0.1151538223028183,0.014070677012205124,0.5453593604266643
92,0.5776315927505493,2.9495856046676634,0.17722685337066652,0.25559001564979555,0.1163155496120453,0.017629801481962203,0.46766924262046816,1.662301981449127,0.1693667322397232,0.19187346398830413,0.11270336210727691,0.01309455893933773,0.48703811727464197
93,0.5988325476646423,2.9474277973175047,0.18528365194797516,0.2752543807029724,0.1206545889377594,0.015791437588632107,0.4818712055683136,1.9273693203926086,0.15634213089942933,0.24159185588359833,0.10366101711988449,0.009407353028655053,0.5110023569315671
94,0.5562097072601319,2.509597826004028,0.17683242559432982,0.26295090913772584,0.11483728885650635,0.015169303677976132,0.4544719040393829,0.6077728033065796,0.17391217052936553,0.2615650951862335,0.11360592991113663,0.011565236933529377,0.5606484325602651
95,0.5797871112823486,3.0982500076293946,0.1749825358390808,0.25384960770606996,0.11515640169382095,0.015621748752892017,0.4524204730987549,1.029069536924362,0.1592328280210495,0.2622146844863892,0.10560734122991562,0.010038927011191846,0.5370937807485461
96,0.49854968786239623,1.6519911170005799,0.17249737977981566,0.2466249167919159,0.11307603418827057,0.014128513634204865,0.4334498107433319,0.9508400559425354,0.16976057291030883,0.19454443454742432,0.11439933031797409,0.008951360359787941,0.48765569813549514
97,0.5299356579780579,2.372177839279175,0.17307558953762053,0.23508614897727967,0.11406930536031723,0.013277583383023739,0.4812156677246094,2.081417369842529,0.15821749866008758,0.21721865832805634,0.1060380443930626,0.008559840172529221,0.4900340415537357
98,0.4971438467502594,1.940124011039734,0.16935402154922485,0.22397361993789672,0.11201606243848801,0.013561521656811237,0.470963317155838,1.5770974159240723,0.16379146575927733,0.22766928672790526,0.10949998795986175,0.009964747540652751,0.5109254879876971
99,0.5424327492713928,2.165401268005371,0.1782759815454483,0.26434075832366943,0.1161832183599472,0.015066253021359444,0.4689097762107849,2.2047223091125487,0.15799906849861145,0.17854799926280976,0.10571570992469788,0.011369717866182327,0.4536324955523014
100,0.5088278532028199,1.8582075595855714,0.17541130483150483,0.23635472655296325,0.11543994098901748,0.013777710497379303,0.47976977825164796,2.261574220657349,0.15846399068832398,0.1958891749382019,0.10554596483707428,0.009473060071468354,0.4693721905350685
101,0.5481467723846436,2.6290021419525145,0.17682370245456697,0.23507350385189058,0.11533598750829696,0.01400044783949852,0.44546258449554443,1.6451194047927857,0.15953139066696168,0.18143561482429504,0.10757540166378021,0.010763953253626824,0.45930636040866374
102,0.5377665042877198,2.6467638969421388,0.17244380414485933,0.22137316465377807,0.11477100998163223,0.015053818188607692,0.42457711696624756,1.3651103496551513,0.1445264220237732,0.22284651398658753,0.09507466852664948,0.010594469122588634,0.4730420736595988
103,0.5731244325637818,3.0927148342132567,0.1756005197763443,0.2400330901145935,0.1155849352478981,0.01457337811589241,0.38867142200469973,0.6213598012924194,0.16026778519153595,0.1677870810031891,0.10857124626636505,0.009741744212806224,0.4463678566738963
104,0.5413614690303803,2.6577548027038573,0.17123640179634095,0.23449477851390838,0.11228297054767608,0.015413936786353588,0.4033517837524414,0.9318400025367737,0.1567308247089386,0.18020899295806886,0.1050078183412552,0.009833300672471523,0.4517809366807341
105,0.5033642172813415,2.393834185600281,0.16761153936386108,0.19574173986911775,0.11159652769565583,0.013187123462557793,0.49361339807510374,0.9122098803520202,0.18324363827705384,0.27802287340164183,0.12082202285528183,0.009851586818695069,0.5919401213526726
106,0.5186044037342071,2.4541329860687258,0.1690543621778488,0.216391459107399,0.11213971823453903,0.01301590371876955,0.48592228889465333,2.8468153953552244,0.14680067598819732,0.18821988999843597,0.09844986796379089,0.008442066982388497,0.4419125009328127
107,0.5168132603168487,2.3718143463134767,0.17253857254981994,0.2084542065858841,0.11469852328300476,0.013516722433269023,0.45636132955551145,1.58725905418396,0.16195659041404725,0.2006053388118744,0.10990161299705506,0.009674999490380287,0.482138541713357
108,0.45815734267234803,1.3614688634872436,0.16823844909667968,0.20797567069530487,0.11120318919420243,0.013308855146169663,0.40255582332611084,1.1440428495407104,0.15186070799827575,0.17404197454452514,0.10149272829294205,0.00995850246399641,0.4373539132997393
109,0.5052313864231109,2.5039188146591185,0.16473737061023713,0.1979681968688965,0.10917132794857025,0.01428532339632511,0.4381019115447998,1.3966922521591187,0.16774568259716033,0.15993945002555848,0.11465077251195907,0.011802235990762711,0.4541381411254406
110,0.5291340053081512,2.480436658859253,0.1708669424057007,0.22723043859004974,0.11326643973588943,0.014727121777832508,0.4254598498344421,1.8156471729278565,0.1480143815279007,0.16136878579854966,0.10164942294359207,0.008658631704747677,0.4196912219747901
111,0.46062239408493044,1.7118357181549073,0.16147203147411346,0.19895173907279967,0.10754066109657287,0.013084094412624836,0.4740676999092102,1.1958369016647339,0.17040230929851533,0.24749380052089692,0.11491925418376922,0.01041477471590042,0.543230138719082
112,0.5096742212772369,2.6226980447769166,0.16467789113521575,0.19394260942935942,0.10962442308664322,0.014531389996409416,0.5776767373085022,3.535635232925415,0.16790351271629333,0.23006621301174163,0.11188751310110093,0.012141719274222851,0.5219989581033587
113,0.49425190687179565,2.0346245765686035,0.16881803274154664,0.2097544401884079,0.11129206717014313,0.015066685155034065,0.4421290934085846,0.9419184446334838,0.16749119758605957,0.21934909522533416,0.11333035528659821,0.009074148163199425,0.5092447962611913
114,0.5211232900619507,2.6597292900085447,0.1668875426054001,0.20469659864902495,0.11196767687797546,0.013866580091416836,0.3892182528972626,0.8428244948387146,0.15029016733169556,0.17895427346229553,0.10325721949338913,0.008104985021054745,0.4406066453084349
115,0.5051002502441406,2.2868176698684692,0.16730875968933107,0.20744301080703736,0.11140326559543609,0.01665165610611439,0.4181185245513916,1.0740415692329406,0.15989651083946227,0.17627280354499816,0.10999849736690522,0.012770072929561139,0.4589378846809267
116,0.47976320385932925,1.7084722995758057,0.1658339321613312,0.21947002410888672,0.10988901406526566,0.01776328906416893,0.45263962745666503,2.0942971229553224,0.15141049027442932,0.1786820411682129,0.10281134098768234,0.008723841421306134,0.4416277138516307
117,0.5062693178653717,2.2797935724258425,0.17120167315006257,0.19772294163703918,0.1148416131734848,0.014749751053750515,0.4386313438415527,1.0606442928314208,0.1671728491783142,0.20195775032043456,0.11242166310548782,0.010051456280052662,0.4916037188842892
118,0.481913685798645,1.8579933643341064,0.16813281178474426,0.20252057313919067,0.1125554010272026,0.014131019823253155,0.4439673125743866,0.9740202188491821,0.16919786632061004,0.21392590403556824,0.11419931203126907,0.009812305495142937,0.5071353878825903
119,0.49193841218948364,2.3514522314071655,0.16444903314113618,0.1854437083005905,0.11054916381835937,0.013291507959365845,0.44840580224990845,2.2681363105773924,0.15214446187019348,0.14877380132675172,0.10420183986425399,0.00853152796626091,0.41365163102746005
120,0.4980940937995911,2.2100476026535034,0.1656750112771988,0.2113450974225998,0.10999110490083694,0.012506085634231567,0.40340169668197634,0.9634299516677857,0.15873165130615235,0.16731739640235901,0.10879737138748169,0.008085004054009914,0.442931423150003
121,0.47671871781349184,1.8756195068359376,0.16338518857955933,0.20684015154838561,0.10925408750772476,0.013756762258708477,0.4146155595779419,0.9796205997467041,0.15984269380569457,0.18620928525924682,0.1084624171257019,0.008449572324752807,0.46296396851539606
122,0.4740646958351135,1.9021023273468018,0.16472434401512145,0.19468205273151398,0.11044632196426392,0.012895743548870086,0.46020190715789794,1.2912930965423584,0.16369478404521942,0.23815655708312988,0.1085804507136345,0.008567472361028195,0.518999264203012
123,0.48547648191452025,1.8966474294662476,0.1664938747882843,0.21543363928794862,0.11050975322723389,0.011847321689128876,0.44527090191841123,0.9707144558429718,0.16733456552028655,0.23120020031929017,0.1103228509426117,0.006955322250723839,0.5158129390329123
124,0.44955787658691404,1.3645404934883119,0.16304570734500884,0.20834406912326814,0.10867875814437866,0.010868702083826065,0.4163487315177917,1.6392990112304688,0.1472804993391037,0.16687303483486177,0.10033913552761078,0.006655275821685791,0.42114794552326207
125,0.47402082085609437,1.9564035415649415,0.15971544086933137,0.20810283422470094,0.10679271966218948,0.01128211971372366,0.46398279070854187,1.428839111328125,0.16726781129837037,0.21832380890846254,0.11269546300172806,0.006831317767500877,0.5051184009760619
126,0.4724584758281708,1.9386609077453614,0.16285093128681183,0.19514962434768676,0.10936629325151444,0.011466795019805432,0.4259509861469269,1.343197774887085,0.15402460098266602,0.19148476123809816,0.1054940551519394,0.007060113083571196,0.45806353045627474
127,0.4950341761112213,2.02619469165802,0.16489112973213196,0.22529000639915467,0.10991765856742859,0.012541293166577816,0.4448982775211334,1.1811907291412354,0.158620423078537,0.23519080877304077,0.1062823325395584,0.006681117042899132,0.5067746814340353
128,0.48506266474723814,2.1445262908935545,0.1623735785484314,0.20243407487869264,0.10860259085893631,0.011286275647580623,0.41422524452209475,1.1233498573303222,0.15694476962089537,0.1812699854373932,0.10678590238094329,0.0073841909877955915,0.4523848484270275
129,0.46646549701690676,2.174515199661255,0.15455089509487152,0.18794038891792297,0.10348732322454453,0.011462648399174213,0.41154088973999026,1.2601458549499511,0.1522687256336212,0.1747268855571747,0.103847236931324,0.010108431242406369,0.44095127936452627
130,0.463562422990799,1.649618148803711,0.16302689909934998,0.20507614314556122,0.1090461105108261,0.012940851040184498,0.41931614875793455,0.8553057789802552,0.16307947635650635,0.19404644668102264,0.1118335098028183,0.009229300171136856,0.4781887330114842
131,0.45625709891319277,1.807489538192749,0.15867061018943787,0.18774525821208954,0.10723397582769394,0.012210794724524021,0.41971859335899353,0.7237666368484497,0.16797746419906617,0.19529778361320496,0.11421238332986831,0.007383029349148274,0.48487066049128774
132,0.5031365334987641,2.399293041229248,0.16519246101379395,0.20287944972515107,0.11057967692613602,0.011920042335987091,0.439845597743988,1.56059889793396,0.15310321152210235,0.2030251443386078,0.10313734859228134,0.008125074207782745,0.4673907786607742
133,0.46888516545295716,1.983933687210083,0.1569417744874954,0.20333662927150725,0.10486079156398773,0.012435190938413143,0.3971506953239441,0.9585314750671386,0.15038461983203888,0.18774448037147523,0.10082636922597885,0.008281764946877957,0.44723723437637086
134,0.4575725615024567,1.6557061910629272,0.166110560297966,0.18043899536132812,0.11268931776285171,0.01153571456670761,0.37163789868354796,1.3713623404502868,0.13526338934898377,0.14107921421527864,0.09376817792654038,0.006997179426252842,0.3771079609170556
135,0.46117578744888305,1.8969366073608398,0.16096280217170716,0.18165038526058197,0.10874263942241669,0.011596640571951866,0.4041411876678467,0.5678573548793793,0.15917508006095887,0.20966262221336365,0.10797416418790817,0.007535546459257603,0.4843474129214883
136,0.48393510580062865,2.0484304666519164,0.16366668343544005,0.20535244047641754,0.1096169263124466,0.011107503622770309,0.38747367858886717,1.1609774827957153,0.1498115614056587,0.1460827350616455,0.10287123918533325,0.007401320338249207,0.4061668559908867
137,0.46922218799591064,2.0027344942092897,0.15970349311828613,0.19344569146633148,0.10719743520021438,0.010923374630510806,0.4121086835861206,1.175339925289154,0.16232554614543915,0.1508094847202301,0.11201019585132599,0.00720241367816925,0.4323476403951645
138,0.45342345237731935,1.4499022722244264,0.16522184014320374,0.1981884628534317,0.11161755919456481,0.009989369846880435,0.43479111790657043,2.191999888420105,0.14632216989994049,0.14901937842369078,0.10088916569948196,0.006940168701112271,0.40317088272422547
139,0.4936608374118805,2.625258207321167,0.1597626954317093,0.17765761017799378,0.1085656464099884,0.010481517016887664,0.40195528864860536,1.1339789867401122,0.1539401739835739,0.16356925815343856,0.10654796063899993,0.005967131815850735,0.43002452459186313
140,0.4787232995033264,2.2586171627044678,0.15792892575263978,0.19166746735572815,0.1069532111287117,0.010153130628168583,0.4587895035743713,1.6262690067291259,0.15969173908233641,0.21435287594795227,0.10668704807758331,0.007841607183218002,0.48857327029109
141,0.45813959240913393,1.8021203517913817,0.1625490516424179,0.18132762610912323,0.10933984369039536,0.010961737670004367,0.40432087182998655,1.7282660067081452,0.14713727831840515,0.12947447896003722,0.10289196223020554,0.0062822246924042705,0.3857859442010521
142,0.4387217819690704,1.9676898121833801,0.1511968642473221,0.16363196969032287,0.10172767490148545,0.011193537525832653,0.384986424446106,1.3588586807250977,0.1525894045829773,0.10898884385824203,0.10670486837625504,0.006509586423635483,0.37479270324110986
143,0.43562748432159426,1.4726501941680907,0.1602163016796112,0.1772645890712738,0.10780060738325119,0.010691516473889351,0.4381008207798004,1.2837054967880248,0.16361949145793914,0.19160794019699096,0.11107060015201568,0.006843014992773533,0.4731410467997193
144,0.40811907649040224,1.2693624019622802,0.15471420884132386,0.1605296850204468,0.10451111644506454,0.010321579128503799,0.3912672221660614,1.0845817804336548,0.14940388798713683,0.16538610458374023,0.10146312564611434,0.006956113502383232,0.42320923171937463
145,0.42329071164131166,1.2926199197769166,0.15930349826812745,0.1721538245677948,0.10806215107440949,0.010434291511774062,0.35936306715011596,0.9351033926010132,0.1456828773021698,0.12619598507881163,0.10071447789669037,0.006225067935883999,0.37881840821355584
146,0.4155538558959961,1.491856610774994,0.15504337847232819,0.1491629660129547,0.10618174225091934,0.010308843106031418,0.3327719569206238,0.7703243136405945,0.1378220170736313,0.11293291449546813,0.09642443507909775,0.007085660472512245,0.35426502712070945
147,0.46411688923835753,2.176171326637268,0.16008585095405578,0.16128170788288115,0.10887815356254578,0.011406920291483403,0.3996652185916901,1.2026919364929198,0.14987328946590422,0.1672059953212738,0.10254980772733688,0.007009014021605253,0.4266381065361202
148,0.43627110719680784,1.5710961937904357,0.16180219054222106,0.16222464442253112,0.10944713950157166,0.010709289647638797,0.388174968957901,1.2217032432556152,0.14818736910820007,0.14650022685527803,0.10163322389125824,0.008038191311061382,0.4043590111657977
149,0.43171889781951905,1.524401307106018,0.15835055112838745,0.16927769631147385,0.10723658353090286,0.010545689426362515,0.4336142361164093,1.4584411144256593,0.15201008915901185,0.20231388211250306,0.10357274264097213,0.007904839515686036,0.46580155342817314
150,0.4591649055480957,2.059162211418152,0.1591678589582443,0.1648995667695999,0.10801256746053696,0.013153151981532574,0.3749112844467163,1.2568006992340088,0.14761602282524108,0.11567805260419846,0.10324113517999649,0.006750124227255583,0.37328533483669163
151,0.4642659783363342,1.836122751235962,0.1613354504108429,0.195419043302536,0.10777303874492646,0.011283643357455731,0.40731281042099,0.9504495143890381,0.1617203176021576,0.16769934743642806,0.11049007624387741,0.007460595667362213,0.4473703369498253
152,0.3970412969589233,1.4369101524353027,0.14736450016498565,0.1443849354982376,0.10040289908647537,0.010471852496266365,0.35116192102432253,0.8890135228633881,0.1434707224369049,0.12092117071151734,0.09958593994379043,0.00638800710439682,0.3703658401966095
153,0.42856158018112184,1.6004031658172608,0.15319183170795442,0.17138396799564362,0.10402290225028991,0.011269394867122173,0.39301236867904665,1.1427107095718383,0.15218229591846466,0.14906314611434937,0.10447057932615281,0.009384753927588464,0.41510077528655526
154,0.4310685992240906,1.7441484212875367,0.1555709272623062,0.15033124685287474,0.10655623525381089,0.013136810064315796,0.3834223568439484,1.1657209992408752,0.1508055031299591,0.12455561161041259,0.10550193190574646,0.01310213953256607,0.39396518617868426
155,0.4626581907272339,2.2792918205261232,0.1561490535736084,0.1576220154762268,0.10755792260169983,0.012351224012672902,0.35644711256027223,0.5699378490447998,0.14289042949676514,0.16552480459213256,0.09900878071784973,0.006577173434197903,0.41400118824094534
156,0.43005779981613157,1.5810845136642455,0.15895503461360933,0.15630147755146026,0.10854268074035645,0.010710220038890838,0.39662946462631227,1.2127280235290527,0.14438895881175995,0.1781451404094696,0.0985991895198822,0.007864698581397534,0.4289979873225093
157,0.44323810338974,1.999164891242981,0.15058797001838684,0.169050332903862,0.10262027829885483,0.011092867515981198,0.38533730506896974,0.9350966930389404,0.15395331978797913,0.1496580183506012,0.10539453029632569,0.008811270631849766,0.41781713906675577
158,0.4190306842327118,1.6151920676231384,0.1540752023458481,0.14561245441436768,0.10528961271047592,0.012200081162154675,0.39966329336166384,1.1332423269748688,0.15608088970184325,0.1525562286376953,0.1067419782280922,0.007800392061471939,0.42317948862910265
159,0.4357212960720062,1.8430280208587646,0.15334154665470123,0.16068026423454285,0.10421019941568374,0.011356018856167794,0.3697419226169586,1.2441728591918946,0.14025136232376098,0.12981610298156737,0.09798529595136643,0.008777109533548355,0.3768298707902431
160,0.4177336454391479,1.4511722803115845,0.15323872864246368,0.16483378410339355,0.10407385081052781,0.010891106724739075,0.40053691267967223,0.8969207406044006,0.15719587206840516,0.17442920804023743,0.10746481865644456,0.0076311368495225905,0.4467210356146097
161,0.43624444007873536,1.8200854778289794,0.1561080515384674,0.15467991232872008,0.10665210187435151,0.010280155390501023,0.3912065625190735,1.4327274322509767,0.14910686016082764,0.12501051425933837,0.1042875424027443,0.007341089285910129,0.3857460061088205
162,0.44845186471939086,1.9552646160125733,0.15681036114692687,0.1641722798347473,0.10621762573719025,0.011148998141288757,0.3498831868171692,0.6739702224731445,0.14486619234085082,0.13626306354999543,0.09958321154117585,0.007207469921559096,0.38791993735358116
163,0.4247195303440094,1.6577275276184082,0.15391371250152588,0.15372946560382844,0.10563875734806061,0.010831870511174202,0.39253643751144407,1.715997314453125,0.14065012335777283,0.13229944556951523,0.09625062197446824,0.007372165843844414,0.3765723567456007
164,0.4170597791671753,1.3287306547164917,0.15173619985580444,0.1822129189968109,0.10268385857343673,0.010193461179733276,0.3841215133666992,0.9362570762634277,0.15041614472866058,0.16002725213766097,0.10386074632406235,0.006036299746483564,0.42034044293686745
165,0.4237700343132019,1.5028347492218017,0.15393428206443788,0.17146649658679963,0.10417404174804687,0.009573458507657052,0.39154461622238157,1.297984504699707,0.15042758584022523,0.13914144933223724,0.10360504686832428,0.00608402919024229,0.39925811123102906
166,0.42335142493247985,1.5267945528030396,0.155804643034935,0.16188361942768098,0.10556749552488327,0.009395525604486466,0.39162089228630065,1.0524221658706665,0.15472445487976075,0.14557882994413376,0.10802245736122132,0.006926902756094933,0.4152526449412108
167,0.39621201157569885,1.1157431483268738,0.15342687368392943,0.15341993272304535,0.10558329671621322,0.009409433789551258,0.3951745927333832,1.3614916026592254,0.15299805998802185,0.12851122617721558,0.10703686326742172,0.0056189166381955145,0.39416506607085466
168,0.4122444152832031,1.5743007421493531,0.15138858258724214,0.14528766870498658,0.10457469522953033,0.00984453335404396,0.40440313816070556,1.4039296865463258,0.14740626513957977,0.16521094143390655,0.10139269977807999,0.005604445096105337,0.4196143514476717
169,0.42836993336677553,1.524724006652832,0.15477973818778992,0.1746974378824234,0.10547850281000137,0.009053531475365162,0.38891599178314207,0.8055055618286133,0.15301179885864258,0.17343356013298034,0.10594023764133453,0.005943815968930721,0.4383294126018882
170,0.373472535610199,1.0217525959014893,0.15122362673282624,0.12504976689815522,0.10407266020774841,0.009127473831176758,0.35477311015129087,0.7976304292678833,0.1444420486688614,0.13288068771362305,0.10091994851827621,0.006178543530404567,0.3844212284311652
171,0.4060255527496338,1.3639662384986877,0.15153253674507142,0.15641095638275146,0.10332100838422775,0.00953645072877407,0.420399135351181,1.4955609083175658,0.15837025940418242,0.15059958398342133,0.1089560255408287,0.005989987030625343,0.4239158559590578
172,0.3861497402191162,0.9950097680091858,0.14761557579040527,0.16675409078598022,0.10063723772764206,0.009538787975907325,0.3878540873527527,0.7405941367149353,0.15419943034648895,0.1747171998023987,0.10548884868621826,0.007554958388209343,0.44196043722331524
173,0.4210693120956421,1.677151346206665,0.15194770693778992,0.1524948850274086,0.10392923951148987,0.010174708068370819,0.37724393606185913,0.7558712005615235,0.1498685359954834,0.16999251544475555,0.10149656087160111,0.006178051605820656,0.4275356639176606
174,0.4162312686443329,1.645940113067627,0.14791693389415742,0.16283219456672668,0.09994880259037017,0.009304874204099178,0.3576043128967285,0.9336182355880738,0.13949217796325683,0.14374042749404908,0.09670607298612595,0.0057098519057035444,0.3856485303491354
175,0.40532355308532714,1.554628837108612,0.14735837876796723,0.15074338018894196,0.10000949651002884,0.009705089777708054,0.3750806987285614,1.0929211854934693,0.15065740942955017,0.12374712973833084,0.10503749698400497,0.005732320155948401,0.38517435630783436
176,0.3907254278659821,1.354321300983429,0.14606109857559205,0.14485319554805756,0.09973998069763183,0.009563372284173966,0.40643066763877866,1.4922716617584229,0.15450512170791625,0.1336518108844757,0.10758822709321976,0.005795690603554249,0.4015408502891659
177,0.418761283159256,1.5134062886238098,0.15523663461208342,0.15526366531848906,0.10567347109317779,0.009098081290721894,0.3951123595237732,0.6893112659454346,0.1581299662590027,0.1825390040874481,0.10824703872203827,0.006000607367604971,0.4549166164360941
178,0.3864713430404663,1.1687872648239135,0.14965552389621734,0.1421012818813324,0.10251461565494538,0.009622385539114476,0.38071087598800657,1.0019144773483277,0.14400638341903688,0.1674115002155304,0.09927112311124801,0.007263846974819898,0.4179528537206352
179,0.39406264424324033,1.1407375454902648,0.1516170471906662,0.15167315751314164,0.10411249101161957,0.010919299162924289,0.428799045085907,1.54031400680542,0.1585228204727173,0.15677865445613862,0.10956728160381317,0.010607844963669778,0.4354766014963389
180,0.4125794291496277,1.691707682609558,0.15126941800117494,0.13268615007400514,0.10429890304803849,0.012165297381579876,0.40483110547065737,1.0763967990875245,0.1592119336128235,0.15304916501045226,0.1101568505167961,0.010235749743878841,0.4326536988839508
181,0.44163855314254763,1.8913993835449219,0.15408462584018706,0.16357820630073547,0.10546697229146958,0.01145574077963829,0.38370644450187685,1.100318145751953,0.14704583287239076,0.14503511041402817,0.10254832357168198,0.013157596811652184,0.4077868636697531
182,0.46018810868263244,2.2323283195495605,0.15545837581157684,0.16096231043338777,0.10607637614011764,0.013111520186066627,0.4407282054424286,1.8224229574203492,0.15577444434165955,0.1605234593153,0.10747642368078232,0.012188886664807797,0.4359632140025496
183,0.4196723163127899,1.6576918125152589,0.1508611649274826,0.15273425877094268,0.10356579571962357,0.011987287737429141,0.4345527827739716,1.3980146527290345,0.16015709638595582,0.17790154218673707,0.11025384664535523,0.010580707155168057,0.4588931923732162
184,0.41412023901939393,1.5392573118209838,0.1516954004764557,0.14941437393426896,0.10434415340423583,0.012821263819932937,0.4072254657745361,1.2561320304870605,0.15889336466789244,0.141293466091156,0.11040122509002685,0.00895509235560894,0.41954314820468425
185,0.39860244989395144,1.6995367050170898,0.14487723410129547,0.12601009309291838,0.09987692534923553,0.011732805706560611,0.34423471689224244,0.6661028861999512,0.14355626702308655,0.12711854875087739,0.10030908286571502,0.007009904086589813,0.37799380272626876
186,0.40744267106056214,1.472468113899231,0.14758226573467254,0.16081385910511017,0.10018426775932313,0.011291615664958954,0.37923585772514345,1.5850905418395995,0.1441853940486908,0.10074359327554702,0.10145436078310013,0.007939544599503278,0.35432289270684125
187,0.4037655234336853,1.3120429754257201,0.1504818320274353,0.15867421329021453,0.10296428650617599,0.01076029147952795,0.3947360277175903,1.2977578401565553,0.15325233936309815,0.12859603613615037,0.10883073806762696,0.00693408316001296,0.39761319672688844
188,0.39181957840919496,1.4399233222007752,0.14528416395187377,0.13986399918794631,0.10002036839723587,0.009173746313899755,0.3685326397418976,1.4709529876708984,0.1347719043493271,0.12591677457094191,0.09470090568065644,0.005107593443244696,0.36049717804417014
189,0.39399781823158264,1.439060091972351,0.14840535521507264,0.13359550386667252,0.10233849287033081,0.00900644827634096,0.341559499502182,1.0808315396308898,0.13493793904781343,0.11178826540708542,0.09405372738838196,0.005264266580343247,0.34604419842362405
190,0.3881502628326416,1.3579668402671814,0.14861207604408264,0.12917942106723784,0.10242819339036942,0.009243868850171566,0.3557763993740082,1.1091531276702882,0.13838565349578857,0.12292094230651855,0.09761302918195724,0.00571918897330761,0.36463881395757197
191,0.37782650589942934,1.1327912092208863,0.14757922291755676,0.13568337708711625,0.10148395299911499,0.00856416579335928,0.36263559460639955,0.8728239893913269,0.1439455360174179,0.14647725224494934,0.09905181378126145,0.005516814347356558,0.39499141639098523
192,0.3924355924129486,1.2814867973327637,0.1498298615217209,0.1419197678565979,0.10301127284765244,0.009120471030473708,0.424355286359787,1.1975036144256592,0.15654453933238982,0.19509117901325226,0.1074421688914299,0.005895625706762076,0.46497351294383404
193,0.41531110405921934,1.6944595336914063,0.1475546658039093,0.15595124065876007,0.10052774548530578,0.009060167521238328,0.39736154675483704,1.0973647832870483,0.14991111755371095,0.17384399175643922,0.10248437374830247,0.006351621355861425,0.43259110441431403
194,0.4151096403598785,1.6638157844543457,0.15077006220817565,0.14621911346912383,0.10303192883729935,0.010014614649116993,0.4303911983966827,1.4438243865966798,0.15735631287097931,0.1836807668209076,0.10575660914182664,0.006493358127772808,0.4532870469614863
195,0.3889237105846405,1.460898756980896,0.14575547873973846,0.13146750032901763,0.09950722008943558,0.009764637239277363,0.359997832775116,0.6474669873714447,0.15241800546646117,0.13060665428638457,0.1068248763680458,0.006156517937779426,0.396006054058671
196,0.39995461106300356,1.4272668957710266,0.14835937619209288,0.14749609380960466,0.10196364969015122,0.009040393121540546,0.33123031854629514,0.7394782245159149,0.1419484555721283,0.09964364171028137,0.10005934685468673,0.00485353684052825,0.3465049809776246
197,0.4011565387248993,1.4812552452087402,0.14676810503005983,0.15104146003723146,0.1006769135594368,0.008256067335605622,0.3687483727931976,0.8667445480823517,0.14790021479129792,0.14237696975469588,0.10348552465438843,0.005673843901604414,0.39943655310198667
198,0.42454053163528443,2.0826155662536623,0.14633607268333435,0.13774375170469283,0.10075967609882355,0.008884239569306373,0.367187374830246,0.7289444088935852,0.15102912187576295,0.1451440691947937,0.10445519536733627,0.005367609020322561,0.40599599545821546
199,0.4180203914642334,1.5612247467041016,0.15395320057868958,0.1528727576136589,0.10521593987941742,0.008707277476787567,0.39994839429855344,1.2381556510925293,0.14885586202144624,0.1685947984457016,0.10181211680173874,0.006150495633482933,0.4254132729023695
200,0.4187251448631287,1.7851411342620849,0.14634137153625487,0.1579028457403183,0.09971902072429657,0.008912554569542408,0.358730274438858,0.6888282060623169,0.15188226699829102,0.12872201800346375,0.10537451207637787,0.005342152714729309,0.39132094979286197
201,0.38699102997779844,1.3155911207199096,0.1472255766391754,0.13627085238695144,0.10147405415773392,0.008752823807299137,0.3294591724872589,0.5721377968788147,0.14183366298675537,0.11495210379362106,0.09908923953771591,0.004906637221574783,0.3607816435396672
202,0.40265328884124757,1.517074978351593,0.15068795680999755,0.13569248020648955,0.10394635647535325,0.008637968450784683,0.3521046578884125,0.986910605430603,0.13757004737854003,0.1341523766517639,0.09550666511058807,0.005212418921291828,0.37244150806218385
203,0.4096100926399231,1.6175726890563964,0.14657125771045684,0.1558770000934601,0.0999331071972847,0.008577193319797515,0.4065726280212402,0.6377372741699219,0.16612715721130372,0.1843457043170929,0.11325462907552719,0.006262241117656231,0.46998973172158004
204,0.4175695598125458,1.5535219430923461,0.15049442946910857,0.16499797701835633,0.10228514075279235,0.009229812771081924,0.42094784379005434,1.919888472557068,0.145869243144989,0.1486065000295639,0.10148626416921616,0.006589325703680515,0.4025513330474496
205,0.39748035073280336,1.4766649961471559,0.1448085606098175,0.14936408251523972,0.09949173033237457,0.009329528175294399,0.37431237697601316,0.883221161365509,0.14701106548309326,0.16041299402713777,0.10014008432626724,0.005587349459528923,0.4131514932960272
206,0.38390885591506957,1.1436009883880616,0.14825686514377595,0.14418643712997437,0.10196751207113267,0.008822403475642204,0.35161385536193845,0.8495952129364014,0.14066484272480012,0.13516127169132233,0.09761795699596405,0.006541331019252539,0.37998540243133905
207,0.397638338804245,1.355438506603241,0.1493609607219696,0.14695658534765244,0.10253412872552872,0.008986061997711658,0.33106423616409303,0.9361655712127686,0.1324181914329529,0.11347950547933579,0.09271439760923386,0.004767221584916115,0.3433793161064386
208,0.37906805276870725,1.1388663172721862,0.14841755330562592,0.13459305465221405,0.10234906524419785,0.008123181015253066,0.36836631298065187,1.0059353828430175,0.14364055991172792,0.14461077898740768,0.09995357692241669,0.0043400231748819355,0.39254493899643417
209,0.3835879921913147,1.1792526364326477,0.14750063717365264,0.14384978860616685,0.1013475701212883,0.007704510074108839,0.3622534930706024,0.6784773349761963,0.1486268013715744,0.1479788154363632,0.10275977104902267,0.0059072976931929585,0.4052726855501533
210,0.3961320698261261,1.5544537544250487,0.1462237685918808,0.13473479598760604,0.10052270889282226,0.00859099868685007,0.358060348033905,1.3875993490219116,0.13707926869392395,0.10355675220489502,0.09696780741214753,0.005709861498326063,0.34331368980929255
211,0.38859513998031614,1.686870551109314,0.14117975831031798,0.12342340797185898,0.09716190546751022,0.008396480232477188,0.40306719541549685,1.5804536819458008,0.15319287776947021,0.11999512910842895,0.10812694430351258,0.005454225093126297,0.3867691762745381
212,0.4003979504108429,1.597669768333435,0.14888848960399628,0.12646113634109496,0.10363974869251251,0.009511308278888464,0.36333457231521604,1.1316248893737793,0.13802036345005037,0.13758541643619537,0.09702202528715134,0.00583647433668375,0.3784642795100809
213,0.3907720744609833,1.4999195218086243,0.14591509997844695,0.12753981798887254,0.1013893112540245,0.00940353162586689,0.36078126430511476,0.95608069896698,0.14606441259384156,0.12330832928419114,0.10240828990936279,0.00570070780813694,0.37748173959553244
214,0.3824049949645996,1.4499444603919982,0.1458413541316986,0.11769350320100784,0.1005237266421318,0.009391875006258488,0.36382930874824526,0.8412097454071045,0.15281465351581575,0.11772295683622361,0.10706870555877686,0.006047970335930586,0.3836542862467468
215,0.3639459848403931,0.9380899786949157,0.14774537086486816,0.12628218084573745,0.10187898129224777,0.008552077598869801,0.35996086001396177,0.8025958776473999,0.14902885854244233,0.1272784173488617,0.10444424003362655,0.005437448341399431,0.38618896426633
216,0.39387614727020265,1.4239738225936889,0.1481571763753891,0.1363107904791832,0.10226605832576752,0.008197649102658033,0.37563199996948243,1.3163783073425293,0.14783817529678345,0.11162013709545135,0.10326854586601257,0.005792593024671078,0.36851945128291846
217,0.39279707670211794,1.464461326599121,0.14437360763549806,0.14260553568601608,0.0993016391992569,0.009191997721791268,0.40698147416114805,1.8191376209259034,0.144674676656723,0.13497737050056458,0.10007816404104233,0.007566104829311371,0.3872963160276413
218,0.4062215507030487,1.5438397884368897,0.14860433638095855,0.14704405665397643,0.10127775222063065,0.011250889487564563,0.4022741377353668,1.407422375679016,0.1474386930465698,0.16068789958953858,0.1016323670744896,0.004976014979183674,0.41473497468978165
219,0.3858926594257355,1.2579100370407104,0.14734166860580444,0.13847785592079162,0.10171303451061249,0.009407047461718322,0.3432316780090332,0.7103885054588318,0.14679781794548036,0.10774657428264618,0.103681980073452,0.00671835271641612,0.36494472501799463
220,0.37721232771873475,1.1670832872390746,0.14847130179405213,0.12605397701263427,0.10268467515707017,0.009350400418043137,0.34647454023361207,0.9619241237640381,0.1375044673681259,0.12186367511749267,0.09697138518095016,0.005941291525959969,0.3622808191925287
221,0.39418665170669553,1.4340928077697754,0.1479128211736679,0.13605313301086425,0.10177187770605087,0.009541484154760837,0.3320516586303711,0.8969571113586425,0.13721824586391448,0.10156794786453247,0.0966114267706871,0.005180341284722089,0.34057796178385613
222,0.3789710760116577,1.2028036952018737,0.1438237428665161,0.14328034669160844,0.09862677752971649,0.00948039349168539,0.34181326627731323,0.9672384023666382,0.1406500220298767,0.10146228522062302,0.09906112551689147,0.006018111854791642,0.3471915446221828
223,0.3611802637577057,1.2992299318313598,0.1399884045124054,0.10882830917835236,0.0976125106215477,0.008407411724328994,0.3508060038089752,1.1094857454299927,0.13932806700468064,0.11097052544355393,0.09777247607707977,0.005491809360682965,0.35356287788599733
224,0.3819303154945374,1.432357120513916,0.14647369980812072,0.11453287005424499,0.1024259403347969,0.008292777370661497,0.3525128185749054,0.7752781867980957,0.14177092909812927,0.14030999988317489,0.09929434806108475,0.0050572588108479975,0.38643253585323695
225,0.37524302005767823,1.3380334615707397,0.14052141308784485,0.13216291815042497,0.09716034829616546,0.009156251326203346,0.33131041526794436,1.2261508464813233,0.12910937666893005,0.09343480914831162,0.09147196859121323,0.005408233404159546,0.3194243878126144
226,0.3654637515544891,1.1011825799942017,0.1415178060531616,0.13473563492298127,0.09761092811822891,0.00781615125015378,0.3239387035369873,0.8502141952514648,0.13103674054145814,0.11137937307357788,0.09189275056123733,0.005617629550397396,0.3399264937266708
227,0.40290346145629885,1.5013678550720215,0.14734395146369933,0.1489156126976013,0.10159007906913757,0.00888645201921463,0.35543683767318723,0.5981634020805359,0.14675675630569457,0.145479778945446,0.10211836844682694,0.007827264722436666,0.40218216842040416
228,0.38309977054595945,1.4789856195449829,0.14212273359298705,0.1294105440378189,0.0978797808289528,0.008885403163731098,0.37160550355911254,0.6750366687774658,0.15199580192565917,0.15561190098524094,0.10556151270866394,0.004980829916894436,0.41815004553645846
229,0.39344998002052306,1.3368628025054932,0.14692453742027284,0.14756638556718826,0.10134768486022949,0.00910286083817482,0.39452965259552003,1.2429201364517213,0.15266046226024627,0.14311935901641845,0.10546077191829681,0.005405440554022789,0.40664603374898434
230,0.378044068813324,1.4997762084007262,0.14387279450893403,0.10765766352415085,0.10058161169290543,0.009544025920331479,0.3515508592128754,0.6780650854110718,0.14869961142539978,0.12323236763477326,0.10464631468057632,0.0053709885105490685,0.3819492822512984
231,0.35598316192626955,1.1010510444641113,0.13683705329895018,0.1321355551481247,0.09435690939426422,0.007337740063667298,0.3588705897331238,0.8835456013679505,0.14942844808101655,0.11435521841049194,0.10480038523674011,0.006573739927262068,0.37515779165551066
232,0.3676941514015198,1.2285841464996339,0.14301314055919648,0.12008121460676194,0.0988149955868721,0.008792394399642944,0.3102728188037872,0.47827414274215696,0.13745768666267394,0.09902171343564987,0.09666853994131089,0.005444033071398735,0.3385919731110334
233,0.3809612810611725,1.4697307825088501,0.1395350843667984,0.13506414294242858,0.09591306895017623,0.008989014104008675,0.35835068821907046,0.7707520365715027,0.14401335567235946,0.14431749880313874,0.10078725963830948,0.0057074461132287976,0.3948255602270365
234,0.39723517894744875,1.8563653230667114,0.13823849856853485,0.13365935236215593,0.09519802629947663,0.008301433734595775,0.33668590784072877,1.0267853260040283,0.13277562260627745,0.11386713683605194,0.09235856682062149,0.006557777523994446,0.3455591037869453
235,0.37634806632995604,1.56080162525177,0.1379798322916031,0.12111088037490844,0.09523273557424546,0.009079946763813495,0.3370161592960358,0.8552406787872314,0.1320416137576103,0.1352697193622589,0.09150205701589584,0.006151197012513876,0.36496458714827895
236,0.39209762811660764,1.6738744735717774,0.14228179454803466,0.1284430593252182,0.09798352420330048,0.007834112457931041,0.3430670499801636,0.8352672815322876,0.1408822327852249,0.1190195620059967,0.09818784147500992,0.005447647627443075,0.3635372838936746
237,0.37294188141822815,1.128575825691223,0.14596698582172393,0.13205219209194183,0.10051543861627579,0.008009120728820563,0.3196485638618469,0.737845492362976,0.1339701622724533,0.10433880984783173,0.0943242371082306,0.004584986157715321,0.33721819538623093
238,0.3773451566696167,1.3483587741851806,0.14611284732818602,0.11755400151014328,0.10115277320146561,0.007769207749515772,0.38150771260261535,1.6034998655319215,0.13689947128295898,0.1340206414461136,0.09493429809808732,0.004977260902523995,0.37083167172968384
239,0.3648600220680237,1.402239441871643,0.13799174427986144,0.11546739190816879,0.09518873691558838,0.007667733542621136,0.3225269019603729,0.69869464635849,0.13369159102439881,0.11502697467803955,0.09411670863628388,0.0045407463796436785,0.34737602071836593
240,0.3555003821849823,1.1349286556243896,0.14197080731391906,0.10782724618911743,0.09883125275373458,0.008076519798487425,0.38101508021354674,0.9132455587387085,0.14944381713867189,0.15720243155956268,0.10402077883481979,0.006574008613824844,0.4172410361468792
241,0.3728685140609741,1.2747320890426637,0.1460314005613327,0.11417693942785263,0.10151864439249039,0.00898675387725234,0.31997010111808777,0.5292484283447265,0.1335972160100937,0.1256118580698967,0.09426150172948837,0.005686069186776876,0.35915664499625566
242,0.3600087404251099,1.1366246700286866,0.1392934501171112,0.12543290257453918,0.09668335914611817,0.008968475554138423,0.33615626096725465,1.0128173112869263,0.13536743223667144,0.10443342253565788,0.0952802300453186,0.005302033759653569,0.34038311857730147
243,0.35108858346939087,1.0728928685188293,0.13833000808954238,0.11785949170589446,0.09625505357980728,0.007858289871364832,0.3335938036441803,0.9857257843017578,0.13809458613395692,0.09235938787460327,0.09738945811986924,0.00528751565143466,0.3331309477798641
244,0.35100615620613096,1.0525978922843933,0.13976544439792632,0.11458798497915268,0.0972320407629013,0.008169574383646249,0.3132936179637909,0.6394702434539795,0.13187791854143144,0.10988183617591858,0.09204858094453812,0.004905381426215172,0.33871371708810327
245,0.34719495177268983,1.06308012008667,0.1370638430118561,0.11556223034858704,0.0953898012638092,0.00761235011741519,0.352576220035553,0.7675662815570832,0.14509935975074767,0.13453640192747116,0.09954271614551544,0.004575248900800943,0.3837537267245352
246,0.38562042117118833,1.4725683450698852,0.14233662486076354,0.1352036029100418,0.09823973774909973,0.007627676520496607,0.36820386052131654,0.855572235584259,0.1477944791316986,0.14537873566150666,0.10246796607971191,0.004946888331323862,0.400588069204241
247,0.3454727053642273,1.0901970386505127,0.13552863001823426,0.11512190848588943,0.09409545958042145,0.00755563210695982,0.3099805057048798,0.5657763481140137,0.1343393236398697,0.09885482490062714,0.09557545334100723,0.00469897985458374,0.3334685817360878
248,0.3586266875267029,1.1343563079833985,0.14009942412376403,0.12281703650951385,0.09664368331432342,0.007514462526887655,0.3501622676849365,0.9888664722442627,0.13582258820533752,0.1375984787940979,0.09388869404792785,0.004416815377771855,0.37172657642513507
249,0.37516227960586546,1.2890159726142882,0.14118964970111847,0.13612389713525772,0.09765615314245224,0.007607440650463104,0.3559441387653351,1.027394413948059,0.13658310174942018,0.14181136786937715,0.09453734755516052,0.0050965952686965466,0.3780284124426544
250,0.3775756597518921,1.4229934930801391,0.1406755954027176,0.12930744290351867,0.0973337858915329,0.007525745872408151,0.34621270298957824,0.8231647729873657,0.14052410274744034,0.12701091021299363,0.09851922541856765,0.005011380463838577,0.37106561884284023
251,0.3696860074996948,1.403021502494812,0.13605297207832337,0.13024360090494155,0.09451945573091507,0.007681402284651995,0.3692090392112732,0.7901527881622314,0.15122242867946625,0.14185216128826142,0.10511711686849594,0.004871563008055091,0.4030632698442787
252,0.3638543665409088,1.229958462715149,0.14146692752838136,0.11750828176736831,0.09825522303581238,0.007760284189134836,0.3319697976112366,0.6043385148048401,0.14043506979942322,0.11984946578741074,0.09851412624120712,0.005757900699973106,0.3645565625280142
253,0.3633795499801636,1.2269327640533447,0.13625674694776535,0.13597964197397233,0.09378828406333924,0.007996104005724192,0.2978790819644928,0.6168636798858642,0.12706753313541413,0.09666165709495544,0.08922314494848252,0.0048287810757756235,0.31778111625462774
254,0.38452900648117067,1.4321209192276,0.14396918416023255,0.12988217771053315,0.10016173720359803,0.007701870519667864,0.34882921576499937,1.0288491725921631,0.13659913837909698,0.12466291636228562,0.09555165320634842,0.005809012707322836,0.36262272065505385
255,0.37829519510269166,1.6061022758483887,0.1393689066171646,0.1164976105093956,0.09651327282190322,0.007718206476420164,0.3622747838497162,0.8498249650001526,0.14781768918037413,0.13003840446472167,0.10438245385885239,0.005128380563110113,0.38736692806705825
256,0.3531386494636536,1.1161966919898987,0.1367310792207718,0.1237662062048912,0.09486184865236283,0.007705572992563248,0.34807348251342773,1.346004033088684,0.132377889752388,0.10433198064565659,0.09380226731300353,0.004854268208146095,0.33536640591919425
257,0.3541723072528839,1.2888331651687621,0.13651188611984252,0.1092934712767601,0.0948362946510315,0.007471475936472416,0.32566441893577575,0.6575312972068786,0.14100191593170167,0.09961139410734177,0.09998968541622162,0.003981088986620307,0.3445840844418854
258,0.35200995206832886,1.1927436351776124,0.1351143717765808,0.11947779208421708,0.09371118396520614,0.007616623304784298,0.3246641576290131,1.0250900745391847,0.12493551671504974,0.11605795621871948,0.08782650679349899,0.005237315222620964,0.3340572949498891
259,0.35762380957603457,1.2686362385749816,0.1367887556552887,0.11834533959627151,0.09459987878799439,0.0072613670490682125,0.3382520854473114,1.0395309686660767,0.1355527013540268,0.10544802397489547,0.09560025781393051,0.00479716258123517,0.341398145724088
260,0.3803385436534882,1.5262721061706543,0.14103102087974548,0.12234049290418625,0.09821731597185135,0.007212689146399498,0.34970576167106626,0.5812133133411408,0.142448890209198,0.1531663715839386,0.09935250133275986,0.004521065577864647,0.39948882870376107
261,0.3567070126533508,1.2847922086715697,0.13839635550975798,0.10920757502317428,0.09572545289993287,0.007483598776161671,0.3358411967754364,1.2263793230056763,0.13234300762414933,0.09501902610063553,0.09298900067806244,0.0033614205196499823,0.3237124549224973
262,0.40026217699050903,1.6655359745025635,0.14634799659252168,0.1331242263317108,0.1004034548997879,0.007343621831387282,0.3239133358001709,0.7768655300140381,0.1367319256067276,0.10202538073062897,0.09504211395978927,0.004566674679517746,0.3383660949766636
263,0.38575249910354614,1.6705049991607666,0.14067508280277252,0.12248480021953582,0.09683898389339447,0.006941573228687048,0.32250685095787046,0.863824987411499,0.1329217314720154,0.10100064724683762,0.09375239312648773,0.004282309487462044,0.33195708133280283
264,0.36561787128448486,1.3297316789627076,0.14049355387687684,0.11499113738536834,0.09727447181940078,0.007735392265021801,0.3100545823574066,0.7508314788341522,0.125520521402359,0.11430764198303223,0.08794569820165635,0.00378594845533371,0.3315598100423813
265,0.34713353514671325,1.1398191928863526,0.1383636176586151,0.10352016091346741,0.09625666588544846,0.007524418365210295,0.3581556439399719,1.2030619025230407,0.13848935067653656,0.12063660025596619,0.09697955697774888,0.0044306740164756775,0.3605361819267273
266,0.39305523633956907,1.761948037147522,0.14321081340312958,0.11712607443332672,0.09940754473209382,0.0075528744608163835,0.34423260688781737,0.9385000467300415,0.13886916041374206,0.1159912496805191,0.09835827350616455,0.004169124737381935,0.3573878083378077
267,0.3513232827186584,1.2245907068252564,0.136643423140049,0.10856896191835404,0.09542994052171708,0.007471786346286535,0.3278107583522797,0.7281771302223206,0.14117302298545836,0.09627508223056794,0.0997045487165451,0.00477359713986516,0.34192625107243657
268,0.3652046263217926,1.1778470277786255,0.14087935090065,0.1276686057448387,0.09758485704660416,0.008027531579136849,0.3285370945930481,0.8729888916015625,0.13149897754192352,0.11579326689243316,0.09297526329755783,0.005033560004085303,0.3453010677359998
269,0.3682149350643158,1.4182180762290955,0.13847972452640533,0.11712240427732468,0.09628612250089645,0.007953957840800285,0.3276356220245361,0.6512516021728516,0.14023565500974655,0.1077975794672966,0.09852547645568847,0.004826248809695244,0.35138495974242684
270,0.36764357686042787,1.3177655220031739,0.14154828190803528,0.1164679393172264,0.09820490628480912,0.007536288350820541,0.3324617385864258,0.8562918901443481,0.13861015439033508,0.10105829089879989,0.09787244945764542,0.005270756036043167,0.34281165078282355
271,0.343884265422821,1.2464582800865174,0.13266620188951492,0.1062240943312645,0.09214095324277878,0.00728428727015853,0.33714220523834226,0.6564666390419006,0.14071882367134095,0.12780531942844392,0.09744878709316254,0.004497241787612438,0.37047017198055987
272,0.36706608533859253,1.3636510372161865,0.13785021901130676,0.12448345273733138,0.0951901689171791,0.007202854659408331,0.3340883255004883,0.8657419443130493,0.13656450808048248,0.11152789890766143,0.09644468277692794,0.004056190326809883,0.34859328009188173
273,0.3725132942199707,1.336901569366455,0.1383525013923645,0.13588967621326448,0.09582709968090057,0.007087560929358005,0.3365256190299988,0.9059946179389954,0.13516384363174438,0.11972882747650146,0.09422742575407028,0.003940362855792046,0.3530604597181082
274,0.37871984839439393,1.4998736381530762,0.14127176403999328,0.12251816391944885,0.09726628512144089,0.007858057413250208,0.3317570388317108,0.7344431400299072,0.13892988562583924,0.11258831024169921,0.09730509668588638,0.005011464841663838,0.35383475739508863
275,0.3626143753528595,1.2061461687088013,0.13883760571479797,0.12570514678955078,0.09634710401296616,0.008539571147412061,0.31448750495910643,0.4423095047473907,0.1369158387184143,0.11246635019779205,0.09648331254720688,0.005479420349001884,0.3513449218124151
276,0.36158123016357424,1.5217240810394288,0.13265664279460906,0.11307989358901978,0.092181858420372,0.008233161829411983,0.3143415868282318,0.6482435703277588,0.13535867333412172,0.09805241078138352,0.09553012251853943,0.004028818197548389,0.3329700248315931
277,0.36308066844940184,1.2318217515945435,0.1386926382780075,0.12440115660429,0.09708371758460999,0.0070252870209515095,0.3631274402141571,1.0266433119773866,0.14351613819599152,0.13082395195961,0.10048500597476959,0.0047643382102251055,0.37958943434059617
278,0.39916632175445554,1.9139524817466735,0.14064382910728454,0.12375971376895904,0.09726455509662628,0.007360892836004496,0.3759720683097839,1.5568781852722169,0.13963187336921692,0.11466817259788513,0.09829219430685043,0.005740001332014799,0.35833224160596727
279,0.35528661608695983,1.1734724521636963,0.1397680640220642,0.11034624725580215,0.09757577329874038,0.008192078862339258,0.34123281836509706,0.7204919934272767,0.1432400405406952,0.11660782098770142,0.10110161900520324,0.005125272180885076,0.366074752714485
280,0.35299739241600037,1.2086692571640014,0.13755295276641846,0.1102982595562935,0.09592691957950591,0.007869852241128683,0.34649900197982786,0.7139482498168945,0.1434471994638443,0.12839089930057526,0.10059183388948441,0.005134263634681701,0.3775641962885857
281,0.36660038828849795,1.3524816751480102,0.1382659912109375,0.12113460451364517,0.0963272511959076,0.007631521858274937,0.35509272813797,1.2989477157592773,0.1379089444875717,0.10235769599676132,0.09810149073600768,0.005912052653729916,0.3442801838740706
282,0.332332056760788,1.1635509490966798,0.13057243824005127,0.09709061235189438,0.09126873016357422,0.007536060456186533,0.3543355643749237,1.5135948598384856,0.13268257379531861,0.1005717545747757,0.09335410445928574,0.004666556231677532,0.33127498906105757
283,0.34847018122673035,1.0309906005859375,0.13770769834518432,0.11941042691469192,0.09580273181200027,0.007409988343715668,0.35045297145843507,0.9530950427055359,0.14584612846374512,0.10461598634719849,0.10250667184591293,0.004274848382920027,0.3572436350397766
284,0.365655380487442,1.5488024711608888,0.13517032265663148,0.11219500452280044,0.0935348778963089,0.006825117394328117,0.31676087975502015,0.798413896560669,0.1369825005531311,0.07781359702348709,0.09821520745754242,0.005471345596015453,0.3184826506301761
285,0.3602760136127472,1.5592899084091187,0.13646636605262757,0.09330344200134277,0.09540207982063294,0.007582694943994284,0.3281345248222351,0.5064731538295746,0.13758328855037688,0.13515079617500306,0.09565214961767196,0.004000049363821745,0.3723862837068737
286,0.3443683862686157,1.0889700949192047,0.13655921816825867,0.10978249907493591,0.09502097517251969,0.006896895170211792,0.3453815758228302,1.137919545173645,0.1383046329021454,0.09877099096775055,0.09838376343250274,0.004823403432965279,0.34028279073536394
287,0.34217193722724915,1.2325871348381043,0.13226853907108307,0.10514497011899948,0.09227815568447113,0.0068467952311038974,0.3325827956199646,1.0515124559402467,0.13457337617874146,0.09460234940052033,0.09624939262866974,0.0037664308678358794,0.3291915490757674
288,0.34615246057510374,0.9135512351989746,0.13633425831794738,0.13274514228105544,0.09428181946277618,0.006972487736493349,0.3222524583339691,0.8623979449272156,0.13239970207214355,0.10425657629966736,0.09271917194128036,0.0037707896437495945,0.3331462399568409
289,0.35612488985061647,1.2706702828407288,0.13387036621570586,0.12412922978401184,0.09319097250699997,0.006930851005017757,0.33238200545310975,0.8407757520675659,0.13400120735168458,0.12014551758766175,0.0943752571940422,0.0037879555486142634,0.3523099376820028
290,0.3450612187385559,1.1052619457244872,0.1361502528190613,0.11053712517023087,0.09487498998641967,0.0070086468011140825,0.34355416893959045,0.7505684614181518,0.14797786474227906,0.10345144122838974,0.10391876250505447,0.004806779976934195,0.3601548484526575
291,0.35060524344444277,1.175643837451935,0.13803719580173493,0.10839922130107879,0.09597854316234589,0.007215411122888327,0.31780481338500977,0.6979808866977691,0.13639619648456575,0.09715787395834923,0.096132992208004,0.003595271660014987,0.33328233431093396
292,0.3440764665603638,1.1589865803718566,0.13246806263923644,0.1159918636083603,0.09210889786481857,0.007108473218977451,0.3117251217365265,1.1684393405914306,0.12296925485134125,0.07957403957843781,0.08810799568891525,0.004877743776887655,0.29552903389558194
293,0.36186808347702026,1.2409214854240418,0.14004166424274445,0.11682540476322174,0.09766292423009873,0.00740941222757101,0.3140693247318268,0.8154161214828491,0.13477303385734557,0.0809772714972496,0.09591585248708726,0.0042419562116265295,0.31590811405330893
294,0.33329635858535767,1.0210914373397828,0.1337280660867691,0.1035086989402771,0.09353183805942536,0.006455054972320795,0.3457314133644104,0.9951748967170715,0.1386842578649521,0.115104079246521,0.09766828119754792,0.004136165045201779,0.35559278335422273
295,0.34062846302986144,0.9926820278167725,0.1358343929052353,0.11426070928573609,0.09470947235822677,0.006640298943966627,0.3445547163486481,1.1253718852996826,0.13754187226295472,0.10216480791568756,0.09739946275949478,0.004524780251085758,0.34163092318922283
296,0.3431880116462708,1.0689708590507507,0.1365987092256546,0.1092452883720398,0.09512020200490952,0.006795820128172636,0.30947730541229246,0.6946382761001587,0.13819549679756166,0.07275991886854172,0.0982067734003067,0.0039263198152184485,0.31308850888162854
297,0.3435474634170532,1.229250693321228,0.13459396362304688,0.10046792626380921,0.09408292770385743,0.006348133459687233,0.31713226437568665,1.0379700422286988,0.1259234994649887,0.09641746878623962,0.08922230005264283,0.0037584676407277583,0.3153217359445989
298,0.32942522764205934,0.9747118473052978,0.1341835618019104,0.09745570123195649,0.09443257302045822,0.006691310089081526,0.32322736382484435,0.6951884746551513,0.1338935226202011,0.11392964124679565,0.09530073553323745,0.004617681354284286,0.34774158075451855
299,0.34991766810417174,1.2694189071655273,0.1352456957101822,0.10665684640407562,0.09447136670351028,0.006802470795810223,0.2951025664806366,0.478475284576416,0.1340884894132614,0.07979367226362229,0.09521468728780746,0.003957563266158104,0.31305441223084923
300,0.3275786995887756,0.8042097806930542,0.13596695065498351,0.10581898391246795,0.09514439404010773,0.006694748345762491,0.29787513613700867,0.5811127662658692,0.1303062006831169,0.0885402113199234,0.0921730250120163,0.004140335228294134,0.3151597722433508
301,0.35509433746337893,1.3618306398391724,0.13671000003814698,0.1025700882077217,0.09544691145420074,0.007121722307056188,0.30036336183547974,0.48925122022628786,0.13258143961429597,0.09353310391306877,0.09425703138113022,0.004591522924602032,0.32496309783309696
302,0.3469084918498993,1.4150243282318116,0.13229615539312362,0.09371813982725144,0.09323770254850387,0.007528671994805336,0.3056428670883179,0.6653233289718627,0.13409347981214523,0.08162733912467957,0.09519273340702057,0.004553641006350517,0.3154671933501959
303,0.3672562003135681,1.5973788022994995,0.13458596765995026,0.1103415235877037,0.09376656860113144,0.007727889344096184,0.31401156187057494,0.8543455362319946,0.12371667921543121,0.11635207533836364,0.08686497360467911,0.005073216464370489,0.3320069446228444
304,0.3745927631855011,1.5302449226379395,0.14211776852607727,0.10555817037820817,0.09903580397367477,0.008295711409300566,0.3497914731502533,0.910243284702301,0.14051775336265565,0.1250963658094406,0.0983968734741211,0.005632977746427059,0.36964397039264446
305,0.3323109865188599,1.0939890623092652,0.13005778938531876,0.10558852106332779,0.09077871292829513,0.007961533311754466,0.34819394946098325,0.7398424267768859,0.14507067799568177,0.12356245815753937,0.10102356970310211,0.006652682926505804,0.37630938878282905
306,0.37131342887878416,1.4521275162696838,0.1393419772386551,0.11569098383188248,0.09685274809598923,0.00933366920799017,0.3154523730278015,0.7292850613594055,0.13099170327186585,0.10304084718227387,0.09236107170581817,0.008229854330420495,0.33462347649037844
307,0.3382305562496185,1.204325294494629,0.13362827897071838,0.09265729486942291,0.09400768876075745,0.008099341858178377,0.33907214403152464,0.8663572549819947,0.13767133057117462,0.11666249036788941,0.09649182558059692,0.006519757956266403,0.3573454044759274
308,0.33042805790901186,1.0693559527397156,0.1301597312092781,0.10468008816242218,0.09083537608385087,0.0072502180002629755,0.29568366408348085,0.7981987237930298,0.1260409712791443,0.07488637268543244,0.08991433531045914,0.004750489257276058,0.29559216853231196
309,0.32889865040779115,1.145642054080963,0.12762380689382552,0.1021942526102066,0.08942284435033798,0.006945542339235544,0.29461111426353453,0.5889005601406098,0.12068436145782471,0.11497753262519836,0.08467139899730683,0.004643140640109777,0.32497643372043966
310,0.3243221163749695,1.1685560941696167,0.1292281597852707,0.08423933684825897,0.09113777577877044,0.006817421317100525,0.3000344157218933,0.5877089262008667,0.12871155738830567,0.09500840604305268,0.09153719395399093,0.0057919852435588835,0.3210491426289082
311,0.32616364359855654,0.8780375480651855,0.13574046194553374,0.09607583582401276,0.09515828937292099,0.006650188378989697,0.3469856321811676,0.9966247081756592,0.13884971737861634,0.11672102212905884,0.09733154028654098,0.005225268192589283,0.35812754798680546
312,0.34275840520858764,1.1063538312911987,0.13442121148109437,0.1110701784491539,0.09373641014099121,0.007495996169745922,0.33338629007339476,0.7945250988006591,0.13524039685726166,0.12095422595739365,0.09572930186986923,0.004426428256556392,0.3563503529410809
313,0.343773752450943,1.2644453287124633,0.13231867849826812,0.10526044964790345,0.09236581325531006,0.006473542936146259,0.3201477199792862,0.8776597261428833,0.13228148519992827,0.097072833776474,0.09336153417825699,0.004170556366443634,0.32688640952110287
314,0.3337054967880249,1.105849063396454,0.1358318328857422,0.08809545934200287,0.09525463283061981,0.006557711865752935,0.29278461933135985,0.438531231880188,0.1292335569858551,0.09506244957447052,0.09210198521614074,0.003982594236731529,0.32038058601319785
315,0.3285295248031616,0.9459840416908264,0.1347052499651909,0.09887067824602128,0.09407654106616974,0.006026382092386484,0.307956463098526,0.6572976469993591,0.1299681305885315,0.10369493216276168,0.09160828739404678,0.0033353592269122602,0.32860670937225217
316,0.35812551379203794,1.458725905418396,0.1347615212202072,0.10569692403078079,0.09421373009681702,0.0067310088314116,0.3348328649997711,0.8205662250518799,0.1448607474565506,0.08466296046972274,0.10409308075904847,0.005038494989275932,0.33865528367459774
317,0.3405265033245087,1.0982917189598083,0.13514596819877625,0.10413735806941986,0.09477410316467286,0.007246333081275225,0.305418998003006,0.6432893753051758,0.13391315042972565,0.08109120130538941,0.0959816887974739,0.005628207977861166,0.3166142485104501
318,0.3383822739124298,1.0344128608703613,0.13563879430294037,0.1050840139389038,0.0950760379433632,0.006809589546173811,0.27593966126441954,0.5228481411933898,0.12544601261615754,0.06600743904709816,0.08936501145362855,0.003965026326477527,0.2847834894433618
319,0.32828702330589293,1.1108555316925048,0.13276884257793425,0.08674626499414444,0.09340418726205826,0.00639616334810853,0.27130110263824464,0.48677735328674315,0.12070316821336746,0.07603414803743362,0.08644422888755798,0.0035955460742115976,0.28677709121257067
320,0.3488276481628418,1.2759531497955323,0.13747663795948029,0.09634055942296982,0.09607742130756378,0.006611312739551067,0.30631730556488035,0.8895480751991272,0.1302225649356842,0.07288565039634705,0.09313929826021194,0.004070399468764663,0.30031791306100786
321,0.3480259597301483,1.1893332242965697,0.13539171665906907,0.10981057584285736,0.09475845098495483,0.007007677480578423,0.3258526027202606,0.8748152732849122,0.13311305046081542,0.10522977411746978,0.09391328543424607,0.004941220954060554,0.3371973309665919
322,0.33708094954490664,1.120430839061737,0.13611522316932678,0.09141370803117752,0.09582058191299439,0.0068334617651999,0.32400426268577576,0.7624513149261475,0.13526290655136108,0.10483111590147018,0.09620756506919861,0.00399132315069437,0.34029291067272427
323,0.3336604416370392,1.0346416234970093,0.13496386408805847,0.09812310338020325,0.09438720792531967,0.007031477615237236,0.30249953269958496,0.8276217579841614,0.12419058978557587,0.09353756308555602,0.08813366740942001,0.004050820134580135,0.30991264041513206
324,0.32069036960601804,1.0090882062911988,0.12873537540435792,0.0956777200102806,0.09029119610786437,0.006741065252572298,0.3111249566078186,0.8044893920421601,0.13233347833156586,0.08587462157011032,0.09382174462080002,0.0036158581264317037,0.3156457026489079
325,0.3325952410697937,1.0520054221153259,0.1320193111896515,0.10534836947917939,0.09197060018777847,0.006661772076040506,0.3415294051170349,1.1444902181625367,0.13090921193361282,0.1202176570892334,0.09101302325725555,0.004547715187072754,0.34668760746717453
326,0.33024818301200864,0.7821914315223694,0.13599829375743866,0.11287125945091248,0.09491724520921707,0.007574871554970742,0.3178046107292175,0.6605395913124085,0.1346831053495407,0.1039778470993042,0.09551670551300048,0.005177781730890274,0.3393554396927357
327,0.32603944540023805,0.8753673791885376,0.13543277382850646,0.09554344564676284,0.09560892283916474,0.006915320362895727,0.3139230728149414,0.8529184341430665,0.12995180636644363,0.09390475749969482,0.09213551431894303,0.004474910348653794,0.32046698853373523
328,0.32608344554901125,1.1023053407669068,0.13062726259231566,0.08943810015916824,0.09207272231578827,0.007098298612982034,0.31172144412994385,0.8262244462966919,0.1275180995464325,0.10309463739395142,0.08924001604318618,0.004209564253687859,0.3240623172372579
329,0.33744979500770567,1.2187934875488282,0.1304826021194458,0.10274538695812226,0.09132895171642304,0.006651748903095722,0.3041620790958405,0.4938797354698181,0.13538977205753328,0.09143228232860565,0.09597289115190506,0.004778549447655678,0.32757349498569965
330,0.3313242495059967,1.1824565052986145,0.13079259395599366,0.09211984723806381,0.09207695424556732,0.006543899234384298,0.3394883096218109,0.8572251677513123,0.1390562415122986,0.11450200825929642,0.09826904386281968,0.004101514723151923,0.3559288083575666
331,0.3468636333942413,1.3787481904029846,0.13554072082042695,0.08706578314304352,0.09562087506055832,0.006463487446308136,0.29087827205657957,0.4127558767795563,0.1327018618583679,0.08262200355529785,0.09411013573408127,0.0042349912226200105,0.31366899237036705
332,0.32561241984367373,1.081186020374298,0.13104601502418517,0.09075545370578766,0.09187274575233459,0.006513260584324598,0.28355531096458436,0.46871085166931153,0.12608377486467362,0.08454758450388908,0.08961458802223206,0.004295221529901028,0.30454116892069577
333,0.31760621070861816,0.9449735283851624,0.13048905432224273,0.09082685559988021,0.09125911593437194,0.006391881220042706,0.34286670088768006,0.8349172353744507,0.14240783751010894,0.11316089630126953,0.10034710317850112,0.0035708884708583353,0.35948672546073795
334,0.3227990925312042,1.0248255133628845,0.13243037164211274,0.08614517450332641,0.0930206075310707,0.006068514846265316,0.31032174825668335,0.5182496964931488,0.13742528557777406,0.09426835104823113,0.09826060384511948,0.0031783903017640115,0.3331326307728887
335,0.323135244846344,1.1595155596733093,0.12904866635799409,0.08357875719666481,0.09113664478063584,0.006369569059461355,0.29688764810562135,0.5253822326660156,0.1313853919506073,0.08795889914035797,0.09334288537502289,0.003821629285812378,0.3165088057518005
336,0.3271492302417755,1.5242900848388672,0.12397813498973846,0.07226366922259331,0.08752375096082687,0.006602015346288681,0.3067646503448486,0.6356828927993774,0.12696187645196916,0.11192483603954315,0.09018710255622864,0.0037382093258202078,0.3328120243735611
337,0.310512501001358,0.8943217873573304,0.12759127467870712,0.09058028161525726,0.08978322744369507,0.006263522617518902,0.3191504001617432,0.8402957081794739,0.13347751498222352,0.09412260949611664,0.09488357603549957,0.0034264625981450083,0.32591016311198473
338,0.31776273250579834,1.012438714504242,0.1291997492313385,0.0873454213142395,0.09124647676944733,0.0060436933301389216,0.30984848737716675,0.5284635901451111,0.1349998891353607,0.1024678111076355,0.09554527997970581,0.0032924382016062737,0.33630541842430833
339,0.3196516394615173,1.0716344833374023,0.1324373871088028,0.07341916039586067,0.09377390742301941,0.006298069562762976,0.2984720587730408,0.5405109405517579,0.129162934422493,0.09741899073123932,0.09166845381259918,0.0038113130256533624,0.32206169199198487
340,0.33889079093933105,0.9523072004318237,0.13757827877998352,0.1087377905845642,0.0961561381816864,0.0063442298211157325,0.3200792968273163,0.7364721179008484,0.13825099170207977,0.08952589631080628,0.09854854047298431,0.003386449906975031,0.3297118783928453
341,0.32291446924209594,1.123917245864868,0.12898523211479188,0.08726126253604889,0.09102146923542023,0.006162527110427618,0.3148405849933624,1.403295874595642,0.12140841484069824,0.06877878531813622,0.08699850142002105,0.003758944384753704,0.2809446459636092
342,0.32932640314102174,1.145348560810089,0.13065519332885742,0.09156065732240677,0.09222955107688904,0.006787803582847118,0.3015651762485504,0.6649903297424317,0.12590343058109282,0.10077141970396042,0.08976572155952453,0.0045216094702482225,0.32096218131482596
343,0.32355716824531555,1.1915477156639098,0.1259153291583061,0.09244437515735626,0.0886723205447197,0.006339881289750338,0.3216078281402588,0.8923959016799927,0.13699282556772233,0.08014968931674957,0.09774693697690964,0.0043468687683343886,0.3192363206297159
344,0.33508126735687255,1.2300298452377318,0.13366056382656097,0.08496148586273193,0.094158735871315,0.006559448130428791,0.31833493113517763,0.8426676273345948,0.13701671361923218,0.07692786753177643,0.0983965203166008,0.004648725315928459,0.3169898267835379
345,0.3543692767620087,1.7469006776809692,0.12950857877731323,0.08507056012749672,0.09145200103521348,0.007056758459657431,0.31803664565086365,0.7417308330535889,0.13763827085494995,0.08518556207418441,0.09818865656852722,0.005060785822570324,0.3260732753202319
346,0.33659905195236206,1.0422573566436768,0.13607820868492126,0.09897578805685044,0.09575997591018677,0.006320217717438936,0.3245362460613251,0.37112911343574523,0.14577665328979492,0.11215486824512481,0.10175811350345612,0.004735182784497738,0.36442481782287356
347,0.3368393898010254,1.195572829246521,0.13405727446079255,0.08992767333984375,0.09433735758066178,0.007404532842338085,0.2952075332403183,0.6886100232601166,0.12933738231658937,0.07456352412700654,0.09233773350715638,0.0036403057631105183,0.2998789457138628
348,0.32175890207290647,0.9792976379394531,0.13237173855304718,0.08853213787078858,0.09303960502147675,0.006233224552124739,0.30706015825271604,0.942159116268158,0.1283934533596039,0.07630455046892166,0.09116627126932145,0.004480424989014864,0.3003447000868618
349,0.32617547512054446,1.2239538788795472,0.1297815501689911,0.08045680671930314,0.09198822528123855,0.005959214083850384,0.2953976452350616,0.4656856536865234,0.13301931023597718,0.0866496093571186,0.09385183304548264,0.003834837023168802,0.3173555896617472
350,0.32383365035057066,1.2066792726516724,0.12877271920442582,0.08032061532139778,0.09124213308095933,0.006649047415703535,0.32009180188179015,0.954840612411499,0.13695647716522216,0.06959872096776962,0.09863071143627167,0.003926433809101582,0.309112343378365
351,0.34465173482894895,1.562307024002075,0.13091484308242798,0.07973961979150772,0.09258251041173934,0.006338436994701624,0.29941011071205137,0.8573009729385376,0.12278287410736084,0.08733538463711739,0.08800340592861175,0.004182179179042578,0.30230384385213255
352,0.3083475410938263,1.0253652453422546,0.1272337853908539,0.07237919420003891,0.09038757234811783,0.006536632124334574,0.2923177182674408,0.6093069195747376,0.12605856657028197,0.08612721525132656,0.09022580832242966,0.005008781980723143,0.3074203721247613
353,0.32546043395996094,1.016740369796753,0.13421741724014283,0.08436467200517654,0.09468236118555069,0.00708259865641594,0.29799004197120665,0.7957262992858887,0.13062823414802552,0.061459611356258395,0.09487820118665695,0.003934966400265694,0.2909010130912066
354,0.3141304016113281,0.9983695924282074,0.1296730250120163,0.07912268340587617,0.09158469438552856,0.006785700377076864,0.2979227125644684,0.3605279564857483,0.1341349184513092,0.09726828336715698,0.09503580927848816,0.004182878509163856,0.3306218896061182
355,0.31084689497947693,1.0442882180213928,0.12467018961906433,0.08653454035520554,0.0875985562801361,0.006192922685295343,0.3380704581737518,0.9958175659179688,0.13575974404811858,0.10938225090503692,0.09549264013767242,0.0046721378341317175,0.34530677292495965
356,0.33343138694763186,1.406804883480072,0.1256903290748596,0.09118436127901078,0.08847095519304275,0.006675358023494482,0.3157962918281555,0.8517197132110595,0.13389386534690856,0.08553379476070404,0.09432723224163056,0.004444611631333828,0.31819950398057695
357,0.32575562596321106,1.1493529081344604,0.1291613519191742,0.08897112756967544,0.09100151360034943,0.007279097381979227,0.2801579236984253,0.4805176377296448,0.13175682425498964,0.05636786893010139,0.09446969479322434,0.003443175880238414,0.2860375638585538
358,0.31745925545692444,0.9148280024528503,0.13093095421791076,0.09186902642250061,0.09194200038909912,0.0058207686990499495,0.31820212602615355,0.6368821024894714,0.1373239904642105,0.10057020634412765,0.09677719175815583,0.0039434581063687805,0.3386148466728628
359,0.32108346819877626,1.1771554708480836,0.13040059059858322,0.07354942932724953,0.09176634699106216,0.006568094715476036,0.309411358833313,0.636039924621582,0.136021289229393,0.08508644551038742,0.09686503857374192,0.004359587980434299,0.3223323612939566
360,0.31524730324745176,1.1367891788482667,0.12541159391403198,0.08267908841371537,0.08849565237760544,0.006322096846997738,0.2773109197616577,0.5339721202850342,0.12543997913599014,0.06713343858718872,0.08980966061353683,0.0035919108428061008,0.2859749891795218
361,0.31715607047080996,1.06420658826828,0.1295234441757202,0.08003735840320587,0.09139732867479325,0.006012564711272717,0.31570016741752627,0.5931809961795806,0.14009060263633727,0.08837762176990509,0.09955437034368515,0.004414638830348849,0.3324372335802764
362,0.3206264913082123,1.1246593296527863,0.1275138258934021,0.08911890536546707,0.08913086056709289,0.0063787555322051045,0.30055769681930544,1.0139134645462036,0.12531304657459258,0.06548476815223694,0.08993034213781356,0.0037525271996855735,0.28448068406432864
363,0.3223372220993042,1.2298509240150453,0.12693810164928437,0.08224490284919739,0.089611454308033,0.006345335207879543,0.28349149227142334,0.541086345911026,0.12994395792484284,0.06168530434370041,0.09358512014150619,0.0041308562271296975,0.2893452386371792
364,0.3144736111164093,0.7761199831962585,0.13343579769134523,0.0890694573521614,0.09429782778024673,0.0067985220812261105,0.27872594594955447,0.5829590797424317,0.1253082573413849,0.06348983496427536,0.09047483056783676,0.004099933709949255,0.2833728565834463
365,0.31903496384620667,1.0443951487541199,0.12999513149261474,0.08310904800891876,0.09193545281887054,0.006660202983766794,0.2705178797245026,0.453910768032074,0.12182173132896423,0.07321921586990357,0.08685296922922134,0.005076065473258495,0.28696998190134765
366,0.31462493538856506,1.0521241545677185,0.12997154295444488,0.07284101694822312,0.09225698113441468,0.006739389430731535,0.3024563789367676,0.5293896198272705,0.1378543496131897,0.07552034370601177,0.09837648719549179,0.003991777822375297,0.31574295833706856
367,0.31183735728263856,1.0750928282737733,0.12550877928733825,0.08283597230911255,0.08800512105226517,0.006301662232726812,0.2923982203006744,0.6172588229179382,0.12587801218032837,0.0885683000087738,0.08958566784858704,0.0035748635418713093,0.30760684357956053
368,0.30239441990852356,0.9843785285949707,0.12562999427318572,0.07149681970477104,0.08875437378883362,0.0060854204930365086,0.29432753324508665,0.6897457957267761,0.1269301950931549,0.07994943857192993,0.09028304517269134,0.005304602440446615,0.30246728127822275
369,0.31526374220848086,1.1135270476341248,0.12616553902626038,0.08060386925935745,0.08962699472904205,0.006985817290842533,0.31139024496078493,0.5428473651409149,0.133152037858963,0.10833795964717866,0.09395957589149476,0.005934516154229641,0.34138408955186605
370,0.30725607872009275,1.085408866405487,0.12491773068904877,0.0716178447008133,0.08879664391279221,0.00692465752363205,0.26913483142852784,0.6492909908294677,0.12440350651741028,0.03931699395179748,0.09035332649946212,0.004509923048317432,0.2585837500169873
371,0.3120241165161133,1.0837919473648072,0.12750008702278137,0.07404466271400452,0.09023225009441375,0.006159722525626421,0.3149542212486267,0.5747003078460693,0.13411369025707245,0.11176895424723625,0.09427020400762558,0.0039016696624457835,0.34405451817438004
372,0.32766032218933105,1.1089887380599976,0.1318466529250145,0.08895830810070038,0.09258572161197662,0.006598718464374542,0.3159943461418152,1.0412498474121095,0.12761892080307008,0.08618908524513244,0.09094419777393341,0.004548383830115199,0.3093005876522511
373,0.33061949014663694,1.493190884590149,0.12621935904026033,0.07415629476308823,0.08918262720108032,0.006959630083292723,0.30968552827835083,0.8436691761016846,0.130995512008667,0.08073503375053406,0.09389602541923522,0.004486005380749702,0.310112576559186
374,0.3350914239883423,1.289195990562439,0.12980087101459503,0.09199091643095017,0.09147539138793945,0.0067198071628808975,0.30706770420074464,0.7049885988235474,0.13784223198890685,0.06686803102493286,0.0984822005033493,0.004119677981361747,0.30731214149855074
375,0.3133301198482513,1.2138808131217957,0.12432565987110138,0.07462499886751175,0.0877350315451622,0.0065257644280791284,0.30958468914031984,0.817602562904358,0.13418603390455247,0.07401522696018219,0.09521640688180924,0.004589043371379375,0.30800671111792327
376,0.31819145679473876,1.0243693947792054,0.13135261684656144,0.07813361883163453,0.09287365823984146,0.007359778415411711,0.31203731894493103,0.8250324249267578,0.132692089676857,0.0809719055891037,0.09523280262947083,0.0047497255727648735,0.3136465234681964
377,0.32208473682403566,1.190038800239563,0.12862962186336518,0.0788064330816269,0.09089482128620148,0.007310265954583883,0.31490697860717776,1.020495891571045,0.13135543167591096,0.07441896349191665,0.09341837614774703,0.003797755762934685,0.3029905270785093
378,0.3049407660961151,0.9729860305786133,0.12644384056329727,0.07383121773600579,0.08957050889730453,0.006723023578524589,0.31633806228637695,0.8727079570293427,0.1366771101951599,0.07246437072753906,0.09797480702400208,0.003637108765542507,0.31075339671224356
379,0.31477272510528564,1.1069047331809998,0.12712425291538237,0.07843963950872421,0.08990736156702042,0.006352088041603565,0.26330204010009767,0.40723289251327516,0.12019406855106354,0.06822632998228073,0.08668158054351807,0.0039031668566167355,0.2790051459334791
380,0.31509084105491636,0.8477188766002655,0.1350549578666687,0.07845004796981811,0.09526051580905914,0.00632879501208663,0.29418707489967344,0.7147992849349976,0.1279374659061432,0.07204920649528504,0.09239537715911865,0.004179360624402761,0.29656141018494964
381,0.30605844855308534,1.003484857082367,0.12616386115550995,0.07493069395422935,0.08913501054048538,0.006239977478981018,0.30153360962867737,0.6701103448867798,0.12898011654615402,0.09170427620410919,0.09150519967079163,0.0033812868408858777,0.3155708792619407
382,0.2914139270782471,0.756722366809845,0.1259428083896637,0.07089017927646638,0.08929738700389862,0.005785040277987719,0.3120103895664215,0.38484402894973757,0.14586693048477173,0.0823482558131218,0.10404219925403595,0.0033698761835694313,0.3356272617354989
383,0.31248216032981874,1.1054008960723878,0.12845998257398605,0.07037081345915794,0.09074970781803131,0.005634026508778334,0.31195058226585387,0.6814098358154297,0.13542274236679078,0.08850752711296081,0.09635373800992966,0.003699664771556854,0.3239836722612381
384,0.30243500471115115,0.9226889848709107,0.12519194036722184,0.0795828528702259,0.08828634470701217,0.006061700358986855,0.3173563539981842,0.8261192798614502,0.14035628437995912,0.06649501770734786,0.10032315254211426,0.00424691317602992,0.31142136780545115
385,0.3209367036819458,0.8948871612548828,0.13555704057216644,0.08323792815208435,0.09586974233388901,0.0062931573018431665,0.2818190097808838,0.7654776215553284,0.12393098473548889,0.05658930093050003,0.08934209793806076,0.003954765200614929,0.2738171488046646
386,0.30156504511833193,0.8961950540542603,0.12658156603574752,0.07351246774196625,0.09034034162759781,0.006154295802116394,0.3030997157096863,0.6817870020866394,0.13208430707454683,0.08038334101438523,0.09454137682914734,0.004386058636009693,0.31139508355408907
387,0.29588433504104616,0.9830252051353454,0.12340354174375534,0.06518646404147148,0.08770421892404556,0.006064160913228989,0.2935786068439484,0.5886807680130005,0.12833747565746306,0.08426446616649627,0.09205857813358306,0.003232528641819954,0.30789304859936234
388,0.31084123253822327,1.1866674423217773,0.12436180114746094,0.07124684154987335,0.08877666145563126,0.0054919558577239515,0.306672203540802,0.8945522785186768,0.13490485548973083,0.05605597198009491,0.09734579622745514,0.003331899084150791,0.29163852278143165
389,0.3086611986160278,1.010013997554779,0.12698233723640442,0.07647191509604453,0.08994589298963547,0.005992630030959845,0.31879202127456663,1.093841028213501,0.13333367109298705,0.06693699806928635,0.09548668116331101,0.003622271632775664,0.2993796219583601
390,0.2990711390972137,0.9343586683273315,0.12440895736217499,0.07316101416945457,0.088141930103302,0.006443624757230282,0.297550243139267,0.791571855545044,0.12486408948898316,0.08447372019290925,0.08888276666402817,0.003975887503474951,0.3021964638493955
391,0.31110415458679197,1.156902003288269,0.12570116817951202,0.07149145901203155,0.0887897863984108,0.006044759135693312,0.29096988439559934,0.6279024362564087,0.13106855154037475,0.062277916073799136,0.09527681916952133,0.0041808794718235735,0.29280416625551875
392,0.29597519636154174,0.9700957059860229,0.12217017263174057,0.07045999988913536,0.08687094300985336,0.006398577615618706,0.28587107062339784,0.6486336648464203,0.12867752015590667,0.058823120594024655,0.09348164796829224,0.003737322147935629,0.2847196108661592
393,0.29924893379211426,0.8791667699813843,0.12673788368701935,0.07082969695329666,0.09016338288784027,0.0059489445760846135,0.31165642142295835,0.857632327079773,0.13697052001953125,0.0627652496099472,0.0986099436879158,0.0036234376486390827,0.30196915096603333
394,0.3006639778614044,0.7631097674369812,0.13083998262882232,0.0715546578168869,0.0929055780172348,0.0059711899608373645,0.27336302399635315,0.38556216955184935,0.12783950865268706,0.06433530449867249,0.0922656387090683,0.003624194860458374,0.2880646467208862
395,0.2977601885795593,1.0412598252296448,0.12310398519039153,0.06430241465568542,0.08737314194440841,0.0061377473175525665,0.2906852185726166,0.9102262020111084,0.11992493569850922,0.07614494860172272,0.08553494960069656,0.003283071145415306,0.2848879050463438
396,0.2958432972431183,1.008880376815796,0.12048227787017822,0.07299450784921646,0.08542256504297256,0.00599436005577445,0.25987028479576113,0.6561159610748291,0.11681709289550782,0.04367546290159226,0.08599249124526978,0.004834343865513802,0.2513193909078837
397,0.2996335983276367,0.9492997169494629,0.12385209798812866,0.07475107908248901,0.0878490835428238,0.006183757446706295,0.3171859622001648,0.5653006196022033,0.138934987783432,0.09686615467071533,0.09914816170930862,0.004809410311281681,0.3397587144747376
398,0.3141488015651703,1.2180265665054322,0.1223895013332367,0.08128937184810639,0.08681656271219254,0.0067934483289718624,0.2726024568080902,0.4366709589958191,0.12609899789094925,0.06303888708353042,0.09147053360939025,0.0033598742447793484,0.28396829282864927
399,0.30598047375679016,1.0118468523025512,0.1309514969587326,0.055355734378099444,0.0934431567788124,0.006631208769977093,0.2718587934970856,0.44976009130477906,0.1259686231613159,0.06059264838695526,0.09126040637493134,0.00369085231795907,0.2815125302411616
400,0.3078739881515503,1.1892887592315673,0.12381458580493927,0.06683014780282974,0.08802584558725357,0.006308071315288544,0.2685164034366608,0.7443727254867554,0.11651918292045593,0.05779256746172905,0.08428769707679748,0.0031892032828181984,0.26178865074180063
401,0.296237051486969,0.8913436889648437,0.12753817737102507,0.06081355139613152,0.09072968810796737,0.005990452691912651,0.26010738909244535,0.4702738881111145,0.1204342558979988,0.05507911369204521,0.08688893467187882,0.003461884893476963,0.26586418915539983
402,0.28224843740463257,0.793917465209961,0.1243218570947647,0.050740276277065274,0.08968387246131897,0.006353380717337131,0.27627838850021363,0.6273744583129883,0.12472384572029113,0.055984985828399655,0.09041588902473449,0.003554869769141078,0.2746795903425664
403,0.31776750087738037,1.334017014503479,0.12527198493480682,0.06762484386563301,0.08857506215572357,0.006814378127455711,0.26534426808357237,0.5566777408123016,0.11557858735322953,0.07311565726995468,0.08363788723945617,0.0034721750300377606,0.27580430689267815
404,0.2867892265319824,0.7912881731986999,0.12514059841632844,0.059391483664512634,0.08923122882843018,0.006314496882259846,0.2994685709476471,0.9836406946182251,0.1266135811805725,0.060743112862110135,0.09157790541648865,0.003446944523602724,0.282381543982774
405,0.2963914692401886,0.8473338603973388,0.12940838932991028,0.05881086140871048,0.09229058474302292,0.005840727314352989,0.2918081164360046,0.8581835746765136,0.12933273911476134,0.04879277795553207,0.09346545785665512,0.0034087107516825197,0.2749996856786311
406,0.31869552135467527,1.15550696849823,0.12990719377994536,0.0704203188419342,0.09273614585399628,0.0061333393678069115,0.2777032613754272,0.4819517552852631,0.12535932660102844,0.07135930955410004,0.09101018160581589,0.003113002981990576,0.29084182074293496
407,0.3069298505783081,1.2733128905296325,0.12213237136602402,0.06187818050384521,0.08714723289012909,0.006091003492474556,0.30184638500213623,0.4877004325389862,0.13897414803504943,0.07374003380537034,0.09996592253446579,0.0033025849144905804,0.3159826892893762
408,0.30784611105918885,1.0754034161567687,0.1274021625518799,0.06503837779164315,0.09095553457736968,0.006398120615631342,0.2701462864875793,0.42831301093101504,0.12547636181116104,0.06417210623621941,0.08948705494403839,0.0033623050898313523,0.28249782808125024
409,0.2956541180610657,0.8603203356266022,0.12581179291009903,0.06849850490689277,0.08970560878515244,0.005742889735847712,0.2702352344989777,0.5005308270454407,0.1249199777841568,0.05667862296104431,0.09035883396863938,0.003181148087605834,0.2751385828014463
410,0.29217676520347596,0.8733521699905396,0.12536474466323852,0.06132660955190659,0.08975516408681869,0.005451882909983397,0.2756249725818634,0.6218541741371155,0.12416054159402848,0.0581361323595047,0.08962560296058655,0.0033560818061232566,0.275278358720243
411,0.3231899321079254,1.2550146341323853,0.12828733325004577,0.07610494345426559,0.09139235317707062,0.005414087418466806,0.2688737571239471,0.40194902420043943,0.12454352080821991,0.06523991227149964,0.08994005769491195,0.0033455667085945605,0.2830690574832261
412,0.29180205464363096,0.9497511506080627,0.12318284213542938,0.060211987048387525,0.08816738873720169,0.0057165357284247875,0.2701441764831543,0.5941818833351136,0.12635367661714553,0.041377344727516176,0.09196349829435349,0.00285852225497365,0.2625530418939888
413,0.30397621393203733,0.9944375634193421,0.12580070346593858,0.0723260760307312,0.0895383045077324,0.005504579283297062,0.2617711901664734,0.595551872253418,0.12001652717590332,0.048209741711616516,0.08631424605846405,0.0031158821657299995,0.2576563971117139
414,0.27900040447711943,0.6247692465782165,0.12255695462226868,0.06995508074760437,0.08747505098581314,0.005504804942756891,0.26966695189476014,0.44263049960136414,0.12014844417572021,0.07788003981113434,0.08690670430660248,0.003080503968521953,0.288015692261979
415,0.2907923758029938,0.868534779548645,0.12284808158874512,0.07006068453192711,0.0868440642952919,0.005286298226565123,0.28553072214126585,0.43582274913787844,0.1350279539823532,0.06077478528022766,0.09691203683614731,0.0028244143351912497,0.2955391904339194
416,0.28314475417137147,0.7965343475341797,0.12294158637523651,0.06023017019033432,0.08764620423316956,0.005230314563959837,0.28250315189361574,0.7808201968669891,0.12407406270503998,0.05549910813570023,0.0902813121676445,0.0027144236024469136,0.2725689066108316
417,0.3000803470611572,0.9987619996070862,0.12841801047325135,0.05509183928370476,0.09150051921606064,0.005355596449226141,0.269045689702034,0.7951635599136353,0.1211332231760025,0.038652044534683225,0.08732665181159974,0.003003231156617403,0.2501151506789029
418,0.2893242299556732,0.7860824406147003,0.12494213581085205,0.06657574102282524,0.08912976384162903,0.005320658534765243,0.28351834416389465,0.5486483216285706,0.1308218002319336,0.06046277731657028,0.09358351528644562,0.0028984691947698594,0.2877665620297194
419,0.2945773482322693,0.7189056873321533,0.12789076417684556,0.07355743497610093,0.09103498309850692,0.00585519215092063,0.27806960344314574,0.5051047444343567,0.1303081214427948,0.05245215147733688,0.09485317915678024,0.0028539834544062614,0.28046743553131814
420,0.30680111050605774,1.085974431037903,0.12605798989534378,0.06899047717452049,0.08927471935749054,0.0053488767705857755,0.28651257157325744,0.6423072338104248,0.12340393662452698,0.07893354147672653,0.08972247242927552,0.003608043259009719,0.29566799378953873
421,0.2881525456905365,0.8014084935188294,0.12403886169195175,0.06606603860855102,0.08826005011796952,0.005500357691198587,0.3032711684703827,0.708712363243103,0.13790084719657897,0.059828737378120424,0.09847817867994309,0.003084347490221262,0.2992921107448637
422,0.30121660232543945,0.7745057582855225,0.13060267865657807,0.07325712740421295,0.09238986074924468,0.0057404166087508205,0.2623636782169342,0.5119632482528687,0.11550567746162414,0.07420164197683335,0.08274371922016144,0.002830583788454533,0.27528162244707344
423,0.2892108976840973,0.7353219866752625,0.12482768148183823,0.07243751138448715,0.0888554260134697,0.0050858638249337675,0.2796087145805359,0.5380409598350525,0.12666555643081664,0.0668942891061306,0.09116604030132294,0.0028558882884681227,0.2875817741267383
424,0.2809196591377258,0.7599998474121094,0.12169046849012374,0.0638828419148922,0.08667320162057876,0.005229155346751213,0.24748013019561768,0.46106681823730467,0.11493784487247467,0.0467128686606884,0.08465935289859772,0.0029463316313922405,0.24925639806315303
425,0.2780479073524475,0.6951925396919251,0.12214063256978988,0.06319364607334137,0.08691122531890869,0.0052791906520724295,0.2842239022254944,0.5908841609954834,0.12824687659740447,0.06464444026350975,0.09256913661956787,0.003082918468862772,0.2885433719493449
426,0.2814499378204346,0.7718957543373108,0.12097657769918442,0.06572761088609695,0.08636030703783035,0.005308934208005667,0.26344307959079744,0.4345573753118515,0.12282204478979111,0.05685560405254364,0.08886590003967285,0.003198936395347118,0.27174248527735473
427,0.298893141746521,0.8671311259269714,0.12802291214466094,0.06726141795516014,0.09107147753238679,0.005622969660907984,0.2624423563480377,0.4262628436088562,0.1219813734292984,0.059385817497968674,0.08780448138713837,0.0033009078353643416,0.27247258014976977
428,0.28848540782928467,0.9845570206642151,0.12145821154117584,0.05665750280022621,0.0866562694311142,0.0056286447681486605,0.24695934653282164,0.5856828212738037,0.1119758740067482,0.04607027918100357,0.08124782890081406,0.0028327192179858685,0.2421267013065517
429,0.2756399571895599,0.6590108215808869,0.12227906733751297,0.06135083884000778,0.0869575247168541,0.0055548310279846195,0.2637804001569748,0.343431556224823,0.12910144925117492,0.045130344480276106,0.09322124868631362,0.0034418949857354165,0.2708949374035001
430,0.2966010093688965,1.00319983959198,0.12517127990722657,0.059138703346252444,0.08901904225349426,0.005362684559077025,0.28901187181472776,0.5284888267517089,0.1347837418317795,0.05820103585720062,0.09684288948774337,0.0037205605767667294,0.2935482277534902
431,0.29049274921417234,0.9452681064605712,0.12260673493146897,0.060861074924468996,0.08730235993862152,0.005779414065182209,0.2755016088485718,0.7017157435417175,0.12213329374790191,0.054437822103500365,0.08929102122783661,0.0035451964475214483,0.26940733352676033
432,0.2990043222904205,0.9820107340812683,0.12638411670923233,0.05926946997642517,0.09107364118099212,0.005622575059533119,0.278289395570755,0.5122820615768433,0.12377044260501861,0.07705982029438019,0.0890751525759697,0.0025995468255132436,0.29250496230088174
433,0.27059235274791715,0.7271995544433594,0.11918306201696396,0.05448817908763885,0.08529774993658065,0.005014938022941351,0.25895805954933165,0.42280031740665436,0.12347322702407837,0.046112161874771115,0.08981959819793701,0.0029382774606347083,0.2623432645574212
434,0.28489682674407957,1.0765154480934143,0.11648626029491424,0.0567863717675209,0.08359277248382568,0.00519768251106143,0.26216781735420225,0.6926522493362427,0.11908980906009674,0.04066448137164116,0.08666761964559555,0.0028910588473081587,0.2493129689246416
435,0.28135537803173066,1.0253154158592224,0.11867094486951828,0.04692433625459671,0.08530047237873077,0.0053120279684662815,0.27816362380981446,0.5032512485980988,0.1280268907546997,0.06150421798229218,0.09266961663961411,0.003104886133223772,0.28530561150982975
436,0.2769325911998749,0.8047400951385498,0.12023054659366608,0.05581305250525474,0.08590409755706788,0.005308825336396694,0.2725608468055725,0.6820478856563568,0.12238986194133758,0.0507178034633398,0.0894026979804039,0.002614013105630875,0.26512437649071213
437,0.2857926726341248,1.0419259190559387,0.12214999347925186,0.042123956978321074,0.0879133626818657,0.005142085347324609,0.2584134519100189,0.3677257478237152,0.12310856580734253,0.0529862180352211,0.08914013504981995,0.002570720762014389,0.26780563965439796
438,0.2902221381664276,1.002317762374878,0.12453285455703736,0.04721090644598007,0.08941531777381898,0.0051052459515631195,0.2731593012809753,0.6703102588653564,0.12391748130321503,0.04881326109170914,0.08995740860700607,0.0027245263569056987,0.2654126773588359
439,0.28794323205947875,1.0356445074081422,0.12069378197193145,0.05238559916615486,0.08638462871313095,0.005779589992016554,0.27886606454849244,0.6540486335754394,0.12125827670097351,0.07010017335414886,0.08799043744802475,0.0037296629510819913,0.28307855045422914
440,0.28160818219184874,0.9687949299812317,0.12074350714683532,0.045049631595611574,0.08683506697416306,0.006130100321024656,0.2738079786300659,0.7268253326416015,0.1232469618320465,0.04363261088728905,0.09057295173406602,0.0036609964445233345,0.26111352089792494
441,0.2989423215389252,1.159780251979828,0.12212243229150772,0.056045562773942945,0.08778102993965149,0.006054125912487507,0.2691809058189392,0.5376885294914245,0.12463675439357758,0.051052212715148926,0.09078261703252792,0.0027020459994673727,0.2691736301407218
442,0.277484130859375,0.7491769552230835,0.12417546361684799,0.048061422631144525,0.08909639269113541,0.005445442814379931,0.2907504975795746,0.5194330334663391,0.13999416977167128,0.04446183517575264,0.10109770447015762,0.002912071906030178,0.28846578132361167
443,0.2830234467983246,0.796290111541748,0.1248941108584404,0.05258200541138649,0.08927171975374222,0.005504209268838167,0.31062711477279664,1.258199119567871,0.12713346928358077,0.05455167293548584,0.09167438000440598,0.003266944084316492,0.2766264663077891
444,0.28845250606536865,0.9155008912086486,0.12361840307712554,0.05575634241104126,0.08852659016847611,0.005308575555682182,0.29196028113365174,0.8747959136962891,0.13131507486104965,0.04071076437830925,0.09482788443565368,0.003444247506558895,0.2702979711815715
445,0.26223665177822114,0.8007273495197296,0.11401624977588654,0.04724158942699432,0.08176787793636323,0.005590725503861904,0.27557521462440493,0.478398734331131,0.1287243366241455,0.058800593763589856,0.09188332110643387,0.0032946550752967598,0.282702906569466
446,0.27345638871192934,0.8812131643295288,0.12048897594213485,0.037754854559898375,0.08719557076692581,0.005667509511113167,0.2659925490617752,0.5194250822067261,0.12752407193183898,0.034703005105257034,0.0933324009180069,0.003626642655581236,0.25918612061068413
447,0.2822841972112656,0.8808968544006348,0.12402375340461731,0.04527419209480286,0.08871843963861466,0.00572011861950159,0.25033973157405853,0.463531905412674,0.11735961437225342,0.0450518287718296,0.08545878529548645,0.0036376559175550936,0.25150788435712457
448,0.27749099731445315,0.9076585650444031,0.11810384839773178,0.05164621844887733,0.0849907323718071,0.006380746047943831,0.23428090214729308,0.5095919966697693,0.10882466584444046,0.0376169141381979,0.07966182231903077,0.0030127195175737144,0.22911612181924282
449,0.28558267951011657,0.9870085477828979,0.12094462811946868,0.050129058212041853,0.08696348071098328,0.006519233155995607,0.2554327994585037,0.46816858649253845,0.12197623252868653,0.03816216737031937,0.08906917124986649,0.0037957405671477317,0.25300331171602014
450,0.28399897813797,0.8226801633834839,0.12410253137350083,0.05273928567767143,0.08932899534702302,0.006127600744366646,0.2634009838104248,0.4531974732875824,0.12385786175727845,0.04911077544093132,0.09068526774644851,0.0032852019648998976,0.2669391069095582
451,0.2793874979019165,0.9181753635406494,0.12057643830776214,0.0468982957303524,0.08660870194435119,0.005688866786658764,0.24659275710582734,0.38321378231048586,0.11442405581474305,0.05583389699459076,0.08325987011194229,0.003662383463233709,0.25718020638450984
452,0.2781289637088776,0.8198085784912109,0.12153752893209457,0.05164586454629898,0.08683811128139496,0.0058799275197088715,0.262675005197525,0.7021678507328033,0.11841245889663696,0.04182341992855072,0.08628403693437577,0.003916821908205748,0.2504367376677692
453,0.25707401633262633,0.5979483544826507,0.118598972260952,0.0406590536236763,0.08520799279212951,0.006080213189125061,0.2840881884098053,0.5725083112716675,0.1274757444858551,0.06687984392046928,0.0923064649105072,0.0044812790118157865,0.29114333232864736
454,0.2868549168109894,0.8488252520561218,0.12456394881010055,0.05562444850802421,0.08904903829097748,0.0059768764302134516,0.26757111549377444,0.4059841275215149,0.13005932569503784,0.04214129075407982,0.09452523440122604,0.0032333885319530964,0.2699592393822968
455,0.27317444086074827,0.8481751918792725,0.11727697998285294,0.05205332189798355,0.08468822836875915,0.005547625478357077,0.2594338834285736,0.4040142893791199,0.12441755831241608,0.044522881507873535,0.09090952873229981,0.0032892766408622264,0.2631392451934516
456,0.27806776762008667,0.8950382947921753,0.1205463945865631,0.04638812243938446,0.08683197796344758,0.0054868457838892935,0.2898038387298584,0.4673195004463196,0.12886230945587157,0.08623076677322387,0.09303280264139176,0.0028547590598464014,0.3109806379303336
457,0.26944842338562014,0.6848093152046204,0.12170704007148743,0.046813787519931795,0.0872977539896965,0.0055925451219081875,0.262888103723526,0.494568920135498,0.11923946738243103,0.0625617504119873,0.08627514839172364,0.0027283267118036747,0.2708046928979456
458,0.2688691794872284,0.724836778640747,0.11886623054742813,0.05148053914308548,0.08539862185716629,0.005244480725377798,0.25798037350177766,0.4808706820011139,0.12101035714149475,0.04593697339296341,0.08829711377620697,0.0033217882737517357,0.25856623258441686
459,0.27718538641929624,0.8605709671974182,0.12051445543766022,0.048365161567926404,0.08671908676624299,0.005481444392353296,0.26238971650600434,0.5221732199192047,0.12175243496894836,0.04812832698225975,0.08882891237735749,0.0032711206935346127,0.26198079502210025
460,0.27640570402145387,0.7947581589221955,0.12285255044698715,0.044697126001119615,0.08878480941057205,0.0053637540899217125,0.25756847858428955,0.4392753541469574,0.12326366901397705,0.039491386711597444,0.09105507582426071,0.003080602828413248,0.2568907343782485
461,0.274066624045372,1.0815517902374268,0.11423499286174774,0.04194973185658455,0.08217875510454178,0.005200845189392567,0.24934414625167847,0.6445095777511597,0.11658544838428497,0.027676284313201904,0.08533192574977874,0.0027263229712843895,0.23231998141855
462,0.2632967412471771,0.8082985281944275,0.11485789269208908,0.045819802582263945,0.08268324285745621,0.004861566703766584,0.27484785914421084,0.352805894613266,0.13148660957813263,0.05899862051010132,0.09488597214221954,0.002671386394649744,0.28804258862510324
463,0.27000470757484435,0.7742202520370484,0.12002747654914855,0.04538753852248192,0.08592261373996735,0.005299667827785015,0.2644016146659851,0.5519410848617554,0.12462689876556396,0.03948156386613846,0.09116803258657455,0.002537679299712181,0.25781417451798916
464,0.2704220235347748,0.7862173676490783,0.1204068660736084,0.04217073991894722,0.0870506763458252,0.005136460624635219,0.25194845497608187,0.4713374376296997,0.12124662399291992,0.03273657001554966,0.08905553370714188,0.0034222693648189306,0.2464609970804304
465,0.26599658727645875,0.6203910768032074,0.12034087628126144,0.051094918698072436,0.08646551370620728,0.005246382858604193,0.2530134081840515,0.39663088917732237,0.11910683810710906,0.04975341558456421,0.08754213601350784,0.0033123817294836043,0.25971477143466476
466,0.2945557713508606,0.9399441957473755,0.1296802669763565,0.043856867030262946,0.09320291727781296,0.005493845883756876,0.2750342607498169,0.6213035345077514,0.12797967493534088,0.04307782202959061,0.09281146228313446,0.0032780203502625225,0.2671469795983285
467,0.27342578768730164,0.7696702122688294,0.1232436627149582,0.040764634311199185,0.08875836431980133,0.005115876719355583,0.26985343992710115,0.327146115899086,0.13136110901832582,0.050569143146276474,0.09536576569080353,0.0029693493619561196,0.28026536721736195
468,0.27637575268745423,0.7354450821876526,0.12204701006412506,0.05472817271947861,0.08750820308923721,0.0053683927282691,0.25795442461967466,0.44283829927444457,0.12238384485244751,0.044144871085882186,0.08946029543876648,0.00379188172519207,0.25978089310228825
469,0.2717666506767273,0.7737119913101196,0.1199372723698616,0.04765023216605187,0.0865674540400505,0.005502414610236883,0.24709881842136383,0.461751127243042,0.11501274406909942,0.04591458365321159,0.0844344213604927,0.0032136121299117804,0.24857536121271548
470,0.27135367393493653,0.8457263231277465,0.11934393495321274,0.04173852354288101,0.08592067807912826,0.005866971425712108,0.27336331605911257,0.4606775641441345,0.12952402830123902,0.04962407499551773,0.0943813219666481,0.0032240965869277717,0.27675352185033264
471,0.2705956369638443,1.055211329460144,0.11655282080173493,0.027412960678339003,0.08494098335504532,0.005269574280828237,0.24966846108436586,0.43637369871139525,0.12127234786748886,0.02969708852469921,0.09025863856077194,0.0029404894448816776,0.24416856439784168
472,0.27598385214805604,0.8014342546463012,0.12256006747484208,0.04395734593272209,0.08860508501529693,0.00553663345053792,0.24279022216796875,0.41470064520835875,0.11651145815849304,0.036761530488729474,0.08567423224449158,0.002977453637868166,0.24192467452958225
473,0.27096582353115084,0.8538443684577942,0.11943003535270691,0.04022108018398285,0.08603294789791108,0.00540015259757638,0.26532726287841796,0.5929801225662231,0.121915403008461,0.04578360766172409,0.08953660279512406,0.002668928075581789,0.25990454154089093
474,0.26587642431259156,0.772739315032959,0.11795069128274918,0.042680007964372636,0.0852805107831955,0.005336511414498091,0.2575667142868042,0.6209920883178711,0.12082385271787643,0.030775797367095948,0.08865990936756134,0.0032908865716308354,0.2435504460241646
475,0.2645877361297607,0.8074674606323242,0.11855395585298538,0.03427607826888561,0.08567105531692505,0.005702612176537514,0.27147321701049804,0.5921161592006683,0.12821322083473205,0.03617149144411087,0.0941381111741066,0.00286070229485631,0.2613835257478058
476,0.26711873412132264,0.7716074347496032,0.1195109486579895,0.03950961232185364,0.08663035333156585,0.005284492578357458,0.26991223692893984,0.755748701095581,0.12393619418144226,0.03275969289243221,0.09044705331325531,0.002723449468612671,0.24986638985574244
477,0.26679463088512423,0.9254287719726563,0.11617850065231324,0.03478835597634315,0.08437032252550125,0.005160384904593229,0.24295934438705444,0.6755626201629639,0.11181438863277435,0.027847738936543465,0.0819819912314415,0.002921934658661485,0.22456605345942077
478,0.2898272454738617,1.0944600820541381,0.1226936161518097,0.0430105846375227,0.08831075578927994,0.00518915792927146,0.25632221400737765,0.6462128162384033,0.11840652525424958,0.03406263291835785,0.08700498044490815,0.003137502958998084,0.24261164157651366
479,0.28490673303604125,1.126264786720276,0.1185487687587738,0.043045875057578085,0.08592479079961776,0.0051940022967755795,0.2763965964317322,0.7267147779464722,0.12674734592437745,0.03730454593896866,0.09319913685321808,0.002924180030822754,0.2601752087473869
480,0.26686720848083495,0.8838436365127563,0.11745665669441223,0.032759010791778564,0.08586217612028121,0.0059533934108912945,0.26003321409225466,0.6169429302215577,0.11873055696487426,0.0437789648771286,0.0870427057147026,0.0030466360505670307,0.2525988636072725
481,0.26883986592292786,0.7526869535446167,0.12012161910533906,0.042092906311154366,0.0871719852089882,0.00573091497644782,0.28000159561634064,0.6974894881248475,0.12702589184045793,0.048066260665655135,0.0924402579665184,0.0032557006925344467,0.27078811116516593
482,0.2582670658826828,0.7330288887023926,0.11638990044593811,0.036305071413517,0.084540194272995,0.005065978039056063,0.2514966636896133,0.610916543006897,0.11686700582504272,0.032568755373358724,0.08633194863796234,0.002934999670833349,0.23870270950719716
483,0.27744014859199523,0.9641811847686768,0.11975257098674774,0.041080129146575925,0.08630849570035934,0.005259919632226229,0.25587689876556396,0.4781500667333603,0.12317241728305817,0.032300496101379396,0.09093111008405685,0.0034312479197978973,0.2498352713882923
484,0.27163071036338804,0.8518354415893554,0.11907368451356888,0.04272755645215511,0.08584115505218506,0.005520620197057724,0.24451846480369568,0.3158519625663757,0.12079237401485443,0.035463596880435946,0.08882678598165512,0.002749848086386919,0.2478326049633324
485,0.27830190360546114,0.9735435366630554,0.120343516767025,0.0390873871743679,0.08696479797363281,0.005545471794903278,0.23456561863422393,0.4436590909957886,0.11147827804088592,0.0325256884098053,0.08303644508123398,0.0032101865857839585,0.23025059811770915
486,0.2743709862232208,1.0137733697891236,0.11818018108606339,0.033731058984994886,0.08582100719213485,0.005631200224161148,0.2657124221324921,0.6854693412780761,0.12301494479179383,0.031322693824768065,0.09114193171262741,0.0032414923422038554,0.24872106267139316
487,0.27794349193573,0.9354756593704223,0.12039229273796082,0.04064408615231514,0.08745594173669816,0.005998860485851765,0.2687974989414215,0.47640963792800906,0.12678441256284714,0.047506803274154664,0.0926262691617012,0.003625860810279846,0.2705433458089828
488,0.2680436074733734,0.7531082510948182,0.1213181346654892,0.036922001466155055,0.08773506432771683,0.005747974477708339,0.24530561566352843,0.5841948747634887,0.11510904431343079,0.02770712785422802,0.0853950634598732,0.003476388938724995,0.23168762456625697
489,0.26919184923171996,0.6738762736320496,0.12295992225408554,0.04077082723379135,0.08930612951517106,0.005693131126463413,0.2715123057365417,0.596841561794281,0.12718947529792785,0.03966499865055084,0.09326414316892624,0.002768204314634204,0.2628868214320391
490,0.26712490916252135,0.8427919030189515,0.11810072809457779,0.03795775100588798,0.08523207753896714,0.005347276199609041,0.2869179844856262,0.7611233472824097,0.13269605934619905,0.036534786224365234,0.09645826667547226,0.0028801972977817057,0.26856930954381825
491,0.2786495566368103,0.9401350498199463,0.12083851099014283,0.04177476018667221,0.08740771561861038,0.0050184126943349835,0.260857617855072,0.5943806886672973,0.1210098311305046,0.04002309963107109,0.08868093192577362,0.002872585831210017,0.2525864485185593
492,0.27157036662101747,0.9031778812408447,0.11989788115024566,0.03334747664630413,0.08733106702566147,0.005017557088285685,0.25856584310531616,0.5065761387348175,0.12429218888282775,0.03293687403202057,0.09109053462743759,0.0027717612218111755,0.2510913587640971
493,0.26587641835212705,0.9926019906997681,0.1135203406214714,0.03547937199473381,0.08247591853141785,0.0050207341089844705,0.26494354009628296,0.7863430976867676,0.12011107802391052,0.035007455945014955,0.08676922470331191,0.0024847117718309166,0.2443724704440683
494,0.27687650322914126,0.8983518719673157,0.12234800457954406,0.03644836917519569,0.08889417946338654,0.0049850535579025745,0.2472754329442978,0.38759835958480837,0.12086568176746368,0.03369798362255096,0.08879983425140381,0.002761990576982498,0.24612549021840097
495,0.28023130297660825,0.8848928570747375,0.12571848481893538,0.033833789825439456,0.09084282368421555,0.005016909539699554,0.2347983956336975,0.48984535336494445,0.10719760954380035,0.04659743905067444,0.07854120284318925,0.0025371948257088663,0.2348734462633729
496,0.2784263640642166,1.0160298109054566,0.1178207278251648,0.044221524894237516,0.08511411994695664,0.0051585064269602295,0.24979417026042938,0.5041007697582245,0.11866072416305543,0.03477334082126617,0.08714691251516342,0.0027896880637854338,0.24337066556327047
497,0.26343306005001066,0.7925100803375245,0.11610954701900482,0.042084445059299466,0.08418600410223007,0.00493957307189703,0.2816606402397156,0.7762628793716431,0.12733725160360337,0.04200549349188805,0.09284836053848267,0.0033183010295033456,0.26550940666347744
498,0.270098602771759,0.8691653609275818,0.12038557827472687,0.03394867777824402,0.08677838146686553,0.005004098732024431,0.2686267137527466,0.7555554270744324,0.1201783761382103,0.04216603934764862,0.08824595659971238,0.0026831732131540774,0.2532735452987254
499,0.2712348163127899,1.0803715705871582,0.11505514830350876,0.032344453036785126,0.08323470652103424,0.005508301686495543,0.26532052755355834,0.8720269918441772,0.11586021780967712,0.03732650727033615,0.08559420257806778,0.0032030416652560232,0.2419839693233371
500,0.26742730140686033,0.8563269972801208,0.11855383217334747,0.0339718546718359,0.08603741377592086,0.0060675529763102535,0.2532008796930313,0.5581691265106201,0.12021583020687103,0.03197023086249828,0.08770073801279069,0.0027814604341983794,0.2426682595163584
501,0.2650268793106079,0.7437654495239258,0.11809740513563156,0.04314404428005218,0.0854898676276207,0.005358617752790451,0.26710939407348633,0.5544720649719238,0.1265104055404663,0.03740214519202709,0.09241859763860702,0.0035114457830786707,0.25984259415417904
502,0.25900785326957704,0.8692044496536255,0.11537423729896545,0.026628917455673216,0.08411113321781158,0.005495601613074541,0.2562337338924408,0.45600266456604005,0.1255571186542511,0.026045190542936324,0.09322126060724259,0.0032652235589921475,0.24808879336342216
503,0.2711051881313324,1.0710688829421997,0.1152215763926506,0.030505940690636633,0.0843532383441925,0.005447912588715553,0.25490568280220033,0.4680782675743103,0.1268215149641037,0.017719850689172745,0.0944892942905426,0.002662048954516649,0.24169270889833572
504,0.26949737071990965,0.9572843313217163,0.1163273200392723,0.03687515743076801,0.08428231328725815,0.00517188934609294,0.2562898278236389,0.40440958738327026,0.12510702908039092,0.03631470911204815,0.0914099544286728,0.002790063386783004,0.2556217560078949
505,0.2649983525276184,0.7776806712150574,0.11870993226766587,0.03823791481554508,0.08576487302780152,0.005041124392300844,0.24921739101409912,0.3903119444847107,0.12238143235445023,0.030392705649137496,0.09054006636142731,0.0031678922474384307,0.24648209661245346
506,0.2602382302284241,0.7512389898300171,0.11750071793794632,0.03485725298523903,0.0850936621427536,0.005306534562259912,0.23149217963218688,0.48344355821609497,0.11263352930545807,0.020300279185175896,0.08303445428609849,0.0030037439428269863,0.21897200671955944
507,0.2537834048271179,0.6933649778366089,0.11622779369354248,0.031458308547735216,0.08470113724470138,0.0049141326919198034,0.2671083629131317,0.5282777070999145,0.12528187036514282,0.04573492705821991,0.09085745066404342,0.0033753952011466026,0.26524964328855277
508,0.259414342045784,0.6702995538711548,0.11885040700435638,0.03638309836387634,0.08629554063081742,0.005123719479888678,0.25051815807819366,0.40189313888549805,0.12088996767997742,0.03845435082912445,0.08887707591056823,0.002858552522957325,0.2510799469426274
509,0.2656820982694626,0.8708776950836181,0.11817562133073807,0.03149857744574547,0.08555496335029603,0.005316699575632811,0.24729705452919007,0.41968274116516113,0.11910257637500762,0.03629492744803429,0.08781198114156723,0.002501796931028366,0.2457112818956375
510,0.2694984763860703,0.8307373464107514,0.11840101927518845,0.0429873488843441,0.08567944169044495,0.004774960782378912,0.2297019064426422,0.4784401297569275,0.11133219748735428,0.02073659747838974,0.08281829059123993,0.0025222084484994413,0.2174092940054834
511,0.2612799406051636,0.8321812391281128,0.11652117967605591,0.03239001594483852,0.08447302132844925,0.004963328596204519,0.2566500097513199,0.8975378632545471,0.11174446046352386,0.03189398050308227,0.08296860754489899,0.002226107195019722,0.22883315570652485
512,0.2603988915681839,0.7846197009086608,0.11676774770021439,0.03369190469384194,0.08511235564947128,0.004883685242384672,0.25245479345321653,0.5968010663986206,0.11611733734607696,0.038412962853908536,0.08586224764585496,0.0028573219664394856,0.24324986981227992
513,0.25220038592815397,0.6845018863677979,0.11519597470760345,0.03352155648171902,0.08354153633117675,0.004954002425074577,0.2696202337741852,0.3478693962097168,0.13106895089149476,0.04766673222184181,0.09588512778282166,0.002878646552562714,0.2774994574487209
514,0.2645592987537384,0.7149405837059021,0.11980757564306259,0.03910057544708252,0.08689266294240952,0.005123481620103121,0.24255752563476562,0.4310344934463501,0.11778761297464371,0.03001006953418255,0.08687658309936523,0.002673154044896364,0.23734741965308787
515,0.2501812011003494,0.6823857665061951,0.11417327523231506,0.03268415145576,0.0830188512802124,0.005055412463843822,0.23398510813713075,0.3692443072795868,0.11114344596862794,0.042049485445022586,0.08224432766437531,0.0022207516245543956,0.23765801070258025
516,0.25505737364292147,0.7030741691589355,0.11648327559232712,0.03305090181529522,0.08467661142349243,0.0044366615824401375,0.24525149762630463,0.37760492265224455,0.12095179557800292,0.03064783811569214,0.08898814469575882,0.00221477011218667,0.24280254850164057
517,0.2602358371019363,0.6782735109329223,0.11965245902538299,0.0351576279848814,0.08666827827692032,0.004845232143998146,0.2505104124546051,0.4191713511943817,0.12332984805107117,0.02841869592666626,0.09055884927511215,0.002907593548297882,0.24521498680114748
518,0.2613339960575104,0.8180824875831604,0.11569849550724029,0.03736125081777573,0.08359412401914597,0.004913237225264311,0.2590241014957428,0.31626643538475036,0.12379326820373535,0.05636552572250366,0.08996340185403824,0.002542680036276579,0.2726648758165538
519,0.2614497423171997,0.8440089583396911,0.1154048576951027,0.0351015105843544,0.08378714621067047,0.005013071000576019,0.23736392855644226,0.277959930896759,0.11807562112808227,0.03277322873473167,0.0876826211810112,0.0026421608868986367,0.24117363193072378
520,0.2589818388223648,0.8629976034164428,0.11361624300479889,0.03396997824311256,0.08278117924928666,0.004899115394800901,0.24327190220355988,0.5880881309509277,0.11339448392391205,0.030309709906578063,0.08391468524932862,0.0028069534804672004,0.2304258325602859
521,0.2663983017206192,0.8953195214271545,0.11696015894412995,0.03561166282743215,0.0844769224524498,0.004778825491666794,0.25334449410438536,0.46489232778549194,0.12182136178016663,0.03479248955845833,0.08958359509706497,0.002597372978925705,0.24879481941461562
522,0.25431783497333527,0.8267882168292999,0.11468118131160736,0.02493448220193386,0.08349898755550385,0.004662036336958409,0.2510376930236816,0.610348904132843,0.11818288266658783,0.02738543301820755,0.08729132562875748,0.0027066127862781287,0.23556625409983098
523,0.2673349916934967,0.936761200428009,0.11659499257802963,0.03312181308865547,0.08480636775493622,0.00506932232528925,0.25010712146759034,0.5401532888412476,0.11822269260883331,0.03141810297966004,0.08786775171756744,0.0025999338133260606,0.24010848111938687
524,0.2687620401382446,0.8622833490371704,0.12048558294773101,0.029233069717884065,0.08791344314813614,0.005264619924128055,0.23164052963256837,0.434250271320343,0.11320445537567139,0.02300409898161888,0.08374387621879578,0.002955269068479538,0.22290769964456558
525,0.2601959228515625,0.7457598209381103,0.11776319295167922,0.03406183756887913,0.08583444356918335,0.004558751825243235,0.24805437326431273,0.5327835321426392,0.11828241944313049,0.02912904918193817,0.08734267801046372,0.002451141458004713,0.23720528809353708
526,0.2442639112472534,0.5361906111240387,0.11539961099624634,0.030894457548856735,0.08411166965961456,0.004991721641272306,0.2375936657190323,0.3196557998657227,0.11808958053588867,0.029098953306674957,0.08771569579839707,0.0025122227147221566,0.23741645235568284
527,0.26155627965927125,0.7714281141757965,0.1191895380616188,0.02969971187412739,0.08653924465179444,0.004812479950487614,0.23615822792053223,0.37229337096214293,0.11815327107906341,0.02087879478931427,0.08775678128004075,0.0023881975561380387,0.22917704470455647
528,0.26203104853630066,0.7413946390151978,0.11966538578271865,0.03163753189146519,0.0870771899819374,0.004799974244087934,0.28953590989112854,1.1112433671951294,0.12586524933576584,0.02967379689216614,0.09179867655038834,0.002945834770798683,0.250283557549119
529,0.2533890277147293,0.7240803599357605,0.11572363078594208,0.029318564385175706,0.08431725800037385,0.004969689063727856,0.24841536283493043,0.4166204035282135,0.12187760323286057,0.030644844472408294,0.08902367055416108,0.002721297927200794,0.24426741618663073
530,0.24877824783325195,0.7481135249137878,0.11429845541715622,0.022178417071700096,0.08357076197862626,0.004828290175646543,0.255647748708725,0.40798200368881227,0.12607884109020234,0.028120782971382142,0.09375347495079041,0.0027119163423776627,0.25066501535475255
531,0.26013845205307007,0.8501042366027832,0.11600391566753387,0.030800340324640275,0.0838698223233223,0.00471865963190794,0.23829785585403443,0.42710437178611754,0.11603383719921112,0.028249057382345198,0.08534031808376312,0.0028878879733383656,0.2325111006386578
532,0.24976369738578796,0.5971222877502441,0.11736383140087128,0.028148822113871576,0.08588301092386245,0.005172648746520281,0.23797325491905214,0.48374420404434204,0.11215368509292603,0.0348604716360569,0.08296841830015182,0.0024674066808074713,0.23244998170994224
533,0.2585456550121307,0.8930838823318481,0.11347976922988892,0.030460187420248985,0.08262092769145965,0.005121330544352531,0.2713711977005005,0.3941264271736145,0.13348281979560853,0.03754691481590271,0.09817170351743698,0.0024738362058997153,0.2716752743348479
534,0.261933833360672,0.6951595902442932,0.12001093327999116,0.03478603884577751,0.0874287724494934,0.004686261527240276,0.23975515067577363,0.40607368648052217,0.11767275035381317,0.024467897415161134,0.08781273663043976,0.0034640666097402574,0.23341745100915431
535,0.2566682755947113,0.6450096607208252,0.11935729682445526,0.030961620062589644,0.08692513406276703,0.005309111624956131,0.23756502270698548,0.3887946605682373,0.11471424400806426,0.035443519800901414,0.08426686376333237,0.0028448224067687987,0.23726944997906685
536,0.25975493490695956,0.8187054693698883,0.1166344404220581,0.02942509055137634,0.08499641120433807,0.004952513799071312,0.25929964482784273,0.38537843227386476,0.12776170670986176,0.03509216159582138,0.0933657392859459,0.00271439990028739,0.2589340074919164
537,0.26276847124099734,0.9578023374080658,0.11535868793725967,0.026896551251411438,0.08377739787101746,0.004587985202670097,0.2575566411018372,0.5188817501068115,0.12367273271083831,0.03139962032437325,0.09087079614400864,0.0027384203858673573,0.24868156956508755
538,0.2648958027362823,0.7850766777992249,0.11960240453481674,0.03263474851846695,0.08712516576051713,0.005194048583507538,0.259652441740036,0.5113891124725342,0.12796592712402344,0.019723449647426606,0.09472771584987641,0.003055246127769351,0.24547233874909583
539,0.2676875412464142,1.015630042552948,0.11390632838010788,0.03569901138544083,0.08259215652942657,0.005116095766425133,0.2431819200515747,0.5176143884658814,0.11550476849079132,0.02897038124501705,0.08608481436967849,0.002452843030914664,0.23301280713640155
540,0.2476849615573883,0.560867178440094,0.11653496772050857,0.032355863600969315,0.08457816392183304,0.004701085109263659,0.2457034856081009,0.46821959018707277,0.11648877561092377,0.037207842618227,0.08591090142726898,0.002577829547226429,0.24218534920364618
541,0.26468737721443175,0.8622395873069764,0.11858401745557785,0.028758880868554115,0.08630557805299759,0.004612732958048582,0.24693692326545716,0.3394800066947937,0.12252550721168518,0.03209590315818787,0.09011726826429367,0.0025443751364946365,0.24728305377066134
542,0.25307961702346804,0.8892717003822327,0.1106474980711937,0.029768892005085944,0.08081764578819275,0.004532884899526834,0.267779541015625,0.48948630690574646,0.12461541593074799,0.05305996239185333,0.09085419178009033,0.002611236972734332,0.271140807075426
543,0.25268744826316836,0.7207979917526245,0.11605996638536453,0.026838624104857444,0.08465854525566101,0.0050194522365927694,0.23031895160675048,0.5301750659942627,0.1088278204202652,0.025237436685711146,0.08114218413829803,0.002442924864590168,0.21765036610886454
544,0.2666851311922073,0.8762583673000336,0.11771012097597122,0.034645361825823784,0.08525956720113755,0.005159691628068686,0.26433041989803313,0.6696704864501953,0.1216245487332344,0.03718255572021008,0.08931124657392502,0.0026396319270133974,0.2507579829543829
545,0.2536194086074829,0.749494194984436,0.11479127407073975,0.031527440249919894,0.0832291692495346,0.00472107557579875,0.23017096221446992,0.44231595993041994,0.1103424683213234,0.02937714010477066,0.0816101685166359,0.002827910054475069,0.224157686997205
546,0.2531622886657715,0.827292287349701,0.11342543363571167,0.025899457931518554,0.08295615315437317,0.004932722263038159,0.2526997089385986,0.5004131436347962,0.12317665666341782,0.024830709397792815,0.09069544225931167,0.0027832252904772758,0.24148603361099957
547,0.2589865505695343,0.7828909277915954,0.11797052770853042,0.02694025933742523,0.08580534756183625,0.0051919837482273575,0.26339280009269717,0.44213409423828126,0.1277989476919174,0.03430810570716858,0.09476328939199448,0.003139627352356911,0.26000997014343735
548,0.25705692172050476,0.776690149307251,0.1155178725719452,0.031769420206546786,0.08433222621679307,0.004975202959030867,0.25757702589035036,0.7037770032882691,0.11922312974929809,0.027318622916936874,0.08800771683454514,0.002996037062257528,0.23754550656303766
549,0.242020907998085,0.7964205503463745,0.1087283581495285,0.022862209752202035,0.0796174794435501,0.004845873452723026,0.24643895030021667,0.5343786597251892,0.11342259645462036,0.042624544352293015,0.08379161059856415,0.00238709794357419,0.2422258493490517
550,0.252066445350647,0.7513055920600891,0.11308096200227738,0.03294197544455528,0.08247647881507873,0.004945463687181473,0.25433591306209563,0.6576149165630341,0.1179081678390503,0.03131880760192871,0.08665312528610229,0.0024689675308763983,0.2383490682579577
551,0.2540991008281708,0.7475630521774292,0.11523357480764389,0.03002203181385994,0.08406959623098373,0.004813531041145324,0.23372637629508972,0.41714379787445066,0.11531545966863632,0.02183883637189865,0.08538208901882172,0.0025044277310371397,0.22504081279039384
552,0.26140576004981997,0.7826398849487305,0.1184189036488533,0.030486220866441725,0.08635669946670532,0.004510082677006722,0.24404006600379943,0.39044534862041474,0.12033354640007018,0.028187656402587892,0.08882655203342438,0.0025277608539909123,0.23987551569007337
553,0.2551702558994293,0.8728983640670777,0.11101934015750885,0.034864336252212524,0.08063061088323593,0.004886444564908743,0.2714644819498062,0.84380122423172,0.12130001187324524,0.033805010840296745,0.08976605981588363,0.0026116980239748954,0.24748278055340053
554,0.25612043738365176,0.9542888402938843,0.1119926929473877,0.0239327497780323,0.08208802044391632,0.004717804864048958,0.2319302201271057,0.34082028865814207,0.11400207728147507,0.03039766475558281,0.08444220274686813,0.0024921810254454613,0.23133412580937146
555,0.2562818855047226,0.8394687056541443,0.11473758965730667,0.026306964829564093,0.0840899482369423,0.004654841218143702,0.23784225583076476,0.4463439702987671,0.11543754190206527,0.025605721026659013,0.08617208898067474,0.0022251298651099205,0.22944048177450896
556,0.25922850966453553,0.8113056600093842,0.1159796103835106,0.03143317960202694,0.0846098780632019,0.004714293777942658,0.23241147100925447,0.42726804614067077,0.11283672153949738,0.026527272909879683,0.08369639366865159,0.0025026371702551843,0.2255630252882838
557,0.26442551910877227,0.8716376781463623,0.11732425689697265,0.03122929744422436,0.0855948120355606,0.004619829449802637,0.24658630788326263,0.42370242476463316,0.11905881017446518,0.0352948397397995,0.08740038126707077,0.00258915526792407,0.2443431864492595
558,0.24501877129077912,0.8970478892326355,0.10792673081159591,0.02268448192626238,0.07865954488515854,0.0044757104478776455,0.24189395904541017,0.4551433801651001,0.11797226071357728,0.02597588673233986,0.08702736794948578,0.0022984500974416733,0.23327396549284457
559,0.2538626044988632,0.701009202003479,0.11784844398498535,0.024440967291593552,0.08637729287147522,0.0047318398021161555,0.22000476121902465,0.5298105001449585,0.10160980522632598,0.02988155335187912,0.07580293864011764,0.002321414835751057,0.20961571205407378
560,0.24886693060398102,0.9683509349822998,0.10777655839920045,0.02283985372632742,0.07894594073295594,0.0046139276586472985,0.22582056522369384,0.3306611835956573,0.11504344046115875,0.014047861099243164,0.08602306246757507,0.0023941395804286,0.2175085036084056
561,0.2531577408313751,0.6995002031326294,0.11713927239179611,0.026942729577422143,0.08541636317968368,0.004311455879360437,0.23084703385829924,0.3778735101222992,0.10933311581611634,0.040564825385808946,0.08109072297811508,0.0024941910058259966,0.23348285518586637
562,0.2497735947370529,0.7617828726768494,0.11325220614671708,0.02665261458605528,0.0827459678053856,0.0047199569642543794,0.22385669648647308,0.3870276153087616,0.11038216054439545,0.022496242448687552,0.08176494389772415,0.0022201927378773688,0.21686353962868454
563,0.25103659331798556,0.712550413608551,0.11584178805351257,0.02459561936557293,0.08484488874673843,0.004849168285727501,0.222360360622406,0.3606376528739929,0.11196794509887695,0.01623754221946001,0.08295509666204452,0.0025733258575201035,0.21373390983790155
564,0.25330584943294526,0.7188184857368469,0.11628308147192001,0.027324445173144342,0.08500469177961349,0.004829839803278446,0.23645313382148742,0.5863124370574951,0.10832532346248627,0.03471716642379761,0.08018573075532913,0.002535757143050432,0.22576397778466345
565,0.25656041204929353,0.7394590139389038,0.11739260852336883,0.027720827236771585,0.08593235611915588,0.004804176278412342,0.2586592614650726,0.5298496007919311,0.1238535299897194,0.03116552084684372,0.09153867065906525,0.0023836391046643257,0.2489413606002927
566,0.25483512580394746,0.7808180928230286,0.11589705944061279,0.025367984548211098,0.08481740951538086,0.004791495576500893,0.22946458756923677,0.5673252940177917,0.10975101590156555,0.017362826317548753,0.08148796260356903,0.002355841267853975,0.21095764609053733
567,0.25139247477054594,0.8873066186904908,0.11087072342634201,0.026051652804017066,0.08086486756801606,0.004531459324061871,0.2497344970703125,0.5132298946380616,0.12109828591346741,0.025061971694231033,0.08919150680303574,0.002504461444914341,0.23785622585564853
568,0.24418301582336427,0.7665622949600219,0.1099479392170906,0.0267337616533041,0.08019349575042725,0.004693163093179464,0.22875774502754212,0.40483626127243044,0.10704827010631561,0.04214985519647598,0.07922140210866928,0.0023426524363458156,0.2307621798478067
569,0.25193735063076017,0.6210737645626068,0.11851096898317337,0.027923402935266496,0.08612262904644012,0.004576720949262381,0.2298087328672409,0.4111826986074448,0.11300337016582489,0.02303865849971771,0.08354495614767074,0.0023638653568923474,0.22195085017010568
570,0.2565178692340851,0.6960042357444763,0.11818057149648667,0.030666761845350266,0.08593243956565857,0.004542521666735411,0.23016705214977265,0.4410735845565796,0.11027765274047852,0.02934683598577976,0.08203891217708588,0.0022467690519988536,0.223910169955343
571,0.26052474677562715,0.8442283034324646,0.11697009652853012,0.02594900280237198,0.085993492603302,0.004750487487763166,0.23673015832901,0.370563805103302,0.11541522145271302,0.030471080169081687,0.08633646667003632,0.002429489092901349,0.2346522573847324
572,0.2554877042770386,0.7959004402160644,0.11635616570711135,0.02376868687570095,0.08492599129676819,0.005052371136844158,0.24103218019008638,0.412530380487442,0.11655570715665817,0.03268429292365908,0.08611918687820434,0.0027772420551627876,0.23813642901368437
573,0.23611155450344085,0.6770843744277955,0.10767143070697785,0.026414969563484193,0.07904603034257889,0.004664775356650353,0.23136239647865295,0.6259529173374176,0.10783883929252625,0.021229806542396545,0.08054579198360443,0.002130404859781265,0.21174484267830848
574,0.2526948183774948,0.7762047648429871,0.11496506482362748,0.024880753085017204,0.08425577133893966,0.0044467438943684105,0.25462669134140015,0.5592659115791321,0.12117261290550232,0.028195452690124512,0.09019677191972733,0.0023925868794322015,0.24195742439478637
575,0.24148195385932922,0.7250683963298797,0.10953453928232193,0.02591953258961439,0.08043291568756103,0.004602623824030161,0.22964167594909668,0.36367976665496826,0.11533383429050445,0.017928588762879373,0.08609390556812287,0.0021313009783625603,0.22148762959986923
576,0.24742397665977478,0.7367020368576049,0.11284825801849366,0.02547827884554863,0.08279995322227478,0.004403029102832079,0.22364181280136108,0.5030860543251038,0.10876757502555848,0.014616638422012329,0.08129098266363144,0.002241271687671542,0.2069164677988738
577,0.24857258796691895,0.6577972531318664,0.1164245530962944,0.02362426184117794,0.08512763381004333,0.004636804666370153,0.22954518496990203,0.276393848657608,0.11376110315322877,0.0328460156917572,0.0844380021095276,0.0022067385725677013,0.23325185952708125
578,0.25259332060813905,0.8683578133583069,0.11095727980136871,0.02900242805480957,0.0813861221075058,0.004661620687693357,0.24648069739341735,0.3609249234199524,0.12068347632884979,0.035831984132528305,0.08851703256368637,0.002635891316458583,0.24766838434152305
579,0.26255980134010315,0.7626185894012452,0.12083808481693267,0.026800235733389854,0.08786650747060776,0.004648332484066486,0.22244840264320373,0.4368380308151245,0.10815253555774688,0.023732035607099532,0.07948785275220871,0.0022001936100423335,0.21357261752709747
580,0.2527496039867401,0.8946560680866241,0.11103319823741913,0.02683418318629265,0.08124646842479706,0.004640081804245711,0.24302732348442077,0.37075998783111574,0.1203182190656662,0.02816413640975952,0.08898789286613465,0.0022022992838174106,0.23967254762537776
581,0.2411237746477127,0.655300521850586,0.1122164011001587,0.023330598324537277,0.08234249651432038,0.004269105335697532,0.24022465348243713,0.4556071043014526,0.11446933597326278,0.034068388864398,0.08479496985673904,0.0022915998473763467,0.23562429454177616
582,0.25259784460067747,0.6053096234798432,0.11924533545970917,0.02737012431025505,0.08709389567375184,0.004616142064332962,0.22868479788303375,0.34607447385787965,0.1142415702342987,0.02233237251639366,0.08486725986003876,0.002212133724242449,0.22365333633497358
583,0.23698686361312865,0.6213991820812226,0.11032523810863495,0.025046472996473314,0.08076708018779755,0.004602693580090999,0.253272807598114,0.4241961479187012,0.125590518116951,0.025041823089122773,0.0927695870399475,0.0023639519698917867,0.24576588021591306
584,0.2501499533653259,0.788891053199768,0.11180740296840667,0.029960813373327254,0.08170463144779205,0.004425924923270941,0.23100517988204955,0.28042283058166506,0.11448990106582642,0.03191879093647003,0.08538667857646942,0.0022961154580116274,0.23409148603677749
585,0.2541144549846649,0.8902767837047577,0.11256428956985473,0.024865858256816864,0.08241987824440003,0.004367026593536138,0.2504742443561554,0.4245999872684479,0.12541325986385346,0.020253803208470346,0.09248831421136856,0.002431533928029239,0.2405869112117216
586,0.2381908565759659,0.5710300743579865,0.1116232454776764,0.028913358226418495,0.08136471062898636,0.004389434168115258,0.24251500368118287,0.5150770902633667,0.11561352759599686,0.027945278212428093,0.0860572561621666,0.0022354719694703817,0.23185153394006192
587,0.23661426603794097,0.550010621547699,0.11282244175672532,0.02275255713611841,0.0826675072312355,0.004495010618120432,0.23235684633255005,0.2986078321933746,0.11577321887016297,0.028484899550676346,0.08621236681938171,0.0023968214867636562,0.23286730672698466
588,0.24021836519241332,0.8376643300056458,0.10449872612953186,0.030898749455809595,0.07621061205863952,0.004352889861911536,0.2206539183855057,0.33647117018699646,0.10924634039402008,0.02588537260890007,0.0805385321378708,0.0022056323476135732,0.2178758774884045
589,0.24392357468605042,0.7298238635063171,0.11203352212905884,0.02188664525747299,0.08225974142551422,0.0043915586546063425,0.22573756873607637,0.3013446033000946,0.11515629440546035,0.01782085597515106,0.08551833033561707,0.0021705754799768327,0.22066605619620533
590,0.2512686401605606,0.780360996723175,0.1135005459189415,0.027105775475502015,0.0830540344119072,0.00428625512868166,0.24297762513160706,0.43601047396659853,0.12046845108270646,0.018575963750481605,0.09022106379270553,0.0023992017842829226,0.23166468041017652
591,0.2524731904268265,0.8832846879959106,0.1110235869884491,0.028107349202036856,0.08101451396942139,0.004434362798929214,0.2476338505744934,0.253624701499939,0.1251271441578865,0.03220405280590057,0.09269329905509949,0.0020602733828127386,0.25208476940169927
592,0.25007788836956024,0.7870159983634949,0.11298536658287048,0.02605363018810749,0.0825554832816124,0.004318868694826961,0.23571187257766724,0.4592906475067139,0.1139254093170166,0.027488899230957032,0.08408939987421035,0.001976147200912237,0.22747985562309622
593,0.2449444890022278,0.671867823600769,0.11341146528720855,0.025221121311187745,0.0831134483218193,0.004431238863617182,0.2248983532190323,0.29234154224395753,0.11407126784324646,0.02130808010697365,0.08448499739170075,0.0021419530734419824,0.22200629841536282
594,0.2457892745733261,0.6941815853118897,0.11355022937059403,0.02455857414752245,0.08310906440019608,0.004283222835510969,0.21350416243076326,0.3315944969654083,0.10579230040311813,0.023260201513767242,0.0784526914358139,0.002098701382055879,0.20960389473475513
595,0.23612839579582215,0.6634603977203369,0.10798092931509018,0.027221214026212692,0.07913015633821488,0.004467371106147766,0.24616351425647737,0.49270808696746826,0.12035318464040756,0.02197505719959736,0.08907777816057205,0.002219253405928612,0.23362527340650557
596,0.25090789794921875,0.785185980796814,0.11254511326551438,0.03005799762904644,0.08192494362592698,0.004299077577888966,0.24636964797973632,0.5006892323493958,0.11598106920719146,0.036755985021591185,0.08573787063360214,0.002476508729159832,0.2409514335915446
597,0.24984177350997924,0.925342607498169,0.10968248844146729,0.022955644875764847,0.08028234094381333,0.004263995680958033,0.23101002275943755,0.37248172163963317,0.11620067954063415,0.017648136615753172,0.08627957254648208,0.002163231559097767,0.22229162026196717
598,0.25282581746578214,0.768275237083435,0.1161031261086464,0.023031053692102434,0.0846218854188919,0.00434302594512701,0.2432054400444031,0.3276751279830933,0.12081006765365601,0.03170934319496155,0.0891277089715004,0.0020584783516824244,0.24370559817180037
599,0.24334439039230346,0.742577850818634,0.11148375123739243,0.020668875053524972,0.08217823952436447,0.004438129998743534,0.2420580804347992,0.3488433241844177,0.12066983878612518,0.027251969277858733,0.08935103267431259,0.001938097458332777,0.2392109381966293
600,0.2444353610277176,0.6864913702011108,0.11321206092834472,0.022883406840264797,0.0832439661026001,0.004426125343888998,0.2576170563697815,0.4257170081138611,0.12559425830841064,0.032609418779611585,0.09331108182668686,0.0022423486225306988,0.2537571075372398
601,0.24350476562976836,0.7257447361946106,0.10965104848146438,0.030402380228042602,0.0801264226436615,0.00447772815823555,0.22778258323669434,0.3856391727924347,0.11303885877132416,0.020709247142076493,0.08402845412492752,0.002157364087179303,0.2199339241255075
602,0.24475421607494355,0.7339371562004089,0.1128365308046341,0.02017981857061386,0.0827952727675438,0.004671293124556541,0.2570654332637787,0.5520740747451782,0.12289263606071472,0.028876002132892608,0.0910203993320465,0.002221403829753399,0.24501044135540723
603,0.24352647066116334,0.6337385773658752,0.11610321104526519,0.017293382808566092,0.08479205518960953,0.0045951689593493935,0.2651024103164673,0.5850232481956482,0.1265547901391983,0.029419556260108948,0.093204465508461,0.0027644451707601546,0.2519432570785284
604,0.25297933220863345,0.7959403276443482,0.11378768384456635,0.0281332828104496,0.08324438482522964,0.004167207609862089,0.2292366921901703,0.44496448040008546,0.11421573013067246,0.013799601793289184,0.08487755358219147,0.0019907718524336815,0.21488365735858678
605,0.24359720051288605,0.6950336933135987,0.11348240077495575,0.020475832000374793,0.08290539681911469,0.004439607635140419,0.22101384103298188,0.27564615607261655,0.11459627449512481,0.011822608858346939,0.08555633276700973,0.0023352332413196565,0.21431044936180113
606,0.25899504125118256,0.845387601852417,0.11682824492454529,0.024041192792356014,0.08563601672649383,0.004481608420610428,0.23630088567733765,0.34413326978683473,0.11798363029956818,0.024062218517065047,0.08785726875066757,0.0024444361217319964,0.23234755368903282
607,0.24021171331405639,0.5983150362968445,0.11230885088443757,0.026685868948698045,0.0824885219335556,0.004311295133084059,0.25266085267066957,0.37318605184555054,0.12364797592163086,0.03592911511659622,0.09127573817968368,0.002226566034369171,0.2530793952522799
608,0.24727699160575867,0.6586459398269653,0.11393232643604279,0.029631662741303445,0.08327084332704544,0.0046513907611370085,0.22556821405887603,0.24878355264663696,0.11690779030323029,0.015499450266361237,0.08730185627937317,0.0023393542505800724,0.22204845109954477
609,0.2507689118385315,0.7772292971611023,0.1142885446548462,0.022980507276952267,0.08386089503765107,0.004535500146448612,0.2568306982517242,0.36629189252853395,0.12639354467391967,0.0348070964217186,0.09339382499456406,0.002650396944954991,0.2572448630351573
610,0.23219028413295745,0.6466272473335266,0.10837906152009964,0.018854656629264353,0.07966767400503158,0.0047697250731289385,0.22982049584388733,0.3908527672290802,0.11393783986568451,0.020746758580207823,0.08476077765226364,0.002411711681634188,0.22185708777979016
611,0.2453014999628067,0.5951940357685089,0.11661193966865539,0.023379077762365343,0.08512593358755112,0.004228763934224844,0.21920622885227203,0.3406857043504715,0.10716584324836731,0.028717344254255296,0.07964203208684921,0.0020108080934733152,0.2175360276829451
612,0.2339886337518692,0.6645275592803955,0.10703389942646027,0.0260300662368536,0.07855616956949234,0.00431430796161294,0.2432502567768097,0.35644465386867524,0.12147398740053177,0.024861456453800203,0.09047368466854096,0.002099242713302374,0.2389083712361753
613,0.24445802271366118,0.6909703373908996,0.1130639061331749,0.023422465473413468,0.08297531008720398,0.004318115301430225,0.23355421423912048,0.3480911195278168,0.1155247688293457,0.028987304866313936,0.08518065214157104,0.0019011721014976501,0.2315938979387283
614,0.23782967031002045,0.6954105138778687,0.10940198600292206,0.022452587634325026,0.08021104633808136,0.004439633898437023,0.21090852618217468,0.36398701667785643,0.10353906899690628,0.020490412041544913,0.0777785062789917,0.002292777504771948,0.20410076482221481
615,0.24669242203235625,0.6061854362487793,0.11536393463611602,0.02978917248547077,0.08393235206604004,0.004384533129632473,0.22328906655311584,0.42993555665016175,0.1076416552066803,0.02536688856780529,0.08036770224571228,0.002198959281668067,0.21557520530186597
616,0.22306419610977174,0.6422380089759827,0.10343810170888901,0.018972915783524513,0.07586399912834167,0.004327474301680923,0.22479237914085387,0.4842633485794067,0.10850903838872909,0.021733956784009932,0.08024569749832153,0.0019149802159518004,0.21240367288701234
617,0.2339300513267517,0.4711765170097351,0.11147823482751847,0.030332540348172187,0.08156575560569763,0.004321932792663574,0.22944556474685668,0.43343871235847475,0.11122098565101624,0.025574824213981627,0.08270912617444992,0.0021121933124959467,0.22161712935194375
618,0.2580202519893646,0.8241273283958435,0.1156340330839157,0.028926561027765273,0.08448906689882278,0.004455022886395455,0.2250442087650299,0.4912806749343872,0.10921737253665924,0.017390596121549605,0.08150767683982849,0.0021196665707975625,0.2102353120688349
619,0.2525357246398926,0.7760848462581634,0.11493225693702698,0.024235234037041663,0.0843775898218155,0.0046080266125500206,0.22500720918178557,0.36912773847579955,0.11032404899597167,0.025477876514196397,0.08249335587024689,0.0019889654591679572,0.22028424683958292
620,0.24500458240509032,0.766830837726593,0.11065347790718079,0.0253948338329792,0.08116942048072814,0.004285459779202938,0.24828658103942872,0.48268637657165525,0.11944380551576614,0.029845855385065078,0.08881956934928895,0.001931939274072647,0.2400411695241928
621,0.23347710371017455,0.5532660007476806,0.11101634204387664,0.023110763728618623,0.08115531951189041,0.004173528216779232,0.21948004961013795,0.3671800851821899,0.11184411644935607,0.008882927056401969,0.08377638012170792,0.0021181801334023477,0.2066216037608683
622,0.23816193342208863,0.7720351338386535,0.1086266040802002,0.018119171261787415,0.0796354129910469,0.004477163963019848,0.23295747637748718,0.5049098670482636,0.11282330751419067,0.020666772872209548,0.08351974189281464,0.0020710806362330913,0.21908090291544796
623,0.24662756323814392,0.6291228055953979,0.11563009321689606,0.025881107524037363,0.08446608483791351,0.004269395768642425,0.2362737238407135,0.44735106229782107,0.11278489828109742,0.031791409105062486,0.08403082340955734,0.00238947132602334,0.23099660212174059
624,0.23292100429534912,0.7792801141738892,0.10425826460123062,0.02144981510937214,0.07674162238836288,0.00446439916267991,0.2335904359817505,0.44433205127716063,0.11226107180118561,0.028617438673973084,0.08374492973089218,0.002118233358487487,0.22674167356453837
625,0.23984305262565614,0.7311869025230407,0.11039074361324311,0.018390970304608345,0.08143825232982635,0.0045184453018009664,0.23236739337444307,0.4195102691650391,0.11462193429470062,0.02030273452401161,0.08537792861461639,0.0024813277181237937,0.22278392515145243
626,0.23855911791324616,0.6477276384830475,0.11213630139827728,0.01858685277402401,0.08245616853237152,0.004573693964630365,0.24129143953323365,0.5610226631164551,0.11679616868495941,0.0168463371694088,0.08671071082353592,0.0026205092668533324,0.22297372594475748
627,0.24064050614833832,0.7304008960723877,0.11027115434408188,0.021992532536387444,0.0806496724486351,0.004406747035682201,0.23832546472549437,0.4174380302429199,0.11705827116966247,0.024578043818473817,0.08703087121248246,0.0021507851779460907,0.23081797137856483
628,0.24819179475307465,0.824877393245697,0.1123414620757103,0.019190615229308605,0.08272349685430527,0.004575336258858443,0.23197346925735474,0.3350904107093811,0.11500900089740754,0.026672866940498353,0.08571379035711288,0.002319445041939616,0.2297151032369584
629,0.24070557057857514,0.5385720908641816,0.11506691128015518,0.024047840014100076,0.08454597741365433,0.004280321858823299,0.23547639846801757,0.391371476650238,0.11559747457504273,0.024682368896901608,0.08686129748821259,0.002215735614299774,0.2293568765744567
630,0.24130575358867645,0.6288793385028839,0.1139124259352684,0.02028831671923399,0.08361751735210418,0.004375356063246727,0.22083469331264496,0.2842560291290283,0.10935759991407394,0.028812184929847717,0.08173613250255585,0.0022441156208515166,0.22215003296732905
631,0.25243873000144956,0.6758487224578857,0.11789848506450654,0.024482394754886627,0.08626865297555923,0.0044759239070117475,0.22858607172966003,0.3392330825328827,0.1121664136648178,0.02938181608915329,0.08370692431926727,0.0021203591953963042,0.22737551326863467
632,0.24670237600803374,0.7085733413696289,0.11379432082176208,0.024048737064003945,0.08328547030687332,0.004339096322655678,0.23366736769676208,0.36807526350021363,0.11954187154769898,0.011439192295074462,0.08891491442918778,0.002174476720392704,0.22207045499235392
633,0.23817581236362456,0.6652630805969239,0.10980636328458786,0.024200037121772766,0.08088884651660919,0.004234852176159621,0.2354198843240738,0.38318251371383666,0.11728706061840058,0.02040330907329917,0.08759307712316514,0.0023579702246934175,0.2276414170395583
634,0.24279645681381226,0.6779621839523315,0.11182767152786255,0.026187512651085855,0.08183617293834686,0.0042814727872610096,0.20518368482589722,0.3977113127708435,0.09908931702375412,0.0214399553835392,0.07450333386659622,0.001970989443361759,0.1970035957172513
635,0.24162157773971557,0.5780117273330688,0.11424919068813325,0.02549559995532036,0.08355755209922791,0.004332912852987647,0.23619593381881715,0.3762964367866516,0.1126361221075058,0.0408495819196105,0.08314116597175598,0.002358042262494564,0.23898491226136684
636,0.2413868635892868,0.7291205525398254,0.1093929722905159,0.026432598382234572,0.08012981116771697,0.004383506160229445,0.21845456659793855,0.27141367793083193,0.11116207242012024,0.018882756307721137,0.0831344559788704,0.002291933912783861,0.21547121861949564
637,0.23332498371601104,0.5869973778724671,0.11047735959291458,0.019613457098603248,0.08150160908699036,0.004378837812691927,0.2377554178237915,0.3332919001579285,0.12010925412178039,0.022549573332071304,0.08856280595064163,0.0022879546042531727,0.2335095880087465
638,0.24744738936424254,0.7752388000488282,0.11124208122491837,0.027049906738102435,0.0816092163324356,0.004618403967469931,0.2348923921585083,0.35401753187179563,0.11903530955314637,0.015190375596284866,0.0894603505730629,0.0022013396956026554,0.22588737541809678
639,0.24358845949172975,0.5926255047321319,0.11407298892736435,0.027898527681827545,0.0837402656674385,0.004389332141727209,0.22902113497257232,0.42403519749641416,0.11310362368822098,0.018355487659573556,0.08452506959438325,0.0020258482545614243,0.2180100291967392
640,0.24766382575035095,0.6731248259544372,0.11534982174634933,0.023802967742085457,0.08465814590454102,0.004196264129132032,0.23464925289154054,0.2602633714675903,0.1210682064294815,0.021871141623705626,0.08847277164459229,0.002319071115925908,0.23373119081370533
641,0.24609164595603944,0.7780971527099609,0.1112472653388977,0.024309544637799264,0.08156731873750686,0.00443486706353724,0.23393725156784057,0.28834528625011446,0.1199696570634842,0.017449413798749445,0.08978655189275742,0.0020781532861292363,0.2292837760411203
642,0.2440071612596512,0.6976367950439453,0.112543785572052,0.023139015585184098,0.08288763016462326,0.004248800873756409,0.23441413342952727,0.3304308295249939,0.11769767701625825,0.022409114986658096,0.08794698864221573,0.0020867212675511836,0.23014050191268326
643,0.23302048146724702,0.5268746554851532,0.11190616935491562,0.02138209789991379,0.08205797076225281,0.004043125500902534,0.2206251561641693,0.3147632271051407,0.11318220496177674,0.013160575553774834,0.084046670794487,0.002155680488795042,0.2125451317988336
644,0.23824564814567567,0.5836222529411316,0.11238880455493927,0.02331235185265541,0.0829495683312416,0.0041399906855076555,0.24807220101356506,0.30423033237457275,0.12864743173122406,0.014130926318466663,0.09606788456439971,0.002159824687987566,0.241006067302078
645,0.23827268779277802,0.6436327397823334,0.11076139658689499,0.02412960510700941,0.08111769407987594,0.004294307064265012,0.24965234994888305,0.3615696310997009,0.1239157497882843,0.029831578582525255,0.09159253537654877,0.0022996093146502973,0.24763947306200862
646,0.22789625823497772,0.6602499067783356,0.10495593547821044,0.021015107445418835,0.07738829702138901,0.004063952714204788,0.23720314502716064,0.29916715025901797,0.12102938741445542,0.021978086233139037,0.08908468335866929,0.002283358387649059,0.2343755153939128
647,0.2356930583715439,0.6890695810317993,0.10858509391546249,0.022304943576455117,0.0793314129114151,0.004341208562254906,0.2373039424419403,0.32787476778030394,0.12117504477500915,0.017181703448295595,0.09011559933423996,0.002057418134063482,0.23052976569160818
648,0.2445278137922287,0.8099087953567505,0.10870750844478608,0.0267323050647974,0.07986979335546493,0.004177831672132015,0.23689577579498292,0.37623761892318724,0.11629944443702697,0.030401724204421044,0.08553814888000488,0.002090887585654855,0.23433020510710775
649,0.23376629054546355,0.5014288663864136,0.11250052005052566,0.02272892966866493,0.08279124796390533,0.00407723062671721,0.2110122799873352,0.341155806183815,0.10548545569181442,0.016887690499424936,0.07896681874990463,0.0021167224273085593,0.20345668736845254
650,0.22949835062026977,0.6340698003768921,0.10616658329963684,0.023784686997532844,0.07767977863550186,0.0041123109869658945,0.2299841046333313,0.26229321360588076,0.11951520442962646,0.014599722996354102,0.08902791887521744,0.00205290075391531,0.2251957470551133
651,0.23990790843963622,0.6688562870025635,0.11149285584688187,0.021656591445207596,0.08198766559362411,0.004312546737492084,0.23344873785972595,0.3935023546218872,0.11518218219280243,0.02374001331627369,0.08563842326402664,0.0021660201717168094,0.22672663894481954
652,0.22706964015960693,0.5020567059516907,0.10962852835655212,0.01904581505805254,0.08073130548000336,0.004168128222227096,0.23280030786991118,0.3197925090789795,0.11459991931915284,0.03239406943321228,0.08502905368804932,0.001969327125698328,0.23399236956611277
653,0.22638683319091796,0.673107385635376,0.10484077036380768,0.017611696384847164,0.07705115228891372,0.004067391809076071,0.2315755844116211,0.28763256371021273,0.11545900255441666,0.030311516672372817,0.0856520876288414,0.00185421253554523,0.23327681939117612
654,0.2180594265460968,0.5826906740665436,0.10232247710227967,0.018600379675626756,0.07536500096321105,0.0038744583260267975,0.24503135979175567,0.3451650857925415,0.12204767316579819,0.028835294395685197,0.09039437919855117,0.001826821151189506,0.24310416791122408
655,0.24542523324489593,0.6333085119724273,0.1153141900897026,0.023560384660959242,0.08462906777858734,0.0040727265179157255,0.22106511294841766,0.316280460357666,0.11043999791145324,0.023205338045954704,0.08227332681417465,0.001870171492919326,0.21778883426450193
656,0.24712374210357665,0.743795382976532,0.11323708593845368,0.023808947950601577,0.08274681270122528,0.004091193526983261,0.2321033626794815,0.38735476732254026,0.11490547358989715,0.021856384351849556,0.08588380366563797,0.00203629732131958,0.22468195892870427
657,0.24600069522857665,0.6774198412895203,0.11394989043474198,0.02479272074997425,0.08370295464992523,0.00416098851710558,0.2301148533821106,0.5144689202308654,0.11170254051685333,0.017227308079600333,0.08314997255802155,0.0018504814710468055,0.213930302625522
658,0.24883206486701964,0.727571165561676,0.11516010314226151,0.02117433976382017,0.0846515342593193,0.00410937936976552,0.23329144716262817,0.2853470891714096,0.11573091149330139,0.032105517014861105,0.08627414256334305,0.001932557485997677,0.23604312855750326
659,0.2436859518289566,0.7107410848140716,0.11258005797863006,0.021061451733112337,0.08283500373363495,0.004406221117824316,0.21991684436798095,0.45631113052368166,0.10889316350221634,0.011420649942010641,0.08152830600738525,0.0019389977445825935,0.20378111719619482
660,0.2305423229932785,0.5939894258975983,0.10955095887184144,0.01733467895537615,0.08052523732185364,0.0041986349504441025,0.24988846182823182,0.42765069007873535,0.1252427101135254,0.020017093420028685,0.0923590674996376,0.0017912017880007624,0.23941007282119245
661,0.2319304406642914,0.6741460800170899,0.10795429795980453,0.018199405819177627,0.07921957820653916,0.0038991157896816732,0.2321389615535736,0.26706278920173643,0.12092263996601105,0.012350373342633248,0.09065524190664291,0.0020655167289078237,0.225993771944195
662,0.2406122475862503,0.6470565915107727,0.11294075399637223,0.020293466001749038,0.08310141563415527,0.004141028132289648,0.2394653707742691,0.3298464298248291,0.12016480714082718,0.02502720132470131,0.0892713114619255,0.0020466479007154705,0.23650996782816947
663,0.2370751231908798,0.530436372756958,0.11465516090393066,0.01905237939208746,0.08417315036058426,0.004397621471434831,0.2267044246196747,0.4491022825241089,0.11219987273216248,0.014585103653371335,0.08373397439718247,0.0020458465442061424,0.21256479732692243
664,0.23941004872322083,0.6751371622085571,0.11136059165000915,0.021425607427954674,0.08145923912525177,0.004241106007248164,0.22912736535072326,0.5177319526672364,0.11042867302894592,0.018556497618556024,0.08250781893730164,0.002052051201462746,0.21354504078626632
665,0.24062675535678862,0.7019832968711853,0.110611954331398,0.022312046959996223,0.08151567429304123,0.004487878922373056,0.23013292253017426,0.3148903876543045,0.1175456091761589,0.016957663744688035,0.08738776296377182,0.001952389976941049,0.2238434258615598
666,0.2265806257724762,0.46416980028152466,0.10979749113321305,0.021601532772183418,0.08070921897888184,0.004129310976713896,0.24408885836601257,0.36840638518333435,0.11930201947689056,0.03407352566719055,0.08818108439445496,0.002297340240329504,0.2438539697788656
667,0.23479243814945222,0.4892949521541595,0.11300897598266602,0.02413342073559761,0.08323797434568406,0.004028068110346794,0.2253168910741806,0.34513535499572756,0.1134809359908104,0.017315871268510818,0.08493005484342575,0.0019824097864329813,0.21770927188917996
668,0.2312883347272873,0.609821105003357,0.10915873050689698,0.01815382167696953,0.08051209449768067,0.004099086066707969,0.2226579487323761,0.3418136537075043,0.11055374741554261,0.02344498485326767,0.08232417404651642,0.001933705760166049,0.21825661207549274
669,0.218233522772789,0.5065304279327393,0.10514474213123322,0.016322946548461913,0.07756755948066711,0.004066457273438573,0.21497842967510222,0.2816987127065659,0.10914236307144165,0.01951683610677719,0.08110088706016541,0.001783681008964777,0.21154376724734902
670,0.22786345481872558,0.5698607861995697,0.10777980983257293,0.019283660873770713,0.079910147190094,0.004077251022681594,0.24571855068206788,0.36381431221961974,0.12304977476596832,0.024123691767454148,0.09144521802663803,0.0019419832155108453,0.24056066777557136
671,0.23454489707946777,0.6372551262378693,0.10872618407011032,0.024230736680328845,0.07975356429815292,0.004174038488417864,0.22391078472137452,0.3788017570972443,0.11050203740596772,0.022383657097816468,0.08230008482933045,0.001953471335582435,0.21713925066869705
672,0.23834813833236695,0.6085566520690918,0.1130138248205185,0.01963430494070053,0.08299701362848282,0.004184627067297697,0.2410332590341568,0.4026131570339203,0.12192811518907547,0.014144994597882033,0.09090794771909713,0.001988079771399498,0.22896913727745413
673,0.2367118239402771,0.5742393493652344,0.11364718675613403,0.01755000129342079,0.08355572670698166,0.004043866554275155,0.23440274596214294,0.454273521900177,0.11290758550167083,0.028171728551387786,0.08377293944358825,0.0018453765660524368,0.22669763006269933
674,0.23470347225666047,0.651705801486969,0.11006227731704712,0.01888868436217308,0.08069360107183457,0.0038359106983989477,0.22362929880619048,0.4179798424243927,0.1090293675661087,0.021102337911725045,0.08217207789421081,0.0019553872756659985,0.21425917064771058
675,0.24006401896476745,0.6611787855625153,0.11198502480983734,0.021442000940442085,0.08230045437812805,0.003997214511036873,0.2394622653722763,0.4691140532493591,0.1177642285823822,0.02032747268676758,0.0870726764202118,0.002011881279759109,0.22717625896912066
676,0.22827751636505128,0.5096091866493225,0.10989872366189957,0.019475314766168594,0.08104300200939178,0.004235347546637058,0.2420036107301712,0.4039725363254547,0.12072104513645172,0.019956111907958984,0.09008184373378754,0.002048107865266502,0.2328071086434647
677,0.2376159757375717,0.786039662361145,0.10644353330135345,0.023708463460206986,0.07802022844552994,0.003991990722715855,0.22015116214752198,0.307928729057312,0.11089413166046143,0.021189925074577332,0.0822810098528862,0.001969236764125526,0.21633430335205048
678,0.24942411482334137,0.8131735682487488,0.1125114917755127,0.023680853098630904,0.08236486911773681,0.004097297787666321,0.22723884284496307,0.2682894170284271,0.11580983251333236,0.02062806561589241,0.08670766204595566,0.0019856960978358986,0.22513125627301633
679,0.22868495881557466,0.7007043719291687,0.10436939150094986,0.020916638150811195,0.07679824382066727,0.004047580156475305,0.2239802211523056,0.34299164414405825,0.11336041390895843,0.015757343173027037,0.08469362109899521,0.0017958860844373703,0.21560726426541804
680,0.23293601870536804,0.7597103714942932,0.10631221383810044,0.016952485032379627,0.07818637043237686,0.003951355023309589,0.23741186559200286,0.4213326096534729,0.11852821409702301,0.01586489863693714,0.08875571340322494,0.002257687784731388,0.2254065139219165
681,0.2375462383031845,0.6218762040138245,0.1121417075395584,0.020625392720103265,0.08187059760093689,0.004254864249378443,0.2240042954683304,0.3397615075111389,0.112506964802742,0.018855809792876245,0.08416581004858018,0.0018310875399038195,0.21735967218410224
682,0.23486632704734803,0.682863986492157,0.10981515347957611,0.0157131927087903,0.08099125921726227,0.004120242828503251,0.2344120293855667,0.2695117473602295,0.1193008542060852,0.025917118042707445,0.0876403123140335,0.002073421096429229,0.23493170565925536
683,0.23151173293590546,0.5419037044048309,0.10951873362064361,0.023741230368614197,0.0809448465704918,0.0041647088713943955,0.22533428072929382,0.4320671796798706,0.11140744537115096,0.015630264580249787,0.08362881392240525,0.0017590351868420838,0.2124255590606481
684,0.23073344826698303,0.5248476266860962,0.11066627055406571,0.019254377856850625,0.0821327731013298,0.0041296739596873525,0.22171805500984193,0.4103257417678833,0.10816153585910797,0.022094815596938135,0.08101270943880082,0.0019602321553975344,0.21322929305024446
685,0.23225268125534057,0.6377914547920227,0.10955329835414887,0.01615769974887371,0.0807957261800766,0.0038704628124833105,0.21453994512557983,0.3833992123603821,0.10629036724567413,0.01636735685169697,0.07983563989400863,0.0021205917932093144,0.20461395578458905
686,0.23433136940002441,0.7347506999969482,0.10701791793107987,0.018987800925970078,0.07905198484659196,0.004060074687004089,0.21789153814315795,0.23827122449874877,0.10788810551166535,0.03372691385447979,0.08033307641744614,0.0017866899259388446,0.2237347857095301
687,0.2505781799554825,0.8403510689735413,0.11219032853841782,0.024076766148209573,0.08237097561359405,0.003921886580064893,0.2244606137275696,0.31415102779865267,0.11321232169866562,0.019767846912145615,0.08465425521135331,0.0020051563158631327,0.21963958013802767
688,0.23475928604602814,0.6180008530616761,0.11045660972595214,0.019802634418010712,0.08142641186714172,0.004149809759110212,0.22305103540420532,0.24541203677654266,0.1156848356127739,0.015358588099479676,0.0864549532532692,0.0019226984120905399,0.2194210753776133
689,0.22997676730155944,0.6469705760478973,0.10776980072259904,0.015929659083485603,0.07985069006681442,0.0040858238469809295,0.21786502301692962,0.30857124328613283,0.11086146682500839,0.015064293518662453,0.08310897201299668,0.0018677495419979096,0.21090248189866545
690,0.2334568440914154,0.5911365866661071,0.10996541976928711,0.022063800878822804,0.08081923127174377,0.004166926862671972,0.23001300394535065,0.3223711311817169,0.115363110601902,0.025450700521469118,0.08488276749849319,0.0018464330583810805,0.2275430116802454
691,0.23455886244773866,0.6640046954154968,0.10928692072629928,0.020162214525043964,0.08003724068403244,0.003906723158434033,0.23736005425453185,0.3366125047206879,0.11957235783338546,0.020961878448724748,0.0894796296954155,0.0019929975969716907,0.2320068635744974
692,0.2280521124601364,0.4891489207744598,0.11128059774637222,0.01630729716271162,0.0820835679769516,0.004153709020465612,0.2476905107498169,0.2757810354232788,0.1250384896993637,0.031279833614826204,0.09210125058889389,0.002243614010512829,0.2506631879135966
693,0.24702895879745485,0.8176923751831054,0.1107618436217308,0.024396815337240696,0.08109056502580643,0.004187042778357864,0.2347428619861603,0.3748169720172882,0.11700152158737183,0.023994993418455124,0.08598868548870087,0.002028604201041162,0.22901380469556898
694,0.22707206010818481,0.63745619058609,0.10673566162586212,0.014944501966238023,0.0789073035120964,0.004168069921433926,0.219646617770195,0.22811852097511293,0.1143711268901825,0.014662982523441314,0.08554456084966659,0.001987009565345943,0.21656567982863636
695,0.23480437994003295,0.658067113161087,0.10949671566486359,0.020756935328245164,0.08002686202526092,0.003997961198911071,0.21381584405899048,0.2608559489250183,0.10899735987186432,0.019359494000673293,0.08118084520101547,0.0018301963806152343,0.21136789545416831
696,0.23180637657642364,0.6436731696128846,0.10743902772665023,0.022161690518260002,0.07912914454936981,0.003947395691648125,0.22340645790100097,0.28674790561199187,0.11336594820022583,0.020517688244581223,0.0845761701464653,0.0017362033948302269,0.22019600998610256
697,0.22446571290493011,0.6771451711654664,0.10405970513820648,0.015064645558595657,0.07703377604484558,0.003965307120233774,0.22849870026111602,0.26365849673748015,0.11422257423400879,0.029954028129577637,0.08509554862976074,0.002041247533634305,0.23131339852698146
698,0.22987570166587828,0.5029131710529328,0.11070405244827271,0.020762166753411294,0.08158945441246032,0.004110911767929793,0.2259575456380844,0.28828383088111875,0.11205188930034637,0.03183648809790611,0.0827017068862915,0.0017430427251383662,0.22833312700968236
699,0.23556922972202302,0.5599291861057282,0.1125734031200409,0.01950509808957577,0.08332074880599975,0.0038521505892276766,0.2234180063009262,0.2537968158721924,0.11430175304412842,0.02050851285457611,0.08525756001472473,0.0018292198423296214,0.2218970457557589
700,0.23141002357006074,0.6153823614120484,0.10974447131156921,0.015986212342977524,0.08090201467275619,0.0040026182308793064,0.22954171299934387,0.23376047611236572,0.1185020461678505,0.02029007123783231,0.08820485323667526,0.0020034911576658487,0.22900046180002392
701,0.24043497145175935,0.5633984446525574,0.11550519168376923,0.019488399289548396,0.08504689931869507,0.003937532193958759,0.21686795353889465,0.2924436092376709,0.10895659774541855,0.021385662257671356,0.08169493079185486,0.0018028206657618284,0.21384001146070658
702,0.24350812137126923,0.7181782901287079,0.11267131716012954,0.020759234204888344,0.08261689692735671,0.0038627519737929107,0.2366741716861725,0.3310557246208191,0.11746456325054169,0.02930953949689865,0.08714483976364136,0.001714420411735773,0.23563336292281747
703,0.23500485718250275,0.6235468864440918,0.11095165908336639,0.018422288447618486,0.08173019289970399,0.0038690447807312013,0.2337520182132721,0.24648645520210266,0.11853979527950287,0.025811634212732314,0.08894308060407638,0.002078022854402661,0.23537253295071422
704,0.2331954538822174,0.49873038530349734,0.1136565387248993,0.01810249574482441,0.08353087455034255,0.004040550859645009,0.23987266719341277,0.2872794151306152,0.12154761254787445,0.028156822174787523,0.0889007031917572,0.0019639164209365846,0.24056905433535575
705,0.23331687450408936,0.5437817394733429,0.11209143549203873,0.018992019817233086,0.08257251381874084,0.003935646032914519,0.2332645058631897,0.38735891580581666,0.1171488732099533,0.017929030768573283,0.08686421364545822,0.001837924076244235,0.22378004170022903
706,0.23740509152412415,0.7111390233039856,0.11010604649782181,0.01760017592459917,0.08093646317720413,0.004011077806353569,0.22734081447124482,0.31071224212646487,0.11410001516342164,0.022934964299201964,0.08529356569051742,0.0018882713979110123,0.22421681655105205
707,0.23194193542003633,0.5772988796234131,0.11088977605104447,0.01667507253587246,0.08184656351804734,0.004006241261959076,0.2266053557395935,0.3368262052536011,0.11392113864421845,0.01983278840780258,0.08507629185914993,0.0017004213063046337,0.22053064021747557
708,0.23072310090065,0.5438313364982605,0.11017646938562393,0.0208844056352973,0.08097852617502213,0.0038686647545546292,0.2314816802740097,0.4192187488079071,0.11233340799808503,0.027077580988407134,0.08381493836641311,0.0016671979334205388,0.2248931252863258
709,0.23884483873844148,0.6485439002513885,0.11204872727394104,0.01963689848780632,0.08259059488773346,0.00391974076628685,0.21624407172203064,0.3133739411830902,0.1102242648601532,0.013345767371356487,0.08281798362731933,0.0017204945906996727,0.2081085104495287
710,0.22331730425357818,0.5939663767814636,0.10575509965419769,0.015489603951573372,0.07822328954935073,0.003791596367955208,0.22251680195331575,0.25153566598892213,0.1145517498254776,0.01848895736038685,0.08527443408966065,0.0017387098399922253,0.2200538511155173
711,0.24348570108413697,0.6282520294189453,0.11563559472560883,0.018163065239787102,0.08541128486394882,0.0038893640507012607,0.22410492300987245,0.24091850519180297,0.1153616189956665,0.019121857732534407,0.08622093796730042,0.0018310374580323696,0.2225354521535337
712,0.23766426742076874,0.7638420224189758,0.10841560065746307,0.0179734967648983,0.08005867004394532,0.004022281244397163,0.23668390810489653,0.2945930242538452,0.11945492923259735,0.025380724295973777,0.08896622210741043,0.001685456931591034,0.23548733256757257
713,0.23434517085552214,0.6622620105743409,0.10883719474077225,0.020339668914675712,0.08022164702415466,0.004006779240444303,0.21810419857501984,0.29920161664485934,0.10949527025222779,0.023613718524575233,0.08086050003767013,0.001962945144623518,0.21593243395909667
714,0.23022099137306212,0.649135160446167,0.10731094032526016,0.01842336542904377,0.0792923852801323,0.0038984464015811683,0.20042288303375244,0.2653053939342499,0.10147854089736938,0.01744088586419821,0.0760808378458023,0.0017555688507854938,0.19675583345815537
715,0.21426745653152465,0.43590782284736634,0.1044619396328926,0.018039548210799693,0.07708895802497864,0.0038027842063456775,0.2342840999364853,0.29632484912872314,0.1202275276184082,0.017739082500338555,0.08957570791244507,0.0015901757404208183,0.22913249377161263
716,0.228045991063118,0.6432934880256653,0.10685186833143234,0.01689046695828438,0.07867237627506256,0.003823677031323314,0.2249857485294342,0.2736098408699036,0.11558424830436706,0.016740734875202178,0.08641575872898102,0.001869778148829937,0.2206105200573802
717,0.23203109204769135,0.5918140888214112,0.10959719568490982,0.020266671665012836,0.08073941916227341,0.003940869634971022,0.24167898893356324,0.3934757947921753,0.12149263322353362,0.01727738343179226,0.09096179455518723,0.0018241631798446179,0.23155597439035774
718,0.21270293295383452,0.504860919713974,0.10257915556430816,0.014714697189629079,0.07565921247005462,0.0037283411249518393,0.23033335208892822,0.281082421541214,0.11759011745452881,0.020335648953914643,0.08756548762321473,0.0019116119015961885,0.22740286593325437
719,0.23147856891155244,0.6227007985115052,0.10756193995475768,0.02406601160764694,0.0788077473640442,0.0038816630840301514,0.22234371304512024,0.3781063973903656,0.10937609672546386,0.02233719453215599,0.08190571218729019,0.001975996606051922,0.21559500005096194
720,0.22646694183349608,0.6090452373027802,0.10565303564071656,0.020761715620756148,0.07803395837545395,0.0038936516735702752,0.23112182021141053,0.31212676763534547,0.11569361835718155,0.024425094947218895,0.0866533637046814,0.0019119068747386336,0.2286839838838205
721,0.23402367234230043,0.7022991001605987,0.10778087377548218,0.019802939146757126,0.07920083850622177,0.004051082022488117,0.22746616303920747,0.266642701625824,0.11687421947717666,0.01838248036801815,0.08704095929861069,0.0020552128087729217,0.22435287195257841
722,0.23753025531768798,0.544151508808136,0.11319519877433777,0.02418285943567753,0.08305027931928635,0.0039715416263788935,0.2110632210969925,0.27740541100502014,0.10696270763874054,0.017898088693618773,0.08029719144105911,0.0019680198282003404,0.20712600760161876
723,0.23376630544662474,0.5804363787174225,0.11121876686811447,0.01933353245258331,0.08192618191242218,0.0038655385375022887,0.2169433832168579,0.2854432225227356,0.10935132205486298,0.02158133275806904,0.08161053359508515,0.001837389962747693,0.21438057837076485
724,0.2252265155315399,0.5311707735061646,0.10823845267295837,0.017159561067819594,0.0799200639128685,0.0038593622855842115,0.2334296941757202,0.40869119167327883,0.11604451835155487,0.019054973870515822,0.08654336333274841,0.00175953961443156,0.22340239516925067
725,0.23222509920597076,0.6697368323802948,0.1078852966427803,0.018653513863682747,0.07951652854681016,0.004019338637590408,0.22671052515506745,0.2640311598777771,0.11580519378185272,0.019933807104825972,0.08689604252576828,0.0016816568560898304,0.22431670026853684
726,0.22960985600948333,0.6080212533473969,0.1081165224313736,0.018906323984265328,0.07962780296802521,0.0040226134471595286,0.24252006113529206,0.33304219245910643,0.12312687635421753,0.01946219280362129,0.09213735014200211,0.0017452731728553772,0.2364716924726963
727,0.24003151059150696,0.8054695665836334,0.10844285488128662,0.018297749757766723,0.08019686788320542,0.003938876697793603,0.2266946017742157,0.4090547561645508,0.11212922185659409,0.018039215356111526,0.08415712565183639,0.0018718256149441003,0.21619738847948608
728,0.21809415221214296,0.5217984199523926,0.10417614579200744,0.018448852747678757,0.07667036205530167,0.0038665973115712404,0.220806023478508,0.275073379278183,0.11279797852039337,0.018167371675372124,0.08427776098251342,0.0017858422826975584,0.2170289534609765
729,0.23211323618888854,0.5586934864521027,0.1112358883023262,0.017846229672431945,0.08208993226289749,0.0038592629134655,0.22450776696205138,0.3615033447742462,0.11423806548118591,0.010097568482160568,0.08638542294502258,0.0015206402633339167,0.212241697171703
730,0.226088085770607,0.71723473072052,0.10311281234025955,0.01792295426130295,0.07624133676290512,0.003821452567353845,0.22507635056972503,0.3574069976806641,0.1122988522052765,0.019616697821766137,0.08422082513570786,0.0017559824045747519,0.21789235756732525
731,0.2245243549346924,0.6254318475723266,0.10515950322151184,0.0173758327960968,0.0775488406419754,0.0037129987962543965,0.216324383020401,0.2627647876739502,0.10997078716754913,0.021361477300524713,0.08179603666067123,0.0014771559275686742,0.21460545705631373
732,0.22144072949886323,0.5631367027759552,0.10568566471338273,0.015482472069561482,0.07796687185764313,0.0037802405189722777,0.23645564615726472,0.30791873931884767,0.12276577353477477,0.011869382299482822,0.0915069729089737,0.0017045641783624888,0.22784669292159376
733,0.23230060636997224,0.753095006942749,0.10607483834028245,0.016757822409272195,0.0782706767320633,0.0038428558502346276,0.22765743732452393,0.267569375038147,0.11487872898578644,0.025336946174502373,0.08580494374036789,0.0018536311574280262,0.22787425005808476
734,0.23002073168754578,0.6388136148452759,0.10829762369394302,0.015330669470131397,0.08018369525671006,0.0038667852524667977,0.22900111377239227,0.37112836837768554,0.1140660136938095,0.018609054014086725,0.0861021637916565,0.001943970425054431,0.22072120192460715
735,0.22306209206581115,0.619992983341217,0.10540388822555542,0.013916883803904056,0.07777186781167984,0.0038564872927963735,0.21815576553344726,0.264728045463562,0.11235034465789795,0.014981558173894882,0.08412830382585526,0.001899881986901164,0.21336008864454925
736,0.23185667097568513,0.6536853909492493,0.10837088525295258,0.017305129580199717,0.0802109494805336,0.0038760080002248286,0.2551900178194046,0.49154103100299834,0.12541996389627458,0.023415420204401016,0.09258966594934463,0.0017912457464262844,0.24321629579644652
737,0.23393436670303344,0.61854487657547,0.10924108922481537,0.022793779708445074,0.08041230887174607,0.0039136616047471765,0.24145593643188476,0.33641438484191893,0.12419043481349945,0.013151717185974122,0.09294634759426117,0.001845133677124977,0.23213363327085973
738,0.23975334763526918,0.6314858555793762,0.11438367217779159,0.015152647718787193,0.08421745002269745,0.004003220843151212,0.230489182472229,0.1999833792448044,0.12100876569747925,0.01589195355772972,0.09059732556343078,0.0018758860882371665,0.2293739309068769
739,0.23076329827308656,0.5728641629219056,0.10982458144426346,0.01950033809989691,0.08055471032857894,0.0039812664501369,0.24331585168838502,0.2267552763223648,0.12571685314178466,0.024289453774690627,0.09322701841592788,0.0017789761535823346,0.2450123014859855
740,0.22664690911769866,0.6176488041877747,0.10614354312419891,0.018900068104267122,0.07826106995344162,0.0038196500856429337,0.2137242466211319,0.27197654247283937,0.10837527513504028,0.01930255051702261,0.08112038075923919,0.0019569645170122384,0.21075517092831433
741,0.2288494735956192,0.616178572177887,0.10793804973363877,0.017267191037535667,0.07953594028949737,0.003865925269201398,0.22899445593357087,0.27845525145530703,0.11728881001472473,0.017512669414281846,0.08808406740427017,0.0018849801039323212,0.2247705269372091
742,0.22426843643188477,0.5596533358097077,0.10653401911258698,0.019312857091426848,0.07817676067352294,0.003837111033499241,0.20173655748367308,0.3152960419654846,0.10075767040252685,0.017748603224754335,0.07546872347593307,0.0017421324737370014,0.19571712957695125
743,0.23600926995277405,0.584343957901001,0.11153548806905747,0.02280277628451586,0.08188133388757705,0.003947712108492851,0.2372837096452713,0.3765899300575256,0.11904961764812469,0.018956877291202545,0.08899227678775787,0.001867763022892177,0.22886653474997729
744,0.2428598463535309,0.5390580475330353,0.11744096875190735,0.020437888987362384,0.08633518069982529,0.0038237047847360373,0.21697352230548858,0.30007757544517516,0.11059395670890808,0.016119423508644103,0.08247338086366654,0.0016851871740072965,0.210871948255226
745,0.23464031219482423,0.7018052577972412,0.10887816995382309,0.017033483274281024,0.0802347406744957,0.0038408071268349886,0.2251751571893692,0.33274091482162477,0.11304868906736373,0.019916191324591638,0.0847097247838974,0.001643206155858934,0.21931781133171172
746,0.22435373067855835,0.6008297562599182,0.10627335011959076,0.015240087173879147,0.07844642549753189,0.003944852808490396,0.22670117318630217,0.24359843730926514,0.11580023318529128,0.022334232181310653,0.08658456653356553,0.00193867152556777,0.2266577034257352
747,0.22837983667850495,0.577636432647705,0.10799890905618667,0.019195941835641862,0.07987584173679352,0.004050581995397806,0.22612234354019164,0.3275054097175598,0.11123347580432892,0.030655501410365105,0.08231522589921951,0.001741219754330814,0.22594542286824434
748,0.23409030437469483,0.590546476840973,0.11083774864673615,0.02065250985324383,0.08149527758359909,0.0038074055220931767,0.1883630096912384,0.30885260105133056,0.09251898229122162,0.019675356894731523,0.06974762529134751,0.001632171869277954,0.1835741363465786
749,0.22444270849227904,0.5392507195472718,0.1078082114458084,0.015576272271573544,0.07999193966388703,0.0037837796844542027,0.2192164033651352,0.36078125834465025,0.10993689596652985,0.017569689266383647,0.08160613477230072,0.001698926044628024,0.21081164604984223
750,0.2295476973056793,0.5604015350341797,0.11055091619491578,0.016242174431681633,0.08091623932123185,0.00387875777669251,0.2055734783411026,0.2602748453617096,0.10446461290121078,0.017146306671202184,0.07866526693105698,0.001713409274816513,0.20198959577828646
751,0.22889866232872008,0.6604724705219269,0.10645090341567993,0.018041311390697957,0.078548963367939,0.0037090438418090343,0.22307054400444032,0.20063381791114807,0.11803693175315857,0.012583838775753975,0.08786836713552475,0.0016832614317536354,0.2201723990961909
752,0.22999223470687866,0.6531158208847045,0.1075473114848137,0.01765656191855669,0.07908461838960648,0.0037524548824876547,0.20612558722496033,0.3254249095916748,0.10328777581453323,0.015495087951421738,0.07797508835792541,0.0016878755763173104,0.19844582770019767
753,0.22881957590579988,0.5828304469585419,0.10851074308156967,0.018493431434035302,0.08001562654972076,0.0038099460303783416,0.22390756905078887,0.30097665190696715,0.11412492990493775,0.017833944410085678,0.08496543616056443,0.0017028003931045532,0.2186271108686924
754,0.23031822144985198,0.5976833403110504,0.10899877697229385,0.01884364690631628,0.08020665198564529,0.0036135957576334476,0.22391120791435243,0.3758216887712479,0.11174574792385102,0.017053185403347014,0.0839565321803093,0.0017824785318225622,0.21453794403932988
755,0.2210221081972122,0.504721075296402,0.1062799870967865,0.018763083219528198,0.07818937748670578,0.0038702982477843762,0.2418963521718979,0.2667652010917664,0.12305851578712464,0.02708260640501976,0.09117102026939392,0.0015744962263852357,0.24288663868792354
756,0.21768434345722198,0.4636126279830933,0.10653900057077408,0.015475310757756234,0.07835243046283721,0.0037492545787245037,0.22791946530342103,0.3564694285392761,0.1155104398727417,0.01324935518205166,0.08706131279468536,0.0017991201486438513,0.21762022799812258
757,0.22148803174495696,0.5375203907489776,0.10674564987421035,0.014026708155870437,0.07897885292768478,0.003748317854478955,0.22643243074417113,0.2878364324569702,0.1144315168261528,0.021880194172263147,0.08582870811223983,0.0016805802239105105,0.22382099933456628
758,0.23212721943855286,0.610297417640686,0.10968073904514312,0.01875129584223032,0.08067932575941086,0.0037532580085098744,0.2217017114162445,0.24917687773704528,0.11316179037094116,0.021322955004870893,0.08461874574422837,0.001601693918928504,0.22070518503896894
759,0.21485377550125123,0.6026210248470306,0.10033014118671417,0.01653993558138609,0.07423396557569503,0.0037773003801703452,0.2303622454404831,0.25289818048477175,0.11879711747169494,0.01850417982786894,0.08877122849225998,0.0017938082106411456,0.227866334002465
760,0.23816325664520263,0.6965888738632202,0.10983743369579316,0.021913645230233668,0.08064177632331848,0.0037955647334456445,0.2307495206594467,0.2097826451063156,0.12171719670295715,0.013026914745569228,0.09115003943443298,0.001759398146532476,0.22765354902949184
761,0.22444308698177337,0.5515067160129548,0.10599945932626724,0.021566935535520314,0.0781912475824356,0.003787156008183956,0.2088206946849823,0.2561110556125641,0.10611632913351059,0.018707264214754105,0.07970090359449386,0.001688529783859849,0.2062130267266184
762,0.23549861907958985,0.5649109899997711,0.11230107694864273,0.020759731717407703,0.08269936293363571,0.0037455346900969744,0.22117890119552613,0.33440870642662046,0.10906038582324981,0.026643912494182586,0.08123420625925064,0.0016838568029925228,0.21862236137967553
763,0.22580038607120514,0.6167301774024964,0.10619191974401473,0.017367792874574663,0.07814105004072189,0.003894029976800084,0.22849214375019072,0.23545400500297547,0.11714855432510377,0.02207794934511185,0.08772630244493484,0.0016112021869048477,0.2285640083020553
764,0.23119658827781678,0.6815256178379059,0.10779202878475189,0.015695421770215035,0.0795496866106987,0.0038617697544395925,0.23932539224624633,0.24758967161178588,0.12186174094676971,0.028052012622356414,0.09027769267559052,0.0015609275083988904,0.24175237375311553
765,0.22528262734413146,0.6565124273300171,0.10567398369312286,0.014470046758651734,0.07773096114397049,0.003634068928658962,0.21691330075263976,0.2150127649307251,0.11092067062854767,0.022841588780283927,0.08298893421888351,0.0016645443392917514,0.21841573796700686
766,0.23299203515052797,0.6306845784187317,0.10962710678577423,0.018811565451323987,0.08057486712932586,0.0037000942043960094,0.23344284892082215,0.26738802790641786,0.11565746665000916,0.035570405051112176,0.08582531064748763,0.0016109461663290857,0.23866412851493807
767,0.2348058968782425,0.5735451400279998,0.11326444298028945,0.014462525025010109,0.0837093472480774,0.0038471864070743324,0.23031648695468904,0.3604110062122345,0.11517625898122788,0.02039208374917507,0.08617912083864213,0.0014890364138409496,0.22323649998288603
768,0.23944715559482574,0.682296198606491,0.11123454570770264,0.02077847346663475,0.08177751153707505,0.0038620936684310436,0.2125024378299713,0.25298200249671937,0.10907139778137206,0.016763876006007195,0.08154508173465728,0.0017098215874284505,0.20909017710946498
769,0.22410001754760742,0.4980288088321686,0.10863377898931503,0.017367559112608434,0.07994235903024674,0.0038773208390921353,0.2096245050430298,0.28132411241531374,0.10871019512414933,0.008584189042448998,0.08173114061355591,0.001649722969159484,0.20067524774931372
770,0.22105345726013184,0.5853551864624024,0.10423222035169602,0.016959782876074313,0.07722849696874619,0.0036901703104376795,0.2357860267162323,0.2647005021572113,0.12107967138290406,0.020299996994435788,0.09037335962057114,0.0018959320150315762,0.23364896001294255
771,0.23109808266162873,0.6616311371326447,0.10736982226371765,0.01993332542479038,0.07881044447422028,0.003739188751205802,0.22360060811042787,0.2810333788394928,0.11487444639205932,0.01639302372932434,0.08567801564931869,0.0015999339520931244,0.21854541972279545
772,0.2296678602695465,0.6252058148384094,0.10780471116304398,0.0178827915340662,0.07976207733154297,0.0037987688556313515,0.2240070402622223,0.39645875096321104,0.10977831482887268,0.02233896292746067,0.08241215199232102,0.0016483009327203034,0.2161777306813747
773,0.23793269097805023,0.635177057981491,0.11169910877943039,0.02100498229265213,0.08209010064601899,0.003764272527769208,0.22317211627960204,0.2695687711238861,0.11365287303924561,0.02052643559873104,0.08500542640686035,0.0015443267999216913,0.22072906184475868
774,0.2278623938560486,0.5709805369377137,0.10850890576839448,0.018085572682321072,0.07987929284572601,0.003764771018177271,0.2187945544719696,0.2498060643672943,0.11101859509944915,0.022870126366615295,0.08302593678236007,0.0016493017319589853,0.21856395998038353
775,0.22664618194103242,0.5978042364120484,0.10687812119722366,0.017329427786171435,0.07933084964752198,0.0037645721342414616,0.23250748813152314,0.2641983449459076,0.11891627907752991,0.022121019661426544,0.08852905333042145,0.0015834735240787268,0.23114982559345665
776,0.23211528956890107,0.7200476229190826,0.10676784813404083,0.0177821796387434,0.07853574752807617,0.0038364385720342396,0.22814079523086547,0.24932430684566498,0.11835325062274933,0.015220579504966737,0.08870506286621094,0.0020119558554142713,0.22429084884934128
777,0.23106323182582855,0.735770720243454,0.104799023270607,0.02031490970402956,0.07746289968490601,0.003710632212460041,0.23350645303726197,0.24147632718086243,0.11702583730220795,0.03373410329222679,0.08671502023935318,0.001649424317292869,0.23912438515108078
778,0.22465531527996063,0.61931032538414,0.1045282945036888,0.02065251711755991,0.07703216224908829,0.003606159007176757,0.2171081632375717,0.2758232831954956,0.11127005219459533,0.015437567234039306,0.08351930528879166,0.001617726287804544,0.21184465100523087
779,0.23640534281730652,0.6632657527923584,0.11130792796611785,0.016259845346212387,0.08196309506893158,0.003682225616648793,0.22725859880447388,0.31184815168380736,0.11615244150161744,0.01510679442435503,0.08713426887989044,0.0016521615674719215,0.2200456663733348
780,0.2344630092382431,0.53720703125,0.1138616144657135,0.015562919154763221,0.08416199237108231,0.0035951800644397737,0.24047308564186096,0.31047323346138,0.12235369682312011,0.020768381655216217,0.09133897870779037,0.0017451146384701132,0.2362061718245968
781,0.22775551676750183,0.5541261315345765,0.10841467678546905,0.01987338736653328,0.07978955060243606,0.0038165664300322533,0.21512213349342346,0.2671606183052063,0.10969749838113785,0.019435383006930353,0.08156194537878036,0.0015739117516204715,0.21226873851846903
782,0.22339703142642975,0.499832546710968,0.10834187418222427,0.01674385815858841,0.07982471585273743,0.0037337799090892076,0.20714365243911742,0.27818195819854735,0.10619945079088211,0.014472011476755142,0.0790027916431427,0.001592595549300313,0.20126684946008025
783,0.22340214848518372,0.5613788485527038,0.10652629435062408,0.016641165502369402,0.07863282263278962,0.003707005735486746,0.224136820435524,0.22115814685821533,0.11389826834201813,0.026771482825279237,0.08499144464731216,0.0016069496516138316,0.22726814546622337
784,0.2303365647792816,0.48127167820930483,0.11202324479818344,0.01970229595899582,0.08247973173856735,0.003837712435051799,0.22833289206027985,0.399700927734375,0.11250742077827454,0.021583506464958192,0.08423728793859482,0.0016227526124566794,0.21995096779428422
785,0.2219343215227127,0.49952003359794617,0.10779136568307876,0.014689498394727708,0.07985657453536987,0.003931270539760589,0.22808530330657958,0.29820903241634367,0.11532213389873505,0.021464237198233604,0.08624162226915359,0.0017579795327037572,0.224785972898826
786,0.23139892816543578,0.5624653816223144,0.1108581468462944,0.017977042868733407,0.08157189190387726,0.0037141933105885984,0.223501580953598,0.29048640131950376,0.11541821360588074,0.013379199057817459,0.08608607649803161,0.001566743920557201,0.21645023308228703
787,0.23300154507160187,0.6126376211643219,0.11135614663362503,0.013552278187125922,0.08239752352237702,0.0036797101143747567,0.22158026397228242,0.2939278304576874,0.11258675456047058,0.016993754357099534,0.08495070338249207,0.0016990714240819216,0.2162302837241441
788,0.22837525606155396,0.6746280908584594,0.10646384358406066,0.015214340016245841,0.07877379953861237,0.0035980883985757828,0.21119956970214843,0.3261048197746277,0.10597475469112397,0.01788143590092659,0.07919691652059554,0.0015638619661331177,0.20461696907877922
789,0.22490687072277069,0.6100756764411926,0.10569870918989181,0.018156304582953454,0.07777636051177979,0.00369972656480968,0.20706942081451415,0.24724382758140565,0.10496558398008346,0.021465772390365602,0.07819157987833023,0.0016343590337783097,0.2062572952825576
790,0.23194461464881896,0.6285108804702759,0.10932333320379257,0.01676084063947201,0.0809519574046135,0.003726717922836542,0.2217904359102249,0.23747177720069884,0.11396147459745407,0.019489103555679323,0.08541886061429978,0.0015838910592719912,0.22045332982670512
791,0.22401311099529267,0.5467596650123596,0.10739644765853881,0.016406911239027978,0.07921188026666641,0.0037266961764544247,0.23316344022750854,0.2839188873767853,0.11972675621509551,0.01882239934056997,0.08897964060306549,0.0016997967613860965,0.22922859292011707
792,0.22032029628753663,0.4531609058380127,0.10686717033386231,0.019236205704510213,0.07933369874954224,0.003686554590240121,0.23394499123096466,0.28683176040649416,0.11916659474372863,0.022856422141194342,0.08816597014665603,0.001685250597074628,0.23187423762865364
793,0.22470194697380066,0.5973451375961304,0.10593386292457581,0.01764087490737438,0.0782882735133171,0.003584219282492995,0.2180848687887192,0.24131818115711212,0.11332367062568664,0.01319800466299057,0.08527667373418808,0.0016392116434872151,0.21343756066635253
794,0.23480719923973084,0.6951620221138001,0.10965419858694077,0.014806116744875909,0.0810869887471199,0.003809697926044464,0.21090010106563567,0.22662172615528106,0.10927599370479583,0.015485080145299434,0.08176904916763306,0.0015628809574991464,0.20809300397522748
795,0.22962589859962462,0.5953937411308289,0.10914456993341445,0.015766770206391813,0.08094118982553482,0.0037741366773843764,0.204644376039505,0.24130716919898987,0.10471628904342652,0.017300500348210335,0.07842023223638535,0.0015844931825995446,0.20202151481062172
796,0.21398559510707854,0.39904350638389585,0.10578749179840088,0.017070483416318893,0.07788843959569931,0.0036444938741624355,0.21694698929786682,0.24675039052963257,0.11233445703983307,0.015100894682109355,0.08391583114862441,0.001617505121976137,0.21296868799254298
797,0.23790673911571503,0.7044894874095917,0.11005530655384063,0.019303062558174135,0.08104961216449738,0.003851626580581069,0.22473084032535554,0.2506407290697098,0.115464249253273,0.020887403190135954,0.08552206605672837,0.0015375631162896752,0.22341128161642698
798,0.2189256727695465,0.48574132919311525,0.10477516502141952,0.021327970549464226,0.0772986501455307,0.0038016117643564938,0.21084086298942567,0.2782294511795044,0.10701611489057541,0.017660803347826003,0.08018027693033218,0.0018051868071779608,0.20666238197591155
799,0.2240034431219101,0.5674307823181153,0.10704687833786011,0.015311061218380929,0.07899690568447112,0.003865196229889989,0.22337048053741454,0.1943562388420105,0.11699396967887879,0.016537801548838615,0.08748620003461838,0.001807224377989769,0.22282519564032555
800,0.23495036363601685,0.5449752867221832,0.11195904463529587,0.022647444158792496,0.0824782520532608,0.003881156211718917,0.22091527581214904,0.2421473741531372,0.11448245644569396,0.015505735576152802,0.08583125174045562,0.0014826871920377016,0.2173021309543401
801,0.21994817852973939,0.5356389820575714,0.10527627915143967,0.015840522572398187,0.07810071855783463,0.0037379422690719368,0.21459146440029145,0.3190303176641464,0.10756610929965973,0.020071464031934737,0.08033327013254166,0.0014096723403781652,0.2093805158045143
802,0.2285726100206375,0.5729948103427887,0.1091966450214386,0.015798844024538995,0.08099323958158493,0.0036671072710305454,0.22593990564346314,0.25689836740493777,0.11467996835708619,0.024556342512369156,0.08528508841991425,0.0017035129247233271,0.2262249122140929
803,0.23014223277568818,0.6954328715801239,0.10607576221227646,0.017871736921370028,0.07857931554317474,0.003559291362762451,0.23340028822422026,0.22622101306915282,0.12117636054754258,0.021364490501582623,0.08932709246873856,0.0018070841673761607,0.23367502768523993
804,0.21842606067657472,0.5495784878730774,0.104019033908844,0.01674717981368303,0.07679792940616607,0.003513152617961168,0.19691139161586763,0.25266000628471375,0.10107389241456985,0.012245649844408036,0.07635408043861389,0.0014552112435922027,0.191128833941184
805,0.2214188039302826,0.5555229365825654,0.1052683562040329,0.01751374788582325,0.07772068828344345,0.0037934784311801197,0.20057397186756135,0.21614749133586883,0.10174309015274048,0.02262735366821289,0.0758722886443138,0.0016750694951042533,0.20191780196037146
806,0.22349311411380768,0.49225064516067507,0.10760372132062912,0.02007136270403862,0.0793638363480568,0.0037546894047409294,0.20965344309806824,0.2358708769083023,0.10613864362239837,0.022578071802854538,0.07966733872890472,0.0015297821490094065,0.20991383630316704
807,0.2274572044610977,0.5142407536506652,0.11007225960493087,0.017208632826805115,0.08129995316267014,0.003537281323224306,0.21691936254501343,0.259135103225708,0.10917151421308517,0.023283021710813045,0.08227865844964981,0.0017418297007679938,0.21647502407431604
808,0.22290250062942504,0.6567159295082092,0.10319118350744247,0.01799445040524006,0.07609334737062454,0.003569892141968012,0.21293096840381623,0.25245129466056826,0.10863682776689529,0.018575707077980043,0.08164409548044205,0.0014792504720389844,0.21033588079735635
809,0.22170795798301696,0.5045443296432495,0.10805392414331436,0.013717469573020936,0.0796992003917694,0.0037377651780843733,0.2088507205247879,0.2638221561908722,0.10653353333473206,0.016605587676167488,0.08002795726060867,0.0015906641259789468,0.20475774239748715
810,0.23569974899291993,0.5910597324371338,0.11239171624183655,0.01803760025650263,0.08288829326629639,0.003695916011929512,0.2145923137664795,0.22735873162746428,0.11216625571250916,0.011826804280281067,0.08434836119413376,0.0015927121508866548,0.20993413333781066
811,0.22909023761749267,0.5382516980171204,0.11087382733821868,0.015216979384422302,0.08181173056364059,0.0037671937607228756,0.2063448816537857,0.2528838276863098,0.10293351113796234,0.025106539949774742,0.07742426246404648,0.001579278102144599,0.20704359165392816
812,0.2206137001514435,0.5296400308609008,0.10614640265703201,0.015257674641907215,0.07850243002176285,0.0037080623675137757,0.21560514569282532,0.2874300956726074,0.10881546288728713,0.02125535048544407,0.08099825829267501,0.0015844953013584018,0.21265356696676463
813,0.22389143705368042,0.4594575226306915,0.11033556759357452,0.013971532508730889,0.08167223334312439,0.0038499907590448857,0.21402341425418853,0.24227261543273926,0.10805808156728744,0.024445098638534547,0.08082778602838517,0.00160272098146379,0.21493368721567097
814,0.23006260097026826,0.629622507095337,0.10808225572109223,0.018251681141555308,0.07951803505420685,0.0037106780335307123,0.22725805640220642,0.2085730642080307,0.11479867100715638,0.03289503157138825,0.08474449217319488,0.0016774491406977177,0.23411564389243725
815,0.22906187772750855,0.6248254537582397,0.10848559886217117,0.014795932732522488,0.08009062558412552,0.0036928131710737945,0.22672519981861114,0.264353421330452,0.11663278341293334,0.017801126465201378,0.08717007339000701,0.001608228636905551,0.22321221190504728
816,0.2270702451467514,0.535569179058075,0.10830098986625672,0.020085853151977064,0.08000913560390473,0.0038774619344621895,0.20875571370124818,0.2954133331775665,0.10582541078329086,0.01613180637359619,0.07923919409513473,0.0017090763431042433,0.20290548759512603
817,0.2293377250432968,0.5519078314304352,0.10956802368164062,0.01892769131809473,0.08084471374750138,0.0037314977496862413,0.23281958401203157,0.36937310099601744,0.11556945890188217,0.024301663041114807,0.08585189431905746,0.0015574867371469735,0.2272805029992014
818,0.2300528198480606,0.7283453106880188,0.10476893484592438,0.019068941846489905,0.07743985801935196,0.0037845774088054894,0.2275165319442749,0.2214046448469162,0.11657189577817917,0.02437724992632866,0.08689559102058411,0.0015803549904376268,0.22942509171552958
819,0.2206025540828705,0.49517716765403746,0.10651901513338088,0.017475071549415588,0.07874688357114792,0.003680526791140437,0.22033154964447021,0.29504334926605225,0.11047801673412323,0.022310666739940643,0.08306251913309097,0.0017670207424089312,0.21761822334956377
820,0.22407858073711395,0.5079633831977844,0.10926054865121841,0.013699063658714294,0.08074017018079757,0.0036603211890906097,0.22957091629505158,0.3041301190853119,0.11558777987957,0.0226011723279953,0.08664396554231643,0.001664174790494144,0.22649709254037587
821,0.2228449761867523,0.5894556701183319,0.10528614223003388,0.017013177648186682,0.07767280042171479,0.0038133321795612574,0.2128966987133026,0.2520755410194397,0.10745666623115539,0.02320605032145977,0.08046799600124359,0.0015304597560316323,0.21266117230989037
822,0.23058078587055206,0.5990805625915527,0.10990567803382874,0.015649832785129547,0.08103984445333481,0.003712643962353468,0.21208612322807313,0.2535539329051971,0.10716848373413086,0.021559737622737885,0.08070739656686783,0.0015053777489811182,0.21094099567271768
823,0.2168701708316803,0.47791844606399536,0.10628372728824616,0.012056819163262844,0.07876273691654205,0.0037987435702234507,0.22820593416690826,0.3867216885089874,0.11419634222984314,0.016441121324896814,0.08564002364873886,0.0016258353367447852,0.21790332254022363
824,0.22407154440879823,0.5823841571807862,0.10682931244373321,0.014151117205619812,0.07913006693124772,0.003834805777296424,0.22272115349769592,0.3317704498767853,0.11321096271276473,0.014863367937505246,0.08473803997039794,0.001503885886631906,0.21431625650729985
825,0.22453898787498475,0.49100518226623535,0.10838736742734909,0.019722415879368783,0.07991412580013275,0.0036520582623779775,0.2438425362110138,0.23665001392364501,0.1271883636713028,0.01964095011353493,0.0942902386188507,0.0014219176955521107,0.24254147009924054
826,0.222164985537529,0.6205061435699463,0.10488285571336746,0.014095777086913586,0.07736878991127014,0.0036802837625145913,0.21771112084388733,0.24644283652305604,0.11217530071735382,0.01670813634991646,0.08406994789838791,0.0015793329803273082,0.2145327179459855
827,0.2201945036649704,0.5895293235778809,0.10292980223894119,0.020026000402867793,0.07588697820901871,0.003776507219299674,0.21870700716972352,0.2157663255929947,0.11171697676181794,0.021824952960014344,0.0844503954052925,0.0016776954289525747,0.21967002055607737
828,0.22400937974452972,0.6273646116256714,0.10632482171058655,0.011638704687356949,0.07870173156261444,0.0035904786549508572,0.21422300934791566,0.2882464945316315,0.10821003019809723,0.018968961387872695,0.0813405379652977,0.0015512692742049694,0.21007079882547258
829,0.22463667392730713,0.47077754735946653,0.11068558692932129,0.013627709075808524,0.08172037601470947,0.003755958704277873,0.2195931077003479,0.26017549335956575,0.11120457500219345,0.022376042604446412,0.08345939368009567,0.0014647041447460652,0.2185047154314816
830,0.2257094144821167,0.5972670614719391,0.10710603296756745,0.015677974559366703,0.07913940399885178,0.003523273812606931,0.2282607764005661,0.24572355449199676,0.1191385805606842,0.013958362489938736,0.08905082792043686,0.0016120273154228925,0.2237597982864827
831,0.21806896030902861,0.4959144711494446,0.10486330240964889,0.018614776246249676,0.0772716760635376,0.0036617503967136143,0.2104516476392746,0.3177490919828415,0.10610738098621368,0.015328598767518997,0.07999351471662522,0.0015979696530848742,0.20302746412344277
832,0.21612027883529664,0.5541455209255218,0.1024288684129715,0.017636916786432266,0.07533612698316575,0.0036590962670743467,0.22086886465549468,0.21743981540203094,0.11448820084333419,0.018962243944406508,0.08527307212352753,0.0015089686028659343,0.22023248551413416
833,0.22887134552001953,0.6784053802490234,0.10547919422388077,0.019280759245157243,0.07803870588541031,0.003585621528327465,0.20086290538311005,0.2869062304496765,0.10343586206436158,0.009379611536860465,0.07762260586023331,0.001538630831055343,0.1919767102925107
834,0.2287519484758377,0.5593280732631684,0.10872727036476135,0.020129176415503026,0.08011837899684907,0.0037506270222365857,0.23456409871578215,0.22727223634719848,0.11888550221920013,0.029501066356897355,0.08873284906148911,0.0016631960636004806,0.23878261370118709
835,0.216646209359169,0.544795960187912,0.10306462943553925,0.016105708293616773,0.07642186880111694,0.003734122077003121,0.22176713943481446,0.22883164286613464,0.11294205784797669,0.02429511845111847,0.08436449617147446,0.0017428595572710037,0.2233445320278406
836,0.21817266643047334,0.5951213359832763,0.10294443666934967,0.014998833648860455,0.07612100392580032,0.0037034956272691487,0.212972691655159,0.2573725491762161,0.10904044210910797,0.016509003937244415,0.08196793794631958,0.0016823531594127416,0.20919973715208467
837,0.21321503221988677,0.44840261340141296,0.10453386306762695,0.014376908354461194,0.07722299993038177,0.0036991648375988007,0.21479364931583406,0.23234521448612214,0.10944447070360183,0.022095102071762084,0.08190560489892959,0.0015575455036014318,0.21500272317789493
838,0.22059911489486694,0.512983626127243,0.10650906264781952,0.016005541384220123,0.07859804034233094,0.003680110676214099,0.20526628196239471,0.22390453815460204,0.10618322789669037,0.014374250546097755,0.0799203559756279,0.0015606828033924102,0.20203851722180843
839,0.21859389245510102,0.5392397761344909,0.1040265291929245,0.017696618661284448,0.07683265507221222,0.003848809702321887,0.21309299767017365,0.20674790143966676,0.10999967008829117,0.01816896051168442,0.08279934078454972,0.001744217285886407,0.21271218867041175
840,0.2275109499692917,0.636152184009552,0.10732410848140717,0.013896767236292362,0.07963812798261642,0.003585443180054426,0.22815893292427064,0.22234472036361694,0.11917731165885925,0.017261968925595284,0.08847694098949432,0.0015129233477637171,0.22642914492171257
841,0.21896753907203675,0.40528027415275575,0.10768370181322098,0.018657700531184672,0.07984223812818528,0.0036974553484469654,0.21215927004814147,0.2634507417678833,0.10791234225034714,0.018703557085245848,0.08096822649240494,0.0015087877865880728,0.20909291361458598
842,0.2196539580821991,0.4983826279640198,0.10586644560098649,0.01759725231677294,0.07816806584596633,0.003803368378430605,0.23242140412330628,0.27035870850086213,0.11923023760318756,0.020464815199375153,0.08864382803440093,0.0015939837088808418,0.2299328645458445
843,0.23218728303909303,0.6557362318038941,0.10798566639423371,0.01971652898937464,0.07971669584512711,0.003679678915068507,0.2090601533651352,0.1774580657482147,0.10900234878063202,0.017072364408522844,0.08185974657535552,0.0015779434237629176,0.2095124031882733
844,0.2284855753183365,0.6522216439247132,0.10786320716142654,0.012545041926205158,0.079934261739254,0.00360901290550828,0.20906963646411897,0.32630704045295716,0.1049510270357132,0.01610401049256325,0.07897044271230698,0.0015616271179169417,0.20158710735850036
845,0.22641529738903046,0.6346645534038544,0.10678694397211075,0.014737305138260126,0.07868470400571823,0.003683524020016193,0.22021012306213378,0.218870210647583,0.1130755066871643,0.023150875791907312,0.08380533903837203,0.0016206658212468029,0.22165238733869047
846,0.2206781655550003,0.4954021394252777,0.10717002153396607,0.01506853923201561,0.07942530959844589,0.003556909691542387,0.2275822401046753,0.2879050374031067,0.11578691005706787,0.020413337275385857,0.08639259040355682,0.0016016356414183975,0.22419447337742895
847,0.22642245888710022,0.5913316965103149,0.10721012502908707,0.016856968961656095,0.07932981550693512,0.0037748934235423805,0.2200295954942703,0.2495449513196945,0.11184408664703369,0.02210618630051613,0.08386991173028946,0.0015705122146755456,0.21939069689251484
848,0.22588509917259217,0.5620770573616027,0.10862288475036622,0.014664475247263909,0.0800186812877655,0.003614889457821846,0.22737562656402588,0.2317732274532318,0.11677511185407638,0.02198600023984909,0.08719339519739151,0.0016509249806404113,0.2276054322719574
849,0.22677253186702728,0.5687691390514373,0.1087577298283577,0.014880841597914696,0.08030077666044236,0.0036703027319163082,0.2152250736951828,0.23741801977157592,0.1106323927640915,0.01811447124928236,0.08288335055112839,0.0015623827930539846,0.21319259735755622
850,0.232591113448143,0.6194137334823608,0.10999916046857834,0.01841471642255783,0.08065068423748016,0.0035264571662992237,0.2375531256198883,0.26993486285209656,0.12043360471725464,0.02646951749920845,0.08951585739850998,0.0017443302553147078,0.23816330987028778
851,0.22603648602962495,0.6391127824783325,0.10517466962337493,0.01879243291914463,0.07771531343460084,0.003589286608621478,0.22557955384254455,0.29784809350967406,0.11523925364017487,0.016484034061431885,0.08637206256389618,0.0016676415456458927,0.21976299181114883
852,0.237638196349144,0.5527681410312653,0.11394820362329483,0.020311054587364197,0.08402983546257019,0.0037324346601963045,0.22396572232246398,0.2607739448547363,0.11395795941352845,0.024443043768405913,0.08393619060516358,0.0016227115411311388,0.22395990532822907
853,0.22617290019989014,0.5434154510498047,0.10845228284597397,0.01746791899204254,0.0800148218870163,0.0036021288484334945,0.220541912317276,0.2598942697048187,0.11069417148828506,0.027204909920692445,0.08251412957906723,0.0014728681184351445,0.22188607910647987
854,0.22873233258724213,0.515861988067627,0.11094803363084793,0.017265421524643897,0.08150119483470916,0.00371458544395864,0.22295653223991393,0.23061583042144776,0.11365652829408646,0.0239457868039608,0.08506866544485092,0.0014553110580891372,0.22412629160098732
855,0.21953197717666625,0.4410697042942047,0.10716582387685776,0.018737125769257547,0.07913163751363754,0.0036249401979148387,0.22698629796504974,0.24063135981559752,0.11601095348596573,0.022742971032857894,0.08678234070539474,0.0015799058135598898,0.22711617103777826
856,0.23045378625392915,0.6047681510448456,0.10982869416475297,0.015275803208351136,0.0809285119175911,0.003640544228255749,0.22633702158927918,0.23276870250701903,0.11288129985332489,0.033900654315948485,0.08412584364414215,0.001482223579660058,0.23239002139307557
857,0.22855066061019896,0.6143895387649536,0.10734713524580002,0.018122450448572636,0.0794662207365036,0.003913199109956622,0.22263686656951903,0.25443891286849973,0.11290865242481232,0.02352994903922081,0.08444635272026062,0.0015898580197244883,0.22247481220401827
858,0.2284202069044113,0.49196051359176635,0.11089853942394257,0.018350000120699407,0.0818621650338173,0.003772946074604988,0.21278644800186158,0.22127106189727783,0.10988059490919114,0.017853919323533772,0.08213900476694107,0.0015526410192251206,0.2114261600188911
859,0.22201507687568664,0.5028249323368073,0.108408884704113,0.013568350300192832,0.07988118529319763,0.0035991734825074674,0.21491941511631013,0.2993772834539413,0.10833903849124908,0.020102351903915405,0.08078871816396713,0.0015432289568707348,0.21077333751600236
860,0.22420806884765626,0.560691875219345,0.1069033071398735,0.01679414287209511,0.07902017831802369,0.0037058393005281686,0.22197420597076417,0.22974488735198975,0.11457169651985169,0.01878533363342285,0.08572267442941665,0.001599824009463191,0.2206795285921544
861,0.2230951964855194,0.536341667175293,0.10729115009307862,0.01621803008019924,0.07906097024679185,0.0036339645739644766,0.24417162835597991,0.25022042393684385,0.12501825988292695,0.025340413302183153,0.09309213757514953,0.0017599662300199271,0.24521077699027954
862,0.21779167354106904,0.5150481700897217,0.1039258286356926,0.01949503440409899,0.07658134400844574,0.0035691511817276477,0.23324896395206451,0.33628849387168885,0.11764010488986969,0.01991235576570034,0.088145512342453,0.0013854790478944779,0.2270834520459175
863,0.22337264120578765,0.582389110326767,0.10590627193450927,0.01676299124956131,0.07815267145633698,0.0036254941020160913,0.22027360200881957,0.3297737240791321,0.11152932643890381,0.015473190322518348,0.08378299325704575,0.0014720015227794648,0.21225751154124736
864,0.21381923854351043,0.4339500367641449,0.10389871299266815,0.019472942501306535,0.07664479166269303,0.0036835145205259324,0.22914578318595885,0.23922231793403625,0.1171780914068222,0.023920370638370513,0.08737389892339706,0.0013450049329549075,0.2298173659015447
865,0.2175940454006195,0.49058977961540223,0.10476222783327102,0.01883392296731472,0.07714016288518906,0.003490406181663275,0.21567566096782684,0.25435420870780945,0.11165350824594497,0.01329694464802742,0.08396226167678833,0.0013874320778995753,0.21030014664866029
866,0.2218563139438629,0.5110716879367828,0.107174813747406,0.015692871622741224,0.07949134260416031,0.0035802836995571853,0.22118576765060424,0.3607263118028641,0.1114529937505722,0.014624819904565812,0.08361716270446777,0.0015337794553488492,0.21122875581495462
867,0.21529890596866608,0.45036793649196627,0.10440436601638795,0.01829707473516464,0.07731321305036545,0.0038287780713289975,0.21289281845092772,0.24941838085651397,0.10741109251976014,0.024135778471827508,0.08016082644462585,0.0015641933074221014,0.21327189074363562
868,0.21571235954761506,0.5147056400775909,0.10330760627985,0.017449115216732026,0.07609814405441284,0.003693534852936864,0.21609272062778473,0.2592839807271957,0.11114752143621445,0.014511416107416153,0.08398168236017227,0.0014872482977807521,0.21112786820158363
869,0.2188640058040619,0.5186724364757538,0.10476910173892975,0.017803524807095527,0.07735927999019623,0.0038004730362445117,0.2217547506093979,0.3076355755329132,0.11215260624885559,0.018897507712244986,0.0839759200811386,0.0015913820825517178,0.2166174161247909
870,0.22178930640220643,0.5479358851909637,0.10626107454299927,0.015240100398659705,0.07856517732143402,0.003892428567633033,0.19790341854095458,0.24609080255031585,0.10014569908380508,0.018085771799087526,0.07567311525344848,0.0014743631472811103,0.1953789492836222
871,0.2160453826189041,0.5636006891727448,0.10140804946422577,0.018634195253252984,0.07527840435504914,0.0037236007396131755,0.2236558735370636,0.29466869235038756,0.1140526831150055,0.016028892248868942,0.0860768660902977,0.0015569014940410852,0.2177153429482132
872,0.22417896389961242,0.45444180965423586,0.11029787361621857,0.01537190806120634,0.08160171210765839,0.003742678789421916,0.20263646841049193,0.22188111543655395,0.1035628080368042,0.018538570404052733,0.07798799127340317,0.0014446530491113662,0.20153402276337148
873,0.23065109848976134,0.6393947720527648,0.10935636460781098,0.013887622207403184,0.08059658706188202,0.0035691894590854645,0.23926848769187928,0.22852772772312163,0.12302566170692444,0.025129840523004533,0.09144461899995804,0.001613803207874298,0.24121392443776132
874,0.2295840263366699,0.5878400266170501,0.10986205339431762,0.0142516965046525,0.08130429238080979,0.0037996521685272457,0.2289978563785553,0.25384767949581144,0.11813286542892457,0.01720775440335274,0.08875172436237336,0.0016340263187885284,0.2257263705134392
875,0.21532407402992249,0.46501174569129944,0.10595515966415406,0.011548942141234874,0.07852591723203659,0.003635891200974584,0.2146925926208496,0.23334951996803283,0.1112147957086563,0.014417365752160549,0.0838445097208023,0.0015142749529331923,0.21099094613455235
876,0.2266315311193466,0.7086781144142151,0.10350693613290787,0.018643728457391262,0.0765428826212883,0.0036518754903227093,0.21756512224674224,0.2920953810214996,0.11004329025745392,0.02022636532783508,0.08208743184804916,0.0014329024357721209,0.21378998986911027
877,0.21820093989372252,0.5418312430381775,0.10379586070775985,0.017113621346652508,0.07689709663391113,0.0037192043382674456,0.21915773153305054,0.23754191994667054,0.11366443932056428,0.01410912312567234,0.08570296615362168,0.0017173541244119405,0.2151938827242702
878,0.21773096919059753,0.4913898706436157,0.10631372779607773,0.012408375646919012,0.07883798182010651,0.0036111466120928525,0.23241483569145202,0.2659269034862518,0.1206903412938118,0.015122367814183236,0.0900804802775383,0.0015729954466223717,0.2274661848321557
879,0.21269662082195281,0.5483593285083771,0.10141248852014542,0.014219724014401436,0.0749337539076805,0.0036450978368520737,0.20455603897571564,0.2550012648105621,0.10516534149646758,0.0127781443297863,0.07951387614011765,0.0014753613620996475,0.19893272332847117
880,0.22834455966949463,0.5801149249076843,0.10840188413858413,0.01761597767472267,0.08027269393205642,0.0037124960217624903,0.21124944984912872,0.2167641520500183,0.11096471399068833,0.009795702807605267,0.08380139470100403,0.001494558108970523,0.20605636960826818
881,0.22745433151721955,0.6690154790878295,0.10593664199113846,0.01624786201864481,0.07811641991138459,0.0036531399935483934,0.22111968398094178,0.21830564737319946,0.1139433205127716,0.021268897503614426,0.08491922020912171,0.00141484085470438,0.22154627908021213
882,0.22351332604885102,0.6415304183959961,0.1047264352440834,0.014971664268523454,0.0773705542087555,0.00370796755887568,0.2216725617647171,0.25253783762454984,0.11607213765382766,0.009407076798379422,0.08750270456075668,0.0015345647931098937,0.21451648380607366
883,0.2104751616716385,0.5286211609840393,0.10075409859418868,0.014381693303585052,0.07435684949159622,0.00348461689427495,0.19714868068695068,0.32335320115089417,0.0966054767370224,0.022054626047611235,0.0726029247045517,0.0014906156342476607,0.192753643123433
884,0.23036935329437255,0.698911988735199,0.10693557560443878,0.015271002054214477,0.07894370853900909,0.003817931795492768,0.21020748615264892,0.26794239282608034,0.10712555050849915,0.01769787147641182,0.080027636885643,0.0016164571745321155,0.2064675160450861
885,0.2352611392736435,0.614029586315155,0.11204042732715606,0.016073305532336234,0.08259463906288148,0.0037758730351924895,0.2297417014837265,0.3387303829193115,0.11629698127508163,0.017306029796600342,0.08710507154464722,0.001500210608355701,0.2222082932246849
886,0.2171744614839554,0.4581847548484802,0.10617753714323044,0.015237350016832352,0.07858727872371674,0.0037634536158293484,0.22052364945411682,0.2175740569829941,0.11208056211471558,0.025088659673929214,0.08424622118473053,0.0015476646833121777,0.22296310765668753
887,0.23095440864562988,0.6292361438274383,0.10868629217147827,0.017727366462349892,0.0801203802227974,0.0036445030476897956,0.22302908301353455,0.2863735109567642,0.11288381218910218,0.022527335584163664,0.08376519083976745,0.001595481112599373,0.2207718197256327
888,0.22803421020507814,0.6313084542751313,0.1086217299103737,0.011211734917014837,0.08043185323476791,0.0036186698824167253,0.21897423565387725,0.289923357963562,0.1088135525584221,0.026698537915945054,0.08150236755609512,0.0016257659532129764,0.21864022398367525
889,0.21526329815387726,0.43633040189743044,0.10557096153497696,0.01626231409609318,0.07792508751153945,0.003639141516759992,0.23459436893463134,0.23009272217750548,0.1162462592124939,0.03759871423244476,0.08729280680418014,0.0015026066219434142,0.2426403868710622
890,0.21863137781620026,0.5102243840694427,0.10568181127309799,0.01470057461410761,0.07824877351522445,0.0036785635631531475,0.2188780963420868,0.2486891508102417,0.11207962036132812,0.01850200891494751,0.08428313881158829,0.0016597513575106859,0.2165245194453746
891,0.22519983053207399,0.628403389453888,0.1055088609457016,0.0165125273168087,0.07814886718988419,0.003731336072087288,0.22672966718673707,0.22201241850852965,0.11616345047950745,0.02320951595902443,0.08710762709379197,0.0015064470004290341,0.22798704053275287
892,0.2184352308511734,0.43581934571266173,0.1071834996342659,0.016965438425540925,0.07922209501266479,0.003511903760954738,0.23676087260246276,0.2407537043094635,0.12322792410850525,0.016993320360779763,0.0921916902065277,0.0016138156875967979,0.23402675036340953
893,0.22121199667453767,0.5147290587425232,0.10643768310546875,0.017279757373034953,0.0786850780248642,0.003425816912204027,0.23042259812355043,0.20225501656532288,0.11966606974601746,0.021550182625651358,0.08903670758008957,0.0016639792826026677,0.23191693923436105
894,0.226841801404953,0.4883363902568817,0.10998276919126511,0.019315918534994127,0.08090194761753082,0.0037646118085831403,0.2292414128780365,0.3599943250417709,0.11649156361818314,0.012009827699512244,0.08801216781139373,0.0014660741901025176,0.21797963331919165
895,0.21810735166072845,0.44676687717437746,0.10698761343955994,0.015589983947575093,0.07916664928197861,0.0036395021714270117,0.21967079639434814,0.2725713521242142,0.11296900510787963,0.015571720153093337,0.0845392405986786,0.0014962658751755953,0.21457623173482715
896,0.22208001017570494,0.5976635932922363,0.10563570857048035,0.013395174592733382,0.07797173857688904,0.0037835913244634867,0.22267960608005524,0.3051516056060791,0.11298907846212387,0.01918887346982956,0.08405742198228836,0.0015622144099324941,0.21779758832417426
897,0.21757851541042328,0.48303641080856324,0.10568149387836456,0.015300391614437104,0.07829825133085251,0.003593521099537611,0.2008339673280716,0.23530499935150145,0.10330690145492553,0.014567025378346444,0.07777239084243774,0.0014118136605247855,0.1970581313362345
898,0.21519937217235566,0.5215869784355164,0.10282871574163437,0.016678548231720925,0.07614569813013077,0.00361267514526844,0.2075233668088913,0.22258861362934113,0.10398943871259689,0.02779036685824394,0.0777617022395134,0.0014952385332435369,0.21103674634359776
899,0.22694820761680604,0.5364676296710968,0.10921219140291213,0.017598092555999756,0.08033108562231064,0.0035650014877319338,0.21892522275447845,0.22457268238067626,0.11234400868415832,0.020959721133112907,0.08411629050970078,0.0015128584112972022,0.2189328787382692
900,0.2172935724258423,0.5419231176376342,0.10392142087221146,0.015005923062562942,0.07697062194347382,0.0036048359237611295,0.2154979944229126,0.18293883204460143,0.1116377830505371,0.019651972502470017,0.08408047109842301,0.001613629492931068,0.2169838561443612
