sample_id,best_candidate,true_pattern,generated_pattern,true_m,generated_m,true_n,generated_n,true_tcrease,generated_tcrease,true_tpanel,generated_tpanel,true_W,generated_W,true_creaseE,generated_creaseE,true_panelE,generated_panelE,closed_loop_scaled_mse,closed_loop_selection_score
miura_00257,14,1.0,1.0,36.0,36.0,9.0,9.0,0.0008886943687684834,0.0008936729282140732,0.0027388117741793394,0.0028854620177298784,0.0012901617446914315,0.0011288945097476244,4863286272.0,4184502528.0,1467752448.0,1285801216.0,0.0019459674367681146,0.11444596946239471
miura_00353,4,1.0,1.0,36.0,30.0,9.0,9.0,0.0005728459800593555,0.0008788760751485825,0.002296632854267955,0.003217760007828474,0.0010246281744912267,0.0015226302202790976,3146731264.0,1309091584.0,2771477504.0,1891047936.0,0.0016252562636509538,0.03495858982205391
miura_00299,14,1.0,1.0,36.0,36.0,6.0,6.0,0.000979201402515173,0.000740023038815707,0.0057860324159264565,0.004439802374690771,0.003058312926441431,0.0016029066173359752,3510110464.0,3976311296.0,3305906176.0,4344449024.0,0.0005084183067083359,0.0005084183067083359
miura_00583,1,1.0,1.0,24.0,24.0,12.0,12.0,0.0007955332403071225,0.0007638434763066471,0.005276709794998169,0.005060281604528427,0.0029316903091967106,0.0026580768171697855,3830192384.0,4028639744.0,4061518080.0,4192941312.0,0.0007594806374981999,0.0007594806374981999
miura_01290,12,1.0,1.0,30.0,30.0,12.0,12.0,0.0009053120156750083,0.0008043209672905505,0.0038263725582510233,0.0027946829795837402,0.0017610412323847413,0.001029581530019641,1662840320.0,1348986112.0,1290117888.0,2167776768.0,0.003272674046456814,0.04910600557923317
miura_01767,0,1.0,1.0,36.0,24.0,9.0,9.0,0.0008405590779148042,0.0007730584475211799,0.0010493696900084615,0.001056570908986032,0.001841855002567172,0.0012512344401329756,1191687680.0,1506541824.0,3229661440.0,1712187008.0,0.0004141530953347683,0.2962474822998047
miura_00421,4,1.0,1.0,24.0,24.0,6.0,6.0,0.0008409402216784656,0.0007841635379008949,0.0030697607435286045,0.003678042208775878,0.0015406422317028046,0.002038809936493635,1162153984.0,1824381184.0,4968661504.0,4071608832.0,0.0020389282144606113,0.006205595098435879
miura_01589,15,1.0,1.0,30.0,36.0,6.0,6.0,0.000712167180608958,0.0008998144185170531,0.004376545082777739,0.005520009435713291,0.0012889907229691744,0.003316042013466358,4552457728.0,3976215808.0,2093221248.0,2158626560.0,0.003648788435384631,0.003648788435384631
miura_00066,10,1.0,1.0,24.0,24.0,9.0,9.0,0.0008193912799470127,0.0009367520688101649,0.0048073516227304935,0.004876700229942799,0.002251142868772149,0.0022670167963951826,3578892288.0,2299821824.0,2800041984.0,2713214976.0,0.0009054714464582503,0.0009054714464582503
miura_01613,15,1.0,1.0,36.0,24.0,12.0,12.0,0.0005586040788330138,0.0005970742204226553,0.0038698071148246527,0.00582126947119832,0.002839162712916732,0.0028408756479620934,1738334720.0,2167040000.0,2997436928.0,1286703744.0,0.006542741786688566,0.05237607657909393
miura_00057,10,1.0,1.0,36.0,36.0,6.0,6.0,0.0007724798051640391,0.0006101724575273693,0.0024478884879499674,0.0018090552184730768,0.002588221337646246,0.0014860400697216392,3947015680.0,4409851392.0,3384840704.0,4819321856.0,0.00035387344541959465,0.012853873893618584
miura_01999,5,1.0,1.0,24.0,30.0,12.0,12.0,0.0006116394069977105,0.0005792516167275608,0.005857628770172596,0.005289572756737471,0.0030308039858937263,0.0032289442606270313,1475169536.0,1945949824.0,3504165888.0,4340522496.0,0.015567949041724205,0.057234615087509155
miura_01119,14,1.0,1.0,36.0,36.0,9.0,9.0,0.000763692194595933,0.0007502721855416894,0.0024305765982717276,0.002361888764426112,0.0010016943560913205,0.0010020910995081067,3406912512.0,3557810176.0,3291880192.0,3638769408.0,0.001240518526174128,0.03040718473494053
miura_00584,14,1.0,1.0,36.0,36.0,9.0,9.0,0.0007318892749026418,0.0009361261036247015,0.004654326010495424,0.004661767743527889,0.002459855517372489,0.0026281913742423058,3348417792.0,1387932416.0,1209683328.0,1379185664.0,0.002862289547920227,0.03202895447611809
miura_01234,1,1.0,1.0,24.0,24.0,6.0,6.0,0.000550534634385258,0.0007131274323910475,0.005541255697607994,0.005641510244458914,0.00194882124196738,0.0015876305988058448,3803981056.0,1308731520.0,4902670848.0,4463319040.0,0.0037470513489097357,0.01208038441836834
miura_00317,7,1.0,1.0,36.0,30.0,6.0,6.0,0.0005708108656108379,0.0007776397978886962,0.0030502795707434416,0.003362984163686633,0.003291746834293008,0.0023955523502081633,3227206912.0,1038110144.0,4934753280.0,3406899712.0,0.0018872410291805863,0.02688724175095558
miura_00746,9,1.0,1.0,36.0,36.0,9.0,9.0,0.0008923718705773354,0.0005510222399607301,0.0030871855560690165,0.0025010756216943264,0.0024837367236614227,0.0013915712479501963,1295843968.0,2978295296.0,3521412096.0,4605360128.0,0.002753292443230748,0.002753292443230748
miura_00129,4,1.0,1.0,30.0,30.0,6.0,6.0,0.0009797236416488886,0.0007463356014341116,0.002629303140565753,0.0014558486873283982,0.0027973102405667305,0.0011984489392489195,4550394880.0,4183195648.0,2475034880.0,4844810240.0,0.0027827953454107046,0.01944946125149727
miura_01444,13,1.0,1.0,24.0,30.0,6.0,6.0,0.0008160819415934384,0.0008040653192438185,0.0025011724792420864,0.002738428069278598,0.0010166270658373833,0.0018826405284926295,3057813504.0,4710852608.0,3619054848.0,4488890368.0,0.0003314775531180203,0.0003314775531180203
miura_01514,13,1.0,1.0,24.0,24.0,9.0,12.0,0.0005746166571043432,0.0008083495195023715,0.0011405354598537087,0.001000364194624126,0.002237155335023999,0.001729849143885076,4837798912.0,1100342016.0,2717237504.0,2960500992.0,0.0023207361809909344,0.3231540620326996
miura_01801,13,1.0,1.0,36.0,36.0,9.0,9.0,0.0007022615754976869,0.000677241652738303,0.0010308140190318227,0.001000364194624126,0.0030597003642469645,0.003227780107408762,2063560064.0,2609712640.0,4020373248.0,4137537280.0,0.0006671036244370043,0.3006671071052551
miura_00925,10,1.0,1.0,24.0,24.0,12.0,12.0,0.000661896716337651,0.0005310356500558555,0.002512299455702305,0.0034494283609092236,0.0023123600985854864,0.00349382939748466,1012663872.0,3427980288.0,3886471936.0,2581032704.0,0.0012047848431393504,0.10953811556100845
miura_00481,1,1.0,1.0,24.0,30.0,9.0,9.0,0.0009714720072224736,0.0007280670688487589,0.003658200381323695,0.0028491520788520575,0.0012276539346203208,0.0010009445250034332,1030538112.0,1497896832.0,1127456768.0,2035135360.0,0.0015916717238724232,0.034925006330013275
miura_01960,9,1.0,1.0,24.0,24.0,9.0,9.0,0.0008490889449603856,0.0009015974355861545,0.004131335765123367,0.004139994736760855,0.0028427469078451395,0.0027075232937932014,2283188992.0,1751467776.0,4355298304.0,4145506304.0,0.0007554756593890488,0.0007554756593890488
miura_00595,15,1.0,1.0,30.0,36.0,9.0,12.0,0.0005901381373405457,0.0005223423358984292,0.0012435406679287553,0.0012069117510691285,0.0032099115196615458,0.0017696922877803445,3432176640.0,2435934720.0,3748549632.0,3351164928.0,0.0012798322131857276,0.25544649362564087
miura_00100,4,1.0,1.0,30.0,36.0,9.0,9.0,0.0008807730046100914,0.0009177174069918692,0.004316396079957485,0.005474825389683247,0.0012402357533574104,0.0018216004827991128,4756011520.0,4900784640.0,4139560448.0,3369886720.0,0.00466545857489109,0.00466545857489109
miura_00417,3,1.0,1.0,30.0,36.0,9.0,9.0,0.0006181563949212432,0.0005580969154834747,0.005967211909592152,0.005020412150770426,0.0019510546699166298,0.0014332655118778348,3894526208.0,3066848512.0,1502329472.0,2187547904.0,0.004231220576912165,0.004231220576912165
miura_00964,13,1.0,1.0,24.0,30.0,9.0,12.0,0.0006501969182863832,0.0005350766587071121,0.0015693936729803681,0.001945727039128542,0.003965565003454685,0.0037154690362513065,3989462528.0,4963517952.0,4366893056.0,4032827648.0,0.0018382685957476497,0.19767160713672638
miura_00308,8,1.0,1.0,36.0,36.0,9.0,9.0,0.0008083628490567207,0.0005880777025595307,0.00346161681227386,0.0023226006887853146,0.002693255664780736,0.001070730504579842,3985252352.0,4046780416.0,2643820032.0,4204658176.0,0.004311340861022472,0.016811341047286987
miura_00030,3,1.0,1.0,30.0,36.0,9.0,9.0,0.0007329400978051126,0.0007009711116552353,0.004906185902655125,0.004308734089136124,0.0012088791700080037,0.0010009445250034332,4859648512.0,3479413504.0,1924407040.0,2802245888.0,0.007600912358611822,0.01176757924258709
miura_00601,13,1.0,1.0,36.0,36.0,9.0,9.0,0.0008690423564985394,0.000842224049847573,0.005269345827400684,0.00531772943213582,0.00188728841021657,0.0016784814652055502,2033439488.0,1867204352.0,4068958208.0,3664446464.0,0.0016285855090245605,0.0016285855090245605
miura_01720,11,1.0,1.0,36.0,36.0,9.0,9.0,0.0008411318412981927,0.0005702917114831507,0.0035136996302753687,0.0026182392612099648,0.002884145360440016,0.0014127453323453665,1595075456.0,2400763648.0,2667323904.0,3980116224.0,0.003523240564391017,0.01185657363384962
miura_00572,12,1.0,1.0,30.0,24.0,9.0,9.0,0.0005753986188210547,0.0006295637576840818,0.0038724823389202356,0.0036748279817402363,0.003422698238864541,0.0020378471817821264,2630342656.0,1445660928.0,4813289984.0,4001086976.0,0.0019678922835737467,0.026967892423272133
miura_00907,13,1.0,1.0,30.0,30.0,6.0,6.0,0.000981044489890337,0.0008884266717359424,0.005973184015601873,0.00583856925368309,0.0019360738806426525,0.0015757252695038915,1908810752.0,2104477056.0,4460442624.0,4321636864.0,0.0037246865686029196,0.0037246865686029196
miura_01427,10,1.0,1.0,24.0,24.0,9.0,9.0,0.0008700801990926266,0.0005638730362989008,0.002393983770161867,0.001733038341626525,0.0020767461974173784,0.0010009445250034332,1171529984.0,2268636416.0,1148788352.0,1643677440.0,0.0009262573439627886,0.1425929218530655
miura_01261,6,1.0,1.0,24.0,24.0,12.0,12.0,0.0006219602073542774,0.0005656928988173604,0.0014210825320333242,0.0014801087090745568,0.0019285838352516294,0.0025485684163868427,1195375360.0,2333806592.0,3652513280.0,3318979584.0,0.000539180007763207,0.32553917169570923
miura_00847,10,1.0,1.0,24.0,24.0,6.0,6.0,0.0008568317862227559,0.0006559860776178539,0.0016625936841592193,0.0013521068030968308,0.003962945193052292,0.0015223296359181404,2377660160.0,2272270336.0,3716887040.0,3977742336.0,0.0010964806424453855,0.06359647959470749
miura_01291,5,1.0,1.0,24.0,24.0,9.0,9.0,0.0008012690814211965,0.0007311917725019157,0.0025874630082398653,0.0017624428728595376,0.0029849885031580925,0.0012511314125731587,3706889984.0,2285486848.0,3497678336.0,4779080704.0,0.005418618209660053,0.02625195123255253
miura_00810,8,1.0,1.0,30.0,24.0,6.0,6.0,0.0007989423465915024,0.0005226373323239386,0.001911383937112987,0.001773693598806858,0.003066009609028697,0.001411627046763897,2126275840.0,4245416704.0,3946007808.0,3675567360.0,0.004689286928623915,0.021355953067541122
miura_01567,1,1.0,1.0,30.0,30.0,9.0,9.0,0.0006819266127422452,0.0005787971895188093,0.003212700132280588,0.0029901962261646986,0.0033666060771793127,0.002476430730894208,1071084672.0,1079275008.0,1214124416.0,1135726080.0,0.00037405159673653543,0.22954072058200836
miura_00125,7,1.0,1.0,36.0,36.0,9.0,9.0,0.0009470743243582547,0.0009332516929134727,0.0048785945400595665,0.005514227319508791,0.0015830608317628503,0.001718577928841114,3508863488.0,3566228992.0,3515150592.0,2873058560.0,0.0031196598429232836,0.0031196598429232836
miura_01608,14,1.0,1.0,36.0,36.0,6.0,6.0,0.0005604412872344255,0.0008486478473059833,0.0013304059393703938,0.0012964199995622039,0.00289151375181973,0.0028037824667990208,4559291904.0,1098276096.0,1590562688.0,1583311232.0,0.0005591263179667294,0.31305912137031555
miura_00529,13,1.0,1.0,30.0,36.0,12.0,12.0,0.0007955521577969193,0.0006548654637299478,0.0014447577996179461,0.001000364194624126,0.003067260142415762,0.0017790807178243995,2376334080.0,2249540608.0,1793810048.0,3569141504.0,0.0012027737684547901,0.3137027621269226
miura_00986,0,1.0,1.0,24.0,36.0,9.0,9.0,0.000563487526960671,0.0007492397562600672,0.005288991611450911,0.005430710501968861,0.001109856297262013,0.0021847158204764128,4070425600.0,2034789888.0,2628246784.0,3948540160.0,0.007553988602012396,0.007553988602012396
miura_01294,4,1.0,1.0,36.0,36.0,12.0,12.0,0.0007132921018637717,0.0008969223708845675,0.0016388202784582973,0.0014299509348347783,0.00140871643088758,0.0013391696847975254,3695821568.0,1787568000.0,2862989824.0,3798435072.0,0.004172229208052158,0.15833888947963715
miura_00252,11,1.0,1.0,36.0,30.0,12.0,12.0,0.0006604348891414702,0.0005787257105112076,0.0019154075998812914,0.001460499712266028,0.003761569270864129,0.0018726940033957362,1447075328.0,1309468032.0,4159546368.0,4238376960.0,0.00046348347677849233,0.22963015735149384
miura_01896,13,1.0,1.0,36.0,36.0,12.0,12.0,0.0006633075536228716,0.000596721947658807,0.0028872108086943626,0.0021891489159315825,0.0024252922739833593,0.00159384252037853,3661202688.0,3023981312.0,3544222976.0,4996423680.0,0.0005006941501051188,0.017167361453175545
miura_00889,0,1.0,1.0,36.0,36.0,9.0,9.0,0.0009252854506485164,0.0007780920132063329,0.002355734119191766,0.0014781156787648797,0.0035666152834892273,0.0012139963218942285,3673186560.0,2081797888.0,1784974208.0,2541673216.0,0.00039882733835838735,0.1712321639060974
miura_00071,3,1.0,1.0,36.0,30.0,12.0,12.0,0.0009132467675954103,0.0009993299609050155,0.004034952260553837,0.004110878333449364,0.0012376416707411408,0.0010354978730902076,4588573184.0,3228831488.0,3183869952.0,2810084352.0,0.002010782016441226,0.002010782016441226
miura_00484,14,1.0,1.0,30.0,36.0,9.0,12.0,0.00085782865062356,0.0007427171804010868,0.0013932958245277405,0.0014957882231101394,0.0028737338725477457,0.0015016391407698393,2073569792.0,1405421568.0,4523359744.0,3459631872.0,0.0007537943893112242,0.17158712446689606
miura_01533,15,1.0,1.0,24.0,30.0,6.0,6.0,0.0009725539712235332,0.0009271361050195992,0.002841169247403741,0.0030421449337154627,0.003012595232576132,0.003728237235918641,2013406592.0,2571699456.0,4214807040.0,4438991872.0,0.002845484996214509,0.002845484996214509
miura_01545,2,1.0,1.0,30.0,24.0,6.0,6.0,0.0008610846125520766,0.0008464829879812896,0.0019228311721235514,0.0017895171185955405,0.002045650966465473,0.001205264125019312,1401124992.0,1006209344.0,1791051136.0,1644795776.0,0.0013831061078235507,0.08471643924713135
miura_00888,14,1.0,1.0,36.0,36.0,6.0,6.0,0.0006059641600586474,0.0008373532327823341,0.004233266226947308,0.0057320124469697475,0.0013532893499359488,0.0028489669784903526,3327547136.0,2513361664.0,4436235264.0,3368637184.0,0.0009359457180835307,0.0009359457180835307
miura_00211,7,1.0,1.0,24.0,30.0,6.0,6.0,0.000721485645044595,0.0007338909199461341,0.001715242164209485,0.0016704319277778268,0.0031951407436281443,0.003333472181111574,3006717952.0,2617635584.0,3682132480.0,4778273792.0,0.0010807455983012915,0.055247411131858826
miura_00521,9,1.0,1.0,24.0,24.0,9.0,9.0,0.0009009539498947561,0.0008846315904520452,0.0012704654363915324,0.0012940921587869525,0.0015237079933285713,0.0013277441030368209,3896220672.0,3727659776.0,4251073536.0,3856670464.0,0.0038156621158123016,0.13714899122714996
miura_00851,8,1.0,1.0,24.0,24.0,12.0,12.0,0.000684960454236716,0.0009743760456331074,0.004047666676342487,0.003740133484825492,0.0010841479524970055,0.0010009445250034332,4799359488.0,1387325184.0,2289364992.0,2734349568.0,0.002105400897562504,0.002105400897562504
miura_00672,8,1.0,1.0,24.0,30.0,9.0,9.0,0.0006101516773924232,0.0005484715802595019,0.005598373711109161,0.005696183070540428,0.0010950439609587193,0.0013523658271878958,3405525504.0,4358901760.0,2514044160.0,2885274880.0,0.004747510422021151,0.004747510422021151
miura_00234,8,1.0,1.0,24.0,36.0,9.0,9.0,0.0008313406724482775,0.0008188204374164343,0.005216830410063267,0.003809624118730426,0.001144862500950694,0.0010009445250034332,4834713600.0,2935207936.0,1191118336.0,2873710592.0,0.010028892196714878,0.022528892382979393
miura_01183,9,1.0,1.0,36.0,30.0,6.0,6.0,0.0008272068225778639,0.0008868037257343531,0.002216885332018137,0.0019298603292554617,0.002091853879392147,0.0012229483108967543,3023915776.0,1664167296.0,4528023552.0,4345335808.0,0.0017165797762572765,0.005883246660232544
miura_00653,11,1.0,1.0,30.0,30.0,6.0,6.0,0.0006817133398726583,0.0007128227152861655,0.00541280210018158,0.005425227805972099,0.0037281066179275513,0.0035075268242508173,2146422272.0,1687026176.0,4488729088.0,4492175872.0,0.0011585515458136797,0.02615855075418949
miura_01454,10,1.0,1.0,24.0,24.0,9.0,9.0,0.0009738752851262689,0.0008849160512909293,0.003753820899873972,0.003365000942721963,0.0013751137303188443,0.0011279270984232426,3680993024.0,3982287616.0,3547406080.0,4295483904.0,0.0035515225026756525,0.0035515225026756525
miura_01661,9,1.0,1.0,24.0,24.0,6.0,6.0,0.0009242465021088719,0.0008649270166642964,0.005870637483894825,0.005542552564293146,0.0017722414340823889,0.0012582270428538322,2552629760.0,2174265088.0,4881249280.0,4536016896.0,0.009362426586449146,0.01769576035439968
miura_00455,15,1.0,1.0,36.0,36.0,9.0,9.0,0.0006747443694621325,0.00082471186760813,0.005110409110784531,0.00464736670255661,0.0032180780544877052,0.0021164431236684322,3430861824.0,1158360320.0,2901573376.0,2986526976.0,0.002313261618837714,0.002313261618837714
miura_00290,1,1.0,1.0,24.0,24.0,6.0,6.0,0.0007423916831612587,0.0006124121719039977,0.0028113266453146935,0.00184705201536417,0.0036953026428818703,0.0012312891194596887,3788492288.0,2578563840.0,2259790080.0,3384465920.0,0.0029672652017325163,0.019633932039141655
miura_01386,9,1.0,1.0,36.0,36.0,12.0,12.0,0.0007559749064967036,0.000900584040209651,0.005667632445693016,0.0054841055534780025,0.002352894516661763,0.0020676101557910442,3260391936.0,1466145408.0,4207844096.0,4028984064.0,0.0160995963960886,0.0160995963960886
miura_01848,6,1.0,1.0,30.0,24.0,6.0,6.0,0.0005448599113151431,0.0006218998460099101,0.0014859677758067846,0.0014086788287386298,0.002819385379552841,0.0010718865087255836,4945111552.0,1744252288.0,2617425152.0,1951804800.0,0.0008774070884101093,0.10921073704957962
miura_01338,4,1.0,1.0,30.0,36.0,12.0,12.0,0.000520783883985132,0.0006887973286211491,0.005578177515417337,0.005229736212641001,0.0030737463384866714,0.003457992570474744,3651665152.0,1496270976.0,3607740160.0,4512439296.0,0.001419272506609559,0.022252606227993965
miura_01692,7,1.0,1.0,24.0,24.0,6.0,6.0,0.0009152938728220761,0.0007331105880439281,0.005596816074103117,0.004989546723663807,0.0031683582346886396,0.0023064373526722193,1343052800.0,2038565248.0,1089507200.0,1443220352.0,0.014020073227584362,0.022353406995534897
miura_00112,3,1.0,1.0,36.0,36.0,12.0,12.0,0.0009231955045834184,0.0007136854692362249,0.003910746891051531,0.002786976285278797,0.002541233552619815,0.0014012694591656327,2823262464.0,3107258368.0,3105421312.0,4492783104.0,0.0003915145352948457,0.012891514226794243
miura_01276,2,1.0,1.0,36.0,36.0,6.0,6.0,0.0007848856621421874,0.0005129780038259923,0.005817917175590992,0.00341579201631248,0.003890874097123742,0.0010009445250034332,2672906240.0,2509824000.0,1260513792.0,2297357056.0,0.0036516557447612286,0.020318321883678436
miura_00345,11,1.0,1.0,36.0,24.0,9.0,9.0,0.0005313088186085224,0.0006019229767844081,0.0027523431926965714,0.002562842797487974,0.003532695583999157,0.0011564545566216111,3427521792.0,1181230592.0,2177396480.0,1464713728.0,0.0014146864414215088,0.09724801778793335
miura_01610,14,1.0,1.0,24.0,24.0,12.0,12.0,0.0009849626803770661,0.0006608330295421183,0.0022873415146023035,0.00140169367659837,0.0035570221953094006,0.0014842876698821783,1240895232.0,2011901824.0,2544589056.0,3889375488.0,0.0019119346980005503,0.15607860684394836
miura_01396,10,1.0,1.0,30.0,36.0,9.0,12.0,0.0008032459882088006,0.0005908885505050421,0.0014406121335923672,0.0016898894682526588,0.002722347155213356,0.001671093050390482,3573296640.0,4443484672.0,2738993920.0,2023163648.0,0.00131009251344949,0.2679767608642578
miura_01055,2,1.0,1.0,30.0,36.0,9.0,9.0,0.0006599272601306438,0.0007538291974924505,0.0016278059920296073,0.001324328244663775,0.0012463540770113468,0.001170373521745205,3677498368.0,1928374272.0,1240724736.0,1785980544.0,0.00046155520249158144,0.2546282112598419
miura_00759,10,1.0,1.0,30.0,24.0,12.0,12.0,0.0008322462672367692,0.0007074960740283132,0.0029076237697154284,0.001889407983981073,0.0037721076514571905,0.0012000686256214976,2506905856.0,1799990912.0,2026903168.0,2412561664.0,0.004761596210300922,0.12142826616764069
miura_01232,6,1.0,1.0,30.0,36.0,6.0,6.0,0.0009481294546276331,0.000774076150264591,0.0032923000399023294,0.001883134595118463,0.0020963249262422323,0.0010823480552062392,4981301248.0,4288825088.0,2261427456.0,4678742528.0,0.0018301625968888402,0.014330162666738033
miura_01987,14,1.0,1.0,36.0,36.0,12.0,12.0,0.0007922071381472051,0.0007374634733423591,0.0036611713003367186,0.0032687231432646513,0.003740419168025255,0.002998004900291562,2552441088.0,2320076288.0,4493293056.0,4981199872.0,0.00040348779293708503,0.00040348779293708503
miura_01200,10,1.0,1.0,36.0,36.0,9.0,12.0,0.0007459071348421276,0.0005732059944421053,0.0015273651806637645,0.0014521778794005513,0.002917456440627575,0.0011851310264319181,4916021248.0,4492758528.0,1728587520.0,1218489856.0,0.0015554337296634912,0.3598887622356415
miura_00368,3,1.0,1.0,24.0,24.0,12.0,12.0,0.000626803666818887,0.0005433796904981136,0.001742869382724166,0.0015711903106421232,0.002655326621606946,0.002256921026855707,2722441216.0,3764359680.0,3365949952.0,3777101056.0,0.001252155052497983,0.20958548784255981
miura_00787,2,1.0,1.0,24.0,24.0,6.0,6.0,0.0009431018843315542,0.0009496418642811477,0.0033510569483041763,0.0033273063600063324,0.002315166173502803,0.0023783964570611715,4324191744.0,4252398592.0,3094001408.0,3266948352.0,0.0016004319768399,0.0016004319768399
miura_00070,9,1.0,1.0,30.0,24.0,6.0,6.0,0.0005693950224667788,0.0005890611791983247,0.0021104433108121157,0.002477414207533002,0.0018230106215924025,0.0012249071151018143,2371014400.0,2084897024.0,4364889088.0,2759511296.0,0.006101822014898062,0.01860182173550129
miura_01485,10,1.0,1.0,24.0,24.0,12.0,12.0,0.0005694306455552578,0.0005497888196259737,0.0035017698537558317,0.0034143049269914627,0.003215489676222205,0.002870864002034068,1409195648.0,1484695808.0,4169203712.0,4251000832.0,0.00133543461561203,0.1305021047592163
miura_01634,1,1.0,1.0,30.0,30.0,9.0,9.0,0.0009810604387894273,0.0007752625388093293,0.0033680403139442205,0.00225080456584692,0.002657842356711626,0.0012815175577998161,3581983744.0,3541726464.0,3323821312.0,4897015808.0,0.004444609396159649,0.012777943164110184
miura_01757,0,1.0,1.0,30.0,30.0,12.0,12.0,0.0009625422535464168,0.0006614876328967512,0.0039587258361279964,0.002007133327424526,0.003261542646214366,0.001112482394091785,1779082752.0,1896116224.0,1463609984.0,3521928192.0,0.00454313401132822,0.050376467406749725
miura_01179,0,1.0,1.0,36.0,36.0,9.0,9.0,0.0005164816975593567,0.0007857611635699868,0.004266302566975355,0.005555101670324802,0.002326784422621131,0.003424266818910837,2972715776.0,1187865088.0,3783069184.0,2851570944.0,0.003721764776855707,0.01622176542878151
miura_01493,14,1.0,1.0,24.0,24.0,9.0,9.0,0.0006381389684975147,0.0009410152561031282,0.0033035362139344215,0.0047675794921815395,0.001034518820233643,0.00228362949565053,3800802816.0,2407020288.0,2635216128.0,1956258944.0,0.002226209733635187,0.002226209733635187
miura_00428,11,1.0,1.0,36.0,30.0,9.0,9.0,0.0007756948471069336,0.0005824251566082239,0.004813388921320438,0.0029909959994256496,0.0038770309183746576,0.0010009445250034332,3702710016.0,2416475136.0,1363328768.0,1994631296.0,0.003827899694442749,0.02882790006697178
miura_01029,2,1.0,1.0,30.0,36.0,6.0,6.0,0.0006969118840061128,0.0005966579774394631,0.005023708567023277,0.003081005532294512,0.00139996234793216,0.0010009445250034332,4828225024.0,3531012096.0,1186385664.0,2813009664.0,0.0028134940657764673,0.015313494019210339
miura_00712,12,1.0,1.0,36.0,36.0,6.0,6.0,0.0008975179516710341,0.0009979053866118193,0.0010899080662056804,0.0010217727394774556,0.003946032375097275,0.0029346190858632326,3863456256.0,1849042688.0,1161230592.0,1120599936.0,0.001258883043192327,0.45125889778137207
miura_00586,4,1.0,1.0,36.0,24.0,6.0,6.0,0.0005451483884826303,0.0005426977877505124,0.0032497793436050415,0.0031756716780364513,0.0037632742896676064,0.0013888716930523515,1118391424.0,1006209344.0,1572009472.0,1343566976.0,0.013814116828143597,0.10131411999464035
miura_00717,9,1.0,1.0,24.0,36.0,12.0,12.0,0.0009161510970443487,0.0008832433959469199,0.002393031259998679,0.0015302483225241303,0.0017731223488226533,0.0015086072962731123,4938145280.0,3559964160.0,1796051200.0,4772851200.0,0.00896129384636879,0.12146129459142685
miura_00516,9,1.0,1.0,24.0,30.0,9.0,12.0,0.0007999823428690434,0.0006657178164459765,0.0016705431044101715,0.0018330191960558295,0.003374222433194518,0.002392099006101489,4230189056.0,4057219840.0,4353337344.0,4140681984.0,0.005493258126080036,0.14715991914272308
miura_01295,10,1.0,1.0,24.0,24.0,12.0,12.0,0.0007822843617759645,0.0008517849491909146,0.002660323167219758,0.0013360668672248721,0.00393581623211503,0.0012574217980727553,4174444544.0,1006209344.0,1399363328.0,2929885184.0,0.002931620692834258,0.18626494705677032
miura_00794,9,1.0,1.0,30.0,36.0,12.0,12.0,0.0007375961868092418,0.0006819876725785434,0.0018244958482682705,0.0017745464574545622,0.002967222360894084,0.003121176967397332,3875535360.0,4497903104.0,3443034112.0,4642653696.0,0.0016551429871469736,0.1516551375389099
miura_01347,5,1.0,1.0,24.0,30.0,6.0,6.0,0.000788644072599709,0.000940130150411278,0.0035746104549616575,0.004926616325974464,0.001024614437483251,0.0025331215001642704,2033279104.0,2232609536.0,2373257472.0,2202643200.0,0.0009157849126495421,0.0009157849126495421
miura_01236,12,1.0,1.0,36.0,30.0,6.0,6.0,0.000635579985100776,0.0006506338831968606,0.004426414147019386,0.0028356018010526896,0.0036983864847570658,0.0010706750908866525,3319541760.0,1006209344.0,1141144320.0,1773578112.0,0.006884653586894274,0.031884655356407166
miura_01819,8,1.0,1.0,24.0,24.0,12.0,12.0,0.0009836209937930107,0.0007917086477391422,0.0028168940916657448,0.0020473666954785585,0.00290113827213645,0.0016149738803505898,3319537408.0,4242671872.0,3251006464.0,3871405056.0,0.009610701352357864,0.07627736777067184
miura_00369,2,1.0,1.0,30.0,24.0,12.0,12.0,0.0005121021531522274,0.0005687879747711122,0.002227623015642166,0.0029697569552809,0.0036723327357321978,0.0032482247333973646,1194453888.0,1111013120.0,4644651008.0,2336391680.0,0.000572249642573297,0.2547389268875122
miura_01711,10,1.0,1.0,36.0,30.0,12.0,12.0,0.0007099538343027234,0.0005405468982644379,0.002129626926034689,0.001680683926679194,0.0036622968036681414,0.0015061873709782958,2831608576.0,3288394752.0,4214398464.0,4237800448.0,0.002988669089972973,0.08632200211286545
miura_01932,11,1.0,1.0,30.0,30.0,9.0,9.0,0.0009462939342483878,0.0007638954557478428,0.002065605716779828,0.0016266254242509604,0.002868511015549302,0.001472656731493771,4725630976.0,4536820736.0,3827998464.0,4798531584.0,0.0017774739535525441,0.06011080741882324
miura_01488,8,1.0,1.0,24.0,36.0,6.0,6.0,0.0009994935244321823,0.0008302215137518942,0.0011502493871375918,0.0010732411174103618,0.0025959203485399485,0.0025495116133242846,3784838144.0,4570300416.0,3439992832.0,4930549760.0,0.00277719646692276,0.13611052930355072
miura_01494,7,1.0,1.0,24.0,24.0,12.0,12.0,0.0005305533413775265,0.000571053649764508,0.002355929696932435,0.0028232985641807318,0.0036690467968583107,0.003736776765435934,1623298176.0,1843059328.0,4662288896.0,3377129984.0,0.00159065006300807,0.2224239856004715
miura_01194,4,1.0,1.0,36.0,30.0,6.0,6.0,0.0007706372998654842,0.0008543190779164433,0.0034828658681362867,0.0044130077585577965,0.001676533604040742,0.0017887938302010298,1154692480.0,1006209344.0,2469010432.0,1728858496.0,0.004418493714183569,0.012751827016472816
miura_01077,10,1.0,1.0,24.0,24.0,12.0,12.0,0.0005532603245228529,0.0006201448850333691,0.0028971689753234386,0.002186418743804097,0.0035385084338486195,0.0018487735651433468,3834756096.0,1732189824.0,3853142528.0,4655414784.0,0.0024028122425079346,0.0732361450791359
miura_00238,12,1.0,1.0,36.0,24.0,12.0,12.0,0.0009287345455959439,0.0009140197071246803,0.0016079467022791505,0.001209243549965322,0.003637358546257019,0.0011358332121744752,3112016640.0,1670229120.0,2799039488.0,2072890624.0,0.003614056156948209,0.2661140561103821
miura_01928,11,1.0,1.0,30.0,36.0,9.0,9.0,0.0008047828450798988,0.000745584664400667,0.005198932718485594,0.0033430717885494232,0.0024482428561896086,0.0012178558390587568,4281752576.0,2087641856.0,2421215232.0,4654105088.0,0.002733137458562851,0.002733137458562851
miura_00620,11,1.0,1.0,30.0,30.0,6.0,6.0,0.0008879047818481922,0.0005595075781457126,0.0021079862490296364,0.0018902821466326714,0.0015760959358885884,0.0010366541100665927,1634527744.0,4529131008.0,2695664128.0,3252534784.0,0.005508878733962774,0.026342211291193962
miura_00255,1,1.0,1.0,36.0,36.0,9.0,9.0,0.0009707862627692521,0.0008937481907196343,0.0018924446776509285,0.0018534138798713684,0.0014976966194808483,0.001192377763800323,3966567168.0,4221528832.0,4906575872.0,4626978304.0,0.0008130084024742246,0.029979674145579338
miura_00232,0,1.0,1.0,36.0,36.0,12.0,12.0,0.0007278984994627535,0.0006376513047143817,0.003167653689160943,0.0020966650918126106,0.0028370169457048178,0.0013919742777943611,2297213696.0,1652847616.0,2768237312.0,4548432896.0,0.0005632390966638923,0.02972990646958351
miura_00383,4,1.0,1.0,36.0,30.0,6.0,6.0,0.0006178099429234862,0.0009474215330556035,0.002740998985245824,0.0029422256629914045,0.0022976952604949474,0.0021343796979635954,4731790336.0,1241123584.0,2173444096.0,1745208320.0,0.0006730338209308684,0.02567303366959095
miura_01287,2,1.0,1.0,24.0,30.0,9.0,9.0,0.000759451650083065,0.0005099522531963885,0.0017112520290538669,0.001355996704660356,0.0011552295181900263,0.0010907152900472283,1027037952.0,2566013696.0,2015545984.0,3669773824.0,0.000783231109380722,0.08411656320095062
miura_00682,6,1.0,1.0,30.0,24.0,9.0,9.0,0.0005351009895093739,0.0006444939645007253,0.0020081603433936834,0.0024511285591870546,0.003799594473093748,0.002750263549387455,2369083904.0,1230012288.0,4731315200.0,2695893504.0,0.003186237532645464,0.16151957213878632
miura_01042,7,1.0,1.0,36.0,36.0,12.0,12.0,0.000892532232683152,0.0009676829795353115,0.0013308912748470902,0.001233333139680326,0.0011481044348329306,0.0010987225687131286,4950853120.0,3725996288.0,1475654400.0,1243687424.0,0.0030336009804159403,0.3738669455051422
miura_00435,2,1.0,1.0,36.0,36.0,9.0,9.0,0.0007585778366774321,0.0005782386288046837,0.002442162251099944,0.002185387536883354,0.002530957804992795,0.001690907753072679,1774003584.0,2545594624.0,3265852928.0,3801092864.0,0.0008599220309406519,0.034193255007267
miura_00384,13,1.0,1.0,24.0,24.0,6.0,6.0,0.0005467229639180005,0.0007934458553791046,0.0031513781286776066,0.0038096255157142878,0.0016387809300795197,0.002322237007319927,2566295808.0,1006209344.0,3878040576.0,3165145344.0,0.0007913636509329081,0.029958030208945274
miura_01172,12,1.0,1.0,24.0,24.0,9.0,9.0,0.0009946582140401006,0.0008500109543092549,0.005758940242230892,0.005125659517943859,0.0017552931094542146,0.0013067360268905759,1650743168.0,2028666624.0,4398341120.0,4583322624.0,0.006346979644149542,0.006346979644149542
miura_01320,7,1.0,1.0,24.0,24.0,6.0,6.0,0.0005027375882491469,0.0005519178230315447,0.004626004491001368,0.0034546793904155493,0.0023469056468456984,0.0010602602269500494,2072039168.0,1006209344.0,1052193280.0,1921510272.0,0.03891468420624733,0.07641468197107315
miura_01434,6,1.0,1.0,36.0,36.0,9.0,9.0,0.0007039860938675702,0.0006401328719221056,0.002713700057938695,0.002255461411550641,0.0034270286560058594,0.002104430226609111,3036628736.0,2343677184.0,3579176704.0,4527196672.0,0.0006589784170500934,0.021492311730980873
miura_00732,0,1.0,1.0,36.0,30.0,9.0,9.0,0.0006616816972382367,0.0007210178300738335,0.002783155534416437,0.0023945302236825228,0.002428293228149414,0.00108591397292912,3356896512.0,1370133760.0,2630809088.0,2597785856.0,0.0021496950648725033,0.0313163623213768
miura_01732,2,1.0,1.0,30.0,30.0,6.0,6.0,0.0009154631989076734,0.0006547169177792966,0.002593192970380187,0.002110622590407729,0.0024803851265460253,0.001570196240209043,2360297472.0,3841612544.0,3388706816.0,4560829440.0,0.0019448782550171018,0.0019448782550171018
miura_00747,1,1.0,1.0,24.0,24.0,9.0,9.0,0.0007077945047058165,0.0006695630145259202,0.0047758216969668865,0.0044039832428097725,0.0033812555484473705,0.002502746880054474,1894219264.0,1775246208.0,4634090496.0,4512814592.0,0.0024146931245923042,0.01491469331085682
miura_00343,6,1.0,1.0,30.0,24.0,12.0,12.0,0.0008334690937772393,0.0009262810926884413,0.005614911671727896,0.005241638980805874,0.0023552379570901394,0.0015377518720924854,4061066752.0,2001674624.0,4559748096.0,3882396160.0,0.0038854973390698433,0.0038854973390698433
miura_00212,4,1.0,1.0,24.0,24.0,9.0,9.0,0.0008588884375058115,0.000855008140206337,0.005753206089138985,0.005006520543247461,0.0018875831738114357,0.0013608800945803523,2545903616.0,1688944640.0,4075969024.0,4433707008.0,0.003949542995542288,0.003949542995542288
miura_01433,5,1.0,1.0,36.0,36.0,9.0,9.0,0.0008217497379519045,0.0005284989019855857,0.0037200236693024635,0.003033867571502924,0.0019887350499629974,0.0012284059775993228,1726710016.0,3523310848.0,3455822592.0,4572274176.0,0.005106723867356777,0.005106723867356777
miura_00213,11,1.0,1.0,30.0,24.0,6.0,6.0,0.0005760316853411496,0.0006695968331769109,0.003882431425154209,0.0032641240395605564,0.0036068919580429792,0.0013257183600217104,4145386496.0,1205536768.0,4805950464.0,4085693440.0,0.011023277416825294,0.019356610253453255
miura_01992,5,1.0,1.0,36.0,36.0,9.0,9.0,0.0005554898525588214,0.0006336501683108509,0.00127338373567909,0.0014401784865185618,0.0036100212018936872,0.0030065698083490133,2540653824.0,1491954560.0,1179265536.0,1002466624.0,0.0008332364377565682,0.5383332371711731
miura_00440,15,1.0,1.0,24.0,24.0,9.0,9.0,0.000914788048248738,0.0005792521988041699,0.0030868465546518564,0.001886952668428421,0.0032031184528023005,0.0012143864296376705,1726693248.0,2588620544.0,2577895936.0,4754983424.0,0.002680304693058133,0.006846971344202757
miura_00916,5,1.0,1.0,24.0,24.0,9.0,9.0,0.0005435492494143546,0.0005326346145011485,0.002700074575841427,0.0018545014318078756,0.0038394592702388763,0.0019314404344186187,2261139712.0,1006209344.0,1267062528.0,1829025920.0,0.0003655334876384586,0.30036553740501404
miura_00996,13,1.0,1.0,30.0,36.0,12.0,12.0,0.0008432512986473739,0.000861779844854027,0.00381816946901381,0.002483967924490571,0.002241309732198715,0.0013782464666292071,4750484992.0,2634337536.0,2603571200.0,4707435008.0,0.004393063485622406,0.021059731021523476
miura_01457,6,1.0,1.0,36.0,36.0,9.0,9.0,0.0008754428708925843,0.0005279096076264977,0.0057464297860860825,0.004398113116621971,0.003130473894998431,0.0013110489817336202,1985781248.0,3780573184.0,4013108736.0,4393590784.0,0.0013603067491203547,0.0013603067491203547
miura_01251,12,1.0,1.0,36.0,36.0,9.0,9.0,0.0009930968517437577,0.0009803391294553876,0.003461722983047366,0.00428182166069746,0.001008570659905672,0.0010687061585485935,4114441984.0,4820620288.0,4340902912.0,2984515584.0,0.005131690297275782,0.009298357181251049
miura_01006,4,1.0,1.0,30.0,36.0,9.0,9.0,0.0007233635988086462,0.0005582959274761379,0.002918688114732504,0.002528018318116665,0.0014291263651102781,0.0011400599032640457,2565355776.0,3872476672.0,3317652224.0,4624107008.0,0.004034864716231823,0.004034864716231823
miura_01811,7,1.0,1.0,24.0,24.0,12.0,12.0,0.0007843911880627275,0.0007351370877586305,0.005937541369348764,0.005288161803036928,0.0017881998792290688,0.0013777024578303099,2109265408.0,1893051264.0,4777699328.0,4624416256.0,0.011859162710607052,0.016025830060243607
miura_00248,8,1.0,1.0,24.0,24.0,12.0,12.0,0.0007184727001003921,0.0007302769226953387,0.004855968523770571,0.0030249846167862415,0.003074228297919035,0.001286335987970233,3388252160.0,1358684672.0,1992572160.0,3416919552.0,0.001005467725917697,0.001005467725917697
miura_01629,0,1.0,1.0,24.0,24.0,6.0,6.0,0.0007775346166454256,0.0006734568742103875,0.0023266486823558807,0.001845804275944829,0.0019437370356172323,0.0010009445250034332,1258941568.0,1006209344.0,1570923392.0,2237872128.0,0.0028302681166678667,0.04033026844263077
miura_01282,0,1.0,1.0,36.0,36.0,6.0,6.0,0.0006113153649494052,0.0008844968979246914,0.003969111014157534,0.005579151678830385,0.0017062867991626263,0.0030173182021826506,4486325760.0,2652283392.0,3335030528.0,2287370752.0,0.0004103138926438987,0.0004103138926438987
miura_00412,1,1.0,1.0,36.0,36.0,6.0,6.0,0.0008152555674314499,0.0005864676204510033,0.0014347867108881474,0.0010983453830704093,0.003667243057861924,0.0013722857693210244,3989219840.0,4497693184.0,4438049280.0,4903072256.0,0.001459395163692534,0.05979272723197937
miura_01136,15,1.0,1.0,36.0,36.0,6.0,6.0,0.0008094513323158026,0.0009040268487296999,0.004549351520836353,0.004727283027023077,0.0030590309761464596,0.003408222459256649,2236108032.0,1696832000.0,4451697664.0,4286042112.0,0.0014682759065181017,0.0014682759065181017
miura_01148,5,1.0,1.0,24.0,24.0,12.0,12.0,0.000767308403737843,0.0009961281903088093,0.004861994180828333,0.004940839018672705,0.001928811427205801,0.002086304361000657,4833253888.0,2273371904.0,2141823232.0,2063610880.0,0.0003043560136575252,0.0003043560136575252
miura_00578,9,1.0,1.0,36.0,36.0,9.0,9.0,0.0007666966412216425,0.0009483590838499367,0.005073989275842905,0.00512926047667861,0.00236121634952724,0.002177779795601964,4766708224.0,2026651520.0,1416522368.0,1580295552.0,0.006412861868739128,0.027246195822954178
miura_01435,9,1.0,1.0,30.0,24.0,9.0,9.0,0.0005472879856824875,0.0005378986825235188,0.005903579294681549,0.0051858383230865,0.0036208985839039087,0.0019135127076879144,2820150784.0,2211288320.0,2956220672.0,2592592384.0,0.003320407820865512,0.02832040749490261
miura_00306,11,1.0,1.0,30.0,30.0,12.0,12.0,0.0007892791763879359,0.0007891152636148036,0.004730663262307644,0.005450836848467588,0.001438509556464851,0.0015578491147607565,1541805440.0,1662135936.0,3206490624.0,2501699584.0,0.00578514626249671,0.00578514626249671
miura_01667,15,1.0,1.0,30.0,30.0,6.0,6.0,0.0008683893829584122,0.0008730550180189312,0.004500542767345905,0.00493217958137393,0.002036646706983447,0.0022943285293877125,3877270784.0,3883988224.0,2174648064.0,2035840768.0,0.0009500232990831137,0.0009500232990831137
miura_01456,7,1.0,1.0,24.0,30.0,9.0,9.0,0.0009617851465009153,0.0008342886576429009,0.0029638251289725304,0.0020120120607316494,0.0012682736851274967,0.0011950222542509437,2242078720.0,2481581056.0,2222003968.0,4736094208.0,0.0025984272360801697,0.015098427422344685
miura_00867,8,1.0,1.0,24.0,30.0,6.0,6.0,0.0008790800347924232,0.000882756314240396,0.0037515631411224604,0.003360785311087966,0.002142096171155572,0.002592849312350154,1423970432.0,1207410944.0,2775678208.0,4251995392.0,0.001084997202269733,0.005251663736999035
miura_00761,11,1.0,1.0,36.0,30.0,12.0,12.0,0.0009731574100442231,0.000987132778391242,0.003486730856820941,0.0030000973492860794,0.0017840322107076645,0.0011407663114368916,3507820288.0,2534453504.0,3353277696.0,3501757952.0,0.0030261322390288115,0.011359465308487415
miura_00395,13,1.0,1.0,36.0,36.0,12.0,12.0,0.0006463031168095767,0.0007326070335693657,0.0036857209634035826,0.0036051792558282614,0.003845014376565814,0.003526548622176051,3064929536.0,1819438464.0,4543347712.0,4618389504.0,0.0008320465567521751,0.009165380150079727
miura_01260,14,1.0,1.0,24.0,24.0,6.0,6.0,0.000972412119153887,0.000707184721250087,0.0018682134104892612,0.001676297397352755,0.003790958086028695,0.002182159572839737,3095365888.0,4718414336.0,4350108672.0,4793603072.0,0.002273223362863064,0.01893988996744156
miura_01273,14,1.0,1.0,36.0,36.0,6.0,6.0,0.000851712073199451,0.0007340431329794228,0.004063065629452467,0.002920290920883417,0.0026069963350892067,0.0013258492108434439,2295633664.0,1892826112.0,2912572928.0,4296963072.0,0.00047718919813632965,0.00047718919813632965
miura_00121,12,1.0,1.0,36.0,36.0,6.0,6.0,0.0007925606914795935,0.0008467542938888073,0.001194510143250227,0.001000364194624126,0.003181618405506015,0.0015461542643606663,4219060224.0,1760698496.0,3850392832.0,4007603968.0,0.0005070771439932287,0.14634041488170624
miura_01420,7,1.0,1.0,24.0,36.0,9.0,9.0,0.0006802012212574482,0.0006460061995312572,0.004989944864064455,0.003573409514501691,0.002510485937818885,0.0023375030141323805,2154276352.0,1562837888.0,2297266176.0,4884035072.0,0.0027705365791916847,0.006937203463166952
miura_00540,13,1.0,1.0,30.0,30.0,9.0,9.0,0.0008498604292981327,0.0005971252685412765,0.0015242723748087883,0.001000364194624126,0.0039025982841849327,0.0011155378306284547,2235684608.0,2000332672.0,3122918912.0,3993306368.0,0.0008303424692712724,0.12999701499938965
miura_00809,15,1.0,1.0,30.0,30.0,6.0,6.0,0.0009425098542124033,0.0008248863741755486,0.003845333121716976,0.003306496189907193,0.00196469877846539,0.0012819168623536825,1860100608.0,1865953408.0,4082486016.0,4582287872.0,0.0004002273781225085,0.0004002273781225085
miura_01274,8,1.0,1.0,30.0,24.0,6.0,6.0,0.0005118366680108011,0.0007229892653413117,0.005229949951171875,0.0053257448598742485,0.002063965192064643,0.001333319814875722,4668483584.0,1164019200.0,4949180928.0,3613213184.0,0.004128531087189913,0.00829519797116518
miura_00307,10,1.0,1.0,30.0,36.0,9.0,9.0,0.0009757689549587667,0.0007858886383473873,0.0030935725662857294,0.001589131192304194,0.002750872168689966,0.001248398213647306,4820647424.0,3567898368.0,2001320448.0,4756199936.0,0.0013776601990684867,0.051377661526203156
miura_00136,12,1.0,1.0,24.0,24.0,12.0,12.0,0.0009133731364272535,0.0009092400432564318,0.003975003492087126,0.0029974780045449734,0.0013410033425316215,0.001048763981088996,4526630912.0,3766573568.0,2607530496.0,3787540224.0,0.0035953037440776825,0.0035953037440776825
miura_00554,12,1.0,1.0,24.0,24.0,6.0,6.0,0.0005611752276308835,0.0007038087351247668,0.002034747740253806,0.002061220584437251,0.003575673094019294,0.002923889784142375,4250517248.0,1896672128.0,4598035456.0,4466997760.0,0.0029393367003649473,0.06543933600187302
miura_00585,1,1.0,1.0,24.0,24.0,12.0,12.0,0.000811685633379966,0.0006735989591106772,0.0058452109806239605,0.004912523087114096,0.0016896225279197097,0.0011286260560154915,1489651584.0,1866256000.0,2702909440.0,3131874816.0,0.0013852774864062667,0.0013852774864062667
miura_00487,9,1.0,1.0,36.0,36.0,9.0,9.0,0.0009942325996235013,0.000806691765319556,0.0013142642565071583,0.0011889723828062415,0.003465409157797694,0.002217330504208803,1017208960.0,1217729536.0,1643904768.0,1366855808.0,0.0006031512166373432,0.408936470746994
miura_00423,8,1.0,1.0,36.0,36.0,12.0,12.0,0.0008021448738873005,0.0006300503155216575,0.0016058061737567186,0.001880747266113758,0.0035975228529423475,0.003636104054749012,2191635968.0,4674859008.0,4772719616.0,3955037440.0,0.0011117503745481372,0.18861174583435059
miura_01538,11,1.0,1.0,24.0,24.0,6.0,6.0,0.000741378462407738,0.0007237099925987422,0.004180086776614189,0.00358655140735209,0.0026890416629612446,0.0017027881694957614,1818970752.0,1163485184.0,3628294912.0,3923652352.0,0.0015443195588886738,0.018210986629128456
miura_00834,0,1.0,1.0,24.0,24.0,12.0,12.0,0.0006416529649868608,0.0007490478456020355,0.0011422999668866396,0.0010704168817028403,0.0027325230184942484,0.003674478502944112,4584354304.0,4156558336.0,4323191296.0,4012083456.0,0.0010731159709393978,0.3844064474105835
miura_00110,10,1.0,1.0,30.0,36.0,12.0,12.0,0.0007263454608619213,0.000670292298309505,0.0021364993881434202,0.0017957899253815413,0.001491521019488573,0.0015529489610344172,3902775040.0,4430432768.0,2812157440.0,4642595328.0,0.00261393073014915,0.07761392742395401
miura_01416,12,1.0,1.0,30.0,30.0,6.0,6.0,0.0009972701082006097,0.0009356985101476312,0.0044172536581754684,0.003519382793456316,0.003609104547649622,0.0020071817561984062,3583601920.0,2323963136.0,2455598592.0,2971149824.0,0.0005089595215395093,0.0005089595215395093
miura_01472,12,1.0,1.0,36.0,24.0,12.0,12.0,0.0009641296346671879,0.0009619870106689632,0.001136115868575871,0.001000364194624126,0.003590228734537959,0.0012778652599081397,3267515904.0,1902222592.0,4485335552.0,3027360768.0,0.0096931466832757,0.2596931457519531
miura_00240,7,1.0,1.0,24.0,24.0,12.0,12.0,0.000711869855877012,0.0009818259859457612,0.0013438548194244504,0.001139177125878632,0.001041841460391879,0.001228168373927474,3420876544.0,1640111232.0,1475547776.0,1697938944.0,0.0014931880868971348,0.3181598484516144
miura_00906,5,1.0,1.0,36.0,36.0,6.0,6.0,0.0009152221609838307,0.0009567629313096404,0.0010382116306573153,0.001000364194624126,0.0030042133294045925,0.0032173253130167723,4236066560.0,3775678208.0,2769787392.0,2175722496.0,0.0011123736621811986,0.35111236572265625
miura_00509,12,1.0,1.0,36.0,30.0,12.0,12.0,0.0005489062750712037,0.0008479548851028085,0.0024977021384984255,0.0022011264227330685,0.0015522176399827003,0.0011802734807133675,4915076096.0,1023855424.0,1236796928.0,1423404672.0,0.004023590125143528,0.16652359068393707
miura_01721,11,1.0,1.0,36.0,36.0,9.0,9.0,0.0007787825888954103,0.0005776952602900565,0.0025998882483690977,0.0024636629968881607,0.0014278792077675462,0.0010009445250034332,1108761344.0,1868246912.0,1830304768.0,1954559872.0,0.0005397691274993122,0.06303977221250534
miura_01249,6,1.0,1.0,30.0,30.0,12.0,12.0,0.0009997220477089286,0.0009674837929196656,0.0010749684879556298,0.001000364194624126,0.0016820657765492797,0.0014016511850059032,1188251136.0,1200733184.0,2291907840.0,2344219904.0,0.003518272889778018,0.30768492817878723
miura_01477,13,1.0,1.0,36.0,36.0,6.0,6.0,0.0008482112316414714,0.0008349159616045654,0.0048737674951553345,0.003815172938629985,0.003631312632933259,0.002274119760841131,3525416192.0,2279817728.0,3390420992.0,4437308928.0,0.0002768760605249554,0.0002768760605249554
miura_00707,2,1.0,1.0,36.0,36.0,12.0,12.0,0.0009422250441275537,0.0008586680050939322,0.0016031621489673853,0.0014056029031053185,0.0016002821503207088,0.001313922111876309,3627852288.0,4184973824.0,3315700736.0,4138658816.0,0.012398662976920605,0.15823200345039368
miura_00706,0,1.0,1.0,30.0,30.0,6.0,6.0,0.000754788052290678,0.0007232228526845574,0.0042645796202123165,0.004222288262099028,0.0019074485171586275,0.0017874393379315734,1585086976.0,1524449280.0,3535601152.0,3641154304.0,0.0005666171782650054,0.004733284004032612
miura_00773,5,1.0,1.0,36.0,24.0,6.0,6.0,0.0005073046777397394,0.0005413535400293767,0.0021876655519008636,0.0021083359606564045,0.0032331938855350018,0.001162306172773242,1985911936.0,1006209344.0,1996112256.0,1458490496.0,0.0026285131461918354,0.13179518282413483
miura_01730,11,1.0,1.0,24.0,36.0,12.0,12.0,0.0007231439230963588,0.0006829758058302104,0.005315480753779411,0.005312095861881971,0.0010267851175740361,0.0020464351400732994,1769156736.0,2659414016.0,3144033536.0,4663646720.0,0.0063077607192099094,0.0063077607192099094
miura_01820,6,1.0,1.0,24.0,36.0,9.0,9.0,0.0007911546854302287,0.0006126405787654221,0.002664330182597041,0.002096755662932992,0.0023347612004727125,0.0021427434403449297,3780876032.0,4944178688.0,2520484608.0,4946128384.0,0.0017145497258752584,0.026714550331234932
miura_01280,15,1.0,1.0,36.0,24.0,9.0,9.0,0.0007514715543948114,0.0006102106999605894,0.0012572758132591844,0.0011210356606170535,0.0034039318561553955,0.0010808337246999145,2855476736.0,2687102208.0,4838423040.0,2808096256.0,0.0017072136979550123,0.16837388277053833
miura_01957,9,1.0,1.0,30.0,36.0,9.0,9.0,0.0008942922577261925,0.0006356798694469035,0.005339745432138443,0.004228424280881882,0.0014072720659896731,0.0010009445250034332,2154562048.0,3067479040.0,1553823872.0,2598662144.0,0.007205764763057232,0.011372431181371212
miura_01946,15,1.0,1.0,30.0,24.0,12.0,12.0,0.0005661061150021851,0.0006070143426768482,0.0040676710195839405,0.0030287906993180513,0.003056297544389963,0.001040786039084196,2604364288.0,1006209344.0,1855533824.0,2137230336.0,0.00945207942277193,0.034452080726623535
miura_01031,1,1.0,1.0,24.0,36.0,12.0,12.0,0.0007818049634806812,0.0007888535037636757,0.004304889589548111,0.00233076442964375,0.003578866133466363,0.002853630343452096,3112495872.0,1672016128.0,1490644352.0,4928933376.0,0.0007727443007752299,0.03827274590730667
miura_00945,15,1.0,1.0,30.0,30.0,12.0,12.0,0.0005440527456812561,0.0008339275955222547,0.002961642574518919,0.0033806574065238237,0.001444705412723124,0.0017873136093840003,3639539712.0,1172442624.0,4781555712.0,3917248256.0,0.0009195010061375797,0.0009195010061375797
miura_01467,2,1.0,1.0,36.0,30.0,9.0,9.0,0.000811188539955765,0.0007614564383402467,0.0034250046592205763,0.0030091821681708097,0.0031167310662567616,0.0016662352718412876,4477307904.0,3187454464.0,4667593728.0,4489238528.0,0.0020080276299268007,0.0020080276299268007
miura_00782,7,1.0,1.0,30.0,24.0,12.0,12.0,0.0009922805475071073,0.000858647224958986,0.0027754148468375206,0.0020469792652875185,0.0028577852062880993,0.0012272534659132361,2034136320.0,1958985856.0,4612088320.0,4363495424.0,0.01810901053249836,0.03894234448671341
miura_01382,2,1.0,1.0,24.0,36.0,9.0,9.0,0.0006431685760617256,0.0007348665385507047,0.005951232276856899,0.004235557746142149,0.0023299239110201597,0.0024570736568421125,3606217728.0,1449339776.0,1658834688.0,4022868992.0,0.00538122421130538,0.00538122421130538
miura_00271,6,1.0,1.0,24.0,24.0,12.0,12.0,0.0005596744013018906,0.0009525128407403827,0.004277112893760204,0.004336195066571236,0.001954799983650446,0.002326316200196743,3747678976.0,1006209344.0,1753460864.0,1932947200.0,0.005400591995567083,0.013733925297856331
miura_01991,1,1.0,1.0,36.0,36.0,6.0,6.0,0.0008901654509827495,0.0005796972545795143,0.004378548823297024,0.003215450793504715,0.0012053877580910921,0.0010009445250034332,2268337920.0,4910889472.0,1804734976.0,2812393472.0,0.006177722476422787,0.0186777226626873
miura_00776,15,1.0,1.0,30.0,36.0,9.0,9.0,0.0005840598605573177,0.0007828499074093997,0.00567066902294755,0.004658456891775131,0.00365108298137784,0.0029697802383452654,4851227648.0,1292875392.0,2830024448.0,4068594944.0,0.0012119159800931811,0.005378582514822483
miura_01349,3,1.0,1.0,24.0,24.0,12.0,12.0,0.0005292921559885144,0.0005999126005917788,0.0034403065219521523,0.0031344343442469835,0.001095038722269237,0.0010009445250034332,2001723776.0,1381099392.0,1719004288.0,2301347072.0,0.00937859807163477,0.021878598257899284
miura_01474,11,1.0,1.0,36.0,36.0,12.0,12.0,0.0006255240878090262,0.0006980718462727964,0.004574441350996494,0.0040447586216032505,0.0036485660821199417,0.0029709076043218374,3853975296.0,1930907136.0,4091608576.0,4802426368.0,0.004181148484349251,0.008347814902663231
miura_00557,13,1.0,1.0,36.0,36.0,9.0,9.0,0.0009651669533923268,0.0005755689926445484,0.0031976185273379087,0.00184678437653929,0.003926216159015894,0.0011982310097664595,2979516416.0,4178771968.0,2517157888.0,4500408832.0,0.0022615508642047644,0.027261551469564438
miura_00681,0,1.0,1.0,24.0,24.0,9.0,9.0,0.0005103990552015603,0.0006082755280658603,0.0015561222098767757,0.0011996760731562972,0.0022244225256145,0.0010481906356289983,4192012544.0,1343152640.0,3259860992.0,3665305600.0,0.0008594365208409727,0.10919276624917984
miura_01782,3,1.0,1.0,30.0,24.0,12.0,12.0,0.0006063167238608003,0.0009229007991962135,0.0018632342107594013,0.0022230350878089666,0.0010697671677917242,0.0011329593835398555,3630438912.0,1435222656.0,4121090560.0,2722888448.0,0.009692233987152576,0.05969223380088806
miura_00050,9,1.0,1.0,36.0,30.0,9.0,9.0,0.0005407857825048268,0.0005348141421563923,0.0013915589079260826,0.0018578468589112163,0.0030456827953457832,0.0032925643026828766,2402313216.0,3484504064.0,1956545024.0,1002466624.0,0.0006333515048027039,0.442300021648407
miura_01385,7,1.0,1.0,36.0,36.0,12.0,12.0,0.0008668545633554459,0.0008380025392398238,0.0036944951862096786,0.005513851530849934,0.0013486496172845364,0.002525252988561988,1551513728.0,3028233472.0,4320318976.0,2619331840.0,0.0011533264769241214,0.0011533264769241214
miura_00536,2,1.0,1.0,24.0,24.0,9.0,9.0,0.0005635563866235316,0.0005609078798443079,0.0024702020455151796,0.0025128975976258516,0.0035866128746420145,0.002741655334830284,1350298496.0,1145882112.0,4172455936.0,3859461376.0,0.004233796615153551,0.18756712973117828
miura_01866,11,1.0,1.0,24.0,30.0,6.0,6.0,0.0008164513856172562,0.0009391661151312292,0.0039857723750174046,0.003910168074071407,0.0019995945040136576,0.002749004168435931,3341733888.0,2394265344.0,3219860480.0,4216066560.0,0.0016072973376139998,0.0016072973376139998
miura_01035,6,1.0,1.0,36.0,36.0,9.0,9.0,0.0007851322880014777,0.0005623519537039101,0.0018739429069682956,0.001730494317598641,0.0013690703781321645,0.0010947147384285927,2103996032.0,4380711424.0,3637529088.0,4154254080.0,0.0023702855687588453,0.039870284497737885
miura_01938,4,1.0,1.0,24.0,36.0,12.0,12.0,0.0006013813544996083,0.0005986022297292948,0.002363292034715414,0.0014461303362622857,0.001664530485868454,0.0012161023914813995,4132526592.0,2365343488.0,1031419712.0,2782977792.0,0.0010777368443086743,0.18441106379032135
miura_01109,14,1.0,1.0,36.0,30.0,9.0,9.0,0.000564437301363796,0.0005987593904137611,0.002895643236115575,0.002884715562686324,0.001984852598980069,0.001037490670569241,2543950080.0,1437160960.0,1809033984.0,1477380352.0,0.002442118478938937,0.056608784943819046
miura_00748,12,1.0,1.0,24.0,24.0,12.0,12.0,0.0005724536022171378,0.0006936514982953668,0.005790260620415211,0.004389842972159386,0.003745495807379484,0.002088171197101474,4766686720.0,1583907840.0,3856807168.0,4806264832.0,0.0023081719409674406,0.010641505010426044
miura_00174,14,1.0,1.0,36.0,36.0,6.0,6.0,0.0009239120990969241,0.0005958678084425628,0.004973101895302534,0.003343559568747878,0.0021798978559672832,0.0010009445250034332,2724836352.0,3999260672.0,1504930816.0,2371120640.0,0.0015972512774169445,0.018263917416334152
miura_00826,15,1.0,1.0,30.0,30.0,6.0,6.0,0.0009127932717092335,0.0007139262743294239,0.0014085646253079176,0.0010280763963237405,0.0035655945539474487,0.0014934097416698933,4817690624.0,4445577216.0,3750853632.0,4828955136.0,0.002687338273972273,0.08602067083120346
miura_00735,8,1.0,1.0,30.0,36.0,9.0,9.0,0.0009963520569726825,0.0009399010450579226,0.004679154604673386,0.0058065662160515785,0.0018263082019984722,0.002769616898149252,3669973504.0,4604972032.0,4663056896.0,4166435328.0,0.012152853421866894,0.012152853421866894
miura_01449,1,1.0,1.0,24.0,24.0,6.0,6.0,0.0006378452526405454,0.0006001875153742731,0.0051163011230528355,0.003050293540582061,0.003511447459459305,0.0011137037072330713,3153555968.0,1335015936.0,1798382720.0,3229319680.0,0.014530000276863575,0.03119666688144207
miura_01206,2,1.0,1.0,24.0,24.0,6.0,6.0,0.0005481219268403947,0.0006108718225732446,0.002822467591613531,0.0027383791748434305,0.0030870300251990557,0.002124686958268285,4407718912.0,2393269248.0,4771062784.0,4448713728.0,0.0025680663529783487,0.031734734773635864
miura_01898,7,1.0,1.0,30.0,36.0,9.0,9.0,0.0008183906320482492,0.0008334937156178057,0.005770000163465738,0.004995082505047321,0.002119841054081917,0.0019494995940476656,2091525760.0,1276318592.0,1267623808.0,1994548480.0,0.0066739837639033794,0.010840650647878647
miura_00276,11,1.0,1.0,36.0,36.0,6.0,6.0,0.0008401605882681906,0.0007547041168436408,0.0012413000222295523,0.001000364194624126,0.0018598124152049422,0.0013349535875022411,4787672064.0,4282171648.0,2862870016.0,3313475840.0,0.001317457528784871,0.17631745338439941
miura_00024,7,1.0,1.0,30.0,30.0,12.0,12.0,0.0008620047010481358,0.0009212595759890974,0.0044092838652431965,0.004483629949390888,0.0031742355786263943,0.0037902584299445152,3485128448.0,3195398656.0,3814916352.0,3878892800.0,0.0005177489947527647,0.0005177489947527647
miura_01315,7,1.0,1.0,36.0,30.0,9.0,9.0,0.0008127771434374154,0.0006161011406220496,0.002319122664630413,0.001825958606787026,0.0032681424636393785,0.0012795183574780822,4468523520.0,4724662784.0,4935539200.0,4954019840.0,0.004413328133523464,0.02107999473810196
miura_00064,13,1.0,1.0,36.0,36.0,9.0,9.0,0.000677662726957351,0.0007268449408002198,0.005087495781481266,0.005424211733043194,0.0026938077062368393,0.002658810466527939,2268282880.0,1674378624.0,3930679296.0,3466924288.0,0.008089616894721985,0.008089616894721985
miura_01988,7,1.0,1.0,30.0,36.0,6.0,6.0,0.0009025614126585424,0.0006407946348190308,0.00118062284309417,0.0010184940183535218,0.0015699678333476186,0.0015626806998625398,2134273664.0,4475115008.0,1708657536.0,2096576384.0,0.0013104266254231334,0.2888104319572449
miura_00189,4,1.0,1.0,24.0,24.0,6.0,6.0,0.0008136548567563295,0.0009602256468497217,0.00422325124964118,0.005060084629803896,0.0017283057095482945,0.0025002644397318363,2303473408.0,1909403264.0,2573752832.0,2133673344.0,0.0011860328959301114,0.0011860328959301114
miura_01571,10,1.0,1.0,36.0,36.0,6.0,6.0,0.0006178471958264709,0.0005484715802595019,0.002349176211282611,0.0023609858471900225,0.0013398876180872321,0.0010889694094657898,3154748160.0,3771237888.0,4186765056.0,4140796416.0,0.0007099267095327377,0.004876593593508005
miura_00909,9,1.0,1.0,30.0,24.0,9.0,9.0,0.0006866755429655313,0.000592320051509887,0.0020377342589199543,0.0018051143269985914,0.00319901411421597,0.00114605319686234,2230327552.0,1767935104.0,3322925056.0,2556705280.0,0.0009165658266283572,0.08841656893491745
miura_01741,13,1.0,1.0,30.0,36.0,6.0,6.0,0.0009958186419680715,0.0008465464925393462,0.004725967068225145,0.003131803823634982,0.001549572218209505,0.0010009445250034332,4539608576.0,4412630528.0,1269608192.0,2473056000.0,0.004376634489744902,0.02937663532793522
miura_00354,6,1.0,1.0,36.0,36.0,12.0,12.0,0.0009821929270401597,0.0009338472154922783,0.002351833274587989,0.0018929393263533711,0.0015494981780648232,0.0011247541988268495,4593458688.0,3922065664.0,3310966016.0,4314406912.0,0.002181780291721225,0.04801511391997337
miura_01528,5,1.0,1.0,36.0,24.0,6.0,6.0,0.0009886306943371892,0.0005692921695299447,0.0017933589406311512,0.00200182874687016,0.0025468626990914345,0.0012645868118852377,1196248960.0,4703948800.0,1857116288.0,1170315392.0,0.002563345478847623,0.13173000514507294
miura_00783,0,1.0,1.0,24.0,30.0,9.0,9.0,0.0007628461462445557,0.0008686785004101694,0.004725104197859764,0.005994380451738834,0.0014556137612089515,0.0025929044932127,4635802624.0,4050643968.0,4806661120.0,4179625472.0,0.004999432247132063,0.004999432247132063
miura_01641,12,1.0,1.0,36.0,36.0,12.0,12.0,0.0008143646991811693,0.0006788086029700935,0.0030298987403512,0.0020520843099802732,0.002519935369491577,0.0014310870319604874,3606641408.0,3449362176.0,2746086400.0,4522540544.0,0.002771907253190875,0.048605240881443024
miura_00197,14,1.0,1.0,30.0,36.0,9.0,9.0,0.0006798289250582457,0.0008248182712122798,0.004664244595915079,0.004479753784835339,0.0029113925993442535,0.003367177676409483,3031994880.0,1531483648.0,3761084928.0,4714477056.0,0.0014708732487633824,0.0014708732487633824
miura_00466,12,1.0,1.0,36.0,36.0,9.0,9.0,0.0006788476603105664,0.0006182255456224084,0.0040364679880440235,0.003450827207416296,0.002423189114779234,0.0018324281554669142,2795857408.0,2393252352.0,2803736064.0,3764236544.0,0.008498605340719223,0.008498605340719223
miura_00352,4,1.0,1.0,30.0,30.0,6.0,6.0,0.0006397851975634694,0.0006349427276290953,0.004273091908544302,0.0037820818834006786,0.002131551969796419,0.0013572736643254757,3280124416.0,2188840960.0,3816280064.0,4095753472.0,0.001235604053363204,0.001235604053363204
miura_01015,10,1.0,1.0,30.0,24.0,6.0,6.0,0.0005761966458521783,0.0005733890575356781,0.0019871587865054607,0.0016743403393775225,0.0030918943230062723,0.0010089183924719691,4500191744.0,2127180672.0,2671814400.0,2449531136.0,0.0027679428458213806,0.04860127717256546
miura_01224,1,1.0,1.0,24.0,24.0,9.0,9.0,0.0005029562162235379,0.0005712415440939367,0.0048276446759700775,0.004519227892160416,0.002313092350959778,0.0019367801724001765,2134468224.0,1526839552.0,3446258688.0,3575726592.0,0.00602437648922205,0.039357710629701614
miura_00433,15,1.0,1.0,24.0,24.0,9.0,9.0,0.0006316581275314093,0.0006288597942329943,0.0023959758691489697,0.0022570821456611156,0.0013839334715157747,0.0010465590748935938,1325227648.0,1035027776.0,1446291712.0,1620776320.0,0.0007766275084577501,0.08827662467956543
miura_00101,8,1.0,1.0,36.0,36.0,12.0,12.0,0.0006327475421130657,0.0006524240016005933,0.0020438076462596655,0.001309140701778233,0.0028791604563593864,0.001379175577312708,2779797760.0,1239027072.0,1575258240.0,2542578432.0,0.00033432463533245027,0.23783431947231293
miura_01655,4,1.0,1.0,36.0,36.0,12.0,12.0,0.000650957808829844,0.0008514238288626075,0.0013558815699070692,0.001328100566752255,0.0010731240035966039,0.0012478319695219398,3215266816.0,1715985920.0,2570276096.0,2914132992.0,0.0030092622619122267,0.223842591047287
miura_00394,10,1.0,1.0,24.0,36.0,9.0,9.0,0.000820950954221189,0.000539447704795748,0.00458410894498229,0.0020941835828125477,0.003061524126678705,0.0011308278189972043,4524217344.0,3902562560.0,1295585536.0,4649018880.0,0.0013796837301924825,0.009713017381727695
miura_01939,7,1.0,1.0,24.0,30.0,6.0,6.0,0.0009286241256631911,0.0005300843040458858,0.003859329968690872,0.002814612351357937,0.0013292778749018908,0.0010949998395517468,1182153472.0,3977496832.0,1039822144.0,2351328256.0,0.005154445767402649,0.013487779535353184
miura_00221,10,1.0,1.0,30.0,24.0,12.0,12.0,0.000650990114081651,0.0005601576995104551,0.001341747003607452,0.001750816940329969,0.0028658495284616947,0.003436322556808591,2200642304.0,4906307584.0,4065815808.0,2314779136.0,0.0005720063927583396,0.3214053511619568
miura_00990,12,1.0,1.0,24.0,30.0,6.0,6.0,0.0008881304529495537,0.0008554428932256997,0.004791873041540384,0.0034947863314300776,0.00263966410420835,0.0022271214984357357,3204588544.0,2163976192.0,2285556480.0,4464829440.0,0.0015535334823653102,0.0015535334823653102
miura_01127,4,1.0,1.0,24.0,30.0,9.0,9.0,0.0006741700926795602,0.0006812454084865749,0.002121119061484933,0.0015377604868263006,0.0024033132940530777,0.0013228136813268065,2703188224.0,1325154816.0,3101486080.0,4689179648.0,0.000551377423107624,0.05055137723684311
miura_01052,8,1.0,1.0,36.0,36.0,12.0,12.0,0.0009288438013754785,0.0009088017977774143,0.003564685583114624,0.004736355040222406,0.00167295360006392,0.0029917408246546984,1925011328.0,3239709184.0,4008573184.0,2995157504.0,0.0013284222222864628,0.00549508910626173
miura_01978,5,1.0,1.0,30.0,30.0,12.0,12.0,0.0008447473519481719,0.0009521516039967537,0.0026495640631765127,0.00185862323269248,0.0024660758208483458,0.0013806340284645557,4129528576.0,1857499136.0,2977424384.0,4055398656.0,0.014456233941018581,0.07695623487234116
miura_00857,8,1.0,1.0,30.0,30.0,12.0,12.0,0.0005758542683906853,0.0009463641908951104,0.0034551650751382113,0.00550372339785099,0.0013417303562164307,0.0034638866782188416,4389957632.0,2388607232.0,3747856128.0,2218875136.0,0.0009182848734781146,0.0009182848734781146
miura_00609,10,1.0,1.0,30.0,36.0,12.0,12.0,0.0008845995762385428,0.000864269386511296,0.00396962882950902,0.0018592295236885548,0.003750524716451764,0.0015173805877566338,4838214144.0,1809628672.0,1531612928.0,4613251584.0,0.0014657668070867658,0.0681324303150177
miura_01257,3,1.0,1.0,30.0,30.0,9.0,9.0,0.0008237804868258536,0.0007858778117224574,0.005999229848384857,0.004914791323244572,0.0038815198931843042,0.002386661944910884,1938436224.0,1333762304.0,3230984704.0,3651171072.0,0.0014301706105470657,0.0014301706105470657
miura_01519,0,1.0,1.0,30.0,24.0,12.0,12.0,0.0007176184444688261,0.0008383206441067159,0.0034164562821388245,0.0022914570290595293,0.0038979288656264544,0.0014163845917209983,4724644864.0,1315207936.0,3900068608.0,4354587648.0,0.0013733177911490202,0.013873318210244179
miura_00743,9,1.0,1.0,36.0,36.0,9.0,9.0,0.000598049140535295,0.0005858971853740513,0.0025220143143087626,0.0021468610502779484,0.0028755399398505688,0.0016846021171659231,3442608896.0,2065494400.0,3638153216.0,4400402432.0,0.0013068463886156678,0.026306847110390663
miura_01614,15,1.0,1.0,24.0,30.0,6.0,6.0,0.000576393271330744,0.0005422518588602543,0.002104521496221423,0.0014891534810885787,0.003271490801125765,0.0013790513621643186,3745836800.0,1625506048.0,2062680576.0,3723988480.0,0.002513494109734893,0.10251349210739136
miura_00954,11,1.0,1.0,24.0,30.0,6.0,6.0,0.0009463346796110272,0.0008053294732235372,0.0058472780510783195,0.005994380451738834,0.0019250293262302876,0.0032870236318558455,2278061312.0,4712990208.0,3112993024.0,4192890880.0,0.0028812240343540907,0.0028812240343540907
miura_00950,5,1.0,1.0,36.0,36.0,12.0,12.0,0.000610656919889152,0.0007949647260829806,0.0049196407198905945,0.0052620177157223225,0.003013996407389641,0.0034380191937088966,3167493376.0,1427754240.0,4493667328.0,4197597184.0,0.006865278352051973,0.01103194523602724
miura_01637,15,1.0,1.0,36.0,24.0,6.0,6.0,0.0005327803082764149,0.0005337203620001674,0.0011040323879569769,0.0014878531219437718,0.0017737679881975055,0.0013395649148151278,2107337472.0,2504871424.0,3037783552.0,1375209856.0,0.000975430419202894,0.19680877029895782
miura_00116,9,1.0,1.0,24.0,24.0,9.0,9.0,0.0005179897416383028,0.0006276618805713952,0.0037219759542495012,0.0036437739618122578,0.003598789218813181,0.002958423225209117,4449307648.0,2243065600.0,3342650880.0,3368829440.0,0.002446995349600911,0.03994699567556381
miura_00622,2,1.0,1.0,30.0,24.0,12.0,12.0,0.0008260561735369265,0.000978472176939249,0.004193480592221022,0.004706181585788727,0.001072984072379768,0.0010438618483021855,4110313216.0,2840814592.0,2833242880.0,2164172800.0,0.001981345470994711,0.001981345470994711
miura_00840,6,1.0,1.0,24.0,24.0,6.0,6.0,0.0006509836530312896,0.0005631953827105463,0.00419569993391633,0.003084610216319561,0.0028990197461098433,0.0013355478877201676,3366675200.0,2616740352.0,2873584640.0,3873469696.0,0.005049949511885643,0.013383283279836178
miura_01789,14,1.0,1.0,36.0,36.0,12.0,12.0,0.0009389828774146736,0.000889871153049171,0.004686426371335983,0.005659041460603476,0.0017629323992878199,0.0021840790286660194,1799431296.0,2529855488.0,3095596800.0,2337818624.0,0.0006351923220790923,0.0006351923220790923
miura_01955,11,1.0,1.0,24.0,24.0,12.0,12.0,0.0006168424733914435,0.0009568480309098959,0.002589853247627616,0.0021586534567177296,0.0012179171899333596,0.0010186113649979234,4551100416.0,1034825024.0,1984035072.0,2808277760.0,0.017279474064707756,0.054779473692178726
miura_01979,12,1.0,1.0,30.0,30.0,6.0,6.0,0.0008289397228509188,0.0007937178597785532,0.00448527280241251,0.0023611627984791994,0.0032819921616464853,0.0010379129089415073,4753927680.0,1558090496.0,1565670016.0,3702216192.0,0.006336628459393978,0.010503294877707958
miura_00464,0,1.0,1.0,30.0,24.0,6.0,6.0,0.0006192517466843128,0.0006703372346237302,0.00222760159522295,0.002053608186542988,0.002263316186144948,0.0010009445250034332,2421837568.0,1124917376.0,2907590144.0,2606636800.0,0.007304454687982798,0.0198044553399086
miura_01573,11,1.0,1.0,24.0,30.0,6.0,6.0,0.0008619081345386803,0.0007452036952599883,0.003447819035500288,0.0030054759699851274,0.0035401745699346066,0.00311969849281013,2137791872.0,2522497024.0,3147776512.0,4489319936.0,0.004937720485031605,0.009104386903345585
miura_00875,15,1.0,1.0,30.0,24.0,9.0,9.0,0.0005177939892746508,0.0005631595849990845,0.004551391117274761,0.005442067980766296,0.0035748793743550777,0.0031881171744316816,3056054272.0,2939918592.0,3434581760.0,2230959872.0,0.003060440067201853,0.040560439229011536
miura_01304,2,1.0,1.0,30.0,30.0,9.0,9.0,0.0005562963197007775,0.0005416881758719683,0.0024386390578001738,0.0026803589425981045,0.002141660777851939,0.002295440761372447,1008128640.0,1006209344.0,1434336768.0,1109932032.0,0.0008015524945221841,0.2674682140350342
miura_00894,9,1.0,1.0,24.0,36.0,12.0,12.0,0.0006671043229289353,0.0005232901894487441,0.001833031652495265,0.001064872252754867,0.0012638664338737726,0.001804454019293189,1190882304.0,2552091136.0,1072730624.0,3950787584.0,0.0010372120887041092,0.2427038848400116
miura_01482,12,1.0,1.0,36.0,30.0,12.0,12.0,0.0007489512790925801,0.0007967474521137774,0.0010646061273291707,0.001000364194624126,0.002764778910204768,0.0014976199017837644,2795276800.0,1629081728.0,3125132288.0,2812060672.0,0.0027121691964566708,0.3193788230419159
miura_01674,10,1.0,1.0,36.0,36.0,12.0,12.0,0.0007795001729391515,0.0007797724101692438,0.0013046931708231568,0.0012244879035279155,0.0013407866936177015,0.0014554659137502313,3352568576.0,3867208704.0,3476141312.0,4160222208.0,0.008150911889970303,0.20815090835094452
miura_00355,1,1.0,1.0,36.0,36.0,9.0,9.0,0.0008846037089824677,0.0006592767313122749,0.005947615951299667,0.005312290042638779,0.001960515044629574,0.0012708134017884731,1766407936.0,2709478400.0,3736822528.0,3744337920.0,0.0056138429790735245,0.0056138429790735245
miura_00995,15,1.0,1.0,30.0,30.0,6.0,6.0,0.0009244483080692589,0.0007038752664811909,0.005330491345375776,0.004499190952628851,0.002812000922858715,0.0014240714954212308,2940744960.0,3562975488.0,3498553856.0,3794832640.0,0.001186219509691,0.001186219509691
miura_01810,0,1.0,1.0,30.0,36.0,12.0,12.0,0.0007042606011964381,0.0009913661051541567,0.004717984702438116,0.005413788370788097,0.0014954798389226198,0.0025841831229627132,4765974016.0,2203029760.0,3085497344.0,3027505920.0,0.0018039873102679849,0.0018039873102679849
miura_00079,2,1.0,1.0,24.0,36.0,9.0,9.0,0.0009540278697386384,0.0008206829661503434,0.0020917984656989574,0.0019160910742357373,0.001699990127235651,0.002234224695712328,3021860096.0,4419266560.0,2876365056.0,4535305216.0,0.0015421081334352493,0.06820877641439438
miura_01065,5,1.0,1.0,24.0,24.0,9.0,9.0,0.0006275457562878728,0.0006476634298451245,0.0043122293427586555,0.004419355187565088,0.003062285715714097,0.0030447698663920164,1766815872.0,1662530944.0,3605238528.0,3490781440.0,0.0021171304397284985,0.043783798813819885
miura_00033,10,1.0,1.0,24.0,24.0,9.0,9.0,0.0009317939402535558,0.0006110178655944765,0.0019335399847477674,0.0019528466509655118,0.0014879791997373104,0.0016282182186841965,1362140416.0,4889541120.0,3663047936.0,4303570432.0,0.0021574748679995537,0.03549080714583397
miura_00908,14,1.0,1.0,24.0,36.0,6.0,6.0,0.0007464298978447914,0.0005555091192945838,0.0016621886752545834,0.0013808332150802016,0.002595055615529418,0.0019417678704485297,1774453760.0,2076420480.0,2457640448.0,4756122112.0,0.0018154027638956904,0.08931539952754974
miura_01513,0,1.0,1.0,36.0,36.0,6.0,6.0,0.0006161491619423032,0.0005413911421783268,0.004515423439443111,0.004749735351651907,0.0013083938974887133,0.0011304706567898393,3541429760.0,4415593472.0,2043395968.0,1966161920.0,0.0013559506041929126,0.0055226171389222145
miura_01496,5,1.0,1.0,24.0,24.0,6.0,6.0,0.0009391607018187642,0.0008894616621546447,0.00556101743131876,0.005482557229697704,0.001536833238787949,0.0012847817270085216,1944735232.0,1823163776.0,4582476288.0,4478663168.0,0.004008173942565918,0.008174840360879898
miura_00351,0,1.0,1.0,24.0,36.0,6.0,6.0,0.0007286832551471889,0.0009158726315945387,0.0010479375487193465,0.001000364194624126,0.0018242541700601578,0.0031300403643399477,3241529600.0,1684628096.0,2384092160.0,3369863680.0,0.0010598950320854783,0.23855990171432495
miura_00164,14,1.0,1.0,24.0,24.0,12.0,12.0,0.0008599971770308912,0.0007491565775126219,0.002959046047180891,0.0020522084087133408,0.002238457091152668,0.001535787247121334,3389630464.0,3759591424.0,2899029248.0,4427001344.0,0.006863430608063936,0.05269676446914673
miura_00204,9,1.0,1.0,36.0,36.0,9.0,9.0,0.0007815492572262883,0.0008913771016523242,0.0036773034371435642,0.003389647463336587,0.0015028015477582812,0.0011872866889461875,4496537088.0,2148342784.0,1000512832.0,1176246144.0,0.0023219401482492685,0.08565527200698853
miura_00821,15,1.0,1.0,36.0,36.0,6.0,6.0,0.0008586825570091605,0.0009993299609050155,0.0010720031568780541,0.001000364194624126,0.002544599585235119,0.002619977807626128,4537409024.0,2592428800.0,1388002944.0,1204127232.0,0.0009179871412925422,0.4592513144016266
miura_00282,14,1.0,1.0,30.0,24.0,6.0,6.0,0.0005261434125714004,0.0006274699699133635,0.0019813065882772207,0.0019541759975254536,0.002343967091292143,0.0010009445250034332,3332627712.0,1197534336.0,2953126656.0,2345603072.0,0.005416476167738438,0.038749810308218
miura_00927,8,1.0,1.0,30.0,24.0,12.0,12.0,0.000672706461045891,0.0006820648559369147,0.00408680085092783,0.003877112176269293,0.0023093423806130886,0.0013176683569326997,1406897280.0,1006209344.0,1979937024.0,1795246208.0,0.01401314977556467,0.034846484661102295
miura_01875,13,1.0,1.0,24.0,30.0,9.0,9.0,0.0006117238663136959,0.0008176772971637547,0.004555719904601574,0.005239186808466911,0.001564749632962048,0.0032948246225714684,2761059584.0,1733836800.0,3598032128.0,4252769024.0,0.0007310080109164119,0.0007310080109164119
miura_00375,9,1.0,1.0,36.0,36.0,9.0,9.0,0.0008782412623986602,0.0007502551889047027,0.0054664346389472485,0.00568678742274642,0.0016404284397140145,0.0014860668452456594,3746238464.0,4928451584.0,4808542720.0,4271794176.0,0.0038637497927993536,0.0038637497927993536
miura_01966,9,1.0,1.0,30.0,30.0,9.0,9.0,0.000834785052575171,0.0006738577503710985,0.0027565001510083675,0.0018394340295344591,0.0026109947357326746,0.0012886087642982602,4796139008.0,4286361600.0,3203183360.0,4948887552.0,0.0023904251866042614,0.02322375774383545
miura_00863,0,1.0,1.0,24.0,30.0,6.0,6.0,0.0009052260429598391,0.0009170008124783635,0.003405785420909524,0.0026680489536374807,0.003517520148307085,0.0027708346024155617,2381528320.0,1493754880.0,2780705536.0,4228805888.0,0.001186676206998527,0.001186676206998527
miura_00992,9,1.0,1.0,24.0,24.0,6.0,6.0,0.0005654309061355889,0.0008355625905096531,0.005923339631408453,0.005687810014933348,0.0011450710007920861,0.0013913593720644712,3614540544.0,1098026624.0,3958986496.0,4403158016.0,0.014608392491936684,0.018775058910250664
miura_00598,10,1.0,1.0,24.0,24.0,6.0,6.0,0.0009660808718763292,0.0008592702797614038,0.0023421766236424446,0.0018746795831248164,0.001590682310052216,0.0014099502004683018,3147588608.0,3938879232.0,2831120128.0,3912409600.0,0.004132258705794811,0.008298925124108791
miura_01577,14,1.0,1.0,30.0,30.0,12.0,12.0,0.0009059165604412556,0.0009851667564362288,0.0015664056409150362,0.0013078501215204597,0.0013139357324689627,0.001302334014326334,2806222848.0,2648986880.0,1069117952.0,1002466624.0,0.003837083699181676,0.4163370728492737
miura_00219,1,1.0,1.0,36.0,36.0,9.0,9.0,0.0007375572458840907,0.0007873164722695947,0.005010621622204781,0.004259015899151564,0.002443034667521715,0.0013719924027100205,2749683456.0,1183804544.0,1804993280.0,2195756032.0,0.005109202582389116,0.013442535884678364
miura_01931,11,1.0,1.0,36.0,30.0,9.0,9.0,0.0006465079495683312,0.0006629832205362618,0.004647132474929094,0.004936670418828726,0.0036756787449121475,0.002315104240551591,3064859392.0,2180262144.0,3576630784.0,2440538880.0,0.0024279910139739513,0.006594657897949219
miura_01963,6,1.0,1.0,30.0,36.0,9.0,12.0,0.0008115373202599585,0.0005417517968453467,0.00123569555580616,0.0013272311771288514,0.003493929049000144,0.0026150536723434925,2485201664.0,4866646528.0,3654914048.0,3568414976.0,0.0021949640940874815,0.2688616216182709
miura_00630,0,1.0,1.0,24.0,24.0,12.0,12.0,0.000511260936036706,0.000558009254746139,0.00484237028285861,0.004207314923405647,0.0030457584653049707,0.002295244252309203,2685342720.0,1603537280.0,3474162432.0,4087686144.0,0.002728515537455678,0.06939518451690674
miura_01275,11,1.0,1.0,30.0,30.0,6.0,6.0,0.0007389980019070208,0.0006361442501656711,0.005716185085475445,0.005582545418292284,0.0025199956726282835,0.0016595839988440275,1796739968.0,1861651968.0,4800203776.0,4272780288.0,0.0037147565744817257,0.007881423458456993
miura_00708,9,1.0,1.0,24.0,24.0,12.0,9.0,0.0007603130070492625,0.0009993299609050155,0.0010974863544106483,0.001000364194624126,0.0023668422363698483,0.0032388046383857727,4040384512.0,2373250560.0,1185867520.0,1962466176.0,0.0009164678049273789,0.41341647505760193
miura_00060,0,1.0,1.0,36.0,36.0,9.0,9.0,0.0009588032262399793,0.0007825097418390214,0.005900559946894646,0.00482145743444562,0.0015002819709479809,0.0010009445250034332,3669629696.0,3960682752.0,1136821376.0,1667789696.0,0.01183705497533083,0.032670389860868454
miura_00298,10,1.0,1.0,30.0,36.0,6.0,6.0,0.0008527454920113087,0.0008961756248027086,0.0030510297510772943,0.0020675889682024717,0.0011329392436891794,0.0010961834341287613,4628899328.0,3176275968.0,1200167680.0,2488063744.0,0.0033241400960832834,0.06165747344493866
miura_01161,15,1.0,1.0,30.0,30.0,12.0,12.0,0.0008258971502073109,0.0008793710730969906,0.0011620239820331335,0.001029248465783894,0.00136860110796988,0.0012788501335307956,3514855936.0,3039322112.0,2598289920.0,2474715648.0,0.004205875564366579,0.3167058825492859
miura_00074,4,1.0,1.0,30.0,30.0,6.0,6.0,0.000831982062663883,0.0006328881718218327,0.0022021858021616936,0.0017380161443725228,0.0016532524023205042,0.0010615175124257803,2456844544.0,3555874560.0,3186091264.0,4469083136.0,0.003931145649403334,0.008097812533378601
miura_00163,4,1.0,1.0,36.0,24.0,6.0,6.0,0.0005534386145882308,0.0005298869218677282,0.0022564169485121965,0.0024197648745030165,0.0033831826876848936,0.0012734313495457172,1034587264.0,1006209344.0,4739133440.0,2761691904.0,0.00741724856197834,0.10325058549642563
miura_01317,12,1.0,1.0,30.0,30.0,12.0,12.0,0.0008923832792788744,0.0009792507626116276,0.0039605204947292805,0.002949911169707775,0.001986896153539419,0.0011652963003143668,4760563712.0,2245457152.0,2048033792.0,2963455744.0,0.0034118136391043663,0.02424514666199684
miura_01549,1,1.0,1.0,24.0,30.0,12.0,12.0,0.0007739324937574565,0.0009299847879447043,0.005958880763500929,0.004952600225806236,0.002054669428616762,0.0025167253334075212,4520492544.0,2203449088.0,1813435648.0,3142706432.0,0.0018983636982738972,0.0018983636982738972
miura_00550,9,1.0,1.0,30.0,36.0,6.0,6.0,0.0009696680936031044,0.0008620622684247792,0.004138435702770948,0.003766367444768548,0.0038394059520214796,0.003344561206176877,4103891712.0,4425830400.0,2833376256.0,3548474368.0,0.0010141488164663315,0.0010141488164663315
miura_01993,0,1.0,1.0,30.0,36.0,9.0,9.0,0.0007191168842837214,0.0009188477997668087,0.003972082398831844,0.004982778802514076,0.0010348469950258732,0.0018608418758958578,2631096832.0,1693341184.0,2000644864.0,2083437568.0,0.00590890645980835,0.01007557287812233
miura_01054,7,1.0,1.0,36.0,36.0,9.0,9.0,0.000963016354944557,0.0005064031574875116,0.001768796006217599,0.001513914787210524,0.0029809914994984865,0.001391083700582385,1274554880.0,3994289408.0,4045229568.0,4407934976.0,0.001507835229858756,0.05567450076341629
miura_01523,9,1.0,1.0,30.0,36.0,6.0,6.0,0.0008085167501121759,0.0007145985728129745,0.003247912973165512,0.002155881142243743,0.0013553703902289271,0.0010009445250034332,4520665600.0,3978388736.0,2287486208.0,4421775872.0,0.0011795114260166883,0.009512844495475292
miura_00046,10,1.0,1.0,36.0,36.0,12.0,12.0,0.0006611418793909252,0.0009381655254401267,0.005176155362278223,0.0047273715026676655,0.0037763819564133883,0.0035174943041056395,4268679168.0,1205623168.0,1437046016.0,1645316224.0,0.0016039108159020543,0.030770577490329742
miura_01408,0,1.0,1.0,24.0,24.0,9.0,9.0,0.0009303106926381588,0.000741718162316829,0.0033925699535757303,0.0029227512422949076,0.002269013784825802,0.0015886268811300397,1100492800.0,1532206848.0,3405639680.0,4102118912.0,0.0019944023806601763,0.0019944023806601763
miura_01102,5,1.0,1.0,24.0,30.0,9.0,9.0,0.0008069034083746374,0.0005285558290779591,0.003174741752445698,0.0022078626789152622,0.0018653047736734152,0.0010433666175231338,1037531584.0,1735845120.0,1171583360.0,2303162624.0,0.0013132174499332905,0.063813216984272
miura_00430,4,1.0,1.0,36.0,36.0,6.0,6.0,0.0008751032291911542,0.0008529179031029344,0.003975753206759691,0.004283316433429718,0.0022738194093108177,0.0024937959387898445,1891333376.0,2203373824.0,4761364992.0,4350206464.0,0.0004772551474161446,0.0004772551474161446
miura_01342,6,1.0,1.0,30.0,30.0,9.0,9.0,0.0007969092112034559,0.0006220923969522119,0.002363970736041665,0.0014856521738693118,0.002497552428394556,0.0010390982497483492,1496373632.0,1407032064.0,1094407552.0,1846566272.0,0.00032214762177318335,0.15865547955036163
miura_00077,10,1.0,1.0,30.0,36.0,9.0,9.0,0.000997460330836475,0.0005645148921757936,0.0028024697676301003,0.0018841223791241646,0.0015999426832422614,0.0010009445250034332,1536474624.0,4054351104.0,1974467456.0,3957390080.0,0.0009076322894543409,0.03007429838180542
miura_01917,9,1.0,1.0,36.0,36.0,9.0,9.0,0.0009138056193478405,0.0008465275750495493,0.0038874803576618433,0.003631033468991518,0.00155925122089684,0.001005711266770959,3451554560.0,2804515072.0,1741137408.0,1975189376.0,0.007250622846186161,0.040583956986665726
miura_01910,13,1.0,1.0,36.0,30.0,9.0,9.0,0.0009812512435019016,0.0007317157578654587,0.0032037643250077963,0.0023085956927388906,0.003353502368554473,0.0012706341221928596,4026338304.0,4324046848.0,4646287360.0,4996423680.0,0.004564681556075811,0.008731348440051079
miura_01594,14,1.0,1.0,36.0,36.0,12.0,12.0,0.0006368425092659891,0.0008689552778378129,0.004807145334780216,0.0047668456099927425,0.002613939344882965,0.002913609379902482,3852137984.0,1420519040.0,2403781120.0,2676731648.0,0.005245179869234562,0.005245179869234562
miura_00473,8,1.0,1.0,36.0,36.0,6.0,6.0,0.0008567004697397351,0.0006949723465368152,0.005817256402224302,0.005507611203938723,0.0036377659998834133,0.002701797755435109,3123034112.0,4370655744.0,2983720448.0,3048795648.0,0.0002866945869755,0.0002866945869755
miura_01140,3,1.0,1.0,30.0,30.0,6.0,6.0,0.0009250123985111713,0.0008668708615005016,0.005318382754921913,0.004183199256658554,0.003902596654370427,0.002349406247958541,2067896576.0,1324281344.0,3422885888.0,4293229312.0,0.002301973756402731,0.002301973756402731
miura_01935,3,1.0,1.0,36.0,36.0,6.0,6.0,0.0008487990708090365,0.0009184365626424551,0.0018405889859423041,0.0013566812267526984,0.002669878536835313,0.002290374366566539,2329887232.0,1392794752.0,1004809920.0,1676814464.0,0.00068098638439551,0.2756809890270233
miura_00820,7,1.0,1.0,36.0,36.0,12.0,12.0,0.0009638238116167486,0.0007616276270709932,0.0015659896889701486,0.0015461923321709037,0.0027529248036444187,0.002243747701868415,1899452544.0,3333043712.0,4836647936.0,4838743552.0,0.003113503335043788,0.1531134992837906
miura_00031,4,1.0,1.0,24.0,30.0,9.0,9.0,0.0005393162718974054,0.0006408652407117188,0.002051729243248701,0.0015515107661485672,0.0013891961425542831,0.0010155584895983338,2904807168.0,1158388864.0,1230036352.0,2026923520.0,0.0004941985826008022,0.12132753431797028
miura_01092,11,1.0,1.0,36.0,24.0,6.0,6.0,0.000544475857168436,0.0006857822882011533,0.0021932197269052267,0.0025139078497886658,0.0032009179703891277,0.0014094844227656722,3301400064.0,1120024064.0,4008627200.0,2113185664.0,0.004522375296801329,0.03368904069066048
miura_00928,3,1.0,1.0,24.0,24.0,12.0,12.0,0.0007655868539586663,0.0006388302426785231,0.0018746561836451292,0.001000364194624126,0.0038599867839366198,0.001513845520094037,2032195584.0,1470113536.0,1013056192.0,2274634240.0,0.0007670929189771414,0.3674337565898895
miura_01649,2,1.0,1.0,36.0,30.0,12.0,12.0,0.0009328184532932937,0.0009578524040989578,0.001644811942242086,0.0010887427488341928,0.003573799505829811,0.0012080399319529533,3348199168.0,1489875200.0,2500207616.0,2465730816.0,0.0035932096652686596,0.2660932242870331
miura_00804,11,1.0,1.0,24.0,30.0,12.0,12.0,0.0006441473378799856,0.0009791410993784666,0.004324712324887514,0.0045205592177808285,0.0012806396698579192,0.002856365405023098,1990457472.0,1006209344.0,1181805696.0,1871342208.0,0.0020385212264955044,0.014538520947098732
miura_01242,11,1.0,1.0,24.0,24.0,12.0,12.0,0.0009468411444686353,0.000882228254340589,0.0037532912101596594,0.002357090823352337,0.00256457575596869,0.0011530162300914526,3460658432.0,2626487808.0,3195858944.0,4592752128.0,0.01680091954767704,0.01680091954767704
miura_01225,13,1.0,1.0,36.0,36.0,6.0,6.0,0.000874533609021455,0.00072274956619367,0.0011876210337504745,0.001000364194624126,0.003016124479472637,0.0014624519972130656,4893813760.0,4274357504.0,4646345728.0,4964424192.0,0.0012660905485972762,0.08876609057188034
miura_01551,8,1.0,1.0,30.0,36.0,9.0,9.0,0.0006219205097295344,0.0007465892122127116,0.004207633901387453,0.003172795521095395,0.0016728449845686555,0.0013295788085088134,4567889920.0,1555707776.0,2344335616.0,4382632960.0,0.003998221829533577,0.003998221829533577
miura_01568,7,1.0,1.0,30.0,36.0,9.0,9.0,0.000645599327981472,0.0007627277518622577,0.004299856256693602,0.005174627527594566,0.0015074806287884712,0.0027643106877803802,1389873920.0,1192136704.0,3377500416.0,3390571776.0,0.0017624656902626157,0.005929132457822561
miura_01322,5,1.0,1.0,30.0,24.0,12.0,12.0,0.0007023259531706572,0.0008414873154833913,0.0013768121134489775,0.001000364194624126,0.0025528219994157553,0.0012376412050798535,3306035200.0,1169568896.0,2794822656.0,2960126720.0,0.0027153301052749157,0.256881982088089
miura_01574,0,1.0,1.0,36.0,36.0,12.0,12.0,0.0006553921266458929,0.0005179618019610643,0.002253161510452628,0.002082953229546547,0.0025536962784826756,0.002289828844368458,2512427776.0,4279567872.0,2873140992.0,3644662528.0,0.0011691126273944974,0.1053357794880867
miura_00045,6,1.0,1.0,36.0,36.0,12.0,12.0,0.0008903614361770451,0.0007452773861587048,0.0024406411685049534,0.002144383965060115,0.0015802988782525063,0.0013948231935501099,2646374144.0,4132576000.0,3842014208.0,4598072320.0,0.00477845361456275,0.04644512012600899
miura_01165,2,1.0,1.0,24.0,24.0,6.0,6.0,0.0005719990585930645,0.0007452639401890337,0.005339186172932386,0.005438246764242649,0.0017476310022175312,0.0018954238621518016,2820518912.0,1186518016.0,3366589440.0,3253286144.0,0.004387238994240761,0.0168872382491827
miura_00169,13,1.0,1.0,30.0,30.0,6.0,6.0,0.0009414129890501499,0.000552957586478442,0.0017356907483190298,0.0014514330541715026,0.002311928430572152,0.0012274115579202771,1703925504.0,4618744832.0,3714340352.0,4528398336.0,0.0029781002085655928,0.015478100627660751
miura_00304,11,1.0,1.0,36.0,30.0,9.0,9.0,0.000666433887090534,0.0005515440134331584,0.0022152522578835487,0.0017045685090124607,0.0025929578114300966,0.001103059621527791,2044691328.0,1786243200.0,1489098368.0,1748003584.0,0.00038768097874708474,0.15872101485729218
miura_00325,14,1.0,1.0,36.0,36.0,9.0,9.0,0.000681139063090086,0.0005854154005646706,0.005683877971023321,0.005351685453206301,0.0032830724958330393,0.0025689376052469015,1366089728.0,1794621184.0,4409042432.0,4076590336.0,0.01125998143106699,0.023759981617331505
miura_00415,10,1.0,1.0,30.0,24.0,9.0,9.0,0.0005646042991429567,0.0006476613925769925,0.003189679468050599,0.004755158443003893,0.0020768726244568825,0.0027972275856882334,1917436160.0,2296912896.0,2942276352.0,1590237440.0,0.0033885063603520393,0.032555174082517624
miura_01925,11,1.0,1.0,30.0,24.0,6.0,6.0,0.0006976685835979879,0.0005708411335945129,0.0034779272973537445,0.0028732232749462128,0.0038546572905033827,0.001347952289506793,2029148288.0,1853946880.0,2959459840.0,2711890944.0,0.008107524365186691,0.03727418929338455
miura_00944,13,1.0,1.0,36.0,36.0,6.0,6.0,0.0007581602549180388,0.0008154231472872198,0.004298052750527859,0.003414914943277836,0.0031837504357099533,0.0017512136837467551,2422014976.0,1006209344.0,2189275392.0,2852994816.0,0.000895545759703964,0.009228878654539585
miura_00757,8,1.0,1.0,36.0,30.0,6.0,6.0,0.0007980645168572664,0.0009200405911542475,0.003142294241115451,0.0031348359771072865,0.0031417012214660645,0.0023202865850180387,2696088320.0,1348974848.0,2032825856.0,1698532352.0,0.0006460833246819675,0.025646083056926727
miura_00488,11,1.0,1.0,30.0,24.0,12.0,12.0,0.000544243142940104,0.0005634146509692073,0.001785798231139779,0.001000364194624126,0.0037307359743863344,0.0020364706870168447,3693882880.0,2286980864.0,1286384128.0,2299938560.0,0.0008505738223902881,0.43418389558792114
miura_01328,13,1.0,1.0,36.0,36.0,6.0,6.0,0.0005233140545897186,0.0007365301717072725,0.0012234385358169675,0.0013849764363840222,0.0033580302260816097,0.003541590180248022,3001763072.0,1078100992.0,1582288896.0,1133995392.0,0.0006168250693008304,0.42978349328041077
miura_00941,11,1.0,1.0,36.0,30.0,9.0,9.0,0.0007767637143842876,0.0005203857435844839,0.0017181705916300416,0.0018492008093744516,0.0033117332495748997,0.002033559838309884,1597600000.0,4200147456.0,1644052608.0,1063070912.0,0.0007973606116138399,0.3049640357494354
miura_01770,5,1.0,1.0,24.0,24.0,12.0,12.0,0.000595088058616966,0.0006866710027679801,0.0053117601200938225,0.00516925984993577,0.0025817283894866705,0.0022926798555999994,4205746176.0,2485543936.0,4923129344.0,4630184448.0,0.002003840636461973,0.006170507520437241
miura_00938,4,1.0,1.0,36.0,36.0,9.0,9.0,0.0009337671217508614,0.0008813720196485519,0.004418608266860247,0.005486985668540001,0.001095219748094678,0.0014652860118076205,2218136576.0,3301035520.0,1980800384.0,1810786688.0,0.014939872547984123,0.027439871802926064
miura_00808,4,1.0,1.0,36.0,36.0,9.0,9.0,0.0007123094983398914,0.0007127014105208218,0.0025325536262243986,0.0028128998819738626,0.003526192158460617,0.0032698637805879116,1648701440.0,1553569664.0,4283129088.0,3709455360.0,0.002904695924371481,0.0487380288541317
miura_01075,2,1.0,1.0,30.0,30.0,6.0,6.0,0.0005846300045959651,0.0008499279501847923,0.005892506334930658,0.005179956089705229,0.0011836596531793475,0.0011873412877321243,4921888256.0,1337465472.0,3062536704.0,3635605760.0,0.003677981672808528,0.003677981672808528
miura_00367,15,1.0,1.0,36.0,36.0,12.0,12.0,0.0008466473664157093,0.0008543133153580129,0.003323495155200362,0.002671506255865097,0.0015853486256673932,0.0012337170774117112,4433617920.0,3421161216.0,3655097856.0,4811670016.0,0.002808466088026762,0.01114179939031601
miura_00186,7,1.0,1.0,36.0,24.0,6.0,6.0,0.0006975028081797063,0.0005929372855462134,0.001966628711670637,0.001588905230164528,0.00341373891569674,0.001086882664822042,1547025920.0,1197802752.0,1683499264.0,1462487168.0,0.0012088932562619448,0.1428755670785904
miura_00639,12,1.0,1.0,24.0,24.0,12.0,12.0,0.0005061640404164791,0.0005807795678265393,0.005772181786596775,0.005882979370653629,0.0030228367540985346,0.002871421631425619,4497234432.0,3135378176.0,1696480000.0,1672509056.0,0.006055987905710936,0.035222653299570084
miura_01442,3,1.0,1.0,36.0,36.0,9.0,9.0,0.0007439821492880583,0.0005574370152316988,0.002427755855023861,0.0018339758971706033,0.0022630535531789064,0.0010548040736466646,3672879872.0,4015687936.0,2962875648.0,3978082304.0,0.002691886620596051,0.03602521866559982
miura_01204,4,1.0,1.0,36.0,36.0,12.0,12.0,0.0009009857312776148,0.0006439127610065043,0.0037027515936642885,0.0022143863607198,0.003999765962362289,0.0015086884377524257,3616302848.0,3615489792.0,2946070528.0,4930032640.0,0.0006314078927971423,0.025631407275795937
miura_00592,5,1.0,1.0,24.0,24.0,12.0,12.0,0.0008161823498085141,0.0008633059333078563,0.004606898408383131,0.004399563185870647,0.0017714748391881585,0.001648054225370288,3278968832.0,2517073408.0,4729140224.0,4891390464.0,0.0020679065492004156,0.0020679065492004156
miura_01244,7,1.0,1.0,24.0,24.0,12.0,12.0,0.0007057696930132806,0.0007361824973486364,0.0016190981259569526,0.001000364194624126,0.003533136798068881,0.0029082386754453182,1758007936.0,1161267328.0,1173705728.0,2004195584.0,0.0005140223074704409,0.5255140066146851
miura_00709,2,1.0,1.0,30.0,36.0,9.0,9.0,0.0005953993531875312,0.0008089991169981658,0.003479120321571827,0.0031542780343443155,0.0031811909284442663,0.002857184037566185,4720691200.0,1483959168.0,3794138112.0,4733698560.0,0.0009553807321935892,0.0009553807321935892
miura_01135,3,1.0,1.0,24.0,24.0,12.0,12.0,0.0009175913874059916,0.0009504672489129007,0.0042225937359035015,0.004565272480249405,0.003767267568036914,0.003947821445763111,3225771520.0,3397191424.0,4655810560.0,3743741696.0,0.0035066904965788126,0.0035066904965788126
miura_01601,11,1.0,1.0,36.0,36.0,6.0,6.0,0.0009400772978551686,0.000749786791857332,0.00202844082377851,0.0014945183647796512,0.0020354583393782377,0.0012353687779977918,3672367360.0,4275407616.0,1875728640.0,2531215616.0,0.0009441471192985773,0.13011081516742706
miura_01912,3,1.0,1.0,24.0,30.0,6.0,6.0,0.000808390264865011,0.0009720422676764429,0.0049318792298436165,0.0039060318376868963,0.003963554743677378,0.0033911995124071836,4552118272.0,1706836352.0,2852254720.0,4520576512.0,0.002709147287532687,0.002709147287532687
miura_01933,2,1.0,1.0,30.0,30.0,12.0,12.0,0.0008921396802179515,0.0009302352555096149,0.00421842560172081,0.00496944785118103,0.0012040581787005067,0.0018128796946257353,2054158848.0,2278251264.0,4985808896.0,4396050944.0,0.005225075408816338,0.005225075408816338
miura_01366,4,1.0,1.0,30.0,24.0,6.0,6.0,0.0005187548813410103,0.000529125623870641,0.002679252764210105,0.002415227936580777,0.0031626319978386164,0.0012394661316648126,1510982784.0,1006209344.0,3283123200.0,2889147136.0,0.008821278810501099,0.10465461015701294
miura_00978,5,1.0,1.0,36.0,30.0,9.0,9.0,0.0006634145393036306,0.0006278085638768971,0.004180638585239649,0.0038613779470324516,0.0036091667134314775,0.0016036198940128088,2572571136.0,1800239872.0,1962553216.0,1593717248.0,0.0037135283928364515,0.03288019448518753
miura_00176,9,1.0,1.0,36.0,24.0,9.0,9.0,0.0005977592663839459,0.0005230256938375533,0.0017320484621450305,0.0017082605045288801,0.0034190802834928036,0.0018462068401277065,1041519744.0,1006209344.0,2338871040.0,1508557440.0,0.000394063739804551,0.34622740745544434
miura_00482,8,1.0,1.0,24.0,36.0,12.0,12.0,0.0009197799954563379,0.0009726498974487185,0.004335884470492601,0.00222550961188972,0.0020096979569643736,0.0011614400427788496,4150321152.0,1618997888.0,1183169920.0,3893182976.0,0.016150033101439476,0.049483366310596466
miura_01230,1,1.0,1.0,30.0,36.0,9.0,9.0,0.0007499965140596032,0.0005752420984208584,0.0024940024595707655,0.0025287927128374577,0.0015588270034641027,0.0019342852756381035,1970159488.0,4305570304.0,3688067584.0,4748431360.0,0.0014912899350747466,0.0056579564698040485
miura_01611,6,1.0,1.0,36.0,30.0,12.0,12.0,0.0005438729422166944,0.0008586792973801494,0.0034258700907230377,0.004999890923500061,0.0024010883644223213,0.003767356276512146,1942349696.0,1006209344.0,2949627904.0,1834591616.0,0.004595829173922539,0.04209582880139351
miura_00124,5,1.0,1.0,36.0,30.0,9.0,9.0,0.0007728326600044966,0.000528597563970834,0.0012617682805284858,0.0011097219539806247,0.0020502342376857996,0.001234170631505549,1091875968.0,2405078528.0,3782055168.0,3668350976.0,0.0009750162716954947,0.13847501575946808
miura_00362,9,1.0,1.0,36.0,24.0,6.0,6.0,0.0005821702652610838,0.0006404178566299379,0.0020428805146366358,0.002332409843802452,0.002234638901427388,0.0010904364753514528,1625373952.0,1006209344.0,4186917376.0,2539081728.0,0.016987793147563934,0.037821125239133835
miura_01285,14,1.0,1.0,30.0,36.0,12.0,12.0,0.0009286171989515424,0.0008811120642349124,0.005656168796122074,0.003761571366339922,0.0018818876706063747,0.0011100865667685866,4116906240.0,2423520512.0,1150790272.0,2439668992.0,0.0074934945441782475,0.03249349445104599
miura_00563,3,1.0,1.0,36.0,36.0,9.0,9.0,0.0009150700061582029,0.0008657716098241508,0.004053483717143536,0.005586608313024044,0.001069176709279418,0.0017537714447826147,2343746816.0,3916228096.0,3989663232.0,2766191360.0,0.0038583336863666773,0.0038583336863666773
miura_01020,13,1.0,1.0,30.0,30.0,6.0,6.0,0.0007098398054949939,0.0007675209199078381,0.0044460478238761425,0.004791487008333206,0.002011230681091547,0.0018551347311586142,1396493952.0,1039970496.0,1574072064.0,1563421312.0,0.0032480345107614994,0.019914701581001282
miura_00528,5,1.0,1.0,30.0,36.0,9.0,9.0,0.000945978332310915,0.0007581671816296875,0.005976813845336437,0.0031970159616321325,0.0034920834004878998,0.001146763446740806,3880148480.0,1998200064.0,1884430464.0,4369663488.0,0.0037638142239302397,0.0037638142239302397
miura_00485,15,1.0,1.0,24.0,24.0,9.0,9.0,0.0009638680494390428,0.0009280794765800238,0.005270417779684067,0.0054485732689499855,0.0012034605024382472,0.0010009445250034332,3148336128.0,3081856768.0,4854355456.0,3897171968.0,0.008843688294291496,0.013010354712605476
miura_00332,10,1.0,1.0,24.0,24.0,9.0,9.0,0.00060271006077528,0.0007411343976855278,0.00556673388928175,0.00562437204644084,0.0029834159649908543,0.0030235417652875185,3042854912.0,1702408576.0,1175138304.0,1299864064.0,0.004018727224320173,0.02485205978155136
miura_01653,12,1.0,1.0,30.0,36.0,9.0,9.0,0.0005962354480288923,0.0006614880403503776,0.003485702211037278,0.003365691052749753,0.002601551590487361,0.0030024799052625895,2390145024.0,1678209280.0,3537891840.0,4688127488.0,0.0034723372664302588,0.020139003172516823
miura_00195,0,1.0,1.0,24.0,24.0,9.0,9.0,0.0008751957211643457,0.0007817919249646366,0.005698380991816521,0.004841804038733244,0.0018383162096142769,0.0012422376312315464,1989227520.0,1665295488.0,3786354688.0,4263230464.0,0.003693407168611884,0.003693407168611884
miura_01737,10,1.0,1.0,24.0,30.0,9.0,9.0,0.0009391673956997693,0.000538608874194324,0.0035530682653188705,0.002222809474915266,0.0031061156187206507,0.0013500662753358483,1751513216.0,3500262400.0,2381090816.0,4752151040.0,0.0028691787738353014,0.0028691787738353014
miura_00497,3,1.0,1.0,24.0,24.0,9.0,9.0,0.0009290976449847221,0.0009692782768979669,0.004310991615056992,0.005200005602091551,0.0022985385730862617,0.0030860446859151125,3351542784.0,3737662464.0,3869134336.0,3070192128.0,0.001993847545236349,0.001993847545236349
miura_01714,3,1.0,1.0,30.0,24.0,12.0,12.0,0.0005826219567097723,0.0008969791233539581,0.0011916146613657475,0.0013745316537097096,0.00120300124399364,0.0013062235666438937,3716171776.0,1429103104.0,4930058752.0,3261565184.0,0.0029674239922314882,0.16963408887386322
miura_00323,1,1.0,1.0,36.0,36.0,12.0,12.0,0.0005451991455629468,0.0008860040688887239,0.0049466947093605995,0.005640288349241018,0.0012050071964040399,0.001998716499656439,4616155648.0,1495870336.0,1412337408.0,1457532288.0,0.0025320828426629305,0.019198749214410782
miura_01915,10,1.0,1.0,36.0,36.0,6.0,6.0,0.0009118820307776332,0.0007389906677417457,0.0022487014066427946,0.0018446644535288215,0.002689698012545705,0.001244373619556427,4903031296.0,4532973568.0,1297560704.0,1363954560.0,0.0007100132643245161,0.18404334783554077
miura_00267,12,1.0,1.0,36.0,30.0,9.0,9.0,0.0005279905162751675,0.0005767581169493496,0.002048179041594267,0.002283416222780943,0.0014292517444118857,0.001070784986950457,2359115264.0,1598483200.0,2890373120.0,2314686464.0,0.002435344038531184,0.044102009385824203
miura_01609,7,1.0,1.0,30.0,36.0,12.0,12.0,0.0008462389232590795,0.0008692143601365387,0.0033402976114302874,0.0030841720290482044,0.0021427134051918983,0.003125844756141305,1905174912.0,1980790912.0,3464826112.0,4841430528.0,0.002876222599297762,0.007042889483273029
miura_01431,0,1.0,1.0,30.0,30.0,12.0,12.0,0.0006954612908884883,0.0007678852998651564,0.00524463364854455,0.005684229079633951,0.002947096014395356,0.0032035931944847107,3960857088.0,3232277504.0,4998949888.0,4360972800.0,0.0010019643232226372,0.0010019643232226372
miura_00068,5,1.0,1.0,36.0,36.0,6.0,6.0,0.0007046975078992546,0.0005209946539252996,0.005042938981205225,0.00321568944491446,0.0017892864998430014,0.0010009445250034332,4484177920.0,4464133120.0,1728041856.0,3130570496.0,0.0028200671076774597,0.006986733991652727
miura_00951,5,1.0,1.0,24.0,30.0,9.0,9.0,0.0009415362146683037,0.0009213064331561327,0.0033575764391571283,0.0031609449069947004,0.0027956331614404917,0.003685553092509508,2736795904.0,3101904640.0,3322996736.0,4519222784.0,0.000487595796585083,0.000487595796585083
miura_00537,3,1.0,1.0,30.0,24.0,12.0,12.0,0.0007493375451304018,0.0005678596207872033,0.00464309798553586,0.0031875483691692352,0.003705026814714074,0.0010317638516426086,1589998080.0,1500102784.0,1475997696.0,1781802752.0,0.007558979094028473,0.04089231416583061
miura_00676,9,1.0,1.0,24.0,36.0,6.0,6.0,0.0007707172771915793,0.0006886493065394461,0.0013259380357339978,0.001000364194624126,0.003638672176748514,0.003617786103859544,3694818816.0,3200303360.0,2235065088.0,4429867008.0,0.0007954223547130823,0.21746209263801575
miura_00480,5,1.0,1.0,30.0,30.0,9.0,9.0,0.0007582518737763166,0.0008474375936202705,0.0018943322356790304,0.0011546447640284896,0.0018373536877334118,0.0010348313953727484,3833048064.0,1517346816.0,1900346752.0,3269592064.0,0.0017977635143324733,0.13929776847362518
miura_01675,13,1.0,1.0,24.0,24.0,12.0,12.0,0.0005087100435048342,0.0006204983219504356,0.001826409948989749,0.0013497640611603856,0.0017469276208430529,0.001312301610596478,3047216896.0,1428904192.0,2432495104.0,3349836544.0,0.0006481286254711449,0.18398146331310272
miura_01742,5,1.0,1.0,24.0,24.0,9.0,9.0,0.0005802306695841253,0.000632618204690516,0.005336687434464693,0.004153933841735125,0.003758909646421671,0.0023537115193903446,2531175936.0,1230934784.0,2428934656.0,3300523776.0,0.0017121214186772704,0.047545455396175385
miura_00452,10,1.0,1.0,24.0,24.0,12.0,12.0,0.0007446168456226587,0.0006565391086041927,0.00368712330237031,0.002406537998467684,0.0035740386229008436,0.001529619563370943,4335107072.0,3205589248.0,3447132416.0,4746297344.0,0.005581083241850138,0.009747750125825405
miura_00545,7,1.0,1.0,36.0,30.0,9.0,6.0,0.000955709838308394,0.0009611831046640873,0.001439747167751193,0.001000364194624126,0.0031912410631775856,0.0032894115429371595,1810654336.0,2170625792.0,1870310016.0,2567252992.0,0.0019053962314501405,0.2977387309074402
miura_01758,3,1.0,1.0,30.0,36.0,12.0,12.0,0.0008639083243906498,0.0009576613665558398,0.001976769184693694,0.0016259195981547236,0.0011734165018424392,0.0012026592157781124,4019525120.0,2791748352.0,2222190848.0,3441856256.0,0.013363056816160679,0.13419638574123383
miura_01816,12,1.0,1.0,24.0,24.0,6.0,6.0,0.0007233086507767439,0.0005684788338840008,0.0021572767291218042,0.0018733108881860971,0.001896386849693954,0.0011498123640194535,2941687808.0,3947915776.0,1969077760.0,2436774400.0,0.0031162055674940348,0.04061620682477951
miura_01708,14,1.0,1.0,30.0,30.0,12.0,12.0,0.0005713896825909615,0.000662698526866734,0.0030442497227340937,0.0029108156450092793,0.003887853352352977,0.0034666184801608324,3692931840.0,2324357888.0,4216816640.0,4402374656.0,0.0014018950751051307,0.05140189453959465
miura_00696,11,1.0,1.0,36.0,36.0,9.0,9.0,0.0009501914028078318,0.0008954205550253391,0.005357310641556978,0.004984893370419741,0.0013168839504942298,0.0011692742118611932,4079322112.0,4262586368.0,1198392704.0,1479790592.0,0.009322674944996834,0.034322675317525864
miura_01679,3,1.0,1.0,24.0,24.0,12.0,12.0,0.0009215199970640242,0.0009425273747183383,0.0013172733597457409,0.001000364194624126,0.003828355111181736,0.0022228891029953957,4384736256.0,2590012160.0,3092528384.0,3650045952.0,0.003704267321154475,0.3162042796611786
miura_00779,8,1.0,1.0,24.0,36.0,12.0,12.0,0.0009263078682124615,0.0006190783460624516,0.0028688989114016294,0.0018964710179716349,0.0033753870520740747,0.003118493128567934,2353444864.0,4691933184.0,1291128448.0,4148357632.0,0.0010688446927815676,0.15106885135173798
miura_00531,0,1.0,1.0,30.0,30.0,6.0,6.0,0.0008912136545404792,0.0008015784551389515,0.003679022891446948,0.00422125356271863,0.0010455255396664143,0.0012234232854098082,1948805120.0,2899465984.0,3136019712.0,2745078272.0,0.0010839442256838083,0.0010839442256838083
miura_00613,14,1.0,1.0,24.0,24.0,12.0,12.0,0.0005468372837640345,0.0008763625519350171,0.004201117902994156,0.0046550435945391655,0.001412128796800971,0.0018426345195621252,3266145792.0,1006209344.0,2943478784.0,2754760448.0,0.00128741015214473,0.005454076919704676
miura_01744,9,1.0,1.0,24.0,36.0,9.0,12.0,0.0005333041190169752,0.0005774910096079111,0.0011138705303892493,0.0018021597061306238,0.0014792861184105277,0.0031431063544005156,4357322752.0,4506169344.0,4829631488.0,4467377152.0,0.0022442529443651438,0.14391091465950012
miura_01580,5,1.0,1.0,30.0,30.0,9.0,9.0,0.0009548034868203104,0.0006137521704658866,0.003059026785194874,0.00213455967605114,0.0037591776344925165,0.0017045330023393035,3192189952.0,4916400128.0,3143707392.0,4867695104.0,0.001056269509717822,0.01772293634712696
miura_01659,3,1.0,1.0,24.0,24.0,9.0,9.0,0.0005596004775725305,0.0007002756465226412,0.0035364755894988775,0.002915221732109785,0.0035036623012274504,0.002219331916421652,3848260352.0,1288786432.0,3751109888.0,4557449728.0,0.0003299399686511606,0.029496606439352036
miura_00967,7,1.0,1.0,30.0,36.0,9.0,9.0,0.0006820958224125206,0.000572822755202651,0.004099629353731871,0.002660708734765649,0.0036396270152181387,0.0020830114372074604,3433140480.0,2591738368.0,2078798464.0,4433302016.0,0.0032690383959561586,0.01160237193107605
miura_01358,3,1.0,1.0,36.0,36.0,9.0,9.0,0.0009938793955370784,0.0008746938547119498,0.005403805058449507,0.0054322341457009315,0.0029837866313755512,0.0024108695797622204,2004233216.0,2325547264.0,4388465152.0,3846697216.0,0.0009906621417030692,0.0009906621417030692
miura_00534,14,1.0,1.0,24.0,30.0,6.0,6.0,0.0007429259712807834,0.0008927752496674657,0.0059520285576581955,0.00467882351949811,0.002564334776252508,0.0019992287270724773,3985408768.0,1406282240.0,1161324288.0,1969961088.0,0.0014585625613108277,0.0014585625613108277
miura_01618,4,1.0,1.0,30.0,30.0,9.0,9.0,0.0007666900637559593,0.0005558569100685418,0.0034004771150648594,0.002164767822250724,0.003523661755025387,0.0010137915378436446,2087824640.0,1682456192.0,1454147968.0,2254877696.0,0.000899145903531462,0.05923248082399368
miura_00652,6,1.0,1.0,30.0,30.0,6.0,6.0,0.0008511696360073984,0.0007159983506426215,0.005313221365213394,0.005178178194910288,0.0027102131862193346,0.0022338498383760452,1126892800.0,1428036096.0,4435742208.0,4235580160.0,0.004495231434702873,0.012828565202653408
miura_01975,0,1.0,1.0,30.0,30.0,6.0,6.0,0.0006216562469489872,0.0006009888602420688,0.003883805824443698,0.0040432848036289215,0.0016134183388203382,0.001343337818980217,1077507456.0,1041872832.0,2394600192.0,2403135232.0,0.008562169037759304,0.04189550131559372
miura_00262,13,1.0,1.0,30.0,36.0,12.0,12.0,0.0005955036613158882,0.0005792231531813741,0.0029426245018839836,0.0029844315722584724,0.0013213870115578175,0.0017529340693727136,1979004928.0,2323885568.0,4078408704.0,4888710144.0,0.001107421820051968,0.001107421820051968
miura_01307,7,1.0,1.0,30.0,30.0,12.0,12.0,0.0008645520429126918,0.000985215650871396,0.0036151022650301456,0.004026656970381737,0.002047732938081026,0.003365791169926524,1522316288.0,1361546368.0,2789140480.0,2903701248.0,0.004029374103993177,0.008196040987968445
miura_00968,11,1.0,1.0,24.0,24.0,6.0,6.0,0.0005614500259980559,0.0005553897935897112,0.0013455940643325448,0.0015367959858849645,0.0015757193323224783,0.0017403203528374434,1283729024.0,1276648448.0,2210740480.0,1887894784.0,0.00036952519440092146,0.24203619360923767
