epoch,train_total,train_noise,train_x0,train_class,train_param,train_closed_loop,val_total,val_noise,val_x0,val_class,val_param,val_closed_loop,val_select
1,3.9018035411834715,1.187882137298584,1.6715659379959107,4.4550220489501955,0.47890045046806334,0.666700679063797,2.8658751964569094,1.0188024044036865,1.230104422569275,2.892249870300293,0.3955007970333099,0.4778905391693115,4.995745629072189
2,2.4977352619171143,0.8934325575828552,1.0783310890197755,2.4270520210266113,0.38033228516578677,0.490487140417099,1.8432663917541503,0.7102355122566223,0.7678351521492004,1.6359330654144286,0.3070884943008423,0.3923524856567383,3.1032091975212093
3,1.9362311601638793,0.7286406993865967,0.7658090829849243,1.7735587358474731,0.309002023935318,0.38476104140281675,1.5812628269195557,0.6359527826309204,0.6549691677093505,1.3548432350158692,0.2587655186653137,0.2769646406173706,2.545542562007904
4,1.5856247901916505,0.64342200756073,0.5828755915164947,1.3595312356948852,0.2509136289358139,0.27442089915275575,1.3858659267425537,0.594327163696289,0.39044761657714844,1.1970959663391114,0.18528243601322175,0.1833869695663452,1.9562129884958268
5,1.3508419752120973,0.5905994057655335,0.4542099297046661,1.074217438697815,0.21152062714099884,0.22627618312835693,1.1577549219131469,0.5693208456039429,0.35581196546554567,0.819295346736908,0.1714213877916336,0.1218192994594574,1.4683479994535444
6,1.2669207334518433,0.572165310382843,0.4119113862514496,0.9958393096923828,0.18596474826335907,0.15808194279670715,1.08965265750885,0.5161980152130127,0.3386523246765137,0.8262144804000855,0.15235237777233124,0.10483182519674301,1.4220510080456734
7,1.2544060230255127,0.5375525712966919,0.3988162994384766,1.0347398042678833,0.18721431195735933,0.15281807035207748,1.1036258220672608,0.5060477733612061,0.328070855140686,0.8495740115642547,0.1636481910943985,0.10399605184793473,1.445289109647274
8,1.1561066150665282,0.5270579338073731,0.3777160167694092,0.8701807022094726,0.18125664591789245,0.13316482156515122,1.0821902990341186,0.5074715971946716,0.3392599642276764,0.8112191557884216,0.1588705748319626,0.09620815217494964,1.4055578470230101
9,1.1312541246414185,0.5249778151512146,0.354918509721756,0.8512706398963928,0.1670535236597061,0.12798047661781312,1.0207855582237244,0.5024700880050659,0.3127722442150116,0.7040080547332763,0.15561690628528596,0.09003835618495941,1.2624355614185332
10,1.1346192359924316,0.5113584637641907,0.34478586316108706,0.876629090309143,0.1704017162322998,0.12238074690103531,0.9990976333618165,0.4591588079929352,0.31985964179039,0.7384951829910278,0.15948319137096406,0.07697393745183945,1.2948119536042213
11,1.0550039768218995,0.5088438391685486,0.3249091386795044,0.7408023834228515,0.16164040863513945,0.10138939023017883,0.9525572061538696,0.4579373121261597,0.29370678663253785,0.6782004594802856,0.14437751471996307,0.06808099150657654,1.1843657523393631
12,1.048963475227356,0.49913198947906495,0.3304809212684631,0.7469732880592346,0.16063679456710817,0.10368684232234955,0.843065595626831,0.47499570846557615,0.262295538187027,0.4360798478126526,0.1389828383922577,0.0633601002395153,0.9007183246314525
13,1.0402634859085083,0.4978285789489746,0.31979324817657473,0.7370121121406555,0.1576235830783844,0.09834632277488708,0.9597253441810608,0.4616756796836853,0.28882911801338196,0.6866232752799988,0.14105649888515473,0.07596231698989868,1.1924712091684342
14,1.049879288673401,0.4831064522266388,0.32659546136856077,0.7814603686332703,0.15826499760150908,0.0986628696322441,0.8466050505638123,0.46746512651443484,0.2810306429862976,0.43438572287559507,0.14872527718544007,0.061176300048828125,0.9253179430961608
15,0.9743323922157288,0.48662859201431274,0.2981636345386505,0.6313805699348449,0.15489553809165954,0.08717906028032303,0.8845330715179444,0.48405458927154543,0.26126699447631835,0.5038578391075135,0.13590211272239686,0.05130068212747574,0.9523276284337044
16,0.9673815608024597,0.48198214173316956,0.2989434957504272,0.6288941502571106,0.1527087688446045,0.08677384555339814,0.8320281267166137,0.4413516163825989,0.2729554116725922,0.47081254720687865,0.14004860818386078,0.06487065553665161,0.9486872225999832
17,0.9763621926307678,0.4706137657165527,0.29846301674842834,0.6715997219085693,0.15067566633224488,0.08588398694992065,0.9224213600158692,0.4172135591506958,0.283431339263916,0.6932491302490235,0.14238448441028595,0.06176031529903412,1.1808252692222594
18,0.938578188419342,0.47360952496528624,0.29137481451034547,0.5908773183822632,0.1486909419298172,0.09199611693620682,0.8858788013458252,0.442271226644516,0.2777273178100586,0.5804855108261109,0.1367886483669281,0.05847070813179016,1.0534721851348876
19,0.9470903158187867,0.4700558722019196,0.3037742018699646,0.6118580937385559,0.15019505620002746,0.07887952029705048,0.8475219368934631,0.4349896788597107,0.2763423264026642,0.5180099904537201,0.13683509677648545,0.05213557928800583,0.9833229929208755
20,0.9370953798294067,0.45868411660194397,0.2963899731636047,0.6206492066383362,0.14678969383239746,0.07553131505846977,0.7737473130226136,0.41874727606773376,0.24454562067985536,0.4254120945930481,0.12619893550872802,0.050505729764699935,0.8466623805463315
21,0.9360437631607056,0.4610747218132019,0.2879984676837921,0.6090224862098694,0.14833977520465852,0.07635871917009354,0.7917072057724,0.41674195528030394,0.23515213429927825,0.4575798213481903,0.13021780103445052,0.04633248969912529,0.8692822463810443
22,0.9323270916938782,0.4658280074596405,0.27242220044136045,0.6028897881507873,0.14340524971485138,0.0702716127038002,0.7788676500320435,0.41197353005409243,0.23183949887752534,0.44407100677490235,0.12845866978168488,0.04508382529020309,0.8494530007243156
23,0.8618155241012573,0.4397346913814545,0.2638741910457611,0.5217668771743774,0.13969972729682922,0.0651092804968357,0.739235234260559,0.3936900019645691,0.2383742868900299,0.39742796421051024,0.1304808408021927,0.0374623816460371,0.8037454735487699
24,0.864371907711029,0.42911739349365235,0.27262210845947266,0.5360049486160279,0.1444067269563675,0.0650629773736,0.8112851738929748,0.4390298843383789,0.23480008840560912,0.44531525373458863,0.13243652284145355,0.03927135765552521,0.8518232226371766
25,0.8670395612716675,0.4402840793132782,0.24972423613071443,0.5381525337696076,0.13555068671703338,0.06171089336276055,0.7624316811561584,0.3927509248256683,0.21995289325714112,0.4535352110862732,0.12591429203748702,0.038407710194587705,0.837810106575489
26,0.8529814839363098,0.42805677056312563,0.26048014163970945,0.5155861496925354,0.14265385866165162,0.06727879494428635,0.7487820625305176,0.42356290817260744,0.22045217156410218,0.37203840017318723,0.12230290174484253,0.03343711644411087,0.7482305899262428
27,0.8666430354118347,0.43061495423316953,0.26812246441841125,0.5425914287567138,0.14025229215621948,0.05926790237426758,0.719319748878479,0.37599328756332395,0.2300180733203888,0.3911932587623596,0.12786202281713485,0.04412909597158432,0.7932024508714676
28,0.8401738166809082,0.4189954876899719,0.2542322039604187,0.5225596904754639,0.13473232686519623,0.06245236992835999,0.7331390619277954,0.4141470372676849,0.22172670364379882,0.3503825724124908,0.12547819912433625,0.03374761790037155,0.7313350930809973
29,0.8163546085357666,0.41458454728126526,0.24784721732139586,0.49069164991378783,0.1317649409174919,0.0567401722073555,0.6750738263130188,0.3796874225139618,0.2116160809993744,0.3131884515285492,0.12143058925867081,0.02807080075144768,0.674305922538042
30,0.8074856877326966,0.4023479759693146,0.2456070065498352,0.49552844762802123,0.13190359622240067,0.05724519938230514,0.7151558876037598,0.3799356043338776,0.21544430851936341,0.3840967774391174,0.12412241995334625,0.032655006647109984,0.7563185125589371
31,0.810155165195465,0.41243478655815125,0.23959769010543824,0.48071226477622986,0.1321769416332245,0.05332779660820961,0.7454450488090515,0.4041017353534698,0.20758801102638244,0.4104288280010223,0.11797894984483719,0.027248936891555785,0.7632447257637978
32,0.7915140509605407,0.38714465498924255,0.2466280698776245,0.4886705160140991,0.13318302780389785,0.05533460304141045,0.6904614210128784,0.37804111242294314,0.2009970724582672,0.35977046489715575,0.114446622133255,0.026123204827308656,0.7013373643159866
33,0.7961879968643188,0.40698357820510866,0.23516962826251983,0.4649681329727173,0.13056393563747407,0.051564686745405194,0.7060141682624816,0.38514416217803954,0.19865463972091674,0.38345315456390383,0.10997305512428283,0.029377739503979684,0.721458588913083
34,0.7867349624633789,0.3943278670310974,0.24592861533164978,0.4584986448287964,0.1352895587682724,0.05244739875197411,0.7136160492897033,0.3906592488288879,0.20520904064178466,0.37647290229797364,0.11554335206747054,0.02457778826355934,0.7218030832707882
35,0.7741696238517761,0.3993645548820496,0.2404508650302887,0.43757901787757875,0.12885068058967591,0.047237932682037354,0.6711531758308411,0.3734345257282257,0.19654209017753602,0.32895647883415224,0.11425058990716934,0.023917242884635925,0.6636664018034935
36,0.7526840448379517,0.3820170283317566,0.2366706073284149,0.42314345836639405,0.13057272434234618,0.051032254844903945,0.6783265590667724,0.38795794248580934,0.1952265202999115,0.31456540822982787,0.11338030695915222,0.025107687711715697,0.6482799232006073
37,0.8001452207565307,0.39330013394355773,0.23787856698036194,0.49093631505966184,0.13222845792770385,0.04992624819278717,0.6566256761550904,0.3715662002563477,0.18525069057941437,0.3131574153900146,0.10920345783233643,0.02408144474029541,0.6316930085420608
38,0.7409640192985535,0.3672287702560425,0.2325562745332718,0.4311322033405304,0.12919020354747773,0.047598539292812346,0.6519309282302856,0.337299644947052,0.20396836400032042,0.3456705570220947,0.12019046992063523,0.02570086419582367,0.6955302551388739
39,0.7413160562515259,0.3853981554508209,0.21727284491062165,0.41130340099334717,0.12303562760353089,0.04218780547380448,0.576634681224823,0.3432328820228577,0.18155389428138732,0.20877984464168547,0.10935218632221222,0.022557967528700828,0.5222438927739859
40,0.752480399608612,0.383833110332489,0.22945647239685057,0.4208887219429016,0.12905532419681548,0.04316436275839806,0.6379480719566345,0.36191686391830447,0.1992676794528961,0.26839499175548553,0.12059903293848037,0.021173123642802237,0.6094348277896643
41,0.7444543361663818,0.3779887557029724,0.221735879778862,0.4177063047885895,0.12812281548976898,0.04412586838006973,0.6250126600265503,0.3497282087802887,0.18121042847633362,0.28792306780815125,0.11116881668567657,0.020662879943847655,0.6009651929140091
42,0.7321735858917237,0.37155269384384154,0.21990405917167663,0.40828906297683715,0.12625115364789963,0.04477432146668434,0.6891391992568969,0.3584492802619934,0.2054845482110977,0.37498505115509034,0.11881962269544602,0.027112697064876557,0.7264019191265105
43,0.7407965898513794,0.37523703575134276,0.22509010434150695,0.4113292217254639,0.12873397767543793,0.04391894042491913,0.6473697543144226,0.34313762187957764,0.187865149974823,0.34298438429832456,0.11140386313199997,0.01927328072488308,0.6615266781300307
44,0.7090223670005799,0.3752285599708557,0.21297953724861146,0.36231301426887513,0.1225178062915802,0.041371987015008924,0.5908136963844299,0.3208992898464203,0.18710832595825194,0.27491005659103396,0.11116003096103669,0.017577507346868516,0.5907559208571911
45,0.7243034243583679,0.37865307927131653,0.21474696099758148,0.3871131658554077,0.12171669900417328,0.03928823620080948,0.6412406325340271,0.35345762968063354,0.18591603338718415,0.30832216143608093,0.11171047240495682,0.01841413751244545,0.6243628047406674
46,0.7199180603027344,0.3741872787475586,0.22640072405338288,0.36611818671226504,0.13076814115047455,0.03852066546678543,0.6107922792434692,0.3474916696548462,0.18014532327651978,0.2622327983379364,0.10992737263441085,0.01976861320436001,0.572074107453227
47,0.7064059019088745,0.3634600043296814,0.21013082861900328,0.3799508273601532,0.12170719057321548,0.03918635547161102,0.691701877117157,0.36920573711395266,0.20032225251197816,0.3624934792518616,0.11637333929538726,0.020581311732530593,0.6997703827917577
48,0.7258949637413025,0.36903408765792844,0.21386589407920836,0.4012035608291626,0.12306245118379593,0.04221835434436798,0.6282714128494262,0.3402682662010193,0.18550267517566682,0.30250300765037536,0.1117307648062706,0.0240420863032341,0.6237785339355469
49,0.6885635614395141,0.3620888411998749,0.21006191074848174,0.347296941280365,0.1190323531627655,0.043127594888210295,0.6041566491127014,0.3219455659389496,0.18678593039512634,0.2953464686870575,0.11162449866533279,0.015047505125403404,0.60880440287292
50,0.6862057685852051,0.3606744885444641,0.2064771443605423,0.34750133752822876,0.11922831684350968,0.038094622641801835,0.6095721364021301,0.3371931850910187,0.1770571291446686,0.2835768640041351,0.10688086152076721,0.019212782382965088,0.586727637052536
51,0.6775297403335572,0.35925066471099854,0.2036006271839142,0.3334616422653198,0.11915669590234756,0.03646839559078217,0.6044524908065796,0.33909039497375487,0.18813760876655578,0.25157658457756044,0.11452914774417877,0.01836750954389572,0.5726108506321907
52,0.6922814130783081,0.35924121737480164,0.21234876215457915,0.3510836660861969,0.12343340814113617,0.036863642185926436,0.599471390247345,0.3472994089126587,0.17169030606746674,0.25113763809204104,0.10401568412780762,0.014559121802449226,0.5414027500897646
53,0.6713602542877197,0.3584368467330933,0.20269309282302855,0.3239559233188629,0.11800439506769181,0.034582880511879924,0.6155921220779419,0.3111471176147461,0.19339389503002166,0.3291577577590942,0.11351484507322311,0.017665023729205132,0.653731521591544
54,0.6829648971557617,0.35767427682876585,0.21322114765644073,0.3362362325191498,0.12275862693786621,0.03373627588152885,0.6347181797027588,0.33512378931045533,0.20102606415748597,0.3196046531200409,0.11291818618774414,0.015297897718846798,0.6488468011841179
55,0.6800822019577026,0.3610710382461548,0.20775255262851716,0.32621184587478635,0.12118961364030838,0.034510158002376556,0.5949191927909852,0.31445843577384947,0.18554649949073793,0.2820090651512146,0.11238123327493668,0.019388627260923386,0.5993254251778126
56,0.6747737765312195,0.35031883120536805,0.21076690256595612,0.3221238315105438,0.1261211007833481,0.03904589712619781,0.6031242966651916,0.32288302183151246,0.19248543977737426,0.2690648138523102,0.11888130605220795,0.01505492851138115,0.5954864881932735
57,0.652989411354065,0.34384273886680605,0.2058268368244171,0.3096720576286316,0.11879307627677918,0.03383382558822632,0.5918003439903259,0.3131519556045532,0.18381551802158355,0.28568521738052366,0.10945595055818558,0.015143536031246185,0.594100221991539
58,0.6603458166122437,0.3491048693656921,0.20619643926620485,0.30915125012397765,0.120735003054142,0.033135270699858665,0.6198838472366333,0.32153676748275756,0.19139623641967773,0.3101115882396698,0.11561355888843536,0.01510552354156971,0.6322269070893526
59,0.6660080671310424,0.34640506505966184,0.19764621257781984,0.33769219517707827,0.11590682417154312,0.03126194477081299,0.5719077944755554,0.31068782806396483,0.1779364138841629,0.25297953486442565,0.10852910429239274,0.014114149287343026,0.5535592023283242
60,0.6788237571716309,0.34606483578681946,0.20924318134784697,0.3429195165634155,0.12392577081918717,0.03270456828176975,0.6032037496566772,0.3324415683746338,0.19109491407871246,0.2436089336872101,0.11949865072965622,0.017407089099287988,0.5716095875948668
61,0.6605201482772827,0.3543874263763428,0.20234179496765137,0.29420273900032046,0.12269554883241654,0.030557654798030853,0.6064404606819153,0.3157802760601044,0.18778451085090636,0.2864535808563232,0.11833414733409882,0.016234951093792915,0.6088071901351213
62,0.6523283123970032,0.3419175028800964,0.20488821864128112,0.2981657385826111,0.12360456734895706,0.031786496937274936,0.6031664967536926,0.32386924624443053,0.17749279737472534,0.2882598519325256,0.10826840996742249,0.012618865072727203,0.5866399243474008
63,0.6457136631011963,0.34327247738838196,0.20299724936485292,0.2883619725704193,0.12037535905838012,0.03125635609030723,0.6165773272514343,0.3324192225933075,0.19029070138931276,0.26887828707695005,0.11991873979568482,0.01479009836912155,0.5938778266310692
64,0.641745674610138,0.3477810025215149,0.19299136996269226,0.2823902428150177,0.11629562526941299,0.02942756786942482,0.531136441230774,0.30249993205070497,0.17436596751213074,0.1801750898361206,0.11166471242904663,0.011413481831550599,0.4776192516088486
65,0.6457374572753907,0.327822870016098,0.20266276895999907,0.31433523893356324,0.12183783501386643,0.030924226343631744,0.5369047045707702,0.3042304277420044,0.1778167814016342,0.18730654418468476,0.10992283076047897,0.014724893867969513,0.48977105021476747
66,0.6529870867729187,0.3492231726646423,0.19562683999538422,0.2958588421344757,0.11772101074457168,0.029795677214860917,0.6018821239471436,0.3200994789600372,0.18146408200263978,0.2748254656791687,0.11440199464559556,0.014580876007676125,0.5852724183350801
67,0.6615713715553284,0.33638734817504884,0.20418367087841033,0.3267520427703857,0.12141899466514587,0.0311125747859478,0.5350823044776917,0.29579179883003237,0.1750407874584198,0.19702875018119811,0.11015266627073288,0.017117615789175034,0.49933981969952584
68,0.6266718745231629,0.3338920116424561,0.19947704672813416,0.26600944995880127,0.12004303932189941,0.029654627293348314,0.6017888069152832,0.31947730779647826,0.17623379826545715,0.2955724596977234,0.10585020780563355,0.011075985431671143,0.5887324512004852
69,0.6483946204185486,0.33307190537452697,0.1970834255218506,0.3169288396835327,0.1175361692905426,0.028115083277225495,0.6002097129821777,0.309536337852478,0.1809855341911316,0.29169297218322754,0.11302262395620347,0.015833639167249204,0.6015347694978118
70,0.6461349129676819,0.34967756271362305,0.19601330757141114,0.27584192156791687,0.11826710253953934,0.029319777339696883,0.5389755487442016,0.2869636058807373,0.17513426542282104,0.21448828876018525,0.11379766315221787,0.014746050536632537,0.5181662678718567
71,0.6239549994468689,0.33771353363990786,0.18638504445552825,0.26548799872398376,0.11433540433645248,0.02860931195318699,0.5706465601921081,0.2919835090637207,0.18594888150691985,0.26041712760925295,0.11682569831609727,0.011772490851581097,0.5749641982838511
72,0.6232245683670044,0.31917672157287597,0.19150341153144837,0.29448758363723754,0.11633326560258865,0.0286540150642395,0.5959473848342896,0.31799476146697997,0.184567454457283,0.2583639144897461,0.11647603809833526,0.012704239785671234,0.5721116468310357
73,0.6198566198348999,0.3256181001663208,0.19047704935073853,0.27533328235149385,0.11582762151956558,0.02834979072213173,0.5192038774490356,0.2825336575508118,0.16433014273643493,0.20042750835418702,0.10577449798583985,0.014662491343915462,0.48519464042037724
74,0.6105458378791809,0.33322508335113527,0.18176275193691255,0.2537816375494003,0.11151738613843917,0.025971127301454545,0.5305782675743103,0.30981156826019285,0.15326910018920897,0.18436457216739655,0.0997969627380371,0.013197017833590508,0.45062765292823315
75,0.6210027694702148,0.33665540218353274,0.18595410585403443,0.2596711337566376,0.11393862664699554,0.02705078534781933,0.6238174200057983,0.31592798233032227,0.18692497611045839,0.31935983896255493,0.11478771567344666,0.011483864486217498,0.6325563952326775
76,0.6277310132980347,0.3277571380138397,0.19602628648281098,0.2792291522026062,0.1170732855796814,0.02840005122125149,0.6195659279823303,0.31459797620773317,0.18951116502285004,0.31132916212081907,0.11482543051242829,0.011941510997712613,0.62760726865381
77,0.6207500100135803,0.3204744100570679,0.19631865322589875,0.2807889521121979,0.11689453721046447,0.026500818133354188,0.5315800189971924,0.2733717501163483,0.19567714631557465,0.20049932599067688,0.12200868427753449,0.012084426544606685,0.5302695831283928
78,0.6395769000053406,0.3376521348953247,0.1897146373987198,0.28921801447868345,0.11438225358724594,0.027360061928629876,0.566704511642456,0.3043422639369965,0.1755628138780594,0.23712410628795624,0.11024212688207627,0.012656817585229874,0.5355858646333217
79,0.6169293522834778,0.31790393590927124,0.1903861343860626,0.28010547161102295,0.11563078314065933,0.026857487112283706,0.6120882630348206,0.31913981437683103,0.19113478660583497,0.27086682319641114,0.12172763347625733,0.011317683756351471,0.595046927034855
80,0.609067165851593,0.31161640882492064,0.19300345182418824,0.2726351320743561,0.11734268367290497,0.025819907337427138,0.5705303907394409,0.3070955157279968,0.165529865026474,0.25021315813064576,0.10680065006017685,0.010085814073681832,0.5326294872909784
81,0.6130369782447815,0.3218106091022491,0.18345720171928406,0.2711930453777313,0.1134144902229309,0.024990550056099892,0.6010505080223083,0.31107616424560547,0.16413182020187378,0.31180441975593565,0.1025708183646202,0.00982393678277731,0.5883309951052069
82,0.6059879064559937,0.3307436048984528,0.18089570999145507,0.24423667192459106,0.11143258512020111,0.02405293919146061,0.5262410759925842,0.30826700329780576,0.163232159614563,0.16197524964809418,0.10541787445545196,0.009596967697143554,0.44022225141525273
83,0.628691565990448,0.32995967864990233,0.18749096989631653,0.28265185952186583,0.11381492614746094,0.02493511252105236,0.5450168728828431,0.29510562419891356,0.1661163628101349,0.21880580186843873,0.108001908659935,0.009862252697348594,0.5027863260358573
84,0.614749014377594,0.3310859203338623,0.18220872879028321,0.2580449879169464,0.11218754649162292,0.023683983087539672,0.5764557719230652,0.3140995502471924,0.1700891971588135,0.24139156341552734,0.1082042008638382,0.009762471914291382,0.5294474333524704
85,0.595458471775055,0.31358662247657776,0.18472683131694795,0.24686306715011597,0.1148476704955101,0.024378180503845215,0.49824594259262084,0.27540643215179444,0.15679990947246553,0.1799750566482544,0.10052173882722855,0.011348571628332138,0.44864527657628056
86,0.6324489831924438,0.32842994928359986,0.19317778646945954,0.27607349753379823,0.12002967149019242,0.025452066212892532,0.5665602445602417,0.3001384973526001,0.17007182836532592,0.24970415234565735,0.10746333003044128,0.00970797222107649,0.536947282962501
87,0.5937192440032959,0.3083264470100403,0.1872459352016449,0.2503011018037796,0.11538188606500625,0.024559132382273675,0.5533250451087952,0.28442842960357667,0.16990821957588195,0.2511492699384689,0.10920230001211166,0.009111271426081657,0.5393710609525442
88,0.6263924241065979,0.321665495634079,0.1913104385137558,0.28238901793956755,0.11835793107748031,0.02300768904387951,0.5267394065856934,0.2912171959877014,0.16442104578018188,0.18345167338848115,0.11029956936836242,0.009117425978183746,0.46728971451520923
89,0.5907265543937683,0.31564584374427795,0.17639076709747314,0.24217192232608795,0.11101054102182388,0.023173290863633157,0.5530982494354248,0.28913346529006956,0.16963146328926088,0.24033762216567994,0.10900301188230514,0.009197060577571392,0.5281691579148173
90,0.6008080005645752,0.3129615902900696,0.18176682591438292,0.26144554316997526,0.11278080940246582,0.023249612003564835,0.5654199838638305,0.28487494587898254,0.17871133983135223,0.2534970879554749,0.11519049108028412,0.012875936925411224,0.5602748557925225
91,0.600281584262848,0.30785874724388124,0.18485844433307647,0.2651344180107117,0.11457643210887909,0.023269903287291525,0.5595156192779541,0.2823567509651184,0.16814541220664977,0.26379196643829345,0.11009917557239532,0.009122561477124692,0.5511591156944632
92,0.595823097229004,0.3108297765254974,0.18316766023635864,0.2494900941848755,0.11466616839170456,0.023758523166179657,0.5317003488540649,0.30431843996047975,0.16312357485294343,0.16726329028606415,0.10725550949573517,0.012960039824247361,0.45060241445899013
93,0.6182284712791443,0.3066735565662384,0.1920154273509979,0.28709951639175413,0.11945564150810242,0.02566927671432495,0.5312981903553009,0.2798528909683228,0.15465507805347442,0.22922471165657043,0.10110481530427932,0.013924593478441239,0.49890919849276544
94,0.5990509510040283,0.3189993917942047,0.1816514939069748,0.23562149405479432,0.11499679386615753,0.02618708983063698,0.5451895356178283,0.2722721755504608,0.17539845705032348,0.24533693194389344,0.11138472855091094,0.011778516322374344,0.5438986338675023
95,0.594681978225708,0.31679638624191286,0.1804465562105179,0.23388440310955047,0.1132525235414505,0.026812050864100455,0.5210231900215149,0.27324015498161314,0.1569725751876831,0.22204030752182008,0.10105220526456833,0.011771782487630843,0.4918368704617023
96,0.5941173553466796,0.3121594250202179,0.18198034763336182,0.2457777440547943,0.11297576278448104,0.022306105494499205,0.5517578482627868,0.30500696301460267,0.1691557765007019,0.19441626071929932,0.1116430327296257,0.010843668133020401,0.4860587380826473
97,0.599802839756012,0.31920477747917175,0.181000417470932,0.23960014581680297,0.11425884217023849,0.022850145772099494,0.533793318271637,0.28538992404937746,0.1562134861946106,0.22233887910842895,0.10225388556718826,0.009349305182695389,0.49015555605292316
98,0.5815061688423157,0.2980720579624176,0.17680080831050873,0.2538838267326355,0.11107944399118423,0.021519556269049646,0.5508215427398682,0.2840050220489502,0.1654490888118744,0.24188730716705323,0.10763108581304551,0.011627479456365108,0.5265949612483383
99,0.6124921917915345,0.3118330955505371,0.18576883375644684,0.2712900161743164,0.11594866514205933,0.02456640861928463,0.4946387827396393,0.27411248683929446,0.15639262795448303,0.1613040417432785,0.10419743806123734,0.009422237426042557,0.4313163451850414
100,0.6090443849563598,0.3141515016555786,0.1820846676826477,0.2642750948667526,0.11465195864439011,0.023372846469283105,0.5667449355125427,0.3160161554813385,0.15876851081848145,0.21932775378227234,0.10313216745853424,0.012358028255403043,0.49358646031469106
101,0.6099083423614502,0.3159060001373291,0.185433229804039,0.2548854351043701,0.11649658232927322,0.025211074203252793,0.4982354760169983,0.27530951499938966,0.1584678053855896,0.1606734961271286,0.10563215613365173,0.009893080964684487,0.4346665386110545
102,0.5780692100524902,0.30805307626724243,0.17762839496135713,0.21749128997325898,0.1136818215250969,0.02270493358373642,0.5568960785865784,0.32014029026031493,0.1451757550239563,0.2152300149202347,0.09412061274051667,0.010808654129505157,0.46533503681421284
103,0.6004593014717102,0.3132705330848694,0.1827184945344925,0.24805282354354857,0.11405854225158692,0.022927602007985114,0.5255055069923401,0.2827398061752319,0.1593066245317459,0.1963106155395508,0.10658771246671676,0.01041096281260252,0.472615915350616
104,0.5997063755989075,0.30988547801971433,0.17878905236721038,0.2589821100234985,0.11191811710596085,0.022447199374437333,0.5087043285369873,0.2808402180671692,0.1602085769176483,0.16811935901641845,0.1053229734301567,0.010316110029816628,0.4439670193940401
105,0.5774209856986999,0.3062427222728729,0.1768184185028076,0.22321653962135315,0.11124396175146103,0.022388337180018425,0.572357439994812,0.2731202393770218,0.18340420722961426,0.27213125228881835,0.11878604590892791,0.011741231009364129,0.5860627364367246
106,0.6020264983177185,0.30805855989456177,0.18077239096164704,0.2643169939517975,0.11223987936973571,0.02249165214598179,0.557108736038208,0.32611589431762694,0.14682647883892058,0.20044735670089722,0.09560849517583847,0.00806689765304327,0.45094922836869955
107,0.5886738419532775,0.3022319197654724,0.18186097145080565,0.24804441928863524,0.11309425085783005,0.0208144411444664,0.5764807224273681,0.2878109037876129,0.16818962395191192,0.2782647252082825,0.10806777626276017,0.01095423586666584,0.5654763612896205
108,0.5986197590827942,0.31180037260055543,0.1798001527786255,0.24829190075397492,0.11304226517677307,0.0215886689722538,0.5074570536613464,0.27485827803611756,0.15098758935928344,0.1937665820121765,0.09861746877431869,0.008969420753419399,0.452341060899198
109,0.5604888558387756,0.3038374364376068,0.17082759439945222,0.2004368007183075,0.10924089848995208,0.019903406128287317,0.5163750171661377,0.2785778135061264,0.1666452705860138,0.17132727801799774,0.11146943271160126,0.008670908957719803,0.45811289027333263
110,0.581125819683075,0.29890658259391784,0.1795488715171814,0.23573162257671357,0.11429035067558288,0.021124640479683876,0.5221018314361572,0.2802951753139496,0.149503692984581,0.2097732901573181,0.09946434497833252,0.009129666164517403,0.467870994284749
111,0.5611158609390259,0.3036479830741882,0.16721236407756807,0.20365729331970214,0.1078154280781746,0.021405325457453727,0.5552061140537262,0.270610111951828,0.16652703881263733,0.26693872809410096,0.10974021404981613,0.008834810368716717,0.5520407913252712
112,0.5621840119361877,0.30332237482070923,0.16842934787273406,0.20941687226295472,0.10706686526536942,0.01871628053486347,0.5632858276367188,0.3085713505744934,0.16158945858478546,0.216091188788414,0.10639478713274002,0.008156036026775837,0.4922314705327153
113,0.5714650869369506,0.29918287992477416,0.17180615663528442,0.228707018494606,0.1092032790184021,0.019794436916708947,0.5346026182174682,0.26299142837524414,0.16975197196006775,0.2333992302417755,0.11097063273191451,0.011154100485146045,0.5252759354189038
114,0.5488502621650696,0.28643558025360105,0.1701614886522293,0.21079329252243043,0.10829295814037324,0.01985654830932617,0.5079016327857971,0.25407887399196627,0.1508934736251831,0.234333735704422,0.09841245859861374,0.0076794162392616275,0.49131908416748044
115,0.6004784345626831,0.30801563858985903,0.1757812261581421,0.2640729159116745,0.1094754695892334,0.02104242891073227,0.4825857400894165,0.24802544414997102,0.15797390937805175,0.17701852321624756,0.10579527467489243,0.007843485288321971,0.4486311925575137
116,0.6085339665412903,0.3089387357234955,0.17324066758155823,0.2822241932153702,0.10839483141899109,0.01979297287762165,0.5341239929199219,0.3002625942230225,0.1523192048072815,0.1862839937210083,0.10068903416395188,0.00938457865267992,0.4486768113449216
117,0.5736401081085205,0.30150949358940127,0.17714906632900237,0.21548137068748474,0.11286988407373429,0.020134326070547104,0.5368269205093383,0.29511170387268065,0.15973016023635864,0.1879115641117096,0.10618779510259628,0.00838959626853466,0.46221911571919916
118,0.5547964215278626,0.2955092370510101,0.17098419964313508,0.1992490142583847,0.11017593145370483,0.018268949910998346,0.5510804533958436,0.2773508667945862,0.1667338490486145,0.2407817929983139,0.11003096550703048,0.007917015254497528,0.5254636228084564
119,0.5503917694091797,0.29075735807418823,0.16770229041576384,0.20288353860378266,0.10821800827980041,0.020122946798801424,0.4967645049095154,0.2816086053848267,0.1493199199438095,0.146956142783165,0.10197458267211915,0.008330241404473781,0.4065808868035674
120,0.561664080619812,0.2924749255180359,0.17011918425559996,0.21998848021030426,0.10862572342157364,0.019481148943305014,0.5255459308624267,0.2724020481109619,0.16317865252494812,0.20663321018218994,0.10661292672157288,0.008102932386100293,0.4845277218148112
121,0.5627385139465332,0.2908574342727661,0.1691740036010742,0.22806914746761323,0.10724029839038848,0.019332194700837135,0.5069470167160034,0.2695674180984497,0.15899085700511933,0.17623820304870605,0.10663738995790481,0.008294670283794403,0.4501611202955246
122,0.5614342808723449,0.2976627588272095,0.17059576511383057,0.20529718697071075,0.11005491763353348,0.018885279819369317,0.5254877507686615,0.2646412253379822,0.16111532747745513,0.2252418279647827,0.1046705812215805,0.008485740702599286,0.4995134773664176
123,0.5756593585014343,0.2979180335998535,0.1711950719356537,0.23393505811691284,0.10882135778665543,0.019676904007792474,0.5316277861595153,0.28112962245941164,0.16083191633224486,0.20087931156158448,0.10567267537117005,0.009642353281378746,0.47702625654637815
124,0.5621949315071106,0.2939612209796906,0.17044607400894166,0.21438787281513214,0.10881725996732712,0.019903787598013877,0.5279161214828492,0.2788545787334442,0.1530575633049011,0.21087878942489624,0.10113333612680435,0.009061026759445668,0.47413071561604736
125,0.5578755855560302,0.2892615020275116,0.16646272838115692,0.22129625976085662,0.10613107234239579,0.02043839655816555,0.5147600412368775,0.2586467683315277,0.1669582188129425,0.20155225992202758,0.10976651459932327,0.007662176992744208,0.4859391703270376
126,0.5616703391075134,0.2920740365982056,0.17052966356277466,0.2159355878829956,0.10929409861564636,0.018721821159124373,0.5258172750473022,0.2929789662361145,0.15467411279678345,0.17471712231636047,0.10251030772924423,0.007983156107366085,0.4398846989497543
127,0.5559791922569275,0.2905842363834381,0.16847429871559144,0.2093147575855255,0.10818620920181274,0.01951781176030636,0.5274094820022583,0.27996269464492796,0.15642977952957154,0.20183843076229097,0.10359087586402893,0.006407122313976288,0.4682662084698677
128,0.5568515062332153,0.2968147873878479,0.1698491781949997,0.19634823203086854,0.10902887880802155,0.018704672157764436,0.5270207285881042,0.28339855670928954,0.16038983464241027,0.1832694500684738,0.10668458193540573,0.008486167900264264,0.458830034546554
129,0.5420551836490631,0.29263071417808534,0.15998926460742952,0.1923045128583908,0.10242544114589691,0.01913908012211323,0.492952835559845,0.27877780199050906,0.14728591442108155,0.14689612984657288,0.09911190122365951,0.007230602484196424,0.40052454797551035
130,0.5493059515953064,0.28815221786499023,0.16517127752304078,0.20701008141040803,0.10591436475515366,0.01757961921393871,0.5285361528396606,0.27158347368240354,0.1643366813659668,0.20028470754623412,0.1095458835363388,0.009073838964104653,0.48324111141264436
131,0.570646059513092,0.30468136072158813,0.16848268508911132,0.20766399800777435,0.10892358273267747,0.01813330166041851,0.5369852542877197,0.27719258666038515,0.16903590857982637,0.1984270691871643,0.11059153974056243,0.011400324665009976,0.4894548421725631
132,0.5573248744010926,0.2928579568862915,0.16914135813713074,0.20754843950271606,0.10775367617607116,0.01657142210751772,0.5368887662887574,0.28267560005187986,0.15477747917175294,0.2164367616176605,0.10150562971830368,0.007255856599658728,0.47997572710737585
133,0.560973846912384,0.2997250437736511,0.16205812394618987,0.21316632330417634,0.1031850054860115,0.01674635261297226,0.5301206350326538,0.28124880492687226,0.15095808804035188,0.21415518522262572,0.0980108067393303,0.0072571756318211555,0.470381255634129
134,0.5554880023002624,0.2892566919326782,0.1704067826271057,0.2036087304353714,0.1102508157491684,0.017014230787754058,0.5073598384857178,0.2886561393737793,0.13362873196601868,0.17842268347740173,0.0902921661734581,0.006775368563830852,0.4091189501807094
135,0.5346032500267028,0.28061639666557314,0.1638340175151825,0.19039128124713897,0.10596503466367721,0.017181934043765067,0.49156199097633363,0.25232220590114596,0.15917012691497803,0.17210560739040376,0.10717091709375381,0.00608027745038271,0.44452692884951833
136,0.5658624768257141,0.29197412729263306,0.16994739174842835,0.21980659663677216,0.10872892886400223,0.01806086078286171,0.48055275678634646,0.256470137834549,0.15015910863876342,0.1576703280210495,0.10076185017824173,0.0072846472263336185,0.4158759340643882
137,0.5598078608512879,0.29089427590370176,0.16797548532485962,0.21319273710250855,0.10736819207668305,0.01784747503697872,0.5137435913085937,0.2573673129081726,0.16944963932037355,0.1866228997707367,0.11203499436378479,0.009201234951615334,0.4773087684065104
138,0.5742728590965271,0.291032475233078,0.17535445988178253,0.22832367420196534,0.11084599792957306,0.019669434800744057,0.49178736209869384,0.2804518759250641,0.1496613323688507,0.13761312663555145,0.0974810928106308,0.007482550293207169,0.3922381021082401
139,0.5640306353569031,0.2916176915168762,0.1712971031665802,0.2137084424495697,0.10900487899780273,0.01786647327244282,0.5220786809921265,0.2714788556098938,0.15649149417877198,0.199216228723526,0.10329255312681199,0.008389114588499069,0.46738939061760904
140,0.5577921271324158,0.29657411575317383,0.1655730962753296,0.2022155225276947,0.10482553690671921,0.01784850601106882,0.5342126488685608,0.2888519108295441,0.15597304999828338,0.19071950912475585,0.10256817191839218,0.007520623132586479,0.4567813541740179
141,0.5464601159095764,0.2836354494094849,0.16759026944637298,0.19987595379352568,0.10726731717586517,0.016717822477221488,0.4873818039894104,0.27011814117431643,0.14424119591712953,0.15159714818000794,0.09733113348484039,0.006915879435837269,0.40008535701781517
142,0.5407955050468445,0.28708370923995974,0.15664762258529663,0.20145613849163055,0.09987383335828781,0.017243987694382668,0.4859867990016937,0.26427497863769533,0.1473519742488861,0.15234263837337494,0.0988633006811142,0.009658426605165004,0.4082163399085403
143,0.5464438915252685,0.2861368715763092,0.1664693087339401,0.1941160351037979,0.10656297355890273,0.018151601031422614,0.5180215656757354,0.2683291494846344,0.1639835238456726,0.17858353853225709,0.11006694734096527,0.006868833582848311,0.45950284330174324
144,0.5453032374382019,0.29424930810928346,0.15924768447875975,0.1869816452264786,0.10332387983798981,0.01675179209560156,0.5156395912170411,0.28191942572593687,0.1512201249599457,0.17116843461990355,0.1001478061079979,0.00887349620461464,0.4314098618924618
145,0.5604415893554687,0.291298109292984,0.16745376586914062,0.20703084468841554,0.10788879543542862,0.0183553259819746,0.4758534967899323,0.26702664494514466,0.14431456923484803,0.1298323690891266,0.09828429967164994,0.007550243102014065,0.37998148109763863
146,0.5323899269104004,0.2856926202774048,0.16168467998504638,0.171318981051445,0.10523902624845505,0.017173738591372965,0.47049158811569214,0.2651604890823364,0.13576537370681763,0.13965259194374086,0.09248913377523423,0.006744401343166828,0.37465150076895953
147,0.555995512008667,0.2873330056667328,0.16764875650405883,0.2050878643989563,0.1082377091050148,0.017184231802821158,0.511895215511322,0.2799550235271454,0.15064577162265777,0.16552774906158446,0.1011713683605194,0.007430114969611168,0.4247750040143728
148,0.5493417620658875,0.2874956548213959,0.16725334525108337,0.1912018120288849,0.10865658521652222,0.016163218766450882,0.5105767250061035,0.2815401256084442,0.151834112405777,0.15960227251052855,0.10130321085453034,0.005978692509233952,0.4187182882800698
149,0.5398309350013732,0.2776826500892639,0.16393553018569945,0.19984041452407836,0.10524940490722656,0.016251792758703233,0.49498727917671204,0.2623023480176926,0.14470852613449098,0.1749602288007736,0.0982479214668274,0.0076674740761518475,0.42558415047824383
150,0.5284253478050231,0.28239086270332336,0.16424313485622405,0.16068480610847474,0.10760494470596313,0.0176283847540617,0.44941701292991637,0.25200478434562684,0.14397109746932985,0.10038460940122604,0.10085630863904953,0.006344570592045784,0.3515565861016512
151,0.5472253799438477,0.2814445972442627,0.16618751287460326,0.19898413717746735,0.10778292417526245,0.016634353995323183,0.5227452874183655,0.2663861960172653,0.16488922834396363,0.182667475938797,0.11119998842477799,0.008057625591754913,0.46681431829929354
152,0.5211933135986329,0.2796610951423645,0.15415084660053252,0.17114252746105194,0.10031231790781021,0.0175735492259264,0.45560682415962217,0.2498737871646881,0.14518800675868987,0.11593070775270461,0.09931838810443878,0.00862424410879612,0.36906134672462937
153,0.5306339502334595,0.28120937943458557,0.15814555883407594,0.1809744119644165,0.10186389982700347,0.017361853271722794,0.5002277493476868,0.2643228232860565,0.15789245963096618,0.15404638946056365,0.10633059591054916,0.008472141530364751,0.4267415865324437
154,0.5425484418869019,0.2873709201812744,0.15949327051639556,0.1896684557199478,0.10283276438713074,0.01677318084985018,0.48287697434425353,0.26654466390609743,0.14899998307228088,0.1341071158647537,0.10011399239301681,0.006545556988567114,0.3897666483186185
155,0.5405695796012878,0.2868399083614349,0.1660346955060959,0.17347475588321687,0.10733692348003387,0.016369204968214035,0.49093822240829466,0.24845961928367616,0.14784755408763886,0.18753033876419067,0.09892465621232986,0.007912074401974677,0.44221462346613405
156,0.5450190424919128,0.282322371006012,0.16611778140068054,0.1893345296382904,0.10729903876781463,0.017803236842155457,0.5117318153381347,0.27351975440979004,0.1495549499988556,0.17790029644966127,0.09870818108320237,0.007785044610500336,0.43394847214221954
157,0.5445249676704407,0.2853501677513123,0.160329669713974,0.19630959630012512,0.10206470489501954,0.017223558388650417,0.49214728474617003,0.26121381521224973,0.15417946577072145,0.15183543413877487,0.10274683386087417,0.007713085971772671,0.4164748197421432
158,0.5261331021785736,0.282375168800354,0.159477099776268,0.16074341535568237,0.10430017411708832,0.01738255936652422,0.4793885350227356,0.25613259673118594,0.15689142644405366,0.1268531560897827,0.10675784796476365,0.006987661123275757,0.39749009162187576
159,0.5417998194694519,0.29131430983543394,0.15983000993728638,0.17555070519447327,0.10400372743606567,0.015760956704616545,0.48433034420013427,0.2781711220741272,0.13928850889205932,0.1297158867120743,0.09344467669725418,0.0071257220581173895,0.3695747943595052
160,0.5329090416431427,0.28554131388664244,0.15957237482070924,0.17277575880289078,0.10200826525688171,0.015816847793757915,0.48525052070617675,0.2540566474199295,0.15542804300785065,0.14665122628211974,0.10507904291152954,0.006104492582380772,0.4132628047838807
161,0.5468426704406738,0.2874289214611053,0.1627173453569412,0.18770353198051454,0.10517044216394425,0.01599312387406826,0.4838223457336426,0.26312130093574526,0.15162671804428102,0.13116029351949693,0.10286241322755814,0.0068693762645125386,0.39251880105584863
162,0.5416475415229798,0.28098790645599364,0.16349453032016753,0.18877571523189546,0.10456050932407379,0.01747805029153824,0.45736944675445557,0.24973812103271484,0.14233676493167877,0.12464477717876435,0.09609552025794983,0.00619258526712656,0.3692696476355195
163,0.534130871295929,0.28190106749534605,0.16115327775478364,0.1770511656999588,0.1035868301987648,0.015162844955921174,0.4861061215400696,0.2663603901863098,0.14232195615768434,0.1504454255104065,0.09425747394561768,0.007737171277403832,0.3947620268911123
164,0.5413855791091919,0.28104310035705565,0.15840148627758027,0.19901312589645387,0.10076156705617904,0.016237305104732515,0.4707849740982056,0.2506233394145966,0.14637575745582582,0.13971654027700425,0.09902484267950058,0.006534570455551147,0.3916517108678818
165,0.5470354557037354,0.2844904541969299,0.16198607981204988,0.1931014597415924,0.10434308499097825,0.016391582787036896,0.4708148181438446,0.2436346411705017,0.1490157127380371,0.1457107111811638,0.10192449539899825,0.006450265273451805,0.403101184591651
166,0.5275545358657837,0.2788554012775421,0.16020878553390502,0.16741761863231658,0.10437077134847642,0.014860464818775653,0.5002742767333984,0.2541398167610168,0.153740856051445,0.17589499056339264,0.10383149236440659,0.006627002730965614,0.44009434171020984
167,0.5386516094207764,0.28053752779960633,0.15903471112251283,0.18625733256340027,0.1037647232413292,0.016206195577979088,0.4979619026184082,0.2721104919910431,0.15347108244895935,0.13134172409772873,0.10516517609357834,0.007512014731764794,0.39748999737203117
168,0.5204278230667114,0.27588586807250975,0.15866674482822418,0.15710752308368683,0.10381491184234619,0.017722474597394466,0.5124054193496704,0.2734988033771515,0.14723224937915802,0.17281926274299622,0.09878275990486145,0.00848839171230793,0.4273226637393236
169,0.5431496739387512,0.2827834188938141,0.16123276352882385,0.18299627006053926,0.10529595017433166,0.01815098002552986,0.5026325464248658,0.25806814432144165,0.15457382798194885,0.16423349231481552,0.10546467900276184,0.009474023059010506,0.43374602235853676
170,0.5155847430229187,0.27221070528030394,0.16020232141017915,0.14964255690574646,0.10543785840272904,0.01729223281145096,0.4872629642486572,0.276672488451004,0.14072532057762147,0.12654685378074645,0.09648456424474716,0.0059717558324337006,0.3697284944355488
171,0.5115209221839905,0.26950969696044924,0.1557474434375763,0.1575242906808853,0.10216874480247498,0.015629413723945617,0.4956238031387329,0.26446816325187683,0.15925306975841522,0.1293983906507492,0.10820319801568985,0.007577340584248304,0.4044319990091026
172,0.5288767099380494,0.2741854012012482,0.15455807745456696,0.18460227847099303,0.10113461911678315,0.016175137646496297,0.5181155204772949,0.2722801446914673,0.15157067477703096,0.17736340165138245,0.10152139365673066,0.006983934342861176,0.4374394044280052
173,0.5386657118797302,0.27987044453620913,0.16238817870616912,0.1789000689983368,0.10560433715581893,0.015109153650701045,0.4986205041408539,0.26248369216918943,0.1516465425491333,0.15800039172172547,0.1007495567202568,0.007834680285304785,0.41823117127642034
174,0.5306115031242371,0.2851595938205719,0.1565260708332062,0.16167463958263398,0.1017219826579094,0.016843043453991412,0.4655238687992096,0.2524829387664795,0.13819423019886018,0.13235779702663422,0.09504123330116272,0.007458419539034367,0.3730516800656915
175,0.5233901023864747,0.2647882580757141,0.1562107354402542,0.18802879452705384,0.1014157697558403,0.016995850205421447,0.5302550792694092,0.28399654626846316,0.15561430752277375,0.1658719152212143,0.10458363443613053,0.008547847718000412,0.434617704898119
176,0.5097240746021271,0.26008678078651426,0.15547001659870147,0.17444685697555543,0.09959155768156051,0.016193690337240697,0.5081741333007812,0.2718543171882629,0.1567687749862671,0.14255304336547853,0.10645195096731186,0.006817444041371345,0.41259121336042887
177,0.5343462228775024,0.2714205920696259,0.16360798478126526,0.18237362205982208,0.10552078932523727,0.01660161428153515,0.5150028944015503,0.26174144744873046,0.15787431001663207,0.17288610637187957,0.10748688578605652,0.006887942552566528,0.44513524472713467
178,0.5244565963745117,0.27691932320594786,0.1578339159488678,0.1596095934510231,0.10381696075201034,0.015453287400305271,0.5145176649093628,0.2561415612697601,0.15024419128894806,0.20400429964065553,0.0993041530251503,0.007165766041725874,0.4607184099964798
179,0.5368458151817321,0.27510911226272583,0.16017140448093414,0.18580059111118316,0.10407427847385406,0.014841547049582005,0.49141581654548644,0.24340092539787292,0.15885457694530486,0.15979110896587373,0.10778495967388153,0.006928891502320766,0.4333595370873809
180,0.51774160861969,0.27888290882110595,0.15802854001522065,0.13877142667770387,0.10435480028390884,0.01645583789795637,0.5014021337032318,0.2492937386035919,0.15816550254821776,0.17091463208198548,0.10641561597585678,0.006591663882136345,0.4420874144881964
181,0.5353471994400024,0.27511770725250245,0.16188910901546477,0.17698441743850707,0.10514241307973862,0.015982058271765708,0.498610520362854,0.2568567395210266,0.14967051148414612,0.16710100173950196,0.10039553344249726,0.007254058122634887,0.4244211047887802
182,0.5244604885578156,0.2705347120761871,0.15789423882961273,0.1705472946166992,0.10286350399255753,0.01663024239242077,0.4928505182266235,0.24730745553970337,0.1540611356496811,0.16068508327007294,0.10458997189998627,0.009064562804996967,0.4284007536247373
183,0.5139414012432099,0.26946220397949217,0.15596331357955934,0.15560768395662308,0.10176404118537903,0.015657466277480124,0.516834306716919,0.2548369765281677,0.15690306425094605,0.19385207295417786,0.104672272503376,0.00594499297440052,0.4613724026829005
184,0.5094784319400787,0.2659484386444092,0.1553008735179901,0.15380645394325257,0.10224407315254211,0.01446393895894289,0.4847868323326111,0.23743445575237274,0.15906592905521394,0.15694342851638793,0.10702814310789108,0.0066325503401458265,0.4296700510196388
185,0.5059421777725219,0.2733066976070404,0.14937348067760467,0.14246589243412017,0.09925001263618469,0.01376865953207016,0.4558340787887573,0.24138530492782592,0.14605504274368286,0.11545599102973939,0.0994379237294197,0.006484920438379049,0.367433877941221
186,0.5222931504249573,0.2702941358089447,0.1557553619146347,0.17527737021446227,0.098991958796978,0.014854745380580426,0.49089096784591674,0.264422345161438,0.15120985507965087,0.13775270879268647,0.09826294332742691,0.006158492714166641,0.39338399991393086
187,0.5172623515129089,0.265756356716156,0.15973913073539733,0.16638389825820923,0.10121009051799774,0.014723050408065319,0.5104470610618591,0.26305692791938784,0.1570272594690323,0.16318365931510925,0.10409583896398544,0.005948534607887268,0.43025529235601423
188,0.5391512632369995,0.2831603705883026,0.15949648022651672,0.173942694067955,0.10090223997831345,0.016293244808912276,0.4683490037918091,0.2601204961538315,0.14015519618988037,0.11694132536649704,0.09371291249990463,0.006693197041749954,0.35750263109803204
189,0.5195368468761444,0.27877209186553953,0.15825058817863463,0.1429806649684906,0.10228730887174606,0.01433675605803728,0.4458127737045288,0.2488040119409561,0.13590128421783448,0.10334113240242004,0.09146743267774582,0.005000114347785712,0.33570996364578604
190,0.5392324984073639,0.29130077362060547,0.15855435729026796,0.1549014389514923,0.10271602272987365,0.01502869464457035,0.4621862232685089,0.24276059865951538,0.14444472193717955,0.1291165441274643,0.09691608846187591,0.006124584749341011,0.3766019392758608
191,0.5253067255020142,0.2771663010120392,0.1610798180103302,0.15297167003154755,0.1021788775920868,0.015886452980339527,0.4771277666091919,0.25284522771835327,0.15412498414516448,0.12797767370939256,0.09816244393587112,0.006511025968939066,0.3867761277593672
192,0.5250362515449524,0.2782447636127472,0.16627498269081115,0.14549440741539002,0.1031518504023552,0.01408561822026968,0.5152612209320069,0.24737526774406432,0.16690151691436766,0.18478212058544158,0.10727830529212952,0.008252833224833011,0.46721477601677175
193,0.5288937866687775,0.2706968605518341,0.1612971991300583,0.16871412396430968,0.10261241346597672,0.0179334606975317,0.5204058051109314,0.26248142719268797,0.15581457018852235,0.18590208292007446,0.1013280138373375,0.007001810055226087,0.45004647700116035
194,0.5325010657310486,0.278384131193161,0.16239163279533386,0.15801089107990265,0.10419906973838806,0.01580891218036413,0.5108737587928772,0.2537329912185669,0.16210433840751648,0.16965348720550538,0.10620565265417099,0.00642375685274601,0.44438723511993883
195,0.5072792053222657,0.2743005990982056,0.15243157744407654,0.13447767943143846,0.09879076927900314,0.015001365914940834,0.4974451184272766,0.2579569458961487,0.15300497114658357,0.1463526487350464,0.10353258848190308,0.006214603781700134,0.4091048121452332
196,0.5166177392005921,0.2673687875270844,0.15468925833702088,0.15928576290607452,0.10155837833881379,0.014819030463695527,0.46857087016105653,0.2589203715324402,0.14702842831611634,0.0971810445189476,0.1005335047841072,0.005782642401754856,0.350525620020926
197,0.5255077600479126,0.27163161635398864,0.15744149386882783,0.1630983054637909,0.10285328924655915,0.014883492887020112,0.46189925670623777,0.22712937593460084,0.14790607690811158,0.14200276136398315,0.10181436687707901,0.007358268089592457,0.3990814732387662
198,0.5120818495750428,0.2714385390281677,0.15381404459476472,0.14290623664855956,0.10091176331043243,0.014736139588057995,0.48670491576194763,0.24206119775772095,0.15515389144420624,0.15213783979415893,0.10401294678449631,0.006241795048117638,0.4175464730709791
199,0.5266016483306885,0.272797617316246,0.16037124395370483,0.1547190308570862,0.10532908141613007,0.014575326628983021,0.4984028458595276,0.24841021299362182,0.15116308331489564,0.170283305644989,0.10183973908424378,0.005696676578372717,0.4289828046225011
200,0.5195550322532654,0.2801956534385681,0.15063468515872955,0.14576192796230317,0.09920307248830795,0.014042970165610314,0.4801843881607056,0.23779273629188538,0.15885462760925292,0.13458490818738938,0.10823352634906769,0.006647620163857937,0.4083206823095679
201,0.5071004152297973,0.2599778056144714,0.15404059290885924,0.1529046043753624,0.1018944576382637,0.014319221302866936,0.4651334762573242,0.24356852769851683,0.1419623851776123,0.12852780818939208,0.09734548032283782,0.006341187190264464,0.3741768608801067
202,0.5023937344551086,0.2610046207904816,0.15631864964962006,0.13586543500423431,0.1036241590976715,0.014609568566083909,0.47374295592308047,0.2546019613742828,0.14148447513580323,0.1258181720972061,0.09647675603628159,0.006322708539664745,0.3701021118089557
203,0.5209098577499389,0.2709673583507538,0.15258397459983825,0.1647099643945694,0.09944478422403336,0.014218302071094513,0.5025618076324463,0.23481846153736113,0.16331929862499237,0.17742609977722168,0.11069131046533584,0.0060224953107535836,0.45745920417830355
204,0.5073164880275727,0.2626819610595703,0.15528229475021363,0.14669469147920608,0.10224124044179916,0.01386601310223341,0.502863085269928,0.2724191188812256,0.14261763095855712,0.14547474980354308,0.09735028594732284,0.006618502736091614,0.39206116944551467
205,0.5114472568035126,0.2641927480697632,0.15137893259525298,0.16015453934669494,0.0994126945734024,0.01442596223205328,0.4799340426921844,0.24506638050079346,0.14410582184791565,0.1530216246843338,0.09783665984869003,0.005755751579999924,0.4007198579609394
206,0.5111471712589264,0.26253642439842223,0.15372283458709718,0.15732871890068054,0.1015088751912117,0.013896716013550758,0.45114960670471194,0.24443843364715576,0.13665246963500977,0.10870973914861679,0.0948766216635704,0.00563740199431777,0.3458762324415147
207,0.513910174369812,0.26579381823539733,0.1541461855173111,0.15377441346645354,0.10233967304229737,0.014462028816342353,0.464057195186615,0.2616591453552246,0.13490399718284607,0.1047309696674347,0.09371360987424851,0.004714706726372242,0.33806328345090153
208,0.5076141059398651,0.2666403353214264,0.15423116981983184,0.14070988893508912,0.102104552090168,0.013643616996705531,0.4903233528137207,0.24913839101791382,0.1456845223903656,0.16211084574460982,0.09932833611965179,0.005054773855954408,0.41217847811058167
209,0.5245280981063842,0.2700794994831085,0.15595707595348357,0.16443735361099243,0.10291634202003479,0.013861466385424136,0.5445699334144593,0.26443947553634645,0.1528712898492813,0.2295127511024475,0.10119017958641052,0.006070772092789412,0.48964499263092875
210,0.5271637082099915,0.2716106802225113,0.1550592303276062,0.16971995830535888,0.10132931321859359,0.014680036529898643,0.4788985371589661,0.2699397325515747,0.13798392415046692,0.11076735258102417,0.09545279890298844,0.0058575613424181935,0.35006163697689774
211,0.5177411079406739,0.2753223776817322,0.15079015791416167,0.1511715516448021,0.09879732877016068,0.015439105220139027,0.46691952347755433,0.2436595916748047,0.1504777580499649,0.11007543206214905,0.10542632043361663,0.005209605675190687,0.3711891162209213
212,0.5117272078990937,0.2711705267429352,0.15391131341457367,0.13885727822780608,0.10240526497364044,0.014316503703594208,0.4660256028175354,0.23832052648067475,0.13752204477787017,0.1493278980255127,0.09474140852689743,0.006581761687994003,0.3881731130182743
213,0.5038717031478882,0.26435297429561616,0.15173666179180145,0.14091688692569732,0.1014034852385521,0.013924316130578518,0.49746129512786863,0.26234886050224304,0.146926549077034,0.14694654941558838,0.10018398612737656,0.005369123443961144,0.39942620806396006
214,0.5202931880950927,0.2713209867477417,0.15384060144424438,0.1588791564106941,0.10127263665199279,0.013447532802820206,0.5065945506095886,0.24955976009368896,0.15824100375175476,0.16783015727996825,0.1069779023528099,0.005690793134272098,0.43873985651880504
215,0.5168330609798432,0.25272818803787234,0.15837249159812927,0.18016637563705445,0.10312600880861282,0.01509337369352579,0.46785928010940553,0.23531180024147033,0.1486046016216278,0.13675783574581146,0.10219740122556686,0.005058622732758522,0.39261846132576467
216,0.5152609825134278,0.2684002101421356,0.1508382886648178,0.1592307612299919,0.09996357709169387,0.01389301586896181,0.4521654486656189,0.2396782875061035,0.1465342491865158,0.09786520004272461,0.10177099108695983,0.006339768320322037,0.35251020863652227
217,0.5094886839389801,0.2598593831062317,0.14895467162132264,0.1707044303417206,0.09764284938573838,0.014104754477739335,0.46055626273155215,0.24730638265609742,0.13901243805885316,0.11767655611038208,0.09605029076337815,0.00551262367516756,0.358251908607781
218,0.5061767816543579,0.26836092472076417,0.14867019951343535,0.14646995663642884,0.09820845127105712,0.01380870994180441,0.496840238571167,0.262160062789917,0.14344829320907593,0.15380145013332366,0.09791887849569321,0.004962523840367794,0.4001311456784606
219,0.4966245353221893,0.2592996209859848,0.14985405802726745,0.1418565943837166,0.09962835907936096,0.013653267174959183,0.4550240933895111,0.24507267475128175,0.14016847908496857,0.10537381321191788,0.0984669104218483,0.005460433848202229,0.34946963656693697
220,0.49719585180282594,0.26447625160217286,0.15410524606704712,0.12404827326536179,0.10228518694639206,0.013536347448825837,0.45498005151748655,0.25416500568389894,0.13494452238082885,0.10098267197608948,0.09379436373710633,0.005103090871125459,0.33482464896515013
221,0.5023649156093597,0.2596281826496124,0.1508628696203232,0.1524614691734314,0.09919086247682571,0.013939970172941685,0.4547094225883484,0.24127615690231324,0.13859130293130875,0.1219586730003357,0.09467672556638718,0.004681333154439926,0.3599080346524715
222,0.5065085887908936,0.2635758101940155,0.1482830047607422,0.15930643379688264,0.09727159589529037,0.013389527425169944,0.4706574082374573,0.2561652660369873,0.14205682873725892,0.11435000002384185,0.0975489690899849,0.005890954472124577,0.35984675232321023
223,0.4850867033004761,0.2653299689292908,0.14583857357501984,0.11567281633615493,0.09729752838611602,0.012574748508632183,0.460222053527832,0.244647753238678,0.14142521768808364,0.11920658051967621,0.09684858918190002,0.005104696098715067,0.3625850834883749
224,0.48166640400886535,0.25938132405281067,0.1493153840303421,0.11285579949617386,0.09956250786781311,0.013137058727443219,0.4922947227954865,0.26330204010009767,0.1435718834400177,0.1415014922618866,0.09818590879440307,0.005254494957625866,0.38851377945393323
225,0.49965500831604004,0.27152250409126283,0.1485787332057953,0.12677367329597472,0.09825804978609085,0.014112241379916669,0.4410504937171936,0.25456385016441346,0.1303160309791565,0.08204841017723083,0.0907991275191307,0.005073780100792647,0.30823734877631065
226,0.47979395389556884,0.24877582490444183,0.14895417988300325,0.13222339749336243,0.0987710863351822,0.013107357174158096,0.44502168893814087,0.24845991134643555,0.13007555454969405,0.1045955702662468,0.08970972597599029,0.005048082210123539,0.32942893300205467
227,0.5234316825866699,0.26927161812782285,0.15491839945316316,0.16635090708732606,0.1021247684955597,0.013784964010119439,0.4641691207885742,0.2419584274291992,0.14597806930541993,0.12207998037338257,0.09960624575614929,0.006346422992646694,0.3740107184275985
228,0.5046512842178345,0.2692625820636749,0.14925136864185334,0.1397482305765152,0.09824109226465225,0.015145903266966344,0.4911789000034332,0.23163995444774627,0.15408068895339966,0.18202932476997374,0.10402814745903015,0.005727704986929894,0.44586586616933344
229,0.5051554143428802,0.2592608332633972,0.15319665074348449,0.1510683625936508,0.10158551186323166,0.014992444030940532,0.4852512001991272,0.2458677649497986,0.15383002161979675,0.13838025331497192,0.10485108643770218,0.007620443962514401,0.40468180533498527
230,0.5004920780658721,0.2706740438938141,0.15037084221839905,0.12380045503377915,0.10038666278123856,0.014765600487589837,0.4777673423290253,0.24525551199913026,0.15012021660804747,0.1313047468662262,0.1041110873222351,0.005400540679693222,0.390936591476202
231,0.49384896755218505,0.2594300150871277,0.14291355907917022,0.15171557813882827,0.09439225196838379,0.014006970636546611,0.4744308590888977,0.24961704015731812,0.15053028464317322,0.11570730656385422,0.10381284207105637,0.005870416946709156,0.375920850224793
232,0.4885114848613739,0.2555471181869507,0.15069082677364348,0.13157699406147003,0.10021252185106277,0.013374046236276627,0.43443921208381653,0.23029656410217286,0.13758450150489807,0.10137571096420288,0.09572416543960571,0.005393649451434612,0.34007802736014126
233,0.49656254053115845,0.2598193287849426,0.14464241564273833,0.15285450220108032,0.0954334408044815,0.014051095210015773,0.5012202084064483,0.27020193338394166,0.14154122173786163,0.14815752506256102,0.09730574935674667,0.006034595333039761,0.39303909149020905
234,0.5019980430603027,0.2781336784362793,0.14370367527008057,0.13003729283809662,0.09518754929304123,0.012353406101465226,0.4444661796092987,0.2436814248561859,0.12874526977539064,0.11696174144744872,0.08857731223106384,0.004456912726163864,0.3387412361800671
235,0.48603700995445254,0.2642621099948883,0.14278065860271455,0.12740556448698043,0.09458464682102204,0.01275041475892067,0.4630656838417053,0.2604960501194,0.13113942742347717,0.11281259953975678,0.09126549512147904,0.004884174000471831,0.3401016960851848
236,0.4896331489086151,0.25628926753997805,0.1486343890428543,0.13712991178035736,0.0988543227314949,0.012941712699830531,0.46062824726104734,0.24425531625747682,0.13994444012641907,0.12340903282165527,0.09566113948822022,0.006058984808623791,0.3650735972449183
237,0.4963977873325348,0.2509127020835876,0.1513618379831314,0.1553042560815811,0.10029677003622055,0.013982870429754258,0.4396522581577301,0.24274161458015442,0.13126634657382966,0.10067572444677353,0.09174013733863831,0.004652154725044965,0.3283343630842865
238,0.49187225103378296,0.25883010029792786,0.15002825558185579,0.13244523108005524,0.10043716728687287,0.01274215430021286,0.47185659408569336,0.2524983912706375,0.13456407189369202,0.14173702001571656,0.09233851879835128,0.004651104286313057,0.3732907149940729
239,0.4975076198577881,0.2604176223278046,0.14493071734905244,0.15459735691547394,0.0952756017446518,0.013086867332458497,0.4534200131893158,0.23912079334259034,0.13863216638565062,0.12220359444618226,0.09506371766328811,0.005361745040863753,0.3612612235359848
240,0.5078341782093048,0.2728645086288452,0.15030651688575744,0.13766284584999083,0.09928845465183259,0.013454356230795383,0.5022416591644288,0.24476110935211182,0.15418654680252075,0.1744004786014557,0.10578588992357255,0.005639628507196903,0.44001254383474586
241,0.5125796496868134,0.2612450569868088,0.15682934522628783,0.15625917315483093,0.10340600907802582,0.014134488813579083,0.43918965458869935,0.2260765016078949,0.1376075714826584,0.1189396858215332,0.09583977311849594,0.005521024018526078,0.3579080544412136
242,0.4927991390228271,0.25533423721790316,0.14933255910873414,0.14374171048402787,0.09899967163801193,0.013722703978419303,0.4761001765727997,0.26539905071258546,0.13802603483200074,0.1166704922914505,0.09471186548471451,0.004887200612574816,0.35429559322074056
243,0.47879496216773987,0.2549007534980774,0.14344748854637146,0.12675521224737168,0.09622490704059601,0.01382538378238678,0.4486622452735901,0.23056713938713075,0.1386745035648346,0.12914188504219054,0.09549008160829545,0.005128610040992498,0.3684350802563131
244,0.4708967685699463,0.24534138441085815,0.1437361091375351,0.13038315773010253,0.0962339386343956,0.013270853087306023,0.4506158471107483,0.23865251541137694,0.13472438603639603,0.1277796894311905,0.09220214933156967,0.003963189013302326,0.35866941381245854
245,0.48952348828315734,0.26098082065582273,0.14487444162368773,0.13465090245008468,0.09641923606395722,0.013696394674479962,0.4693279802799225,0.2298900306224823,0.14969340562820435,0.15305690765380858,0.10015461891889572,0.005754999816417694,0.40865993201732637
246,0.4898241817951202,0.25363035798072814,0.1482310801744461,0.1437082678079605,0.09865588694810867,0.012782702036201955,0.4600813686847687,0.23291486203670503,0.1477362632751465,0.12715569138526917,0.10190510004758835,0.005178079940378666,0.3819751346483827
247,0.47854797840118407,0.2570352852344513,0.14173450469970703,0.12890805751085282,0.09416914284229279,0.012391401454806328,0.4330937206745148,0.23498931527137756,0.13860391080379486,0.08675871938467025,0.0968335136771202,0.004899962805211544,0.32709610667079686
248,0.4845623254776001,0.25953819155693053,0.1476334273815155,0.12097430527210236,0.09870510995388031,0.013557025976479054,0.4767548322677612,0.2591952919960022,0.1368984043598175,0.13239474296569825,0.09387507289648056,0.005455469619482756,0.3686236898414791
249,0.4856123626232147,0.25820515751838685,0.1476850539445877,0.1258775234222412,0.09905336052179337,0.012682139128446578,0.46348259449005125,0.24263838231563567,0.13672283291816711,0.14054707884788514,0.09329616278409958,0.005170785635709762,0.3757368601858616
250,0.48062482476234436,0.2508585125207901,0.14513590335845947,0.1364617645740509,0.09707652181386947,0.012809093482792378,0.45175486207008364,0.2425072520971298,0.13495414704084396,0.11948223412036896,0.09332267940044403,0.004404365923255682,0.3521634264849126
251,0.47753294110298156,0.25563297271728513,0.1416557550430298,0.12799756973981857,0.09536888897418976,0.01173996776342392,0.46738197803497317,0.23873031735420228,0.15086103081703187,0.1213236153125763,0.10463555306196212,0.006019807234406471,0.38284000642597676
252,0.47674028277397157,0.24848929047584534,0.14705903232097625,0.12790812104940413,0.09872675389051437,0.013493097200989724,0.46385241746902467,0.2452934741973877,0.14078523814678193,0.12471797317266464,0.09762425422668457,0.004523169249296188,0.3676506347954273
253,0.49058293700218203,0.26319212317466734,0.14141332507133483,0.13856927454471588,0.09491992443799972,0.01324184350669384,0.4538865923881531,0.24425214529037476,0.13354547023773194,0.12290407121181487,0.09207836240530014,0.005371644906699657,0.3538995487615466
254,0.4909999668598175,0.25773451924324037,0.15184735357761384,0.12746879756450652,0.10219044387340545,0.013203342445194721,0.46668670177459715,0.25931779146194456,0.13759626746177672,0.10974054187536239,0.09492994397878647,0.005060438346117735,0.34732719166204334
255,0.48577006459236144,0.26194139420986173,0.14554289281368255,0.12479086071252823,0.0968020036816597,0.012828165479004384,0.4704055070877075,0.24647947251796723,0.14735228419303895,0.11772225201129913,0.10372850745916366,0.004790961463004351,0.3735940051265061
256,0.47957017421722414,0.26001139283180236,0.14147161841392517,0.12442528754472733,0.09475654065608978,0.012001904658973217,0.4580389320850372,0.255087685585022,0.13480555415153503,0.10275934934616089,0.09489140659570694,0.005515876784920692,0.3379721868783236
257,0.47256529331207275,0.25419479608535767,0.14408143758773803,0.11642752736806869,0.09594153910875321,0.013165234215557575,0.4559080898761749,0.24294357299804686,0.14543468356132508,0.10217956602573394,0.10128738731145859,0.0048269139602780346,0.3537285508587956
258,0.48711438179016114,0.2664050817489624,0.14024592638015748,0.127866131067276,0.09458297491073608,0.012189779616892337,0.4498752236366272,0.24315388798713683,0.1265489250421524,0.13189514875411987,0.08770073801279069,0.004906865861266851,0.35105167767032985
259,0.4818882167339325,0.25099643468856814,0.1431201994419098,0.14436743706464766,0.09503276646137238,0.012854447774589061,0.4465669810771942,0.23965190649032592,0.13696006834506988,0.10798436999320984,0.09502206742763519,0.006233558803796768,0.3462000645697117
260,0.4939471006393433,0.25892338156700134,0.14762148559093474,0.1403440237045288,0.09892700463533402,0.013752197101712226,0.449061119556427,0.22314060032367705,0.13747083246707917,0.14527132213115693,0.09565379023551941,0.005285484716296196,0.3836814295500517
261,0.4742476463317871,0.2527418971061707,0.14560872316360474,0.1193015992641449,0.09744287729263305,0.012337179481983184,0.4378206133842468,0.25080307722091677,0.13064126372337342,0.0818560391664505,0.09145244359970092,0.004761175625026226,0.3087109221145511
262,0.48997182846069337,0.25308151841163634,0.15149811506271363,0.13816112279891968,0.10098091810941696,0.012459147348999977,0.43364620208740234,0.23623034060001374,0.13720209896564484,0.08893948495388031,0.09564775824546815,0.0048349865712225435,0.3266243287362159
263,0.4752843201160431,0.2512283533811569,0.14478495121002197,0.12537692487239838,0.09752531796693802,0.011856410093605519,0.45199374556541444,0.251611191034317,0.1336199387907982,0.10177833884954453,0.09329233765602112,0.005506140738725662,0.3341967560350895
264,0.477594655752182,0.24297886788845063,0.14825189113616943,0.14004626721143723,0.09891910254955291,0.012745572812855243,0.4096935033798218,0.21997058987617493,0.1257969081401825,0.09966910183429718,0.0872868075966835,0.004565629176795483,0.31731844674795867
265,0.4656404674053192,0.25265956223011016,0.1426427721977234,0.10786670446395874,0.09540852308273315,0.013163836486637593,0.45001166462898257,0.24151496291160585,0.1372625857591629,0.11212790608406067,0.09519789963960648,0.004659633524715901,0.3492480250075459
266,0.47811803221702576,0.2549452126026154,0.1461065888404846,0.12171491384506225,0.09818971455097199,0.011366024985909462,0.4420642614364624,0.23366069793701172,0.13614831268787383,0.11350826919078827,0.09491401761770249,0.004552180832251907,0.3491227803286165
267,0.47098164558410643,0.25462124347686765,0.14275988638401033,0.11381182074546814,0.0959664300084114,0.012768199294805526,0.46233977675437926,0.25897387862205506,0.14319313764572145,0.08552765846252441,0.10069234222173691,0.005264930427074432,0.3346780687570572
268,0.4749039590358734,0.24964032769203187,0.14556829035282134,0.12661057263612746,0.09768916368484497,0.01208373811095953,0.4343929648399353,0.23002078533172607,0.13377191573381425,0.10897176861763,0.09429289251565934,0.004169237520545721,0.3412058143876493
269,0.47999637126922606,0.2615793466567993,0.14344914853572846,0.11729742288589477,0.09619507938623428,0.012387140654027462,0.4590019047260284,0.23704477548599243,0.14320119619369506,0.12678249180316925,0.09897150844335556,0.004627801291644573,0.3735829977318645
270,0.4717155694961548,0.24898945689201354,0.14616652727127075,0.12042038440704346,0.09782867282629013,0.01244125682860613,0.44969194531440737,0.24327043890953065,0.1421846091747284,0.09540733098983764,0.09907548874616623,0.005537040531635284,0.34220446944236754
271,0.4619146764278412,0.24920287430286409,0.1390082061290741,0.11555797457695008,0.09321991205215455,0.012219246290624142,0.4498324692249298,0.23337921798229216,0.14228713512420654,0.11842395663261414,0.09760747998952865,0.005437901802361011,0.3637564735487103
272,0.4788246214389801,0.26110306978225706,0.14299583435058594,0.11702151894569397,0.09549361765384674,0.013037686981260777,0.4611631214618683,0.2627082407474518,0.1348256289958954,0.09442251324653625,0.09492813199758529,0.004770437441766262,0.3289467116817832
273,0.48677659034729004,0.25373588502407074,0.1427318572998047,0.1481583058834076,0.09540431797504426,0.01292901337146759,0.44766823649406434,0.23003272116184234,0.13691461086273193,0.13289267420768738,0.0937359794974327,0.005374746397137642,0.36891801096498966
274,0.48131359815597535,0.2528459310531616,0.14435262084007264,0.13545274138450622,0.09640594571828842,0.013188636675477029,0.43201862573623656,0.22702957093715667,0.13763505220413208,0.10369258970022202,0.09536624550819398,0.005445022508502007,0.34213890992105006
275,0.47350641489028933,0.2500207006931305,0.14253662824630736,0.12917064875364304,0.09546108841896057,0.012849288992583752,0.43831860423088076,0.24430451393127442,0.13506314754486085,0.08463429212570191,0.09528161734342575,0.004780087154358625,0.31975914416834716
276,0.4684284508228302,0.2520540863275528,0.14039722979068756,0.118094103038311,0.0952938050031662,0.011749246343970298,0.43971758484840395,0.24786224067211152,0.13442681431770326,0.08121829330921174,0.0949571892619133,0.0050365830771625045,0.31563887996599077
277,0.46803572177886965,0.25377543568611144,0.1427646368741989,0.10832547098398208,0.09690311551094055,0.012177170999348164,0.46394360065460205,0.2427820473909378,0.1456948220729828,0.11795801818370819,0.10176033973693847,0.004288539616391062,0.3697017196100206
278,0.47559096217155455,0.25135805904865266,0.14582396745681764,0.1229385033249855,0.0982463613152504,0.012375408597290517,0.44795122742652893,0.2405908614397049,0.13856320083141327,0.10602992177009582,0.09669293016195298,0.0044544203206896785,0.34574047308415173
279,0.4686653852462769,0.2493207961320877,0.14410412311553955,0.11589784175157547,0.09739124774932861,0.012725545838475228,0.4446889817714691,0.23186788558959961,0.14277983009815215,0.10636337995529174,0.10021625906229019,0.004622427187860012,0.35398189630359406
280,0.4756337463855743,0.2516597032546997,0.1397957593202591,0.13608667254447937,0.09422380626201629,0.011577200330793857,0.4566803753376007,0.23300113677978515,0.14317377507686616,0.128655406832695,0.09905807077884674,0.006047926284372807,0.3769351789727807
281,0.46920751929283144,0.24514415562152864,0.14223452806472778,0.1325193911790848,0.09507188946008682,0.0116759417578578,0.4581235945224762,0.2540530443191528,0.13862298876047136,0.09710574448108673,0.09755113869905471,0.005034675821661949,0.33831454776227476
282,0.45918657183647155,0.25668729543685914,0.13549781441688538,0.10216580331325531,0.09116995483636856,0.012094602920114994,0.42148934602737426,0.22642549872398376,0.13439125418663025,0.0901752233505249,0.09385003745555878,0.004739412385970354,0.3231559273786843
283,0.4673513174057007,0.24892368912696838,0.14260561764240265,0.11840294450521469,0.09594871401786804,0.012470390275120735,0.4492139518260956,0.2376248836517334,0.1486481249332428,0.09090681672096253,0.10387313961982728,0.005606533773243427,0.349034615047276
284,0.4668054759502411,0.2471858561038971,0.14138809144496917,0.12355611771345139,0.095086207985878,0.012400270812213421,0.419718062877655,0.22549145221710204,0.13542788922786714,0.08543492555618286,0.09489539116621018,0.0048852131702005865,0.32064341912046074
285,0.4614461660385132,0.25130494236946105,0.14391396939754486,0.1017656683921814,0.09586413055658341,0.011657343618571759,0.44682743549346926,0.2263382613658905,0.14128828644752503,0.1278398245573044,0.09750846922397613,0.0050909314304590225,0.37172751165926454
286,0.4567883014678955,0.242312291264534,0.14309578239917756,0.11077060401439667,0.09615301638841629,0.011398784071207046,0.4553411424160004,0.25093350410461424,0.13703652918338777,0.1015215516090393,0.09626551121473312,0.005133510008454323,0.33995710201561447
287,0.4600879669189453,0.25218820571899414,0.13898950517177583,0.10558491051197053,0.09361744672060013,0.011788121424615383,0.4370512843132019,0.22953495383262634,0.14321123957633972,0.09524364769458771,0.10017061084508896,0.004878838453441859,0.3435043365694582
288,0.47115891575813296,0.2501819431781769,0.142512646317482,0.12563663870096206,0.09547275751829147,0.0113616693764925,0.45589707493782045,0.2491495966911316,0.13534797728061676,0.11377984285354614,0.09354022890329361,0.004356274660676718,0.34702432369813324
289,0.465458470582962,0.24518502354621888,0.13970952928066255,0.12827666699886323,0.0940369114279747,0.01242880616337061,0.45161543488502504,0.2500652015209198,0.1369687497615814,0.098289954662323,0.095381960272789,0.004471644107252359,0.33511230880394577
290,0.47675648927688596,0.25395379066467283,0.14323276579380034,0.12766918689012527,0.09572201371192932,0.011905943043529987,0.4568264365196228,0.2368844270706177,0.1461534321308136,0.1140315741300583,0.10183093398809433,0.0052678343839943405,0.36728377463296064
291,0.47162196040153503,0.2482798784971237,0.1444794237613678,0.12435409277677537,0.097052963078022,0.012640586122870445,0.43697998523712156,0.23044605255126954,0.1387947142124176,0.10388009995222092,0.09641623347997666,0.0053195256739854814,0.34441057331860064
292,0.46802644729614257,0.2561776012182236,0.13799108266830445,0.11730259358882904,0.09248593896627426,0.011030353792011737,0.42802931666374205,0.2425621509552002,0.12313521355390548,0.09412684440612792,0.08682732731103897,0.0046446557156741616,0.30873404098674656
293,0.4649174988269806,0.24743202328681946,0.1441079258918762,0.11242616027593613,0.09759745895862579,0.012063557654619217,0.43468059301376344,0.24203671813011168,0.1387748420238495,0.07402575612068177,0.09791866093873977,0.0044047868810594085,0.3151240459643304
294,0.4597329020500183,0.24964407682418824,0.13898032307624816,0.10919831544160843,0.09382324069738388,0.012148596160113812,0.45225889682769777,0.2457360804080963,0.14089338183403016,0.09962582290172577,0.09779437482357026,0.005116361379623413,0.3434299409389496
295,0.4712616682052612,0.2576387286186218,0.141774919629097,0.1107742190361023,0.09558296501636505,0.011885781213641167,0.43862624168395997,0.2332476407289505,0.13994436264038085,0.09566621780395508,0.09919277876615525,0.004749960266053677,0.3395533194765448
296,0.46407217979431153,0.2448948085308075,0.14489771127700807,0.11502520442008972,0.09749043881893157,0.012430482730269431,0.41776785254478455,0.23106130361557006,0.1386334627866745,0.0616821825504303,0.098245008289814,0.0043341202661395075,0.30289477389305824
297,0.4690660536289215,0.26297487616539,0.1401243805885315,0.09838219434022903,0.0949448361992836,0.011810976080596447,0.4324733972549438,0.2409256398677826,0.12818410396575927,0.0973988801240921,0.08943722546100616,0.004274934343993664,0.3192951438948512
298,0.4642435073852539,0.24943298995494842,0.14158937633037566,0.11377055495977402,0.0957429975271225,0.01109297275543213,0.42683873176574705,0.22942593097686767,0.1322713315486908,0.0973091721534729,0.0937721535563469,0.0041550792753696445,0.3275077365338802
299,0.47687538266181945,0.2626799404621124,0.14104815125465392,0.11337659209966659,0.09552092999219894,0.011133899353444577,0.4227962911128998,0.22352195978164674,0.13880820274353028,0.08991756141185761,0.09659428298473358,0.004395974706858397,0.32971602184697985
300,0.46491469740867614,0.24657745957374572,0.14217926561832428,0.11968896090984345,0.09583832770586014,0.011565427109599114,0.4273547172546387,0.23426510393619537,0.13130451440811158,0.09052060693502426,0.09240557849407197,0.005803841538727284,0.32003454137593507
301,0.4657048463821411,0.2519709438085556,0.1410350263118744,0.11129240989685059,0.09562126100063324,0.012104850448668002,0.43689045310020447,0.24173930883407593,0.13214500546455382,0.09426748305559159,0.0932456910610199,0.003827390214428306,0.32348556979559356
302,0.4527685701847076,0.24877429902553558,0.1356361374258995,0.10429604649543762,0.09182699322700501,0.01152960117906332,0.44101510643959047,0.24066907167434692,0.13667887151241304,0.09509515166282653,0.09547969251871109,0.005294403992593288,0.33254811968654396
303,0.46488273739814756,0.2461586207151413,0.14051201343536376,0.12458366006612778,0.09372472912073135,0.013005509600043296,0.4484963059425354,0.24330224692821503,0.125764337182045,0.1325414538383484,0.08605298399925232,0.00512923039495945,0.3494880054146052
304,0.46869398951530455,0.2485440582036972,0.14609014689922334,0.11432549506425857,0.09858304113149643,0.011936189979314804,0.43838001489639283,0.22574538886547088,0.14257488250732422,0.109865103662014,0.09851738661527634,0.004309483245015145,0.3552668560296297
305,0.4596102714538574,0.24997838139533995,0.1339156985282898,0.11990434676408768,0.09012745618820191,0.011971984431147576,0.44834481477737426,0.2309337079524994,0.14560704529285431,0.11169512867927552,0.10066974610090255,0.0053018968552351,0.3632738169282675
306,0.4683755934238434,0.2504948526620865,0.14192299246788026,0.11961068212985992,0.09537862688302993,0.011855140328407288,0.40764148235321046,0.223837411403656,0.12375010550022125,0.08956007659435272,0.08728487193584442,0.004478211142122745,0.3050732651725412
307,0.45539872646331786,0.2521778106689453,0.1398973435163498,0.0940039485692978,0.09473932832479477,0.011041343212127686,0.4347819685935974,0.22382336258888244,0.1405038833618164,0.11025864481925965,0.09704118221998215,0.005173120275139808,0.352976830676198
308,0.4551938235759735,0.24742701649665833,0.1366727203130722,0.11042953878641129,0.09164493381977082,0.012476026639342308,0.4287930428981781,0.24890216588973998,0.1276132196187973,0.07450801357626916,0.08939592391252518,0.00439129788428545,0.29590845499187707
309,0.4579997658729553,0.2563238561153412,0.13291507363319396,0.10809259712696076,0.08897884339094161,0.010969478450715543,0.42132827639579773,0.2312787264585495,0.12177028059959412,0.11024309396743774,0.0841289684176445,0.004181886091828346,0.3203242290765047
310,0.4453982949256897,0.24871008694171906,0.13412780910730362,0.09162745028734207,0.09149287939071656,0.011460959911346436,0.43595556616783143,0.2431867837905884,0.13090889453887938,0.09324328899383545,0.09173185676336289,0.004103433107957244,0.31998747340403494
311,0.46503915190696715,0.2518393397331238,0.14281150400638581,0.1072405144572258,0.09667448252439499,0.011560945585370064,0.4252258658409119,0.21857683658599852,0.13848831355571747,0.1026134192943573,0.09762056618928909,0.004652846045792103,0.34337514508515593
312,0.45512505173683165,0.24328223764896392,0.1419682115316391,0.10762414038181305,0.09543759226799012,0.011611743830144405,0.417762815952301,0.22466282844543456,0.1344810426235199,0.0853484533727169,0.09454698711633683,0.004172740317881107,0.3185492234304547
313,0.45020999312400817,0.24168045520782472,0.1406933397054672,0.10485474914312362,0.09407722502946854,0.011495201662182809,0.44650022983551024,0.24623139798641205,0.1371384859085083,0.09352750331163406,0.09640559405088425,0.004488177783787251,0.33155976105481383
314,0.46049866676330564,0.25130210518836976,0.14399825036525726,0.0956705242395401,0.0979071244597435,0.011709754168987275,0.41301934123039247,0.22265338897705078,0.13191114664077758,0.08342584669589996,0.09375624060630798,0.004264687281101942,0.3133579212240875
315,0.45178191661834716,0.24428560137748717,0.13933616876602173,0.10250197052955627,0.09437738209962845,0.012266945838928223,0.4095300018787384,0.21892712712287904,0.13344549536705017,0.080955171585083,0.09475562125444412,0.003982905950397253,0.3131391941569745
316,0.45600925087928773,0.2516582727432251,0.14044438004493714,0.09407931268215179,0.09536647945642471,0.011534193344414235,0.4394053518772125,0.2303004115819931,0.14614880084991455,0.09058827459812165,0.10319259911775588,0.004317417088896036,0.3442470916546881
317,0.450610077381134,0.24116324186325072,0.14184389114379883,0.10145203918218612,0.09587660282850266,0.012213335931301117,0.4298550248146057,0.2356514424085617,0.13602969348430632,0.08283384293317794,0.09577942937612534,0.005190676543861628,0.31983364233747125
318,0.4524378478527069,0.23663577139377595,0.1438497245311737,0.11042415946722031,0.09681148529052734,0.012477229721844197,0.4157365024089813,0.24783976078033448,0.12249344736337661,0.0584238201379776,0.08722934573888778,0.004916176479309797,0.27306278971955183
319,0.4352716624736786,0.23231984972953795,0.13744700849056243,0.09694412499666213,0.09336054772138595,0.01228075698018074,0.3930422902107239,0.2179259955883026,0.12264517843723297,0.07449771314859391,0.08682386875152588,0.003970988234505058,0.2879377485718578
320,0.4568697214126587,0.244306480884552,0.14243602156639099,0.107659512758255,0.09603069573640824,0.01145674604922533,0.41707742810249326,0.22774443328380584,0.13679033517837524,0.07454273998737335,0.09512222856283188,0.004446520190685988,0.31090182391926646
321,0.466693377494812,0.25069319903850557,0.14142812192440032,0.11615140885114669,0.09538182318210602,0.01194278784096241,0.43373515009880065,0.22759996056556703,0.13637269735336305,0.10874322652816773,0.0950089380145073,0.004411150515079498,0.3445360124111176
322,0.45343524813652036,0.24214079678058625,0.1431310623884201,0.10231997519731521,0.09667156636714935,0.012420941330492496,0.43972544074058534,0.24049585163593293,0.138257697224617,0.09014836251735688,0.09679043442010879,0.004123808350414038,0.32932030251249667
323,0.45399715304374694,0.24343379437923432,0.14051567614078522,0.10819790065288544,0.09468892812728882,0.011138421110808849,0.43544654846191405,0.24912495613098146,0.12373936176300049,0.09738083481788636,0.08636618107557296,0.003538542427122593,0.3110249200835824
324,0.45318412184715273,0.25164346396923065,0.13401339650154115,0.10268957316875457,0.09093749523162842,0.011306032165884971,0.42589229345321655,0.2443006455898285,0.1316137969493866,0.06811792701482773,0.09307349026203156,0.0036273694597184656,0.29643258368596437
325,0.4430973410606384,0.23691869974136354,0.13910832703113557,0.10044449716806411,0.09445109665393829,0.01172393150627613,0.446405953168869,0.25240774154663087,0.13209854662418366,0.09310020208358764,0.09253290295600891,0.004151630960404873,0.3218832826241851
326,0.4485044002532959,0.24246717095375062,0.1414129376411438,0.09562580138444901,0.09593620598316192,0.011445925571024418,0.4198261559009552,0.21797128915786743,0.13321749567985536,0.10561225414276124,0.09376748949289322,0.003988463617861271,0.3365857029333711
327,0.4583811700344086,0.24404906034469603,0.14241831600666047,0.10960406213998794,0.0970501035451889,0.011025278456509113,0.4140352189540863,0.23026924729347228,0.13125231713056565,0.07158828377723694,0.09322907030582428,0.004483653511852026,0.3005533247254789
328,0.4395494043827057,0.2405975043773651,0.1334664613008499,0.09824956059455872,0.09097697138786316,0.010927140153944493,0.4158164858818054,0.22955191433429717,0.12680519223213196,0.09113776385784149,0.08812027424573898,0.003706677770242095,0.3097699081059545
329,0.45675466656684877,0.2527494102716446,0.13712643086910248,0.10048953592777252,0.09330562353134156,0.011208577826619149,0.40733419060707093,0.21479930281639098,0.13281742930412294,0.08612588346004486,0.09395467191934585,0.004780575074255467,0.3176785597577691
330,0.451032817363739,0.24929139912128448,0.13657944798469543,0.09720290154218673,0.09314757436513901,0.010721242614090442,0.4664598345756531,0.2627534449100494,0.14179555475711822,0.08913584053516388,0.10026157349348068,0.0043173618614673615,0.3355103306472301
331,0.4489610195159912,0.24404794573783875,0.14088607728481292,0.09376232102513313,0.09601370841264725,0.011327531933784486,0.42895171642303465,0.22879876494407653,0.13633376061916352,0.09700949788093567,0.09529230743646622,0.003644790407270193,0.33228035634383557
332,0.4523337483406067,0.25498093366622926,0.13500815033912658,0.09317137449979782,0.09127051234245301,0.010986695624887943,0.3816276490688324,0.21045594811439514,0.12335653603076935,0.06375425904989243,0.0879790410399437,0.0039458684623241425,0.2790357045829296
333,0.44385517835617067,0.24374496936798096,0.13600512742996215,0.09552627354860306,0.09247880727052689,0.010932457260787487,0.44525171518325807,0.24074551463127136,0.1426640897989273,0.09039321392774582,0.09974253326654434,0.005002835765480995,0.33780267275869846
334,0.45486841797828675,0.25338305830955504,0.13886719644069673,0.09176536947488785,0.09437432885169983,0.011362947151064872,0.42370203137397766,0.22474497258663179,0.13925381302833556,0.08492264300584793,0.09885711222887039,0.0038742274045944214,0.32690779566764827
335,0.4504935383796692,0.2522470086812973,0.1347533017396927,0.09350788444280625,0.09190790355205536,0.011366728693246841,0.4092280209064484,0.2240389734506607,0.13224792778491973,0.07290293276309967,0.0940231665968895,0.003630462056025863,0.3028044892009348
336,0.4309830904006958,0.24622587263584136,0.1281104117631912,0.08091187626123428,0.08766895383596421,0.01077632512897253,0.41794211864471437,0.2275991916656494,0.12860261350870134,0.09202209413051606,0.09088038206100464,0.004020878672599792,0.3155259683728218
337,0.4391531765460968,0.24263324439525605,0.13452811539173126,0.09201255813241005,0.09122398495674133,0.010956831835210323,0.41508505344390867,0.2273360639810562,0.1326179563999176,0.07786830365657807,0.09366084784269332,0.004213639721274376,0.30836074762046334
338,0.4416562557220459,0.24414936900138856,0.13540077805519105,0.09157480746507644,0.09209938049316406,0.010919594205915928,0.4215704262256622,0.2255062222480774,0.13050559759140015,0.09983757138252258,0.09192675948143006,0.004032810218632221,0.326302738673985
339,0.44174190163612365,0.24600964784622192,0.138495135307312,0.08088178634643554,0.09438171684741974,0.011023188941180706,0.39772125482559206,0.2107733190059662,0.12723495960235595,0.08785107582807541,0.0899356484413147,0.004385507851839066,0.3094071917235851
340,0.4536986589431763,0.24244630038738252,0.1426074981689453,0.10307164490222931,0.09678268432617188,0.011781699024140835,0.4407014012336731,0.2332129031419754,0.14297650754451752,0.0958575427532196,0.10017049014568329,0.004397240793332457,0.3434017812367529
341,0.4264574766159058,0.23608520328998567,0.13472245037555694,0.0777915135025978,0.09187391251325608,0.011427221074700355,0.39631683230400083,0.2312287211418152,0.12163324654102325,0.05531641095876694,0.08681906014680862,0.003915080800652504,0.2676837984472513
342,0.43774576783180236,0.23217130899429322,0.13802653849124907,0.10356149971485137,0.09277123212814331,0.011623739637434483,0.4165965378284454,0.22337403297424316,0.12952127903699875,0.0960080310702324,0.09126346707344055,0.004293025936931372,0.32108580311760304
343,0.44303629994392396,0.24682146608829497,0.1309502676129341,0.0986231431365013,0.08906480073928832,0.010916701331734658,0.42806041836738584,0.23064896762371062,0.14140052795410157,0.07748063057661056,0.09978250116109848,0.004656846262514591,0.3233205059543252
344,0.44572773575782776,0.23985815048217773,0.14098272025585173,0.09461725205183029,0.09595328569412231,0.012429173290729522,0.4355957329273224,0.24640440344810485,0.1393442779779434,0.06276582777500153,0.09936424940824509,0.0054129382595419885,0.306887293420732
345,0.4304248452186584,0.24289719462394715,0.13248023390769958,0.0766976073384285,0.090714231133461,0.010945024900138378,0.4234056234359741,0.23134935796260833,0.1356921076774597,0.08069026172161102,0.09518062323331833,0.0045072993263602255,0.3160702919587493
346,0.45815143585205076,0.257455039024353,0.1389497250318527,0.08860296159982681,0.09519182443618775,0.011246402189135552,0.4307420551776886,0.2185617506504059,0.14738608300685882,0.09756543636322021,0.1022675320506096,0.004351205844432116,0.35157025726512076
347,0.4385540187358856,0.24169043004512786,0.137074875831604,0.08514907211065292,0.09372636377811432,0.011465447209775447,0.4154143095016479,0.2348215252161026,0.13015394210815429,0.06894334107637405,0.0919824942946434,0.004154093936085701,0.2952338714152574
348,0.4421120822429657,0.2434290587902069,0.13629255890846254,0.09211496114730836,0.09259415566921234,0.011028709821403027,0.4049766600131989,0.22389038801193237,0.1281018227338791,0.07456452697515488,0.09024111479520798,0.004644268937408924,0.29755173344165087
349,0.43395462036132815,0.23717054426670076,0.1346174955368042,0.08959642201662063,0.09238641411066055,0.01150489766150713,0.4145550489425659,0.22893439531326293,0.1364975869655609,0.0653233714401722,0.09613944590091705,0.004441025014966726,0.3024014293216169
350,0.4418235182762146,0.24528836011886596,0.13635860085487367,0.08717733472585679,0.09309535771608353,0.010615377686917782,0.419013911485672,0.23645450472831725,0.13827025294303893,0.05494569540023804,0.09797206223011017,0.00361278816126287,0.29480079873465004
351,0.44994478225708007,0.2533469915390015,0.13683043718338012,0.08535131514072418,0.09378892183303833,0.010802077129483223,0.42009170055389405,0.24485963582992554,0.12048485577106476,0.07864823341369628,0.08539265394210815,0.004642649926245213,0.28916839305311437
352,0.43474767804145814,0.24329974949359895,0.1326743483543396,0.08436831980943679,0.09069556146860122,0.010996950976550578,0.40473620891571044,0.2272864192724228,0.12432335615158081,0.07386105209589004,0.08857065588235855,0.004438486881554127,0.29119355101138356
353,0.4457043051719666,0.24564174711704254,0.1410185307264328,0.08312796503305435,0.09638388454914093,0.0114145427942276,0.4108743786811829,0.22238970398902894,0.13421638011932374,0.07224113941192627,0.09658514857292175,0.004184826463460922,0.3072274945676327
354,0.4360429227352142,0.24501481354236604,0.1355208545923233,0.07555420771241188,0.0934075653553009,0.011270196922123433,0.3907955169677734,0.20018124878406524,0.1328983187675476,0.08290081918239593,0.09400791227817536,0.003993207402527332,0.31380025763064623
355,0.42481185793876647,0.24445297122001647,0.1293451651930809,0.07011494860053062,0.08816170692443848,0.010803269594907761,0.42393524050712583,0.22907906770706177,0.13201404511928558,0.09455849230289459,0.09275002181529998,0.004042606148868799,0.32336516538634896
356,0.4374720394611359,0.24470635652542114,0.13027601987123488,0.0938012272119522,0.08838722258806228,0.010734893754124642,0.42201957702636717,0.23481478095054625,0.1361888200044632,0.07013975083827972,0.0953811302781105,0.004556519165635109,0.30626622028648853
357,0.44188833236694336,0.24279019236564636,0.13665155470371246,0.09134149998426437,0.09285981208086014,0.011813907884061337,0.40034045577049254,0.2196006953716278,0.13436797261238098,0.058274340629577634,0.09564000815153122,0.004430740512907505,0.29271306190639734
358,0.43889433741569517,0.23714050352573396,0.1357157915830612,0.09870085418224335,0.09232802838087081,0.011578135006129742,0.44318691492080686,0.24777961969375611,0.1346534252166748,0.08994780480861664,0.09463441371917725,0.0038752092979848383,0.3231108530424535
359,0.4392502009868622,0.24892309606075286,0.1343478173017502,0.07910635247826577,0.09155320227146149,0.010963206551969052,0.4159392476081848,0.22447615265846252,0.1337968409061432,0.08178338408470154,0.09506171345710754,0.003981863148510456,0.31462380159646275
360,0.43323814272880556,0.24409856796264648,0.12974548041820527,0.0872179962694645,0.0884467214345932,0.010371330380439758,0.40996723175048827,0.23481314182281493,0.12859047651290895,0.05937938541173935,0.09169021844863892,0.004676010832190514,0.2843360912054777
361,0.4312009632587433,0.23724389672279358,0.13630272150039674,0.08174519389867782,0.09274483025074005,0.011637129448354244,0.41663768887519836,0.22439076006412506,0.13916939496994019,0.0709845930337906,0.09879978001117706,0.004574160464107991,0.3135279284790158
362,0.43741974234580994,0.24144577980041504,0.13346713781356812,0.09392431229352952,0.09020639955997467,0.01083710603415966,0.4100352942943573,0.2381635546684265,0.12599766552448272,0.05823298245668411,0.09007657021284103,0.004559240117669105,0.278866458311677
363,0.436204320192337,0.24839590191841127,0.13206821382045747,0.07853678166866303,0.09031296074390412,0.010799578577280044,0.40808643102645875,0.22665893137454987,0.1326555848121643,0.06504662185907364,0.09399549812078475,0.003692934662103653,0.29539063945412636
364,0.44240476489067077,0.24436650276184083,0.13758328855037688,0.08644811064004898,0.0943011537194252,0.010959469340741634,0.41515220403671266,0.23996579945087432,0.1263676881790161,0.06474067866802216,0.09045826941728592,0.003621477633714676,0.2851881138980389
365,0.4435116648674011,0.24440742135047913,0.13706860840320587,0.09041771441698074,0.09368040114641189,0.01077507808804512,0.40446540117263796,0.2312718689441681,0.1231670320034027,0.0693800300359726,0.08710535019636154,0.004262692108750343,0.2839151043444872
366,0.43406498432159424,0.24392063319683074,0.1338165819644928,0.07765665948390961,0.09229034185409546,0.01099808532744646,0.4139432430267334,0.22296711802482605,0.14277137219905853,0.060729548893868925,0.10140992999076844,0.004185768496245146,0.309096619579941
367,0.4330819249153137,0.2395095556974411,0.13381125926971435,0.08850628137588501,0.0905502200126648,0.010488999821245671,0.40937241315841677,0.22677365839481353,0.12544872164726256,0.08294731378555298,0.08906332552433013,0.0037645998410880564,0.3012239607982337
368,0.42012821435928344,0.23485271334648133,0.13091339468955993,0.07636781334877014,0.08960906714200974,0.010234325751662254,0.3959901392459869,0.21555772423744202,0.12776340246200563,0.0725385382771492,0.09062162637710572,0.004872334003448486,0.29579590111970905
369,0.4268736958503723,0.2386598765850067,0.13167347013950348,0.07984693497419357,0.09030187577009201,0.010638165660202504,0.40543020367622373,0.21800759732723235,0.13472391068935394,0.07360662072896958,0.09476002156734467,0.003939403593540192,0.3070299565792084
370,0.4110842525959015,0.2294619381427765,0.12994640022516252,0.0699268639087677,0.08935879319906234,0.010643084347248078,0.388090455532074,0.23095315396785737,0.12500090897083282,0.03117856793105602,0.0898838460445404,0.0033276390284299852,0.24939096197485922
371,0.41811950206756593,0.23222808837890624,0.13272249102592468,0.07272973954677582,0.09107514321804047,0.010724811069667339,0.4357058763504028,0.23692502975463867,0.13583599627017975,0.09583762437105178,0.09465184360742569,0.0037515824660658836,0.3300770467147231
372,0.4396592855453491,0.24348262548446656,0.13723189532756805,0.08534576743841171,0.093018339574337,0.01118537001311779,0.39515125155448916,0.21012603640556335,0.12781357765197754,0.0853070542216301,0.08945470750331878,0.0035831200890243053,0.3061584594659507
373,0.44097322821617124,0.24970071911811828,0.1329716831445694,0.08347542434930802,0.09067636728286743,0.011339531652629376,0.4201540291309357,0.23365144729614257,0.13207823932170867,0.0750730961561203,0.09408858120441436,0.004092278983443975,0.30533219566568737
374,0.43535288572311404,0.2411225438117981,0.13327009975910187,0.08703541159629821,0.0918901652097702,0.011028847470879555,0.41138300895690916,0.21978863775730134,0.14069731831550597,0.06695934236049653,0.09976300895214081,0.004145489912480116,0.3115651595406234
375,0.4226321756839752,0.24074809849262238,0.12692943960428238,0.07608688548207283,0.08745731711387635,0.011223089322447777,0.42478264570236207,0.2456803798675537,0.1382012814283371,0.04842998683452606,0.09777121543884278,0.003671042248606682,0.28807352595031266
376,0.4368106544017792,0.23812642693519592,0.13870853185653687,0.08604956641793252,0.09461138248443604,0.011129290424287319,0.42765107154846194,0.2366563081741333,0.13388643711805343,0.07990710139274597,0.09541743099689484,0.004138459451496601,0.3133494289591908
377,0.43648543357849123,0.24050755500793458,0.1337774485349655,0.0917257085442543,0.0909910723567009,0.011225908063352108,0.40086289644241335,0.22333180606365205,0.1336453378200531,0.05320748239755631,0.0950398251414299,0.004858806543052196,0.2867514519020915
378,0.4232641518115997,0.23688145875930786,0.13092751652002335,0.07826623693108559,0.089601831138134,0.010553471371531486,0.42343788146972655,0.23787276744842528,0.1374818354845047,0.06169872283935547,0.09792580753564835,0.0035944044589996337,0.3007007703185081
379,0.4267438590526581,0.23782282173633576,0.13159831166267394,0.08127191811800002,0.09046596884727479,0.010359564609825612,0.3814826011657715,0.21261500120162963,0.1214583694934845,0.06404288411140442,0.08655808568000793,0.0034094855189323427,0.27546882480382917
380,0.432738846540451,0.234218829870224,0.14055229723453522,0.08056116104125977,0.0964411273598671,0.011154772341251373,0.3900049030780792,0.2111827999353409,0.12745078802108764,0.06912345588207244,0.09132062345743179,0.003918869327753783,0.29181373668834565
381,0.4252683222293854,0.246445232629776,0.12961892187595367,0.065190652012825,0.08907183408737182,0.010616714507341385,0.414348965883255,0.2297073185443878,0.12957847118377686,0.08000279068946839,0.09091988652944565,0.003777950908988714,0.30427909931167957
382,0.421428382396698,0.2345025807619095,0.13160739243030548,0.07820433229207993,0.09001823365688325,0.010324894823133946,0.4106999158859253,0.21866192817687988,0.14614900946617126,0.0547252394258976,0.10414914488792419,0.0041332494001835585,0.3091566431801766
383,0.42717857360839845,0.2395085036754608,0.13511500954627992,0.07261913493275643,0.09168733060359954,0.011254317499697209,0.42449936270713806,0.2366904079914093,0.13649476766586305,0.06847571954131126,0.09688416570425033,0.004178043454885483,0.30603269636631014
384,0.42172232270240784,0.230080246925354,0.13226447105407715,0.08643158078193665,0.09002377688884736,0.010993468202650547,0.4092904686927795,0.22908417284488677,0.14095838665962218,0.0428911879658699,0.10052527785301209,0.0037041402421891688,0.28807899272069337
385,0.4346610128879547,0.23772011399269105,0.14249620735645294,0.07327759116888047,0.09752478897571563,0.011557694151997566,0.38090319037437437,0.21474917531013488,0.12424025237560272,0.05122024565935135,0.0889525830745697,0.0037903871387243273,0.2682034682482481
386,0.41911032795906067,0.23761452734470367,0.13204105645418168,0.06347281858325005,0.09153087288141251,0.010824205912649631,0.41377508640289307,0.23061859905719756,0.13246550858020784,0.0671215146780014,0.09484143704175949,0.003536194656044245,0.297964654956013
387,0.4302527904510498,0.24639335572719573,0.13033134937286378,0.07519991919398308,0.08903583884239197,0.010182191245257854,0.4185319483280182,0.23841490745544433,0.13207377195358277,0.06179537698626518,0.09460978358983993,0.003560126107186079,0.292039058636874
388,0.4307125091552734,0.2426045835018158,0.13227699398994447,0.0790198028087616,0.09061645120382308,0.010141551680862903,0.425761878490448,0.24503716230392455,0.13725445419549942,0.05203308463096619,0.09815932363271714,0.0032941400073468684,0.29074100246652956
389,0.4285343885421753,0.2340747058391571,0.13312768042087555,0.08995458334684373,0.09085633456707001,0.010749981552362443,0.4106476306915283,0.23001696467399596,0.1332269072532654,0.06152361035346985,0.09470671266317368,0.0037428115960210563,0.29320004186592996
390,0.42205917835235596,0.23281431794166565,0.1316751718521118,0.08277353346347809,0.09010955691337585,0.010156957060098648,0.4062758445739746,0.23329030871391296,0.12200973629951477,0.07029591798782349,0.08706729263067245,0.003932691365480423,0.28330563828349115
391,0.41656510829925536,0.23839083909988404,0.12916483283042907,0.06589501649141312,0.08848426938056946,0.010153108835220337,0.4160458087921143,0.23897965550422667,0.13106382489204407,0.056259730458259584,0.09466860145330429,0.0036842860281467438,0.2856764428317547
392,0.42393978238105773,0.23872519731521608,0.13062146604061126,0.0761233314871788,0.08893189877271652,0.011944879591464997,0.4022094368934631,0.22422022819519044,0.13354643434286118,0.053565552830696105,0.09583666473627091,0.0039024241268634796,0.2868510760366917
393,0.42745286226272583,0.23717980980873107,0.13583346605300903,0.07490350678563118,0.09330274611711502,0.010370330698788167,0.42994689345359804,0.24218772649765014,0.1417947381734848,0.05638269186019897,0.10045927315950394,0.004781275196000934,0.30341797838918866
394,0.4221456050872803,0.23042475283145905,0.1371355563402176,0.0742995448410511,0.09398389458656312,0.011465929076075554,0.3932304739952087,0.21459636688232422,0.13274104297161102,0.0589928463101387,0.09423144310712814,0.0036196701228618624,0.28958500251173974
395,0.41481501460075376,0.23206404745578765,0.1295003667473793,0.07412059679627418,0.08851931989192963,0.010742387361824512,0.3904805839061737,0.22869215309619903,0.11976146399974823,0.05484537705779076,0.08488206267356872,0.003158230660483241,0.262647134391591
396,0.41697085499763487,0.24000833928585052,0.12365301549434662,0.07543129101395607,0.08475133329629898,0.010068655014038086,0.38628769516944883,0.22593713402748108,0.11949710249900818,0.04824569970369339,0.0867952823638916,0.0032672164496034386,0.2578053010161966
397,0.4176056981086731,0.2307367205619812,0.13019947111606597,0.07916962653398514,0.08963586390018463,0.011137016862630845,0.41464715003967284,0.2253747284412384,0.1372482806444168,0.06841365694999695,0.09806044548749923,0.004211636539548635,0.30793401962146166
398,0.41140905022621155,0.23484903275966645,0.1266146868467331,0.06665340885519981,0.08742673099040985,0.010321417078375816,0.39137327671051025,0.22079583406448364,0.12544907331466676,0.05613354444503784,0.09038777649402618,0.0038865010254085066,0.2758568952791393
399,0.41193280816078187,0.22929140031337739,0.13506312668323517,0.06153338626027107,0.09269380271434784,0.01031133309006691,0.38563992381095885,0.22145411372184753,0.12737762928009033,0.039324951171875,0.0917893186211586,0.0035659273620694877,0.2620578264351935
400,0.41838127970695493,0.23684390783309936,0.13025691360235214,0.06943032890558243,0.0894031971693039,0.010632467269897462,0.3994407057762146,0.23450513184070587,0.12345148473978043,0.05163226053118706,0.08809999376535416,0.003277670918032527,0.2664614099543542
401,0.4194792151451111,0.2306234747171402,0.13531043827533723,0.072716074436903,0.09318591803312301,0.010375235043466092,0.39524678587913514,0.22658220529556275,0.12451469898223877,0.05646242275834083,0.08911885768175125,0.003017293382436037,0.27311327280476694
402,0.4243235647678375,0.24143417477607726,0.13141414821147918,0.06885896995663643,0.09084065854549409,0.010107168182730674,0.3936142146587372,0.226800736784935,0.12660201787948608,0.04772726073861122,0.09040478318929672,0.0038084917701780795,0.26854255357757206
403,0.4137979388237,0.23290999829769135,0.12963590621948243,0.07084015980362893,0.08870861232280731,0.009809768944978713,0.3817728817462921,0.22000615000724794,0.11670246124267578,0.05906017422676087,0.08358241766691207,0.003946512285619974,0.2632915654219687
404,0.4040429055690765,0.22124075889587402,0.1300815999507904,0.07219474613666535,0.08936446756124497,0.01061533037573099,0.41208972930908205,0.22234182059764862,0.13240986764431,0.08116335198283195,0.0940165102481842,0.004371571913361549,0.31196130178868775
405,0.40706944465637207,0.22121375799179077,0.13495590090751647,0.06903863474726676,0.09202487170696258,0.010658293403685093,0.3820899248123169,0.21347424387931824,0.12918304800987243,0.04435650631785393,0.09264316856861114,0.004242075607180595,0.2704247985035181
406,0.4230325758457184,0.23072997033596038,0.13518426865339278,0.0812752291560173,0.09240652322769165,0.010369494371116162,0.3969037890434265,0.2173944115638733,0.12929996848106384,0.06656108349561692,0.09280223697423935,0.0034132076427340506,0.29207649659365414
407,0.41128764748573304,0.23270367681980134,0.12737273871898652,0.06867272779345512,0.0877804160118103,0.011036183312535286,0.41196905374526976,0.22583257555961608,0.1415612131357193,0.053630325198173526,0.10072516351938247,0.003943318035453558,0.29986001988872885
408,0.4037881851196289,0.2218871921300888,0.13275553286075592,0.06291238814592362,0.09166430979967118,0.011356529779732227,0.3736227810382843,0.20472530722618104,0.12802355587482453,0.05159415751695633,0.09018582999706268,0.003410269133746624,0.27321381252259014
409,0.4069216430187225,0.2256843388080597,0.13069525957107545,0.06701597645878792,0.0901291161775589,0.010644220188260079,0.4014992892742157,0.23689156174659728,0.12427694797515869,0.04603864997625351,0.0903066948056221,0.003141846042126417,0.2637641387991607
410,0.4217736184597015,0.24315293431282042,0.13006242215633393,0.062282126396894455,0.09037556648254394,0.010158155672252178,0.3976151704788208,0.23141327500343323,0.12628746777772903,0.04689897894859314,0.09040689468383789,0.003661034582182765,0.2672543759923428
411,0.4234741508960724,0.23193038403987884,0.134919610619545,0.07781952992081642,0.0931500494480133,0.011032212525606155,0.38682559728622434,0.21343215703964233,0.12761833667755126,0.057936104759573934,0.09119143635034561,0.004373221285641193,0.281119099073112
412,0.4107607424259186,0.23440189957618712,0.1288077339529991,0.0610356941819191,0.08915393054485321,0.010327945090830326,0.36393052339553833,0.20847366750240326,0.12364712506532669,0.027286069095134736,0.09034522026777267,0.004019485507160425,0.2452978999353945
413,0.40745278000831603,0.22816688120365142,0.1308276742696762,0.061530931293964385,0.09089282602071762,0.010593064688146114,0.39137338995933535,0.23563799858093262,0.11773537397384644,0.04446433112025261,0.0847005844116211,0.003416985832154751,0.2503172753378749
414,0.4053869605064392,0.22595226764678955,0.12722207456827164,0.07049880921840668,0.08814001381397248,0.01031289491802454,0.3839098274707794,0.2214556485414505,0.1195506513118744,0.051539312303066256,0.08710477203130722,0.0035189769230782987,0.2617137125693262
415,0.41158010959625246,0.23186743259429932,0.12674432694911958,0.0737208940088749,0.08693366944789886,0.010441679507493973,0.3954983472824097,0.21848397850990295,0.1340167760848999,0.05123782306909561,0.09579051733016967,0.003996461164206266,0.28504157764837146
416,0.40499075651168825,0.22976219952106475,0.12868625819683074,0.05854862779378891,0.08952819555997849,0.009903099201619626,0.37924863696098327,0.2092036336660385,0.12604196071624757,0.054113170504570006,0.09075084626674652,0.0036415524780750276,0.27454752996563914
417,0.42394739389419556,0.24089628159999849,0.13588484823703767,0.05995514690876007,0.0935023620724678,0.0104344692081213,0.37476686835289,0.219778174161911,0.12362473011016846,0.027679286524653436,0.0896678015589714,0.0040626928210258486,0.24503451101481916
418,0.4078031122684479,0.22860451340675353,0.12971171438694,0.06497421562671661,0.08973000347614288,0.010193618573248386,0.3844934940338135,0.20981642007827758,0.13222058415412902,0.050043120980262756,0.09470151662826538,0.004131515510380268,0.2810967372730374
419,0.4107537269592285,0.2277562528848648,0.13388422429561614,0.06347382590174674,0.0926099643111229,0.010193803906440735,0.3759044349193573,0.21052955985069274,0.12918570041656494,0.035128523409366605,0.09424186795949936,0.0037888701073825358,0.2623449618928134
420,0.4183990240097046,0.23589060306549073,0.13314313292503357,0.06436608284711838,0.09177478700876236,0.01058666817843914,0.3777754604816437,0.21655294597148894,0.12053413391113281,0.04643686413764954,0.08799470365047454,0.00359142180532217,0.2585571235045791
421,0.41386330127716064,0.23955616354942322,0.12900806963443756,0.05721506774425507,0.08937152475118637,0.009449688903987407,0.387480640411377,0.21091130375862122,0.13925273418426515,0.038516688346862796,0.09989409297704696,0.0034315853845328093,0.2810951008927077
422,0.41337242126464846,0.2318052887916565,0.13685000836849212,0.05398359000682831,0.09454677104949952,0.010577116161584854,0.37817186713218687,0.22389381527900695,0.11364684402942657,0.04939415454864502,0.08256348818540574,0.0031174954026937486,0.24872198216617106
423,0.4100364685058594,0.2257690131664276,0.131179977953434,0.07228189706802368,0.09042948782444,0.010450065322220325,0.407251250743866,0.2274572730064392,0.13200577348470688,0.06380264014005661,0.09316983073949814,0.0038410620763897896,0.2928193064406514
424,0.4067861378192902,0.23034901022911072,0.12932731658220292,0.06079203486442566,0.08913989812135696,0.010340570099651813,0.3812034785747528,0.22870352268218994,0.11676288694143296,0.037855666130781174,0.08520351350307465,0.003326917067170143,0.2431489836424589
425,0.4036541819572449,0.22462018132209777,0.1285318523645401,0.0684481456875801,0.08829055279493332,0.010213245265185833,0.40316884517669677,0.21227751970291137,0.13328854888677596,0.08222885131835937,0.09462393224239349,0.0036751297302544117,0.31381646217778325
426,0.4094561398029327,0.23286740183830262,0.12658867239952087,0.06779412999749183,0.08705388903617858,0.01000463292002678,0.3617567360401154,0.20469834208488463,0.12173283994197845,0.03504389524459839,0.08917409181594849,0.0033384242560714483,0.24928925125859677
427,0.4051128029823303,0.22374289631843566,0.1307293951511383,0.06828428208827972,0.09022266566753387,0.009426711313426494,0.39250521659851073,0.22357531189918517,0.12424380779266357,0.05699239000678062,0.08895212113857269,0.003568168357014656,0.27375648729503155
428,0.4014310479164124,0.2221453607082367,0.12954742163419725,0.06530831158161163,0.08966978937387467,0.010285539366304875,0.3672402560710907,0.22288273572921752,0.11097550690174103,0.03623914197087288,0.08025334179401397,0.0031887833029031754,0.23065677396953105
429,0.40373183488845826,0.22908880114555358,0.12541221380233764,0.06470269039273262,0.08701286166906357,0.010227896086871625,0.38417366743087766,0.21783150136470794,0.1290578618645668,0.04004706516861915,0.09300252497196197,0.00338592454791069,0.26549337655305866
430,0.40748370885849,0.23204758167266845,0.1286288768053055,0.0599046103656292,0.08895757794380188,0.01014938522130251,0.4050324022769928,0.2263638734817505,0.13527156710624694,0.05093274265527725,0.09716356247663498,0.0038599350955337286,0.2872278073336929
431,0.40250040888786315,0.22965427935123445,0.1286037966609001,0.05479035079479218,0.08918188065290451,0.009655102528631688,0.3809851884841919,0.2127042829990387,0.1262598991394043,0.05194865465164185,0.09005008935928345,0.0035050103440880777,0.27176365349441767
432,0.4175975680351257,0.23324835300445557,0.13445060849189758,0.06417574137449264,0.09316735863685607,0.010627483017742634,0.40528630614280703,0.23051586449146272,0.12606449723243712,0.06602431386709214,0.08952821195125579,0.003608563868328929,0.285225586919114
433,0.4026421070098877,0.2297373503446579,0.12514314353466033,0.06434357538819313,0.08605103492736817,0.009249377623200416,0.38871694207191465,0.2246875584125519,0.12274966835975647,0.04848046600818634,0.08898284584283829,0.0034128460101783276,0.2636258262209594
434,0.41263923048973083,0.24139673113822938,0.12372246980667115,0.0632962092757225,0.08546677380800247,0.009277283400297164,0.381399804353714,0.22452432513237,0.12041821032762527,0.04104917049407959,0.08657278269529342,0.0032216357067227364,0.25126179922372105
435,0.4070259273052216,0.23943372070789337,0.12483337372541428,0.053053680807352066,0.08606851547956466,0.010126996412873268,0.4052196145057678,0.2290949821472168,0.1293749839067459,0.05908728539943695,0.09303991347551346,0.0035822011064738034,0.2850843838881701
436,0.4025422096252441,0.22161020636558532,0.12965401858091355,0.07007718160748481,0.0889825090765953,0.010098583437502385,0.36606024503707885,0.20422343313694,0.1244663804769516,0.03978613130748272,0.09066172391176223,0.002990969456732273,0.25790520515292886
437,0.4039551615715027,0.23399088978767396,0.12848320007324218,0.049031827598810196,0.08892765790224075,0.010254851728677749,0.3699647307395935,0.20178096890449523,0.12343067526817322,0.05650030672550201,0.08890705406665803,0.003308585938066244,0.27214662199839956
438,0.40121363997459414,0.23119503259658813,0.12972191125154495,0.04587159678339958,0.09038078486919403,0.009626523405313493,0.3954705595970154,0.22539652585983277,0.12673175632953643,0.05370651483535767,0.09081698507070542,0.0034221063368022444,0.2746773625724017
439,0.404754239320755,0.23394435942173003,0.1269076570868492,0.054159270226955415,0.08787067532539368,0.010193009860813618,0.3826314866542816,0.21140290200710296,0.12258695065975189,0.06357353180646896,0.08870723992586135,0.0033996359445154665,0.2782673583365977
440,0.4037559449672699,0.23805468380451203,0.12536606192588806,0.04597975313663483,0.08774227797985076,0.0096453707665205,0.37884868383407594,0.21946578323841096,0.12245779633522033,0.038815276324748994,0.08948714882135392,0.0030100221745669844,0.25377024365589024
441,0.39784027338027955,0.23234811127185823,0.1238083153963089,0.048644238710403444,0.08661369532346726,0.010066046752035618,0.3741740107536316,0.20999051928520202,0.12508052289485933,0.042983639240264895,0.09115009605884553,0.0030187346041202546,0.26223299279809
442,0.39972822070121766,0.22767567336559297,0.12801905274391173,0.05385632291436195,0.08879400491714477,0.010245509073138237,0.39761790037155154,0.21480137705802918,0.14472679793834686,0.039183822274208066,0.10349264740943909,0.0036824910901486875,0.2910857587121427
443,0.40157792568206785,0.22915268838405609,0.12965580374002456,0.051552461087703706,0.08970846086740494,0.01015643309801817,0.3822746157646179,0.22106462121009826,0.12490963935852051,0.040142901986837384,0.08946259915828705,0.003424208564683795,0.25793934906832877
444,0.4001197278499603,0.22959871590137482,0.1274753838777542,0.052855830639600754,0.08833654075860978,0.0095327815040946,0.3828767478466034,0.22169514298439025,0.12921758890151977,0.02910929322242737,0.09328469187021256,0.0033105213195085527,0.2549220953136682
445,0.38247625827789306,0.2226397752761841,0.11755951941013336,0.05320770815014839,0.08137603402137757,0.009665586240589618,0.3916970431804657,0.22035706639289857,0.13141630887985228,0.047678814828395845,0.09295777827501298,0.003952519316226244,0.27600542129948735
446,0.3963643014431,0.22368570268154145,0.12771594822406768,0.05508850738406181,0.0887726292014122,0.010550661757588387,0.39069918394088743,0.22909059524536132,0.12729085981845856,0.03272800296545029,0.09250203967094421,0.003652406996116042,0.25617330945096906
447,0.40455681681632993,0.22921694815158844,0.12950046956539155,0.05796563476324081,0.08915431201457977,0.010805090330541134,0.3630315899848938,0.21207467913627626,0.11674602776765823,0.03520752415060997,0.0851621687412262,0.002985157910734415,0.24010087857022883
448,0.4075098216533661,0.2320413261651993,0.12614184617996216,0.06472585424780845,0.08697477430105209,0.011348141729831696,0.3570468544960022,0.210552978515625,0.11111949980258942,0.040233086049556735,0.08026309311389923,0.0033328810706734656,0.23494856003671888
449,0.3923090696334839,0.22315736413002013,0.1251041680574417,0.05362911745905876,0.08721321821212769,0.010164536163210868,0.37872942686080935,0.21612535119056703,0.12556346356868744,0.0397650808095932,0.09085786938667298,0.003276556683704257,0.2594629704486579
450,0.40240001678466797,0.22733240127563475,0.12907451242208481,0.056527599692344666,0.0899212196469307,0.010505586676299573,0.3860983967781067,0.2219724476337433,0.1250417172908783,0.04242041409015655,0.09125281572341919,0.0032925061415880917,0.26200745324604213
451,0.39897063970565794,0.23244020640850066,0.12460080683231353,0.04864558652043342,0.08711266368627549,0.01050930880010128,0.35484630465507505,0.21001636385917663,0.11196988821029663,0.03244532197713852,0.08218441903591156,0.0032697595190256832,0.2298693887423724
452,0.396851909160614,0.22548627853393555,0.1267802745103836,0.05496946759521961,0.08782278001308441,0.010692013427615166,0.3493736803531647,0.1917755901813507,0.12029055953025818,0.04215646982192993,0.08701799809932709,0.002771249134093523,0.2522362765856087
453,0.39508300423622134,0.22967210710048674,0.12305145263671875,0.050896067172288895,0.08594223856925964,0.009600082412362099,0.3792590260505676,0.2073807328939438,0.12610749006271363,0.056516827642917634,0.09156085103750229,0.0032320709899067877,0.27741723973304033
454,0.3992304265499115,0.22190409004688263,0.1318928301334381,0.05682202205061913,0.09122121483087539,0.009873971343040466,0.37025526762008665,0.2058755338191986,0.12746132612228395,0.03842522203922272,0.09241145700216294,0.0035422077402472497,0.2618402129039169
455,0.40525475740432737,0.23546753227710723,0.12401009649038315,0.05734591633081436,0.08646301478147507,0.010094421170651912,0.38746505975723267,0.22283451557159423,0.12881446480751038,0.037294650077819826,0.09288455992937088,0.0031457311939448117,0.2621394060086459
456,0.4053226590156555,0.2358478158712387,0.12471705824136733,0.05576377809047699,0.08670534342527389,0.010001584514975547,0.3811887979507446,0.2009221613407135,0.12920163571834564,0.0672728881239891,0.09352153092622757,0.0028559891507029533,0.2928520439192653
457,0.39545785784721377,0.22438100278377532,0.12785494327545166,0.05274728685617447,0.0888255774974823,0.009471328184008598,0.3849320948123932,0.21530935764312745,0.12186151593923569,0.06356144845485687,0.08760179728269576,0.0029912371188402175,0.27601599879562855
458,0.40698300004005433,0.23689381182193756,0.1257849633693695,0.05454619228839874,0.08759755194187165,0.009809120371937752,0.3740396976470947,0.21490357518196107,0.12201324552297592,0.04110105186700821,0.08829976320266723,0.0029610909521579744,0.25437515154480933
459,0.4002481341362,0.23208414912223815,0.12775808423757554,0.046005604416131975,0.08889887928962707,0.010318131186068058,0.39334527850151063,0.232326740026474,0.12112675011157989,0.045658305287361145,0.08808426260948181,0.0033088588155806065,0.25817817682400346
460,0.3985907733440399,0.2273157924413681,0.1291188806295395,0.04812192991375923,0.09044817686080933,0.010236596129834652,0.37490910291671753,0.2145068347454071,0.12437036037445068,0.03616933822631836,0.09086388349533081,0.00341117512434721,0.25481475722044705
461,0.3888320565223694,0.23028644919395447,0.12023201137781143,0.044016971439123156,0.08372845351696015,0.009431726671755314,0.36992250084877015,0.21592272222042083,0.12192505598068237,0.03192070201039314,0.08759270161390305,0.0033533812500536444,0.2447918408550322
462,0.39660210609436036,0.22905797362327576,0.12490188628435135,0.0518201693892479,0.08677647262811661,0.009793656505644321,0.3933976531028748,0.222445946931839,0.13282334208488464,0.04062453806400299,0.0959354043006897,0.003149374108761549,0.27253265855833886
463,0.4055317223072052,0.2321836918592453,0.12740700393915178,0.05845503211021423,0.08798004984855652,0.01035531759262085,0.38809722661972046,0.22777293026447296,0.12758959829807281,0.02995975539088249,0.09269838780164719,0.0032203524373471738,0.25346809392794967
464,0.4122165024280548,0.24104965329170228,0.1262512817978859,0.05542888417840004,0.08824443817138672,0.009414909966289997,0.38459268808364866,0.2296874463558197,0.12345660477876663,0.028288698941469192,0.08987027704715729,0.0030159909278154374,0.24463157169520852
465,0.4007094860076904,0.2310643434524536,0.12669675648212433,0.052775416523218155,0.08749469369649887,0.010168054327368736,0.38623430132865905,0.2198864072561264,0.1215759426355362,0.05661679208278656,0.0877407118678093,0.0033368035685271023,0.26927025015465916
466,0.4216893434524536,0.239933043718338,0.13648298084735871,0.05345592647790909,0.09494928568601609,0.010971716046333313,0.39704776406288145,0.22865961194038392,0.12851791977882385,0.045511911064386366,0.0928145855665207,0.002820854913443327,0.2696652713231742
467,0.4036118507385254,0.22901094257831572,0.1293597176671028,0.05617804378271103,0.08958712667226791,0.010361750051379204,0.3715820848941803,0.1963389813899994,0.13463705778121948,0.046205168962478636,0.09677508473396301,0.003021250804886222,0.28063856228254735
468,0.4112007558345795,0.23242278397083282,0.12960292398929596,0.06421378776431083,0.09000491201877595,0.009650011360645295,0.3829845428466797,0.21706441938877105,0.12544564306735992,0.04715291857719421,0.0906723529100418,0.0029861130751669407,0.2662570276297629
469,0.4000072002410889,0.2285856008529663,0.12593172043561934,0.057131388783454896,0.08779788315296173,0.009370668232440949,0.3663588881492615,0.20972893834114076,0.11697040647268295,0.046740077435970306,0.08493788689374923,0.003067712485790253,0.2517160832881927
470,0.393264502286911,0.2248890817165375,0.12531999349594117,0.052808533608913424,0.08687750399112701,0.009931305423378944,0.3980806291103363,0.22539989352226258,0.13107008039951323,0.04749214574694634,0.09502025693655014,0.0029727363027632235,0.27655521938577293
471,0.39178578853607177,0.2327503889799118,0.12096375823020936,0.04145788736641407,0.08494782447814941,0.009946280345320701,0.36380323171615603,0.20880881547927857,0.12303321957588195,0.028043390437960624,0.0903013750910759,0.0029161333106458185,0.2442941184155643
472,0.3950824499130249,0.21939784586429595,0.1288618564605713,0.05967096835374832,0.08930054306983948,0.01000768169760704,0.3517036497592926,0.20444576740264891,0.11740007847547532,0.024797795340418816,0.08631003946065903,0.0031777946278452873,0.23168570790439846
473,0.3968568742275238,0.22720160484313964,0.12583696395158767,0.053954757004976275,0.08756759613752366,0.00955100916326046,0.38725738525390624,0.22346190214157105,0.12476523220539093,0.04294820949435234,0.0908604085445404,0.0031097617000341417,0.26168361194431783
474,0.3985597610473633,0.23180832266807555,0.12546692341566085,0.046950483322143556,0.08817465156316757,0.009829562716186046,0.36244154572486875,0.2040406882762909,0.12354898750782013,0.03650025129318237,0.08923169821500779,0.0029988472815603018,0.2522797842975706
475,0.39163967967033386,0.22385238111019135,0.12648937702178956,0.04853712692856789,0.08805634826421738,0.009733289666473865,0.3756741344928741,0.20686365365982057,0.1303071618080139,0.04097996205091477,0.09462154060602188,0.0031522025354206564,0.2690608670003712
476,0.39019395112991334,0.2252579003572464,0.12673315405845642,0.04213151447474957,0.0881994292140007,0.009955189563333989,0.3700320482254028,0.2126736521720886,0.12610846906900405,0.02784295380115509,0.09143432676792144,0.0031183640472590922,0.24850411368533967
477,0.3869336485862732,0.22654369175434114,0.12229740768671035,0.04233776293694973,0.08559446781873703,0.009415307082235813,0.3567410409450531,0.21571503579616547,0.11137240678071976,0.027356117218732833,0.08120388835668564,0.0031901788897812366,0.2231225912459195
478,0.40515453815460206,0.23470406532287597,0.12671190947294236,0.05216705501079559,0.08849716782569886,0.01037003267556429,0.38820972442626955,0.24120114445686341,0.11838588118553162,0.022321911156177522,0.08716715723276139,0.002652194444090128,0.23052714401856064
479,0.4020198583602905,0.23850031495094298,0.12348582744598388,0.04656340517103672,0.0861121192574501,0.00946275945752859,0.39792972803115845,0.23371463716030122,0.12806812822818756,0.035872343182563785,0.09365539848804474,0.0027925289701670407,0.26038839886896314
480,0.38550307750701907,0.2257545679807663,0.12230489999055863,0.03973339945077896,0.08589852154254914,0.01012265756726265,0.3950559854507446,0.23738161623477935,0.11991746425628662,0.042649189755320546,0.08690704256296158,0.00295149190351367,0.25242518847808243
481,0.3905360519886017,0.2246493935585022,0.12539153248071672,0.04672103002667427,0.08756795674562454,0.009603131003677845,0.36925007700920104,0.1999425321817398,0.1319195806980133,0.03916258215904236,0.09534383416175843,0.0032291523180902003,0.26965514933690427
482,0.3810232222080231,0.22075400054454802,0.12411574125289918,0.03816043213009834,0.08691637814044953,0.009252643212676048,0.3660929501056671,0.21409644186496735,0.11803056001663208,0.032634131610393524,0.08665187507867814,0.003630669414997101,0.24094723612070085
483,0.4042271614074707,0.23190241158008576,0.1277372345328331,0.055468741059303286,0.0888370618224144,0.009316845797002316,0.3991443574428558,0.23825169801712037,0.12617284655570984,0.032768764346837995,0.09246924221515655,0.0031398095190525053,0.2545506626367569
484,0.3895026743412018,0.22365954518318176,0.12517290264368058,0.04737965539097786,0.08724810630083084,0.00967208594083786,0.367197585105896,0.2141085147857666,0.11948815435171127,0.032293155789375305,0.08777523934841155,0.002743976190686226,0.24230052568018437
485,0.39527095556259156,0.22856573164463043,0.12654031664133072,0.04587367102503777,0.08844049721956253,0.009423547983169555,0.36703174114227294,0.2178729623556137,0.11440800130367279,0.036193777620792386,0.08395817428827286,0.002681016270071268,0.23724096948280932
486,0.3912015914916992,0.22726713120937347,0.12438363432884217,0.04419398605823517,0.08715282380580902,0.009862331114709378,0.3715445101261139,0.21479549407958984,0.12635690867900848,0.024348828196525573,0.09249466508626938,0.0030743115581572055,0.24627471351996064
487,0.39214943051338197,0.22097200453281401,0.12634097933769226,0.05459626689553261,0.08847249448299407,0.009740808606147766,0.39519628286361697,0.22379639744758606,0.12973043620586394,0.04847851693630219,0.0936890035867691,0.003158882539719343,0.2750568392686546
488,0.4023677229881287,0.22930693328380586,0.12883815169334412,0.05429408848285675,0.08944465070962906,0.009867658466100692,0.34656515121459963,0.19727695882320403,0.11780065298080444,0.02887519299983978,0.08636508584022522,0.002730451663956046,0.2357713834848255
489,0.39321138262748717,0.21733023822307587,0.13173187375068665,0.05333383530378342,0.09168419539928437,0.009674549289047717,0.39057708382606504,0.22392390072345733,0.12992881536483764,0.037490937113761905,0.09430110156536102,0.0032702451571822166,0.2649910992011428
490,0.4041031956672668,0.23416929841041564,0.12672683000564575,0.05302268713712692,0.0880794033408165,0.009304830245673657,0.4018413841724396,0.2317368984222412,0.13490985631942748,0.03474872410297394,0.09719977825880051,0.0031328526325523852,0.2699912113137543
491,0.39329764246940613,0.22813440561294557,0.12643566429615022,0.04311664178967476,0.08837576806545258,0.009309721551835537,0.375776070356369,0.2165255606174469,0.12318383753299714,0.03774844855070114,0.08951265215873719,0.0031802196986973285,0.2536251579411328
492,0.3938042163848877,0.22947292923927307,0.12484167665243148,0.04349373057484627,0.08782063126564026,0.009654230438172817,0.37964661717414855,0.22173437476158142,0.12771228849887847,0.025428210943937303,0.09251042753458023,0.0032056692987680437,0.24885659627616402
493,0.3838238656520844,0.22822101414203644,0.11810703426599503,0.040857505053281784,0.08294985294342042,0.009962910413742065,0.3695622682571411,0.21653221547603607,0.12049246728420257,0.03397537991404533,0.08662848323583602,0.002433777879923582,0.2435301083140075
494,0.4026313483715057,0.23530440628528596,0.1258399933576584,0.04775958135724068,0.08827874660491944,0.009664810821413993,0.37706093192100526,0.21721816062927246,0.1231758251786232,0.040218178927898404,0.08907661586999893,0.0027734482660889625,0.2552440682426095
495,0.40045611262321473,0.22249208390712738,0.133858260512352,0.05332584455609322,0.09302485436201095,0.009465907700359821,0.3446097731590271,0.20491183996200563,0.108843132853508,0.029939819127321243,0.07966930121183395,0.0030429097823798656,0.22149516297504307
496,0.3979301631450653,0.22774214148521424,0.12476035207509995,0.05767592713236809,0.08664326816797256,0.009605282545089721,0.35423761010169985,0.2003748595714569,0.12007763236761093,0.033914914727211,0.08735508471727371,0.003038287488743663,0.2443859193008393
497,0.3901653945446014,0.23100639879703522,0.121238374710083,0.04106775410473347,0.08527974039316177,0.009700040705502034,0.37372893691062925,0.2108870416879654,0.12764747738838195,0.03647712767124176,0.09204188287258148,0.00300493910908699,0.2591714270412922
498,0.39698083996772765,0.22592880725860595,0.12727608382701874,0.0544322781264782,0.08804857432842254,0.009753769636154175,0.37633262276649476,0.21419089436531066,0.12302709817886352,0.04425367712974548,0.08937401324510574,0.002860102429986,0.2595148909837008
499,0.39093289971351625,0.23168831169605256,0.12076891660690307,0.04424870535731316,0.08397104144096375,0.00968322902917862,0.37738234400749204,0.2182454824447632,0.11845455467700958,0.04767874479293823,0.08649949729442596,0.002832311857491732,0.2554651086218655
500,0.38283860087394717,0.221477410197258,0.12393596470355987,0.03938383907079697,0.08742596358060836,0.009337865002453326,0.3920509696006775,0.23474572002887725,0.12248230129480361,0.03654983267188072,0.08855621665716171,0.0029623845126479863,0.250550735136494
501,0.3857264816761017,0.2190743088722229,0.1251235544681549,0.04867751896381378,0.08736900091171265,0.009790003672242165,0.3914271712303162,0.22610073089599608,0.13052314817905425,0.03424146994948387,0.09441663473844528,0.0031595517881214618,0.26234080465510484
502,0.3905848443508148,0.22947668731212617,0.12303160279989242,0.04200673326849937,0.08586280196905136,0.010058696195483208,0.3721010684967041,0.20749614238739014,0.13105433881282808,0.029610754549503328,0.09582092463970185,0.003113774862140417,0.2595997928641737
503,0.3962199926376343,0.23819969296455384,0.12175272852182388,0.036771708726882936,0.0860273376107216,0.009812036156654358,0.38780046701431276,0.23080049753189086,0.12878116965293884,0.017713955044746398,0.0951507493853569,0.0029595536179840565,0.24460542770102622
504,0.38772919178009035,0.2236655592918396,0.12227680534124374,0.05009812638163567,0.08512126207351685,0.009965216740965843,0.36220473051071167,0.20588150024414062,0.1272338956594467,0.022523296624422075,0.09265257120132446,0.003030861262232065,0.24544062474742528
505,0.3911049604415894,0.2259135752916336,0.12583394795656205,0.044020310044288635,0.08792333006858825,0.009848663955926895,0.3743566036224365,0.20863063037395477,0.1277765989303589,0.04021410271525383,0.09301811754703522,0.0029802877455949784,0.26398910693824296
506,0.3940490186214447,0.2334003746509552,0.1228272184729576,0.04111950509250164,0.08591224253177643,0.010091531090438366,0.3611804902553558,0.2148796021938324,0.11595725119113923,0.027257820032536982,0.08484432101249695,0.0028895722236484287,0.2309489644598216
507,0.3802681028842926,0.22032344341278076,0.12183720916509629,0.04095388688147068,0.086040298640728,0.009385068528354168,0.39672797322273257,0.2340233474969864,0.12742860317230226,0.0372852697968483,0.0916383370757103,0.002904454618692398,0.25925666466355324
508,0.38879716396331787,0.22169258892536164,0.12463242113590241,0.05019324496388435,0.08743374198675155,0.009442499838769436,0.37707666158676145,0.21785299181938172,0.12416589707136154,0.035733258724212645,0.09031292051076889,0.002755506616085768,0.2529675829224288
509,0.3942293405532837,0.22995434701442719,0.125386343896389,0.04311963208019733,0.08766567707061768,0.009789920039474964,0.3472396433353424,0.19808167219161987,0.1185358464717865,0.025016000121831895,0.08789481967687607,0.0026816182304173707,0.23412828450091183
510,0.383670961856842,0.21995937526226045,0.12341510653495788,0.04544650986790657,0.0867605298757553,0.009723515063524247,0.35523346066474915,0.21136704981327056,0.11505633890628815,0.023285774141550065,0.08476624935865402,0.002869470277801156,0.2259778326842934
511,0.3890700340270996,0.22973488867282868,0.12355913519859314,0.03762431181967259,0.0862766981124878,0.009645277075469494,0.3644033968448639,0.21733132004737854,0.11607058942317963,0.027749451994895934,0.08527339100837708,0.00299141644500196,0.23208484887145459
512,0.3858603358268738,0.22487108707427977,0.12263340204954147,0.04247192442417145,0.08601356148719788,0.009372701682150365,0.3581741154193878,0.2089526414871216,0.11741848886013032,0.028279582411050795,0.08662824481725692,0.002972057834267616,0.23529837392270567
513,0.3754558086395264,0.21815735399723052,0.12220488488674164,0.03530924767255783,0.08542891591787338,0.01066591963171959,0.3779313087463379,0.20573823451995848,0.13378906846046448,0.0401593267917633,0.09713764488697052,0.002920258929952979,0.27400629906915125
514,0.38480846881866454,0.21983696520328522,0.12752639055252074,0.039302516356110574,0.08941629827022553,0.009786790236830711,0.33988149762153624,0.1903862476348877,0.11916686445474625,0.025991114601492882,0.08746305406093598,0.0027397623052820563,0.2353607954224572
515,0.383255136013031,0.2274727165699005,0.11959088742733001,0.038393665105104446,0.08418705612421036,0.00912433248013258,0.3617840111255646,0.21683059334754945,0.11129937767982483,0.0346064418554306,0.08178828209638596,0.0026843191124498846,0.23037842074409126
516,0.38334340453147886,0.22265511155128478,0.12482812404632568,0.03709799200296402,0.08761013597249985,0.009195831418037415,0.38304346799850464,0.2311798095703125,0.12231715619564057,0.023350102826952934,0.08978847116231918,0.0029465142171829937,0.23840224440209568
517,0.38725749850273133,0.22234716415405273,0.1265663370490074,0.04235927015542984,0.08861444890499115,0.008979436196386813,0.37551109194755555,0.21986115574836732,0.12428979426622391,0.027687688171863557,0.09059408158063889,0.0029921976383775473,0.24556376165710392
518,0.3832827925682068,0.22580249905586242,0.12073155343532563,0.04101637974381447,0.08414389789104462,0.00907118283212185,0.37300390005111694,0.2088903605937958,0.12529432773590088,0.042889295518398284,0.09117749482393264,0.0027474191039800642,0.2621085371822119
519,0.3751026511192322,0.21818113923072815,0.12012949436903,0.039335687458515164,0.08450592160224915,0.009391888789832593,0.36306822299957275,0.2066325843334198,0.12018706798553466,0.036659564822912216,0.08860796540975571,0.0028461430221796034,0.2483007412403822
520,0.38486584424972536,0.2293241798877716,0.11925772279500961,0.03830600306391716,0.083955118060112,0.009460912644863128,0.3557360887527466,0.20959660410881042,0.11415923088788986,0.0297716423869133,0.08417350351810456,0.002832930441945791,0.23093730723485353
521,0.38862869143486023,0.22489153444767,0.12287233769893646,0.04789020046591759,0.08577564656734467,0.00973493754863739,0.37372134923934935,0.22136822640895842,0.1229477882385254,0.023118531703948973,0.09028136134147643,0.0026667754165828226,0.23901445670053365
522,0.3876021921634674,0.23145788311958312,0.12074671238660813,0.037434675917029384,0.08472113460302352,0.008814284950494767,0.37355279326438906,0.21828921735286713,0.12076039314270019,0.03392706513404846,0.08859115689992905,0.0028094581328332426,0.24608807330951094
523,0.38758164644241333,0.2282311201095581,0.12267500013113022,0.03977520056068897,0.08590699881315231,0.008971831947565078,0.35345202684402466,0.2080354541540146,0.11801719963550568,0.019264597445726395,0.08711323589086532,0.0029283551033586265,0.22732338807545602
524,0.395210462808609,0.22804655730724335,0.12805346101522447,0.04194959364831448,0.0902833878993988,0.009368635527789593,0.3548470318317413,0.2106148898601532,0.11504100412130355,0.024541425891220568,0.08456465303897857,0.0027607936412096024,0.2269078766927123
525,0.3859116494655609,0.2201106458902359,0.12503115832805634,0.047066858410835265,0.08774516433477401,0.009019900672137737,0.36562073826789854,0.21419705748558043,0.11998037993907928,0.027582447975873947,0.08820854127407074,0.002863513072952628,0.2386348822619766
526,0.37783600091934205,0.21456592679023742,0.12365715801715851,0.04495954141020775,0.08665050864219666,0.009353882260620594,0.35437164306640623,0.20140888690948486,0.12155239284038544,0.02699209451675415,0.0892927348613739,0.00310601438395679,0.2409432366024703
527,0.3875433385372162,0.22235736548900603,0.1253442421555519,0.0447802409529686,0.0880079761147499,0.009300358779728412,0.36233956217765806,0.21115079522132874,0.12226260453462601,0.021332620829343795,0.09031753540039063,0.002599718887358904,0.23651247965171932
528,0.3913659393787384,0.22649670541286468,0.12747616916894913,0.03878921717405319,0.0897142693400383,0.009539764747023583,0.3667518377304077,0.20506783723831176,0.12724440544843674,0.03463274613022804,0.09208788871765136,0.0027639403007924555,0.25672898059710864
529,0.3776251971721649,0.22023744881153107,0.12332575023174286,0.03352586664259434,0.08658848702907562,0.009412056766450405,0.3672355949878693,0.20778769254684448,0.12608109265565873,0.03335027992725372,0.09098792523145675,0.002704764110967517,0.25312406192533676
530,0.3841160416603088,0.22721285223960877,0.12068688571453094,0.038477856665849686,0.0848353385925293,0.009108317084610462,0.3642069220542908,0.20190390050411225,0.12787635922431945,0.030501951277256013,0.09457576274871826,0.0026514358352869747,0.2556055090855807
531,0.3843786001205444,0.2255998283624649,0.12252867817878724,0.03920625299215317,0.08570226281881332,0.008923838101327419,0.3616411626338959,0.21286746859550476,0.11794926226139069,0.029117447882890703,0.08559644371271133,0.002877605799585581,0.23554075965657828
532,0.3812727630138397,0.2194753408432007,0.12305993884801865,0.04205500036478042,0.08680308014154434,0.009485750459134579,0.3460104942321777,0.19866381883621215,0.11473173797130584,0.031839055381715296,0.08411513417959213,0.002838681172579527,0.2335246087051928
533,0.38300803303718567,0.2262683093547821,0.11979947984218597,0.040201406180858615,0.0840214341878891,0.009395601414144038,0.377925044298172,0.20499878823757173,0.13610726296901704,0.03577886447310448,0.09925526231527329,0.002677296195179224,0.27381868595257397
534,0.3808614194393158,0.2187240242958069,0.126659819483757,0.035892673581838605,0.0888422191143036,0.009369820356369019,0.3484760522842407,0.19729520976543427,0.12206394970417023,0.021029581129550935,0.09029754102230073,0.0030858582817018033,0.2364769301377237
535,0.38399267196655273,0.2167323499917984,0.12892035245895386,0.041666257008910176,0.09041183143854141,0.008894463069736958,0.36064887046813965,0.20713750123977662,0.11836619675159454,0.0374907873570919,0.08609918504953384,0.002640615589916706,0.244596784748137
536,0.38101437091827395,0.22157643735408783,0.1215262919664383,0.04169553145766258,0.08576227277517319,0.008434748090803624,0.37836495637893675,0.2092905879020691,0.13222926408052443,0.038435763120651244,0.09555802494287491,0.0028134963475167753,0.2690365484915674
537,0.38689066767692565,0.22739024758338927,0.12384434342384339,0.038325491547584536,0.0862388253211975,0.009122212231159211,0.38334070444107055,0.22583647072315216,0.12590240836143493,0.02739473134279251,0.09214920997619629,0.002593362471088767,0.2480397121515125
538,0.3836802303791046,0.21947813630104065,0.1268297478556633,0.04018961265683174,0.08890192806720734,0.008946925215423108,0.37077261209487916,0.2074963003396988,0.133434434235096,0.02178673893213272,0.09766350090503692,0.00269134696573019,0.25557602103799587
539,0.3857338666915894,0.2266220837831497,0.12212321758270264,0.041267871111631396,0.0850877270102501,0.009081662446260453,0.35863561034202573,0.2091822564601898,0.11774205863475799,0.027679859101772307,0.08705461472272873,0.002924040099605918,0.23540057255886496
540,0.37556237578392027,0.21293287277221679,0.12326230108737946,0.04572161585092545,0.0859947845339775,0.008937954157590865,0.34756034016609194,0.19471709430217743,0.11760725229978561,0.03632655367255211,0.08612751811742783,0.0030190943740308284,0.24308041846379638
541,0.3863139271736145,0.22190018594264985,0.12509474009275437,0.04383413046598435,0.08747419267892838,0.009969186782836915,0.36587551832199094,0.2105627328157425,0.1241172879934311,0.025866955518722534,0.09126388132572175,0.002937060547992587,0.24418518538586795
542,0.3804986238479614,0.22723130285739898,0.11805332005023957,0.03668778315186501,0.08317863792181016,0.009046927094459534,0.3753177344799042,0.20963625609874725,0.1253707751631737,0.04485629945993423,0.09135903567075729,0.0034919002093374727,0.26507801050320273
543,0.38926281929016116,0.23061321973800658,0.1221606194972992,0.03821159452199936,0.08630008846521378,0.008758936822414399,0.3499796807765961,0.2110663890838623,0.10966235995292664,0.02491940651088953,0.08126549869775772,0.0026462727691978216,0.2184935379307717
544,0.381486588716507,0.2174774706363678,0.12538710683584214,0.04211162365972996,0.08784850984811783,0.009899923577904701,0.3743970513343811,0.2229112297296524,0.12041940242052078,0.026473961025476455,0.08879845589399338,0.0025652988580986856,0.2382571181980893
545,0.3716196000576019,0.21522756218910216,0.12092013508081437,0.036307093501091,0.08493131548166274,0.009878245554864407,0.3567226052284241,0.21639513969421387,0.111956986784935,0.02332556825131178,0.08241970092058182,0.0029243732802569865,0.2206266292370856
546,0.373066782951355,0.2207484573125839,0.1194268599152565,0.03180119842290878,0.08410613834857941,0.009081689827144145,0.36440924406051634,0.2059390664100647,0.12670224159955978,0.026918697357177734,0.0927913323044777,0.003077202010899782,0.249489473272115
547,0.38159669041633604,0.2229825347661972,0.1226680263876915,0.038113818317651746,0.08612710684537887,0.008725847117602825,0.35467243790626524,0.19482335448265076,0.1282138779759407,0.02499428316950798,0.09462042301893234,0.002891999762505293,0.2507205839268863
548,0.36854355931282046,0.21056109368801118,0.12220921963453293,0.037218982726335524,0.08598647117614747,0.009005627408623696,0.35751736760139463,0.21047690510749817,0.11963111758232117,0.019789421744644643,0.08778756111860275,0.0030114805325865746,0.23021958097815515
549,0.3798831343650818,0.22582447826862334,0.11889790296554566,0.03654585629701614,0.0836350291967392,0.009183072112500667,0.3499780476093292,0.20240022540092467,0.11488389074802399,0.03158088177442551,0.0844600886106491,0.0027474917471408842,0.2336723528802395
550,0.38184120059013366,0.221663236618042,0.12061788141727448,0.045472081005573275,0.08444128185510635,0.009506979305297137,0.3600792527198792,0.20713642239570618,0.11988443285226821,0.03274613283574581,0.08725061118602753,0.002730736322700977,0.24261191319674255
551,0.38749645948410033,0.22651446461677552,0.12380869686603546,0.03951455056667328,0.08712545186281204,0.00915156826376915,0.36537503004074096,0.2153685510158539,0.11906732022762298,0.02748323306441307,0.08720097988843918,0.0028739381115883587,0.23662547129206363
552,0.3816897928714752,0.22282834351062775,0.12517962008714675,0.031667524576187135,0.08816636055707931,0.009578961879014969,0.35040928721427916,0.19955661296844482,0.12310873568058014,0.019428402185440063,0.09047690778970718,0.0028361506294459103,0.2358501962851733
553,0.3850072920322418,0.23056347966194152,0.11853171736001969,0.03844737820327282,0.08332823663949966,0.008958403766155244,0.36669850945472715,0.2119425505399704,0.12223235964775085,0.02991122230887413,0.08954303860664367,0.0027287194039672612,0.2444153399672359
554,0.3902496874332428,0.23773648142814635,0.11863893717527389,0.033411315828561786,0.08373471200466157,0.009234499372541904,0.3516938924789429,0.20843270421028137,0.11624498814344406,0.019335604459047317,0.08574437946081162,0.0027020296547561884,0.22402700171805917
555,0.3805785536766052,0.2276725560426712,0.12005732208490372,0.03212311193346977,0.0843474879860878,0.008948049508035183,0.36839611530303956,0.2213767945766449,0.11860036551952362,0.020287041366100312,0.08811406642198563,0.0026432020124047993,0.22964467532001437
556,0.3862798810005188,0.23034684360027313,0.12146253734827042,0.03486042246222496,0.0853793203830719,0.009076976869255304,0.35774812698364256,0.21145838499069214,0.11529566198587418,0.02800058349967003,0.08477437496185303,0.0027936053927987816,0.230864225840196
557,0.3824439406394958,0.22280454635620117,0.12388484328985214,0.03642863109707832,0.08732896596193314,0.00908434335142374,0.3544889986515045,0.2056723415851593,0.11874555349349976,0.0262382410466671,0.0868462786078453,0.002706080488860607,0.23453615363687277
558,0.3812118649482727,0.23214107155799865,0.11466701477766036,0.03667487688362599,0.08065204918384553,0.008429012168198824,0.36847184896469115,0.21700707972049713,0.12138867974281312,0.025887834280729292,0.08867666721343995,0.0025774499401450155,0.2385306311771274
559,0.38069820404052734,0.22050440609455108,0.12457867711782455,0.0353323258459568,0.08799751549959182,0.009397277794778346,0.35182432532310487,0.21867901384830474,0.10356900691986085,0.02732089310884476,0.07670091986656188,0.0027126824483275414,0.21030350234359502
560,0.37326573133468627,0.22212500870227814,0.11676991432905197,0.035252999141812326,0.0823250025510788,0.008962535858154297,0.3526955246925354,0.21222066283226013,0.11657943278551101,0.012337085604667664,0.08631943315267562,0.002710189018398523,0.21794614056125283
561,0.3858544170856476,0.22576686143875122,0.1253824919462204,0.03478885553777218,0.08816378265619278,0.008752705901861191,0.36160221695899963,0.2199184536933899,0.11117949485778808,0.02802662327885628,0.08197159618139267,0.002454102551564574,0.2236318168696016
562,0.393143367767334,0.2346453070640564,0.12319049090147019,0.03657277002930641,0.08656328022480012,0.008744397014379502,0.339285546541214,0.1978636920452118,0.11447162032127381,0.02074686363339424,0.08402051925659179,0.0024785120971500874,0.2217175153084099
563,0.3857599377632141,0.22383340895175935,0.12227954715490341,0.044438212364912036,0.08622226715087891,0.009146673791110515,0.32218279838562014,0.18439120650291443,0.11307228803634643,0.015938046388328075,0.08325760960578918,0.0026720588561147452,0.21494000288657844
564,0.38682475686073303,0.22726036012172698,0.12304938286542892,0.03763890266418457,0.08688092082738877,0.009288544580340386,0.36463289260864257,0.21699874997138976,0.11305198222398757,0.036027242243289945,0.08295792192220688,0.002883604820817709,0.2349207512103021
565,0.3840084791183472,0.22007271647453308,0.1250494733452797,0.04281640574336052,0.08782780766487122,0.009359927102923393,0.37426809668540956,0.21622639894485474,0.12498786449432372,0.02940322905778885,0.09191092252731323,0.0028680528048425913,0.2491700688842684
566,0.3839167535305023,0.22594941258430482,0.12357937544584274,0.033793984726071355,0.08730134665966034,0.008674487192183732,0.3534726321697235,0.21472467184066774,0.11318856775760651,0.01838279664516449,0.08295467346906663,0.00265291016548872,0.21717894803732635
567,0.38214789628982543,0.22647782266139985,0.11964147239923477,0.0383759830147028,0.0841597005724907,0.008931592479348183,0.3472570896148682,0.1972070813179016,0.12426884770393372,0.01670211963355541,0.09064593762159348,0.002690921351313591,0.2343078263103962
568,0.3735957622528076,0.22449086904525756,0.1166251078248024,0.03267916701734066,0.08175244182348251,0.008725671097636223,0.36756346821784974,0.22355393767356874,0.10850182622671127,0.03935892581939697,0.07968011945486068,0.00249841227196157,0.23003928377293048
569,0.3719687044620514,0.21139789819717408,0.12477729618549346,0.03791772983968258,0.08716197162866593,0.009078090451657772,0.3501991510391235,0.20661962032318115,0.1147294744849205,0.024315203726291656,0.08425631225109101,0.0025476791895926,0.22584866965189576
570,0.38249504566192627,0.21938858926296234,0.1265002131462097,0.03729548677802086,0.08917109668254852,0.009375057369470596,0.3487755596637726,0.20687043964862822,0.11143600940704346,0.0274636909365654,0.08229516297578812,0.002607433684170246,0.2238022970035672
571,0.38347012996673585,0.22542190849781035,0.12320579588413239,0.03405050374567509,0.08726963698863983,0.00894202534109354,0.3604870617389679,0.21431389451026917,0.11667802035808564,0.022872715443372726,0.086696557700634,0.002738077146932483,0.22898537064902483
572,0.3734431266784668,0.21835779249668122,0.12243056744337082,0.030892927944660187,0.08610841482877732,0.00911645069718361,0.3672802150249481,0.22038632333278657,0.11675583422183991,0.02593595292419195,0.08585763275623322,0.0027319205459207297,0.2312813404481858
573,0.36806570887565615,0.2174813359975815,0.11522144377231598,0.03707967549562454,0.08137010186910629,0.009171716403216124,0.3527954459190369,0.21344983875751494,0.11133825033903122,0.02254929468035698,0.08227465450763702,0.002522004209458828,0.21868420373648406
574,0.39370317459106446,0.23250752091407775,0.12411484867334366,0.03870978690683842,0.08725145161151886,0.009886744618415832,0.3758505702018738,0.22377294600009917,0.12341708540916443,0.02007126435637474,0.09131372421979904,0.0027228505816310642,0.23752492456696928
575,0.3783850908279419,0.22159314751625062,0.11934497207403183,0.041259190812706945,0.08398299217224121,0.008882747031748295,0.3622193157672882,0.21954270005226134,0.11716637611389161,0.014865648001432419,0.08718708157539368,0.002380334492772818,0.2215994401834905
576,0.37633570432662966,0.22327815294265746,0.11997282803058625,0.03215658962726593,0.08481023013591767,0.00835976768285036,0.3569963097572327,0.2197000652551651,0.11317788362503052,0.013811976835131645,0.08388696759939193,0.0024642547592520713,0.21334108281880618
577,0.3734683692455292,0.21347836554050445,0.1236992359161377,0.03753088749945164,0.08726628273725509,0.008957157470285892,0.33563547730445864,0.1926283746957779,0.11464165151119232,0.021551353484392168,0.08510342389345169,0.0025426749605685474,0.2238391038496047
578,0.37625595927238464,0.22297277748584748,0.11780486851930619,0.036925564706325534,0.08338877260684967,0.00861936267465353,0.3630862534046173,0.21172327399253846,0.12126854658126832,0.025005558133125307,0.08897210210561753,0.00276132570579648,0.2380075325258076
579,0.3889492630958557,0.22480566501617433,0.1285243198275566,0.03548100739717484,0.09037644118070602,0.00923383180052042,0.34845426082611086,0.21144385039806365,0.1098000317811966,0.02262795567512512,0.08052094876766205,0.002510950295254588,0.21545988651923836
580,0.38127939105033876,0.22685779631137848,0.11902457624673843,0.036862152814865115,0.08383765071630478,0.009086079522967338,0.36054975986480714,0.20891767144203185,0.1223198801279068,0.022665335237979888,0.08987467736005783,0.002993586100637913,0.23785347882658242
581,0.36499525904655455,0.2087230533361435,0.12087502330541611,0.03639441654086113,0.08504151701927185,0.009366936236619949,0.3614211082458496,0.2157505214214325,0.11497417539358139,0.02727348208427429,0.08466712534427642,0.002754095150157809,0.2296688779722899
582,0.3833456873893738,0.21893668174743652,0.12790973782539367,0.03679627627134323,0.09012639671564102,0.009441141970455647,0.34625781178474424,0.2014764964580536,0.11705508828163147,0.020142120122909547,0.08662418574094773,0.0025280424393713473,0.2263494365848601
583,0.37523840069770814,0.2220534175634384,0.11751019954681396,0.03721662908792496,0.08322675079107285,0.008691670373082161,0.35555686950683596,0.1992603361606598,0.12797372937202453,0.019387088157236575,0.09408054500818253,0.0026659381110221148,0.24410730064846575
584,0.3751275062561035,0.2251814305782318,0.1183030977845192,0.02874871976673603,0.08363479375839233,0.009231365658342839,0.3567718148231506,0.2093585729598999,0.11641688942909241,0.026240535080432892,0.08628896325826645,0.002874504867941141,0.23182089263573288
585,0.38546480536460875,0.23032719194889067,0.1199905663728714,0.03606168031692505,0.0844771072268486,0.00926685445010662,0.35112078189849855,0.19979495406150818,0.12563320249319077,0.015161078050732612,0.09225750714540482,0.0024689873680472374,0.23552077505737543
586,0.37374885082244874,0.22222400605678558,0.1183112844824791,0.03259834125638008,0.08340611010789871,0.008990065939724446,0.35746253132820127,0.20975378453731536,0.11798720359802246,0.024165548011660577,0.08725671023130417,0.002348785428330302,0.2317582472693175
587,0.37053568959236144,0.2180037647485733,0.11962202787399293,0.031823073700070384,0.08435761779546738,0.008827915415167809,0.34114367961883546,0.19363445043563843,0.11682521700859069,0.025772668421268463,0.08644990026950836,0.0028858105652034283,0.23193359626457094
588,0.36340550184249876,0.2205233931541443,0.11213624775409699,0.029211046919226647,0.07916302531957627,0.008518122136592865,0.3616841435432434,0.22173821926116943,0.1129834696650505,0.022045966237783432,0.08243295401334763,0.0025932015385478737,0.22005559145472944
589,0.37371068596839907,0.2223193824291229,0.1200988918542862,0.02851041629910469,0.08476778864860535,0.00865748543292284,0.3351643979549408,0.19247689247131347,0.1179344266653061,0.01328081488609314,0.08734655380249023,0.003053540363907814,0.2216153357177973
590,0.3767042338848114,0.2185303270816803,0.1229019969701767,0.03571559488773346,0.08656014800071717,0.00919033084064722,0.36789435148239136,0.21702128648757935,0.12286142110824586,0.018321869522333147,0.09130749553442001,0.002520119585096836,0.23501090575009587
591,0.3862531065940857,0.23376996219158172,0.11856839805841446,0.03460620641708374,0.08320527523756027,0.009094813093543052,0.35380508899688723,0.19682836830615996,0.12684924602508546,0.022266852855682372,0.09379410594701768,0.0026189768221229317,0.24552918164990842
592,0.37441235184669497,0.22094860672950745,0.12087904959917069,0.030772722512483596,0.08535110503435135,0.008749322965741158,0.34865342974662783,0.19923866391181946,0.11813706457614899,0.029308250546455382,0.08616620302200317,0.002679227851331234,0.23629074599593877
593,0.3775622844696045,0.22207459211349487,0.12128711193799972,0.03354496732354164,0.08568976074457169,0.009021201357245445,0.335727459192276,0.19313549995422363,0.1149969071149826,0.021597536653280257,0.08467343747615814,0.002241962868720293,0.2235098441131413
594,0.37928595542907717,0.21924710273742676,0.1219796821475029,0.041296151280403134,0.0860302284359932,0.00913735181093216,0.33856905102729795,0.20662159025669097,0.10660399198532104,0.01875428333878517,0.07862735986709594,0.002602756442502141,0.2065883916337043
595,0.3662288665771484,0.2151341587305069,0.11528691351413727,0.038253312930464745,0.08142013847827911,0.008866279385983944,0.37435426712036135,0.22330552339553833,0.1231532171368599,0.019848980009555817,0.0907155618071556,0.0022947741206735374,0.23601253307424486
596,0.3835249602794647,0.2329218417406082,0.11915422230958939,0.029443535208702087,0.08394994735717773,0.008539413288235664,0.3582054257392883,0.2109063446521759,0.1179179847240448,0.02263636961579323,0.08745631575584412,0.00271475575864315,0.23072542585432532
597,0.3761251330375671,0.22496768534183503,0.11863519996404648,0.030955253168940544,0.08372102975845337,0.009009460918605328,0.3813266694545746,0.23288439512252807,0.12022709101438522,0.020441549271345137,0.08871225267648697,0.0028368120547384024,0.23221770501695574
598,0.37650505304336546,0.2212664008140564,0.12305431365966797,0.028895882517099382,0.08708536326885223,0.00896726418286562,0.3740625619888306,0.21643128991127014,0.12495261430740356,0.029791565239429475,0.09145298451185227,0.0026029055705294015,0.2488000696292147
599,0.36614497303962706,0.21409561038017272,0.12029534429311753,0.028512324392795562,0.08537277728319168,0.008604585006833077,0.3746887564659119,0.2236473023891449,0.12236413061618805,0.021841658651828764,0.08996378183364868,0.002422406245023012,0.2365919773466885
600,0.371653163433075,0.21271113753318788,0.12446181774139405,0.03374083936214447,0.08774743676185608,0.009078860096633435,0.35979423522949217,0.19895802438259125,0.12765131294727325,0.02796158418059349,0.09446932077407837,0.0026511721312999724,0.2527333900332451
601,0.38223055601119993,0.22923197746276855,0.11778868585824967,0.0362452644854784,0.08327294290065765,0.008975049667060375,0.35189107060432434,0.20483125746250153,0.11640847772359848,0.02683008834719658,0.08571605682373047,0.0027305867522954943,0.231685209646821
602,0.3714256286621094,0.21640613675117493,0.12016598582267761,0.03538797833025455,0.08467826694250107,0.009161687456071377,0.36369065642356874,0.20783646702766417,0.1248052716255188,0.025050124526023863,0.09209222942590714,0.0026295870542526246,0.24457721263170243
603,0.3762936472892761,0.2195851057767868,0.1244733989238739,0.028170429170131683,0.08789542019367218,0.009877071343362331,0.3662022054195404,0.2085295408964157,0.1288428157567978,0.020413587987422942,0.09455139636993408,0.002754694875329733,0.24656249498948454
604,0.38209654688835143,0.22220773100852967,0.12193840146064758,0.04154023826122284,0.08563950210809708,0.009407683089375497,0.35709970593452456,0.21693947315216064,0.11707725822925567,0.011123653501272202,0.08661921173334122,0.002296561934053898,0.217116685397923
605,0.37508352994918825,0.21826512217521668,0.1220310315489769,0.035245027393102646,0.08604187816381455,0.00868318062275648,0.3368805468082428,0.19858118891716003,0.11483378410339355,0.011905419640243053,0.08512445986270904,0.0025773079134523867,0.21444097151979807
606,0.385376900434494,0.2242401897907257,0.1252179741859436,0.03667303323745728,0.08834302425384521,0.008739942871034145,0.3539698839187622,0.2018743336200714,0.12131801694631576,0.024312864989042282,0.0899937853217125,0.0028362713754177095,0.23846093863248824
607,0.37234392762184143,0.2153244823217392,0.12015917897224426,0.03784701228141785,0.08540499210357666,0.0092545285820961,0.36536182165145875,0.20480919480323792,0.12726869583129882,0.029437913745641708,0.09350637048482895,0.0028396641835570337,0.2530526442453265
608,0.3746159791946411,0.2196468234062195,0.12139949053525925,0.03222401775419712,0.0858703762292862,0.00885398406535387,0.3273168981075287,0.18154776096343994,0.1194799780845642,0.016604938358068467,0.08841675221920013,0.002515838947147131,0.22701750760897993
609,0.3886277198791504,0.2279945880174637,0.12394580245018005,0.03871593326330185,0.08733776062726975,0.008718137349933385,0.3774364709854126,0.2125635713338852,0.12930301427841187,0.03313312381505966,0.09510023146867752,0.002969817817211151,0.2605061873793602
610,0.37439786195755004,0.2236711323261261,0.11670960485935211,0.03370356522500515,0.08277585655450821,0.008830470032989979,0.36179649233818056,0.21690472960472107,0.11739622503519058,0.020455016195774077,0.08642227798700333,0.002566962083801627,0.22684048130176962
611,0.37725546956062317,0.22378117144107817,0.12190586179494858,0.027828827500343323,0.08638487011194229,0.00882533546537161,0.34495951533317565,0.2078263908624649,0.10957454442977906,0.022343312948942186,0.08087807297706603,0.0025071805343031884,0.21530311089009047
612,0.36604238152503965,0.2215746283531189,0.11349806934595108,0.029403412342071535,0.08022294491529465,0.00828776154667139,0.35841248035430906,0.20101100206375122,0.12408103942871093,0.030003542825579644,0.09135711789131165,0.0028203461319208146,0.24826204627752305
613,0.373078715801239,0.2217096209526062,0.11986217498779297,0.02830521874129772,0.08492755591869354,0.008688127622008324,0.3663736402988434,0.2151770234107971,0.11900987774133683,0.030139443278312684,0.08742446005344391,0.0021969962399452925,0.2387707773130387
614,0.37375842928886416,0.22297194600105286,0.11833413541316987,0.031013190373778345,0.0834754928946495,0.008941462263464928,0.3371183514595032,0.20468378067016602,0.10437427163124084,0.021405883133411407,0.07827737033367158,0.0034090861212462188,0.20746661121957005
615,0.3746986508369446,0.21471246480941772,0.12264990657567978,0.039696868136525156,0.08646895736455917,0.00921765398234129,0.3477533161640167,0.20940316915512086,0.11020062118768692,0.022025376558303833,0.08196148127317429,0.002591447299346328,0.21677892631851137
616,0.37067714929580686,0.22831716239452363,0.11156875342130661,0.030063942447304724,0.07864793837070465,0.008105148375034333,0.35200857520103457,0.21172680258750914,0.11092227846384048,0.02624046951532364,0.08161043524742126,0.0023644039407372474,0.22113758716732262
617,0.3663489639759064,0.21213366985321044,0.11882304549217224,0.03681540712714195,0.08390075117349624,0.00875526200979948,0.34020909667015076,0.1957524299621582,0.11389117538928986,0.026518502831459047,0.08438485860824585,0.002512144343927503,0.22730668117292224
618,0.3860661506652832,0.22498124241828918,0.12546945810317994,0.036311887204647064,0.08814935684204102,0.009183629229664803,0.3430521905422211,0.20502415299415588,0.1116764634847641,0.018375370651483536,0.08289448916912079,0.0025506064295768736,0.2154969297349453
619,0.3793958783149719,0.2236475944519043,0.12165008634328842,0.03318128362298012,0.0863536924123764,0.008287824504077435,0.3351175248622894,0.1925089031457901,0.11353989094495773,0.022925473749637604,0.08442947864532471,0.0026008817832916973,0.22349572512321175
620,0.3649252414703369,0.2104537844657898,0.11998588889837265,0.034783235564827916,0.0845448225736618,0.00908131394535303,0.36360949873924253,0.21012008786201478,0.12076551765203476,0.029282543063163757,0.08922645002603531,0.0026309847366064788,0.24190549547784032
621,0.3620000720024109,0.21575963795185088,0.11598138064146042,0.027050500735640526,0.08198722749948502,0.008670795522630215,0.3403935253620148,0.20096158981323242,0.11501386761665344,0.013321646116673946,0.08558870106935501,0.0023536928929388523,0.21627790769562125
622,0.36879228949546816,0.22000698745250702,0.1167200818657875,0.029925160109996796,0.08275746703147888,0.00875444058328867,0.3479697465896606,0.20433429479599,0.11524417400360107,0.022933053970336913,0.08489248752593995,0.002357547823339701,0.2254272633232176
623,0.37116184234619143,0.21330243051052095,0.12250567823648453,0.03688269704580307,0.08606499582529067,0.008701584488153457,0.3736846387386322,0.22374907732009888,0.11894707381725311,0.02676428183913231,0.08772224932909012,0.0025046647991985083,0.23593826978467405
624,0.3723028898239136,0.22705153226852418,0.1130910262465477,0.031801489368081096,0.07985198050737381,0.008524444047361612,0.363610053062439,0.22080012857913972,0.11423598974943161,0.0219111330807209,0.0850040465593338,0.0023118002340197564,0.22346296962350606
625,0.3810955762863159,0.22788409590721131,0.11837129294872284,0.035864323005080224,0.08364638537168503,0.00856880433857441,0.3535073697566986,0.2099170982837677,0.11664413064718246,0.018850748240947724,0.08626780360937118,0.0024789136834442614,0.22424159618094563
626,0.3716601073741913,0.21758584976196288,0.12159379422664643,0.02971598245203495,0.08607646822929382,0.00900457501411438,0.35651211738586425,0.21209869384765626,0.11893068552017212,0.016086073219776155,0.08745046705007553,0.002695282315835357,0.22516250810585917
627,0.36639195680618286,0.21627511084079742,0.11744969636201859,0.03211287260055542,0.08278597146272659,0.008589100651443004,0.37538403272628784,0.2257935434579849,0.12068244516849518,0.022103238105773925,0.0891695648431778,0.0021926223300397394,0.23414787044748664
628,0.3776194334030151,0.22410740852355956,0.12048465311527252,0.030624112486839293,0.0855382040143013,0.008935818821191788,0.35869993567466735,0.20829543471336365,0.11908855140209199,0.027666762471199036,0.0876794382929802,0.002512490376830101,0.23694724254310132
629,0.37590489387512205,0.21530797481536865,0.12300991117954255,0.04068699032068253,0.08672046959400177,0.008657984994351864,0.37402095794677737,0.2236137568950653,0.11762048751115799,0.028837674111127854,0.0876870259642601,0.0025063070468604566,0.2366514946334064
630,0.37303873896598816,0.21683578491210936,0.12402800917625427,0.02901235818862915,0.08739491701126098,0.00938131995499134,0.35426018238067625,0.2100863426923752,0.11358963102102279,0.026396989822387695,0.08423380106687546,0.002611362049356103,0.22683178395964207
631,0.38362824320793154,0.2222177654504776,0.12645070850849152,0.03364497199654579,0.08927594125270844,0.009463529288768768,0.34185361862182617,0.19490427970886232,0.11454926580190658,0.03051779977977276,0.08460786193609238,0.0025257505010813476,0.23220067801885305
632,0.3815724790096283,0.23069324493408203,0.11911701261997223,0.029087812453508378,0.08417634218931198,0.009024352859705686,0.3568032383918762,0.2086651861667633,0.12325213849544525,0.013466635346412658,0.09091299623250962,0.0023817613255232573,0.23001353139989078
633,0.366992324590683,0.21677391231060028,0.11653115153312683,0.03275226354598999,0.08288619965314865,0.008687223494052886,0.3727878510951996,0.22074930667877196,0.12223001420497895,0.022124020010232927,0.090553979575634,0.0030611060094088314,0.2379691198002547
634,0.3627057015895844,0.20961461067199708,0.12010354697704315,0.03129678964614868,0.08487808853387832,0.009046352282166482,0.32788968086242676,0.2015031695365906,0.10175152271986007,0.017023563385009766,0.07596087604761123,0.0024264756590127944,0.19716243781149387
635,0.38285006284713746,0.2247694879770279,0.12295925915241242,0.03593514151871204,0.08643025010824204,0.008998092636466027,0.3557080030441284,0.20873839855194093,0.11423918306827545,0.03175156824290752,0.08419402539730073,0.0024082237388938664,0.23259300044737757
636,0.37835295796394347,0.22771718502044677,0.1167573481798172,0.033947760611772536,0.08262088298797607,0.008676119148731232,0.34503068327903746,0.2022138476371765,0.11517970860004426,0.02037173733115196,0.08531635403633117,0.0024854516610503196,0.22335325162857772
637,0.375718367099762,0.22187793552875518,0.11908053904771805,0.03509811498224735,0.08438982963562011,0.008538672514259816,0.35587737560272215,0.20722725987434387,0.12268874347209931,0.016420698910951614,0.0900980532169342,0.0025324394926428797,0.231739935092628
638,0.37646141052246096,0.2225654751062393,0.11892194896936417,0.036151083558797835,0.08398245871067048,0.00853831134736538,0.35446885228157043,0.20321350395679474,0.1243791937828064,0.01581576596945524,0.09215295016765594,0.0028856503777205944,0.2352335602976382
639,0.3715349018573761,0.21247289180755616,0.12148244678974152,0.04083930104970932,0.08569966852664948,0.008699419535696506,0.35265263319015505,0.21466538012027742,0.1144652545452118,0.010733594372868537,0.08546868562698365,0.002731321146711707,0.2133988556917757
640,0.376957505941391,0.21692377030849458,0.12413574457168579,0.03614631444215775,0.0879768118262291,0.008658925909548998,0.3484968960285187,0.19708577394485474,0.1230332762002945,0.022465043887495994,0.08969188034534455,0.002546802791766822,0.23773700322490188
641,0.3643238663673401,0.21322502195835114,0.11870588958263398,0.03026146925985813,0.08395567536354065,0.009060177020728588,0.36349356174468994,0.2112904667854309,0.12341896295547486,0.019983096048235893,0.09171439856290817,0.0022591674234718083,0.23737562499009074
642,0.3755596995353699,0.2229343205690384,0.12003961950540543,0.029783513583242893,0.08527843952178955,0.008878654427826404,0.3664682388305664,0.2140059292316437,0.12168521732091904,0.02486044317483902,0.09014713168144226,0.002421758649870753,0.2391145508270711
643,0.3675705850124359,0.2132972776889801,0.12017497569322586,0.03444764129817486,0.08472147434949875,0.008516033738851547,0.3455142378807068,0.2068892627954483,0.11305093467235565,0.017486992105841637,0.08331460058689118,0.0026930226013064384,0.2165455499663949
644,0.36935857534408567,0.2176129162311554,0.1195811003446579,0.02924611233174801,0.08478651642799377,0.009007302206009626,0.35655617117881777,0.19657150506973267,0.13249183893203736,0.0156957782804966,0.09772745966911316,0.0028251587878912686,0.24874023566953837
645,0.36982556581497195,0.22027738392353058,0.11863833516836167,0.028308159112930296,0.08354199975728989,0.008793549612164497,0.36300852298736574,0.2060241997241974,0.12550235390663148,0.02703055888414383,0.09202418178319931,0.0024878480471670628,0.24704494262114168
646,0.3571632087230682,0.21469662189483643,0.11038491725921631,0.032402556762099265,0.07816361784934997,0.007895452994853258,0.3717537224292755,0.2136832594871521,0.12679619044065477,0.027273128181695937,0.09248274862766266,0.002465418120846152,0.24901748537085955
647,0.3714967012405396,0.22310944497585297,0.11742224842309952,0.028613993152976035,0.08255503326654434,0.009112648293375969,0.36462008357048037,0.21307947039604186,0.12411587983369828,0.018512793630361558,0.09134421050548554,0.002587349805980921,0.23656023377552626
648,0.37933539748191836,0.2269013524055481,0.11851660311222076,0.033263228833675385,0.08397246599197387,0.008846652507781983,0.36761766076087954,0.21570598483085632,0.12118468880653381,0.028352676331996916,0.08809396922588349,0.002334973309189081,0.23996630767360327
649,0.38178900480270384,0.2243623673915863,0.1215480089187622,0.03668362498283386,0.08587949573993683,0.009172247722744942,0.34259780049324035,0.20999261140823364,0.10802530497312546,0.015857680095359684,0.08030272424221038,0.0023269875906407832,0.2065126969013363
650,0.357634037733078,0.21327537596225737,0.11378100365400315,0.02923632077872753,0.08010459691286087,0.008247032202780247,0.35018259286880493,0.19717226922512054,0.12460155338048935,0.018949490785598756,0.09226582050323487,0.0028582455590367315,0.23867511022835972
651,0.3633543848991394,0.21213770806789398,0.12100583761930465,0.026521050930023195,0.08512473106384277,0.008858144842088222,0.348033207654953,0.20168421268463135,0.1178075134754181,0.02213064059615135,0.08695778846740723,0.0024057405069470407,0.22930168304592372
652,0.36068827509880064,0.21002139747142792,0.11962147504091263,0.027203388139605524,0.08457079231739044,0.009291585721075534,0.3625128626823425,0.20746517777442933,0.11904830932617187,0.0382485568523407,0.0869569331407547,0.002694268524646759,0.24694806784391404
653,0.3614687979221344,0.21703510582447053,0.1130745142698288,0.029963574185967446,0.07998569458723068,0.008472805097699165,0.36363655924797056,0.2103515386581421,0.12091112583875656,0.029893411695957182,0.08866090029478073,0.0026259101927280427,0.2420913480222225
654,0.3615160584449768,0.2153683215379715,0.1140363946557045,0.031630851328372955,0.0804046168923378,0.008626279048621654,0.35436960458755495,0.19639669358730316,0.12593003511428832,0.027525340020656586,0.09258042275905609,0.002515595965087414,0.24855139385908842
655,0.3653810143470764,0.20940787494182586,0.12486546039581299,0.026704844459891318,0.088322451710701,0.008704134076833726,0.3507645487785339,0.20934686362743377,0.11352722197771073,0.021591017208993434,0.08388636112213135,0.0026497920975089074,0.2216543924063444
656,0.370344340801239,0.2119879513978958,0.12340790033340454,0.035702196136116984,0.08667792826890945,0.008928432129323483,0.3671607494354248,0.21941909790039063,0.11900350749492646,0.021694138646125793,0.088031205534935,0.002523908670991659,0.2312527603469789
657,0.36732870936393736,0.2158425569534302,0.11990128606557846,0.029137662425637246,0.0847595140337944,0.008394593466073274,0.35667094588279724,0.21540654003620147,0.11510792672634125,0.01857716515660286,0.08475451618432998,0.002356266416609287,0.22079587448388338
658,0.374152272939682,0.21449250876903533,0.1253496915102005,0.03305660262703895,0.08836151361465454,0.009260136261582374,0.36361671686172486,0.20667653679847717,0.11969210207462311,0.039740463346242906,0.08797559291124343,0.0024350032676011325,0.24984316159971057
659,0.3796314001083374,0.22050602734088898,0.12317895889282227,0.03728319108486176,0.08683971464633941,0.00874492721632123,0.3570140480995178,0.22128512859344482,0.11152028888463975,0.014527473971247673,0.0826859101653099,0.0023423337377607824,0.2110760067589581
660,0.3771846413612366,0.22070784866809845,0.12067026793956756,0.037415438517928126,0.08508960008621216,0.00882275439798832,0.37369394302368164,0.21456653475761414,0.1303493320941925,0.02172084152698517,0.0949419230222702,0.0023706970736384393,0.2493827937170863
661,0.36008613705635073,0.20990643203258513,0.11851137727499009,0.029681430384516715,0.0832204595208168,0.009427959844470025,0.34939377903938296,0.19955785274505616,0.12426884174346924,0.01315976409241557,0.09223643392324447,0.002624129503965378,0.23228916926309465
662,0.3692253530025482,0.21775610148906707,0.12119235694408417,0.025197870284318923,0.08581804782152176,0.009150674566626549,0.36804908514022827,0.21332802772521972,0.1240558683872223,0.024370203912258147,0.09170251041650772,0.002422206848859787,0.24255078956484794
663,0.3816215991973877,0.22570670545101165,0.12268913686275482,0.030830107629299164,0.08680782467126846,0.00923275537788868,0.35230737924575806,0.20904279351234437,0.1162332072854042,0.019291651621460914,0.0858896717429161,0.0024716174229979515,0.22388614807277918
664,0.366068571805954,0.21521978974342346,0.11887845993041993,0.030700471624732016,0.08378515541553497,0.008324022963643074,0.3621790587902069,0.2195961982011795,0.11388287544250489,0.023513815924525262,0.08417590707540512,0.002193766925483942,0.22376636536791922
665,0.3724356174468994,0.2206236243247986,0.1195476546883583,0.029435577616095544,0.08473155200481415,0.009087170287966729,0.3686221420764923,0.22144522964954377,0.11984034776687622,0.019361820816993714,0.0884365126490593,0.002246713824570179,0.22988539505749941
666,0.36306464672088623,0.2091689169406891,0.11998207420110703,0.0346419382840395,0.08422928750514984,0.008705275505781174,0.366646283864975,0.20991905629634858,0.122905433177948,0.031811212003231046,0.09049108475446702,0.002336707850918174,0.24754443778656424
667,0.3639382660388947,0.20649691820144653,0.12283633351325988,0.034176605939865115,0.08683067113161087,0.008775680232793093,0.3371644735336304,0.19299571514129638,0.11732301115989685,0.01816904582083225,0.08697286546230316,0.0023643385153263806,0.22482926095835867
668,0.36009836196899414,0.2086144357919693,0.12000274062156677,0.027481122687458993,0.08501591682434081,0.0094526968896389,0.3456625580787659,0.20512829422950746,0.1128334254026413,0.021946901082992555,0.08326700776815414,0.0023208689410239456,0.22036820319481193
669,0.36601555347442627,0.21666859686374665,0.11613160818815231,0.03402060680091381,0.0815997689962387,0.00856847334653139,0.3397471010684967,0.20131925046443938,0.11283478289842605,0.017755888402462006,0.08318503201007843,0.0024618861731141805,0.21623758948408067
670,0.36474955677986143,0.2152947187423706,0.11734681129455567,0.02904110662639141,0.08359103202819824,0.008809060975909232,0.3608934462070465,0.20117173790931703,0.12953652143478395,0.023459408432245255,0.09489739984273911,0.002559989457949996,0.2504533191677183
671,0.37150185704231264,0.21610117852687835,0.12101406753063201,0.034939495101571086,0.08534416407346726,0.0083622669801116,0.3505833625793457,0.20743749141693116,0.11260209530591965,0.027416906878352167,0.08325336277484893,0.002286445535719395,0.22555881049484014
672,0.3763061225414276,0.21854520738124847,0.12328558266162873,0.03369688428938389,0.08714542090892792,0.008905620500445365,0.3617998421192169,0.20966213345527648,0.12643246352672577,0.013774855807423592,0.09344629496335984,0.002462050970643759,0.23611566526815295
673,0.3731524109840393,0.22066469490528107,0.12303203344345093,0.0238812118768692,0.08717701733112335,0.008314540330320596,0.372654527425766,0.22434382438659667,0.11765666455030441,0.027584122121334077,0.0862261712551117,0.002459605736657977,0.23392656366340817
674,0.3616577386856079,0.20923595428466796,0.11996553242206573,0.03158130384981632,0.08435610830783843,0.008577631134539843,0.342251843214035,0.20239183008670808,0.11298491507768631,0.017831499688327312,0.0845492422580719,0.002402053913101554,0.21776771093718708
675,0.3796817183494568,0.22511963844299315,0.12233082354068756,0.029112914204597475,0.08671527802944183,0.008716023713350295,0.36578336358070374,0.2149716854095459,0.12228741049766541,0.0224119633436203,0.0895121932029724,0.0023570776917040347,0.23656864473596215
676,0.3600291132926941,0.20660256445407868,0.12155912071466446,0.027418427169322968,0.08626088798046112,0.009665581770241261,0.3666617810726166,0.21134579181671143,0.1258968785405159,0.021220426261425018,0.09309785217046737,0.002498322818428278,0.24271347979083654
677,0.3585244297981262,0.20838686525821687,0.11671601384878158,0.0339765977114439,0.08210642039775848,0.00871288776397705,0.3713406205177307,0.22831212282180785,0.11538882702589034,0.021850550174713136,0.08466316014528275,0.002569047315046191,0.22447158466093242
678,0.3775676071643829,0.22200901806354523,0.12161174863576889,0.033520447462797164,0.08597556799650193,0.008356205001473428,0.3617766797542572,0.21257596611976623,0.12004578709602357,0.022060259804129602,0.08893458694219589,0.0024354096967726946,0.23347604353912174
679,0.35770170092582704,0.21196573376655578,0.11372692137956619,0.03170296736061573,0.0801802933216095,0.008426844514906407,0.34890758991241455,0.20742132961750032,0.116083824634552,0.016075928509235383,0.0857965275645256,0.0024364881217479708,0.22039276883006095
680,0.36832420229911805,0.223704993724823,0.11511536687612534,0.026392125338315964,0.08124047964811325,0.008273029141128064,0.35655768513679503,0.20967739820480347,0.1221021831035614,0.012766776606440544,0.0904271051287651,0.002457820810377598,0.22775388564914467
681,0.3766072511672974,0.22426322102546692,0.12033208757638932,0.02918386794626713,0.0851910099387169,0.008856536913663149,0.3448039710521698,0.2031746745109558,0.11611644923686981,0.015294719114899635,0.08634317219257355,0.0023843844886869193,0.22013872503302992
682,0.37483845353126527,0.2240453064441681,0.11889471411705017,0.028921733796596526,0.08445004224777222,0.008648715540766716,0.35478840470314027,0.19943264722824097,0.12386309802532196,0.029078660905361174,0.08986417651176452,0.002813973231241107,0.24561990867368877
683,0.37263302206993104,0.2172566294670105,0.1188959613442421,0.038218365237116816,0.08438843637704849,0.008640768565237522,0.363240122795105,0.22162302434444428,0.11602616310119629,0.01535168495029211,0.0864357367157936,0.002190089947544038,0.22000367471482604
684,0.3648704171180725,0.20845086872577667,0.12204181402921677,0.03350512720644474,0.08643963038921357,0.008821281045675278,0.3512438237667084,0.2106208622455597,0.11292384266853332,0.02083813548088074,0.08380629271268844,0.0024561064783483744,0.22002437734045088
685,0.3569794476032257,0.2084871143102646,0.1184864267706871,0.025597758963704108,0.08377817422151565,0.009041428193449974,0.34110801219940184,0.20938649773597717,0.10723207890987396,0.015173283219337464,0.08002323359251022,0.0024376179091632364,0.2048662136308849
686,0.364469313621521,0.21751532554626465,0.11629504561424256,0.027795079723000528,0.08236362189054489,0.008349626325070858,0.34449646472930906,0.20012859404087066,0.11304829567670822,0.029286951571702958,0.08338007777929306,0.0022500117076560853,0.22796533673536035
687,0.3735954165458679,0.21927801370620728,0.11933649629354477,0.035466354340314865,0.08441612869501114,0.008866999112069607,0.36464016437530516,0.2196258306503296,0.11715754568576812,0.020617087185382844,0.08669294863939285,0.0022996230982244015,0.2267672046087682
688,0.3711637258529663,0.21675558686256408,0.11991817057132721,0.03451778814196586,0.0849013790488243,0.00856119729578495,0.3424192726612091,0.1947772979736328,0.12146628499031067,0.016046543419361115,0.08978901356458664,0.0024863594211637975,0.22978820139542225
689,0.36492225527763367,0.21435737013816833,0.11724843680858613,0.03278683237731457,0.0829472541809082,0.008649689238518476,0.3300154685974121,0.19052727222442628,0.11447144448757171,0.014482241868972779,0.08529126197099686,0.0023344615940004585,0.21657940992154184
690,0.3747727334499359,0.21933372020721437,0.12043669521808624,0.03601200133562088,0.08475538790225982,0.009005903266370296,0.3512617886066437,0.20300724506378173,0.11990260779857635,0.02296169251203537,0.08760760128498077,0.002410071715712547,0.23288197331130506
691,0.3811370551586151,0.22667236924171447,0.12034603506326676,0.03405121080577374,0.0847640261054039,0.009073280543088914,0.368170428276062,0.2139153629541397,0.12349126785993576,0.024052982032299042,0.09151246100664139,0.0026392122730612756,0.24169592317193747
692,0.3707309186458588,0.21452338099479676,0.12293414324522019,0.03101254887878895,0.086968432366848,0.009118336066603661,0.3511285841464996,0.1863921344280243,0.1293443739414215,0.03548230230808258,0.09392461776733399,0.0026658494025468826,0.26141714341938493
693,0.373417454957962,0.22175388932228088,0.11789896786212921,0.03372624814510346,0.08342439532279969,0.00843287305906415,0.35975916385650636,0.21091814637184142,0.12028598040342331,0.023211701959371566,0.0879055067896843,0.0024305414175614715,0.23383373057004062
694,0.3634691536426544,0.21292187869548798,0.11707710027694702,0.03194647766649723,0.08339958935976029,0.008687208779156208,0.3369508683681488,0.19143760800361634,0.11947939991950988,0.016359695047140122,0.08836794793605804,0.0023474123794585467,0.22655445528216658
695,0.37264184951782225,0.22266552746295928,0.11960456520318985,0.026590511202812195,0.08443200439214707,0.008814487606287003,0.3399702548980713,0.19471257030963898,0.1136652559041977,0.029060567915439605,0.08399060815572738,0.0025414013769477608,0.22925783335231242
696,0.370551997423172,0.2214481085538864,0.1168979361653328,0.03027428053319454,0.082881498336792,0.008652134891599416,0.3571807324886322,0.20848588347435,0.11833040714263916,0.026063678413629533,0.08722486197948456,0.0022119421511888502,0.23383088968694213
697,0.36118566393852236,0.21606603860855103,0.11450842618942261,0.02810220681130886,0.08115765005350113,0.008214996196329594,0.35041346549987795,0.2017066478729248,0.11681749075651168,0.029332347214221954,0.08593179434537887,0.0027636611368507145,0.23484529345296323
698,0.37408305406570436,0.21782499849796294,0.11946188509464264,0.039644690603017806,0.08451129347085953,0.008279304392635823,0.3675439417362213,0.2187914192676544,0.11600397825241089,0.03280612453818321,0.0848099559545517,0.002275795955210924,0.23589585470035673
699,0.37524698972702025,0.22266146838665007,0.12154944986104965,0.0263984315097332,0.08650302588939666,0.008527002669870854,0.3336030662059784,0.18629940152168273,0.1182702511548996,0.022638942301273345,0.08743980973958969,0.002472555637359619,0.23082155883312225
700,0.3798668086528778,0.22307574450969697,0.12185370028018952,0.03514360561966896,0.08596488684415818,0.009025785885751248,0.35409688353538515,0.1987980604171753,0.12652878761291503,0.021042637154459955,0.09283724874258041,0.002657448314130306,0.24306612182408568
