epoch,train_total,train_noise,train_x0,train_class,train_param,train_closed_loop,val_total,val_noise,val_x0,val_class,val_param,val_closed_loop,val_select
1,5.058309078216553,1.1844131231307984,1.6823323965072632,6.740586280822754,0.4932634890079498,0.7009823560714722,3.964728498458862,1.1185652256011962,1.4027074575424194,4.834169864654541,0.4210060954093933,0.5217663764953613,7.179649794101715
2,3.4800696849822996,1.0100382328033448,1.3011736631393434,4.066511249542236,0.4207158088684082,0.5459560632705689,2.7895272731781007,0.8407180309295654,1.026076602935791,3.131312370300293,0.3688939273357391,0.5216455459594727,5.047928446531295
3,2.7880151748657225,0.8466785907745361,1.0225783228874206,3.0877591133117677,0.37689130902290346,0.4912897884845734,2.3623175621032715,0.7663211464881897,0.9360244274139404,2.4815311431884766,0.3379187107086182,0.3920810878276825,4.1475553691387175
4,2.256087064743042,0.7867419958114624,0.882936704158783,2.22860324382782,0.3325510025024414,0.3903746962547302,2.0616429805755616,0.7366531491279602,0.7350836157798767,2.05565767288208,0.27772862613201144,0.3451847076416016,3.4136546224355695
5,1.994016456604004,0.7042461991310119,0.7288492679595947,1.9428969621658325,0.2932685375213623,0.36440234184265136,1.6494171619415283,0.6370778441429138,0.531600046157837,1.5061118125915527,0.2415454089641571,0.2535543769598007,2.5328116446733473
6,1.7377007961273194,0.629416537284851,0.5591151475906372,1.6528723239898682,0.2578122943639755,0.2980774700641632,1.4686963319778443,0.5628978133201599,0.4304469466209412,1.3543946266174316,0.210528963804245,0.22124967575073243,2.2166202127933503
7,1.6940776109695435,0.5809809446334839,0.5133387506008148,1.6878888130187988,0.2446619153022766,0.25317409336566926,1.6001512289047242,0.5551953792572022,0.4479897081851959,1.6187533259391784,0.21631363928318023,0.18654288947582245,2.469599562883377
8,1.5993964195251464,0.5734396815299988,0.4757718026638031,1.5545452117919922,0.224299618601799,0.2124153733253479,1.3065531492233275,0.5396195411682129,0.3934760570526123,1.1327079772949218,0.182803013920784,0.14152944684028626,1.8505164951086044
9,1.4914902210235597,0.5666652917861938,0.406613689661026,1.4262197732925415,0.1886914163827896,0.1761892169713974,1.318774676322937,0.547594678401947,0.34590672254562377,1.176739263534546,0.16598983705043793,0.11476326286792755,1.8033990859985354
10,1.4454915285110475,0.5540847539901733,0.3861971437931061,1.3660171747207641,0.18490721583366393,0.15812594890594484,1.3157328128814698,0.4966431260108948,0.36196274757385255,1.2663269758224487,0.16760988235473634,0.1059114620089531,1.9018110677599906
11,1.3464882612228393,0.5503846764564514,0.3678918480873108,1.196769642829895,0.17477701902389525,0.13324319273233415,1.174833559989929,0.49806818962097166,0.33135356307029723,1.0147995948791504,0.15182746350765228,0.08754096031188965,1.5855215817689896
12,1.3488888502120973,0.5389320731163025,0.3731589734554291,1.2221993923187255,0.17395321726799012,0.13056322038173676,1.018600296974182,0.5039283752441406,0.2888116240501404,0.6981261253356934,0.14778026044368744,0.08727868646383286,1.2219966962933542
13,1.2785415172576904,0.5308034181594848,0.3531941413879395,1.1016492605209351,0.17101970613002776,0.12672456353902817,1.0737369060516357,0.4863701224327087,0.3102064490318298,0.8325759649276734,0.15126213431358337,0.08558210581541062,1.3796266540884972
14,1.278453540802002,0.5127517580986023,0.3574865639209747,1.130303430557251,0.17329061925411224,0.12038695812225342,1.0142632961273192,0.4877062559127808,0.30687815248966216,0.6987866878509521,0.15721314251422883,0.07518206685781478,1.238060049712658
15,1.214391326904297,0.516134238243103,0.3332074820995331,1.003169798851013,0.16982970237731934,0.10931240171194076,1.066170859336853,0.5095594525337219,0.28763667941093446,0.7803016662597656,0.147210556268692,0.06448481380939483,1.279633715748787
16,1.202634596824646,0.5113147616386413,0.32988996505737306,0.9937429070472718,0.16624155044555664,0.10722306072711944,1.0038689851760865,0.45507428646087644,0.28956058621406555,0.7588258862495423,0.14759443700313568,0.07289205938577652,1.26887296885252
17,1.235176920890808,0.49928792715072634,0.3293313503265381,1.0861141204833984,0.16365033090114595,0.10208416879177093,1.1078515768051147,0.44266446232795714,0.30358064770698545,0.979119086265564,0.151955646276474,0.07240206599235535,1.5070574462413788
18,1.1763341665267943,0.506703644990921,0.32275712490081787,0.9520371317863464,0.16202771961688994,0.10831855833530427,1.095118021965027,0.46753517389297483,0.3010092854499817,0.9139164328575134,0.14606989324092864,0.06990082561969757,1.4308964371681212
19,1.1893775939941407,0.5054969429969788,0.33902424573898315,0.9775224447250366,0.16241001188755036,0.0998844176530838,1.0137406945228578,0.46602065563201905,0.31357028484344485,0.7524858474731445,0.14659923911094666,0.060050221532583235,1.2727055929601194
20,1.135128664970398,0.49638144969940184,0.3398500919342041,0.8933722376823425,0.15939583480358124,0.08955864757299423,0.9649770498275757,0.45011887550354,0.271419095993042,0.711339282989502,0.13452350199222565,0.06339465230703353,1.1806765332818032
21,1.1733433961868287,0.4963187873363495,0.32442790269851685,0.9637817025184632,0.16033901572227477,0.09666544944047928,0.9451630473136902,0.44591169357299804,0.2575881600379944,0.6716268718242645,0.13803879022598267,0.06462994068861008,1.1318837627768519
22,1.1569449186325074,0.5020076036453247,0.3045851707458496,0.9272863149642945,0.15655422806739808,0.09344272762537002,0.9610748529434204,0.44637768268585204,0.25410332083702086,0.7016400933265686,0.1382470965385437,0.06054207980632782,1.154532590508461
23,1.085358190536499,0.47672793865203855,0.29944105744361876,0.839815354347229,0.15402228832244874,0.08686909228563308,0.8875826597213745,0.4262140512466431,0.26314802169799806,0.5963266015052795,0.13769137859344482,0.051592327654361725,1.048758329451084
24,1.117643618583679,0.4694849729537964,0.31350786089897154,0.9042211294174194,0.15884839594364167,0.08756759464740753,1.0215054273605346,0.48134770393371584,0.26995107531547546,0.7373505592346191,0.1444620043039322,0.05154017806053161,1.2033038169145585
25,1.1118414163589478,0.48307543992996216,0.2894083380699158,0.8868460655212402,0.14993118941783906,0.07919418513774872,0.9596055746078491,0.4351402997970581,0.25270328521728513,0.7189501523971558,0.13805738389492034,0.050920366495847705,1.160631188005209
26,1.109063696861267,0.47316002249717715,0.2971767961978912,0.879401171207428,0.15665339231491088,0.08893697261810303,0.9462482929229736,0.46667298674583435,0.24392729997634888,0.645404475927353,0.12961267530918122,0.050132399797439574,1.0690768510103228
27,1.1360941886901856,0.4750520706176758,0.30250534415245056,0.9326186060905457,0.1553339719772339,0.08033741563558579,0.9222251415252686,0.41856998205184937,0.2599599361419678,0.6648377776145935,0.13997671455144883,0.058041193336248395,1.1228156216442584
28,1.126534390449524,0.46980087757110595,0.29641815423965456,0.9333775401115417,0.14897503852844238,0.08294072151184081,0.9230922818183899,0.460508394241333,0.2564800441265106,0.5891752719879151,0.13670754730701445,0.05442915558815002,1.03679201900959
29,1.103905439376831,0.4683323085308075,0.29666627049446104,0.8959185242652893,0.14626965522766114,0.07817109376192093,0.8813288450241089,0.4276013433933258,0.2571029722690582,0.5847879886627197,0.13145567178726197,0.04428711384534836,1.0176337465643883
30,1.0743112802505492,0.4533244132995605,0.2952718734741211,0.8661845326423645,0.14578478038311005,0.07605497539043427,0.8711255550384521,0.4289951026439667,0.25247931480407715,0.5570932269096375,0.1325343817472458,0.04614686518907547,0.988253788650036
31,1.0861568927764893,0.4656975448131561,0.283012717962265,0.8629979014396667,0.1460704267024994,0.07725902497768403,0.9079837322235107,0.45248779058456423,0.23231252431869506,0.5930202722549438,0.12921492755413055,0.04337943494319916,0.9979271590709686
32,1.0449424028396606,0.43702444434165955,0.2858075976371765,0.8293871521949768,0.14891442358493806,0.07659057825803757,0.9363712906837464,0.4338938772678375,0.24192881882190703,0.6844475030899048,0.1284327119588852,0.04452375918626785,1.099332793056965
33,1.042832899093628,0.4589915871620178,0.27446943521499634,0.7946954250335694,0.14383453130722046,0.06931712329387665,0.8491528987884521,0.4384067296981812,0.22094192504882812,0.5245046138763427,0.11937434077262879,0.0377206914126873,0.9025415711104869
34,0.9952082753181457,0.441747772693634,0.27409138083457946,0.7199331283569336,0.14811044037342072,0.07423780858516693,0.9054123759269714,0.43574483394622804,0.22528749704360962,0.6241952657699585,0.1262391835451126,0.040945501625537874,1.0166674479842186
35,0.9943565726280212,0.4487993359565735,0.2716390371322632,0.7202317595481873,0.1411503106355667,0.06701273396611214,0.8406618237495422,0.42372013330459596,0.21828542947769164,0.5278860330581665,0.1218242585659027,0.039426758885383606,0.9074224799871445
36,0.9757604718208313,0.43169411420822146,0.27578888535499574,0.7079587578773499,0.14309889674186707,0.07037171423435211,0.853969144821167,0.442149418592453,0.22786141633987428,0.5159192085266113,0.12154907137155532,0.03747142963111401,0.902801125869155
37,1.0325539112091064,0.44565717577934266,0.2761094570159912,0.7845132708549499,0.14650116562843324,0.06980312317609787,0.8596531510353088,0.4255940914154053,0.21470507085323334,0.5610064268112183,0.12140272259712219,0.03797025755047798,0.9350844778120517
38,0.9819957256317139,0.41856770515441893,0.2684389233589172,0.7450725436210632,0.142652627825737,0.06838324069976806,0.7831880807876587,0.3868090331554413,0.22108647525310515,0.4759765326976776,0.12453231513500214,0.038662274926900865,0.8602575980126858
39,0.9719252824783325,0.4395860731601715,0.25124683380126955,0.7053707957267761,0.13375042229890824,0.06273060739040374,0.7664608120918274,0.39224120378494265,0.2166972875595093,0.44676371812820437,0.11739147305488587,0.03609752058982849,0.8169499993324281
40,0.9918718218803406,0.43778836727142334,0.2698907732963562,0.7314807057380677,0.14013076424598694,0.06063789501786232,0.818205201625824,0.4114103138446808,0.2365994155406952,0.48486859202384947,0.1293342024087906,0.03247554823756218,0.8832777582108974
41,0.9949354887008667,0.43322479724884033,0.26212993264198303,0.7477201819419861,0.1394314646720886,0.060071981698274615,0.8320820093154907,0.40021817684173583,0.20974707901477813,0.5609986066818238,0.11833778917789459,0.03213297054171562,0.9212164454162122
42,0.9843499660491943,0.42153278589248655,0.2510692775249481,0.7524507284164429,0.13708751946687697,0.06297155022621155,0.8650593996047974,0.4178524732589722,0.2263014793395996,0.566490089893341,0.12683268636465073,0.03637415170669556,0.9559984073042869
43,0.9528188586235047,0.42116655707359313,0.2578924775123596,0.6841567754745483,0.13941210210323335,0.05963687151670456,0.8399317502975464,0.39674978256225585,0.21541516482830048,0.5812155842781067,0.11791861653327942,0.030560513585805894,0.9451098792254925
44,0.9345581650733947,0.4285472512245178,0.2519719809293747,0.6500693559646606,0.1313141778111458,0.05700036808848381,0.7651141524314881,0.3760069489479065,0.21974676847457886,0.4695284843444824,0.11873054057359696,0.029714974761009216,0.8377207681536676
45,0.9370303630828858,0.4281774640083313,0.24057701826095582,0.6608988881111145,0.12983525544404984,0.05461145862936974,0.7794196963310241,0.39922127723693845,0.20166419744491576,0.4545954644680023,0.1188578724861145,0.028839639946818353,0.8039571743458509
46,0.9061211109161377,0.4147438943386078,0.24695537090301514,0.6044656276702881,0.13855770826339722,0.05512254610657692,0.7818379044532776,0.39530047178268435,0.20503998398780823,0.4725746035575867,0.11585911214351655,0.02686069756746292,0.8203343972563744
47,0.8907696723937988,0.40568930506706236,0.23721787929534913,0.6154552459716797,0.12900458574295043,0.049787362664937974,0.7845442414283752,0.40516687631607057,0.21525084376335143,0.4363276243209839,0.12362310290336609,0.02990519180893898,0.8051067627966404
48,0.8847674489021301,0.4097383379936218,0.23572977185249328,0.5881055951118469,0.1307499423623085,0.052235280722379686,0.7728489875793457,0.3823960781097412,0.19869568943977356,0.47752604484558103,0.11707335412502289,0.02565023526549339,0.8189453236758708
49,0.8670464515686035,0.4072587966918945,0.22816744744777678,0.5655933022499084,0.1273427665233612,0.050606957823038104,0.7628186583518982,0.3653630793094635,0.20442529022693634,0.4882624506950378,0.11745840162038804,0.02524511143565178,0.835391253978014
50,0.8668762803077698,0.4016146302223206,0.23062936663627626,0.5720205068588257,0.12958670705556868,0.04762519374489784,0.7537679433822632,0.3850676894187927,0.19455789923667907,0.4453242301940918,0.11190448254346848,0.02243177704513073,0.7742183890193701
51,0.8825576901435852,0.40239598155021666,0.23172139823436738,0.5980322420597076,0.12931348085403443,0.04994431510567665,0.8375209331512451,0.3821000814437866,0.21013613939285278,0.5924661993980408,0.11934423744678498,0.02924620434641838,0.951192780584097
52,0.9242141962051391,0.4036975562572479,0.23873643279075624,0.665340006351471,0.13234177231788635,0.05377829968929291,0.7611025333404541,0.3912275433540344,0.18750980198383332,0.449288010597229,0.10965569317340851,0.02461313009262085,0.7710666358470917
53,0.8616529941558838,0.4000031590461731,0.22567120790481568,0.5659471392631531,0.12624169737100602,0.04858902767300606,0.766094172000885,0.3471904695034027,0.20377123951911927,0.5194783210754395,0.12001823335886001,0.026192184537649155,0.8694599784910678
54,0.8677136301994324,0.39582002758979795,0.22812105119228362,0.5767040133476258,0.13042951226234437,0.04722905680537224,0.7570241093635559,0.3538386940956116,0.2048734426498413,0.4929172515869141,0.11807456612586975,0.02326829880475998,0.8391335591673851
55,0.8350927233695984,0.3919700741767883,0.2272486835718155,0.5212733030319214,0.12857744842767715,0.047089473158121106,0.7470919013023376,0.3434580206871033,0.20584116876125336,0.4990149140357971,0.1145543023943901,0.02341591492295265,0.8428263001143933
56,0.8627157807350159,0.3898990213871002,0.24041950702667236,0.5681182146072388,0.1328253075480461,0.04545639455318451,0.7310623168945313,0.35852670669555664,0.20956899523735045,0.4201830506324768,0.12389724850654601,0.018790057674050332,0.7724393520504236
57,0.8240319967269898,0.3811516404151917,0.22629153728485107,0.5276282787322998,0.1253937527537346,0.04295925050973892,0.6965420126914978,0.3503528118133545,0.19194037914276124,0.3956909656524658,0.11126571595668792,0.01950167492032051,0.7183987356722354
58,0.8301538705825806,0.3867024302482605,0.22578906118869782,0.5178416192531585,0.12876803129911424,0.04536585360765457,0.734219229221344,0.35729295015335083,0.20039523839950563,0.44009742736816404,0.1180164098739624,0.019317954033613204,0.7778270296752454
59,0.8428319573402405,0.38688358664512634,0.22171270251274108,0.5532656311988831,0.12396030724048615,0.043879170715808866,0.7055214405059814,0.3455833077430725,0.19772280752658844,0.41124835014343264,0.1149935781955719,0.019673122838139535,0.7436378587037324
60,0.8296905994415283,0.37622309923172,0.2284102201461792,0.5351774573326111,0.12979017347097396,0.04157536774873734,0.7304777264595032,0.3597049951553345,0.1978554606437683,0.42236205339431765,0.11876344233751297,0.02123803049325943,0.7602189868688584
61,0.8222098350524902,0.39080570340156556,0.21849237382411957,0.4952725231647491,0.12725613117218018,0.04345040544867516,0.753654944896698,0.3509430527687073,0.20582244396209717,0.47713658809661863,0.12128117084503173,0.021497968956828116,0.8257381718605756
62,0.8212494850158691,0.3791370511054993,0.22670286297798156,0.5066351056098938,0.13023639619350433,0.04316964596509933,0.7529747247695923,0.3606813669204712,0.1930582582950592,0.47036406993865965,0.11249676048755645,0.027079256996512414,0.8029983457177876
63,0.8179085612297058,0.38307043313980105,0.22487977147102356,0.49675285816192627,0.12748339921236038,0.04273880198597908,0.7303677797317505,0.3622766137123108,0.20318079590797425,0.4087648391723633,0.12195938527584076,0.017684268206357955,0.7515892885625362
64,0.8095770955085755,0.38355669379234314,0.21524817645549774,0.4951395869255066,0.12280715405941009,0.037863867729902266,0.6326005578041076,0.3354353666305542,0.18913063704967498,0.2840348958969116,0.11537878960371017,0.016978638991713525,0.6055229615420102
65,0.8243210434913635,0.36406983733177184,0.2264644980430603,0.5394109725952149,0.1293988823890686,0.042806783318519594,0.6465152025222778,0.3409131348133087,0.18944934904575347,0.30548893213272094,0.11113716810941696,0.01922621428966522,0.6253016635775566
66,0.8116165995597839,0.3861371994018555,0.21627602875232696,0.4811390399932861,0.1253688931465149,0.04130812808871269,0.7505873203277588,0.35206395387649536,0.19245792031288148,0.48313183784484864,0.11329447478055954,0.020618952065706252,0.809503185003996
67,0.8337949752807617,0.3716185033321381,0.22440667748451232,0.5407690346240998,0.12773722410202026,0.045145627856254575,0.6539120197296142,0.32432658076286314,0.19000579714775084,0.34087530374526975,0.11516771167516708,0.02073194794356823,0.6667807605117558
68,0.7701765179634095,0.3646809279918671,0.2188343286514282,0.4339188575744629,0.12660558074712752,0.04156087562441826,0.7129580497741699,0.3453603982925415,0.18424566686153412,0.43379042148590086,0.10899133533239365,0.017461029812693596,0.7444884534925222
69,0.818714153766632,0.3648272633552551,0.21359460651874543,0.5372750878334045,0.12400993108749389,0.040404684096574786,0.7173111319541932,0.3393817365169525,0.1881414234638214,0.44032429456710814,0.11532327681779861,0.016545849665999413,0.7603348445147275
70,0.7982451677322387,0.3799335122108459,0.21054699420928955,0.4702094078063965,0.12245732992887497,0.0390267550945282,0.646086847782135,0.3165643572807312,0.18432893753051757,0.3440109729766846,0.11401991993188858,0.018350201100111006,0.6607100315392017
71,0.7909253120422364,0.37300761342048644,0.20558358430862428,0.4751311898231506,0.11964688599109649,0.03897645100951195,0.6902709841728211,0.32079572081565855,0.19657374024391175,0.41057819724082945,0.11895189285278321,0.016647792421281338,0.7427516227588057
72,0.7792846202850342,0.35587666034698484,0.2107526659965515,0.4775950610637665,0.12329851686954499,0.03710545226931572,0.7048095464706421,0.34201857447624207,0.19567683339118958,0.39734545946121214,0.11991850286722183,0.01425064317882061,0.7271914388984442
73,0.7856076002120972,0.36245526671409606,0.21187818050384521,0.47452152371406553,0.12379357665777206,0.036681396514177324,0.6493502736091614,0.31190253496170045,0.18033402562141418,0.3681126832962036,0.11038583368062974,0.015803711861371993,0.6746362544596195
74,0.7502581357955933,0.36444840431213377,0.1987880289554596,0.4197270929813385,0.11663504838943481,0.03480363264679909,0.6307716488838195,0.34089709520339967,0.16564840078353882,0.292288476228714,0.1039469376206398,0.014113321714103223,0.5759971363469958
75,0.7627677679061889,0.3695938467979431,0.2046577364206314,0.41865878701210024,0.12124094516038894,0.03692228645086289,0.7302502870559693,0.34130563735961916,0.1917966425418854,0.45526670217514037,0.11538646668195725,0.01518162414431572,0.7776314355432987
76,0.769793176651001,0.35928826332092284,0.2114148736000061,0.4469043552875519,0.12295889407396317,0.03597749546170235,0.7190084457397461,0.33092552423477173,0.19299341440200807,0.4469274044036865,0.117076376080513,0.016352029889822005,0.7733492247760296
77,0.7672916769981384,0.35046998262405393,0.20945213437080384,0.4607193052768707,0.1237060546875,0.033300844579935075,0.6389209985733032,0.29832667112350464,0.20284171998500825,0.3331195950508118,0.12371242344379425,0.016734790056943893,0.6764085285365582
78,0.7971829295158386,0.36969259977340696,0.2068185716867447,0.48227856159210203,0.12143637537956238,0.036022046208381654,0.6794811367988587,0.3375151574611664,0.18638222217559813,0.3639759957790375,0.11296647042036057,0.015629270300269126,0.6789539586752653
79,0.7758463144302368,0.35145127177238467,0.20905284881591796,0.46989824771881106,0.12321828752756118,0.036079106479883195,0.7013561725616455,0.3448851466178894,0.2006128489971161,0.3603412449359894,0.12665769159793855,0.014497922919690608,0.7021097084507346
80,0.7550121545791626,0.33857476711273193,0.2129199266433716,0.4471824109554291,0.12577223777770996,0.03498566187918186,0.6774109363555908,0.33971030116081236,0.17587162256240846,0.36596216559410094,0.10988239496946335,0.01380403023213148,0.6655202133581043
81,0.7563385486602783,0.3520840287208557,0.20186984539031982,0.4416265547275543,0.11945397704839707,0.03301230855286121,0.6849503874778747,0.3401893973350525,0.17095817923545836,0.3912033915519714,0.10489670485258103,0.013776552490890026,0.6808348281309009
82,0.7477357387542725,0.36404762864112855,0.19934531450271606,0.400008898973465,0.11952103674411774,0.033281202614307406,0.6330050945281982,0.3390736818313599,0.17825807332992555,0.2701102316379547,0.11139523833990098,0.015625977516174318,0.5753895208239556
83,0.774911630153656,0.361748081445694,0.20724336206912994,0.4549777925014496,0.11970633864402772,0.0328076109290123,0.6661536812782287,0.32217155694961547,0.1805608183145523,0.3769726395606995,0.10902478098869324,0.012863824516534806,0.6794220633804798
84,0.7666402578353881,0.365552282333374,0.2028637260198593,0.43765227794647216,0.11747885644435882,0.031688010320067406,0.700875723361969,0.34114459753036497,0.18304226398468018,0.400655472278595,0.11229475438594819,0.01238531656563282,0.7083778072148561
85,0.7397448182106018,0.3464412331581116,0.2059657782316208,0.4081014633178711,0.12258202433586121,0.032718705013394356,0.5978379011154175,0.29946253895759584,0.17373397052288056,0.29199967384338377,0.10674037784337997,0.012452377006411552,0.5849263992160558
86,0.7638607025146484,0.3590954184532166,0.21158296763896942,0.42163299918174746,0.12599826008081436,0.032085948064923285,0.6766793489456177,0.3298424243927002,0.18736870288848878,0.36693888902664185,0.11395709812641144,0.013037352077662944,0.681302042119205
87,0.7361445426940918,0.33774895071983335,0.2114284574985504,0.41212965846061705,0.12304648905992507,0.03328369148075581,0.6926063895225525,0.31496628522872927,0.18303924202919006,0.43806694746017455,0.11080049723386765,0.011421521380543708,0.743328208103776
88,0.7672390818595887,0.3528243720531464,0.21007752418518066,0.44788036346435545,0.123267862200737,0.029985129088163375,0.6266067147254943,0.3216881573200226,0.1734544515609741,0.29028615057468415,0.1119228571653366,0.013846644759178161,0.589510104060173
89,0.7198273777961731,0.345844691991806,0.19092434048652648,0.38868560791015627,0.11534652560949325,0.03116099052131176,0.6885877013206482,0.3208257734775543,0.17908230125904084,0.41429569721221926,0.11081496775150299,0.014218934997916221,0.7184119012206794
90,0.7443824529647827,0.3437530338764191,0.19574812948703765,0.4325775384902954,0.11803463846445084,0.03180382251739502,0.6718538761138916,0.30830563306808473,0.18709123730659485,0.38961063623428344,0.11736326217651367,0.013263066112995148,0.7073282018303871
91,0.7430561423301697,0.33830936551094054,0.20106148421764375,0.4357865273952484,0.1196521446108818,0.030657007545232772,0.677567970752716,0.30982222557067873,0.18166698813438414,0.41311081647872927,0.11274319589138031,0.010168389976024627,0.7176893904805183
92,0.7359471678733825,0.3430976867675781,0.2006221443414688,0.41263595819473264,0.11924255639314651,0.030208341404795648,0.6152879118919372,0.32596722841262815,0.17245378494262695,0.26723305583000184,0.1072465643286705,0.012561792135238647,0.559495197236538
93,0.7394506096839905,0.3327242970466614,0.20735902190208436,0.4243410348892212,0.12457251101732254,0.031103288382291795,0.615746021270752,0.30748165845870973,0.16087307035923004,0.322686094045639,0.10204608291387558,0.010674698278307915,0.5962799455970526
94,0.7322992563247681,0.3496445894241333,0.19532181024551393,0.39368589520454406,0.11924891918897629,0.029517386481165885,0.6604294180870056,0.2943953812122345,0.1816025972366333,0.4055076360702515,0.11158401370048524,0.012885130010545254,0.7115793770179152
95,0.7371747612953186,0.34719927310943605,0.1971274733543396,0.4076284825801849,0.11884698122739792,0.029280709475278853,0.6266975045204163,0.2964268684387207,0.16815748810768127,0.35051936507225034,0.10652209967374801,0.012216344848275185,0.6374152977019548
96,0.7400413751602173,0.341782820224762,0.1975783407688141,0.4248387336730957,0.11844966560602188,0.028529584407806396,0.6494320392608642,0.3291513681411743,0.17766391932964326,0.31427946090698244,0.11241739094257355,0.011548886261880397,0.6159096574410797
97,0.7455998659133911,0.3465393364429474,0.19553760290145875,0.42593200206756593,0.11877731829881669,0.02842760719358921,0.6501563429832459,0.31039866209030154,0.16638507843017578,0.37081276774406435,0.10598399490118027,0.011455566436052323,0.6546374075114727
98,0.7171067714691162,0.3256689667701721,0.19351222813129426,0.41384111642837523,0.11711918264627456,0.028553666546940804,0.6368262290954589,0.30610867142677306,0.17367875576019287,0.3407541036605835,0.11005290299654007,0.011051829531788826,0.6355375919491052
99,0.7450709700584411,0.3351939857006073,0.1988213211297989,0.4413608908653259,0.12076871693134308,0.02745649255812168,0.5927214741706848,0.29404097199440005,0.16202905476093293,0.2918746113777161,0.10446448624134064,0.011680712178349494,0.5700488645583393
100,0.7407398104667664,0.3387713670730591,0.19604502916336058,0.4257130682468414,0.12064842879772186,0.027788880467414855,0.6559641122817993,0.33951611518859864,0.16324970722198487,0.32723669409751893,0.10488453954458236,0.010189551673829556,0.6055604925379157
101,0.7316991448402405,0.34585551619529725,0.1989836275577545,0.38817349076271057,0.12183679342269897,0.028109608590602873,0.5879068851470948,0.3028875172138214,0.16516093909740448,0.25512188076972964,0.10775011479854583,0.011435995064675807,0.5394689297303558
102,0.7006151556968689,0.33653035163879397,0.1909429520368576,0.3536764681339264,0.119206003844738,0.027643024176359176,0.6519802212715149,0.3369578838348389,0.15042250752449035,0.34812644124031067,0.09487415552139282,0.011038928292691708,0.6044620325788855
103,0.7256073832511902,0.3387466371059418,0.19431031942367555,0.39642115235328673,0.11926645189523696,0.027641119062900545,0.6064146280288696,0.2974455773830414,0.16605675518512725,0.29788206815719603,0.1095450460910797,0.011033384501934052,0.584517253935337
104,0.7326361298561096,0.3374053180217743,0.19116822481155396,0.4189558088779449,0.11666869670152664,0.0276863981038332,0.5930963397026062,0.299739682674408,0.16756672859191896,0.26910447478294375,0.10737684667110443,0.011228878423571587,0.5552769284695387
105,0.6886679291725158,0.33034631609916687,0.18800497353076934,0.3506135106086731,0.11558710783720016,0.025823473930358887,0.6607538938522339,0.2925965845584869,0.18567233085632323,0.3841236591339111,0.12017149329185486,0.010264324396848679,0.7002318076789378
106,0.7032872319221497,0.3323517024517059,0.1873043566942215,0.3743681848049164,0.11556088626384735,0.02650698684155941,0.6370931267738342,0.3456752896308899,0.1503283679485321,0.2944275617599487,0.09755074232816696,0.00973760113120079,0.5520442731678487
107,0.7050828814506531,0.32671507596969607,0.19231181144714354,0.38065932393074037,0.11820174753665924,0.026275695487856864,0.6636140823364258,0.3027440071105957,0.17223492860794068,0.39464515447616577,0.10954387933015823,0.011329670064151287,0.6877536324784159
108,0.7191632270812989,0.3378649055957794,0.19134362637996674,0.38498634099960327,0.11759488433599471,0.02792499214410782,0.5913170337677002,0.29775466918945315,0.15671127736568452,0.2884153127670288,0.10041943490505219,0.009461811929941177,0.5550078369677067
109,0.6751438856124878,0.32751036882400514,0.1831344872713089,0.33144391775131227,0.11358920633792877,0.02631174735724926,0.6030478477478027,0.29455392956733706,0.17285693287849427,0.2830957889556885,0.11294442862272262,0.00985439121723175,0.5787515416741371
110,0.7060612082481384,0.3239770412445068,0.19118470549583436,0.3852857768535614,0.11873175352811813,0.02590535469353199,0.5965449690818787,0.29861135482788087,0.15517921149730682,0.2917791098356247,0.10193966627120972,0.010614436119794846,0.5595124237239362
111,0.6820784330368042,0.3295515239238739,0.1781796932220459,0.3430022805929184,0.11150318682193756,0.02868245206773281,0.6525473356246948,0.2898372173309326,0.17491863369941713,0.3852095425128937,0.11353132724761963,0.011477326974272728,0.6851368304342031
112,0.6780717134475708,0.3288983225822449,0.1795828104019165,0.3426651954650879,0.1108367070555687,0.02388705685734749,0.6811367034912109,0.33565601110458376,0.170193612575531,0.3652590990066528,0.10756622850894929,0.010901006124913692,0.6539199462160469
113,0.7093559145927429,0.3253011107444763,0.1863842636346817,0.40153220295906067,0.11286758631467819,0.025382228195667267,0.6144508719444275,0.2844627261161804,0.1763075828552246,0.3175523042678833,0.11264445632696152,0.012515201047062875,0.6190195444971323
114,0.6846710681915283,0.3138224720954895,0.1872255027294159,0.36889522671699526,0.11489284336566925,0.02592697851359844,0.5693839907646179,0.27688549757003783,0.1557087630033493,0.2790429055690765,0.10184238404035569,0.00965384840965271,0.5462479010224341
115,0.6945055246353149,0.3325778305530548,0.18304037749767305,0.35967993140220644,0.1132162094116211,0.02321060635149479,0.5636914134025574,0.27006893157958983,0.1649379014968872,0.2629590153694153,0.10759917050600051,0.010177351534366608,0.5456734389066696
116,0.7231533885002136,0.3316827595233917,0.18367614448070527,0.4153847575187683,0.11327441185712814,0.024625356122851372,0.6429246544837952,0.3206061780452728,0.16153404712677003,0.32720287442207335,0.10343662649393082,0.012050790153443814,0.604224338196218
117,0.7090699315071106,0.32876495122909544,0.1920251280069351,0.37776129245758056,0.11826654523611069,0.02427205964922905,0.6603315353393555,0.32771003246307373,0.17538000643253326,0.3205478310585022,0.11327943801879883,0.011099310964345932,0.6203065864741802
118,0.6873610854148865,0.3258107602596283,0.1870984822511673,0.344721657037735,0.11723650693893432,0.023941316083073615,0.6591544866561889,0.2999331593513489,0.17383529245853424,0.3762452006340027,0.11350257247686386,0.009021087735891341,0.6726041533052922
119,0.6708410501480102,0.3168371021747589,0.17988321781158448,0.3378503441810608,0.1136930838227272,0.025529205054044723,0.5745059013366699,0.3089784264564514,0.15417792201042174,0.21585408449172974,0.10314567983150483,0.012266936153173447,0.48544462248682974
120,0.6790643692016601,0.3198659360408783,0.18158669471740724,0.34485697746276855,0.11351214647293091,0.026831137388944624,0.6024382829666137,0.2936045706272125,0.1667672574520111,0.28343252539634706,0.10947259962558746,0.01087815836071968,0.5705505408346653
121,0.6871419668197631,0.3153300642967224,0.18168191313743592,0.3728770434856415,0.11219778656959534,0.026024044677615165,0.6136385321617126,0.2914014637470245,0.16846478283405303,0.3099548280239105,0.10948660224676132,0.00973204281181097,0.5976382559165357
122,0.6858731746673584,0.3252433180809021,0.1843026489019394,0.3445977449417114,0.1161031499505043,0.022879326716065407,0.6320311546325683,0.2888259768486023,0.16762325465679168,0.35387563705444336,0.10785510987043381,0.010410181432962417,0.6397641830146313
123,0.7032774448394775,0.32341515421867373,0.18435718417167662,0.38495854139328,0.11430751830339432,0.023408117517828942,0.6511471033096313,0.30958167314529417,0.1689989984035492,0.34644588828086853,0.10898200124502182,0.010561857931315899,0.6349887458607554
124,0.6901015639305115,0.32277692556381227,0.18395571410655975,0.35372288823127745,0.11528298407793044,0.02593420222401619,0.6321056485176086,0.3045182704925537,0.15695937871932983,0.34213451147079466,0.10182745158672332,0.008621849119663239,0.6095431908965111
125,0.6942754864692688,0.31887246966362,0.17844773530960084,0.3807635366916656,0.11072843223810196,0.02646845318377018,0.5969951629638672,0.28083346486091615,0.17433882653713226,0.28595107793807983,0.1124887377023697,0.008880795165896415,0.5816594373434782
126,0.6742218613624573,0.31653680801391604,0.182451131939888,0.33689880967140196,0.11413389295339585,0.02518521063029766,0.617678952217102,0.3172957181930542,0.1603422522544861,0.28219964504241946,0.10271085351705551,0.008663911279290915,0.553916662093252
127,0.6799431562423706,0.31846333742141725,0.18341588079929352,0.34661102294921875,0.11376166492700576,0.02311156764626503,0.6289313912391663,0.30280407667160036,0.16090479493141174,0.32707972526550294,0.10495299249887466,0.00935315527021885,0.6022906679660082
128,0.6890223145484924,0.32452443838119505,0.18261454105377198,0.3476621866226196,0.11493755728006363,0.02470371760427952,0.6594186305999756,0.30698184967041015,0.1644768923521042,0.3761736392974854,0.10492658913135529,0.009701127838343381,0.6552782486192883
129,0.66668541431427,0.3190765559673309,0.17315419614315034,0.33524597585201266,0.10845082551240921,0.022418287023901938,0.5715249300003051,0.30211647748947146,0.154165118932724,0.22121473550796508,0.10316942185163498,0.00844774879515171,0.4869970250874758
130,0.6680508255958557,0.3113445520401001,0.17688466012477874,0.3434199273586273,0.11167081743478775,0.02262566052377224,0.6199054837226867,0.2849813222885132,0.16719962358474733,0.3272619843482971,0.11042266488075256,0.009329430013895034,0.614213702827692
131,0.7002875089645386,0.32998363971710204,0.1795065373182297,0.3651251316070557,0.11339040845632553,0.022232157364487647,0.6141273975372314,0.29533296823501587,0.16981330513954163,0.2898895502090454,0.11113943308591842,0.010137667693197728,0.5809799561277031
132,0.6747437953948975,0.31531655192375185,0.17906322777271272,0.3484111487865448,0.11176600754261017,0.020521178469061853,0.6033061265945434,0.29755576848983767,0.15833446085453035,0.28669177889823916,0.10382407307624816,0.00904291421175003,0.5578932270407677
133,0.6705247282981872,0.3220957934856415,0.17176643908023834,0.3380070745944977,0.10752804726362228,0.02112143747508526,0.6470627427101135,0.3042726516723633,0.1584496319293976,0.36928577423095704,0.09961414188146592,0.008355081453919411,0.6357046294957399
134,0.6844413757324219,0.3126630187034607,0.1836695432662964,0.35542781949043273,0.11551529914140701,0.02431405745446682,0.5912798762321472,0.3091294884681702,0.14215900003910065,0.2695295512676239,0.0929946020245552,0.009668206050992011,0.5143513593822718
135,0.6578742980957031,0.3078313648700714,0.17814591228961946,0.3219285309314728,0.11202308684587478,0.024187616631388666,0.5720277070999146,0.27391585111618044,0.16547459363937378,0.24971036314964296,0.1098981186747551,0.0107297882437706,0.5358128637075424
136,0.6869045257568359,0.31583707332611083,0.182111918926239,0.359512859582901,0.11303471475839615,0.023368944227695466,0.5544289946556091,0.2746450185775757,0.1545748621225357,0.23988597393035888,0.1019805297255516,0.007578634656965733,0.504020000435412
137,0.6858672261238098,0.3158307135105133,0.17968396842479706,0.3621825397014618,0.11182063519954681,0.022261215001344682,0.5782873034477234,0.2750184237957001,0.16935265064239502,0.25389875173568727,0.11189897060394287,0.009167487174272538,0.5443178601562977
138,0.696900463104248,0.313428670167923,0.18651727735996246,0.3736924409866333,0.11631623655557632,0.02280125916004181,0.5913506627082825,0.3010605931282043,0.15612685084342956,0.2607697665691376,0.09994724094867706,0.008706032112240792,0.5255498904734849
139,0.6823590397834778,0.314209920167923,0.1797821432352066,0.3544309437274933,0.1132189691066742,0.021772023290395737,0.6096124887466431,0.29016445875167846,0.15901447236537933,0.30579184293746947,0.10463770031929016,0.009509758837521077,0.57895377445966
140,0.681023359298706,0.3228195488452911,0.17744626998901367,0.3396835923194885,0.1110089436173439,0.021781252324581148,0.6166022658348084,0.30434039831161497,0.15974239110946656,0.2927552580833435,0.10319239646196365,0.00968856904655695,0.5653786147013307
141,0.6611274719238281,0.3085034489631653,0.18125517070293426,0.32032753229141236,0.112650665640831,0.022738761827349664,0.5584114074707032,0.28545165061950684,0.1520583748817444,0.22733852863311768,0.09962911456823349,0.008658347092568875,0.48768436517566444
142,0.6435421586036683,0.3083838760852814,0.16943139731884002,0.3106432676315308,0.10470912158489228,0.02139914482831955,0.5543537974357605,0.27986679077148435,0.15824274718761444,0.21230224370956421,0.10462515205144882,0.010763604007661343,0.4859337469562888
143,0.6735254526138306,0.31429761052131655,0.18199543952941893,0.33266180753707886,0.11198888719081879,0.022635269165039062,0.6279365062713623,0.29176008701324463,0.17257411181926727,0.3106903791427612,0.11290988475084304,0.008894383162260055,0.6050687588751317
144,0.6681252479553222,0.3217977941036224,0.17392256557941438,0.3204855263233185,0.10865744799375535,0.021164442598819732,0.6332224011421204,0.30528531074523924,0.16160576939582824,0.3186988949775696,0.10388392210006714,0.009322404488921165,0.5935109909623861
145,0.6990525245666503,0.3194775998592377,0.1818720817565918,0.3673197329044342,0.11381327360868454,0.02310451604425907,0.5694414734840393,0.2867619514465332,0.1524872213602066,0.23917990326881408,0.10168987065553665,0.00874719200655818,0.5021041872911155
146,0.6431561946868897,0.31091288924217225,0.1743433356285095,0.2855563580989838,0.11073069870471955,0.02157016284763813,0.530872893333435,0.2791930675506592,0.1424960970878601,0.19752867221832277,0.09547146260738373,0.00776141881942749,0.44325765073299406
147,0.6593190550804138,0.3084380805492401,0.17774711549282074,0.31738021969795227,0.11221997141838073,0.02092691883444786,0.6040011763572692,0.29865285754203796,0.15613940954208375,0.2808047294616699,0.1021541640162468,0.00772933978587389,0.5468276428058743
148,0.6557303905487061,0.3120329201221466,0.18096328973770143,0.2948088854551315,0.11458593755960464,0.021072353422641753,0.5920015335083008,0.2994703769683838,0.15726682543754578,0.2505215466022491,0.10389056354761124,0.007415861636400223,0.5190947972238064
149,0.6515314698219299,0.29910464882850646,0.17562764883041382,0.32334486246109007,0.11066511422395706,0.02095421701669693,0.5946115970611572,0.28430196046829226,0.15073699355125428,0.2964478492736816,0.10012586563825607,0.008300436288118362,0.5556111447513103
150,0.6251797080039978,0.3075303614139557,0.17468735575675964,0.2489538609981537,0.11270004659891128,0.021378005668520928,0.5276633024215698,0.2758963257074356,0.15098223686218262,0.17380752861499787,0.10299746841192245,0.007496326416730881,0.43528356030583387
151,0.6667981624603272,0.3059591591358185,0.17966468334198,0.32860573530197146,0.11416719257831573,0.020779312029480933,0.6166534900665284,0.285514897108078,0.1711261212825775,0.29332971274852754,0.11340352147817612,0.009243069961667062,0.5871024254709482
152,0.6293145298957825,0.3036473512649536,0.16580455899238586,0.2841903746128082,0.10566964894533157,0.02128087729215622,0.5352590620517731,0.2736144572496414,0.15174706876277924,0.19293503165245057,0.10158982127904892,0.008461969252675772,0.45473389094695454
153,0.6462082028388977,0.30634602904319763,0.16909213364124298,0.3084032595157623,0.10634374767541885,0.020912960171699524,0.589431881904602,0.27855064272880553,0.16361250579357148,0.26644963026046753,0.10831218510866165,0.009660720266401768,0.5480350414291024
154,0.6625729322433471,0.31442391872406006,0.17054819762706758,0.31915839910507204,0.10795771181583405,0.021358656138181685,0.575300657749176,0.28407647609710696,0.15590749979019164,0.2452295184135437,0.10300187766551971,0.007975926622748375,0.5121148224920035
155,0.6494850993156434,0.31076695322990416,0.1754928261041641,0.2886739194393158,0.11183736473321915,0.02077195271849632,0.5697305917739868,0.25963538885116577,0.151782089471817,0.29097559452056887,0.09981035888195038,0.008545027300715446,0.5511130701750517
156,0.6611260414123535,0.3016973376274109,0.1776102989912033,0.32491750717163087,0.11247493922710419,0.021752821654081343,0.6056772947311402,0.2857011675834656,0.15225207209587097,0.31080074310302735,0.09985679984092713,0.0076295282691717144,0.5705391433089971
157,0.6586968660354614,0.30541796088218687,0.16846293807029725,0.3324425876140594,0.1062746837735176,0.020944660902023314,0.579791784286499,0.2836333453655243,0.15846478343009948,0.24570492208003997,0.10482122749090195,0.008981858473271131,0.5179727914743125
158,0.6300752282142639,0.3053883254528046,0.16938580572605133,0.270423823595047,0.10885961800813675,0.01958283632993698,0.5742666125297546,0.27358086705207824,0.16178929805755615,0.24621942043304443,0.10810033828020096,0.007955603115260602,0.5240646598860621
159,0.6489728212356567,0.31509618163108827,0.17065863013267518,0.2853886544704437,0.10951344966888428,0.01976008079946041,0.5862242579460144,0.30336238741874694,0.14558433294296264,0.24618885517120362,0.09660836905241013,0.007556101214140654,0.495937658380717
160,0.6535670280456543,0.310899543762207,0.17025808095932007,0.30674414336681366,0.1073725163936615,0.019742393493652345,0.5790374040603637,0.273036789894104,0.16235038936138152,0.25662322640419005,0.10770084261894226,0.007211426179856062,0.5338858845643699
161,0.6686678886413574,0.3082606852054596,0.17455222308635712,0.3332830905914307,0.10994124114513397,0.019381618499755858,0.5550173759460449,0.2779898285865784,0.16068183183670043,0.2024633467197418,0.10590656101703644,0.0074498078785836695,0.47650154745206236
162,0.652482783794403,0.3017972230911255,0.17166487872600555,0.316227450966835,0.10923218131065368,0.019736281409859658,0.5319525599479675,0.26508241295814516,0.1459055006504059,0.21207743585109712,0.09654364734888077,0.007422954589128494,0.4619495384395123
163,0.6266007542610168,0.30503682494163514,0.16871547996997832,0.26169406473636625,0.10866407901048661,0.01900182366371155,0.5627916693687439,0.2898536741733551,0.1462082952260971,0.22091245651245117,0.09647517055273055,0.009180991165339946,0.4727769134566188
164,0.6479871034622192,0.30276588797569276,0.16579416990280152,0.313593316078186,0.10574007928371429,0.02101263552904129,0.5635185837745667,0.2668678879737854,0.15314835906028748,0.2520533919334412,0.10295096188783645,0.006974583398550749,0.5151272962801159
165,0.6621904373168945,0.30815314054489135,0.17125938534736634,0.31985134482383726,0.10913609713315964,0.02047293297946453,0.5565119504928588,0.2657118797302246,0.15702284574508668,0.23029558062553407,0.10561538636684417,0.007521435897797346,0.5004552486352623
166,0.6439839124679565,0.3056784212589264,0.17349506318569183,0.28428213596343993,0.11066599786281586,0.019282835721969604,0.5996806979179382,0.27407848834991455,0.16117570400238038,0.29256563186645507,0.10627027601003647,0.008801697008311748,0.5688133088871837
167,0.6521069169044494,0.303192138671875,0.17228933572769164,0.3071316838264465,0.10956497043371201,0.019790272414684295,0.5848840832710266,0.28546819686889646,0.16251178383827208,0.24059256315231323,0.1061742588877678,0.007281044032424688,0.5165596499107777
168,0.6316232919692993,0.3000061333179474,0.17211843729019166,0.2708128660917282,0.10928307622671127,0.0209113210439682,0.6068074584007264,0.2924667954444885,0.15615485310554506,0.28100621700286865,0.10275073647499085,0.007859647646546364,0.5477714542299509
169,0.6655768632888794,0.3072039246559143,0.17489157617092133,0.3193653464317322,0.11038532257080078,0.02059037946164608,0.6102944374084472,0.27822624444961547,0.16422975659370423,0.29917659759521487,0.10807602256536483,0.0071668620221316814,0.5786492387764156
170,0.6262471556663514,0.29494830369949343,0.17179639935493468,0.2689288705587387,0.11011498123407364,0.019579973816871644,0.5766021013259888,0.30149022340774534,0.1476481795310974,0.21662303805351257,0.09897758215665817,0.0072461596690118315,0.47049495941028
171,0.626015591621399,0.2922165751457214,0.1681516498327255,0.28239040076732635,0.10773420631885529,0.018549663573503496,0.5884705781936646,0.28398034572601316,0.16697080731391906,0.23361629247665405,0.11127720922231674,0.007178391143679619,0.5190427001565694
172,0.6477268218994141,0.3023785948753357,0.16648249924182892,0.30812594294548035,0.10625116676092147,0.019209447130560876,0.6148240447044373,0.2897068202495575,0.15830483436584472,0.2936712086200714,0.10499372333288193,0.007452637329697609,0.5644224036484956
173,0.6513156533241272,0.2999487340450287,0.1719943940639496,0.30726551413536074,0.11034630239009857,0.018571829423308372,0.5952997446060181,0.28404965400695803,0.15712994933128357,0.2679795265197754,0.10386892706155777,0.007761000469326973,0.5367394033819437
174,0.6462978482246399,0.30956095457077026,0.1660209834575653,0.29025290012359617,0.10572466254234314,0.01952376551926136,0.5912740111351014,0.27460824251174926,0.14504043459892274,0.30651991367340087,0.09555950611829758,0.006791080813854933,0.5539109352044761
175,0.6402657866477967,0.288817036151886,0.16654505729675292,0.31760815978050233,0.10602671802043914,0.0196492537856102,0.5877158164978027,0.30265299677848817,0.15635038018226624,0.2119877278804779,0.10596424192190171,0.006716330349445343,0.4810186803340912
176,0.5982053399085998,0.27850263714790346,0.163202702999115,0.26189815402030947,0.10476691126823426,0.017396462336182594,0.5917195916175843,0.2837620317935944,0.15858425498008727,0.2528160333633423,0.10706622451543808,0.0067232510074973105,0.525189763866365
177,0.6332964420318603,0.29155321717262267,0.17246930301189423,0.2822979688644409,0.11046000570058823,0.019737967103719712,0.6389801621437072,0.2763745665550232,0.1642763286828995,0.3535160541534424,0.10809434950351715,0.007229900918900967,0.63311663325876
178,0.630596148967743,0.2985642790794373,0.16980560421943663,0.26928462982177737,0.10892932415008545,0.01842390261590481,0.5563838481903076,0.2707491159439087,0.1515740394592285,0.22425023317337037,0.1013757422566414,0.00669061541557312,0.4838906303048134
179,0.6372792840003967,0.2968097925186157,0.17079271674156188,0.28359047174453733,0.10978496968746185,0.017799345403909685,0.5951360166072845,0.26090837717056276,0.16448156535625458,0.28984134197235106,0.10974936932325363,0.008503015898168088,0.5725752925500274
180,0.623948848247528,0.3034694015979767,0.16948821544647216,0.24366178512573242,0.10983872413635254,0.017914506047964095,0.6187570452690124,0.27139973640441895,0.16713086366653443,0.31247425079345703,0.11021822690963745,0.0081329932436347,0.5979563346132636
181,0.657712972164154,0.2969699501991272,0.17229627072811127,0.3196650505065918,0.11008878499269485,0.018368053063750268,0.5673100113868713,0.27056452035903933,0.15291079580783845,0.2395758271217346,0.10295470058917999,0.006872473563998937,0.5023137970827519
182,0.6304141283035278,0.2911543667316437,0.16864037215709687,0.28204281330108644,0.10838688910007477,0.01874299794435501,0.5863537669181824,0.26638216972351075,0.15900613665580748,0.2694609522819519,0.10614200085401534,0.009644777327775956,0.5442538671195506
183,0.6297634601593017,0.29341672658920287,0.1659083515405655,0.2800956040620804,0.10652935802936554,0.019809307530522346,0.6089559435844422,0.2692987620830536,0.16232004761695862,0.3052799224853516,0.10670452862977982,0.008644688781350851,0.5829491875134408
184,0.6253121972084046,0.2883308470249176,0.16685882210731506,0.27998586297035216,0.10756058245897293,0.01810397170484066,0.5691489338874817,0.2531366229057312,0.16559962332248687,0.24769636988639832,0.11052986532449723,0.007797748409211635,0.5316236069425941
185,0.6131230354309082,0.29521291255950927,0.16132835149765015,0.25135726630687716,0.10485030859708785,0.018238288164138795,0.5348675847053528,0.2570332169532776,0.150955730676651,0.2008417248725891,0.10240042805671692,0.0074230006895959376,0.461620884295553
186,0.6321864247322082,0.292619127035141,0.16360945701599122,0.2904376447200775,0.10526085495948792,0.018584603816270827,0.5809538841247559,0.2793506681919098,0.1518595337867737,0.24909343421459199,0.10205588191747665,0.006265605799853802,0.5092744557186961
187,0.6256333351135254,0.2841857075691223,0.16533156335353852,0.2890607237815857,0.10671886056661606,0.018436983972787858,0.5647603273391724,0.27145847082138064,0.1556236684322357,0.21854375600814818,0.10687269419431686,0.006290333345532417,0.48733045198023317
188,0.6353482484817505,0.30194151401519775,0.16267572343349457,0.27841331362724303,0.10548652112483978,0.01750856526196003,0.5212852418422699,0.2662386357784271,0.13860822319984437,0.17830580323934556,0.09539705365896226,0.007644008751958609,0.4199550888501108
189,0.6174088954925537,0.2967474937438965,0.16526501178741454,0.24668843150138856,0.10745355486869812,0.016822694055736064,0.5177382111549378,0.26108131408691404,0.13857264518737794,0.18556864261627198,0.09348994940519333,0.007010035589337349,0.4246412727981806
190,0.6451899170875549,0.3105845808982849,0.16519770324230193,0.2724750995635986,0.10673072785139084,0.01881164200603962,0.5443318486213684,0.25890048742294314,0.14799237251281738,0.22064425945281982,0.1000770941376686,0.0067653035745024685,0.4754790296778083
191,0.6252345442771912,0.29429399967193604,0.16559118926525115,0.2648229956626892,0.10730067044496536,0.017369431629776954,0.5554394364356995,0.26207993030548093,0.15111978948116303,0.23252074122428895,0.10015112608671188,0.006840450316667556,0.4906321071088315
192,0.618304181098938,0.2941995322704315,0.16521666049957276,0.25073446035385133,0.10754495412111283,0.0169835202395916,0.5928611040115357,0.25603456497192384,0.16330348551273347,0.2866154372692108,0.10950652211904525,0.008038055337965488,0.567463500238955
193,0.6370509266853333,0.28878838419914243,0.16612737774848937,0.2958406627178192,0.10699682980775833,0.01884133517742157,0.6096676349639892,0.2791045784950256,0.1555555820465088,0.29256983399391173,0.1039794847369194,0.0074900869280099865,0.55959498770535
194,0.6327627420425415,0.2975454866886139,0.16867699325084687,0.2634925335645676,0.10881069004535675,0.01835993826389313,0.6227820515632629,0.2688462734222412,0.16475591361522673,0.3211582750082016,0.10821753591299058,0.007475018128752708,0.6016067426651717
195,0.604095208644867,0.29518830180168154,0.1609387367963791,0.22828822135925292,0.10386517196893692,0.017771417647600173,0.5762635231018066,0.2755260944366455,0.1573627322912216,0.22521966695785522,0.10652339309453965,0.006985513679683209,0.4960913060232997
196,0.6268505215644836,0.2895999014377594,0.16374144554138184,0.27734758257865905,0.10630006045103073,0.017204918339848517,0.5611499071121215,0.277259087562561,0.1518194317817688,0.20374395549297333,0.10222172737121582,0.007722293864935637,0.46550740851089356
197,0.6489052772521973,0.2947894275188446,0.16770003139972686,0.3027897447347641,0.10740140080451965,0.018181854486465455,0.5538466811180115,0.24911993145942687,0.15691230297088624,0.23339696526527404,0.10497247874736786,0.008252161368727685,0.5035339083522559
198,0.6288034200668335,0.2962785303592682,0.16572499871253968,0.26335635781288147,0.10618398189544678,0.018041207268834115,0.5771060228347779,0.25545536279678344,0.160874542593956,0.2611392915248871,0.10587801039218903,0.007957259938120843,0.5358491044491529
199,0.649416196346283,0.29761247634887694,0.17282332479953766,0.2849512755870819,0.11037983447313308,0.01852664351463318,0.5902476072311401,0.26702324151992796,0.1572453796863556,0.27122609615325927,0.10402518510818481,0.0076522259041666985,0.5401488868519664
200,0.6176884055137635,0.3018783271312714,0.15994046330451966,0.23927871882915497,0.10367921590805054,0.01788753904402256,0.5328938126564026,0.24613167643547057,0.16118926405906678,0.18259180039167405,0.10995381176471711,0.007025477942079306,0.46076035415753724
201,0.6004790186882019,0.2787200152873993,0.1648381918668747,0.23911432027816773,0.1074588805437088,0.017605525627732276,0.5478137016296387,0.2644809722900391,0.14668076634407043,0.21010658144950867,0.10018698871135712,0.0067886683158576485,0.4637630048207939
202,0.5997034192085267,0.28228291869163513,0.1660143941640854,0.2275071620941162,0.10878497958183289,0.01696389578282833,0.5675367712974548,0.27076733112335205,0.14750581681728364,0.23712581396102905,0.09960181266069412,0.006931131891906262,0.49116457533091307
203,0.634520435333252,0.2926971137523651,0.1651708096265793,0.281545615196228,0.1061434805393219,0.017602350935339926,0.5891250729560852,0.24896998703479767,0.17321437895298003,0.2654471337795258,0.11602287590503693,0.006859260331839323,0.5615436489693821
204,0.6176044702529907,0.2857607126235962,0.1669078767299652,0.2555031836032867,0.10818092823028565,0.01779612638056278,0.5965029954910278,0.28397819995880125,0.15100449323654175,0.25896782875061036,0.10202520936727524,0.00787632018327713,0.5198738515377045
205,0.6238528370857239,0.28754687309265137,0.16222724616527556,0.2765409052371979,0.10484956204891205,0.0172461848706007,0.570558774471283,0.26542794704437256,0.15072836279869078,0.24977802634239196,0.10069564133882522,0.005974232405424118,0.5071762628853321
206,0.6213754177093506,0.2869805097579956,0.16552654802799224,0.26606398820877075,0.10661220699548721,0.01712493449449539,0.5308207988739013,0.26157593727111816,0.14488847255706788,0.18940881490707398,0.09767781794071198,0.006312072649598122,0.43828717805445194
207,0.6228818535804749,0.29016588926315307,0.1666552871465683,0.2591735780239105,0.10768880248069763,0.017303895950317384,0.5372132539749146,0.2868618369102478,0.14136805534362792,0.15881009101867677,0.09632032960653306,0.005631428770720958,0.4021299047395587
208,0.6057936072349548,0.2887202620506287,0.1645703375339508,0.2323785036802292,0.10682618170976639,0.016818193905055522,0.5793767929077148,0.2640569806098938,0.15148884057998657,0.26586039960384367,0.1023148700594902,0.0061862065456807615,0.5258503167890013
209,0.6360104203224182,0.2908314406871796,0.16736255586147308,0.2814164042472839,0.10846232324838638,0.01761023737490177,0.6178592562675476,0.2858660936355591,0.15922204554080963,0.2823492705821991,0.10644614398479461,0.006801954936236143,0.5548194150440394
210,0.6325710773468017,0.2970266222953796,0.16593563556671143,0.2648405432701111,0.10742905586957932,0.018181867338716982,0.5671868443489074,0.2887018442153931,0.1451837122440338,0.20565738677978515,0.09858220219612121,0.006403185427188873,0.4558264866471291
211,0.6144188046455383,0.29824158549308777,0.1614925503730774,0.23740456104278565,0.10434616655111313,0.017689261212944986,0.547724723815918,0.26061007380485535,0.15845929682254792,0.18998275995254515,0.10873262733221054,0.0059442462399601935,0.46311893034726387
212,0.6096129059791565,0.29101794958114624,0.16382207572460175,0.23563483059406282,0.10718201994895935,0.016692090034484863,0.5427366256713867,0.2519520401954651,0.14348448812961578,0.23321049213409423,0.09796036928892135,0.006395339593291282,0.48105068914592264
213,0.6027710318565369,0.2862271904945374,0.16288630664348602,0.23140125572681428,0.10747846662998199,0.017030855268239976,0.5933531284332275,0.28031507730484007,0.154762202501297,0.2548816204071045,0.10367445498704911,0.006488099694252014,0.5198063775897026
214,0.6340554594993592,0.2973234236240387,0.1651346355676651,0.27056612968444826,0.10715743899345398,0.016748881712555886,0.5933976531028747,0.2685125768184662,0.1690261483192444,0.2445724666118622,0.11352600306272506,0.006513918377459049,0.5336385363712908
215,0.6188164472579956,0.275075352191925,0.16957951784133912,0.27392244040966035,0.10940800905227661,0.017974435165524483,0.5648846745491027,0.2521919012069702,0.1568656325340271,0.24729713201522827,0.1064111590385437,0.006000332813709974,0.516574256401509
216,0.6176749706268311,0.29257187247276306,0.16259165704250336,0.25172156989574435,0.10606817603111267,0.016969044134020804,0.5178054928779602,0.25570281147956847,0.15205030739307404,0.154143226146698,0.10445340722799301,0.006503606028854847,0.41715054679661995
217,0.6160517930984497,0.28328554034233094,0.1598660707473755,0.2755156964063644,0.10315937250852585,0.01702287159860134,0.546543300151825,0.26924874186515807,0.146627014875412,0.1994534134864807,0.09977690428495407,0.006396412290632725,0.45225374493747944
218,0.6088055610656739,0.29239588379859927,0.1608785331249237,0.2396728813648224,0.10471411049365997,0.016314079239964484,0.5800496697425842,0.28145437836647036,0.15174020528793336,0.23301872611045837,0.10224680155515671,0.0056700268760323524,0.4926757598295808
219,0.5923765659332275,0.2814526200294495,0.1605781763792038,0.2279487282037735,0.10510234534740448,0.016511640325188637,0.5402157545089722,0.2622467875480652,0.14798834621906282,0.19617842137813568,0.10196757763624191,0.005597175192087888,0.45173152042552833
220,0.5942134499549866,0.2844155430793762,0.163921582698822,0.21588538587093353,0.10831728279590606,0.01653875466436148,0.5346130728721619,0.2723177433013916,0.14240898787975312,0.1765333503484726,0.09858584105968475,0.006054696440696716,0.4235828757286072
221,0.605019462108612,0.27911400198936465,0.16172716319561004,0.25459326803684235,0.10556046068668365,0.017406802624464035,0.5231479346752167,0.25740925073623655,0.14266281127929686,0.18454896211624144,0.09821391701698304,0.005598381068557501,0.4310240714810788
222,0.6025553703308105,0.2845220327377319,0.15771427154541015,0.24847078025341035,0.10360882878303528,0.016188534907996655,0.5557285070419311,0.27457364797592165,0.14816129207611084,0.20087562650442123,0.10113802999258041,0.007854790613055228,0.45802973918616774
223,0.58253972530365,0.28906006217002866,0.1565669447183609,0.20212486684322356,0.10307659655809402,0.015795975923538208,0.5383117616176605,0.26261548697948456,0.14434494227170944,0.20119966864585875,0.09839510768651963,0.006469783093780279,0.45040950169786803
224,0.5805742859840393,0.2825903117656708,0.16182657480239868,0.19828691184520722,0.10692945420742035,0.015711095929145814,0.5818084597587585,0.2776373028755188,0.15120758712291718,0.2442561388015747,0.10230094939470291,0.005911895912140608,0.5036765712313354
225,0.6083545565605164,0.29278947710990905,0.15807406604290009,0.24080956280231475,0.10357739627361298,0.01792268715798855,0.5030659437179565,0.2711568593978882,0.1385024070739746,0.12321457862854004,0.09668179601430893,0.006241130363196135,0.3646399120800197
226,0.5807297825813293,0.2696167230606079,0.15910589694976807,0.2316045343875885,0.10462448000907898,0.01590483095496893,0.5099137544631958,0.26347532868385315,0.13779594302177428,0.15833140313625335,0.09429089576005936,0.005834113899618387,0.39625235581770535
227,0.61990407705307,0.28802502155303955,0.1647352397441864,0.2616054564714432,0.10746334046125412,0.0160648038610816,0.5326281070709229,0.25690966844558716,0.15118200480937957,0.18624221682548522,0.10272913128137588,0.006110209412872792,0.44626356232911346
228,0.5954670429229736,0.28979029655456545,0.1567815959453583,0.225625678896904,0.10212253928184509,0.017643677070736885,0.5959914088249206,0.2504873931407928,0.16284369826316833,0.30541021227836607,0.10678638815879822,0.006558108702301979,0.5815984074026347
229,0.6127683162689209,0.28188720941543577,0.1650105744600296,0.26117057502269747,0.10618886053562164,0.01657383255660534,0.5554815411567688,0.25785417556762696,0.15915955007076263,0.2146889567375183,0.10651136487722397,0.005988219659775496,0.4863480913452804
230,0.5957753181457519,0.29292337894439696,0.1606747418642044,0.211099374294281,0.10534513294696808,0.01659961901605129,0.5624179482460022,0.2639016151428223,0.1555314064025879,0.22152839303016664,0.10550455898046493,0.006402700208127499,0.48896705862134693
231,0.5946215987205505,0.2796879768371582,0.15276606380939484,0.2561795085668564,0.09908172637224197,0.016255894675850868,0.5287488460540771,0.25975982546806337,0.1540795862674713,0.16462884545326234,0.10559320151805877,0.005773720424622297,0.43007535366341476
232,0.5777855157852173,0.2754248738288879,0.1612305998802185,0.20981787145137787,0.10559691786766053,0.016056381911039353,0.49068018794059753,0.24670045971870422,0.14213772714138032,0.13979934751987458,0.09878411591053009,0.006038709543645382,0.3867599001154304
233,0.5926224708557128,0.2822701096534729,0.15405496954917908,0.24472593069076537,0.10080460906028747,0.01451043076813221,0.5870707273483277,0.293403697013855,0.14910746216773987,0.22568065524101258,0.10130468159914016,0.007097575347870588,0.4831903743557632
234,0.5960456371307373,0.30055323243141174,0.15465541183948517,0.21329843401908874,0.10110858231782913,0.014867006987333297,0.5124976992607116,0.26191461086273193,0.13849863409996033,0.1649614840745926,0.0948469802737236,0.005722909700125456,0.40403000814840195
235,0.5840453147888184,0.2867113709449768,0.15367544293403626,0.21714067757129668,0.10052764564752578,0.016283202171325683,0.5602989792823792,0.2789018630981445,0.13827610164880752,0.2280035436153412,0.09422293156385422,0.005763430520892144,0.466266007348895
236,0.6011235356330872,0.279949951171875,0.16033449470996858,0.25008698403835294,0.10506835877895356,0.015563557855784893,0.5318358421325684,0.2646535515785217,0.14680216908454896,0.17712408304214478,0.10060148686170578,0.006596722640097141,0.43112446162849666
237,0.5960933208465576,0.27443161606788635,0.16201003193855285,0.244267013669014,0.10641745775938034,0.017293917015194893,0.5101008832454681,0.2605607271194458,0.14059010446071624,0.15690582394599914,0.09670037925243377,0.005845482554286718,0.4000417902134359
238,0.5929829359054566,0.28304330706596376,0.16321728825569154,0.21975987851619722,0.10704563111066819,0.016293437965214253,0.562813401222229,0.2730081796646118,0.1462198555469513,0.22727132439613343,0.09911764264106751,0.005631437432020903,0.47824026001617315
239,0.5861597299575806,0.28372329473495483,0.157743239402771,0.2215217113494873,0.10198551565408706,0.015454943478107452,0.5379207015037537,0.25786724090576174,0.148801052570343,0.20502951741218567,0.09881207644939423,0.0061801236122846605,0.4588227700442076
240,0.6009095072746277,0.2971383571624756,0.16433655917644502,0.20707035362720488,0.10641462951898575,0.01664723493158817,0.5988815426826477,0.259451562166214,0.16018734574317933,0.29509611129760743,0.10737553834915162,0.0063039446249604225,0.5689629400148988
241,0.6070670008659362,0.2849714636802673,0.1683460384607315,0.23631907999515533,0.10857050865888596,0.01598922684788704,0.517667806148529,0.24668349623680114,0.1448068290948868,0.19167749285697938,0.09865119606256485,0.005844264756888151,0.44097978277131916
242,0.6093387961387634,0.2803474187850952,0.1617295652627945,0.2630891382694244,0.10524944961071014,0.01618936751037836,0.5593104720115661,0.2883949398994446,0.1433201938867569,0.19751645177602767,0.09643399268388748,0.005804563313722611,0.44307520166039466
243,0.5823994159698487,0.27834402918815615,0.15648874640464783,0.22562875747680664,0.10224642306566238,0.01535745058208704,0.5409292936325073,0.24845216572284698,0.14599424004554748,0.23360738158226013,0.09888803958892822,0.005411792546510696,0.48390145376324656
244,0.5751748561859131,0.26750326752662656,0.15636112093925475,0.23220582604408263,0.10253362953662873,0.015506424754858018,0.5731107413768768,0.25762373208999634,0.14360518753528595,0.2911242663860321,0.09476443082094192,0.00479694725945592,0.5342908320017159
245,0.5919024467468261,0.283439040184021,0.15545785129070283,0.23693399131298065,0.10156385898590088,0.015290919877588748,0.5515479922294617,0.24870717525482178,0.15619012117385864,0.2335853397846222,0.10352970212697983,0.006319167464971543,0.49962433055043215
246,0.5833351373672485,0.27188657522201537,0.1600821703672409,0.23175551891326904,0.10487299710512162,0.01522390116006136,0.5412628889083863,0.25150784850120544,0.15503175258636476,0.20386149734258652,0.10634426325559616,0.005663037858903408,0.47090055104345085
247,0.5647379040718079,0.27724198400974276,0.1507491409778595,0.20416138768196107,0.0991550162434578,0.015550925768911839,0.4951148748397827,0.24640649557113647,0.14158048629760742,0.15115469694137573,0.09806394577026367,0.006109781563282013,0.39690891057252886
248,0.5765966176986694,0.2804308652877808,0.15917078256607056,0.20229727029800415,0.10421507358551026,0.016023819334805012,0.53725106716156,0.2783114016056061,0.14382014274597169,0.17196013331413268,0.09717053920030594,0.005541421659290791,0.4184922369197011
249,0.5808811545372009,0.28099651336669923,0.15875184834003447,0.20978715419769287,0.10471392720937729,0.015573203377425671,0.5566087484359741,0.2579911381006241,0.14405209422111512,0.25049780011177064,0.09706939309835434,0.006104691885411739,0.49772397931665185
250,0.5815173387527466,0.2721330463886261,0.1566363751888275,0.23593282401561738,0.10241385847330094,0.015265483781695366,0.5437199413776398,0.2658638834953308,0.14318524599075316,0.21030004918575287,0.09727269858121872,0.005486709903925658,0.45624470366165043
251,0.580285108089447,0.2789251685142517,0.15411464273929595,0.225808048248291,0.10100479125976562,0.014848311431705952,0.5611803889274597,0.2538576483726501,0.15969792604446412,0.23016614615917205,0.10813884437084198,0.006074044853448868,0.504076961427927
252,0.5701058387756348,0.2700886905193329,0.1578248620033264,0.21152130663394927,0.10433162152767181,0.015732071176171303,0.5500335812568664,0.26113762259483336,0.15042110085487365,0.2149229645729065,0.1020813912153244,0.005917841009795666,0.4733432976529002
253,0.5953685522079468,0.28592597246170043,0.15343910455703735,0.24204736053943635,0.10055402219295502,0.01592188999056816,0.5086721420288086,0.25671238303184507,0.13338351398706436,0.18136892318725586,0.09108512848615646,0.004997699148952961,0.41083526480942967
254,0.581741726398468,0.2774172484874725,0.16197843253612518,0.20990553498268127,0.10769063383340835,0.015274086967110634,0.5463310480117798,0.2753986716270447,0.14396939873695375,0.19343674778938294,0.09805458337068558,0.005963862221688032,0.4414245921187103
255,0.5827429175376893,0.28509588837623595,0.15586754381656648,0.21426714956760406,0.10198186933994294,0.015139738470315934,0.544670295715332,0.2613160848617554,0.1549179196357727,0.18840762972831726,0.1081292301416397,0.005088892672210932,0.4565436721779406
256,0.581780982017517,0.2820331990718842,0.1534159928560257,0.22379479706287383,0.10083157569169998,0.014729725010693074,0.5450170516967774,0.27178428173065183,0.14227281808853148,0.19951143264770507,0.09794362485408784,0.0062814663164317604,0.4460093419067561
257,0.5683766603469849,0.27826247811317445,0.15412996411323548,0.2015126645565033,0.10128769129514695,0.015721680223941804,0.5454414129257202,0.2625847697257996,0.15548544824123384,0.1885358691215515,0.10683627128601074,0.005728165525943041,0.4565857541747391
258,0.586619234085083,0.29122992753982546,0.15218447744846345,0.21609436571598054,0.10127206891775131,0.014254012331366538,0.5085704088211059,0.2619202256202698,0.13028486371040343,0.17457593679428102,0.09027978032827377,0.005628566350787878,0.4007691471837461
259,0.5679429411888123,0.2706770718097687,0.15196700990200043,0.22193531095981597,0.10012022107839584,0.014563538320362567,0.5188549399375916,0.2544844627380371,0.14324232935905457,0.18084394931793213,0.09824132174253464,0.005837111547589302,0.42816471196711064
260,0.5860016226768494,0.2809726059436798,0.1575632393360138,0.2226661741733551,0.10415811240673065,0.015366027876734734,0.5380454778671264,0.23909189999103547,0.14536486864089965,0.24597429633140563,0.09910783618688583,0.005965943913906813,0.4964129450730979
261,0.5740938425064087,0.27527397871017456,0.15813242197036742,0.21098812520503998,0.10388242453336716,0.014824503101408482,0.5091523408889771,0.27248111367225647,0.13823264688253403,0.136352077126503,0.09588188827037811,0.004995648004114628,0.37546226028352975
262,0.5854085922241211,0.274284166097641,0.16227287650108338,0.22580192387104034,0.10665647089481353,0.014900771528482437,0.5057350993156433,0.25033477544784544,0.1437976837158203,0.16131933331489562,0.09916791468858718,0.005248469300568104,0.40953340101987123
263,0.5654778242111206,0.27308992147445676,0.15585029423236846,0.2019243508577347,0.10362621992826462,0.014106252044439316,0.5193575501441956,0.266770601272583,0.13809646368026735,0.1663117527961731,0.09630626142024994,0.005823667719960212,0.40653814561665064
264,0.5809991359710693,0.26567246317863463,0.1588692307472229,0.240767964720726,0.10486427247524262,0.015205436199903489,0.5012768030166626,0.23630552887916564,0.13350436687469483,0.20545285940170288,0.09146100729703903,0.0057594913989305494,0.4361777249723673
265,0.5626086235046387,0.27265061140060426,0.15181247889995575,0.2047584503889084,0.10064737200736999,0.015750264376401903,0.5429171323776245,0.26156972348690033,0.1463680386543274,0.20817312002182006,0.10005347579717636,0.005747631937265396,0.46034226641058923
266,0.5820245146751404,0.2802404880523682,0.15863131880760192,0.2154797285795212,0.10453169047832489,0.014566866494715214,0.5258954882621765,0.25046089887619016,0.14500409960746766,0.1993076264858246,0.09910723567008972,0.005959214083850384,0.44937817584723233
267,0.5708205342292786,0.27865822315216066,0.15338117778301238,0.20710691511631013,0.1010669469833374,0.015501880459487439,0.5571161508560181,0.2796598732471466,0.1517989605665207,0.18561111092567445,0.10430824607610703,0.006347204744815827,0.44806552231311797
268,0.5760998606681824,0.2713888049125671,0.15715817213058472,0.2238697111606598,0.10334210693836213,0.015507166087627412,0.5097609996795655,0.24794889688491822,0.140285861492157,0.18182063698768616,0.09681742042303085,0.00563059588894248,0.42455451479181655
269,0.5704457283020019,0.28261666297912597,0.1534178614616394,0.19791496098041533,0.10117636173963547,0.01569472160190344,0.5407689690589905,0.2514758914709091,0.1491117149591446,0.2174247682094574,0.10212766975164414,0.005567381531000138,0.4742315344512462
270,0.5714972257614136,0.26878282725811004,0.15714572966098786,0.2188541442155838,0.10384563505649566,0.015526905842125415,0.5266266465187073,0.25589752197265625,0.1476465255022049,0.18216957449913024,0.10154229998588563,0.0061125319451093675,0.43747093193233005
271,0.5523283243179321,0.2714286923408508,0.14914870262145996,0.19460288286209107,0.0986379012465477,0.014837070554494857,0.5208492040634155,0.2506799787282944,0.14949944913387297,0.1787148356437683,0.1020233079791069,0.005769722908735275,0.43600731566548345
272,0.5657718181610107,0.28249951004981994,0.15146238207817078,0.193931545317173,0.10049311965703964,0.014403186179697514,0.5366043448448181,0.2782617211341858,0.14106062054634094,0.17227670550346375,0.09807813912630081,0.005136906262487173,0.4165523714385927
273,0.5716572761535644,0.27480257153511045,0.15238413214683533,0.21851141452789308,0.10147547423839569,0.01418779119849205,0.5061328649520874,0.24460606575012206,0.14115129113197328,0.1819997400045395,0.09671396315097809,0.004624767135828734,0.42448976142331957
274,0.5703478455543518,0.27308814525604247,0.15482770502567292,0.21430414021015168,0.10239262133836746,0.014715933240950108,0.5244742155075073,0.24411749243736267,0.1476004958152771,0.20293106734752656,0.10075316429138184,0.006196837686002254,0.45748156514018773
275,0.5636744856834411,0.2681644320487976,0.15229518711566925,0.21593896448612213,0.10101085007190705,0.014831604436039925,0.5040149331092835,0.2613513350486755,0.14112749695777893,0.140094330906868,0.09829357117414475,0.005370149295777083,0.3848855483345687
276,0.5579658627510071,0.2726512551307678,0.15153063833713531,0.19765761792659758,0.10086852163076401,0.014074222929775716,0.5065786123275757,0.2628364384174347,0.14146389961242675,0.14109714925289155,0.09832238554954528,0.005913201160728932,0.3867966355755925
277,0.569357943534851,0.2752885282039642,0.15559502243995665,0.20270161032676698,0.10333832055330276,0.016546816378831864,0.5580413341522217,0.2578920781612396,0.15419282913208007,0.2275525450706482,0.10503080040216446,0.006065342761576176,0.49284151736646886
278,0.5726999044418335,0.27377363443374636,0.1579209476709366,0.21056306660175322,0.10418156832456589,0.015003854222595692,0.5218787670135498,0.25532850027084353,0.14558873176574708,0.1793252170085907,0.1004737675189972,0.005170750617980957,0.4305584669113159
279,0.5655788064002991,0.2690611779689789,0.156672665476799,0.20821347534656526,0.10355811566114426,0.015023488365113736,0.5236745715141297,0.24641228020191192,0.15203758478164672,0.18337132334709166,0.10501995384693145,0.006482719164341688,0.4469115811400115
280,0.5592023730278015,0.2714070677757263,0.15036060512065888,0.20445288121700286,0.10043969750404358,0.014212695695459843,0.5395175576210022,0.24856940507888795,0.15079251825809478,0.21603533625602722,0.10271146893501282,0.006889622937887907,0.47642894638702277
281,0.5650332570075989,0.2657742738723755,0.153175088763237,0.22447544038295747,0.1006704181432724,0.013947567902505398,0.5314072489738464,0.2739440441131592,0.14814616441726686,0.1543176770210266,0.102372707426548,0.005512210354208946,0.4103487592190504
282,0.5509279489517211,0.28074010014533995,0.14839492738246918,0.1754376083612442,0.09823477864265442,0.014338306710124015,0.5020648658275604,0.24412193298339843,0.14128452837467192,0.17265624701976776,0.09664423316717148,0.006183289643377066,0.4167682982049882
283,0.5653040647506714,0.270021516084671,0.15424851179122925,0.21149373650550843,0.1021584466099739,0.014647104404866695,0.5237816274166107,0.25443210303783415,0.15350342988967897,0.16393993496894838,0.10605424493551255,0.00653365021571517,0.43003126000985503
284,0.5606499195098877,0.26695755422115325,0.15267789959907532,0.21415936648845674,0.10028801709413529,0.014265301451086999,0.4954697251319885,0.23834415078163146,0.1473153352737427,0.15541409850120544,0.10167319923639298,0.00583951324224472,0.4102421462535858
285,0.5636100172996521,0.2713714957237244,0.15466245412826538,0.20757115185260772,0.10135749578475953,0.013948876224458218,0.517699408531189,0.24258469939231872,0.14623716473579407,0.19543993473052979,0.10015210062265396,0.005891504697501659,0.44772070478647946
286,0.5569322943687439,0.2634314835071564,0.15507256388664245,0.20696797966957092,0.10251779407262802,0.014232471212744712,0.5234333753585816,0.26795932054519656,0.1422586113214493,0.16106599271297456,0.09999204725027085,0.00545672532171011,0.4087733766064048
287,0.5417895078659057,0.2724033296108246,0.14751431047916413,0.17385948300361634,0.0988073319196701,0.014131356775760651,0.5272306680679322,0.24509925842285157,0.15002610087394713,0.2019959270954132,0.10254354327917099,0.0051098383031785485,0.4596754095517099
288,0.5679532170295716,0.2703899383544922,0.15447257757186889,0.21720559298992156,0.10172203630208969,0.014288805425167084,0.5348909854888916,0.26507133841514585,0.14287118315696717,0.19419767260551452,0.0975292906165123,0.0053656348958611485,0.43996378127485514
289,0.5634477138519287,0.26562933921813964,0.15129733383655547,0.22385309636592865,0.09985424429178238,0.014841290004551411,0.5222132682800293,0.26833540201187134,0.1419615775346756,0.16128477454185486,0.09805147349834442,0.00600459948182106,0.40730242505669595
290,0.5615408539772033,0.2749066293239594,0.15175939202308655,0.199607452750206,0.10069833695888519,0.01464640125632286,0.5394363880157471,0.2538201928138733,0.1569033145904541,0.18821074366569518,0.10798007547855377,0.00725577250123024,0.46034990623593325
291,0.5598687529563904,0.2673313558101654,0.15540797710418702,0.20139598548412324,0.1028007835149765,0.016192328929901124,0.513812130689621,0.25005598068237306,0.14614603221416472,0.17241080850362778,0.09975636899471282,0.006744814850389957,0.42505802456289526
292,0.5545075416564942,0.2764184564352036,0.14883027374744415,0.19162443578243255,0.09860781133174897,0.013219907134771346,0.4952107727527618,0.2607064455747604,0.12935600876808168,0.15236002057790757,0.09005011469125748,0.0051373946480453014,0.376903538685292
293,0.5643448114395142,0.26888741850852965,0.15537284314632416,0.20891110897064208,0.10313180983066558,0.014548031613230705,0.4975664556026459,0.2573050320148468,0.14383223950862883,0.12848671674728393,0.10058961063623428,0.005017620231956244,0.37792618712410325
294,0.5440878868103027,0.2678863644599915,0.15009094774723053,0.18333612382411957,0.09947672188282013,0.014301788248121738,0.5263628721237182,0.2581839859485626,0.14605730175971984,0.1814356565475464,0.10058097839355469,0.005502005107700825,0.4335759418085217
295,0.5595810532569885,0.2770576536655426,0.15422792136669158,0.18662518560886382,0.10240908265113831,0.013839664496481418,0.509882140159607,0.2473577380180359,0.14738852977752687,0.16311178505420684,0.10306562036275864,0.006012330111116171,0.4195782653056085
296,0.5573733925819397,0.26601417660713195,0.1553822785615921,0.20105765461921693,0.1030423566699028,0.014424152113497258,0.48450803756713867,0.24282364845275878,0.1461142510175705,0.12553916424512862,0.10229347348213196,0.005091713368892669,0.3790386021137238
297,0.5524985313415527,0.28275134563446047,0.15070225298404694,0.1676549196243286,0.10080115497112274,0.013953500986099243,0.4840118944644928,0.25184800624847414,0.13218711614608764,0.14294866770505904,0.09147566705942153,0.004457606188952923,0.37106905709952115
298,0.5444134116172791,0.26701239943504335,0.1513794928789139,0.18231350779533387,0.10108086615800857,0.013533774949610233,0.5195767998695373,0.24607609510421752,0.1414313644170761,0.20286280214786528,0.09776323288679123,0.005129101779311895,0.44718650123104453
299,0.5841235637664794,0.2868206024169922,0.15299113392829894,0.2211345762014389,0.10115275382995606,0.012981956824660301,0.50449059009552,0.23989063501358032,0.14621793627738952,0.1765959829092026,0.09947105497121811,0.005317052826285362,0.42760202698409555
300,0.5715590119361877,0.26900705099105837,0.15408689975738527,0.2290128529071808,0.10155621618032455,0.013494102843105793,0.5007670879364013,0.251760858297348,0.13854836225509642,0.16158124208450317,0.09543571323156357,0.005008104955777526,0.40057342252694067
301,0.5703219294548034,0.27553650736808777,0.15289753973484038,0.21505541503429412,0.10121086090803147,0.013711525686085224,0.5220330119132995,0.26325550079345705,0.1403672993183136,0.17621371150016785,0.09708482176065444,0.00486026955768466,0.41852610213682057
302,0.5468822002410889,0.26991403102874756,0.1466359555721283,0.1936078429222107,0.09718540459871292,0.013801232166588306,0.5098611950874329,0.25572150349617007,0.14069904685020446,0.16400689482688904,0.09801405072212219,0.005389520060271024,0.4081095124594868
303,0.5468624830245972,0.2638653039932251,0.15070733428001404,0.19623807072639465,0.09941480159759522,0.014442410320043564,0.5089910805225373,0.2578948616981506,0.12856886386871338,0.19124891757965087,0.08788934946060181,0.004711388982832432,0.41241851989179845
304,0.5643485188484192,0.26892916560173036,0.15777367055416108,0.20323166251182556,0.10472590178251266,0.014558273740112782,0.5234699368476867,0.23953984975814818,0.14729244709014894,0.20957778096199037,0.10119572877883912,0.006141794007271528,0.46420775083824994
305,0.5497471928596497,0.2703162252902985,0.1441987484693527,0.20164460241794585,0.09643565118312836,0.014390920102596284,0.523954176902771,0.2489422917366028,0.150850248336792,0.18083961308002472,0.10499895960092545,0.0059542256407439705,0.4426430466584862
306,0.5629018902778625,0.2726313531398773,0.1525818109512329,0.2054661989212036,0.10154167413711548,0.013864071480929852,0.4831165909767151,0.23830832839012145,0.13340840637683868,0.16491463780403137,0.09220562428236008,0.0049158699810504915,0.3954445384442806
307,0.5535497188568115,0.273752236366272,0.15176813900470734,0.1879236400127411,0.10067964643239975,0.013245628960430623,0.4879318594932556,0.23807168006896973,0.14300042092800141,0.15101248919963836,0.0988951101899147,0.0056551706977188585,0.3985631910152733
308,0.5400617241859436,0.26701000332832336,0.1452874004840851,0.18734686225652694,0.0964451178908348,0.014699261076748371,0.4902570068836212,0.2645073473453522,0.13391129970550536,0.12194564193487167,0.09355368912220001,0.006096447771415115,0.35550707853399216
309,0.5551089644432068,0.27700905203819276,0.14396849572658538,0.2025877058506012,0.09519363045692444,0.013754528947174549,0.4961613416671753,0.2525487780570984,0.12818150818347931,0.17652322053909303,0.08757738769054413,0.005261140316724778,0.39754325672984125
310,0.5320037126541137,0.2723111093044281,0.14429847300052642,0.1622700423002243,0.09650331884622573,0.014150038734078408,0.5100722312927246,0.25911506414413454,0.13465322256088258,0.17448068857192994,0.09329962879419326,0.004415088798850775,0.4068486287258566
311,0.5558792471885681,0.2722565770149231,0.15320182740688323,0.1904748111963272,0.10241340696811677,0.013387051783502102,0.5127837896347046,0.23245889842510223,0.1461453914642334,0.2062370717525482,0.10066815912723541,0.004950776696205139,0.45800139904022213
312,0.5429853439331055,0.2617918372154236,0.1510266602039337,0.192733496427536,0.09976928234100342,0.013634493574500084,0.48429700136184695,0.23960121273994445,0.13866337537765502,0.14918253868818282,0.09723024517297744,0.005060817580670118,0.3901369768194854
313,0.5461337924003601,0.2608247518539429,0.15033953189849852,0.2017125517129898,0.09957711696624756,0.013865535520017147,0.5151993811130524,0.2600321710109711,0.14088294506072999,0.1664886862039566,0.09762057512998581,0.005515439063310623,0.410507645457983
314,0.5421342849731445,0.27005024552345275,0.15324028432369233,0.16605470776557923,0.10274683684110641,0.01384244728833437,0.4816439986228943,0.23513057231903076,0.1370902419090271,0.15530195236206054,0.09621106535196304,0.005866093747317791,0.3944693533703685
315,0.543090283870697,0.26423065066337587,0.1501616805791855,0.1853925406932831,0.10056616514921188,0.015023359656333923,0.5060333609580994,0.23336530327796937,0.14059786200523378,0.20082854628562927,0.0969359114766121,0.0071698984131217,0.4455322181805968
316,0.558138906955719,0.27225872278213503,0.15241835117340088,0.1947239637374878,0.10159326195716858,0.015308235958218574,0.5089431166648865,0.2446012854576111,0.15437690913677216,0.14981139004230498,0.10799597948789597,0.0060738898813724514,0.4182581685483456
317,0.5553157687187195,0.2620636999607086,0.1535712957382202,0.2084542006254196,0.10180066376924515,0.014912390895187855,0.5349901914596558,0.25292485356330874,0.14276229739189147,0.2175037145614624,0.09799371212720871,0.005626555532217026,0.46388627961277956
318,0.550407075881958,0.25618925094604494,0.15453988015651704,0.2071216344833374,0.1021612673997879,0.016036821343004704,0.47583200335502623,0.2630596458911896,0.12694904804229737,0.11371612548828125,0.08900287598371506,0.004909881297498942,0.3345779308117926
319,0.5200026869773865,0.25265083014965056,0.1468583106994629,0.17126911580562593,0.09845711886882783,0.014044343493878841,0.44784063696861265,0.22907986342906952,0.12789580523967742,0.123483107984066,0.08958440423011779,0.004981276858597994,0.3459445943124592
320,0.5406325221061706,0.26332775950431825,0.15210400223731996,0.180846107006073,0.10140418857336045,0.013465009815990924,0.47304481267929077,0.23889987766742707,0.14128369390964507,0.12342311441898346,0.09812189489603043,0.0052423344925045965,0.3680710377171636
321,0.5574800729751587,0.2712074816226959,0.15136154294013976,0.19954759776592254,0.10123121887445449,0.013695433735847473,0.531720757484436,0.2440992623567581,0.1430845081806183,0.22835577726364137,0.098062302172184,0.005484320130199194,0.4749869077466428
322,0.5496680319309235,0.26031227707862853,0.15556266009807587,0.19623068869113922,0.10349550992250442,0.014233667962253093,0.5178554654121399,0.25517852902412413,0.14303810000419617,0.17629091441631317,0.0991258054971695,0.005552311055362224,0.42400713097304105
323,0.5489463210105896,0.26579999923706055,0.15287610590457917,0.1903841495513916,0.10204830020666122,0.013525561057031154,0.5132240056991577,0.2635837972164154,0.13180115818977356,0.18031017780303954,0.09035774618387223,0.004609678220003843,0.40707876039668917
324,0.543020498752594,0.2722447097301483,0.14427530467510224,0.18485942780971526,0.09664584547281266,0.013660828396677972,0.47966734766960145,0.2550516664981842,0.13807859420776367,0.11115248054265976,0.09673057794570923,0.0046708198264241215,0.3506324725225568
325,0.5431560516357422,0.2584810614585876,0.1523773729801178,0.1936147540807724,0.1018381580710411,0.014058237709105015,0.5215352535247803,0.2668961763381958,0.13789657056331633,0.17528644502162932,0.09469275921583176,0.004792601009830833,0.4126683758106082
326,0.537782347202301,0.26284207701683043,0.15180201232433319,0.17776699960231782,0.10102598071098327,0.013042555004358292,0.47850699424743653,0.2334515392780304,0.13949226438999177,0.1493753433227539,0.09713996052742005,0.00497385673224926,0.39098142497241495
327,0.5476678848266602,0.26442845463752745,0.1524442106485367,0.19118950963020326,0.10220089405775071,0.013173819705843925,0.49862977862358093,0.24325374364852906,0.1398195967078209,0.16867567151784896,0.0973484143614769,0.0053999674506485466,0.4112436500377953
328,0.5403929352760315,0.2630819916725159,0.14635434746742249,0.19308004081249236,0.09804954528808593,0.013634598813951015,0.4753273904323578,0.24670786261558533,0.1303157016634941,0.1398169755935669,0.0907616674900055,0.003987883124500513,0.364882227871567
329,0.5388745784759521,0.27315700650215147,0.14803897440433503,0.1657008409500122,0.09903833717107773,0.014013289473950863,0.4883742094039917,0.2335474193096161,0.14108894765377045,0.16437991857528686,0.09827131628990174,0.005458604451268912,0.40919878697022793
330,0.5497668981552124,0.2731429398059845,0.1480758637189865,0.18774681091308593,0.0993535652756691,0.013370080664753915,0.5500843763351441,0.2785386323928833,0.1484348714351654,0.182436041533947,0.10248759686946869,0.00517527163028717,0.4385337814688683
331,0.5363285660743713,0.26353747248649595,0.15227781236171722,0.17094307243824006,0.10176633149385453,0.013449019007384776,0.48899076581001283,0.24695326685905455,0.1422558158636093,0.13651948273181916,0.09934843182563782,0.0047162936069071295,0.3828400240279734
332,0.540998351573944,0.27797635793685915,0.14691622257232667,0.16473831832408906,0.09806208163499833,0.013046618551015854,0.45802011489868166,0.22658588290214537,0.1324101686477661,0.13963969349861144,0.09205497354269028,0.004791872203350067,0.3688967078924179
333,0.5341904520988464,0.26432021856307986,0.1472550392150879,0.17865863740444182,0.09806381911039352,0.012642260827124118,0.5083096742630004,0.25071516036987307,0.14864462018013,0.15273138880729675,0.10315486937761306,0.005359538272023201,0.40989041663706305
334,0.5369491696357727,0.27338558435440063,0.148200124502182,0.16106936037540437,0.09927388727664947,0.013792805187404156,0.49072507619857786,0.2392878770828247,0.14635364413261415,0.14524080008268356,0.10260869860649109,0.004330410715192556,0.39853355353698133
335,0.5494324445724488,0.2734999179840088,0.1456870913505554,0.19208489060401918,0.09734324961900712,0.01386184711009264,0.48040132522583007,0.23782308995723725,0.13996532559394836,0.1425286889076233,0.0978540226817131,0.004967411048710346,0.3853154482319951
336,0.5311907887458801,0.26935275793075564,0.14078133702278137,0.17613824009895324,0.09415946304798126,0.013169663213193416,0.4992506384849548,0.2463138461112976,0.13780025541782379,0.16853360533714296,0.09594557732343674,0.005463268235325813,0.4077427063137293
337,0.5462547421455384,0.267106693983078,0.1471424698829651,0.19725658297538756,0.09786409884691238,0.012977737560868263,0.5142308473587036,0.25015051662921906,0.1455470323562622,0.17446283251047134,0.10005943924188614,0.005737057980149984,0.4258063620887697
338,0.5349552869796753,0.2654566764831543,0.14686311781406403,0.1765217661857605,0.0983925461769104,0.013448004610836506,0.49141515493392945,0.24173839390277863,0.13822970986366273,0.161526620388031,0.09616235792636871,0.005194602068513632,0.40111329024657605
339,0.5253325343132019,0.2682856619358063,0.14777007699012756,0.14852499961853027,0.09968143999576569,0.01316839810460806,0.4669007837772369,0.22287116646766664,0.13468562364578246,0.15907732248306275,0.09391583204269409,0.004617591854184866,0.3922963700257242
340,0.5442243576049804,0.26198374629020693,0.1544714093208313,0.18365133702754974,0.1034470722079277,0.013903102278709412,0.50488201379776,0.2468492269515991,0.1480747193098068,0.15499317944049834,0.1028345987200737,0.005234590917825699,0.41113708838820456
341,0.5151557564735413,0.2588085174560547,0.1465861588716507,0.15219049751758576,0.09781367182731629,0.013064605556428433,0.45692493915557864,0.24801175594329833,0.12658692598342897,0.10729746818542481,0.08877997547388077,0.004558601230382919,0.32722297087311747
342,0.5439605355262757,0.2542557954788208,0.15022580623626708,0.21147508919239044,0.09907261431217193,0.013973808102309703,0.5228438377380371,0.24477360248565674,0.13798370063304902,0.2225067675113678,0.0939742386341095,0.0055010802112519745,0.4599657869897783
343,0.5444506883621216,0.27279179692268374,0.14339739382266997,0.1894265294075012,0.09529031813144684,0.014223718270659446,0.5043413281440735,0.25231893062591554,0.148680180311203,0.14253070205450058,0.10315385013818741,0.004661628138273954,0.39902636064216496
344,0.5434548735618592,0.2612287521362305,0.15268373787403106,0.18908473253250122,0.10179255455732346,0.013641906157135963,0.4942580461502075,0.2581916719675064,0.14326367974281312,0.12014708518981934,0.10107905119657516,0.004688511043787003,0.36917832717299465
345,0.5124797940254211,0.2607681691646576,0.141706982254982,0.15379901230335236,0.09550337046384812,0.012078935280442238,0.4859570264816284,0.24881867468357086,0.13881126940250396,0.1331745684146881,0.09769334644079208,0.004931554198265076,0.37461073845624926
346,0.540982723236084,0.27716039419174193,0.14913169741630555,0.15795653015375138,0.10145116895437241,0.012610064446926117,0.500595772266388,0.23408520221710205,0.15246809720993043,0.16436221599578857,0.10470008254051208,0.004850480891764164,0.42638087663799523
347,0.525229561328888,0.26239570379257204,0.14748076498508453,0.16010138094425203,0.09962517470121383,0.01345371026545763,0.48076393008232116,0.24895708560943602,0.1363117516040802,0.13109368085861206,0.09513864666223526,0.004236400965601206,0.3667804800905287
348,0.5404973864555359,0.2666132807731628,0.1474059373140335,0.18499659597873688,0.09863119274377823,0.012930936180055141,0.4640677750110626,0.2379861056804657,0.13509958386421203,0.1212285116314888,0.09421230852603912,0.005293300561606884,0.35583370458334684
349,0.516223406791687,0.2563276529312134,0.14488037228584288,0.16026980876922609,0.09790874868631363,0.013445612974464893,0.4802619695663452,0.2421462595462799,0.1431364059448242,0.12739663422107697,0.09913918226957322,0.005300015956163406,0.3749722383916378
350,0.5220477104187011,0.26492245197296144,0.14774864315986633,0.15009768903255463,0.09905462265014649,0.013067811354994774,0.4889067769050598,0.2547017693519592,0.14555290937423707,0.11161202788352967,0.10209791958332062,0.005035150982439518,0.3642980078235269
351,0.5406540393829345,0.273918479681015,0.14880232214927674,0.16623308658599853,0.09971556067466736,0.013574688881635665,0.49473318457603455,0.2640798449516296,0.1267690598964691,0.14852818474173546,0.08820223659276963,0.006860662065446377,0.3703601432964206
352,0.5345700740814209,0.26738659739494325,0.14564307034015656,0.17487922608852385,0.0974175676703453,0.013578234426677226,0.47643527388572693,0.24638454914093016,0.13300903439521788,0.1333867311477661,0.09297949224710464,0.005533322319388389,0.364908580109477
353,0.5408086657524109,0.2683140397071838,0.15332965254783631,0.16769106984138488,0.10251900851726532,0.013521797396242619,0.4711450934410095,0.24125068187713622,0.14056155383586882,0.11454733014106751,0.09919176548719406,0.004497435688972473,0.35879808515310285
354,0.5317803382873535,0.2687978982925415,0.14920738935470582,0.15883071422576905,0.0998419314622879,0.013030613400042057,0.4775917172431946,0.2192214995622635,0.14601022005081177,0.16216640472412108,0.10099386870861053,0.004697211924940348,0.4138677054084837
355,0.5175926864147187,0.2662907361984253,0.14115124940872192,0.15426637679338456,0.09435186237096786,0.013201823085546493,0.5062357187271118,0.24648858308792115,0.13890554308891295,0.18237248361110686,0.09580444246530533,0.004719583410769701,0.4218020525760949
356,0.5372877001762391,0.2661654442548752,0.14164316952228545,0.19386129975318908,0.0942539930343628,0.013022899068892002,0.4826101422309875,0.25103546380996705,0.14056048691272735,0.11988454163074494,0.09796135276556014,0.004844016116112471,0.3632503974251449
357,0.5317968964576721,0.26284474730491636,0.14713823795318604,0.1753162920475006,0.09850825518369674,0.01316660214215517,0.46941024661064146,0.23128798604011536,0.14013416469097137,0.1337429702281952,0.09788036048412323,0.004719029879197478,0.37647652528248726
358,0.5283700048923492,0.2579886972904205,0.14604382812976838,0.18172518759965897,0.09752522855997085,0.012816538289189338,0.5138353645801544,0.26479229927062986,0.13871925473213195,0.1604151487350464,0.09664047807455063,0.004050548328086734,0.3998254298698157
359,0.521954619884491,0.2697876453399658,0.14440760612487794,0.14860553443431854,0.09687710851430893,0.012547562271356583,0.49526128768920896,0.23991944789886474,0.14240942597389222,0.16233731508255006,0.09964818656444549,0.00474325860850513,0.4091381862293929
360,0.5279719710350037,0.2666760265827179,0.14134960770606994,0.17445486187934875,0.09453570246696472,0.012654291279613972,0.47081148624420166,0.25436965823173524,0.13236520886421205,0.10768814086914062,0.09297147542238235,0.004919529799371958,0.337944354955107
361,0.5249092102050781,0.25800182223320006,0.14699834287166597,0.1714267075061798,0.09817106425762176,0.013605432584881783,0.48522148132324217,0.2357195198535919,0.14497594237327577,0.1445968806743622,0.10115406662225723,0.005087839346379042,0.39581472901627424
362,0.5400926947593689,0.2650690257549286,0.1459299236536026,0.19361767768859864,0.09594630599021911,0.013290788419544697,0.4700451552867889,0.2506378650665283,0.13004180043935776,0.12014091610908509,0.09101624339818955,0.004713823646306991,0.34591278359293937
363,0.5258670747280121,0.2692903459072113,0.14172550439834594,0.16350593268871308,0.09527362734079362,0.012410542368888855,0.4681514799594879,0.2411351501941681,0.13678746223449706,0.1183438241481781,0.09625130146741867,0.004570512566715479,0.3559531004168093
364,0.53884836435318,0.26746684312820435,0.14938906729221343,0.17486576437950135,0.10041422247886658,0.012628406472504138,0.47450836300849913,0.2556788444519043,0.13248302638530732,0.11279952228069305,0.09320099204778672,0.004267523717135191,0.34275106443092224
365,0.5327379047870636,0.26568871140480044,0.148474782705307,0.16820695698261262,0.09969134628772736,0.012881378643214703,0.48298829793930054,0.24508450031280518,0.12933131456375122,0.15945746302604674,0.09005369246006012,0.004936720989644527,0.3837791910395026
366,0.5226476430892945,0.2681284070014954,0.14541582465171815,0.1486222565174103,0.09850147068500519,0.012855299189686776,0.47596402168273927,0.23798338174819947,0.14680674076080322,0.11422852873802185,0.10391169041395187,0.005073321983218193,0.3700202818959951
367,0.5164921522140503,0.26069819927215576,0.14304380118846893,0.1582669273018837,0.09600894600152969,0.013042362034320831,0.48834065198898313,0.2464773625135422,0.1313157021999359,0.16323174834251403,0.09148309528827667,0.004437857493758202,0.3904684033244848
368,0.5071467995643616,0.25630574524402616,0.14099552631378173,0.15359020233154297,0.0947406306862831,0.012582220137119293,0.47444671392440796,0.2308591902256012,0.13401810824871063,0.15833746790885925,0.09364902228116989,0.005372458696365356,0.3913770571351052
369,0.5245412468910218,0.2606079339981079,0.14340969026088715,0.17315957248210906,0.0968228280544281,0.012608372420072556,0.4843324303627014,0.23611382246017457,0.14051642417907714,0.1537715971469879,0.09786411374807358,0.0045863806270062925,0.3967385157011449
370,0.5022348761558533,0.25167145729064944,0.14215726554393768,0.14989164024591445,0.09571354538202285,0.012607756815850735,0.4476154088973999,0.24607747793197632,0.13100745677947997,0.08058389276266098,0.09270022958517074,0.004345799516886473,0.30863737864419816
371,0.5015326559543609,0.25453288555145265,0.14315773248672486,0.13955654799938202,0.09706413596868516,0.012255014292895794,0.5213106572628021,0.2513492465019226,0.143699312210083,0.19252538681030273,0.09850057661533355,0.004783553164452314,0.43950882880017167
372,0.5316437482833862,0.2660005122423172,0.14906147122383118,0.1644682228565216,0.0996827483177185,0.013136611506342887,0.4615456163883209,0.22399672865867615,0.135069739818573,0.14720600545406343,0.09323135167360305,0.004542360361665487,0.380049457307905
373,0.5299634337425232,0.271479594707489,0.14340112805366517,0.16086920499801635,0.09662840515375137,0.013886095583438873,0.4995109438896179,0.24851454496383668,0.14108811914920807,0.15656303763389587,0.09843962341547012,0.005330293253064155,0.40142107345163824
374,0.5295267343521118,0.26324326992034913,0.14478847086429597,0.17288906276226043,0.09800426065921783,0.01348633449524641,0.4818193316459656,0.23334328532218934,0.14730569422245027,0.13763855248689652,0.10245481431484223,0.005070196744054556,0.3924692577682436
375,0.5108843982219696,0.2621545076370239,0.13808031082153321,0.15524061322212218,0.09331656098365784,0.012504094280302525,0.4964933156967163,0.2613936722278595,0.14424014687538148,0.11923890709877014,0.1001190647482872,0.0046300702728331086,0.36822818899527193
376,0.535660696029663,0.25847604870796204,0.15105702579021454,0.1835133761167526,0.10065058916807175,0.013212675973773003,0.4996834397315979,0.25290350914001464,0.13873718678951263,0.15367225408554078,0.09737907499074935,0.004565932042896748,0.3943544479086995
377,0.5371216893196106,0.26288658380508423,0.14534906446933746,0.1917140305042267,0.09687500596046447,0.012612196244299411,0.4748909711837769,0.24192081689834594,0.14012219309806823,0.12132419049739837,0.09827973991632462,0.005667460337281227,0.3653935838490724
378,0.5078903019428254,0.2573913812637329,0.14113445580005646,0.15171588063240052,0.09555682688951492,0.012167015485465527,0.49324468374252317,0.2501002669334412,0.1451321691274643,0.13135470151901246,0.10154865831136703,0.004789082985371351,0.3828246119432151
379,0.5151360690593719,0.26002790927886965,0.14410286843776704,0.15413964688777923,0.09716764241456985,0.012598942406475544,0.45717431902885436,0.2287854492664337,0.12767406702041625,0.14400463700294494,0.08941438943147659,0.004478773847222328,0.3655718673020601
380,0.5244059681892395,0.2548324286937714,0.15075491666793822,0.16523955166339874,0.10183307528495789,0.01391890160739422,0.4767299652099609,0.22789987325668334,0.13602351844310762,0.1652933418750763,0.09468297958374024,0.004983847122639417,0.4009836870245636
381,0.5225447177886963,0.2706089377403259,0.14355601072311402,0.15079700499773024,0.09591666311025619,0.012632303684949876,0.484417986869812,0.24602615237236022,0.13516319394111634,0.14694699496030808,0.09402626603841782,0.00472924904897809,0.38086570398882036
382,0.5114591658115387,0.25628169178962706,0.14389281570911408,0.15641422867774962,0.09632386565208435,0.012428667023777961,0.5037693917751312,0.2325148582458496,0.1559236764907837,0.1642937630414963,0.10764508098363876,0.005000994354486465,0.43286351487040525
383,0.5149772644042969,0.2621100038290024,0.14603356420993804,0.1464429348707199,0.0974593460559845,0.013099543750286102,0.49773555994033813,0.2481621742248535,0.14292133450508118,0.1503418892621994,0.099613057076931,0.00475529246032238,0.3976315733045339
384,0.515816992521286,0.25179273188114165,0.1445866733789444,0.17207585275173187,0.09667743146419525,0.012879368476569652,0.4892792582511902,0.24680373668670655,0.1477240025997162,0.12371925562620163,0.10370417982339859,0.0043567442800849674,0.37950418232940136
385,0.5189266383647919,0.25904721319675444,0.15369971990585327,0.1386462241411209,0.1037027582526207,0.014291015267372132,0.43788565397262574,0.22942599654197693,0.12991418242454528,0.09706262052059174,0.0921360895037651,0.004050247697159648,0.3231631401460618
386,0.504900461435318,0.2575474798679352,0.14380436837673188,0.13723257482051848,0.09804475754499435,0.012556793913245202,0.4747103452682495,0.2441173493862152,0.13699355721473694,0.12576687932014466,0.09650265425443649,0.003871637163683772,0.36313472795300183
387,0.5117209076881408,0.26919840574264525,0.14083480834960938,0.1377903252840042,0.09465569704771042,0.012220313213765622,0.4840896546840668,0.25045621395111084,0.1388733744621277,0.12763701528310775,0.09749116748571396,0.004124399460852146,0.36812595669180154
388,0.5244717836380005,0.2636565029621124,0.14391391575336457,0.16755425035953522,0.0964843675494194,0.012281201034784316,0.4941422462463379,0.2606919825077057,0.14573632180690765,0.11027370393276215,0.10249237865209579,0.004218392539769411,0.36272079693153503
389,0.5289288282394409,0.2561779648065567,0.1459221750497818,0.18709145188331605,0.09722892791032792,0.012878731079399585,0.4888994097709656,0.24736722707748413,0.14065322279930115,0.14069145321846008,0.09754241406917571,0.004739197250455618,0.3836262873373926
390,0.5173706650733948,0.2541354328393936,0.14364393949508666,0.17352501451969146,0.09636891186237335,0.011831196397542954,0.4861270785331726,0.24824873208999634,0.1281261369585991,0.16280799806118013,0.08943742215633392,0.004248322267085314,0.3846198794431985
391,0.5046192467212677,0.2607956141233444,0.1400975376367569,0.14192111194133758,0.0943202793598175,0.012134319543838501,0.4919763684272766,0.254467111825943,0.13768696188926696,0.13690463006496428,0.09690833538770675,0.004721638560295105,0.3762215659022331
392,0.5157770276069641,0.25980541706085203,0.14192289412021636,0.16189028918743134,0.09456748068332672,0.013567915931344033,0.4629438638687134,0.24063780307769775,0.13909088373184203,0.10143277645111085,0.09880025386810302,0.004634247533977032,0.3439581615850329
393,0.5248588979244232,0.2582725793123245,0.14749880731105805,0.16973890066146852,0.09945047348737716,0.012167130224406719,0.5309117913246155,0.25588527917861936,0.14934352040290833,0.1871834874153137,0.10331483781337739,0.004925960116088391,0.4447678057476878
394,0.5116941869258881,0.24922429919242858,0.14797321259975432,0.15845185667276382,0.10016958713531494,0.01298251487314701,0.4468779325485229,0.22909966707229615,0.13411678075790406,0.10611300468444824,0.09478286653757095,0.004115026351064444,0.33912767833098767
395,0.4981016039848328,0.25235213041305543,0.13985529243946077,0.14627274721860886,0.0939417764544487,0.012490985542535782,0.47384474277496336,0.24643728733062745,0.12841240167617798,0.14317184388637544,0.08891638219356537,0.003855646401643753,0.36435627415776256
396,0.4977125108242035,0.2638799428939819,0.13443617820739745,0.1351618617773056,0.09067116379737854,0.01194626223295927,0.4533138394355774,0.24278865456581117,0.12551058530807496,0.10996668934822082,0.08975480645895004,0.004331056773662567,0.3295631378889084
397,0.5073477566242218,0.25153388977050783,0.1411519706249237,0.16211485266685485,0.09521716088056564,0.012804686650633812,0.5045327365398407,0.24280814826488495,0.1462473064661026,0.1662786304950714,0.10219422429800033,0.004667724389582873,0.41938788564875723
398,0.5097446799278259,0.25801661014556887,0.13823579847812653,0.16155206561088561,0.09354669600725174,0.011839194595813752,0.4770296037197113,0.23767746686935426,0.1342095136642456,0.14934271275997163,0.09437672197818756,0.004570399597287178,0.38249934799969193
399,0.49747641682624816,0.2520500123500824,0.1461844563484192,0.1298618271946907,0.09885878264904022,0.012206412106752395,0.45772932171821595,0.24159542918205262,0.13429428339004518,0.10064302980899811,0.09546602368354798,0.00457033459097147,0.3349736714735627
400,0.5044600307941437,0.2574192941188812,0.1410481035709381,0.14547291100025178,0.09515132158994674,0.012327002361416817,0.4716359555721283,0.25179980099201205,0.12798296213150023,0.12732561826705932,0.08930751085281372,0.00410624360665679,0.34872233485803006
401,0.5013963222503662,0.2522393465042114,0.14569944143295288,0.1373142808675766,0.09895135760307312,0.012426791340112686,0.4610775947570801,0.24381442964076996,0.1300368309020996,0.11510059759020805,0.09178761541843414,0.004152628034353257,0.34107767194509503
402,0.5081937253475189,0.2628880739212036,0.14249108135700225,0.13905007094144822,0.09634623825550079,0.011698336526751518,0.4530894815921783,0.24325028359889983,0.1341113716363907,0.09043973088264465,0.09456551671028138,0.004283036245033145,0.32339965547434985
403,0.4997911870479584,0.25324042439460753,0.14166126549243926,0.14447875320911407,0.09528575390577317,0.011707120947539807,0.45840059518814086,0.233251690864563,0.12430057227611542,0.14602060616016388,0.08696154356002808,0.004324005823582411,0.3616067278198898
404,0.4901781678199768,0.2415200412273407,0.14091591835021972,0.14847235083580018,0.09529475122690201,0.012384632043540478,0.48092392086982727,0.2365734815597534,0.14040180444717407,0.14389362782239914,0.09878508001565933,0.004882337339222431,0.387962849624455
405,0.5008526742458344,0.24267038106918334,0.14828331172466278,0.1503016918897629,0.09978592842817306,0.013005533255636692,0.4556945443153381,0.2285520076751709,0.1361352264881134,0.1203349471092224,0.09537371695041656,0.005048238486051559,0.35689212903380396
406,0.5213957905769349,0.25200464129447936,0.1477445513010025,0.17575711905956268,0.0987415373325348,0.012712576240301133,0.4641432464122772,0.22890444993972778,0.1334462434053421,0.14407045543193817,0.09367086440324783,0.00401366651058197,0.3752012297511101
407,0.4953742206096649,0.2553741216659546,0.13704468309879303,0.1398196205496788,0.09272917807102203,0.012626803293824197,0.5014345586299896,0.2444094955921173,0.15058035254478455,0.1461674302816391,0.10544625967741013,0.004578408133238554,0.40677245063707235
408,0.4963379204273224,0.24359145760536194,0.14386796057224274,0.1479669079184532,0.09770450592041016,0.013035031408071518,0.4452229917049408,0.21936920881271363,0.1355229526758194,0.12180500328540803,0.09421826303005218,0.004245088621973992,0.35579130761325356
409,0.5004196047782898,0.24715344309806825,0.143992680311203,0.14997247755527496,0.09726974070072174,0.01287693865597248,0.4680719554424286,0.2522843837738037,0.1309745967388153,0.1086180716753006,0.09340640902519226,0.003692617826163769,0.33669169526547194
410,0.5117813348770142,0.26515188813209534,0.14354655742645264,0.1376655340194702,0.09766601324081421,0.011939126998186111,0.48459136486053467,0.2467136025428772,0.1341306135058403,0.1473672568798065,0.09416647106409073,0.004231927450746298,0.3798962689004838
411,0.5125201404094696,0.2535026103258133,0.1456306427717209,0.15770521461963655,0.09881261438131332,0.01219571977853775,0.4618077754974365,0.22825828194618225,0.13447605222463607,0.13790043592453002,0.09436033815145492,0.0042870184406638145,0.3710238447412848
412,0.495126348733902,0.25598116517066954,0.14011778831481933,0.13123219162225724,0.09494256228208542,0.012182343937456607,0.4268244385719299,0.22312015295028687,0.13156269490718842,0.08000524193048478,0.09451144188642502,0.004869809141382575,0.31094918786548076
413,0.5015638530254364,0.2500953584909439,0.14184462428092956,0.1515413761138916,0.09640886783599853,0.011952354572713375,0.47486444711685183,0.2536787837743759,0.12659160792827606,0.13253201246261598,0.08882104307413101,0.004003998544067145,0.3519486620090902
414,0.4956228494644165,0.247580486536026,0.13906146287918092,0.15127299427986146,0.09432904571294784,0.012208697013556957,0.4730441689491272,0.2365987479686737,0.12763464748859404,0.1586082935333252,0.09031934142112732,0.004292339831590652,0.38085462227463723
415,0.5004201591014862,0.2521363615989685,0.13760302364826202,0.15745823681354523,0.09263111501932145,0.01160294096916914,0.49056491255760193,0.23623451590538025,0.14537622332572936,0.15496561974287032,0.10127855390310288,0.004115620534867049,0.40573601750656957
416,0.498199588060379,0.2523861050605774,0.14129421412944793,0.14227990210056304,0.09575086086988449,0.01182221919298172,0.4500815987586975,0.22478126883506774,0.1326007843017578,0.12486263513565063,0.09368466734886169,0.004119937401264906,0.3552680241875351
417,0.5060143113136292,0.262053981423378,0.14741380512714386,0.12421512752771377,0.09943755567073823,0.012440430372953415,0.4399915039539337,0.23559016287326812,0.1320418044924736,0.08303482457995415,0.09401164054870606,0.004073417093604803,0.3131616867147386
418,0.5039272785186768,0.25117752850055697,0.14170881509780883,0.1558213472366333,0.09567899405956268,0.011865242198109627,0.4534369230270386,0.22436831891536713,0.14078742861747742,0.11281289309263229,0.09921771734952926,0.004358174279332161,0.35717621333897115
419,0.5080507099628448,0.24871332049369813,0.14586245119571686,0.1592518925666809,0.09868330508470535,0.011567027494311332,0.43770815134048463,0.2268404871225357,0.1370006561279297,0.08226324617862701,0.09832589328289032,0.004156926181167364,0.32174672177061436
420,0.505379593372345,0.256250736117363,0.14401593804359436,0.14161575436592103,0.09757284671068192,0.012485967390239239,0.44995222687721254,0.2299827218055725,0.12828571796417237,0.12397671341896058,0.09124560356140136,0.003703830158337951,0.34721186510287233
421,0.5002606153488159,0.25929232239723204,0.13956884145736695,0.13749088644981383,0.09486958384513855,0.010812620632350445,0.4619604229927063,0.2266235262155533,0.14620898067951202,0.11246227920055389,0.10296284705400467,0.004340644087642431,0.365974751021713
422,0.5077102899551391,0.2554622292518616,0.14889211356639862,0.13717443943023683,0.10046462565660477,0.012500222213566304,0.4584089994430542,0.2432521849870682,0.12245518565177918,0.12999553084373475,0.08637253493070603,0.0036555625032633544,0.3424788139294833
423,0.5100498974323273,0.24682659208774566,0.14255763292312623,0.175743168592453,0.09577078968286515,0.011860178224742413,0.48554337620735166,0.24193090200424194,0.13743557929992675,0.15337598770856858,0.09522618800401687,0.004257847927510739,0.3902956029400229
424,0.4878029525279999,0.2502306431531906,0.13997822403907775,0.12974493950605392,0.09429291188716889,0.012025446258485317,0.4375028073787689,0.2417719006538391,0.12229114770889282,0.08773609548807144,0.08796469122171402,0.003932273713871837,0.3019242081325501
425,0.49508229494094846,0.2456161618232727,0.13966413736343383,0.15320195853710175,0.09441492557525635,0.012311634980142117,0.47939192652702334,0.22408824563026428,0.13839826136827468,0.17255871891975402,0.09676601141691207,0.004370259633287787,0.41209325133822855
426,0.5048255860805512,0.2544343709945679,0.1381391018629074,0.1604587286710739,0.09293509423732757,0.01165314931422472,0.43604413866996766,0.21952816545963288,0.13127990663051606,0.10906224250793457,0.09345779865980149,0.004124429728835821,0.3379243775270879
427,0.5002139389514924,0.24653352200984954,0.14297030568122865,0.15480286926031112,0.0965203583240509,0.011819249950349331,0.45780845880508425,0.23846476078033446,0.1290050446987152,0.12281153500080108,0.09060276299715042,0.004046585503965616,0.3464659282006324
428,0.49589783549308775,0.24264908730983734,0.1427788108587265,0.15411633104085923,0.09644949585199356,0.011930947564542294,0.4362129092216492,0.24265415370464324,0.11874189078807831,0.09494595676660537,0.08401444405317307,0.003857717430219054,0.30156000903807584
429,0.4974053561687469,0.2512325972318649,0.13865048587322235,0.14912022948265075,0.09372920989990234,0.012225985154509544,0.46146469116210936,0.23574863076210023,0.13742350339889525,0.11416084319353104,0.09708403646945954,0.004056926816701889,0.35272530987858774
430,0.5036041259765625,0.2559295564889908,0.14187045395374298,0.14586024582386017,0.09534633606672287,0.012089837715029717,0.4860538899898529,0.24133436679840087,0.14348438382148743,0.13900019526481627,0.1002120777964592,0.004664497822523117,0.387361154705286
431,0.49482016563415526,0.25230894088745115,0.14017361402511597,0.13866638392210007,0.0949507012963295,0.011629310622811317,0.4465712010860443,0.22772000432014466,0.13148571252822877,0.11533248424530029,0.09239659458398819,0.0043507137335836886,0.34356550509110095
432,0.5094678401947021,0.25423213839530945,0.14716332256793976,0.14634743928909302,0.09995406568050384,0.012180359289050102,0.4903911709785461,0.24542587399482726,0.1335562288761139,0.16432639807462693,0.09301502704620361,0.004298507748171687,0.3951961617451162
433,0.4855586051940918,0.25021557211875917,0.13632335364818574,0.1344405233860016,0.09194967895746231,0.011444836109876632,0.46211889386177063,0.2446195363998413,0.13106904923915863,0.11276626586914062,0.09280064404010772,0.003972963010892272,0.3406089221592993
434,0.502217823266983,0.2624797821044922,0.13476668745279313,0.1457374006509781,0.09166295230388641,0.011175770871341228,0.44702149033546446,0.23972770273685456,0.1258735865354538,0.10459252148866653,0.0891200765967369,0.0042009568773210045,0.3237871414981782
435,0.49702648520469667,0.2632593154907227,0.1370169311761856,0.12859917134046556,0.09280166327953339,0.01165352314710617,0.4810302972793579,0.24406156539916993,0.13698502779006957,0.1376909703016281,0.0967022255063057,0.004183582030236721,0.3755618056282401
436,0.48977161645889283,0.24099722504615784,0.14195359647274017,0.1487263023853302,0.09528944343328476,0.01163571123033762,0.43744916319847105,0.22037442922592163,0.13176649510860444,0.11011419221758842,0.09345012307167053,0.003834655648097396,0.33916546604596076
437,0.4850956618785858,0.2549916982650757,0.14056449234485627,0.11290591508150101,0.09503208100795746,0.011909536458551884,0.4490425050258636,0.21968465745449067,0.13175654858350755,0.13497429192066193,0.09310213178396225,0.004128985945135355,0.3639619582332671
438,0.4910512208938599,0.25276260673999784,0.14273329377174376,0.12288970053195954,0.09734060466289521,0.011623606458306313,0.4737598240375519,0.24522011876106262,0.13468663692474364,0.1273366317152977,0.09431961327791213,0.004583530128002167,0.36092641204595566
439,0.4986224591732025,0.25628586411476134,0.13960161209106445,0.1396512970328331,0.09430726766586303,0.012004110030829906,0.46724194288253784,0.2278820186853409,0.13112467229366304,0.1570100426673889,0.09236339181661606,0.004184567369520664,0.38468267414718865
440,0.4881468594074249,0.2593453288078308,0.1373756930232048,0.11592306941747665,0.09387661069631577,0.011822178214788436,0.4511971950531006,0.23550574779510497,0.13018164038658142,0.11003438234329224,0.09306746572256089,0.003594206180423498,0.33687769463285805
441,0.4963255226612091,0.2551211714744568,0.13663417100906372,0.14384032785892487,0.09292051494121552,0.011495107971131801,0.4432931900024414,0.2221664845943451,0.13235381245613098,0.11641684472560883,0.09403757154941558,0.003862579446285963,0.34667080817744134
442,0.49103065133094786,0.24914323389530182,0.14076506495475768,0.13560110628604888,0.09512047916650772,0.01226266212761402,0.47158028483390807,0.22786707878112794,0.1525995373725891,0.11487036198377609,0.10691691190004349,0.0043733477592468265,0.3787601590156555
443,0.4868696630001068,0.2504855960607529,0.1415078192949295,0.12207718193531036,0.09597559124231339,0.012308523058891296,0.4607188642024994,0.23703611493110657,0.13504271805286408,0.11702886521816254,0.09428299367427825,0.0048056585714221,0.35116023551672704
444,0.4845637738704681,0.25081712901592257,0.13927437961101533,0.12250562608242035,0.09475413262844086,0.011575000919401645,0.4576542258262634,0.2394072890281677,0.13643487691879272,0.10037637352943421,0.09658936709165573,0.004645672952756285,0.33804629049263896
445,0.4721302330493927,0.24581581652164458,0.13059816658496856,0.12897417545318604,0.088641457259655,0.011266865208745003,0.46498495936393736,0.23638835847377776,0.13863864541053772,0.12005164325237275,0.09628474116325378,0.004238176625221968,0.3592132064513862
446,0.480238276720047,0.24425593316555022,0.13957406878471373,0.12506665736436845,0.09490538984537125,0.012509408593177795,0.4547847628593445,0.24654092788696289,0.13552408069372177,0.080869759619236,0.09691411703824997,0.004475445812568068,0.31778340316377585
447,0.49203695058822633,0.24965997636318207,0.1415965348482132,0.1340521052479744,0.09571315050125122,0.012627872079610825,0.4173270344734192,0.2250150263309479,0.12395943105220794,0.0775689996778965,0.08895035535097122,0.003710656566545367,0.29418944264762104
448,0.4834349453449249,0.2506074786186218,0.1366834193468094,0.12612875699996948,0.09283530861139297,0.012265804409980773,0.41193403005599977,0.22560178935527803,0.11635890603065491,0.08539343476295472,0.08288655132055282,0.0036707272287458182,0.2883096193429083
449,0.4774887502193451,0.24417093992233277,0.13793180882930756,0.12514521777629853,0.09366362392902375,0.011593812331557273,0.4420761942863464,0.2322914868593216,0.1337558478116989,0.09025818705558777,0.09482321441173554,0.004220694815739989,0.32305794409476224
450,0.4874992907047272,0.24741208255290986,0.14224211871623993,0.12731212973594666,0.09688454866409302,0.012036476470530032,0.46827346086502075,0.23549013137817382,0.13387487232685089,0.13682208061218262,0.09470821022987366,0.0038951787166297434,0.3693003418855369
451,0.4858126759529114,0.25323368310928346,0.1381483107805252,0.12109080255031586,0.09424053728580475,0.012455575913190842,0.420522540807724,0.22761538326740266,0.12127343714237213,0.08553494811058045,0.08676234930753708,0.003915150836110115,0.29748588539659976
452,0.4878977179527283,0.24872333705425262,0.14045305252075196,0.13079122453927994,0.09474828988313674,0.012577102333307267,0.4287622332572937,0.2076423466205597,0.1302908480167389,0.12387398481369019,0.09129512161016465,0.003917663125321269,0.349377617565915
453,0.48223220109939574,0.251308536529541,0.1358252763748169,0.12475574016571045,0.0924738109111786,0.011656205169856548,0.46210179328918455,0.22367796599864959,0.13615038990974426,0.14390371292829512,0.09570092260837555,0.003851254424080253,0.37960627987049517
454,0.4837775588035583,0.2421140193939209,0.1433042675256729,0.12964587062597274,0.09691218435764312,0.011823238618671895,0.4478773832321167,0.2222793310880661,0.1361568570137024,0.11637926995754241,0.09633422046899795,0.004279640316963196,0.353149987757206
455,0.4981199145317078,0.2576600819826126,0.1373051166534424,0.14044588804244995,0.09305789172649384,0.012180641666054726,0.4801837086677551,0.2419375479221344,0.1409449577331543,0.1323099911212921,0.09860829263925552,0.00430057430639863,0.37616381580010055
456,0.5012497305870056,0.2576650083065033,0.1373027592897415,0.1472867324948311,0.09317258894443511,0.011596275493502617,0.46304754018783567,0.21754963397979737,0.13696152865886688,0.1559082269668579,0.0967055842280388,0.0033677737694233654,0.39294311362318696
457,0.49667916297912595,0.24707356989383697,0.14213056564331056,0.14927004128694535,0.09594232887029648,0.011375670321285725,0.4699465036392212,0.23048024773597717,0.13061790466308593,0.16098742187023163,0.09112884253263473,0.0036211033817380666,0.3863552724476903
458,0.4931545376777649,0.257833194732666,0.13827247619628907,0.126935176551342,0.0945654645562172,0.01164579875767231,0.44673802256584166,0.23259047269821168,0.13035058081150055,0.10844986736774445,0.09228729158639908,0.0035143520683050154,0.3346020918339491
459,0.4923312127590179,0.2523650646209717,0.14016142785549163,0.13271300345659257,0.09491439014673234,0.012306463718414307,0.47552311420440674,0.25120129585266116,0.13173265457153321,0.12394603490829467,0.09353871196508408,0.004205355327576399,0.3534227567724883
460,0.48663546442985534,0.24806717038154602,0.1417044222354889,0.12506197839975358,0.09699388444423676,0.011701739020645618,0.451381129026413,0.23237205147743226,0.13376089036464692,0.10791981220245361,0.09532303214073182,0.004065281804651022,0.3410690165124834
461,0.47591800689697267,0.25256235897541046,0.13165571987628938,0.12072624713182449,0.08938204944133758,0.011118015460669994,0.4353285193443298,0.22991908192634583,0.12871029376983642,0.09475261569023133,0.09079711586236953,0.004115510452538729,0.318375535774976
462,0.4878576993942261,0.2497698485851288,0.1365569055080414,0.1387604758143425,0.09240446984767914,0.011463850550353528,0.466765958070755,0.23984478712081908,0.14069649577140808,0.1082906424999237,0.09957004636526108,0.0040822216309607025,0.3526394062675536
463,0.49919891357421875,0.25366531014442445,0.1404003918170929,0.14477990567684174,0.09444735646247863,0.012137257680296897,0.4588375151157379,0.2411689728498459,0.13667927086353301,0.09924782812595367,0.09687392264604569,0.00404439102858305,0.33684541266411544
464,0.5101695656776428,0.26367848813533784,0.13973580598831176,0.14634893238544464,0.09554160982370377,0.011295836418867111,0.450207781791687,0.24606723785400392,0.13091792166233063,0.08509452864527703,0.09338503628969193,0.003927546739578247,0.31332503333687783
465,0.4889140069484711,0.25277222990989684,0.1395829826593399,0.12817051410675048,0.09402137845754624,0.011776645109057427,0.4745118200778961,0.23531631231307984,0.1301432579755783,0.1595313549041748,0.09163095504045486,0.0038960549514740705,0.385201622871682
466,0.5256132245063782,0.26376986503601074,0.15000060796737671,0.15205340832471848,0.10179672837257385,0.012885157763957978,0.4681419491767883,0.24394874274730682,0.13541150093078613,0.11621622294187546,0.09590622037649155,0.0035330462735146282,0.35106699052266777
467,0.5048953711986541,0.2522460550069809,0.14131650030612947,0.15618848502635957,0.0954816073179245,0.012021753378212452,0.4730829656124115,0.21106671690940856,0.1462920755147934,0.17000052332878113,0.10125783681869507,0.0037316120229661464,0.4212820476852357
468,0.5116016745567322,0.2561308562755585,0.14248587787151337,0.16031819581985474,0.09610246419906616,0.011380476132035255,0.4579223096370697,0.23502141535282134,0.13343984335660936,0.11911159008741379,0.09416690021753311,0.0035118314437568186,0.3502301651053131
469,0.4912168562412262,0.25063367187976837,0.13888125419616698,0.13742820918560028,0.09446730017662049,0.011373069696128368,0.44048399925231935,0.2249814748764038,0.12520039975643157,0.12263759970664978,0.08903868347406388,0.003635476715862751,0.34051215965300796
470,0.4832991361618042,0.2474769562482834,0.13786087334156036,0.13138874024152755,0.09310061186552047,0.011566826701164245,0.4681393325328827,0.23989956676959992,0.13724372982978822,0.11896520256996154,0.09753785580396652,0.003710620617493987,0.35745740882121024
471,0.4761482119560242,0.2525244414806366,0.13222545236349106,0.11653475910425186,0.09083045572042465,0.012018888443708419,0.43428111672401426,0.22396472096443176,0.1315090537071228,0.0947679340839386,0.09441709965467453,0.003943985048681498,0.3246380724944174
472,0.4905852198600769,0.24216836988925933,0.1424398124217987,0.1456284537911415,0.09611834436655045,0.011806231923401356,0.4082214593887329,0.22173079252243041,0.12575801014900206,0.05965267270803452,0.091072778403759,0.003875087108463049,0.28035854836925866
473,0.4833936870098114,0.25000152587890623,0.1376196563243866,0.12645967900753022,0.09368353635072708,0.010955635830760002,0.4634675860404968,0.24077748656272888,0.1323330968618393,0.11960717141628266,0.09425760209560394,0.0035176453646272423,0.3497155157383532
474,0.4908130824565887,0.25518845915794375,0.13839328289031982,0.12672450840473176,0.09501708596944809,0.011498045735061168,0.44055835604667665,0.2216355174779892,0.13111029863357543,0.11622350811958312,0.09262555688619614,0.0037576586939394472,0.34371702233329415
475,0.47558751702308655,0.24269883036613465,0.13749339580535888,0.1247586339712143,0.09365853369235992,0.01157736573368311,0.44019477963447573,0.22243434190750122,0.13886766731739045,0.09367918968200684,0.09870958775281906,0.003967739967629313,0.33522418471984566
476,0.4648147940635681,0.2465548813343048,0.1377173364162445,0.09460786432027816,0.09397891908884048,0.011597729288041592,0.4329064130783081,0.2285158395767212,0.13445323705673218,0.07764668017625809,0.09559082686901092,0.003928295709192753,0.31161903981119393
477,0.47190581560134887,0.24884662926197051,0.1353805959224701,0.1097227156162262,0.09229517728090286,0.011731915734708309,0.4207682490348816,0.23480736911296846,0.12063926309347153,0.07625614926218986,0.0848833903670311,0.003756830468773842,0.28553563319146635
478,0.49628653526306155,0.257148739695549,0.14180070161819458,0.12794505655765534,0.09583205133676528,0.012046924047172069,0.46646257638931277,0.26256739497184756,0.12980723679065703,0.08921957612037659,0.09196875095367432,0.0034472135826945304,0.31444277744740246
479,0.49438286423683164,0.2612832337617874,0.13770368397235871,0.1284189596772194,0.09225805699825287,0.011114641651511192,0.45867461562156675,0.24984090626239777,0.13608649373054504,0.08296721279621125,0.09686981588602066,0.0034815085586160422,0.319405030971393
480,0.4730896711349487,0.24846380054950715,0.13681375682353974,0.11061042100191117,0.0928730994462967,0.01148668397217989,0.4808212697505951,0.254881763458252,0.13069692850112916,0.13330819010734557,0.09146090745925903,0.003537182789295912,0.35900320885702974
481,0.47701541185379026,0.24748701155185698,0.1380821794271469,0.11732065677642822,0.09369988739490509,0.011610136553645133,0.42347162365913393,0.21479179263114928,0.13763657212257385,0.07894071638584137,0.09759816974401474,0.003990020789206028,0.318165479041636
482,0.46888667345046997,0.24298869371414183,0.13604672104120255,0.11540039479732514,0.09258509129285812,0.010841885767877101,0.45000001788139343,0.22965902090072632,0.12795707881450652,0.12511758804321288,0.0908776268362999,0.004180042631924152,0.3481323363259435
483,0.4831171214580536,0.253782594203949,0.13915266394615172,0.11410931944847107,0.0950886145234108,0.010878449119627476,0.46679310202598573,0.2557149052619934,0.13437824547290803,0.09006134569644927,0.09622411727905274,0.003763225115835667,0.3244269335642457
484,0.47688976526260374,0.24505054354667663,0.1371307075023651,0.12419006526470185,0.09309540241956711,0.011547759547829628,0.42306387424468994,0.22745147943496705,0.12617161273956298,0.07750239372253417,0.09136724770069123,0.003440235089510679,0.29848148925229906
485,0.4971802830696106,0.25163841545581817,0.14141674041748048,0.1422322303056717,0.09607049077749252,0.0109241409227252,0.42851433753967283,0.2310568243265152,0.12194986343383789,0.09230656325817108,0.08791884034872055,0.003443520050495863,0.30561878709122536
486,0.4819535553455353,0.24873778223991394,0.13711749613285065,0.12588099688291549,0.0937785565853119,0.011339964158833028,0.43384710550308225,0.22967952191829683,0.13314394354820253,0.07823283523321152,0.09583457559347153,0.0037779967300593854,0.31098935110494497
487,0.48610581159591676,0.24399692714214324,0.13870762288570404,0.1402238592505455,0.09463507086038589,0.011440092884004115,0.4754092812538147,0.24045903086662293,0.1393161177635193,0.12820278406143187,0.09839983731508255,0.003987098298966885,0.36990583743900063
488,0.4875859260559082,0.2501122564077377,0.14171071946620942,0.12337512373924256,0.09683960378170013,0.011558782868087291,0.4120828747749329,0.21258575916290284,0.1262439966201782,0.08704578280448913,0.09041186571121215,0.003486210759729147,0.30718785589560865
489,0.47835967540740965,0.23680829703807832,0.1435777574777603,0.12769320607185364,0.09809553176164627,0.011171948350965976,0.4629919171333313,0.2405348539352417,0.13879712224006652,0.10321332216262817,0.09879565685987472,0.003794580651447177,0.3446006819140166
490,0.49199554324150085,0.2563127547502518,0.1377089411020279,0.1309363141655922,0.09357701390981674,0.011118794418871402,0.47463078498840333,0.24800063371658326,0.14242529571056367,0.10395637154579163,0.10061592012643814,0.004033453669399023,0.3510310410521924
491,0.48361746668815614,0.2509623199701309,0.14035556018352507,0.11754715889692306,0.09583644270896911,0.011239062808454037,0.44420156478881834,0.2299306422472,0.13051641583442689,0.10672801584005356,0.09295720607042313,0.0038449991028755904,0.3340466368477792
492,0.48769651651382445,0.25268162190914156,0.1377353012561798,0.1272742986679077,0.09437116980552673,0.01162705272436142,0.45996012091636657,0.23965962827205659,0.13683148622512817,0.10576079785823822,0.09616503566503525,0.004056179895997047,0.34281349964439867
493,0.4671739935874939,0.24829907417297364,0.13081525564193724,0.11087975651025772,0.08960165232419967,0.012036795541644097,0.4369606912136078,0.23303594887256623,0.12961590886116028,0.09055387675762176,0.09163582772016525,0.003148618107661605,0.3149542314466089
494,0.49486449360847473,0.2568429172039032,0.13978542387485504,0.12808127105236053,0.09577315598726273,0.011878659762442113,0.44285767078399657,0.23339824378490448,0.13255843222141267,0.09277957081794738,0.09426103234291076,0.0036133698187768458,0.32321240520104766
495,0.49429876208305357,0.24471064507961274,0.14798843264579772,0.13389340788125992,0.10076375901699067,0.011262038350105285,0.4155303299427032,0.2223114252090454,0.11806155443191528,0.09474166631698608,0.08416647613048553,0.003786893654614687,0.3007565905340016
496,0.48755263686180117,0.2491822212934494,0.1369059294462204,0.13808438181877136,0.09279239326715469,0.011546950973570346,0.4163385987281799,0.21489788889884948,0.1276089519262314,0.08791626691818237,0.09076757133007049,0.004157916549593211,0.3104507067240775
497,0.4612589955329895,0.25269644260406493,0.1320399150252342,0.08670947700738907,0.09112105071544647,0.011524029076099396,0.461606377363205,0.22608628273010253,0.1379644751548767,0.13461486399173736,0.09652596861124038,0.0038635004311800003,0.37296880818903444
498,0.4776258111000061,0.24622636139392853,0.13930524587631227,0.11837198138237,0.09434040039777755,0.011743493564426898,0.4423617243766785,0.22847820520401002,0.13112576305866241,0.10536580085754395,0.09323673993349076,0.0034299567341804504,0.33315826058387754
499,0.4760540544986725,0.2544804662466049,0.13417444229125977,0.11072525084018707,0.09101102948188781,0.01158958077430725,0.46897661685943604,0.23714009821414947,0.1289815843105316,0.14652361571788788,0.09167909622192383,0.003435463225468993,0.3706197594758123
500,0.46257746815681455,0.24235589802265167,0.13594765663146974,0.10228494554758072,0.09333595633506775,0.011099015921354293,0.46996462941169737,0.2521881878376007,0.13151428997516632,0.11433234214782714,0.09216342568397522,0.003842442762106657,0.34185250056907535
501,0.4852872252464294,0.24052202701568604,0.13974467813968658,0.14451584666967393,0.09455222189426422,0.011546743847429753,0.45357370376586914,0.24017905294895173,0.13681246638298034,0.08906383961439132,0.09744206964969634,0.004306334257125855,0.32762470990419384
502,0.47568308711051943,0.25328912436962125,0.1367098271846771,0.10488047152757644,0.09328476637601853,0.011877217702567578,0.43951942920684817,0.22526381611824037,0.13798072636127473,0.0875149428844452,0.09887378364801407,0.003762883134186268,0.32813233602792025
503,0.4867177546024323,0.260698014497757,0.1354071706533432,0.1139279693365097,0.09328987449407578,0.011517561599612236,0.4559221029281616,0.24907280802726744,0.13825334012508392,0.07081754207611084,0.09963777065277099,0.0038229988887906073,0.3125316517427564
504,0.47590614557266236,0.24617013335227966,0.13499715626239778,0.12416857033967972,0.09175981879234314,0.01199046615511179,0.4291262447834015,0.22309223413467408,0.13658016920089722,0.0754211537539959,0.09732984751462936,0.003862123331055045,0.31319329380057753
505,0.4705424547195435,0.2488785445690155,0.1388920873403549,0.09860308319330216,0.09485342204570771,0.011518409848213196,0.4451706290245056,0.22551392912864685,0.13683608174324036,0.10301113426685334,0.09693381786346436,0.003998967353254557,0.3407800012268126
506,0.4820702731609344,0.25651237964630125,0.13599200844764708,0.11258968114852905,0.09278611242771148,0.012115626782178878,0.42253353595733645,0.23153876066207885,0.1240208089351654,0.07564095966517925,0.08884191066026688,0.003317102510482073,0.2918207817710936
507,0.46181726455688477,0.24377714991569518,0.1341908872127533,0.10051670372486114,0.09296605587005616,0.011028951220214366,0.46620569825172425,0.2526615083217621,0.13529973924160005,0.09594851434230804,0.09556766897439957,0.0033605472184717656,0.33017646977677945
508,0.4840428948402405,0.24458203911781312,0.1384875774383545,0.13567384630441665,0.09472872614860535,0.010930599831044673,0.4534623146057129,0.23431646823883057,0.1326843112707138,0.1127310961484909,0.09388756453990936,0.003643679525703192,0.3429466514848173
509,0.4824438035488129,0.2518489211797714,0.13817625641822814,0.11804308965802193,0.09419760853052139,0.011839425563812256,0.40834677815437315,0.21054023504257202,0.12580093145370483,0.08228778541088104,0.09136078208684921,0.003430534293875098,0.30288003324531015
510,0.47242099046707153,0.24197905957698823,0.13609875589609147,0.12168044745922088,0.09352106153964997,0.011473225802183152,0.41892297863960265,0.23034725189208985,0.12313436865806579,0.07041753157973289,0.08900658786296844,0.003990257671102881,0.28654874577187
511,0.4662479877471924,0.2513439029455185,0.1364208936691284,0.09058025106787682,0.09337488412857056,0.011469466984272004,0.430465966463089,0.2313063234090805,0.12309703677892685,0.09380069673061371,0.0883033663034439,0.0034391685388982297,0.30864026835188274
512,0.4707603633403778,0.24582470655441285,0.13606945276260377,0.11233700066804886,0.09305671900510788,0.0109653040766716,0.4183188915252686,0.22348520159721375,0.12509641647338868,0.07848365902900696,0.09036397486925125,0.00382806621491909,0.297772116586566
513,0.462401819229126,0.24087413847446443,0.13590580224990845,0.10561611652374267,0.0926828682422638,0.0115483483299613,0.4547551691532135,0.22131237983703614,0.14260228872299194,0.1164973571896553,0.10125864446163177,0.003763322625309229,0.36412161299958823
514,0.4674444615840912,0.2410603553056717,0.14152127802371978,0.10135564655065536,0.09702701717615128,0.01131230928003788,0.4066572248935699,0.20524733662605285,0.12867031693458558,0.08401323556900024,0.09251870214939117,0.0036420371383428574,0.3088442917913199
515,0.46342445015907285,0.2492489218711853,0.1326563447713852,0.09819705188274383,0.09101376235485077,0.011050102487206458,0.4286180078983307,0.23026307821273803,0.11963321119546891,0.10093751549720764,0.08584417551755905,0.0031790760811418297,0.3095939782913774
516,0.4627402305603027,0.24258573353290558,0.13616290986537932,0.10164773613214492,0.09341567903757095,0.011190705746412278,0.45242105722427367,0.248143208026886,0.1311994433403015,0.0845517560839653,0.09406051486730575,0.0033453455194830894,0.3131570598110556
517,0.4723749279975891,0.2434187650680542,0.1384299099445343,0.1149635836482048,0.09470527321100235,0.010791670344769955,0.439129239320755,0.23572933077812194,0.1333979070186615,0.07848283499479294,0.09489713162183762,0.003660551644861698,0.31043842528015375
518,0.4735915005207062,0.24874751269817352,0.13325540125370025,0.11989724040031433,0.09057829827070236,0.010984818637371063,0.4511671900749207,0.22642730474472045,0.1346614956855774,0.11879414319992065,0.09561306238174438,0.0034271365031599997,0.35249583777040244
519,0.45551697015762327,0.24032722115516664,0.13286750614643097,0.09946563094854355,0.09111400544643403,0.011298834346234798,0.41940492391586304,0.22178471982479095,0.12778907716274263,0.07813164591789246,0.09226437360048294,0.0034221224021166565,0.3016072190832347
520,0.46759894490242004,0.2530451327562332,0.1319134056568146,0.10047168433666229,0.09071460962295533,0.010923798382282256,0.4290801763534546,0.22843506336212158,0.12357829511165619,0.09508935064077377,0.08890246003866195,0.0034411781933158638,0.31101128398440775
521,0.4756429612636566,0.24766366183757782,0.1352747678756714,0.12054279148578644,0.09196613729000092,0.01157768927514553,0.4338300466537476,0.23514727950096131,0.1304040879011154,0.07534824311733246,0.09347845166921616,0.0033259608782827852,0.3025567435659468
522,0.47933522462844846,0.2527208089828491,0.1333313688635826,0.12303214818239212,0.09117267578840256,0.010371422208845616,0.4484172284603119,0.23695927262306213,0.13035365641117097,0.10060462057590484,0.09358322322368622,0.003422279004007578,0.32796377921476966
523,0.4727842748165131,0.25057265162467957,0.135002937912941,0.10987715721130371,0.09219930320978165,0.010817545838654042,0.4218471825122833,0.22345000505447388,0.1275339186191559,0.0803916335105896,0.0918332427740097,0.003715935116633773,0.303474730020389
524,0.47829952239990237,0.2496476501226425,0.1407657116651535,0.10772584527730941,0.09673633575439453,0.01095679271966219,0.42132739424705506,0.2260553866624832,0.12323269248008728,0.08502972591668367,0.08854650110006332,0.0037061273120343684,0.30051504680886865
525,0.4717946767807007,0.24198539257049562,0.13748867809772491,0.11734474152326584,0.09468177407979965,0.011015447229146958,0.447409588098526,0.23269051313400269,0.13057860136032104,0.10639605149626732,0.09350469261407852,0.00389578053727746,0.33437512600794433
526,0.46149676442146303,0.2385627508163452,0.13665071725845337,0.10604020357131957,0.09349313229322434,0.011564875766634942,0.4214280068874359,0.21850631833076478,0.13052331805229186,0.0819137841463089,0.0936490148305893,0.004363046120852232,0.31044916315004234
527,0.47105189561843874,0.24428263008594514,0.1380320519208908,0.11019322872161866,0.09460580199956894,0.011501169763505459,0.4332500696182251,0.22877620458602904,0.1304454982280731,0.08547351509332657,0.09406374245882035,0.0035008938517421483,0.3134836496319622
528,0.48608171939849854,0.24909382462501525,0.1411141872406006,0.12453964352607727,0.09636138528585433,0.011142284609377384,0.44094833731651306,0.2214862048625946,0.13580509424209594,0.10600333511829377,0.09619244188070297,0.0033792444970458745,0.34138011573813853
529,0.46445674896240235,0.24330190122127532,0.13752246797084808,0.10123907774686813,0.09386228621006013,0.011302553676068782,0.43434280157089233,0.22355790734291076,0.13511100709438323,0.0910862773656845,0.09523022770881653,0.0035085802897810935,0.32493609245866534
530,0.4635140120983124,0.24923906326293946,0.13352580815553666,0.09598702043294907,0.09172914028167725,0.01112770177423954,0.43047347068786623,0.2159175992012024,0.13654903769493104,0.09017565548419952,0.09883516728878021,0.00336907934397459,0.32892893981188537
531,0.4681083023548126,0.24745723903179168,0.13462858498096467,0.10841309577226639,0.0917696237564087,0.01051513347774744,0.45538156032562255,0.23486021757125855,0.12846610248088836,0.12568506896495818,0.09073693603277207,0.003869712445884943,0.34875781992450355
532,0.46418296098709105,0.2416675716638565,0.13596901893615723,0.10494381189346313,0.09415129870176316,0.011296683922410011,0.4139990210533142,0.216570445895195,0.12317947894334794,0.09028438478708267,0.08805793970823288,0.0037695624865591525,0.3052913659252226
533,0.4689958691596985,0.24757187068462372,0.1325508952140808,0.11320949792861938,0.09083689451217651,0.011009876988828183,0.4465844750404358,0.221374773979187,0.145026358962059,0.09318941533565521,0.10376544445753097,0.0033376439474523067,0.3453188627026975
534,0.47100343704223635,0.2404339849948883,0.14060242474079132,0.1130764752626419,0.09589299708604812,0.011195723339915276,0.41672142744064333,0.2122560977935791,0.13262750059366227,0.08127620816230774,0.0949413686990738,0.0036744517274200916,0.3125195291824639
535,0.46726752519607545,0.2390133798122406,0.14170704782009125,0.10667218118906022,0.09669402986764908,0.010529267601668835,0.4330204725265503,0.22341695427894592,0.1270260691642761,0.10730308592319489,0.09017478823661804,0.00323451473377645,0.3277384580578655
536,0.46203522086143495,0.2430693566799164,0.13339956402778624,0.10603242367506027,0.09213721305131913,0.010160952061414718,0.4475760817527771,0.22515667080879212,0.1395281046628952,0.10327683389186859,0.0986996278166771,0.003310476802289486,0.34481504317373035
537,0.46888564229011537,0.2501546800136566,0.13568613529205323,0.10175917744636535,0.09240286648273469,0.01086492147296667,0.4635955631732941,0.2415202796459198,0.13628864288330078,0.10908818244934082,0.09683470577001571,0.003645944967865944,0.3458574760705233
538,0.4650238037109375,0.2407904714345932,0.13821393251419067,0.10606448501348495,0.09466044455766678,0.010619557835161686,0.43281219005584715,0.2213178902864456,0.1413540318608284,0.07359512150287628,0.1016596421599388,0.0033715246245265007,0.31998032014817
539,0.4644577205181122,0.24816595911979675,0.1328301265835762,0.10359262675046921,0.09045201390981675,0.010897661745548248,0.4169150054454803,0.22588175535202026,0.12596406936645507,0.06888271570205688,0.0912702813744545,0.003342287428677082,0.2894593538716435
540,0.464027202129364,0.2317947119474411,0.13654094338417053,0.1269862487912178,0.09272332936525345,0.011065100505948066,0.41225478053092957,0.20834828019142151,0.12490634173154831,0.09906288236379623,0.08931622952222824,0.0037223444785922767,0.317007798096165
541,0.4696367084980011,0.24396300315856934,0.13723795711994172,0.11005958765745164,0.09371094554662704,0.011877134814858437,0.44336617588996885,0.2278250813484192,0.1344123363494873,0.0994788497686386,0.09603383243083954,0.0036595046520233156,0.33358452320098875
542,0.4577620506286621,0.24981433451175689,0.13051100373268126,0.08890627771615982,0.08985946327447891,0.011970865912735463,0.4542513906955719,0.22782547175884246,0.13469282537698746,0.12047279477119446,0.09555728286504746,0.004693984519690275,0.3554168875329196
543,0.4707904696464539,0.25309252440929414,0.13457079231739044,0.10064674615859985,0.09294015318155288,0.010212902538478374,0.41505234241485595,0.22947919964790345,0.11760525107383728,0.07878844141960144,0.08508563488721847,0.0032723610755056145,0.2847516884561628
544,0.46210926175117495,0.23894357681274414,0.13844018578529357,0.10296591967344285,0.0944019839167595,0.011515219323337078,0.43857277035713194,0.23858218193054198,0.1290856897830963,0.0815609186887741,0.09243562966585159,0.003188082855194807,0.3062703209929168
545,0.45081980228424073,0.23904261887073516,0.13357913196086885,0.09036174565553665,0.0916919767856598,0.011592540517449379,0.4154407799243927,0.23206670582294464,0.12071138620376587,0.0667592704296112,0.08693797290325164,0.003858243674039841,0.27826687321066856
546,0.45027177333831786,0.2406392961740494,0.1307344913482666,0.09398750364780425,0.08984943330287934,0.010602917149662971,0.43685182929039,0.2215557426214218,0.13422558307647706,0.09864696562290191,0.09622136056423188,0.0037692179903388023,0.3328631272539496
547,0.46328319907188414,0.2437812626361847,0.13576530814170837,0.10144230723381042,0.09328228384256362,0.0108797837048769,0.427493953704834,0.20873205959796906,0.13713567852973937,0.09707347750663757,0.09908262342214584,0.003678136086091399,0.3369699155446142
548,0.4575125277042389,0.23449402749538423,0.13490002155303954,0.11101931184530259,0.09243144392967224,0.01089628953486681,0.42509354948997496,0.22677886486053467,0.12924429178237914,0.07700791619718075,0.09267716705799103,0.00358773204497993,0.3025171070825308
549,0.4574038028717041,0.24858894646167756,0.13026992380619049,0.09230413436889648,0.08964410275220872,0.01126248836517334,0.41366541385650635,0.21722893118858339,0.12308798432350158,0.08789291977882385,0.08853345066308975,0.003446543589234352,0.30296089835464957
550,0.46753047704696654,0.2450047492980957,0.13264219462871552,0.11527872532606125,0.09094692766666412,0.01088332962244749,0.4143783926963806,0.2208108425140381,0.12687843143939972,0.0738025963306427,0.09071506559848785,0.003588508954271674,0.29498460232280194
551,0.4673142731189728,0.24729680120944977,0.1361774742603302,0.1010585755109787,0.09375558346509934,0.010919797234237194,0.43253037333488464,0.23249610960483552,0.12896550595760345,0.08180986642837525,0.09214411228895188,0.0035749323666095733,0.3064944170415401
552,0.4694199085235596,0.24515566527843474,0.1382820188999176,0.10471786260604858,0.09493466168642044,0.011185174249112606,0.40678578019142153,0.21370421648025512,0.1313274621963501,0.06123451292514801,0.0943980261683464,0.0034322127234190703,0.2903922140132636
553,0.46237748861312866,0.2513566821813583,0.13028538972139359,0.0985431045293808,0.0893227219581604,0.010405474156141282,0.42394238114356997,0.22772299349308014,0.13189603686332702,0.06613189876079559,0.09488684237003327,0.0033122539520263673,0.2962270319461823
554,0.47290106415748595,0.2591795802116394,0.13126722872257232,0.10112226903438568,0.0899929717183113,0.010762500204145908,0.419191437959671,0.224666628241539,0.12563514709472656,0.07850519269704818,0.08989698141813278,0.0036537681706249716,0.2976910893805325
555,0.46300085783004763,0.25049128830432893,0.13200823068618775,0.09719531536102295,0.09047475010156632,0.010618648864328862,0.42301961183547976,0.23607019782066346,0.12571057081222534,0.06107780039310455,0.09133635014295578,0.0031698414590209723,0.28129456280730664
556,0.46933077573776244,0.25225408673286437,0.13407218158245088,0.10113638192415238,0.09196043610572815,0.010731416940689086,0.4321213126182556,0.23074010014533997,0.12665101736783982,0.08962465524673462,0.09088431298732758,0.0033701058477163316,0.31053009144961835
557,0.4580060064792633,0.24209083914756774,0.13581999838352204,0.093558569252491,0.09371313452720642,0.010732508637011052,0.40994260311126707,0.21953689455986022,0.12591547667980194,0.069494067132473,0.09034489840269089,0.003365756385028362,0.28912019859999416
558,0.45676960945129397,0.25529990196228025,0.12650857567787172,0.08817448616027831,0.0869308739900589,0.010281852073967456,0.42481831312179563,0.23214172422885895,0.1282377079129219,0.06922177970409393,0.09160914421081542,0.0033395283855497835,0.29240816021338106
559,0.46058255434036255,0.24330767691135408,0.1368449717760086,0.09342089295387268,0.09428835511207581,0.011219419538974762,0.39625208973884585,0.23527376353740692,0.1090286135673523,0.049588379263877866,0.07939585745334625,0.003248513862490654,0.24126136414706706
560,0.4546363830566406,0.24539061188697814,0.13033144921064377,0.09447196573019027,0.08943552672863006,0.010583612136542797,0.4137189269065857,0.23068817853927612,0.12452437579631806,0.05584161207079887,0.09027159810066224,0.0036802537739276885,0.27431783974170687
561,0.47133036851882937,0.24760169088840484,0.1383653998374939,0.10326540172100067,0.09532361030578614,0.010842384211719036,0.42211073637008667,0.23770073056221008,0.11804397702217102,0.07518227100372314,0.0853939801454544,0.003432720061391592,0.2820529482327402
562,0.4719445645809174,0.2563376188278198,0.13404660820960998,0.09783710390329362,0.09232019037008285,0.01049272008240223,0.39571815729141235,0.21265070140361786,0.12162949442863465,0.06485288739204406,0.08753035366535186,0.0032798693515360355,0.27729260483756657
563,0.4692255914211273,0.24851921796798707,0.13570494651794435,0.1034106358885765,0.09349092245101928,0.010939512029290199,0.3868855476379395,0.199875545501709,0.12251081764698028,0.07188833057880402,0.08740549683570861,0.0034356450662016867,0.28524029012769464
564,0.4707228183746338,0.25045299530029297,0.13579387664794923,0.10258023291826249,0.09337746053934097,0.01100759133696556,0.42807435989379883,0.23417779803276062,0.12096084058284759,0.08906634449958802,0.0863981232047081,0.0035497832112014295,0.29997509149834517
565,0.4636916220188141,0.2408502846956253,0.13691256642341615,0.10467608869075776,0.09402903914451599,0.011454249732196331,0.4436961054801941,0.23120716214179993,0.13447969555854797,0.09273653626441955,0.09643096327781678,0.0034997942857444286,0.32714698938652875
566,0.4601823270320892,0.2476183146238327,0.13509026765823365,0.08853803724050521,0.09319468438625336,0.010793096199631692,0.41425458192825315,0.22901002168655396,0.12232776284217835,0.06794401705265045,0.08784609287977219,0.003232257720082998,0.281350130494684
567,0.46404123306274414,0.24909104108810426,0.13301732540130615,0.0989684745669365,0.09143898040056228,0.010740438289940358,0.4090223371982574,0.211457496881485,0.13423125743865966,0.06485142037272454,0.09550859779119492,0.0035926787182688712,0.298183954320848
568,0.44812692403793336,0.24455562829971314,0.12799932211637496,0.08887188360095025,0.08776416033506393,0.01053078081458807,0.4353388547897339,0.24233715534210204,0.11854490041732788,0.092292520403862,0.08520116060972213,0.003402619436383247,0.29944120086729525
569,0.4542812705039978,0.23295519053936004,0.13808403313159942,0.10116091668605805,0.0940285176038742,0.010964406467974187,0.4047804713249207,0.22190359234809875,0.12151819467544556,0.06469541490077972,0.0873196080327034,0.003500654920935631,0.27703387252986433
570,0.4699895203113556,0.2420489966869354,0.13931296467781068,0.10993289649486541,0.09572687149047851,0.010843905806541442,0.41645402312278745,0.2225318133831024,0.12126429378986359,0.08745807111263275,0.08726190775632858,0.003284458024427295,0.2992687306832522
571,0.46217241883277893,0.24627278447151185,0.1362469881772995,0.09186273515224457,0.09432670921087265,0.010740093886852264,0.43018627166748047,0.23421165943145753,0.12750303149223327,0.07478343099355697,0.09255504012107849,0.003251929394900799,0.2980934320017695
572,0.4492228627204895,0.24108455777168275,0.13574516773223877,0.07853330373764038,0.09321489036083222,0.011120257154107093,0.4331538677215576,0.24092193841934204,0.126945298910141,0.0693226546049118,0.09160685986280441,0.00355870327912271,0.2914335166569799
573,0.4457498073577881,0.24031642377376555,0.12691651731729509,0.09362822622060776,0.08766210973262786,0.010712715983390807,0.4263992071151733,0.233391410112381,0.12217306494712829,0.0830857813358307,0.08792945295572281,0.0034984740894287826,0.29668677332811055
574,0.4697707653045654,0.2546062618494034,0.13622118532657623,0.09044502526521683,0.09369545131921768,0.011622794903814793,0.44150911569595336,0.2395078420639038,0.1321532756090164,0.07676559388637542,0.0951799526810646,0.003374118125066161,0.3074729403015226
575,0.4611534237861633,0.24410659670829774,0.13231658935546875,0.10474364906549453,0.09104349166154861,0.010676030255854129,0.41235015988349916,0.23378817439079286,0.12440477311611176,0.04724165350198746,0.09054487198591232,0.0031341711059212685,0.2653254697099328
576,0.45430057048797606,0.24564398527145387,0.13327261805534363,0.08514474183321,0.09230363667011261,0.010206077061593533,0.40928388833999635,0.23716820776462555,0.12103542387485504,0.04278249740600586,0.08790211528539657,0.00329226884059608,0.25501230540685355
577,0.4550499558448792,0.23466215431690216,0.1365256667137146,0.10085618942975998,0.09392542093992233,0.011102074943482875,0.4020196199417114,0.2085527718067169,0.12458809465169907,0.07734451740980149,0.09024166464805602,0.003226944571360946,0.2954012212809175
578,0.44877161979675295,0.24412147104740142,0.1310891956090927,0.08195503279566765,0.09078305214643478,0.01049283668398857,0.421032577753067,0.22798131704330443,0.12961737513542176,0.06497998535633087,0.09324253648519516,0.003585747163742781,0.29142564414069055
579,0.46801435947418213,0.2444090873003006,0.14169698357582092,0.09545060694217682,0.09735770672559738,0.010962534882128238,0.4041336476802826,0.2268933415412903,0.11754467785358429,0.0641997992992401,0.08417713940143585,0.0031299312599003316,0.2690515478141606
580,0.45762202739715574,0.24919813573360444,0.1316362738609314,0.08943521454930306,0.09033386558294296,0.010791823826730251,0.42643829584121706,0.2236155241727829,0.1318761885166168,0.08066379874944687,0.09406002014875411,0.0035610532388091086,0.3101610606536269
581,0.4454232156276703,0.2295519918203354,0.13447447419166564,0.09814375787973403,0.09182218611240386,0.011057017929852008,0.42478684782981874,0.2333271622657776,0.12523066103458405,0.07242498695850372,0.09031685292720795,0.0033071561716496944,0.29127965709194537
582,0.46362664699554446,0.24148557782173158,0.14143738448619841,0.09238749742507935,0.09724536091089249,0.011404642648994923,0.399925684928894,0.2154056578874588,0.12351058721542359,0.06187285333871841,0.08946429789066315,0.0033771357964724304,0.27822487424127756
583,0.45612587928771975,0.24402666985988616,0.1299869030714035,0.09942753314971924,0.09006075412034989,0.010473189502954483,0.4231898248195648,0.21332235634326935,0.13621200919151305,0.08338708505034446,0.09768596440553665,0.0034027728252112865,0.3206878314726055
584,0.4532369554042816,0.24813416302204133,0.1315024107694626,0.082181616127491,0.09071414917707443,0.010780887119472027,0.42350208163261416,0.2230868309736252,0.12561575174331666,0.08807766288518906,0.0909805566072464,0.0036971363238990306,0.30837110755965114
585,0.4744384825229645,0.25315556228160857,0.13413263261318206,0.10935471951961517,0.09203262776136398,0.010723745077848434,0.4072051107883453,0.2153259813785553,0.13614747077226638,0.04758004993200302,0.09768514484167098,0.0033288781996816397,0.284741543745622
586,0.4578506588935852,0.24536532759666443,0.1310353845357895,0.09836189970374107,0.09031804054975509,0.01066950261592865,0.4207923173904419,0.22479286789894104,0.12523115575313568,0.0805451288819313,0.09091016203165055,0.00314450329169631,0.2998309499584138
587,0.4495362460613251,0.24113064706325532,0.13209016770124435,0.08818956315517426,0.09095440953969955,0.010444758087396621,0.4017578184604645,0.209452024102211,0.12455937266349792,0.074107214063406,0.09052304178476334,0.003499192092567682,0.2926888206042349
588,0.4373693406581879,0.24226334393024446,0.12373516410589218,0.0816648080945015,0.0853884145617485,0.010025141574442387,0.41970611810684205,0.24116847813129424,0.12011573761701584,0.06035014018416405,0.08608373552560807,0.0031728099565953016,0.26972242328338325
589,0.4512955009937286,0.24437904953956605,0.13232786059379578,0.08477909862995148,0.09108768850564956,0.0103932598605752,0.384161114692688,0.20639050602912903,0.12658968269824983,0.040131548047065736,0.09192129075527192,0.003555306978523731,0.2621978284791112
590,0.46215328574180603,0.24099392294883729,0.1356850117444992,0.10466597825288773,0.09325062930583954,0.011047489196062087,0.42763938903808596,0.2349404901266098,0.1313030332326889,0.057177658379077914,0.09602259993553161,0.003479934064671397,0.2879832256119699
591,0.4670186698436737,0.2567889362573624,0.13032436072826387,0.09618828743696213,0.0893118441104889,0.010945063829421998,0.42433159947395327,0.21401171386241913,0.1373866468667984,0.08079168200492859,0.09884112626314163,0.0034136989619582892,0.32043315409682693
592,0.45467785000801086,0.24302173256874085,0.13382405936717987,0.09071509093046189,0.0921810194849968,0.010293588787317277,0.4067712128162384,0.21319127082824707,0.12518940567970277,0.07910029590129852,0.08916191011667252,0.0032473988831043243,0.29669901058077813
593,0.45461743474006655,0.24549772143363952,0.1331820398569107,0.08572631031274795,0.09226847440004349,0.01056722030043602,0.3918913543224335,0.21010928452014924,0.12290944159030914,0.05873133167624474,0.0888446792960167,0.0030242994427680968,0.27350975200533867
594,0.46251733899116515,0.2410486400127411,0.134031680226326,0.10943010151386261,0.09221435189247132,0.010747779347002506,0.39307013154029846,0.22371399998664857,0.11429883241653442,0.05454045832157135,0.0826630637049675,0.0032477293163537977,0.2547500837594271
595,0.44129625558853147,0.23664185106754304,0.1265588790178299,0.0931413196027279,0.08749205619096756,0.01044606026262045,0.43286832571029665,0.2380080282688141,0.13025691509246826,0.06780871152877807,0.09365883320569993,0.003098046174272895,0.2948225060012192
596,0.4618565559387207,0.2559197604656219,0.13225508034229277,0.08342588692903519,0.09098956733942032,0.010152484849095344,0.42376565337181094,0.2278628468513489,0.12563206553459166,0.07967997789382934,0.09090219438076019,0.003349421126767993,0.2995636589359492
597,0.4527141094207764,0.24548946022987367,0.130154150724411,0.09013925790786743,0.08961884826421737,0.01065586619079113,0.4346367418766022,0.24684245586395265,0.12796501964330673,0.05767366290092468,0.0926574096083641,0.003310758899897337,0.2816068510524929
598,0.4563193261623383,0.24467716217041016,0.13682576566934584,0.08240064531564713,0.0945844903588295,0.010634947940707207,0.44167360067367556,0.23275829553604127,0.13265841603279113,0.09070595800876617,0.09486787915229797,0.0033789181150496008,0.3216111713089049
599,0.44431801438331603,0.2347289264202118,0.13191860318183898,0.09017217010259629,0.09141865521669387,0.01017865389585495,0.43777934908866883,0.23913941979408265,0.13039945662021638,0.07501710355281829,0.09368432462215423,0.0032104323618113995,0.3023113171570003
600,0.44405624866485593,0.23258974850177766,0.13556061387062074,0.08486367538571357,0.09387347847223282,0.0105441115796566,0.4176169753074646,0.21297038197517396,0.13461750149726867,0.07447080910205842,0.09780667424201965,0.0032796622719615696,0.31017464711330833
601,0.46204785704612733,0.25111218094825744,0.1302134647965431,0.09630424827337265,0.09013603031635284,0.010772549360990525,0.40477744340896604,0.22026228308677673,0.12445412874221802,0.06065189391374588,0.08957100212574005,0.0034159433096647264,0.2780929680913687
602,0.4537090837955475,0.23845649361610413,0.1330132454633713,0.09912001490592956,0.09135439842939377,0.011187954992055892,0.4258864402770996,0.22383495569229125,0.1327334761619568,0.0745933085680008,0.09603626132011414,0.0033597814850509166,0.3067228275351226
603,0.4455696642398834,0.2408302515745163,0.136537504196167,0.06807882636785507,0.0942572832107544,0.01167708970606327,0.425567489862442,0.22795701622962952,0.13706240952014923,0.056425008177757266,0.09824015945196152,0.003752280119806528,0.2954798572696746
604,0.4602519690990448,0.24373148381710052,0.13338377624750136,0.1007990300655365,0.09174058884382248,0.01098356507718563,0.4094453573226929,0.2342202514410019,0.12363490462303162,0.042889544367790224,0.08975361734628677,0.003156094392761588,0.2594341607298702
605,0.457233065366745,0.24054840207099915,0.13396225571632386,0.10049184262752534,0.09221710115671158,0.010343580506742,0.3986827373504639,0.21560952663421631,0.12336837351322175,0.05985457152128219,0.08909610956907273,0.0033794732764363287,0.275698527880013
606,0.4624701201915741,0.24510146379470826,0.13763093054294587,0.09302427768707275,0.0947946473956108,0.010352002456784248,0.4179563939571381,0.215603107213974,0.12958064079284667,0.08267829716205596,0.09372426718473434,0.0035707646515220405,0.309553969791159
607,0.442693030834198,0.23692672252655028,0.1317036807537079,0.08248863220214844,0.09159613251686097,0.010105737298727036,0.4231832206249237,0.2199031949043274,0.13410668075084686,0.07442384213209152,0.09659368693828582,0.0034586588852107527,0.308582868706435
608,0.45618462562561035,0.24152469336986543,0.13349248021841048,0.09645005464553832,0.092172572016716,0.010737268067896367,0.38669716715812685,0.198435378074646,0.12852449715137482,0.05769340693950653,0.09277980178594589,0.0033900270238518713,0.28238773290067914
609,0.4675101101398468,0.24956077933311463,0.1359706461429596,0.09804439842700959,0.09365366399288177,0.010411635972559452,0.4488843560218811,0.22952279448509216,0.13951563239097595,0.0932964563369751,0.10014483630657196,0.0040152729488909245,0.33697219798341393
610,0.44574562311172483,0.24669379889965057,0.12885777950286864,0.07641105875372886,0.08921317011117935,0.010291767306625843,0.4163754940032959,0.23371323347091674,0.1240257203578949,0.057373332977294925,0.08972636312246322,0.0031948266085237266,0.27432024306617675
611,0.45443759560585023,0.24481974244117738,0.13449372351169586,0.08425714820623398,0.09291850477457046,0.010462703369557857,0.3910959005355835,0.22171897888183595,0.11607999056577682,0.05001551061868668,0.08411002159118652,0.0031701976433396338,0.25337572041898965
612,0.4356852412223816,0.24391018450260163,0.1240823969244957,0.07267069146037101,0.08607741594314575,0.010458715073764325,0.4200257122516632,0.21717302203178407,0.13137369006872177,0.07946181297302246,0.09496964365243912,0.003521825885400176,0.3093269725795835
613,0.44064163565635683,0.2429194211959839,0.13053474724292755,0.06912412643432617,0.09094051569700241,0.009931785054504871,0.4277684509754181,0.23063364028930664,0.1262819230556488,0.08204321265220642,0.0908992499113083,0.002961398009210825,0.30218578362837434
614,0.4454133749008179,0.242902535200119,0.12888821065425873,0.08261466771364212,0.08907992541790008,0.010970649309456348,0.3933323502540588,0.22100770473480225,0.11254380047321319,0.06140799876302481,0.08240390121936798,0.004206918179988861,0.2605626186355948
615,0.45436962246894835,0.2380659908056259,0.13660445511341096,0.09167712479829788,0.09448239207267761,0.010972058959305286,0.4077647626399994,0.22771836817264557,0.11881597489118575,0.06393571496009827,0.08639309704303741,0.0032535172998905183,0.27239830419421196
616,0.4412192404270172,0.24932902455329894,0.1233942061662674,0.07711628973484039,0.08499996215105057,0.009478605538606643,0.4092539668083191,0.22479186058044434,0.1182302102446556,0.07680488228797913,0.08492855876684188,0.0028799846302717926,0.2828436359297484
617,0.4412433624267578,0.23270480036735536,0.13119630813598632,0.0904922142624855,0.09062927961349487,0.010092885047197343,0.39473106861114504,0.21057153940200807,0.12169538736343384,0.06546164453029632,0.08828596621751786,0.0032786627765744925,0.2787216608878226
618,0.4591254830360413,0.24543011784553528,0.13589129596948624,0.08817217946052551,0.09397502690553665,0.010983726754784585,0.39464238882064817,0.22071838974952698,0.11911285221576691,0.05076943039894104,0.08664369732141494,0.003341673128306866,0.25986765306442977
619,0.4580697536468506,0.24634794592857362,0.13410336077213286,0.08890439867973328,0.09326540827751159,0.009932182915508746,0.4032409727573395,0.20785593390464782,0.12171213626861573,0.08779630064964294,0.08829263299703598,0.0033402238972485066,0.3011412938125432
620,0.4409108102321625,0.23091769516468047,0.1321974813938141,0.09112513065338135,0.09101317226886749,0.01045519970357418,0.44629592895507814,0.22940913438796998,0.13137781322002412,0.10862326622009277,0.09459876865148545,0.003267853520810604,0.337867701612413
621,0.4405029833316803,0.23785164952278137,0.1291451185941696,0.08462681919336319,0.08893665820360183,0.00975530855357647,0.3973979949951172,0.2191636174917221,0.12193934917449951,0.0515277098864317,0.08916993290185929,0.0033298883121460677,0.2659668802749366
622,0.44351723194122317,0.24085619747638704,0.12874328941106797,0.08343624025583267,0.08934732526540756,0.010319908522069455,0.4133092761039734,0.22029111683368682,0.12470840215682984,0.07737199664115905,0.08973784893751144,0.0032001364510506392,0.295018384186551
623,0.4456644177436829,0.23196918070316314,0.13491797745227813,0.09258933439850807,0.09271025359630584,0.010330468975007534,0.426583468914032,0.238132506608963,0.1260628879070282,0.06357401460409165,0.09124440252780915,0.0034115714021027087,0.2842928764410317
624,0.4475049257278442,0.247224423289299,0.12382879108190536,0.09113424196839333,0.08566241413354873,0.010195097513496875,0.4208177924156189,0.23849369287490846,0.12168950885534287,0.06058138906955719,0.08892384171485901,0.0032354529947042467,0.2744301926344633
625,0.46083733439445496,0.2497001111507416,0.13117948472499846,0.09483437836170197,0.09072027206420899,0.01058572307229042,0.4080012798309326,0.2258354127407074,0.12525023519992828,0.05424059331417084,0.09015762060880661,0.0032326193526387216,0.2728810684755445
626,0.453987318277359,0.23916055262088776,0.13444707095623015,0.09562128335237503,0.09247740060091018,0.010450282134115696,0.4137030243873596,0.22848261296749114,0.12805954813957215,0.052926750481128694,0.09216470718383789,0.003660793136805296,0.276811798941344
627,0.44211059212684634,0.23882752060890197,0.12913932353258134,0.08505675494670868,0.08917518705129623,0.010014082491397857,0.4331680178642273,0.24277839660644532,0.1261467903852463,0.06811928972601891,0.09118714183568954,0.0029563553631305694,0.2884095773100853
628,0.44912067651748655,0.24652320742607117,0.13114107996225358,0.07681358605623245,0.09129079729318619,0.010470490343868733,0.4187034428119659,0.22553248405456544,0.12572967410087585,0.07505322322249412,0.0906081184744835,0.003101981384679675,0.2944929971825331
629,0.44958040714263914,0.23663439154624938,0.13479511737823485,0.09119069576263428,0.09297628551721573,0.009966884553432465,0.444388747215271,0.24243700504302979,0.1268896698951721,0.0878266453742981,0.09229933470487595,0.0032774882391095163,0.31029313821345567
630,0.4398409903049469,0.2386467933654785,0.1348111480474472,0.06620104983448982,0.09312960058450699,0.010797859355807304,0.41673811078071593,0.22561844885349275,0.1220043033361435,0.07828294485807419,0.0886829897761345,0.0032757818698883057,0.29224601984024046
631,0.4591753721237183,0.24291248619556427,0.13878087997436522,0.08632336854934693,0.0959613561630249,0.011070554703474044,0.3989799916744232,0.21092428565025328,0.122317835688591,0.07159570306539535,0.08876560628414154,0.003333318140357733,0.28601246317848567
632,0.45301284193992614,0.25176418125629424,0.13053709864616395,0.07550959810614585,0.09052392989397048,0.011001987010240554,0.40709943175315855,0.22430307269096375,0.1307072103023529,0.04106997661292553,0.09467331618070603,0.003192038647830486,0.2696425417438149
633,0.4424900531768799,0.23835295140743257,0.12895441949367523,0.08575784265995026,0.08955111205577851,0.010328365489840508,0.41872984170913696,0.23505159616470336,0.12830613255500795,0.0478279285132885,0.09303596168756485,0.0036789449863135816,0.2728489677421749
634,0.4423596501350403,0.2311369836330414,0.13290538787841796,0.09130737632513046,0.09155404418706894,0.010803209245204925,0.38028318881988527,0.21930108666419984,0.1090240865945816,0.04892355352640152,0.07983621060848237,0.003102997690439224,0.2408868484199047
635,0.45908800363540647,0.24788033068180085,0.13509557843208314,0.08619572594761848,0.0931917056441307,0.010529022850096225,0.41628689765930177,0.22610543966293334,0.12291897684335709,0.07555461153388024,0.08880585879087448,0.0030554290395230057,0.2903348762076348
636,0.4552254617214203,0.24983808696269988,0.12789525389671325,0.09143761098384857,0.0884253591299057,0.010422274656593799,0.40041961669921877,0.21890191435813905,0.12279775440692901,0.05808855593204498,0.08882547914981842,0.003212969144806266,0.2729247586335987
637,0.44743589162826536,0.2429465264081955,0.13061395287513733,0.08255269825458526,0.09076435714960099,0.010202419757843018,0.40531098246574404,0.2255954384803772,0.1296509474515915,0.03830273374915123,0.0935861274600029,0.0030750933103263376,0.26461490197107196
638,0.45061988234519956,0.2441936582326889,0.13110231161117553,0.08550007790327072,0.0910147562623024,0.010157526843249798,0.4055962026119232,0.21704668998718263,0.13135727047920226,0.049546799063682555,0.0955604374408722,0.0036243452690541745,0.2800888522528112
639,0.4597769021987915,0.23502790331840515,0.1359679490327835,0.11117449253797532,0.09378753453493119,0.010557497851550579,0.41667926907539365,0.23266656696796417,0.12475216835737228,0.05647192858159542,0.0909135326743126,0.0035530551336705684,0.27569068474695085
640,0.4578754663467407,0.2410073071718216,0.13853996694087983,0.08834139630198479,0.09601744562387467,0.01058576125651598,0.4067411541938782,0.2136616051197052,0.13215752243995665,0.0607198104262352,0.09420262426137924,0.0034832202829420565,0.29056317741051313
641,0.4404472470283508,0.23579326272010803,0.13189090341329573,0.07986483573913575,0.09124672561883926,0.0107562605291605,0.4217510521411896,0.2282650887966156,0.13247334361076354,0.057421615719795226,0.09637782722711563,0.0030866543762385844,0.28935944093391297
642,0.45077297687530515,0.24549563527107238,0.13223752081394197,0.07985385954380035,0.09180467426776887,0.010609965026378631,0.4200175881385803,0.22911904454231263,0.12906670272350312,0.060527050495147706,0.09370528757572175,0.003423394076526165,0.2867224348708987
643,0.4463746726512909,0.2355715274810791,0.1329063206911087,0.09154611825942993,0.09128840416669845,0.010412174835801124,0.39886764287948606,0.22331987023353578,0.12130696773529052,0.05026635378599167,0.08739824295043945,0.0033755171578377487,0.2623470816295594
644,0.444920551776886,0.2414398670196533,0.13203888833522798,0.07642787620425225,0.09167181849479675,0.010822119191288948,0.41741852164268495,0.21121925115585327,0.14268068671226503,0.05870187431573868,0.10301478207111359,0.0035617535002529623,0.3079590965993702
645,0.4356868326663971,0.24156420826911926,0.12963589429855346,0.06473574414849281,0.08968869894742966,0.010354429855942726,0.41903242468833923,0.22209266424179078,0.13367999792099,0.0626123607158661,0.09662529826164246,0.0030975700356066227,0.2960152269341052
646,0.43127288222312926,0.2364931434392929,0.1225004717707634,0.08374534845352173,0.08483549803495408,0.00974476058036089,0.42849833965301515,0.228901606798172,0.1341349422931671,0.06863739341497421,0.09607788473367691,0.0030466928146779537,0.3018969132564962
647,0.43813778162002565,0.2448905438184738,0.12878754884004592,0.06549519151449204,0.08871281743049622,0.010561493411660194,0.414742112159729,0.22963324785232545,0.13152841329574586,0.043107517063617706,0.09548025280237198,0.0033009334467351435,0.2734171166084707
648,0.4553155481815338,0.24767232239246367,0.13012923151254654,0.09052814394235612,0.09019010066986084,0.010177761316299438,0.42605957984924314,0.23203346133232117,0.1276746153831482,0.07396508753299713,0.09111351370811463,0.0029896100983023643,0.2957428267225623
649,0.46248226761817934,0.24676943719387054,0.13352448046207427,0.09846540540456772,0.0923017367720604,0.010594513639807701,0.3977401196956635,0.2273724377155304,0.11476570069789886,0.055501040816307065,0.08324479907751084,0.0028421650640666485,0.2563537056557834
650,0.4236703872680664,0.23383311927318573,0.1244553729891777,0.06905947178602219,0.0860069990158081,0.010104061290621757,0.40267695784568786,0.21087005734443665,0.132157301902771,0.0543791800737381,0.0960752472281456,0.003519166586920619,0.28613089579157536
651,0.4345948100090027,0.23400803208351134,0.13202213644981384,0.07272084504365921,0.09102105647325516,0.010277479700744153,0.40249488353729246,0.21568082869052888,0.1267010509967804,0.05874784290790558,0.09182580560445786,0.003233964275568724,0.28050866378471256
652,0.43182156085968015,0.23153514862060548,0.13064075261354446,0.07438559979200363,0.09047841429710388,0.010421180725097656,0.4296772003173828,0.2254735827445984,0.12787842750549316,0.0932851940393448,0.09134935587644577,0.003246348071843386,0.3157593254931271
653,0.4324710488319397,0.2381558746099472,0.12427763640880585,0.07844092026352882,0.08581332713365555,0.010203656367957592,0.4171530842781067,0.225758957862854,0.12707324624061583,0.06773711740970612,0.0916590690612793,0.003328438848257065,0.2897978715598583
654,0.42674713730812075,0.23449515402317048,0.12467823922634125,0.07371585518121719,0.08617344349622727,0.009830671548843383,0.4134095132350922,0.21005392968654632,0.13437983095645906,0.07481886148452759,0.0964443787932396,0.003302657976746559,0.3089457292109728
655,0.43458192944526675,0.2299991011619568,0.1359664171934128,0.07032676413655281,0.09414723813533783,0.010412856005132198,0.4046473979949951,0.22548860609531401,0.1210101455450058,0.05781236290931702,0.08753888607025147,0.0031552051194012167,0.2695165996439755
656,0.4353459417819977,0.23207596242427825,0.13400437235832213,0.07338711619377136,0.09228890240192414,0.010407618246972561,0.41686978936195374,0.23416207432746888,0.12502673268318176,0.05389307141304016,0.09102099984884263,0.0031811244785785674,0.27312192842364313
657,0.43630596399307253,0.2366208016872406,0.13116541802883147,0.07164536416530609,0.09102757275104523,0.010360297933220863,0.40607531666755675,0.22871411442756653,0.12136405110359191,0.05449057668447495,0.08749523758888245,0.0027694791089743374,0.26611934448592367
658,0.4551382064819336,0.23564965426921844,0.13718682825565337,0.09822696149349212,0.0944095328450203,0.010531625151634217,0.4248405992984772,0.22360641360282899,0.12670484483242034,0.08816496133804322,0.09162839502096176,0.0031012373045086862,0.309599438495934
659,0.45119953751564024,0.24249683916568757,0.13311302959918975,0.08578501790761947,0.09201847910881042,0.010335986502468586,0.412893807888031,0.23714272677898407,0.11950839310884476,0.05424894690513611,0.08670805543661117,0.0030918923672288655,0.26355728781782084
660,0.4534346342086792,0.24112422466278077,0.13312746882438659,0.09287925511598587,0.09197968244552612,0.010467661544680595,0.43919084072113035,0.23167302906513215,0.13897606283426284,0.0740522176027298,0.09886347502470016,0.003057431522756815,0.3149491869844496
661,0.430119925737381,0.23080764710903168,0.12927161157131195,0.07599517405033111,0.08897808492183686,0.011001144535839558,0.4007613003253937,0.21533960103988647,0.13228429555892945,0.040893150679767135,0.09645426422357559,0.0033981674816459416,0.27302987794391814
662,0.4369443356990814,0.23763779997825624,0.13238515704870224,0.06729660406708718,0.09197594672441482,0.010699601098895072,0.4217773795127869,0.2294498413801193,0.13032625913619994,0.0607456162571907,0.09466366320848466,0.0030399508774280547,0.2887754894793033
663,0.45186942219734194,0.24712541997432708,0.133836230635643,0.07481222078204156,0.0929315522313118,0.010697467997670174,0.40124745965003966,0.2232430785894394,0.12264324873685836,0.050755370780825614,0.08911020010709762,0.0031355101615190505,0.26564432978630065
664,0.43288623690605166,0.23454140424728392,0.12930645048618317,0.0746975839138031,0.08926137834787369,0.010116340406239033,0.42007330656051634,0.23539746999740602,0.12202274203300476,0.06657048761844635,0.08835170865058899,0.0028964790515601637,0.27984141735360024
665,0.4422773241996765,0.2405404657125473,0.1315547525882721,0.07459872961044312,0.09137964248657227,0.010400679893791676,0.4238280415534973,0.23627591729164124,0.12913261353969574,0.05514756739139557,0.09335331618785858,0.002941005025058985,0.2805745021440089
666,0.43796396255493164,0.22951939404010774,0.1319474458694458,0.08886674791574478,0.09070218354463577,0.010478974878787994,0.4205838441848755,0.22535278499126435,0.13008911907672882,0.06792695969343185,0.09408787786960601,0.003050178801640868,0.29515413544140756
667,0.4358976483345032,0.22586250603199004,0.13407103419303895,0.08572989851236343,0.09269558638334274,0.010627264343202113,0.39667927622795107,0.2077138453722,0.12591013312339783,0.0650662861764431,0.09132847636938095,0.003069631569087505,0.2853745272383094
668,0.42714914083480837,0.22679046988487245,0.13158254623413085,0.07074961960315704,0.09155287891626358,0.01091385241597891,0.3971441924571991,0.21889673471450805,0.12019513100385666,0.0569206714630127,0.087408247590065,0.0032590460032224655,0.2677830960601568
669,0.4431907057762146,0.239163601398468,0.12859444171190262,0.08838012367486954,0.08830234706401825,0.010339245200157166,0.38262673616409304,0.21567659974098205,0.11948907375335693,0.03727101236581802,0.0864916279911995,0.002969271643087268,0.24622098575346174
670,0.43692331314086913,0.23504209220409394,0.12952975928783417,0.07969701290130615,0.0899761214852333,0.010416732542216778,0.418709522485733,0.2159150630235672,0.13635214567184448,0.06836001127958298,0.0982523187994957,0.003122972045093775,0.30608744779601693
671,0.4426384329795837,0.23571037650108337,0.13239845782518386,0.08530081287026406,0.09113278985023499,0.00992231462150812,0.4081121444702148,0.22321740686893463,0.11903540790081024,0.07384873330593109,0.08636042922735214,0.0029888972640037537,0.2822334676980972
672,0.4438437819480896,0.23824353516101837,0.1341592252254486,0.0754774883389473,0.09345805943012238,0.010462606139481068,0.4181291162967682,0.2261767119169235,0.13253775835037232,0.055074221640825274,0.09602982103824616,0.0030236800201237203,0.28666548104956746
673,0.4406347632408142,0.24299130141735076,0.13468350172042848,0.05897258147597313,0.09357056021690369,0.010349806398153305,0.43111313581466676,0.2387036681175232,0.1251872807741165,0.07562482059001922,0.08990814983844757,0.0029932491481304167,0.29371350035071375
674,0.43854010105133057,0.23205122947692872,0.13246902227401733,0.0843913123011589,0.09090814292430878,0.010215096734464168,0.38572020530700685,0.21584511399269105,0.11984029412269592,0.03899182938039303,0.08823335915803909,0.003179493872448802,0.25024497653357686
675,0.4479744553565979,0.2462757408618927,0.13353178799152374,0.06995605528354645,0.09281010329723358,0.010206709988415242,0.41909409761428834,0.22999210953712462,0.12831996530294418,0.05978444516658783,0.09272220581769944,0.0033251090906560423,0.2841517253778875
676,0.4280262470245361,0.2263400137424469,0.13341365456581117,0.06769557520747185,0.09303477555513381,0.011566923931241035,0.41092467308044434,0.22503801584243774,0.1316540867090225,0.043345218151807786,0.09600096344947814,0.0034086482599377634,0.2744089165702462
677,0.4318519949913025,0.22834669947624206,0.12899009734392167,0.08571534752845764,0.08885936588048934,0.010418881103396416,0.42012437582015993,0.24383614659309388,0.12213507890701295,0.04955720752477646,0.08812365531921387,0.0033120275940746067,0.26312796934507793
678,0.44360957741737367,0.24215431213378907,0.13290202915668486,0.07203242778778077,0.09229137748479843,0.009566639922559262,0.41835556626319886,0.2272283613681793,0.1284803569316864,0.0626596599817276,0.09339615553617478,0.0030872279312461615,0.28762340038083495
679,0.4260145127773285,0.23194461464881896,0.12360616475343704,0.07971894890069961,0.0854318916797638,0.009964939393103122,0.39111443161964415,0.22172439992427825,0.1218644917011261,0.03521326184272766,0.08866374641656875,0.003124911617487669,0.24886641157791017
680,0.4342924475669861,0.24359058141708373,0.12519440650939942,0.07004819661378861,0.08639136254787445,0.00955600682646036,0.4061879575252533,0.22529079020023346,0.13030526638031006,0.037084174901247026,0.09496440291404724,0.0031972160097211598,0.2655510602053255
681,0.4486573874950409,0.24464483857154845,0.13202986270189285,0.07808244973421097,0.09147056788206101,0.010694031044840813,0.3856584370136261,0.21808472275733948,0.12239917516708373,0.02862107828259468,0.08989561945199967,0.0030971179716289044,0.244012990873307
682,0.44336389303207396,0.24602409899234773,0.12985122501850127,0.06960029751062394,0.09033806622028351,0.010394256375730038,0.40749741792678834,0.21480095386505127,0.13097981959581376,0.06251510381698608,0.0934969425201416,0.0035029242280870676,0.2904947901610285
683,0.4417141556739807,0.23740119636058807,0.12973491102457047,0.08369158431887627,0.09051266461610794,0.010124346613883973,0.41306052803993226,0.23697853684425355,0.12316040843725204,0.0449448823928833,0.0900047704577446,0.002892231522127986,0.2610022928100079
684,0.43898133039474485,0.23009473383426665,0.13439062237739563,0.08223208039999008,0.0932267427444458,0.010497849620878696,0.39864295721054077,0.2258837938308716,0.11860228925943375,0.049491500854492186,0.08652165234088897,0.003129444923251867,0.2577448873780668
685,0.42613811492919923,0.2293769359588623,0.1304062321782112,0.06827233657240868,0.08993091881275177,0.01070138942450285,0.384504634141922,0.22248692214488983,0.11309842467308044,0.0406609408557415,0.08313863426446914,0.002856290666386485,0.23975429045967755
686,0.43350318670272825,0.23887670636177064,0.12684168815612792,0.07190464809536934,0.08832348436117173,0.009899760223925113,0.3916055977344513,0.21206781268119812,0.11790351569652557,0.06624971330165863,0.08544449657201766,0.0028809608425945043,0.2724786864127964
687,0.4500321865081787,0.23917899429798126,0.1306319147348404,0.09618628025054932,0.09029057770967483,0.010219301283359527,0.41588340401649476,0.23446290493011473,0.12426628470420838,0.053996650874614714,0.0901566281914711,0.0030462798662483693,0.2714658436365426
688,0.4412649154663086,0.23663027584552765,0.13074434846639632,0.08250762447714806,0.09075753092765808,0.010358752310276031,0.3975318789482117,0.21055749654769898,0.13004825711250306,0.050654664635658264,0.09437672048807144,0.003208856051787734,0.2782884982880205
689,0.43414708971977234,0.23412321805953978,0.12861729562282562,0.07903810143470764,0.08903653174638748,0.010228071920573711,0.3768717646598816,0.20548855066299437,0.12111846953630448,0.0401686355471611,0.08858452588319779,0.003078771010041237,0.2529504019767046
690,0.44579973816871643,0.2395653247833252,0.13199494481086732,0.08401585146784782,0.09078225642442703,0.010638231784105301,0.39663179516792296,0.21465981602668763,0.12613535225391387,0.05244952589273453,0.09060397744178772,0.002965070027858019,0.2721539256162941
691,0.45164220333099364,0.24695851504802704,0.131880584359169,0.08153775483369827,0.09077034145593643,0.010291684605181216,0.4183947086334229,0.22601962685585023,0.12995359003543855,0.060637788474559785,0.09462336450815201,0.0035086038522422315,0.2887233468703925
692,0.4404513299465179,0.234580859541893,0.13446359038352967,0.07588621005415916,0.09328978508710861,0.010579677484929561,0.4139447629451752,0.2020352900028229,0.13701984286308289,0.08636142611503601,0.09781117290258408,0.0034395148511976005,0.32463195673190054
693,0.443598085641861,0.24298840761184692,0.12891979217529298,0.07949975728988648,0.08957478106021881,0.00975014828145504,0.41017510890960696,0.22377768754959107,0.1265305757522583,0.059933076798915866,0.09097035378217697,0.0031360735185444353,0.2805700798518956
694,0.43402996063232424,0.23391149342060089,0.12810327857732773,0.0787320077419281,0.08943862915039062,0.010374547354876995,0.37985904812812804,0.2025701403617859,0.12507160305976867,0.04261880815029144,0.0913960337638855,0.002925237733870745,0.2620116827078164
695,0.4424921452999115,0.24377024173736572,0.13132671117782593,0.07071597427129746,0.09055668115615845,0.010205544531345367,0.3986320078372955,0.20909594595432282,0.12205439507961273,0.0760856181383133,0.08820512145757675,0.003229910088703036,0.2895750447642058
696,0.4377587914466858,0.2420383721590042,0.12816527783870696,0.07094288840889931,0.08892696499824523,0.010341956093907357,0.4085054576396942,0.220374795794487,0.12508752644062043,0.066738560795784,0.0902131125330925,0.00286359004676342,0.2849027898162603
697,0.42613521218299866,0.23568431437015533,0.12482022941112518,0.06923554837703705,0.08678704053163529,0.009479928202927113,0.4084697663784027,0.21583136320114135,0.12422547489404678,0.07716672420501709,0.08951420933008195,0.003468687180429697,0.29437509560957553
698,0.44277224540710447,0.23701582551002504,0.13108222484588622,0.08536762446165085,0.09076554328203201,0.009665635600686073,0.4168486356735229,0.23259118795394898,0.1223359763622284,0.06618836224079132,0.0878282606601715,0.003095712885260582,0.2794483121484518
699,0.44153457283973696,0.24114834368228913,0.13196465075016023,0.07048827260732651,0.09216741621494293,0.009989056922495364,0.3891998529434204,0.20152150392532348,0.12536207735538482,0.06369098126888276,0.09098251909017563,0.0030990056693553925,0.2831345833837986
700,0.44649857878684995,0.24463206231594087,0.1318795010447502,0.07456596940755844,0.0914243221282959,0.010313524678349496,0.4000628650188446,0.21254950761795044,0.13303494453430176,0.04477276336401701,0.09620242267847061,0.0034387461375445126,0.2774488767143339
701,0.44446276426315307,0.23444820642471315,0.13733599185943604,0.07734746038913727,0.09519013166427612,0.010689570382237435,0.39996175169944764,0.2215259552001953,0.12003514468669892,0.05817989110946655,0.08725878447294236,0.0029564080759882927,0.2684302283450961
702,0.44905346632003784,0.23722473680973052,0.13558050692081453,0.08633396923542022,0.09348623603582382,0.010550352558493615,0.4146703898906708,0.2235381156206131,0.12709477543830872,0.06707118451595306,0.09204049557447433,0.0028697343077510595,0.2890761898364872
703,0.4390561401844025,0.24144372045993806,0.1297370731830597,0.07094613313674927,0.09007611870765686,0.01027812771499157,0.41357338428497314,0.21109983921051026,0.1308061569929123,0.07856293320655823,0.09538304209709167,0.003437054483219981,0.30818918677978213
704,0.4451606035232544,0.2371688574552536,0.13578869253396988,0.07760025709867477,0.0938712164759636,0.010608646087348461,0.430674147605896,0.22486881017684937,0.13349685966968536,0.08303344249725342,0.09528070390224457,0.003227820200845599,0.31503882627002894
705,0.4369260728359222,0.23298690021038054,0.13436940014362336,0.07300547063350678,0.09307326823472976,0.010254950448870658,0.40546177625656127,0.20800987482070923,0.1315136432647705,0.06883324086666107,0.09482413977384567,0.003506174124777317,0.29867719803005455
706,0.4481800734996796,0.23888720571994781,0.13296539783477784,0.08557638451457024,0.09211526662111283,0.011295299045741558,0.4303797483444214,0.2385461837053299,0.12425446510314941,0.07495539635419846,0.09013352245092392,0.002993003278970718,0.29233638718724253
707,0.4270268678665161,0.2281695932149887,0.13159958720207215,0.06822909340262413,0.09169385135173798,0.010355851799249648,0.39980179667472837,0.2249513864517212,0.12227559089660645,0.04509678184986114,0.08907529562711716,0.002984243957325816,0.2594319123309106
708,0.42576252222061156,0.23009604811668397,0.12847843021154404,0.0692244328558445,0.08952303528785706,0.010417135246098042,0.4252497434616089,0.24240375459194183,0.12165311574935914,0.06370222270488739,0.08836664259433746,0.0025738246273249387,0.2762958056759089
709,0.46031593084335326,0.24653865098953248,0.13465691208839417,0.09057604968547821,0.09343785047531128,0.011032778024673461,0.40236899852752683,0.21922977566719054,0.12272675037384033,0.06028548702597618,0.08948481678962708,0.0030689830891788006,0.2755660372786224
710,0.43378835916519165,0.24166541993618013,0.12734202146530152,0.06528977528214455,0.08861301839351654,0.010277170315384864,0.40188146829605104,0.22090572714805604,0.12541424632072448,0.05130202397704124,0.0906304344534874,0.0028388163074851034,0.2701855210587382
711,0.4378878831863403,0.23692304491996766,0.1363448143005371,0.061175016313791276,0.09525286108255386,0.009931508265435696,0.4040484607219696,0.2229594111442566,0.12721564769744872,0.046194709837436676,0.09208848923444748,0.00327908881008625,0.26877793557941915
712,0.4335214853286743,0.23428145945072174,0.1308198481798172,0.07059898972511292,0.09085780531167983,0.010961139388382436,0.4133473575115204,0.22049455642700194,0.13223013877868653,0.05649572014808655,0.09634818881750107,0.0030595033429563047,0.28813355108723043
713,0.42692832350730897,0.23488386273384093,0.12847197949886321,0.06362822204828263,0.08903518617153168,0.00994166750460863,0.40019385814666747,0.2264648199081421,0.11977572292089463,0.0501501239836216,0.08623268306255341,0.0036191980820149184,0.2597777280490846
714,0.43284910917282104,0.2380090743303299,0.12933661043643951,0.0659664399921894,0.0900096595287323,0.010255479253828526,0.3765108108520508,0.2173491060733795,0.11191835850477219,0.03843655958771706,0.08191605657339096,0.002954526897519827,0.23522550156340002
715,0.42338351011276243,0.23723495304584502,0.12509164065122605,0.0587154395878315,0.08740362077951432,0.009773425012826919,0.4308052182197571,0.23468295633792877,0.133473539352417,0.06131470203399658,0.09672793298959732,0.002857473632320762,0.29437364800833166
716,0.4451251268386841,0.24509348273277282,0.12908048331737518,0.07818901985883712,0.08933283984661103,0.010091512463986874,0.4148800015449524,0.22615500092506408,0.12658101618289946,0.06321292072534561,0.091570383310318,0.0032251869328320027,0.2845895071513951
717,0.4426135182380676,0.23693489730358125,0.13180494755506517,0.08351018279790878,0.09122942239046097,0.00970234740525484,0.41745495796203613,0.2233373701572418,0.13312496542930602,0.056568479537963866,0.09696054756641388,0.00330043057911098,0.2899544231127948
718,0.42887172698974607,0.23925169110298156,0.12470096945762635,0.06740152016282082,0.08638129085302353,0.010267846472561359,0.4060975253582001,0.21288686990737915,0.13318349719047545,0.056700792908668515,0.0959978386759758,0.0032438097521662714,0.289125938527286
719,0.4427532136440277,0.24270003736019136,0.1270134598016739,0.08357709646224976,0.08775503188371658,0.010004095919430255,0.38464160561561583,0.19980940222740173,0.12204959094524384,0.06638500988483428,0.08841524869203568,0.0031423622742295263,0.2799922117963433
720,0.4382080674171448,0.23843481242656708,0.12820143699645997,0.07973696142435074,0.08866310715675355,0.010201341658830642,0.39250861406326293,0.2117257982492447,0.12682733833789825,0.044728292524814604,0.09269544631242752,0.003299372550100088,0.2675504497252405
721,0.4451927959918976,0.24494572281837462,0.13037892282009125,0.07533664256334305,0.09002066403627396,0.01052659060806036,0.4141234755516052,0.22220581769943237,0.12714320421218872,0.06779421716928483,0.09220319539308548,0.0032082103192806245,0.2903488270938397
722,0.44958887100219724,0.240435329079628,0.1355569064617157,0.08002114668488503,0.09388935714960098,0.01067879367619753,0.3680548846721649,0.2074105352163315,0.11581473648548127,0.03104010410606861,0.08491823524236679,0.003283831849694252,0.2350569076836109
723,0.43829071521759033,0.24124485552310942,0.1326635241508484,0.06165791153907776,0.09252450317144394,0.010515184700489044,0.3837165474891663,0.21186898350715638,0.12070445716381073,0.04307897537946701,0.08768393099308014,0.0032455994747579097,0.2547129630111158
724,0.44813823103904726,0.24522149562835693,0.1311284691095352,0.07870821207761765,0.09096616059541703,0.010046031512320041,0.4053757071495056,0.22466731071472168,0.1252300500869751,0.04954936504364014,0.09122444242238999,0.0029917845036834478,0.26899564205668863
725,0.43342448472976686,0.23745752573013307,0.1299210786819458,0.06732258126139641,0.09035647064447402,0.009983793646097184,0.38129451870918274,0.19993975162506103,0.12516741156578065,0.04980623871088028,0.0919560045003891,0.0027313560247421266,0.2696610108017921
726,0.4422141134738922,0.23979980051517485,0.12965622544288635,0.08134177625179291,0.09023442417383194,0.009544136561453342,0.41316039562225343,0.2215717077255249,0.13450218439102174,0.04797030687332153,0.09797820895910263,0.0033917316235601903,0.28384243184700614
727,0.4422991514205933,0.24213397204875947,0.12952971905469896,0.07792469412088394,0.08949386477470397,0.009920156747102737,0.4077179551124573,0.218829008936882,0.12486231923103333,0.06683184057474137,0.09092102497816086,0.0030297746416181326,0.2856449594255537
728,0.43184879422187805,0.2390110343694687,0.1264144465327263,0.06951677203178405,0.08770709931850433,0.010235773772001267,0.39363038539886475,0.21242813169956207,0.12411161661148071,0.052710069715976714,0.09034221768379211,0.0034988557919859884,0.27066275980323556
729,0.43928064703941344,0.2322485476732254,0.1345447212457657,0.0781219758093357,0.09319674372673034,0.010717156156897546,0.3788940668106079,0.21005463600158691,0.12538417875766755,0.023346078395843507,0.09241239279508591,0.0029455925337970256,0.244088242482394
730,0.4368005931377411,0.24659936130046844,0.12597994655370712,0.06545562893152237,0.08762832880020141,0.009792992658913136,0.39675567150115965,0.22063571810722352,0.12331473678350449,0.044525085389614104,0.0900343894958496,0.0030937982723116876,0.2609680099412799
731,0.43373767733573915,0.244327911734581,0.1253861293196678,0.065447236597538,0.08710692971944808,0.009837359748780727,0.414495450258255,0.23627341985702516,0.12054632008075714,0.057717591524124146,0.08727263659238815,0.002596307126805186,0.26813285532407466
732,0.44176483154296875,0.2458807796239853,0.12677132189273835,0.07533118277788162,0.08806305080652237,0.009671083651483059,0.404671972990036,0.21962592303752898,0.13477167785167693,0.03602785691618919,0.0975052386522293,0.003058607270941138,0.2713633806910366
733,0.4495823621749878,0.24721573889255524,0.12817454636096953,0.08491599559783936,0.08850211054086685,0.010456060990691185,0.415469628572464,0.22959658801555632,0.12490545511245728,0.060614725947380065,0.09085259288549423,0.0032290987204760314,0.2796018726658076
734,0.43243194818496705,0.23336410224437715,0.12935316264629365,0.07555420696735382,0.08990198969841004,0.009588825330138207,0.4129902184009552,0.22822057604789733,0.12732030749320983,0.05103204995393753,0.09342758059501648,0.0030941647477447987,0.27487410278990865
735,0.4335970103740692,0.24269751012325286,0.12748339921236038,0.06428620293736458,0.08826897144317628,0.00963674820959568,0.39725648760795595,0.22043415307998657,0.12494316101074218,0.042836688831448554,0.09053259044885635,0.003428334463387728,0.26174077475443486
736,0.4388591468334198,0.2452538162469864,0.12705765813589096,0.06834442913532257,0.08894637674093246,0.009939868003129959,0.4274516522884369,0.23084943294525145,0.13615212738513946,0.05656631886959076,0.09832115620374679,0.0027454820927232506,0.2937850845512003
737,0.4383548736572266,0.23965603709220887,0.12901852130889893,0.07493065446615219,0.08971956074237823,0.010006722994148731,0.3940416932106018,0.20220957994461058,0.13734517991542816,0.041976450383663176,0.09991652369499207,0.003221076633781195,0.2824592306278646
738,0.43967825174331665,0.23412170708179475,0.13641258776187898,0.07059158384799957,0.0946696549654007,0.010549703612923622,0.39660097360610963,0.200253689289093,0.13395230174064637,0.059421107172966,0.09738863259553909,0.003245608974248171,0.29400765048339966
739,0.4504351675510406,0.24251110553741456,0.13251614272594453,0.08484484553337097,0.09191087782382965,0.01047527026385069,0.4047855079174042,0.2047999083995819,0.1377388745546341,0.05833177715539932,0.09964404553174973,0.003294577542692423,0.29900927478447553
740,0.4381608426570892,0.23846372961997986,0.1288403868675232,0.07713487297296524,0.08931024521589279,0.010570336878299714,0.40803096294403074,0.23349857330322266,0.12148840129375457,0.04622606560587883,0.08845180720090866,0.0031761967577040194,0.2593424708582461
741,0.4438910663127899,0.23954564034938813,0.1287083089351654,0.08697466403245926,0.08922276496887208,0.010401689074933529,0.41098237633705137,0.22554526329040528,0.12947402596473695,0.04781852960586548,0.09464561641216278,0.0030646149069070818,0.2750027868896723
742,0.43731699585914613,0.24321661293506622,0.1277870401740074,0.07017655298113823,0.08815067410469055,0.009954158030450345,0.39682050347328185,0.2362110733985901,0.11073912680149078,0.04491830468177795,0.08075575530529022,0.0028927783947438,0.23930596518330277
743,0.4426609992980957,0.23843323886394502,0.13278355598449706,0.07732071727514267,0.09203700870275497,0.01019800491631031,0.4262075304985046,0.23760225772857665,0.12982515692710878,0.055408093333244327,0.0941118597984314,0.002681148052215576,0.28202625811100007
744,0.4524082183837891,0.2384289026260376,0.13962967395782472,0.07946410179138183,0.09718984961509705,0.01034651417285204,0.40156405568122866,0.22761473655700684,0.1219544917345047,0.04543309807777405,0.08825871348381042,0.0028525893576443195,0.2584988926537335
745,0.4324777007102966,0.2325746536254883,0.13124005496501923,0.07154498770833015,0.09104043245315552,0.010671579651534558,0.3866026759147644,0.2102432519197464,0.12389771938323975,0.04439079165458679,0.09020227044820786,0.002875585434958339,0.2613663669209928
746,0.4412968933582306,0.2464823305606842,0.1286872074007988,0.06832885593175889,0.08935812413692475,0.00992627628147602,0.40786383748054506,0.22256486415863036,0.12782659828662873,0.052764564752578735,0.09266688078641891,0.00333788781426847,0.2765959316398948
747,0.43551262021064757,0.2323522686958313,0.13001154214143754,0.08158531486988067,0.09028523564338684,0.010109554789960385,0.41303800940513613,0.22393580079078673,0.12226308286190032,0.07572870850563049,0.08810741305351258,0.002855559391900897,0.2889547638129443
748,0.44601327180862427,0.2433619737625122,0.1306040555238724,0.07941115051507949,0.09080039560794831,0.009776136837899685,0.37946847081184387,0.2270399421453476,0.10266985297203064,0.04727714881300926,0.07532641738653183,0.0030408948194235565,0.22831431399099528
749,0.4391524612903595,0.24390040338039398,0.13003265708684922,0.06499710157513619,0.0906246319413185,0.010160779021680355,0.4058915197849274,0.22806305289268494,0.12377429455518722,0.04897546172142029,0.08931731581687927,0.003051842888817191,0.265118914982304
750,0.44063074588775636,0.24008379876613617,0.1333148241043091,0.07000012695789337,0.09155377447605133,0.010479556955397129,0.3778595566749573,0.2156436026096344,0.11365392208099365,0.04037548154592514,0.08311419486999512,0.0029814714100211857,0.2401250699069351
751,0.43791099786758425,0.2413366138935089,0.126837320625782,0.07765359431505203,0.08758610188961029,0.009632611647248268,0.35939449071884155,0.18297457098960876,0.12772522270679473,0.03594938218593598,0.09252229779958725,0.0029433220624923706,0.25914022475481036
752,0.44569397568702696,0.24821700155735016,0.12908480763435365,0.0730253778398037,0.08939283490180969,0.010041514970362186,0.37903681993484495,0.21379517912864685,0.11215932071208953,0.05007946640253067,0.08206487596035003,0.0029391033574938776,0.2472427664324641
753,0.4295977234840393,0.22901029288768768,0.13130001574754716,0.07360769733786583,0.09092503935098648,0.010297918133437634,0.41187926530838015,0.2284332573413849,0.12574655711650848,0.05481979250907898,0.09111332595348358,0.0029278559144586326,0.2746075314935297
754,0.44309468269348146,0.2374821901321411,0.1323050230741501,0.08084960579872132,0.09140626788139343,0.01089842114597559,0.394681578874588,0.20922671258449554,0.12489323019981384,0.060311833024024965,0.09054741710424423,0.003292749775573611,0.2790452301036566
755,0.4283183813095093,0.23607012629508972,0.12577246278524398,0.07009858191013336,0.08733536303043365,0.00996768455952406,0.430831241607666,0.22698548436164856,0.13566784858703612,0.07208051383495331,0.0979432687163353,0.0028975958004593847,0.30858922693878416
756,0.42576218247413633,0.23288794457912446,0.12867608517408372,0.06393197327852249,0.08968812823295594,0.009831549972295761,0.38390414118766786,0.20431679487228394,0.12731182873249053,0.040132617205381395,0.0934639811515808,0.003430195152759552,0.2643386222422123
757,0.42874063849449157,0.23242949247360228,0.12883878797292708,0.07061330154538155,0.08959088772535324,0.00999172143638134,0.39051035046577454,0.21232933402061463,0.12568641304969788,0.04301769137382507,0.09162961840629577,0.0031419313978403806,0.26347565422765906
758,0.4498911023139954,0.2440762311220169,0.13313948810100557,0.08063510879874229,0.09225999414920807,0.0095251040533185,0.4110498785972595,0.228161284327507,0.12403305768966674,0.05693388283252716,0.09044937193393707,0.0027939286082983017,0.27421024106442926
759,0.42371827363967896,0.2400166720151901,0.12182339280843735,0.061959334462881085,0.08500946313142776,0.009715386852622031,0.4205563485622406,0.2260991245508194,0.13273325711488723,0.0592358872294426,0.09614246338605881,0.0033288080245256423,0.29144041575491425
760,0.44967314004898074,0.24256015121936797,0.1329203724861145,0.08240329176187515,0.09190966784954072,0.010773535817861557,0.3838606059551239,0.1989160507917404,0.13374599516391755,0.03680170476436615,0.09750491231679917,0.0030940201599150897,0.271146632404998
761,0.44644864201545714,0.2519398629665375,0.12722073793411254,0.07025293558835984,0.08864810019731521,0.010176921263337135,0.4062957942485809,0.22611743509769439,0.11882323920726776,0.0639204278588295,0.08681567162275314,0.00284408638253808,0.2724034250713885
762,0.43918395042419434,0.23735528886318208,0.13182860016822814,0.07417990937829018,0.09176520556211472,0.010084585659205914,0.41760569214820864,0.231514835357666,0.12093641012907028,0.07157801687717438,0.08766452968120575,0.003098743222653866,0.28327769991010426
763,0.4420797109603882,0.24391814172267914,0.12923514395952224,0.07386592850089073,0.0891495794057846,0.010659204050898551,0.4067852020263672,0.21582818031311035,0.13168345391750336,0.05471808314323425,0.0957555890083313,0.0028580548241734505,0.28501518089324235
764,0.44445133209228516,0.24981147646903992,0.13056869208812713,0.06178338825702667,0.09103951007127761,0.010606150142848492,0.4084368646144867,0.20190061628818512,0.1363424241542816,0.07679498642683029,0.0978453889489174,0.003031672118231654,0.3140144716482609
765,0.4303324818611145,0.24442004561424255,0.12573433816432952,0.05777871906757355,0.08761723637580872,0.009340938925743104,0.3999886929988861,0.21889040172100066,0.12315847277641297,0.05536501854658127,0.08962657898664475,0.003157089790329337,0.27130716009996836
766,0.44247405529022216,0.240085431933403,0.1309183046221733,0.07770363390445709,0.0908451110124588,0.010332222282886504,0.40787004232406615,0.21426724791526794,0.1280511200428009,0.07117222845554352,0.09202573001384735,0.0028077214024960994,0.29405679991468786
767,0.44347397685050965,0.23691910803318023,0.1349037081003189,0.07691597491502762,0.09353427141904831,0.010158232226967812,0.41501727104187014,0.22747018039226533,0.1271382302045822,0.05908820629119873,0.09235424995422363,0.002970855263993144,0.2815515417139977
768,0.4578188419342041,0.2473592311143875,0.13404611945152284,0.08629612177610398,0.0927282601594925,0.010800337977707386,0.40459457635879514,0.21744694709777831,0.12242341488599777,0.07037447690963745,0.08871916383504867,0.0028993548825383187,0.28441641051322225
769,0.4424645185470581,0.2366115480661392,0.13204401433467866,0.08270396441221237,0.09132719337940216,0.010216835886240005,0.3967714309692383,0.21851460933685302,0.11995643377304077,0.057689933478832243,0.08716996759176254,0.0032337899785488842,0.26805012482218443
770,0.4327741861343384,0.23639826774597167,0.1293124735355377,0.0695475086569786,0.08979310095310211,0.010218336805701255,0.41052806973457334,0.2196109801530838,0.1353166550397873,0.045230887830257416,0.0984005257487297,0.003203975036740303,0.2821520436555147
771,0.44858687520027163,0.2452073484659195,0.1294699192047119,0.08377720415592194,0.0893520548939705,0.010577013343572616,0.3877476692199707,0.2052651137113571,0.1264727383852005,0.05060280561447143,0.09157593250274658,0.003384088119491935,0.2720355646219105
772,0.4446666300296783,0.24083768129348754,0.13042766600847244,0.0814752034842968,0.09080877751111985,0.010098174959421159,0.41122915744781496,0.22563472986221314,0.1230512022972107,0.06535001695156098,0.08942988663911819,0.0028055897448211907,0.28063669563271104
773,0.4490243077278137,0.2387077897787094,0.13743655979633332,0.07832859978079795,0.0947617158293724,0.010960330441594123,0.39957583546638487,0.22330744862556456,0.12408030331134796,0.04408401995897293,0.0902613028883934,0.0027498739771544935,0.26117550013586877
774,0.43896284103393557,0.2399543970823288,0.13180557787418365,0.0692712277173996,0.09160336256027221,0.009809547848999501,0.3946428239345551,0.2113978773355484,0.1225021794438362,0.06272597014904022,0.08849926441907882,0.003045120183378458,0.27677253419533365
775,0.44330191016197207,0.24304555654525756,0.12943730801343917,0.0768474169075489,0.09026571214199067,0.00978324692696333,0.40422834157943727,0.20997706949710845,0.1308419719338417,0.06417671740055084,0.09476374089717865,0.0028260072227567433,0.2926084374543279
776,0.4337106704711914,0.2430007964372635,0.13009454011917115,0.056039667874574664,0.09027179777622223,0.010529977083206177,0.4135634183883667,0.21755552291870117,0.13129182755947114,0.06542584896087647,0.09538285285234452,0.003237419668585062,0.2953379490412772
777,0.4429215669631958,0.24710164070129395,0.126212078332901,0.07637465298175812,0.08766050934791565,0.00980861894786358,0.4034749448299408,0.20422486662864686,0.12925939559936522,0.08020680844783783,0.09251634329557419,0.00285801668651402,0.30484056402929127
778,0.4326606154441833,0.23534375429153442,0.1263260319828987,0.07929931953549385,0.08726031631231308,0.010348382964730262,0.39404119849205016,0.22317430675029754,0.12311244904994964,0.03414669930934906,0.09010925441980362,0.003040115628391504,0.25040851840749384
779,0.4380496621131897,0.23987870514392853,0.13292949199676513,0.06463100388646126,0.09224510043859482,0.010208052955567837,0.40867029428482055,0.22255030870437623,0.12866564095020294,0.051671217381954196,0.09387647956609727,0.002964354958385229,0.2771776928566396
780,0.44364866614341736,0.23395849764347076,0.1359763354063034,0.07986027896404266,0.09464335888624191,0.010183564573526382,0.43944994211196897,0.23900409936904907,0.13617123961448668,0.06222754120826721,0.09908544272184372,0.003087134659290314,0.3005713582038879
781,0.428903603553772,0.23041971623897553,0.1328003630042076,0.06573275178670883,0.09176730811595916,0.010642878524959088,0.3876896917819977,0.21092042326927185,0.12061807513237,0.05392047166824341,0.08742765337228775,0.0029604687821120023,0.26492666895501316
782,0.4269230544567108,0.23323010504245759,0.12911999523639678,0.06252602562308311,0.08996811211109161,0.011288327910006047,0.4034699976444244,0.24260520339012145,0.11510848999023438,0.0352240115404129,0.08372990041971207,0.002812369912862778,0.23687477186322212
783,0.4196184515953064,0.22971852719783784,0.1267581433057785,0.06279348880052567,0.08789355009794235,0.010329378210008145,0.38752350211143494,0.20154964923858643,0.12681503295898439,0.05597130060195923,0.09241817444562912,0.0030893015675246714,0.27829380957409744
784,0.4438024401664734,0.2375387191772461,0.13477241694927217,0.07559932768344879,0.09363882094621659,0.010627180337905884,0.3989607334136963,0.22036545872688293,0.12472998797893524,0.045908376574516296,0.09105345010757446,0.0031752312090247868,0.2648670458700508
785,0.44503767490386964,0.24407697319984437,0.131695556640625,0.07330848425626754,0.09135888814926148,0.010142584331333637,0.4117373526096344,0.2163429707288742,0.12839616537094117,0.0715607762336731,0.09336489886045456,0.002930001309141517,0.2962518417742103
786,0.44595360159873965,0.24235730171203612,0.13313556015491484,0.07491493821144105,0.09228383898735046,0.010410321317613125,0.40893552303314207,0.22899045348167418,0.1290251612663269,0.040056821703910825,0.09335755407810212,0.0029236027039587498,0.26536313975229864
787,0.44838584661483766,0.24325602054595946,0.13386156857013704,0.07449235320091248,0.09343877732753754,0.010734397545456886,0.4002572000026703,0.22191361784935,0.12519885003566741,0.043935772776603696,0.09149402230978013,0.0032603568863123654,0.26388900200836357
788,0.43873244524002075,0.23609673082828522,0.12971030175685883,0.08202097564935684,0.08993984609842301,0.009757469594478606,0.3826430678367615,0.21702743470668792,0.11603187322616577,0.04241980910301209,0.08457878828048707,0.002587153250351548,0.24561762386001648
789,0.4203775703907013,0.23040572702884674,0.12674159109592437,0.06386138498783112,0.0876258909702301,0.010063514299690723,0.39013753533363343,0.21937652826309204,0.11717158257961273,0.05005417615175247,0.08488423824310302,0.0032341260462999343,0.25534412302076814
790,0.4527391254901886,0.2461540013551712,0.1335253819823265,0.07944634109735489,0.09235085994005203,0.011069164983928204,0.4177800118923187,0.23124818205833436,0.12607729732990264,0.05937840193510056,0.09169232696294785,0.003016662923619151,0.28016468915157017
791,0.42822479009628295,0.23859460651874542,0.12815729826688765,0.058521718531847,0.08935879021883011,0.009902683086693287,0.4050340175628662,0.21187919974327088,0.1323157399892807,0.057973796129226686,0.09571487605571746,0.003278871439397335,0.28928328361362216
792,0.4400209069252014,0.23242948353290557,0.12977272570133208,0.09078340083360673,0.09007132202386856,0.010345796309411525,0.4346009433269501,0.23497793674468995,0.13392860889434816,0.06820996552705764,0.09629260152578353,0.003230168577283621,0.301661344524473
793,0.4317756533622742,0.23622616827487947,0.12748957574367523,0.07154046595096589,0.08876538425683975,0.010384390875697137,0.40918375849723815,0.2238105833530426,0.12457595467567444,0.060422484576702115,0.09086397439241409,0.0028713842388242484,0.2787337978836149
794,0.43811970949172974,0.2464474618434906,0.12918582260608674,0.06019905209541321,0.09000233113765717,0.009967830963432789,0.3850021243095398,0.2138858199119568,0.12253029346466064,0.037351351231336594,0.08909367024898529,0.0029739851132035257,0.25194930005818605
795,0.4286340057849884,0.2284790962934494,0.13079268634319305,0.07389049530029297,0.09088002443313599,0.009904704242944717,0.3922008812427521,0.22548370957374572,0.1161713495850563,0.0443736270070076,0.08443206995725631,0.0028751810546964406,0.24785222760401668
796,0.4277493178844452,0.22975156903266908,0.1288219004869461,0.0746654063463211,0.08933553099632263,0.009883678704500198,0.3954451858997345,0.22006380259990693,0.12403472065925598,0.041905855759978294,0.09039009660482407,0.002887161448597908,0.25921783447265623
797,0.4595645725727081,0.24838349223136902,0.13289633095264436,0.09128377735614776,0.09205523729324341,0.01005114521831274,0.38948920369148254,0.2081325501203537,0.12654965221881867,0.049989660084247586,0.09121939390897751,0.002667991304770112,0.2704266975168139
798,0.4434894025325775,0.24030951261520386,0.12680058032274247,0.08869868516921997,0.08811150044202805,0.010455359891057014,0.38182452917098997,0.20848729610443115,0.11915458142757415,0.05070095583796501,0.08632485270500183,0.0029779966920614243,0.25915838666260244
799,0.43416595458984375,0.23207331001758574,0.13021235466003417,0.08017739057540893,0.0899657279253006,0.00990293174982071,0.38783167004585267,0.19211540520191192,0.13289202153682708,0.06282061934471131,0.0956582173705101,0.0031453635543584823,0.29451622180640696
800,0.4506307661533356,0.24513753056526183,0.13513180911540984,0.07315260171890259,0.09427941292524337,0.010102320089936256,0.4235533535480499,0.2325723350048065,0.12573858201503754,0.06992326080799102,0.09115156382322312,0.0028550447896122932,0.28966845143586395
