sample_id,source_name,source_row,pattern,m,n,tcrease,tpanel,W,creaseE,panelE,bendstiff30,bendstiff60,bendstiff90,axialstiff30,axialstiff60,axialstiff90
miura_00001,miura,1,1,24,9,0.0005335106221225,0.00325236377188592,0.00186716211866577,2524177304.62651,3215885086.86058,133869.551931075,40705.0730782034,18639.255146931,12418.981920453,23592.906128434,250199.689454778
miura_00002,miura,2,1,36,6,0.000615809719279119,0.00534725820865777,0.00300261217876159,4387656204.1285,3525808233.69093,383991.359302586,167436.945540865,50796.9204307806,27604.6091651444,55164.2092642921,408322.029621885
miura_00003,miura,3,1,36,9,0.000882369199859756,0.00496421459441006,0.00227882058001851,1508184050.47757,4519218088.69084,501290.919216185,148242.860099923,42065.6466622647,38814.6635536106,74855.7416017229,616917.192224209
miura_00004,miura,4,1,30,9,0.000724403307076035,0.0015040919902165,0.00236213636560887,4745892771.55499,4386203973.0984,20123.0417247731,6830.27008845333,5456.1407822165,44203.7061503281,69487.8254479921,296683.396228401
miura_00005,miura,5,1,36,9,0.000532039166263691,0.00394787545001652,0.00324734318525961,1467340479.81424,4395060617.92979,228927.357393849,69206.1216586128,25371.6651515964,8075.66071832058,18943.9415701235,274652.436708387
miura_00006,miura,6,1,30,12,0.000693478329507651,0.00351891037459559,0.00317192421657318,1735003817.20226,2820997443.10931,68335.8668182171,20410.1632919412,9973.16666617711,13106.8232391777,23300.6760413162,212163.799022804
miura_00007,miura,7,1,24,9,0.000864456965537421,0.00460566673927798,0.00126158818465115,2094563741.14635,1576200699.18252,216144.766237766,60676.6357373499,18508.191305863,52470.936717988,87465.9214841538,459509.656847598
miura_00008,miura,8,1,24,12,0.00087684143495659,0.00132685355863591,0.00237658660090301,4836417092.43767,3788052106.12506,6933.11314155766,2650.17092496789,3197.13297805199,62164.6987230109,100070.294457203,450372.345177969
miura_00009,miura,9,1,24,9,0.000601302634941872,0.00408061858664168,0.00331187273795578,2203273995.30002,3500746813.44264,164919.225992508,50627.6409180823,24354.4658821746,9943.96183939382,20389.0455757056,282417.4329335
miura_00010,miura,10,1,36,6,0.000844378915005213,0.00150167698995823,0.00185985637982206,1448779676.04526,3102171164.06426,34530.6356535428,12221.9097657827,6388.95299554111,31008.8087043053,46852.6117881781,152231.673893248
miura_00011,miura,11,1,36,6,0.000941913620657233,0.00439810188338398,0.00115924437330657,1457970343.81322,2872391620.04082,289593.133991569,133938.67376722,37636.3912613448,72794.670172513,115012.703963954,434942.600228238
miura_00012,miura,12,1,30,9,0.000677951837679074,0.0027244071431557,0.0037265369972995,3752173143.3727,4155232492.76764,66204.6931049585,21192.6924221999,12496.2091334305,20533.7566249411,34716.3309009395,235850.380530767
miura_00013,miura,13,1,30,9,0.000969505811068513,0.00119960762521669,0.00296092428344053,4980021623.32524,1021675852.08106,2333.23777066176,853.433270772327,886.641010083469,64770.4323715121,91227.1923395597,180917.251348766
miura_00014,miura,14,1,24,6,0.00051662774910543,0.0032517209629375,0.0034588017653271,3915574868.22988,1802599110.46491,76981.3106525717,26289.4407749262,13444.6006827123,8420.56309865375,15224.6925105527,119843.572423474
miura_00015,miura,15,1,36,9,0.000590672327154965,0.00237582020910863,0.0039880607905352,3779913664.45176,1047144086.13125,12175.9202013282,3897.88101304774,2256.27945152868,13865.4210708416,21578.4103430472,90826.5499987141
miura_00016,miura,16,1,36,12,0.000792109956113001,0.0043465801083396,0.00136624925120701,4465076590.2748,4852149434.32523,445112.63180619,111724.897822492,30455.5225218722,123358.146288139,202141.170310471,1056945.69401555
miura_00017,miura,17,1,30,9,0.000895491094598212,0.00168643934401237,0.00209813753906219,2843656353.98084,4845251916.34833,34188.0805749461,11262.4431268977,7770.54620695799,56557.5128053739,88877.5852173917,379132.382691366
miura_00018,miura,18,1,24,9,0.000664842151656532,0.00487159857631383,0.00344119081175605,2912527609.06578,2734321200.02512,201029.334224144,60206.7779326139,25471.5911531028,15477.6952007245,30219.3855531383,336628.328232937
miura_00019,miura,19,1,36,12,0.000596331459894062,0.00101677967474732,0.00127201476555426,2694765647.31708,4768434540.73405,8886.14495477368,3010.49333995366,2497.21084575531,32309.0618697945,50688.3628276448,227691.932227353
miura_00020,miura,20,1,36,9,0.000736912272080902,0.00573053129776591,0.00272919079387016,3715104344.50102,2294989500.80703,311639.192246058,91993.7362266784,25371.258832679,42398.5857987933,73728.7393389353,449543.820057943
miura_00021,miura,21,1,36,12,0.000714018062729061,0.00368654972676513,0.00318507082810062,2578852180.4759,3308332696.44308,101202.266140132,29074.4950013646,11986.3693522246,24028.419146629,41217.4918368646,298338.298883899
miura_00022,miura,22,1,24,9,0.000624946406337579,0.00416973091457693,0.00394725172328982,2987954644.9857,2504605757.48993,107589.261936142,33375.4445129431,16954.0796155638,11131.4414081084,20898.3315868322,223310.521979195
miura_00023,miura,23,1,36,9,0.00071075987041618,0.0011764726368428,0.00181753978748503,1355394260.59392,1661475966.76965,5526.55237626838,1846.13551056583,1372.36596090856,18163.8426061622,27655.3077837221,97261.0482919767
miura_00024,miura,24,1,30,12,0.000862004678022034,0.00440928369896876,0.00317423559304108,3485128558.57737,3814916317.68581,173250.608504096,49251.1991534941,19981.3348899712,47050.7681123706,80615.6835385225,567387.233319378
miura_00025,miura,25,1,24,12,0.000884688674128057,0.00137229510194415,0.00130683515178801,1377810646.10708,2821373631.0951,9552.55990592778,3350.98297250695,3013.49683339492,34490.0249440494,56110.6798001442,282367.852071375
miura_00026,miura,26,1,30,6,0.000861460727287678,0.00313170666759585,0.00237433921301353,4111391931.90406,3947755820.40755,202129.511900792,73937.6682367225,29478.1490153863,63838.6984552913,101100.353400143,416933.196894057
miura_00027,miura,27,1,30,9,0.000784758166714231,0.00296858625248223,0.0034547140560963,4105362691.37478,2860007058.15896,62078.7349412413,19519.4547285019,10386.6925361105,35105.3981594662,56817.9182920217,293561.073502415
miura_00028,miura,28,1,24,12,0.000538324465588752,0.00287313183354511,0.0028119782061714,3245954976.58272,3945902038.3134,53007.0909098923,17053.3497883544,11138.4355429976,10738.3525915015,19422.4545992153,212056.185547566
miura_00029,miura,29,1,24,12,0.00089480231859764,0.00451721467888954,0.00274221068850478,4405244422.68854,4938964586.9537,245081.506953161,70653.2974372765,30605.8892284072,62616.8995026379,109724.449755241,860998.757124183
miura_00030,miura,30,1,30,9,0.000732940085252325,0.00490618568766726,0.00120887918708714,4859648465.49032,1924407091.89922,306580.467829378,86588.9087717002,22661.1376481363,93691.3662844656,148847.646938357,615399.916061835
miura_00031,miura,31,1,24,9,0.000539316272866432,0.00205172916660521,0.00138919617523501,2904807118.27465,1230036318.00765,18872.1696238968,6032.4710603637,3577.03368910347,15584.0017808741,25343.9334181132,127555.796566173
miura_00032,miura,32,1,30,12,0.000645939842421607,0.0048789069448601,0.00187381049249495,4042888909.4814,4732698207.33362,436074.176014346,113333.331204399,34894.0476762811,43121.7139631003,80937.6170674948,756912.511785386
miura_00033,miura,33,1,24,9,0.000931793912949121,0.00193354002202983,0.00148797918199674,1362140429.08355,3663048019.41355,44674.0003623712,14517.6014356342,9328.43732282531,35601.9579234465,58335.1812788473,310837.687479786
miura_00034,miura,34,1,24,12,0.00098351198468363,0.00118350422768423,0.00387651845153515,3920104173.96148,4613292605.44328,3964.64264839284,1661.78889059403,2721.67709964363,44161.3056604628,72183.8647770627,362090.210003843
miura_00035,miura,35,1,30,12,0.000731881625589826,0.00324488766812127,0.00212993924204918,1310153498.01913,1446390627.37365,40025.9422566473,11653.7980415133,5162.03003707197,15729.765865366,26450.6261115696,170530.837052222
miura_00036,miura,36,1,36,12,0.000540160480143548,0.00222365450783821,0.00196994554354587,3249583973.55825,2679171557.91421,30811.7245945715,9328.56602005074,4771.86183646127,19873.1276478085,32443.3562523103,185223.53651269
miura_00037,miura,37,1,36,12,0.000810965688183247,0.00324557288240889,0.00270676172711189,4842381691.93259,1637323158.7,40950.8132219546,11874.9649907092,5087.02255392306,67422.8329342612,103179.33903719,386346.012875701
miura_00038,miura,38,1,36,12,0.000608467717905257,0.00149025222853549,0.00291006586430948,1389171773.44797,4214957649.50961,10684.5557248204,3644.48356354118,3111.39118127595,8567.17843022968,14289.7238950572,98895.0662423629
miura_00039,miura,39,1,36,9,0.000595939674068324,0.00182835175438698,0.00155869860712579,4137732071.01306,3810212451.31261,48855.3769507129,15282.9667750001,7516.17901233739,40024.9422443962,62397.5147399508,263647.962986762
miura_00040,miura,40,1,36,6,0.000548929688750626,0.00499311753550849,0.00316078415338647,2109329493.07829,2273766112.09699,219426.346521124,93577.6677382316,29364.9271594788,9979.69530098977,22995.2417233804,216352.269637373
miura_00041,miura,41,1,30,6,0.000939081676022081,0.00122683665131779,0.00230924458141891,4691120432.26819,4277935403.33599,22223.7856047007,7753.99412186294,5905.63743195356,81176.9898091549,121254.053165076,317338.409521635
miura_00042,miura,42,1,30,9,0.000655367808138009,0.0031503934259137,0.00390083266235885,1700881402.71313,1939324998.07219,44316.2360968663,13946.520059401,7443.91357306018,8408.96509131191,14684.461541361,115944.145925958
miura_00043,miura,43,1,30,12,0.000617380277084824,0.00217899672664183,0.00239277495202183,3942452094.36384,2263095173.63229,18283.9864222427,5868.56208479862,3849.23233133544,24037.203415871,39096.6001159805,213093.501725334
miura_00044,miura,44,1,30,12,0.000802218505993093,0.00368181961947235,0.00384367890173052,1038236219.65479,4363974920.11674,100760.456144273,30420.664157234,15516.7273413399,11108.0789883101,20901.4666070051,258232.718934981
miura_00045,miura,45,1,36,12,0.00089036145539327,0.00244064117867425,0.0015802988523796,2646374205.897,3842014101.51976,70107.9956547612,20395.8050893416,8845.37218416003,85135.4871729135,132524.265226365,556889.953096873
miura_00046,miura,46,1,36,12,0.000661141850683092,0.00517615527735023,0.0037763819848943,4268679211.02496,1437046002.80143,94813.484451418,25794.9224181095,8779.23352178315,25599.1230193664,42852.0042665712,261843.927345641
miura_00047,miura,47,1,24,6,0.000531640321103109,0.00217862736882586,0.00343984651696574,1986345569.76984,2059302735.47226,30852.2825036675,10619.5727044041,7365.75227029892,4676.83878046059,8251.64229063744,66111.8342247764
miura_00048,miura,48,1,30,9,0.000821069124980321,0.00526875248402491,0.00320028543422926,3181924451.25508,2900400199.59648,296983.38837048,86981.4632377617,29175.3694585304,37162.1373106874,66304.3956096061,482260.754106469
miura_00049,miura,49,1,24,6,0.000964638469471715,0.00396611790935996,0.00342635102759375,2656358815.517,3408176975.54089,238027.642527585,82245.5227451728,36435.1264193242,34983.8677553699,60570.7624250162,380298.067682169
miura_00050,miura,50,1,36,9,0.00054078577111495,0.00139155888739184,0.00304568282598659,2402313336.20493,1956544980.70514,6433.58305757965,2180.98737040006,1751.32753801745,9048.47612731447,14319.240419724,68549.7869673762
miura_00051,miura,51,1,36,12,0.000695470755042966,0.00293310677447743,0.00348751329242948,2480254358.6333,3178790483.98409,47401.6949124883,14375.3465995521,7404.84998595326,19032.1744291165,31934.093155203,214657.562042794
miura_00052,miura,52,1,24,6,0.000847076539400729,0.00513425758083056,0.00364785208968155,4069503085.46287,3455348710.86354,415766.555378924,147143.24742462,56143.9558726895,36159.2157783625,67512.7702454547,508311.962555876
miura_00053,miura,53,1,24,6,0.000577710082817066,0.0017915794587119,0.00130660911477452,1182000487.66958,2100089840.96772,41756.099299181,14238.432060013,7910.16564787154,8679.40955582474,14691.7303282926,89665.1764393317
miura_00054,miura,54,1,30,9,0.00078614245959633,0.00205070477993696,0.00270451587785565,1384511084.6174,3753468988.95792,36053.4521749727,11757.0035485613,7679.60535077284,15929.9268139902,26528.4316431388,167167.131503646
miura_00055,miura,55,1,30,9,0.0008677114189229,0.00476047826412316,0.00132801394081936,3281798844.60479,2498558688.96446,355477.078657762,101008.86246487,27523.0173479027,96960.238944987,156238.101848638,698495.368619073
miura_00056,miura,56,1,30,12,0.00090092129081105,0.00346160510103121,0.00343426625566831,1135245636.62292,3503738414.82898,75372.0907843797,22783.0978834793,11680.3939186767,17090.0897540912,30049.4228387328,261189.299177681
miura_00057,miura,57,1,36,6,0.000772479783677512,0.0024478885834151,0.00258822141799427,3947015766.40293,3384840618.53508,93749.4384095677,34807.3172475193,14816.6847614763,47633.161094222,72786.9892141274,254491.496537362
miura_00058,miura,58,1,24,6,0.000770830310555163,0.0025909203356971,0.0026216265185911,1620943074.1553,2445059786.72963,72627.7955369541,24767.4234303191,13544.7636573902,14161.0823014862,24079.5860609027,149750.75666643
miura_00059,miura,59,1,24,9,0.000777403335593834,0.00582353217070801,0.0014009578019498,4837349986.64653,1269741698.01252,277743.869396196,76072.5276986341,20748.4825021742,77157.5394460399,125868.351286214,577933.757976755
miura_00060,miura,60,1,36,9,0.000958803214912728,0.00590055991592639,0.00150028199321577,3669629657.28459,1136821403.58859,214370.657135481,62763.0421855462,15003.2581080763,144631.096351494,210070.667626149,561043.753107429
miura_00061,miura,61,1,24,9,0.00052610123799983,0.00599366984834514,0.00292917440442025,3753565082.21325,2793976612.28371,396988.14268856,113931.747353093,38741.951070211,14403.3037833419,33756.7141907228,486846.08012493
miura_00062,miura,62,1,24,9,0.0005449413633766,0.00181170653783574,0.00346440004721272,2007936694.55068,2868940633.02005,13222.8064311056,4739.32767315315,4645.03791992335,5118.73511401865,8851.09109292574,74306.8430472694
miura_00063,miura,63,1,24,6,0.00066760370535791,0.00394109014549973,0.00330353078613458,2429553955.53875,2284787689.18258,161052.846776911,55679.9011184409,24434.3875374815,12299.1591455996,23503.3396789705,204156.344821581
miura_00064,miura,64,1,36,9,0.000677662744514372,0.00508749571627112,0.00269380777258251,2268282936.51819,3930679346.97603,417635.026389914,123799.746552797,36324.8791972762,24112.5460703918,49789.7199588234,486773.150316056
miura_00065,miura,65,1,30,9,0.000838527012168321,0.00378558852421082,0.00381401890270658,2824938707.03043,4577492266.80962,175714.617129142,53912.1084096761,24621.9914869963,29651.229404155,51884.5302349328,393999.051566041
miura_00066,miura,66,1,24,9,0.000819391289801117,0.00480735142288544,0.00225114282273734,3578892286.9959,2800041944.17492,279867.827200183,81360.9380821873,29504.9238751481,45959.5410512317,80545.1427573264,559862.597318956
miura_00067,miura,67,1,24,12,0.00051170963070164,0.00297675317176247,0.00386302731457966,2216006722.44322,1590087646.04436,17573.852383807,5822.90219346782,4252.34844579053,4509.67018369412,8063.57047784362,83985.5514125963
miura_00068,miura,68,1,36,6,0.000704697531583325,0.00504293911179054,0.00178928644405074,4484177800.65168,1728041831.52568,194142.513347669,88491.0953793549,25408.926182918,59833.5041055136,92428.2798209584,319742.702567801
miura_00069,miura,69,1,36,9,0.000800978080572282,0.00284573414596193,0.0010675219625336,3061827906.53381,1939251362.08208,100749.531456687,30073.9775974636,9505.24249846458,98993.8926697302,145580.519478312,415061.868845962
miura_00070,miura,70,1,30,6,0.000569395028368389,0.0021104432385606,0.00182301062890075,2371014354.3518,4364888875.55611,108149.333139924,38099.9796225372,17908.9368732344,15422.1592548722,26624.858890405,171698.723975041
miura_00071,miura,71,1,36,12,0.000913246754125447,0.0040349521074581,0.00123764172538646,4588573266.77033,3183869914.84303,262270.488912938,66273.5877761185,18386.0571170096,199825.895119454,304011.391193244,1076919.51733277
miura_00072,miura,72,1,24,6,0.000551355148693957,0.00125250094359378,0.00397951321432621,1956189770.27472,4343383533.14268,12207.2268986736,4563.66393940409,5223.36982253682,4283.11660180684,7287.2643945581,53168.6660735082
miura_00073,miura,73,1,30,6,0.000569775753324611,0.00489891743578738,0.00197956538935372,3718865967.06086,2427434886.27628,311434.396969011,126741.876666984,38469.8853752234,23154.5895536164,45498.2651616418,331933.460998738
miura_00074,miura,74,1,30,6,0.000831982034586911,0.00220218570917466,0.00165325243823711,2456844636.14527,3186091206.30512,93254.8680052914,33241.584061784,14759.5299831715,47824.9131422765,73987.850372111,268587.606461185
miura_00075,miura,75,1,36,6,0.000662558925432635,0.00355054517588476,0.0036833484877138,1937622867.97397,4555031390.46128,225515.82146912,87109.5446193293,33088.0096538889,13356.4954150201,27167.0383708457,242345.699530562
miura_00076,miura,76,1,30,9,0.000670376387653332,0.00326445061807968,0.00197462768877364,3431563128.40987,4755049132.32668,211490.043972408,63518.615863498,25246.2628861848,34908.3871324342,60739.8836322127,428829.97934144
miura_00077,miura,77,1,30,9,0.000997460381791968,0.00280246966318344,0.00159994271672906,1536474628.49126,1974467500.2745,70488.5154732123,21280.2063516935,8751.03022567945,55163.5256999107,85779.9449694005,334921.669408426
miura_00078,miura,78,1,30,9,0.000616740264192656,0.00202965921418619,0.00330655789921174,1703346635.85693,1310817109.77158,10207.8714128788,3388.27851611428,2426.97316973644,7503.09713097878,12250.4876062711,68558.4855144269
miura_00079,miura,79,1,24,9,0.000954027893255876,0.00209179848763612,0.00169999011471592,3021860194.62994,2876365058.17807,39249.2146853598,12721.4086967169,8074.5791870843,69458.8404185411,109823.043175007,447367.578232609
miura_00080,miura,80,1,30,6,0.000918875575625223,0.00248566629354505,0.00291158611344637,3984806978.85477,1018047705.73484,27219.1067886503,9537.04139712213,4722.03073167984,52886.6920375458,76679.5826606993,181497.91237099
miura_00081,miura,81,1,30,12,0.000763522803725742,0.00264242062955723,0.00220545747543569,3477257003.86738,4587065126.6368,69076.3857758669,21097.3340181986,11284.7241150499,44799.9365987706,74212.3540593046,448819.874021047
miura_00082,miura,82,1,36,6,0.00093729935061182,0.00289963251250272,0.00187086976059886,2052256628.74596,2445737774.23104,112125.203065648,44806.7729048672,15973.1341179465,59950.73026595,89914.1684292648,275580.560441716
miura_00083,miura,83,1,24,12,0.000914864581829241,0.00307654780838757,0.00143821781316725,2353407245.13016,2447395420.5818,74408.0794222087,21774.5770753727,9955.50511277582,61276.815622878,100823.666636814,542111.025632584
miura_00084,miura,84,1,36,6,0.000914596126477099,0.00144486079524746,0.00389025972338821,4609118659.46144,1027913622.14886,6017.00992436165,2095.7993658676,1448.21753721598,46254.721709861,63368.4533007394,116279.291268237
miura_00085,miura,85,1,36,12,0.000852133125708172,0.00436905828165465,0.00369604256308434,1363594461.28781,1857847141.4625,79414.3958724566,22367.336060594,8564.01567714956,18466.2211838648,31578.8393303151,220441.693800062
miura_00086,miura,86,1,24,9,0.000832500724705612,0.00215604818729033,0.00352058814725006,4572137568.79768,4920554145.5685,37069.8679247474,12818.0144379473,10874.5747137236,36572.9573879732,60476.6886639428,349210.212662054
miura_00087,miura,87,1,30,6,0.000981384349435055,0.00340784193372599,0.00152404428119292,4607543291.392,2043407627.35057,154255.535093917,59965.1841067365,20369.3771079223,147569.741219844,212479.021497588,503863.775601916
miura_00088,miura,88,1,36,6,0.000965612132078451,0.00210663341189326,0.00246408186486087,3309635908.79156,1857080161.95212,38148.1742994021,13866.0458193509,6387.26075787477,73471.9626116854,104537.332638784,233608.584628261
miura_00089,miura,89,1,30,6,0.000719065160801775,0.00207857407234187,0.00134227556312872,3807558267.33369,1132389705.10457,33362.3445145973,11980.5715883572,5179.61888175275,52975.5670793336,76167.4581676751,175634.649811547
miura_00090,miura,90,1,36,9,0.000718963832679646,0.00135385794008165,0.00273372665383062,3638505048.50056,1811684337.06775,6231.72128315068,2102.82089505492,1645.50447899885,32496.6860915623,48828.5739657475,151790.600061281
miura_00091,miura,91,1,36,6,0.000541342234565721,0.0054282961428069,0.00116369656806394,2476794731.60336,1630421892.1135,215094.196615808,102649.190902599,27507.259509546,25132.4343089793,45423.6373468365,252218.353586127
miura_00092,miura,92,1,30,12,0.000610772540800455,0.00327637054188154,0.00227137300886939,2280773806.25546,1509899124.71506,40518.7445941307,11855.4051921646,5349.70364628301,15040.7515276794,25414.7865658558,169022.694723211
miura_00093,miura,93,1,36,9,0.000892265830706181,0.00360836610949773,0.00203031723460269,2568970494.86471,2430642310.60929,142802.321531908,42803.4575458324,14231.7019872754,64032.2277840475,99793.5483929738,403821.721483549
miura_00094,miura,94,1,30,9,0.000630628230560193,0.00333319768814773,0.00286220482574452,2582319501.57112,1828483855.28135,63583.9697511627,19467.7800457039,8774.47475862822,14744.9113908479,25043.3947178091,164104.342065451
miura_00095,miura,95,1,36,12,0.00096818377117095,0.00112771808016046,0.00116836135380342,4628974664.8948,1293269696.67584,4132.97307246929,1348.32048057096,939.611784669653,189221.632136404,229733.930493197,329511.236221198
miura_00096,miura,96,1,24,9,0.000615600549817227,0.00285087640263813,0.00239853928417449,4928231398.59637,2252243232.74588,52800.7123217387,16723.6249991116,9466.61194735363,23877.0676454299,39893.3657675917,239254.433473907
miura_00097,miura,97,1,30,9,0.000754250681681166,0.00547314626782614,0.00299463328224094,3795975282.37094,4492108862.82892,526802.552315277,153202.58118835,48999.2930428604,39896.4324498207,77321.6153546149,705467.688395359
miura_00098,miura,98,1,24,6,0.000503048165934354,0.00130974560946548,0.00101278318340251,2096010909.34573,2469367528.31089,26577.2583470041,9100.4292688803,5837.23255530133,12243.9096979554,19835.4946496121,96231.7870008095
miura_00099,miura,99,1,30,6,0.000840740244956499,0.00382146776135442,0.00143036287105541,2892105397.71026,1928968711.29242,182461.212797276,73086.9180759743,23095.7919624378,66849.4534609818,102925.641507838,347881.389107373
miura_00100,miura,100,1,30,9,0.000880773028534573,0.00431639596767044,0.00124023577027357,4756011775.39856,4139560331.91049,496911.59187425,141959.552268863,40093.0223614228,156075.751873158,249038.524738093,1072213.07177681
miura_00101,miura,101,1,36,12,0.000632747554813715,0.00204380765097815,0.00287916052528186,2779797697.73148,1575258193.47997,10082.9368911538,3219.26369269865,2076.92387040177,17923.876910919,28387.4037637706,136016.787749121
miura_00102,miura,102,1,36,12,0.00053867395910353,0.00574135181970026,0.00338110981959407,3218103927.9328,1305079152.50013,122555.299787941,32122.1561940088,9777.75212397785,12971.7431778352,23913.7069616424,207278.872620365
miura_00103,miura,103,1,30,12,0.000718263563180231,0.00551713503495278,0.00352985274767696,4159190809.58806,1915777536.22893,145896.860204749,39839.8164086887,14135.2610614429,29652.3955620294,51573.6027248819,377044.160425184
miura_00104,miura,104,1,24,12,0.000977626904512165,0.00538960758659565,0.00169253005005753,3286072502.30535,4177473573.75033,503401.269588951,129960.22418698,40463.2748844159,97369.8247563923,171094.293180081,1234750.46835833
miura_00105,miura,105,1,30,9,0.000901412132524493,0.00340342865164902,0.00361577411998288,4203960869.84158,1736480722.08059,52877.9269510658,16375.2494543064,7943.15720984741,49559.0786182254,77535.2258303629,318062.805172872
miura_00106,miura,106,1,24,12,0.000895270980505321,0.00514430404780845,0.00308971930748511,2987257067.19823,3378817308.31494,216189.480677167,61253.1574353197,25001.9070926516,39185.7720666291,70296.877578226,615673.277927676
miura_00107,miura,107,1,36,12,0.000667224322186602,0.00230135435869107,0.00279700367382232,2269241026.42097,4933583916.05802,45245.3498657497,14076.1446038793,8105.51468368213,19326.1024983639,32529.6503009741,227296.238952549
miura_00108,miura,108,1,30,6,0.000793053637093011,0.00102990009635798,0.0022322596578481,1520414227.02034,3364238339.26146,10933.8267323943,3864.57840130612,3334.38439968496,18464.8766999612,28640.0131979113,106316.181464192
miura_00109,miura,109,1,24,12,0.000620382321184638,0.00271950153556845,0.00255100990246276,2708142385.3827,4653452795.14925,58503.4985293439,18849.734824493,12382.5076528919,14666.5305768017,26161.788965228,260140.279520478
miura_00110,miura,110,1,30,12,0.000726345468240458,0.00213649939238864,0.00149152102906233,3902775159.24166,2812157342.5149,33430.6180563504,10246.5789925668,5562.1766867783,59735.2844647037,94389.8365235019,418915.654859035
miura_00111,miura,111,1,30,6,0.000983683840031719,0.00413142761952424,0.00266265602310896,1671649018.06996,2124393745.15941,179853.304758856,68561.1534717471,24140.247744649,35581.9742362393,58434.1576109983,276869.207053089
miura_00112,miura,112,1,36,12,0.000923195531351699,0.00391074700665842,0.00254123363071226,2823262441.30918,3105421367.03231,135326.765011579,37496.8515588707,13564.8729720588,65633.8323842537,105806.471168128,539811.984998711
miura_00113,miura,113,1,24,6,0.000577125555254917,0.0058056172293008,0.00194304693025958,3311050001.44066,1081516377.95468,222668.587280689,84375.5618130334,25430.3961398548,17189.7156222736,33345.5195329765,239544.479405696
miura_00114,miura,114,1,24,12,0.000861655128847802,0.00329928409872555,0.00118871594193294,2993287625.91445,4911422890.46248,214044.78499183,60147.0404100876,23909.981434464,82764.0342794871,140418.144762174,897884.344065256
miura_00115,miura,115,1,24,6,0.000642454338433743,0.00159409885133195,0.00330623112335214,3425305428.43639,4562421041.17505,29977.6155824552,10631.4172516608,9328.33065762407,13361.0675920844,22133.2932756489,129351.125865577
miura_00116,miura,116,1,24,9,0.00051798977037036,0.00372197597922077,0.00359878916017222,4449307617.75689,3342650899.60074,113798.477472315,35695.9642876405,19189.0563579673,10687.8119437712,20365.0651068208,237512.059301428
miura_00117,miura,117,1,36,6,0.000754249539505918,0.00280493140260956,0.00289595815853916,1903053876.27987,2612732108.31662,90695.9314519371,34198.7021906844,13868.1418612345,20402.160041056,33019.1093062263,156956.796737288
miura_00118,miura,118,1,36,9,0.000785464037322043,0.00598587459951758,0.00254941939967449,4848058085.09053,4018142165.53904,616648.779789758,181526.678502408,48089.0088566593,72646.1018293864,129295.467016885,829343.06038928
miura_00119,miura,119,1,30,12,0.000520958159854409,0.00127962360225418,0.0025129962496479,3387468659.67072,1165315432.07773,1996.51432826739,728.609049766019,779.924299788238,11290.7491981924,17987.2239399508,84317.9509877208
miura_00120,miura,120,1,24,6,0.000866842854658917,0.00462901187622998,0.00300751575493671,1741466408.60248,1903811147.04297,204869.982459424,72440.9710569535,27766.999620873,19771.6484267,36234.4655232192,259183.72541744
miura_00121,miura,121,1,36,6,0.000792560679354336,0.00119451009336964,0.0031816183266816,4219060135.42393,3850392783.97261,15553.3950196321,5429.68704808916,4043.8764799565,40967.4954582465,61375.7853546254,177060.337007585
miura_00122,miura,122,1,36,9,0.000588253647870373,0.00186203887747309,0.00379168954396339,4378829039.10438,3892358087.93597,23817.8892051541,7851.85325432701,5431.49040926718,17525.7680355481,28240.7827618953,151216.81676732
miura_00123,miura,123,1,36,12,0.000991045711858275,0.00492893900829871,0.00106069840659956,2109657156.69427,4135254296.60348,593243.692907641,139458.956212029,33094.021092819,145965.772723718,239025.382410917,1192176.73828064
miura_00124,miura,124,1,36,9,0.000772832642297397,0.0012617683133555,0.00205023413333257,1091875941.45461,3782055273.41928,13559.6678631455,4523.5793539126,3343.43143124509,17741.7574263309,27985.0307215059,130658.475225475
miura_00125,miura,125,1,36,9,0.000947074347407507,0.00487859457578892,0.00158306083246936,3508863406.51626,3515150524.42531,455228.171009373,133946.941241804,34982.3890575323,134921.087294416,212863.294898096,871353.110449636
miura_00126,miura,126,1,30,6,0.000636712343021422,0.00584437971668582,0.00192301670296424,1866379894.47289,2796826874.76202,475297.366085263,200597.226953198,56831.0517083369,19110.5766888792,47159.728167893,455580.460863193
miura_00127,miura,127,1,30,9,0.000985448174004077,0.00184440140047137,0.00370710826464483,4514835337.30078,3103501675.2848,16990.9052515298,5789.60548032605,4701.92106417367,64734.8393363236,99852.5525533412,360138.337306002
miura_00128,miura,128,1,36,12,0.000799236631649831,0.00546497359247814,0.00382167291469115,3200387410.30686,4705577027.04894,354032.155744549,95246.6052146419,31283.0295856613,37730.2323842322,69638.187715523,632182.178400241
miura_00129,miura,129,1,30,6,0.00097972366204607,0.00262930313869587,0.00279731032602418,4550395053.01888,2475034866.81294,77416.6057636258,27321.646065169,12849.1168336484,80699.3807805819,120875.294093093,349097.279480519
miura_00130,miura,130,1,30,6,0.000908601002605101,0.00571281949980148,0.00383154641382756,2789260261.78255,2821516913.75719,372792.874702444,146259.40640676,47933.6050415205,35312.7357330381,65009.5708219908,430349.963442746
miura_00131,miura,131,1,24,9,0.000682665465399873,0.00429975611304947,0.00189493189902915,2869756185.0833,3498179226.70567,300156.521369657,87587.4747684907,32386.4879742151,27935.5860720833,52708.4239429346,488398.999125973
miura_00132,miura,132,1,30,9,0.000683868571894928,0.00168508194217359,0.00362153787712286,1398567469.97405,4291302317.94136,18000.6605713725,6228.96923367425,5433.0399146864,8191.20519199584,13833.899716772,100095.790000974
miura_00133,miura,133,1,30,6,0.00084253343158778,0.00267105998904146,0.00342321161049395,1472371975.51687,4950427089.19065,138814.624326157,48521.3321613265,24058.5072146732,17018.8470037267,30022.368074621,214707.328455132
miura_00134,miura,134,1,24,9,0.000778381943386784,0.005975325900592,0.00183387973820285,1169641788.70389,4820504945.38429,940679.936316725,261306.167009681,76008.0748161241,25820.6203582998,68005.9972260375,1013188.54618097
miura_00135,miura,135,1,36,6,0.000535586440792944,0.00285431380995942,0.0022081838037532,1871792104.97888,4238928583.005,174934.077688026,68158.6132241817,25385.461686189,11142.5479899315,22281.6172247605,189693.218288803
miura_00136,miura,136,1,24,12,0.000913373153967167,0.00397500341750279,0.00134100328626576,4526630821.48287,2607530391.55674,170554.665902558,46400.3726678463,16698.2640280263,123618.7853828,200450.60213004,964377.5270608
miura_00137,miura,137,1,24,6,0.000974219645943033,0.00508114275795864,0.00201532439417565,4815211150.84988,2498735475.35376,398688.955735835,147478.856060255,47933.0131080745,100214.493322347,161584.008023399,666422.396155895
miura_00138,miura,138,1,24,12,0.000941103315011309,0.00231499298643023,0.00299855465084106,3445116486.35899,1286422919.71117,9075.06220615255,3099.24965946161,2528.11511744976,43831.8473825957,69930.8881343366,301849.685667124
miura_00139,miura,139,1,36,9,0.000564248740852499,0.00595854500838189,0.00182834209106205,4757498260.23236,3553793498.52751,627426.739021013,183797.674427726,45123.2460617407,40370.1452869702,82776.0902355522,699242.109418927
miura_00140,miura,140,1,36,9,0.000776680541024799,0.00457515543597254,0.00209342814455344,2467410597.8585,4379640563.91737,428579.117469763,126963.098033191,36838.6928720518,44885.3089534289,81514.3542978696,582063.708133775
miura_00141,miura,141,1,24,12,0.000836209622399236,0.00248644700780941,0.0024477231645366,4846751483.73423,4058281618.8527,41383.7113396522,13554.4842542918,9477.31740247142,57047.3940474327,94633.7789562403,550023.669897229
miura_00142,miura,142,1,36,6,0.000992796894371493,0.00427305960540999,0.00367063792674842,2379079352.31082,4601432408.67607,323906.451523342,130878.604881329,45330.1272948654,47150.8681061809,80120.2365347201,432720.781463142
miura_00143,miura,143,1,30,12,0.000566052463161369,0.00557989013823297,0.00307262368241307,4897750877.01996,3741528026.20558,329058.366898185,88061.51254056,29383.7393381428,23504.8783603938,46645.119391245,545452.38522936
miura_00144,miura,144,1,24,6,0.000877925912856105,0.00158527532175629,0.00385255012839842,1181018669.83106,3936910546.24475,22192.2698018038,7959.96449411249,7459.28946385022,10155.9198757302,16870.0325789408,101098.615319769
miura_00145,miura,145,1,30,12,0.000889188495442753,0.00446481831105666,0.00226692622661795,3223082628.45608,2491682133.23352,156266.221629176,42573.3398618839,15009.5617180293,63181.4368824137,104145.175643335,579465.516494591
miura_00146,miura,146,1,24,9,0.000576263710008796,0.00389357927228333,0.00199061801676416,4244774455.19793,3220592211.28393,205494.469629104,61077.7241159523,24838.4779755455,23196.7081642052,42714.4773247046,380443.136724577
miura_00147,miura,147,1,24,6,0.000745737107508872,0.00374277679295777,0.00294811718444392,4315778595.67695,1253839463.86367,84717.3689100216,29328.859013808,12867.4774481906,27769.5533929442,44701.2657794366,196302.539196197
miura_00148,miura,148,1,36,9,0.000960052321613361,0.00378659273497734,0.00139271594883923,4763074729.98885,2897337730.22198,240407.391279635,71265.8376813927,20606.853240798,203468.754502346,298651.623423212,842745.876463342
miura_00149,miura,149,1,30,9,0.000656247103087829,0.00365833027923295,0.00375123105859091,1589938348.73195,2967382566.24104,105191.489301743,32385.9163364289,15107.1992380699,9190.37236755458,17482.8907720682,187287.947524208
miura_00150,miura,150,1,30,6,0.000912147444044768,0.00532225904998517,0.00318980366417697,4086028995.09845,1269374805.21198,158886.744457596,62704.3722226427,20427.3469339775,54534.5688300559,84615.7188021088,299438.358471938
miura_00151,miura,151,1,24,6,0.000537081435623963,0.00580026080006693,0.00361423832142481,1698020554.63569,2830423154.81139,441819.388773364,159027.459020714,56224.5958932639,7986.51940899996,25826.9628240114,399789.825606868
miura_00152,miura,152,1,30,6,0.000600275771345271,0.00414941038212593,0.00345571943245673,4055481092.28105,1740766348.46617,130714.642530658,48592.4861118607,18307.7577424288,16115.93041388,28206.7302723885,173799.51716494
miura_00153,miura,153,1,30,12,0.000667040881170198,0.00100208385818244,0.00142519076873871,2564959167.1048,3580609621.29229,5176.72500403167,1870.62151821734,1937.38491174628,31341.072403875,49682.2907150742,223709.87076593
miura_00154,miura,154,1,30,6,0.000500927288813867,0.00585586125570244,0.00317451129111361,4212036986.81779,4064437410.36269,600149.029006851,241057.848002869,74907.1496555758,15691.1259826473,45262.9218298688,549092.207494441
miura_00155,miura,155,1,24,12,0.000717494686529181,0.00229801037396264,0.00114036637249045,4938593091.77474,4843647657.14157,79954.9381525288,24387.7935708502,12995.1418300447,78492.3566968509,129611.03419926,720377.425180626
miura_00156,miura,156,1,30,12,0.0007410732757545,0.0046875217307396,0.00223748918779781,2674285224.16917,2646650692.70016,190702.667954308,51243.4607487858,17314.3875260179,33421.4294642586,58769.2775476932,444512.44420621
miura_00157,miura,157,1,30,12,0.000560472053239703,0.00108955205566708,0.00337159263406201,4746828852.11444,2439600686.36621,2026.71480210753,798.850668308363,1115.21084894952,14802.3481786563,23819.1681555191,119821.555748169
miura_00158,miura,158,1,24,6,0.000694460507181106,0.00212273690634206,0.00205238175337505,4574108095.73933,2456362943.53826,53142.0371519482,18135.0333534003,10534.8410249617,33175.7980160603,52591.5625301431,215355.873414906
miura_00159,miura,159,1,30,9,0.00096554998595872,0.00163255860963053,0.00232943446485706,3449721604.7622,2200651426.19274,13221.6038386064,4416.78412933174,3258.37170315042,70953.3545147514,106733.486568941,316389.858626558
miura_00160,miura,160,1,36,6,0.000948708346337736,0.00104625635930953,0.00229144078881388,2315593760.749,1347534868.8299,5200.31570823112,1814.39822455719,1308.16159857115,43368.6361143827,59606.0908384776,109952.148538314
miura_00161,miura,161,1,30,9,0.000900256174816078,0.00411637777991255,0.00328942620103476,3487349195.93596,3897352656.51703,210918.82298013,63511.385497811,25677.9218434817,49555.2688676456,83420.4443683725,509687.959598055
miura_00162,miura,162,1,30,12,0.00050771893156886,0.0043975407269957,0.00376239386878501,4199119203.86337,3952346338.08389,153167.696413142,44397.8067775277,19320.6655557494,12201.1907769263,23928.26334876,317191.169326659
miura_00163,miura,163,1,36,6,0.000553438604483345,0.0022564168576967,0.00338318275614726,1034587272.45578,4739133657.62851,91877.7097848919,32889.8086683633,15922.9094118208,4913.3110881561,10083.1885838285,108159.246199547
miura_00164,miura,164,1,24,12,0.000859997175491587,0.00295904602627849,0.00223845712396295,3389630531.54264,2899029318.60751,52695.6407918262,16392.8822081594,9414.60621206199,47948.1172464064,79878.9721509339,473504.668992673
miura_00165,miura,165,1,36,9,0.000947453726948542,0.00547141824126926,0.00269414055259274,2115263609.38357,1637217719.67489,203671.791346569,60235.3528507856,16988.0744456367,49107.5625021281,79536.1460862006,375093.993824363
miura_00166,miura,166,1,24,9,0.000854308516586249,0.0018242123446002,0.0022367602029,3737252839.80364,2377363281.55846,17257.993455308,5893.60517422723,4736.2023664708,46570.9345868765,73841.0769021222,304393.109381229
miura_00167,miura,167,1,24,9,0.000788900113360988,0.00324411757565051,0.00116196124322133,3481916778.26204,2754264419.67163,169256.90060731,49653.5816931124,18863.2842288571,70238.9848456175,114400.376204554,557737.323812337
miura_00168,miura,168,1,36,12,0.000955005173729975,0.00351689640345611,0.00137612999886382,3118994954.85283,1588711043.88495,86348.9862061288,22865.4759952946,7192.87414732266,135621.19355901,199930.566326316,589724.350503769
miura_00169,miura,169,1,30,6,0.000941413006812709,0.00173569080605965,0.00231192844953814,1703925459.97895,3714340380.39793,47607.6047873596,16445.7668480309,9668.57823706352,34464.902867298,53588.4953643691,205742.532454127
miura_00170,miura,170,1,24,9,0.000729796388721429,0.00120537584345979,0.00231668716213295,1097855548.83189,2695186367.47179,5723.4194667926,2149.09531621627,2505.56712902909,9003.93132138711,14907.3195036525,87857.0522670478
miura_00171,miura,171,1,30,9,0.000855464919940006,0.00537480358400995,0.00393460830671167,2012083344.73329,1957947182.15467,181293.620935452,53550.2207142474,19032.2509257334,21941.4478495264,39423.9265095595,301677.016595662
miura_00172,miura,172,1,24,12,0.000872096625363565,0.00539752998305078,0.00327386927627053,3758468716.05657,1187274220.83112,82599.9312124857,23295.7344332539,9373.84326018805,38499.5998544825,64655.0671593669,389913.160957185
miura_00173,miura,173,1,36,9,0.000727641238252425,0.00428961414565614,0.0025511158098815,2048339967.86934,1973549069.05134,148429.392176992,44325.3954634013,14189.4468227672,24063.3725110373,41082.1788646273,250411.44410955
miura_00174,miura,174,1,36,6,0.000923912098562038,0.00497310210580474,0.00217989787053753,2724836384.29835,1504930787.51443,159107.833929055,70907.3742335322,21068.3981379868,65873.0308502041,99135.9601651371,304815.555971062
miura_00175,miura,175,1,24,12,0.000876660699324082,0.00243424726789758,0.00256178235901871,3292704631.95224,2642798123.78385,24366.6598550975,8065.30908173899,5866.93428613065,42151.7330658171,69482.9947919489,386209.939633127
miura_00176,miura,176,1,36,9,0.000597759262633719,0.00173204849713529,0.00341908019149144,1041519761.42288,2338870957.49276,12770.0929218005,4224.82204395565,2976.03402301122,5120.5290462502,8542.93878363264,56596.552036468
miura_00177,miura,177,1,24,6,0.000535024552807414,0.00220518918429167,0.00351685174589991,1076162900.04097,4125240027.98778,62570.4592012002,21521.9632488826,14895.1832980014,3270.77952060036,6773.74042519606,96251.8486446525
miura_00178,miura,178,1,30,6,0.000891428556275597,0.00369062009138079,0.00220261480761342,4664753593.873,2027936618.04055,150975.762704084,57396.492366076,20475.5732842121,81591.8503652818,123363.742122627,380822.640289554
miura_00179,miura,179,1,36,6,0.000885694687746528,0.00465441422510669,0.0035253388448401,3327566676.18131,3996948716.87092,331752.94303112,137546.303059993,45449.5094928461,48491.7407998997,82406.7754201263,435452.660330526
miura_00180,miura,180,1,30,6,0.000644613189955921,0.00146996479325402,0.00372788336497037,1798653707.85257,4167849641.2095,22769.8945375679,7966.36016668525,6356.11595370877,8057.38131805809,13288.2308009457,78582.3861162344
miura_00181,miura,181,1,30,6,0.000813123836923896,0.00382110850449044,0.00166574683439731,2535160296.37914,2687687707.36803,240250.442126464,94627.3480347213,30853.8283551913,48244.8874117748,78904.5228859492,357248.120473508
miura_00182,miura,182,1,36,6,0.000826623880878145,0.00518327464860992,0.00305221929605744,2739672957.61758,3812260710.43025,394121.440232694,170424.525658061,52444.6831633488,39043.9841404332,71726.0146834643,451314.659038674
miura_00183,miura,183,1,24,12,0.00072064631316868,0.00571868915825706,0.00227373306383616,2350261870.23556,2667618323.46071,295287.866662081,78155.2484271706,25938.0726491166,24403.6731208102,47689.6204381279,536342.975037506
miura_00184,miura,184,1,30,12,0.000505492839256097,0.00315395469006392,0.00395845594495034,4989620822.73497,4314556313.53667,62436.714170871,19540.7190796765,11550.2555957576,12027.8137629462,21521.2676318716,219098.058824544
miura_00185,miura,185,1,24,6,0.00095518833371364,0.00139145531621785,0.00321939330717587,3122128430.92736,1600324825.86192,7697.85118922263,2786.35904976157,2695.63217227836,31797.5562215314,49194.6571318519,147273.02175265
miura_00186,miura,186,1,36,6,0.000697502795445533,0.0019666288155371,0.00341373895631507,1547025926.23718,1683499308.10301,23306.4316623506,8219.83188269983,4391.87705802904,10783.9869256671,16852.5441634925,70444.130814414
miura_00187,miura,187,1,30,6,0.00092910320125736,0.0048254608861081,0.00117150276274323,3624309508.74796,3443722832.13678,495947.874941904,212188.666140846,59373.5786232586,139843.181215799,219048.48030955,783330.480551159
miura_00188,miura,188,1,24,9,0.000919080363793448,0.00315523302824342,0.00279462408537336,2437583408.05363,1140370403.71974,31180.3512826561,9829.29400186923,5439.03342489834,31379.1734653855,50286.5351366318,227200.314420151
miura_00189,miura,189,1,24,6,0.000813654871587525,0.00422325134397198,0.00172830572219464,2303473310.22413,2573752859.71222,308444.297987854,112025.761250733,38505.127680726,35934.465680073,63843.1126203948,392956.273827717
miura_00190,miura,190,1,30,6,0.000775976047270192,0.00596312714339701,0.00164674891989572,1557084803.90993,3478011511.23151,629673.369669584,270496.745514015,74398.4526956404,31513.7634382769,72079.8253365946,621763.045998159
miura_00191,miura,191,1,36,9,0.000950748229572319,0.00464189673051361,0.0031003289681491,3947281709.70595,4386265448.24226,348816.144048088,104290.056675731,33782.2044600356,81963.977417752,134399.584863584,697991.357462262
miura_00192,miura,192,1,36,6,0.000567099832578265,0.00139186017583212,0.0035003813273659,3524764451.61581,4442026988.66558,24671.6559537371,8581.24493410045,5909.91378792695,13113.6202791314,20726.6257892526,96181.8256928427
miura_00193,miura,193,1,24,12,0.000672387756891832,0.00323990877408959,0.00118193350580818,3120587048.90288,1113183419.70397,46533.1525096005,13128.4925865607,5293.87860458329,38680.6289417652,62925.0918038448,311570.417425039
miura_00194,miura,194,1,30,6,0.000928418668254635,0.00477198906944582,0.00179042325296811,2714053150.09986,1668820088.5382,211750.309578615,86776.2596786041,26209.3436978491,68007.6188250334,105591.23056694,369278.545180546
miura_00195,miura,195,1,24,9,0.000875195733350673,0.00569838108169085,0.00183831618206593,1989227504.64978,3786354684.55435,661666.836387421,185055.486900915,55531.8004837208,43565.7842339569,87565.209424373,854650.013781269
miura_00196,miura,196,1,36,6,0.000956672953571883,0.00167264359584878,0.00135257694444161,2608560023.74175,3716499311.63928,66001.4353004243,24269.870613595,10716.380114296,104212.206489777,149469.958178516,349066.06229039
miura_00197,miura,197,1,30,9,0.000679828934167847,0.00466424453428635,0.00291139261570181,3031994774.31009,3761084972.95178,305886.839319894,90265.9305936689,31889.8995015329,24248.6031792727,46591.3096242702,440727.738545201
miura_00198,miura,198,1,36,12,0.000714508310056898,0.00249983846979882,0.0037709910890429,1125367627.14728,3085380814.70727,27138.7501113345,8552.9863512991,5213.22897052576,9024.03497189087,15458.716749063,122381.758840905
miura_00199,miura,199,1,24,12,0.000751123190351674,0.00261829374213457,0.00306072968655044,2254215812.26829,1786969624.3005,17082.7799937952,5676.47072401034,4190.59966873915,15963.2433769265,26973.3640698749,179852.329583515
miura_00200,miura,200,1,24,12,0.000656536743404983,0.00226478306209617,0.00195814441787607,3739002074.62023,1498026100.05212,14447.8536116522,4711.49312484906,3239.61819944391,26076.4062805453,42740.4915502632,227604.972580627
miura_00201,miura,201,1,30,12,0.0007220560282801,0.00170738230259781,0.00269212540625007,2392773757.0351,4416015771.88917,15817.8056593702,5431.11054993098,4660.65441995692,21303.4608093636,35212.603496619,217731.628173477
miura_00202,miura,202,1,30,6,0.000866638335548523,0.00398131992863752,0.00376478089202283,1946211284.78329,4706618450.40469,309355.326357042,113226.179593825,44765.2199204578,23318.6052607912,44598.0414798714,362015.180413428
miura_00203,miura,203,1,36,6,0.000898183049654584,0.00115504091746976,0.00200550049973143,3803046388.77982,1807476212.69912,10052.4828338122,3499.60616330516,2237.36296657643,70888.7998727363,95768.9773520644,169857.034256111
miura_00204,miura,204,1,36,9,0.000781549276329496,0.00367730342988898,0.0015028015025964,4496537217.1726,1000512816.00218,74744.0570779821,22224.6978465644,6687.50476360873,93977.0067622131,134528.299460023,332623.064828946
miura_00205,miura,205,1,24,12,0.000537352532804203,0.00410322072565761,0.00115450861600208,1940148787.40201,4166857295.6014,334669.111899672,88400.9501247979,29175.1851972125,18480.6934226038,39014.6799224878,540985.629569248
miura_00206,miura,206,1,30,9,0.000753681345772976,0.00501374998326506,0.00225234248271048,1805116238.03507,4712619605.79645,544259.479658074,157447.017196885,48602.5179350946,27757.7532661175,59047.3394720321,649219.178513917
miura_00207,miura,207,1,24,12,0.000897848435797879,0.00543619156985883,0.00175774648601033,1009986830.10715,2200706239.79556,262931.311559265,68075.5238118501,21330.8366354067,25103.502900261,47909.3981166042,481794.131949067
miura_00208,miura,208,1,30,12,0.000899851807586182,0.0058932262061263,0.00190264962493607,2303715404.34392,2463119550.84373,359892.117494743,88976.7736400052,24325.0804516381,59119.6048112681,103341.773257796,702408.079001833
miura_00209,miura,209,1,36,6,0.000513311956561373,0.00340742907095096,0.00395893137289881,3087276988.23012,2662516375.30612,116935.236431264,44414.2548443612,17596.9359386602,8810.09130977186,16836.9008566848,135162.819081869
miura_00210,miura,210,1,24,6,0.000613577249714087,0.00177370410827491,0.00395069979930824,1461858119.02576,4814278471.71408,36171.6762549155,12792.8425618173,11059.153535674,4875.06899594224,8776.04706120802,84852.3436629229
miura_00211,miura,211,1,24,6,0.000721485649743486,0.00171524217785069,0.00319514070504501,3006717857.8787,3682132552.30309,30637.3091840699,10747.6455827717,8771.92430114407,16672.4354381319,27226.6791064865,142969.847205347
miura_00212,miura,212,1,24,9,0.000858888447088087,0.00575320611802415,0.00188758318775313,2545903599.39561,4075969055.88735,715712.759200547,200275.220427523,60241.705906096,50488.6742944183,99988.4940711188,942769.007825661
miura_00213,miura,213,1,30,6,0.000576031666557392,0.00388243145737856,0.0036068918764568,4145386448.15922,4805950258.09687,306699.75018109,112157.067459923,44428.7849303349,16498.5824672636,34216.4871180071,331797.531762277
miura_00214,miura,214,1,24,6,0.000961906365224104,0.00325938342952711,0.00299632461682983,3600004326.52491,1668562749.07513,80122.3242206331,27470.5640862535,13369.2099211387,46760.9780027214,73347.0675203709,274497.400922441
miura_00215,miura,215,1,24,9,0.00065364359253547,0.00397976056564293,0.0017709255672698,2736222883.60645,3471426239.4029,257517.132447018,75628.5884347476,28902.1187432353,24968.6843128812,46862.1621289295,433929.412876729
miura_00216,miura,216,1,24,6,0.000559673385240834,0.0035010899179182,0.00305086052902592,3469789545.46461,2605288105.46964,146322.073908987,50289.7437074715,23301.8041002075,11300.5261180842,21548.1826089115,191913.748014656
miura_00217,miura,217,1,36,6,0.000585525870214125,0.00172053316390552,0.0010252554004085,4749607000.40743,4958747442.45511,109219.025430181,41475.705491209,16580.200064777,62052.1063664983,93698.3957147049,301378.117888167
miura_00218,miura,218,1,30,6,0.000799240328345111,0.00347967432956447,0.00262730863301711,1044545715.10533,3342091335.98183,201833.873998039,74461.2457394808,28668.6279338602,14206.5444720136,27622.5067356152,229355.889916146
miura_00219,miura,219,1,36,9,0.000737557236502865,0.00501062180487189,0.00244303462309959,2749683428.3171,1804993253.46109,196700.650049779,58253.0592308444,16779.6542126799,34356.1949568334,57798.7558085208,320113.007197463
miura_00220,miura,220,1,24,9,0.000733264558395904,0.00544940895200122,0.00263769278844304,3657804397.54031,1585423355.65086,192653.41340358,55633.2562957358,19501.891014868,28942.200713599,51132.3728841654,362795.328830038
miura_00221,miura,221,1,30,12,0.000650990111320211,0.00134174703571227,0.00286584957102326,2200642242.88184,4065815863.73765,6888.66673934461,2524.25880206349,2750.43332568162,13486.4810069912,22288.1405859778,139207.536828241
miura_00222,miura,222,1,36,12,0.000966589395573786,0.00250258542352339,0.00153639037447675,1896253145.62606,2912129634.61221,58416.0777968581,16860.8550468611,7090.55373585244,79495.2401261484,122635.210025728,484677.431795133
miura_00223,miura,223,1,24,12,0.000987198064226956,0.00324675113235649,0.00362303974643712,2359183206.81955,4700730382.42716,70919.6268808765,22841.1756288034,14982.8668842168,33601.3036995544,58028.3132128423,451289.835361208
miura_00224,miura,224,1,30,6,0.000766024610144095,0.00303951091941329,0.00309175944848699,3310378087.59244,3583752609.16508,146266.503976717,52172.6940685047,22974.3054654664,29387.1887624624,48681.6966021317,258380.420779881
miura_00225,miura,225,1,24,12,0.000783085829711262,0.00281932973887762,0.00312340109733694,4492149717.67213,1078315680.98898,12678.8092706943,4148.7354956754,2889.07597224729,32551.6003765836,52629.8051456877,253311.122015914
miura_00226,miura,226,1,30,6,0.000660889627452019,0.0049548880626476,0.00203954666923388,2366682059.61294,1797485859.05506,232738.874198347,94676.723615869,28784.8464785911,21537.6875213675,40109.7694316548,261168.429660619
miura_00227,miura,227,1,24,12,0.000815528779418733,0.00330369805504172,0.00152981003681612,2674050582.78809,2404079983.33933,84221.9485338967,24407.3633899238,10775.5987411074,47638.9431234478,79702.3090389541,475102.806720314
miura_00228,miura,228,1,24,6,0.000537650769890787,0.00345468054641518,0.00387685154502287,1460028821.96024,4119043982.89851,187642.38353661,64026.4093262208,32594.4607865636,5193.01745017485,13000.6058669231,211708.610811091
miura_00229,miura,229,1,24,9,0.000676660063026757,0.00269294139384051,0.00127409829529318,3596501143.50318,3276962790.27087,114066.807490515,34650.2683891103,15808.1054863166,43114.4538362679,71689.8436613398,405529.531045889
miura_00230,miura,230,1,24,12,0.000546545616344083,0.00534853851474616,0.00308082697116374,3993876762.57891,1413647401.9361,100904.183828347,28301.0260843209,11167.9622593145,12642.4315666548,23491.9813331381,239476.712137118
miura_00231,miura,231,1,30,6,0.00099333622126822,0.00151891888058019,0.00312097587129899,1167999258.10029,2048609157.02823,14431.4716831497,5010.89754695819,3642.22096589773,19894.832077025,30671.9774530017,108797.521873727
miura_00232,miura,232,1,36,12,0.000727898475799507,0.0031676537088417,0.00283701689611403,2297213632.95866,2768237318.83433,61716.2358772376,18069.2146754484,8030.40331544868,24426.6674386888,40600.303879511,252305.398181755
miura_00233,miura,233,1,36,9,0.000703909221047689,0.00112912180529328,0.00300707334957265,2547046946.10866,2766264457.80743,5142.56801729746,1807.04300840097,1716.81510199256,20308.8566884876,31341.4472603107,122058.152824151
miura_00234,miura,234,1,24,9,0.000831340650642996,0.00521683043480776,0.00114486254077982,4834713472.0159,1191118286.22028,231524.775624174,63510.6511405223,17441.5840167599,110112.785282185,171889.756665457,627933.71686633
miura_00235,miura,235,1,24,12,0.000526729890409077,0.00213636454044572,0.00259321224752326,3060464131.99399,3486078813.51872,21597.8339845969,7391.25484065753,6083.91304757957,9597.27320492165,16748.6559431457,148595.632008427
miura_00236,miura,236,1,24,9,0.000971302892275709,0.00577936194641427,0.001658869024423,2595195445.80663,1256418475.11398,243519.957955266,67526.7554448671,19455.4635738386,68571.5314818243,112264.392679702,532350.050705303
miura_00237,miura,237,1,24,9,0.000637903024312635,0.00415310050283668,0.00325275128305158,2975309715.16961,4454101139.11719,223622.573346734,68356.2430638016,32167.0026582496,15536.1324908067,30961.9640355133,390804.307697066
miura_00238,miura,238,1,36,12,0.000928734553174805,0.00160794674269055,0.00363735854236736,3112016590.3477,2799039544.48199,7369.32719982659,2533.2887236062,2225.65692590567,47766.1049639553,73634.08537332,286312.190373461
miura_00239,miura,239,1,24,12,0.000790844229432579,0.00349199839602881,0.0038388487029767,4495383899.06743,3500618446.80835,61667.8366122209,19656.944163135,12393.1523446883,30755.2271249778,52902.942846352,396604.855675207
miura_00240,miura,240,1,24,12,0.000711869842315583,0.0013438547976644,0.00104184142864952,3420876496.73151,1475547832.16495,6028.97851779507,2067.02326910894,1705.2437692764,51748.9540682939,80424.7018506147,281984.483954047
miura_00241,miura,241,1,30,12,0.00088588748680704,0.0018579192877962,0.00246551468347524,1696203228.32295,4387667854.28038,21789.5594298794,7266.24136994357,5563.13019728229,30032.2929122862,49261.011757764,286680.696078092
miura_00242,miura,242,1,30,12,0.000620792120355858,0.00512690102115155,0.00120086612357701,2142156500.54037,3166086105.14392,456615.376918452,109947.463776404,28434.3878000881,32718.1351184655,64911.4562441569,637641.22985071
miura_00243,miura,243,1,36,12,0.000545089168781526,0.00251219451971462,0.00119996091014191,1045549079.40159,2518748207.95736,62860.7055429832,17670.6389200312,6717.51900633397,11716.4582296091,20430.7427327399,156130.427805124
miura_00244,miura,244,1,24,9,0.000771647247538275,0.00118312004557438,0.00326249221019934,1486799905.88123,4550962650.04791,6681.49441484572,2623.10447278397,3578.04892188569,10431.9350426093,17401.3401210931,109965.798506683
miura_00245,miura,245,1,36,6,0.00095583495522785,0.00334820410353618,0.00177245014429999,1405953894.05003,1300088318.57235,78453.3949906055,32690.5223598003,10806.7529985884,45438.0261285169,67249.1475938354,190538.147962261
miura_00246,miura,246,1,36,6,0.000821334210074866,0.00474222737375368,0.00350593967065097,3099849540.19251,1647298839.59542,141412.292299347,58972.6804933464,19344.2134128086,34440.4224528026,54800.4033694133,225258.376399411
miura_00247,miura,247,1,30,9,0.000651513846236434,0.00191370183442451,0.00205062103042158,4366951621.38977,1301734695.15664,13483.8538267824,4345.90215998384,2668.31317304414,32838.0915691132,50247.5240206391,173824.164399729
miura_00248,miura,248,1,24,12,0.000718472728757463,0.00485596870340214,0.00307422820262461,3388252046.61973,1992572167.93238,109163.683548713,31354.4187361116,13406.0269940366,22795.9111055461,40519.8771493118,342954.598703387
miura_00249,miura,249,1,24,12,0.000541480733995432,0.00438528884812331,0.00369626026646257,4977981369.37139,4215186934.5035,146730.470535356,44139.7381981643,22302.5270369184,14093.5050593348,27272.8074647617,373872.680311049
miura_00250,miura,250,1,24,12,0.000834147510741302,0.00478579179411637,0.00131521598157581,4265887832.71937,2033173044.01439,220409.938067666,56798.5408569347,17625.808557727,92962.1478976893,153649.692615687,813497.697260299
miura_00251,miura,251,1,30,9,0.000695545522815946,0.00115156908258108,0.00178296278504434,2492863630.99687,2407726782.74331,6773.21830976431,2354.73886115443,2092.24970265133,26375.3176999814,40957.8332306214,155796.53265426
miura_00252,miura,252,1,36,12,0.000660434890203317,0.00191540759876028,0.00376156924080802,1447075367.10678,4159546345.3211,17059.0673098058,5669.6113783663,4348.78667861267,9030.56275513578,15255.4703666128,114653.234683128
miura_00253,miura,253,1,24,6,0.000933846154882848,0.00118879081207208,0.00116136118990119,3457084623.40496,4552241744.39924,34416.0479210454,11925.3436022543,8694.94121737213,93720.8859921647,142637.627247207,403247.348994442
miura_00254,miura,254,1,30,12,0.000788598539589382,0.00223889725067834,0.00392954552170893,1213047218.89272,2136007624.40164,11668.9307545497,3932.2578855153,3137.96448513376,9909.61860105096,16608.3067957277,112997.917516825
miura_00255,miura,255,1,36,9,0.000970786290579014,0.00189244468319594,0.00149769659329522,3966567271.20616,4906576082.86106,72088.8771639659,22421.1987241766,10561.3668325028,160538.573918092,236782.564856803,677245.182285363
miura_00256,miura,256,1,30,9,0.000746200588800814,0.00369767172278994,0.00366252589862733,3466933986.02203,4142540938.53175,154495.046528832,47420.2641373029,21711.5837734453,26638.1914185574,46520.3011980159,350313.605025023
miura_00257,miura,257,1,36,9,0.000888694385300687,0.00273881185108945,0.00129016179508425,4863286321.61923,1467752473.52721,62042.4654548209,18657.5386725415,6436.14739595353,167361.528531651,228844.854131468,461010.738717978
miura_00258,miura,258,1,30,6,0.000690411982822171,0.00379388075557747,0.00340785363301216,1358289059.09636,2083955404.36179,130756.78805058,47870.1533919034,18907.8198736198,9225.56446844288,17907.3571200663,150401.981447048
miura_00259,miura,259,1,30,9,0.000878350295282965,0.00417174594825994,0.0021393987518785,4830655093.15455,3327428971.54968,258684.264184388,76026.9121078571,26060.8327654537,92237.7030131976,148191.94549757,689537.860017237
miura_00260,miura,260,1,24,9,0.000553508592034232,0.00513790034284161,0.00250673275974842,2585991647.5089,3611997948.2205,392257.876272384,113829.210867502,40922.6890314738,13920.4496022583,32776.6970145791,496379.77797313
miura_00261,miura,261,1,24,12,0.000546825911527161,0.00444057747293912,0.00115805054419409,1327354705.48638,2262327952.08407,222991.191542553,57624.3661645994,17964.1747720687,12899.3076885911,26949.150559839,350254.544750241
miura_00262,miura,262,1,30,12,0.000595503689571041,0.0029426243881407,0.00132138704112261,1979004954.58626,4078408754.07167,131031.416989571,36960.9109952173,14587.4823641844,22353.0712394429,39748.474601766,335204.10845962
miura_00263,miura,263,1,24,9,0.000694771352624802,0.00264749321856658,0.00389256571341353,1264047695.27795,2512856461.19797,30611.8705504815,10272.4394390897,7640.11180214317,6211.50775204102,11052.2994982182,105778.309375078
miura_00264,miura,264,1,24,6,0.00099039352652928,0.00587261280093814,0.00285416964051094,2565640938.45125,4170078229.62135,748505.196593249,275181.443192263,90578.5834067035,48171.9828148751,96862.9289460698,794421.275792871
miura_00265,miura,265,1,24,9,0.000804466667810985,0.00595978799044937,0.00160589877915969,3595751808.66261,1315122578.15503,278425.228135265,76707.5020918322,21470.7959195536,57371.1597866079,96582.3631315121,515849.299159673
miura_00266,miura,266,1,24,9,0.000533490135264966,0.00492641508691434,0.00252071524573404,1983719273.88396,4206197777.70331,408570.785114842,119349.536135556,44375.1963724595,11335.1686862189,29070.2869698683,509775.251916463
miura_00267,miura,267,1,36,9,0.000527990527500067,0.00204817894388801,0.0014292516939289,2359115316.69871,2890373231.95712,53642.3543298495,16536.2854588637,7228.26303757497,18259.00927276,29717.5832692065,159449.511340716
miura_00268,miura,268,1,30,9,0.000918439294347617,0.00465987683118454,0.00376097631863355,2883895800.55539,2594607519.60306,173865.928917212,52022.34330816,20158.6468757379,38130.1818871014,64393.7245946699,394898.24059263
miura_00269,miura,269,1,36,6,0.000718346672822916,0.00457966823208209,0.00242903095744194,4148622042.42147,1177070555.85087,106982.891386534,46247.419257637,14366.4766108282,42562.9408875169,64496.2110533301,206613.636904541
miura_00270,miura,270,1,24,9,0.000599922626313227,0.00251364753778139,0.00298148313444705,1928254663.91329,4744950956.75004,63665.1504331221,21041.7620872275,14593.4891296505,8451.0841551368,15558.6682307775,176677.344882568
miura_00271,miura,271,1,24,12,0.000559674394688186,0.00427711304649861,0.00195480004358981,3747678995.48428,1753460819.16063,100817.369288775,28250.3518284462,11118.0542904854,18807.4998864548,33604.8607345412,284359.245475666
miura_00272,miura,272,1,24,6,0.000837037707389927,0.00165150276161677,0.0030035397545397,1968765919.78911,3451662527.66522,27353.1240109649,9604.03022085175,7882.60072242119,17824.1092307378,28885.225258475,143329.41656741
miura_00273,miura,273,1,24,9,0.000751495777463908,0.00471508559535402,0.00252477175771909,2476969350.36882,2335573350.14112,202840.96163375,59638.4978952412,22924.5613369379,23351.1840996049,42798.190640624,364750.124747202
miura_00274,miura,274,1,24,9,0.000536393064960921,0.00467856186580211,0.00245969669072208,3378676191.3933,3902489856.58876,338535.002020889,99466.9658443657,38101.3004681917,15313.55547993,33519.9283985713,466412.68256025
miura_00275,miura,275,1,36,6,0.00077760719132464,0.00150476956269987,0.00171720692627692,2177314992.39546,3166192256.05939,37522.6787090833,13342.6282778595,6784.14962607897,38813.7173306885,58120.5129418777,176127.510864258
miura_00276,miura,276,1,36,6,0.000840160588455364,0.00124129997389617,0.00185981236407094,4787672289.0932,2862870088.64381,20094.6455426537,7017.80576731278,4168.81368499136,85934.2016432388,120376.183119196,243343.200205605
miura_00277,miura,277,1,36,6,0.000863704437202204,0.00470572346809441,0.00370819654194516,4150022531.27711,3091328434.52783,256819.923442877,106148.655019666,35322.9704154207,51644.5445283748,84005.828363488,380601.116488055
miura_00278,miura,278,1,24,12,0.000629241240674241,0.00353896158693919,0.0016096051563647,3106851873.28649,2183375275.31064,88345.8811518288,25331.8509661462,10770.7272919371,25705.6178341831,44610.6166616306,329231.480487574
miura_00279,miura,279,1,36,12,0.000828699828868085,0.00212206194766553,0.00365468481651805,4235655724.94182,2639318500.06572,15151.8379007202,4916.58996147535,3401.7791189502,47055.6778825412,73197.9539449435,308850.279959633
miura_00280,miura,280,1,30,9,0.000773372772236052,0.0048457788847056,0.00222826824051847,3740475934.34714,3366123818.30755,362408.398649707,105149.760800832,33062.2643906799,51040.3948421677,89376.0086692419,591056.673625568
miura_00281,miura,281,1,30,6,0.000516105234488163,0.00161600666169397,0.00210851458565034,2860391759.5603,4717614945.80693,53837.1616359623,18579.8635121734,11101.8267193777,11764.373768102,19706.1243660687,120074.596811901
miura_00282,miura,282,1,30,6,0.000526143408344886,0.00198130660654381,0.00234396699040617,3332627672.65053,2953126589.33257,52316.0067871213,18151.2654981136,9730.247019138,12720.2053979864,20965.8644091152,114689.906169965
miura_00283,miura,283,1,24,12,0.000913754252586314,0.00520248593726058,0.00218934391845166,1490653722.06897,1161701896.23225,103238.09426051,27901.7965449956,9830.56379605593,27345.2244160113,47200.1400503181,323542.57072205
miura_00284,miura,284,1,24,6,0.00054841641078233,0.00281128281196026,0.00266407726924038,1229698799.18488,2698673881.72974,97319.4602149331,33203.5480528101,17142.3975846002,4968.21071813668,10331.5967686826,122800.177397787
miura_00285,miura,285,1,36,6,0.000542626989311678,0.00110212600501306,0.00128571195938258,4320524190.97564,1843705517.99241,12615.4714870847,4421.00836139908,2514.47649275115,32312.3505239288,46751.3389514384,110812.215721642
miura_00286,miura,286,1,30,6,0.000505072881038483,0.00597464268322616,0.00129045186500993,4895291584.95573,3748942749.37505,711949.181555402,311967.520142884,83058.2747832088,34867.4936851875,81489.3349551859,703078.470219999
miura_00287,miura,287,1,24,12,0.000560170768372961,0.0045407939472301,0.00394170649485802,1414231128.29598,4058157018.98687,146930.561129433,44165.9609330558,22255.1677613741,5820.70062238266,13570.3963980611,304746.241064499
miura_00288,miura,288,1,24,12,0.000867924546280572,0.00192836400970965,0.00225921266465318,4810958014.45863,3318759309.93302,17889.6652878963,6172.34711832176,5229.6903375851,65295.2665068563,105704.524915245,512181.932103576
miura_00289,miura,289,1,36,9,0.000852588246669939,0.00503605426463483,0.00228767155207697,3631120183.5815,1235317108.57111,141646.324704144,41913.2204510226,11849.973362955,68528.2923987831,104514.552515869,365625.091140529
miura_00290,miura,290,1,24,6,0.000742391668435449,0.002811326647205,0.00369530270791625,3788492286.87666,2259790090.54375,63171.457416336,21553.9273986455,12631.152956246,20011.0970331863,32928.3156192112,174273.770821531
miura_00291,miura,291,1,24,9,0.000601906850740469,0.00148723919542868,0.00222068556402159,4917541011.97794,2531688030.38467,10265.0270883844,3657.516065484,3499.94290901464,22433.958428838,36303.5358437615,177298.076545256
miura_00292,miura,292,1,36,12,0.000936436186227903,0.00197281165089374,0.00350117436889904,1701094869.38441,4182658711.27148,20091.0311255153,6588.04558743711,4771.72705751449,29880.381011835,48104.930888051,258270.849866011
miura_00293,miura,293,1,24,6,0.000940189361836342,0.00487664982568782,0.00291720727888351,3835015411.90474,4148974259.15614,507662.608931123,181173.593268595,66656.8012071553,55709.4853954555,99930.9300540485,655717.135840245
miura_00294,miura,294,1,36,6,0.000996506145399848,0.00375699010253527,0.0032581118896283,3951243451.72324,3231960202.50173,188951.913353436,75159.4619561952,27001.3786910446,81093.10531762,123567.017786762,416180.793061076
miura_00295,miura,295,1,24,12,0.000799023742510125,0.00192736448149347,0.00159218577478064,3808706763.28202,2211127864.22188,16495.0552313428,5453.77862539158,3948.21140832608,56562.0676824454,90622.326150889,406506.916563364
miura_00296,miura,296,1,24,9,0.000688840804502154,0.00141433617361578,0.00249657241318012,1622520571.77283,3971996344.41662,12317.2560889382,4496.42916020335,4728.72610654371,10766.5079906712,18085.5536875141,119655.489706147
miura_00297,miura,297,1,24,6,0.000703580088148121,0.00294119198192908,0.00232313110665811,3626421100.58155,4991180499.01638,223132.589179996,76536.3473066411,36465.4407305839,28252.2491329044,49960.0021780818,351100.933680068
miura_00298,miura,298,1,30,6,0.000852745471921784,0.00305102968543894,0.00113293927837154,4628899277.89871,1200167681.72717,83743.7249114626,32837.4899808861,10997.0418124994,125813.724858431,172659.329462536,337018.455127176
miura_00299,miura,299,1,36,6,0.000979201429735067,0.00578603224149379,0.00305831302742941,3510110340.9524,3305906227.68024,403246.98590334,178833.07300397,53165.2487609733,76804.4664196726,125802.309657525,558253.956410644
miura_00300,miura,300,1,36,12,0.000587574882503025,0.00337659743820252,0.0030006480305091,4671216938.51908,3028779638.5452,76675.2019406449,22288.6362351185,9623.65334771405,25051.150550634,42087.6360790402,275952.495702952
miura_00301,miura,301,1,30,6,0.00072605309473079,0.00108250263620201,0.00383017929981054,2539874568.89942,1947035180.42538,4523.43448528465,1645.23598690351,1688.65165355741,13254.727680922,20518.6218269863,71544.8150405981
miura_00302,miura,302,1,24,9,0.000909390340014883,0.00375846290421967,0.00201619491728726,3100685371.7036,4939572414.0856,284740.536648083,85152.0593370721,35763.7507232688,60112.6286206346,103744.028543788,704491.905903757
miura_00303,miura,303,1,30,9,0.000677629997513468,0.00218087413365327,0.00266449275121797,2766658012.51666,2585076394.03574,30014.2127198964,9681.20322663171,5965.0141409527,19847.7554003747,32219.0954552471,171847.856736529
miura_00304,miura,304,1,36,9,0.000666433912878409,0.00221525231200153,0.00259295782963578,2044691335.48458,1489098399.98993,20776.9654068676,6542.33454824523,3377.96637265478,16745.2532630918,26238.241718153,115040.884803967
miura_00305,miura,305,1,30,6,0.000672269522660597,0.0033792840896794,0.00131143027119625,3915356041.67561,2226045667.60511,175563.999713683,69130.2828637027,22606.2723161062,51605.9240272274,81176.9342031847,308417.745647324
miura_00306,miura,306,1,30,12,0.000789279156974259,0.00473066346323611,0.00143850950000385,1541805412.25834,3206490606.79006,334504.614550333,84573.3351958443,24321.5732818357,37670.2866907566,69247.4427191441,580610.960233453
miura_00307,miura,307,1,30,9,0.000975768933799243,0.00309357262288432,0.00275087224456122,4820647486.37699,2001320393.53495,59741.3683607994,18401.8928656889,8634.2906662886,91127.8993022431,138652.276050727,465631.454012056
miura_00308,miura,308,1,36,9,0.000808362820440794,0.00346161678146777,0.00269325564215263,3985252321.59336,2643819929.4763,114955.180611449,34857.9287058103,13102.8591472795,56082.4214320766,87900.2397738421,374134.005737418
miura_00309,miura,309,1,30,9,0.000931073030034011,0.00274362250152465,0.00299503025887291,4506807434.10645,3000004584.38798,59787.9344352742,18810.5133292105,10055.0495554735,70288.7296815684,109727.080505751,444266.885790554
miura_00310,miura,310,1,30,6,0.000565619141472771,0.00475786071763854,0.00230625824980974,2926448571.26212,2172550983.87897,252140.360602704,100362.344495101,31838.4167672488,15908.4890764704,32467.6255879494,262071.177462282
miura_00311,miura,311,1,24,12,0.000543935414061026,0.00275701943111423,0.00344188615302229,3847065339.71678,3360694908.15169,33211.7765699388,11054.7483865324,8213.81624598872,10298.9779857384,18217.7997073233,176586.963700543
miura_00312,miura,312,1,30,9,0.000668903862871975,0.0040105310558836,0.00262382144535381,1327765689.04533,3088466597.16344,186000.414464151,55471.5926647963,21047.4341171372,12006.8835921107,24030.2203719092,265196.234508914
miura_00313,miura,313,1,36,6,0.000775051968038316,0.00211630246888348,0.00371586922335748,2358704546.96712,4992328887.2827,77731.2259871761,27489.9563648404,14365.9152249635,21591.2414322182,34849.1645230876,174964.037359372
miura_00314,miura,314,1,30,12,0.000983006967565639,0.00529449180193719,0.00229293613905008,3859794294.1843,4299106510.80134,417434.752959361,109060.273985952,34072.2317416132,104137.773803535,176285.854947386,1092987.54601657
miura_00315,miura,315,1,30,6,0.000706795142543156,0.0053282181554646,0.00207115148211048,2009347440.95842,4779353939.30464,691843.299626665,284804.541281126,84406.5444262919,26715.5367874353,65848.5825915291,659365.345965799
miura_00316,miura,316,1,30,9,0.000949930312098455,0.00474851526849298,0.00204247101812371,4780250365.11907,1630527747.28151,178546.543512422,51724.8614914838,16049.0645631258,114231.523362488,174468.420620964,597882.281201549
miura_00317,miura,317,1,36,6,0.000570810863495125,0.00305027955677027,0.00329174682759964,3227206884.93294,4934753397.95601,190232.837170687,71972.9274786605,28811.4359043039,15092.803084043,28501.0787234874,223832.413760374
miura_00318,miura,318,1,24,12,0.000711394762790436,0.00584616230763421,0.00262039548245102,4845813076.5309,3828283542.11901,399472.302743281,107159.992953354,36922.1508313592,40426.9342739767,76727.5624273321,797479.653310765
miura_00319,miura,319,1,24,9,0.000539747765845885,0.00550145268282862,0.00243101714950987,1698724299.19972,2455774400.49843,323792.938022264,92824.6448133334,31396.3794115044,9571.53416920393,24096.9462310118,383632.996456355
miura_00320,miura,320,1,36,12,0.000800032692581049,0.00542530333145698,0.00235251574213712,3869243448.21488,1390601734.71628,148484.19776246,37750.4491744062,10619.2348383734,62129.5803575454,98731.2307183056,447580.799322728
miura_00321,miura,321,1,30,6,0.000939590160412207,0.00266061133568864,0.00388002010640953,4536736514.47578,3639857062.77076,92550.3432701056,32209.1060043896,16785.4208284069,54544.1655504031,84838.881429912,324253.091466059
miura_00322,miura,322,1,30,12,0.000799841079843399,0.00533171692899832,0.00200802563499428,2705905104.82437,3404750425.26954,372823.935202615,95495.35909654,28341.2263296225,48420.0673948286,87437.5858665895,698645.958032611
miura_00323,miura,323,1,36,12,0.000545199148440344,0.00494669454241957,0.00120500719647126,4616155875.21723,1412337379.01572,189339.166348893,45214.8440473475,11061.8049519676,46968.8957050347,77051.9095628592,391417.318226485
miura_00324,miura,324,1,24,6,0.000938869183276249,0.0016075439276302,0.00188501859967809,3856716394.99048,2928600503.9276,32937.0064657839,11357.4223787615,7907.69628112979,67660.0110803591,103748.815502278,314423.8022784
miura_00325,miura,325,1,36,9,0.000681139068463964,0.00568387795255105,0.00328307260153858,1366089770.411,4409042505.37513,530398.998189928,157120.702796793,45776.9832493356,15802.4442843951,40614.0360919573,551176.564147867
miura_00326,miura,326,1,24,12,0.000566668219190249,0.00261813941004372,0.00137020745873094,3874981660.46058,4210702976.06358,84571.9625367554,25562.1150023768,13153.2271623443,27827.703562119,48421.6488787013,378846.701497283
miura_00327,miura,327,1,36,6,0.00057518792011575,0.00279732359952043,0.00395680146155771,3061545774.01241,3706675881.49059,106513.214870868,38948.6982002361,17323.6552049701,11731.2997196224,20840.9215143113,145899.772568983
miura_00328,miura,328,1,36,6,0.000986446704542195,0.00582104485371549,0.0029724718607522,1963554881.31511,2976527030.59943,368661.373491575,164092.469680119,48400.9786141494,47082.1976171498,82415.4821851643,447997.145808052
miura_00329,miura,329,1,24,12,0.000633813247673909,0.00168457688016962,0.00184245714045399,4098388545.34499,2917749117.3191,12759.2809017274,4439.05702328076,3877.34570900366,27666.2470226654,45768.147017241,262244.264595476
miura_00330,miura,330,1,30,12,0.00052265370597967,0.00331124562674482,0.00341470124403821,2805336802.48013,2715733467.93912,51759.5830250729,15783.8326521482,8384.87576946976,8710.18778972178,15709.5812126827,160080.888064652
miura_00331,miura,331,1,36,6,0.000968891287736426,0.0016481320513946,0.00243735567207152,4667870041.33238,4985347906.14686,57536.9463279647,20289.8037204633,10912.1271896455,107806.525425167,157686.26337258,401646.981121006
miura_00332,miura,332,1,24,9,0.000602710064458847,0.0055667337574538,0.00298341599364313,3042854787.24088,1175138260.28758,137019.834435442,39800.1920397756,14375.9281663446,12873.9499311587,24248.4039050239,220388.542414237
miura_00333,miura,333,1,24,6,0.000943421838663365,0.00593294345855501,0.00362502772971802,2795951386.20696,3841289616.01261,627038.615238317,226556.445492258,79158.8933719686,36898.0994865019,75483.2361546056,666945.751487334
miura_00334,miura,334,1,24,12,0.000796932651335616,0.00125818921698397,0.00103202100155813,2526871640.1621,2157019298.06464,7306.38856777077,2543.26355748365,2219.11987165547,55094.2844113193,86727.4131454431,333763.440943175
miura_00335,miura,335,1,24,6,0.000658550447907066,0.00404789921927326,0.00245198648692853,4944224040.05441,4667585569.48227,422824.370788122,148888.326608555,58205.7568634908,31744.4070604627,60965.9565041509,501822.295660044
miura_00336,miura,336,1,30,9,0.000991010406199122,0.00493143966485024,0.00389784068256185,4176248555.98209,4340812765.35215,326773.070451358,97361.5386889903,36671.5715225927,67148.0498580741,113867.207521991,705981.336506023
miura_00337,miura,337,1,24,9,0.00097191810525487,0.00251029664844213,0.00358058278861941,1552669334.88795,1713245691.35154,19609.4156713349,6587.75198715211,4934.78921449974,19171.9899210637,31467.15921651,170979.817217919
miura_00338,miura,338,1,30,9,0.000845950487857128,0.00207810460192546,0.00100567726835444,2067442373.39213,4500111291.29311,106742.667191435,32474.4714587913,14052.7668263948,73160.5850127188,115147.026769473,488744.268110126
miura_00339,miura,339,1,24,9,0.000631914896719939,0.0032613821868583,0.00198904905702734,4604014152.30449,3967688250.62303,158045.131150812,48258.8733831652,22606.1244447201,31134.550621043,54406.028556784,405706.731959428
miura_00340,miura,340,1,24,12,0.000923978610973509,0.0048480207847959,0.003428727781256,1534436488.83343,4656909931.4197,230162.793068994,67006.347521427,30028.4326040424,22644.2421926785,43510.0467834351,544594.789611168
miura_00341,miura,341,1,24,12,0.000836621452254228,0.00316376375917961,0.0028664065256036,1438091576.0955,1852112335.0887,32283.3133272788,10176.7601617447,6148.01684246981,15577.5569804352,26787.0705210018,198803.432193778
miura_00342,miura,342,1,30,6,0.000531962345607278,0.0047163305694416,0.00223161095404755,1869680210.52604,3503886933.20095,405233.56101109,161427.736004233,51034.2656857232,11444.8711078311,31572.0187982954,373956.127709924
miura_00343,miura,343,1,30,12,0.000833469074989845,0.00561491153416121,0.00235523784617979,4061066757.44009,4559748194.59234,503692.919143012,130002.303136582,39325.0716802831,69654.9197765117,124921.460879753,981086.023778535
miura_00344,miura,344,1,24,6,0.0006325956941646,0.00555940438184948,0.00314167142353892,1372619038.9798,4450156295.9137,684862.867427655,247551.996088628,86156.8526946253,12195.2377517507,39975.8573279309,616204.55543655
miura_00345,miura,345,1,36,9,0.000531308801172762,0.00275234307709214,0.00353269557940445,3427521744.11509,2177396359.45946,41765.0698390143,13070.9843271241,6441.59908300738,11343.4102205136,18960.8468525143,119311.044369917
miura_00346,miura,346,1,24,9,0.000731114091611455,0.00287499340694171,0.00146631608111931,3365505421.11314,3085181382.83884,113730.148657642,34573.4851462963,15834.7254184213,44127.6115419625,73274.5722303963,411436.624090678
miura_00347,miura,347,1,30,6,0.000580955193126737,0.00124484924378384,0.00171605173237338,4813618982.49501,2441348230.0005,16756.296672345,5795.09067504205,3902.74903862273,28837.2625244012,43837.1222614732,136847.767465438
miura_00348,miura,348,1,24,12,0.000582188509496034,0.00125119241860233,0.00366405362633205,2420045540.95364,4987139253.06198,4912.59685317283,2012.73776562068,3043.04118775995,7008.18572607035,11991.6023912066,96520.1610753652
miura_00349,miura,349,1,36,12,0.000557543673010688,0.00516061634481381,0.0021265044760479,1735114113.68587,3900228308.70396,395855.096598411,100576.772430412,28217.1592650294,15964.47566932,36264.5695845794,492278.574167007
miura_00350,miura,350,1,36,12,0.000739360229494273,0.00229021368727482,0.00361150562894743,2864043529.003,2988635044.65259,21381.065363277,6826.01092681478,4403.62854047889,24150.1431960092,39023.8531365571,213226.86987324
miura_00351,miura,351,1,24,6,0.000728683258941205,0.00104793759876848,0.00182425413107379,3241529724.73517,2384092180.82899,8551.31679047817,3092.62762047856,2992.06258156154,27105.9355458238,42275.6873595571,138929.490623931
miura_00352,miura,352,1,30,6,0.000639785226399055,0.00427309176869636,0.00213155191724423,3280124347.67834,3816280083.29656,377962.355000916,148330.243483076,48536.0831591978,27291.7910119341,53474.7858515748,407435.834943919
miura_00353,miura,353,1,36,9,0.000572845987296261,0.00229663287943382,0.00102462813200581,3146731189.0895,2771477560.96058,88941.2272084595,26837.1922359467,9594.78585605694,41347.9400255523,64715.3122448928,271286.883167533
miura_00354,miura,354,1,36,12,0.00098219294291307,0.00235183321799108,0.00154949821922185,4593458613.82575,3310965905.21046,56053.9843514025,16391.7653696744,7270.23421446481,190786.575985826,281154.795578555,820470.730816789
miura_00355,miura,355,1,36,9,0.000884603720514115,0.00594761580391271,0.00196051510329952,1766407888.90821,3736822653.53002,638698.614123094,187292.208535819,46743.5216028693,51639.2355053451,99564.229520581,752905.072247043
miura_00356,miura,356,1,36,6,0.000787601597678716,0.00110454341803115,0.00281970455943306,2312814978.05383,3550977202.40671,12812.5350748934,4475.30720206056,3379.24900828496,25712.5336943943,38909.9068889594,124138.152991586
miura_00357,miura,357,1,24,9,0.00082281864792107,0.00160837531214168,0.00171351084502852,4223395876.95623,3084691655.82876,20079.2015038367,6846.81459988902,5465.01950148978,60724.988753688,95807.661881857,378257.397458791
miura_00358,miura,358,1,24,9,0.000613185452234581,0.00572275996241632,0.00164271811188778,3978066693.80742,4347595799.29412,825354.107798933,228906.996375806,66091.6357767089,37234.3165148382,82583.054577767,958415.570912622
miura_00359,miura,359,1,30,9,0.000769120428615904,0.00452921932139968,0.00284418806479939,3355521724.91164,2491110130.08413,192051.005375189,56783.0520599381,20303.6516463815,34825.5559230407,59607.6428862583,378552.945229904
miura_00360,miura,360,1,36,9,0.000690587428956045,0.00535762807693518,0.00344290132536772,3883665455.1861,3038654866.85784,312496.687966089,92956.6447272889,28451.8488017814,30766.0872028558,56493.454472886,428537.20309126
miura_00361,miura,361,1,36,12,0.000652949596270126,0.00247309752104033,0.002155864380228,1605439494.57181,3259158481.56571,46529.8116506611,13921.0694068225,6766.84077461889,16562.1549791677,27894.9092257901,189659.261988603
miura_00362,miura,362,1,36,6,0.000582170240960591,0.00204288039958122,0.00223463888067027,1625373979.9472,4186917276.84067,84766.2151951495,30851.9790260521,13971.264546578,11178.0119437879,19347.8077500849,125081.394920795
miura_00363,miura,363,1,24,6,0.00055081845612029,0.00209746888603463,0.00170040738090149,4439293993.0567,1176354475.98462,28666.2680740888,9782.30869982963,5343.08163807997,19122.0061693727,30074.9637258311,115554.768431866
miura_00364,miura,364,1,30,6,0.000523207801016896,0.0050322315744279,0.00172060420127454,1942395648.8106,1166751774.21699,162748.06523143,67525.2415160203,19755.7638264268,10934.2924535333,22254.7311972539,168975.58851502
miura_00365,miura,365,1,36,12,0.000744869029916142,0.00400035834730656,0.0031544584121907,4535408276.82949,1832902484.89903,70776.4959116882,19973.3051663015,7709.14055394446,44134.5669527452,70469.8645577355,343422.96478194
miura_00366,miura,366,1,30,6,0.000752363049969351,0.00572114137234465,0.00275149390723341,2614556777.72421,4252266240.92079,633254.085542211,257046.040082535,78302.1540663511,29850.7524442472,67502.2842380584,621312.797411058
miura_00367,miura,367,1,36,12,0.000846647394252511,0.00332349523243727,0.00158534867819819,4433617818.36814,3655097816.09803,152917.22009376,41692.3676178355,14307.3832379427,122434.955848207,190391.895343823,783165.662640452
miura_00368,miura,368,1,24,12,0.000626803661917553,0.00174286938615369,0.00265532673249046,2722441270.8304,3365949990.0287,11430.2732592117,4129.48569949857,4117.86510374044,13144.5550781814,22351.3010698698,160978.311023018
miura_00369,miura,369,1,30,12,0.00051210214458557,0.0022276230493995,0.00367233263574634,1194453908.77091,4644651245.288,26525.5237103708,8880.48807173703,6907.85148096461,3579.8516626082,6673.5900247975,96693.0328217083
miura_00370,miura,370,1,24,6,0.000810097741725406,0.00132426766976994,0.00361853577441081,2613921287.875,4280011769.84126,15530.1730514092,5706.11006786765,6024.42271810991,17445.3879165206,28150.1502542529,135236.10588522
miura_00371,miura,371,1,30,9,0.000560163566734245,0.00496126592756688,0.00274196123007636,1453166128.78224,1089923730.52117,107519.97545731,31433.8700016199,10423.7493741189,7123.71564568983,14199.3007451668,142009.744092999
miura_00372,miura,372,1,30,6,0.000641004781031422,0.00234193564908962,0.00257568237985037,4446991432.0614,1451450783.60717,36375.5691502687,12738.4813356855,6295.3017052573,25072.0043683902,38531.1993296354,134298.974470724
miura_00373,miura,373,1,30,9,0.000841331477388508,0.00459965489117515,0.00188464987225164,2780194677.56351,4940556473.20713,526105.845859297,152183.129703268,46890.70766596,59420.2554030819,107310.067401193,781011.839167477
miura_00374,miura,374,1,24,6,0.000939132444277195,0.00526261885166371,0.0031312077075683,2707784044.08763,1692652034.19571,233644.484816936,83888.6811475164,30144.4452970066,34885.5268558838,59837.5125558591,332997.095350296
miura_00375,miura,375,1,36,9,0.000878241241314104,0.00546643456981135,0.00164042843049448,3746238473.82968,4808542762.53135,759271.250824958,222699.229142159,55538.6139052243,117110.086825915,199502.759658379,1083264.44544858
miura_00376,miura,376,1,30,9,0.000589156534979859,0.00172434348580238,0.00224550058039895,2685341377.26318,1715449694.87705,12063.0273781196,3982.41226992679,2777.16501604797,14568.9226524876,23213.6821024985,109943.451518968
miura_00377,miura,377,1,36,12,0.000965197846544816,0.00455186950984195,0.00393836187329313,2160256528.25087,3719820999.14431,168284.731900157,47304.8095597632,17984.3479895693,39769.7693121296,67871.0431243983,468583.998425002
miura_00378,miura,378,1,24,9,0.000760863307558618,0.00120827907648796,0.00204884347832682,3456067130.38402,3143060695.08401,7745.92459222281,2867.67094732398,3166.68073988613,33132.451308989,52965.7547761699,229060.749550936
miura_00379,miura,379,1,24,6,0.000517884909684136,0.00594096814538326,0.00211465445279305,2944346910.0111,2325465483.26131,482769.162712948,182175.401571596,55376.1463262532,13756.436066954,37503.2593845411,441292.831347165
miura_00380,miura,380,1,24,12,0.000790730238709114,0.00262459879443248,0.00245941552881165,4067405074.80587,4107659568.01151,48498.0016880471,15690.5888145717,10471.3634708163,41602.5906792733,70139.2758626187,456744.293522218
miura_00381,miura,381,1,24,6,0.000889504952501788,0.00285167848139694,0.00391093729091316,4876670901.65137,1718692138.53607,47893.1763841896,16352.6167106496,9699.62130857008,38166.1215033974,59952.6294203779,228056.670524489
miura_00382,miura,382,1,36,9,0.000647468789675983,0.00297333485967355,0.0032153813910203,1621818625.77185,4804635188.16922,122221.531814239,37797.3701765052,16959.9339217673,12124.8844642469,22457.0132647754,213487.874344302
miura_00383,miura,383,1,36,6,0.000617809929586494,0.00274099891576443,0.0022976953204717,4731790433.15575,2173444145.86827,81291.3767090879,31288.2586243985,12076.2590085209,33180.0891985871,51012.3323933262,183072.979512208
miura_00384,miura,384,1,24,6,0.000546722976408104,0.00315137801987465,0.00163878095202071,2566295751.16439,3878040465.97889,257655.629177531,90189.057220339,36366.6533289641,15064.4456154722,30551.3624832615,291642.55648064
miura_00385,miura,385,1,36,12,0.000994897467650718,0.00426198922670424,0.00108339980655911,2317736855.05367,3356155664.74842,343806.627709868,84199.310037381,21720.5104081472,153174.479958005,239983.740248082,993332.221646561
miura_00386,miura,386,1,24,12,0.000558530605690061,0.00253187780120507,0.00180020413064352,3399680781.20914,3145395278.60225,44650.3842520087,14042.9310519649,8408.91278466093,17776.5825941588,30836.6685275605,243504.934462291
miura_00387,miura,387,1,24,6,0.000925671820819029,0.00478600234165463,0.00146305790645885,1513809969.16929,4594767240.75734,749904.821216421,281676.969089606,86912.4159101922,45362.4141915738,93503.3323440577,769950.139866376
miura_00388,miura,388,1,30,6,0.000514192734702315,0.00426062126725198,0.00151082211047879,4015607515.64376,4180114338.47255,465075.933180226,189013.518041771,57464.3220244774,25611.2429164305,54949.0679927826,467843.47099393
miura_00389,miura,389,1,30,12,0.000784265731301902,0.00479970609102646,0.00216076760893846,1504685946.46637,4303316525.08086,339289.804909234,90215.5596248278,29551.9989267267,26563.4602258359,51838.5166020146,570084.731286175
miura_00390,miura,390,1,30,12,0.000787077906687157,0.00398327003305873,0.0038800285422932,2655093423.6059,1755778904.39403,50292.4669189902,14947.2785287464,7166.8246685421,21775.6289815694,36598.9738015883,238429.585569624
miura_00391,miura,391,1,36,9,0.000789702079992777,0.00142663673427814,0.00111861066002485,3506943042.92445,2027590641.45652,18083.0343759271,5698.98349035607,2972.50138746771,96459.0626886151,135759.283071495,298689.526075055
miura_00392,miura,392,1,24,12,0.000912941708905194,0.00121929460203047,0.0032525503904811,3741817250.22037,2231916366.59162,2508.77262767959,1023.37776326171,1523.80173872236,38384.2652184735,61721.4122463768,263863.661558899
miura_00393,miura,393,1,30,12,0.000622255538958525,0.00514113040534623,0.00235493756227985,1178793110.55712,2767780534.0726,243575.270466532,64332.1916439319,20679.570357534,11257.6763684984,24610.039908733,354036.295216688
miura_00394,miura,394,1,24,9,0.000820950966806812,0.00458410903047754,0.00306152421914238,4524217292.07963,1295585557.22272,89921.7621041384,26926.7486119819,11391.9402289244,39373.2265934058,64489.0198083904,329993.667737145
miura_00395,miura,395,1,36,12,0.00064630312664995,0.00368572100197348,0.0038450143764143,3064929501.20464,4543347570.07109,117606.33904091,34433.9621806234,15296.0621519486,18708.9397853845,33384.7713873634,302677.927442095
miura_00396,miura,396,1,24,9,0.000777006270540393,0.00518696643151875,0.00267744489809948,4680556772.75723,1989428636.85017,211185.855133408,61489.4869291289,22474.3376207572,42078.393392956,72362.2592762375,463696.361999979
miura_00397,miura,397,1,30,12,0.000637652881511522,0.00174986088857741,0.00319543916449749,1053239981.7005,2362677419.75746,7699.01368002209,2681.53390888368,2428.8023099035,5744.48849775411,9729.23390398836,72928.6647290834
miura_00398,miura,398,1,36,12,0.000943347585817809,0.00458483491485169,0.00354610289841408,3116249026.97022,3407139267.88209,171764.502436343,47669.966592377,17333.5445076047,57155.5863621287,94620.3110035356,555648.391369458
miura_00399,miura,399,1,24,12,0.000943726170772493,0.00583516724851527,0.00323366833059924,2343659712.92079,1424631673.42574,123846.032549644,34185.4845582034,12832.3273812877,32397.3525165548,56206.4171103492,402160.901138156
miura_00400,miura,400,1,24,12,0.000510050048405115,0.00514016649357791,0.0017205702997174,3119668312.66759,2845812418.68519,298697.355031733,78331.5978522472,25359.2131371728,16848.6914645911,35396.8173266683,478761.559125825
miura_00401,miura,401,1,30,12,0.000592579620423955,0.00297932593795256,0.00351067349224422,2052435211.43065,1513617368.24885,20837.6780882355,6517.54497570108,3843.1253894529,8230.17801880535,14076.379395865,105919.940269157
miura_00402,miura,402,1,24,12,0.000963057003869248,0.00102563326609262,0.00350171252342282,1949582726.76891,2142456310.02298,1393.96845100083,599.483707257121,1063.23101980672,22158.0678751774,36060.238177012,169209.934217424
miura_00403,miura,403,1,30,9,0.000872009854384355,0.0042843872576525,0.00149188780831335,3281183686.33596,3197306477.4866,337190.159246035,97162.8882884345,29104.313314669,88860.9723046663,144745.176915018,699271.131662796
miura_00404,miura,404,1,30,6,0.000528387662379966,0.00567207684638403,0.00388510734418561,2470111769.13637,1378040086.63436,178725.14759892,69853.5050844179,23036.0017601816,7353.56921943425,17105.1467856795,173843.010420662
miura_00405,miura,405,1,30,9,0.000590158430359803,0.00363266977210839,0.00360033287978337,1662288526.44341,3311984588.52586,119207.765402659,36641.5049599062,16915.336337683,7830.88991050102,15657.8400468197,194768.381348524
miura_00406,miura,406,1,30,9,0.000620840989380904,0.00339942151810233,0.00266467839505677,3796756840.30933,3441761331.44699,133656.383452031,40652.7593514349,17557.7297034104,22910.0441323581,39902.1142036764,290984.124344467
miura_00407,miura,407,1,30,9,0.000939633212176184,0.00284734157297727,0.00113464245499463,3965534581.58694,2680958911.25775,130524.088819267,38621.5529088035,13865.8980741096,160084.901829812,238546.245728369,705165.263704402
miura_00408,miura,408,1,36,12,0.000940038377411752,0.00437841463991203,0.0028655136566305,2986924954.24298,1447830123.67529,77202.1041353232,21144.7803970696,7364.12151820596,62523.0405999862,97313.7914243638,402995.998866538
miura_00409,miura,409,1,24,9,0.00092684242550371,0.00437707053640008,0.00296730614000964,2310188005.02749,4468032048.04912,279728.303957717,84189.6597344052,36553.5353648922,34986.0475438539,63764.5408772935,561662.624747826
miura_00410,miura,410,1,30,9,0.000698110908472313,0.00377584195053139,0.00197516811759896,3701714673.15113,1181568304.37037,76329.6010491192,22570.926038674,8065.57279233709,37625.7232880713,59331.4220619265,249991.507425097
miura_00411,miura,411,1,24,12,0.000808028445995217,0.00373199510243542,0.00374865634454435,3070659172.59,1012567674.52481,22142.7885773321,6929.8347636908,4072.37710103971,21472.4483502835,35730.0346600752,210324.614318954
miura_00412,miura,412,1,36,6,0.000815255562807271,0.00143478672820937,0.0036672431252309,3989219854.11877,4438049094.86777,25870.8938150895,9001.81616445166,6171.67129233992,38480.7154214258,58342.3220693159,192228.734851931
miura_00413,miura,413,1,30,9,0.000508311233890768,0.00465424231417809,0.00100094457225975,4886120154.52506,3937483856.71763,618550.727245068,174015.18943488,44476.8678662052,45299.541864797,89267.9960451706,730963.984344402
miura_00414,miura,414,1,30,9,0.000518795527708226,0.00439436854017714,0.00349697064303366,4684754632.5862,2463125539.60885,149932.810138385,44974.6802843558,17732.9374279996,13738.2126869683,25810.9285940509,242234.053220803
miura_00415,miura,415,1,30,9,0.000564604279165096,0.003189679389905,0.00207687254783307,1917436172.27556,2942276325.9159,118205.735297284,35700.5791017852,14724.3592555967,12049.9659381212,22309.0348839276,203738.831659508
miura_00416,miura,416,1,36,12,0.000980227850102086,0.00197951976529642,0.00150884767510494,2944854726.97871,4918149244.31348,52415.8549056427,15814.7244605365,7977.12474260582,128928.248473877,196702.982877303,721351.931226787
miura_00417,miura,417,1,30,9,0.000618156397779916,0.00596721188614401,0.00195105464037089,3894526269.83583,1502329458.22682,277250.020000124,78529.2453455316,20983.8294853916,31196.4583273591,56264.0590578568,378406.597829103
miura_00418,miura,418,1,24,12,0.000808893966492953,0.00332958498191179,0.00201898279753037,4976643200.17744,4751233242.41778,132334.160419321,39564.2198857452,19550.3325399094,67100.6065966991,113795.544866378,748779.821211631
miura_00419,miura,419,1,36,6,0.000865213789078472,0.00533926657759303,0.00268014452498335,4525873682.26653,1671633389.94012,186916.95698024,82719.0521012054,24813.5710433569,73418.466820941,111088.49364383,351343.31904052
miura_00420,miura,420,1,36,9,0.000737867393568807,0.00182183653755786,0.00230825267007625,2568640488.09609,1466585710.3467,13365.5215600139,4272.94365260668,2453.52441044139,30254.7943538102,45644.2256465029,151551.632045031
miura_00421,miura,421,1,24,6,0.000840940247119987,0.00306976076034888,0.00154064222769127,1162153950.33788,4968661389.32096,323463.515894254,113305.257857074,45565.1198013069,24762.4198803949,47340.342643973,391513.564077961
miura_00422,miura,422,1,24,12,0.000902763344053333,0.00250820577510463,0.00107715723897738,4503644481.92325,3554838689.44751,79691.8130647195,23655.9053709601,11399.4733243105,142961.331780635,227345.732572051,970093.218161215
miura_00423,miura,423,1,36,12,0.000802144851560511,0.00160580621384068,0.00359752292151766,2191636059.47135,4772719737.85283,12361.4700809228,4245.25314121474,3724.14019739383,23630.7487945086,38158.028767228,210624.97435838
miura_00424,miura,424,1,30,6,0.000874097583334085,0.00530176223888695,0.00171928342596879,2164284510.93063,2208399417.70506,333701.918819441,140067.337766515,40299.1019761981,50442.8955502829,85822.7458376289,424007.520112809
miura_00425,miura,425,1,36,6,0.000926873595623598,0.00314209642992322,0.00175162737923874,4017086296.13903,1043405568.75765,56811.689061719,23373.4956596545,7989.22914155647,109059.200903475,145374.303268071,260017.92036011
miura_00426,miura,426,1,30,6,0.000832286543166371,0.00480852263995445,0.00382065515159255,3593095356.91622,4667953867.77755,447543.512808236,169472.65381164,60496.4229708172,36401.9238556949,68834.7352274498,511536.269451445
miura_00427,miura,427,1,24,6,0.000850101753336425,0.00459655751691326,0.00212720521259221,1670221624.72685,2537874637.13919,324720.121340934,117547.566542312,40819.2385052532,25756.427795987,49124.7466679721,370331.890794347
miura_00428,miura,428,1,36,9,0.00077569484960911,0.00481338905286657,0.00387703101350609,3702709907.58318,1363328767.15968,101677.706853037,30534.7891605176,10385.9899868969,32679.2805576584,52318.2574417808,245612.174012252
miura_00429,miura,429,1,30,9,0.000818510235286369,0.00161455368230031,0.00140680677482854,2655008120.82613,1544011230.19962,14102.3799618849,4531.26116853806,2734.17447534899,55375.2439607886,82497.2151591803,235110.563597467
miura_00430,miura,430,1,36,6,0.000875103209320196,0.00397575313829832,0.00227381943210307,1891333342.63805,4761365202.41528,351886.496165623,148044.678258419,47664.339199271,42083.6946460667,74081.230299495,429281.514603369
miura_00431,miura,431,1,24,6,0.000565273316070725,0.00525799466176151,0.00186404698085291,2944997688.23355,2924712560.09126,513178.789062349,191782.239976535,59938.9772837964,18447.2525427496,45158.9098229045,484564.605949934
miura_00432,miura,432,1,36,12,0.000886371133398579,0.00332081678918288,0.00210995496654957,1580712067.51394,1721427256.82875,56614.9625074821,15926.840196017,6078.75641320555,38478.8322295852,61064.3799629667,286772.947764037
miura_00433,miura,433,1,24,9,0.000631658101703886,0.00239597575928678,0.0013839335113692,1325227628.21011,1446291769.3184,34045.5229040544,10605.6999237678,5514.91987487719,12181.4838304637,20519.0233341248,127724.212511095
miura_00434,miura,434,1,36,6,0.000956673142354138,0.00100516378530136,0.00324006234134725,4379887626.45191,1165320443.33132,3150.22328775772,1114.96179833752,932.559608229116,48904.9607334816,64725.2313392125,107347.763962321
miura_00435,miura,435,1,36,9,0.000758577807766919,0.00244216213725015,0.00253095777581993,1774003620.36559,3265852875.48407,60297.7185152819,18778.9195223657,8918.68495874507,22994.0868359196,37374.7960694188,201936.075792417
miura_00436,miura,436,1,30,12,0.000563641385796543,0.00299948902647348,0.00147412221891828,2471812408.53007,3167902902.03542,97534.0807494112,27736.9894417113,11265.9381499327,20694.6563445987,36154.6505544554,281796.94675795
miura_00437,miura,437,1,30,9,0.000515384525380134,0.00385508086523213,0.00158073666037559,2559891112.48586,4883238543.515,386399.135832196,112702.281115555,36798.023092503,18576.394404582,40017.7643190601,469832.104561398
miura_00438,miura,438,1,36,12,0.0008016279918515,0.00599438060656781,0.00197511849479122,1318242274.64544,3349771662.52089,508010.182738418,123014.618929402,30951.6098833371,32167.565892761,65324.7010895701,651911.113210517
miura_00439,miura,439,1,24,12,0.00063137908474065,0.00172517741411104,0.00293016598111456,4302619240.48989,4241302561.20227,12794.7443124599,4693.32344973683,4931.00333995334,18958.9621203083,32061.8824724605,220873.439113938
miura_00440,miura,440,1,24,9,0.000914788058731204,0.00308684657756523,0.00320311835907732,1726693298.98182,2577895890.59381,58121.9047416536,18618.6935380558,11144.926040135,21166.9811658834,35928.3643763458,239990.402221231
miura_00441,miura,441,1,24,6,0.000799107660449203,0.00202708374758848,0.00267755015337313,1123320255.45037,2460101028.86963,37617.346024584,12909.4174656082,8597.80813019737,10546.9780965123,17645.0554721645,105453.743388779
miura_00442,miura,442,1,36,9,0.000566809206018125,0.00139901066182767,0.00344430414049822,1810133501.32058,3958140696.68909,11709.9927779104,4008.58657847186,3377.50525712222,7392.60912813029,12164.9987616399,75665.7262602758
miura_00443,miura,443,1,30,6,0.000743166389857247,0.0028443124425433,0.00356415976575433,3884459178.94395,3110243706.63664,98770.0425963481,34675.5363102522,16733.5921147487,26786.0939607212,43458.4499021553,213673.141311171
miura_00444,miura,444,1,24,6,0.000767514966759459,0.0046049770496855,0.00399225473633827,2006884604.77975,1414861706.23163,126376.808796376,43942.7595182218,18514.950117881,12124.5674743689,22252.6965215428,167860.037277645
miura_00445,miura,445,1,36,12,0.000630297097187637,0.00496588947643557,0.00389189658018377,2766387433.02164,4785125305.36059,275830.375447947,75978.9828207125,26906.8907203843,17929.681036307,36022.7144025772,447044.01812966
miura_00446,miura,446,1,30,9,0.000791365095327926,0.00154771454471591,0.00372341275822247,1766187053.29328,3976700210.19385,12837.6723197128,4526.99652068247,4288.70286743728,14559.0992858297,23746.0516525311,134456.264747192
miura_00447,miura,447,1,30,12,0.000846275632697052,0.00467746586614621,0.00220361694677068,1989154685.90731,4522525335.60225,327997.815993674,88011.2713027725,29603.2363585923,39730.0713090926,72766.7766447654,651918.484056874
miura_00448,miura,448,1,36,6,0.000608202080060195,0.00320123103017826,0.00319544032625007,3121200319.90572,1804969600.80547,78036.9872806515,29954.8005368746,11598.3619419969,15969.4553151661,26041.7866060077,126068.957982112
miura_00449,miura,449,1,36,9,0.000842146357693378,0.00465213363458438,0.0017672404108991,2673861050.69059,3151373443.40047,350918.291244893,103578.047393674,28449.3274104609,67645.7679968276,112159.641443907,576956.733386037
miura_00450,miura,450,1,30,6,0.000551351399809854,0.00525923850469699,0.00172525390837982,1657602769.45865,1581011986.42472,235746.317883667,98577.3296523086,28407.2281975939,11634.2194937464,26319.6151559506,232145.002826804
miura_00451,miura,451,1,36,6,0.000589835183063827,0.00427415005438445,0.00224049283024258,1150836517.68178,1939881834.73083,161824.223699929,69298.2814315184,21611.9984668858,9030.26582528408,19391.1114558325,164675.246899648
miura_00452,miura,452,1,24,12,0.000744616872925673,0.00368712320765789,0.00357403863779493,4335106949.60009,3447132363.88961,75741.0221968444,23637.880906733,13740.8472543699,27243.7097592012,47436.7985452558,382790.06089905
miura_00453,miura,453,1,30,6,0.000758428750432959,0.00194754347572226,0.00210768546873736,1236065991.77305,1268467004.6376,23377.0767798339,8132.22558633452,4259.25376384797,14361.3091945901,22296.5942431155,84223.6879923268
miura_00454,miura,454,1,30,12,0.000870474967838548,0.00505065788159002,0.00267794337337882,1770513445.32588,1528156716.09152,115752.519754952,31223.8296012598,10675.4813849994,28778.9980589267,49070.9173068871,322527.131678512
miura_00455,miura,455,1,36,9,0.000674744350955211,0.00511040933777488,0.00321807800221664,3430861711.8963,2901573346.4083,279912.570395528,83318.7511461111,25711.6853166898,27217.7137120569,50090.8480899134,384119.28621754
miura_00456,miura,456,1,24,9,0.000521711055854693,0.00272370987417821,0.00100746130022546,3800519599.00734,1068416317.57718,46756.3703543955,13926.9339653905,5730.04859219366,25239.8643430101,40728.5053160046,189462.817751677
miura_00457,miura,457,1,36,12,0.000900319293619759,0.00377359447821731,0.00228980395985041,1666346978.23983,2103951398.2873,90897.60120114,25096.1225628874,8968.23424219937,40112.5242580575,64999.0038662791,340329.567366185
miura_00458,miura,458,1,24,12,0.000823466877589588,0.00190388398066042,0.00205666390586273,3366361264.61057,3033745267.26076,17068.6231254976,5839.66262010523,4800.37332004279,43819.151799875,71744.9988290915,379815.501847966
miura_00459,miura,459,1,30,12,0.00097130484361043,0.00489993541964218,0.00363118490683118,4042169770.72126,2777331992.94953,149969.611209312,42263.1946716274,16640.983632949,64961.5456045353,107587.129812469,625385.871863464
miura_00460,miura,460,1,30,12,0.000946452160280934,0.00521901951556509,0.00302380332885762,3985791884.82222,1671913961.25211,125149.266323631,33996.6243244606,11884.8555795465,68831.8626679651,111140.104940388,550358.927529236
miura_00461,miura,461,1,24,9,0.000874876444103208,0.00570438971090217,0.00233404921861145,1983548683.66082,2523773563.99367,375091.363620601,106667.114481054,34657.733087907,32626.0552686428,62086.5335693588,550320.237242711
miura_00462,miura,462,1,30,12,0.000892903618510606,0.00273869264827505,0.0015071274716647,4152595402.57934,1862862441.27108,44335.4724132906,12898.3777367225,5710.52058681727,111985.936386335,170086.46276615,573192.168757876
miura_00463,miura,463,1,24,6,0.000891048724240833,0.00453763411647942,0.0017331132197198,2869800222.05743,1443839788.46272,198916.20506089,73124.9773683754,24242.1663002448,52952.5897492151,85022.1547764501,345455.020718285
miura_00464,miura,464,1,30,6,0.0006192517604769,0.00222760151374128,0.00226331612388824,2421837682.03904,2907590157.65843,70546.3798452235,24723.3741970284,12066.4674810058,15572.3492534552,25724.4108867452,138891.942114912
miura_00465,miura,465,1,24,12,0.000923565221795248,0.00251686961187846,0.00212653623225968,3380208701.97091,2891360549.6568,34923.4228793173,11216.6594660846,7279.16174707517,60223.1526308767,98468.116589228,514613.896194245
miura_00466,miura,466,1,36,9,0.000678847673963568,0.00403646795889633,0.00242318918080854,2795857304.51905,2803735953.97105,189447.358817727,56681.4512149379,18554.0118077248,28425.4545032456,49061.4332134711,314147.758075451
miura_00467,miura,467,1,36,9,0.000841427811463448,0.00428916066705284,0.00102741547893943,1480888850.92751,4963011434.46121,610014.922818588,178926.436509986,44757.6935823825,67692.3472221792,121967.311171341,783730.379749464
miura_00468,miura,468,1,36,9,0.000716169176560741,0.00445893457218471,0.00146185908455007,2211747521.17201,1925804726.64581,216843.640227171,63886.5379803869,17080.0029828032,41504.3328282783,68786.9229517543,349520.473749773
miura_00469,miura,469,1,24,6,0.000979924543680194,0.00527754555015744,0.00201819195942623,2189192461.37015,2292398989.73219,392089.213929322,145830.437598427,46431.7782058863,49942.7300404172,87514.825315432,496446.933284657
miura_00470,miura,470,1,30,6,0.000964244756642424,0.00444416089532537,0.00284071952246057,4664183022.26671,4142444374.05795,391353.431338132,150449.498568103,51895.0359762237,86456.9109635898,140191.720934695,624227.576882897
miura_00471,miura,471,1,36,6,0.000856125651001878,0.00263048347295371,0.00247763078948248,1051533233.20317,2099075025.05964,69377.154605772,26239.516976104,10563.2591022026,18918.0633201773,30071.4628992462,130885.923907077
miura_00472,miura,472,1,36,12,0.00094997744721733,0.00132966544791771,0.00230533183278889,3542382875.24706,4079313614.1271,9657.97188864666,3292.93656026957,2793.87496681011,89121.3525283761,134929.371583852,452212.501583265
miura_00473,miura,473,1,36,6,0.000856700479788377,0.00581725640220934,0.00363776600150816,3123034211.40295,2983720423.3695,351391.295676103,152943.277101977,46624.7560429837,40685.996591338,72380.8474200875,418517.204073114
miura_00474,miura,474,1,24,6,0.000574449943861008,0.00583205005529715,0.00374300807052316,2634656643.62408,4839379647.62577,750016.389703241,269501.654729426,95944.7991623817,14050.2418302063,44479.5939350133,682089.278508122
miura_00475,miura,475,1,30,12,0.000861295550420526,0.0018739637088298,0.00335420569521425,1724123849.79257,4683974491.74345,17819.5058120166,6142.38079358683,5350.75329784102,21137.6078859301,35128.6418129566,226358.294961448
miura_00476,miura,476,1,30,9,0.000992794252800204,0.00250673376356922,0.00127324228661468,2765155790.89064,3594730714.54785,115571.362558357,34878.5307260295,14313.2469014679,120433.680541943,184310.537200461,645540.92177304
miura_00477,miura,477,1,30,9,0.000963272807485877,0.00397517326956742,0.00365383612216671,1023342715.90322,4541365234.75423,205409.221095634,62495.7472105733,27039.1394406111,18729.7066834788,35300.6919902472,352191.385263983
miura_00478,miura,478,1,36,12,0.000590138158781097,0.00116914887030809,0.00170771883418364,3924147841.92547,2994935908.70574,6375.57059196495,2163.50751844521,1804.93392918138,33233.5783484035,51439.5931874386,207602.256835113
miura_00479,miura,479,1,24,6,0.000923507862836214,0.00342450418058175,0.0035908401222552,3474789047.49698,3400660457.77063,160920.629789524,55042.0014774859,27532.1071097371,36869.7998748758,61493.2951441605,338696.431542744
miura_00480,miura,480,1,30,9,0.000758251891201086,0.00189433223265644,0.00183735373683527,3833048055.83901,1900346745.03798,21113.0465018259,6759.53600600366,3999.3224462664,50549.6723041791,77116.687839057,261163.910081848
miura_00481,miura,481,1,24,9,0.000971472028160374,0.00365820034824839,0.00122765394803648,1030538095.30822,1127456765.87947,90167.0668734482,26099.7295867757,9254.50765550174,36521.0811518074,59221.5402591363,278473.38892442
miura_00482,miura,482,1,24,12,0.000919780019780904,0.00433588466091461,0.00200969804577801,4150321161.93434,1183169867.88667,69397.3503818625,19453.0763451551,7685.54276818736,75714.173259069,121138.632977643,537011.698367719
miura_00483,miura,483,1,36,12,0.000717248409081195,0.00331500062738859,0.00221823363173375,3522997262.26145,4600282283.70846,144039.366899222,40747.9370975756,15857.4413470779,45968.1180727017,76753.734027123,477295.011941071
miura_00484,miura,484,1,30,9,0.000857828678257014,0.0013932958367841,0.00287373390432096,2073569755.09453,4523359777.06501,13861.3462950911,4863.83803959686,4509.78562653169,27041.1055811618,43149.758268506,207691.519963334
miura_00485,miura,485,1,24,9,0.000963868041245479,0.00527041801014022,0.0012034604833243,3148336238.80247,4854355700.99404,931479.346673385,255857.241126021,70683.8805481004,121729.134485054,216592.241224713,1421395.97024587
miura_00486,miura,486,1,36,9,0.00062618836967759,0.00254649046880074,0.00371047714768382,1810207658.91187,1010423637.55287,15089.8394697133,4773.28437632822,2544.55421501375,8830.42564183675,14114.4828771898,70255.0961748353
miura_00487,miura,487,1,36,9,0.000994232627066831,0.00131426424129508,0.00346540920549183,1017208964.14113,1643904734.51687,4154.4652424587,1438.39668948757,1275.80768654163,19421.441069136,29646.0606569068,104642.109635423
miura_00488,miura,488,1,30,12,0.000544243150847593,0.00178579818823496,0.00373073599863553,3693882908.94666,1286384150.18864,3889.31238745611,1373.02765304375,1306.6729187846,9855.72407514061,16023.3816359111,88086.752870515
miura_00489,miura,489,1,36,6,0.000568428359304623,0.00201168324813412,0.00322950937670967,2594208291.13154,2390152058.2047,36388.0380120918,12895.4857369226,6653.53412030779,10713.4377035642,17200.5870650354,83733.52226218
miura_00490,miura,490,1,36,12,0.000719032386049532,0.00413889722906436,0.00173216698761907,1822228986.23043,4113953765.18871,281549.168260609,73667.8240497015,22318.0047703869,33388.9401167923,60536.8817251974,494597.940232949
miura_00491,miura,491,1,30,6,0.000835941012840051,0.00156120382144465,0.00311000278798985,3599774200.68432,1933921378.21196,14834.7266595626,5145.37526484219,3654.69441806647,34467.5344065052,52071.1420069591,152092.183507423
miura_00492,miura,492,1,24,9,0.000688709708597014,0.0043729788474334,0.00144039142348163,1680559965.52349,2977987618.16609,327437.863487298,93438.9123922827,30884.8378721213,23015.565312463,45568.4547558365,455964.735524738
miura_00493,miura,493,1,30,12,0.000638819251738527,0.0043427480662357,0.00199174493482177,2590870735.09826,3499449019.63499,226621.26149015,61169.3784838344,20937.3881054943,25109.4139613094,46554.0878100789,440840.367331044
miura_00494,miura,494,1,30,6,0.000915834768746974,0.00517095233851917,0.00215634951866613,4720191504.10028,2346172783.92637,320085.2199915,130816.235834888,39687.6475011974,94943.6945618092,148571.776848461,540117.302294708
miura_00495,miura,495,1,36,9,0.00051148597944471,0.00409519015768619,0.00109801406960962,4769556131.70981,3032116917.65112,331391.747478241,97432.6775528707,25297.3194682211,44899.6866172656,78074.6304799075,461955.362644687
miura_00496,miura,496,1,36,9,0.000953547994266624,0.00127189937452762,0.00301983580277665,3437050401.35442,3565852216.3145,9430.66575908151,3244.14015969783,2787.57690817832,63940.4640104461,96002.1658616578,291015.757967214
miura_00497,miura,497,1,24,9,0.000929097645654071,0.00431099163035575,0.00229853848688606,3351542808.97137,3869134463.48464,287548.371202703,85072.7834931809,33776.7926967129,60334.349834229,103813.963203429,683678.258173365
miura_00498,miura,498,1,30,6,0.000838885195591455,0.00244289978374795,0.00329968419794502,4250015733.86188,4160280257.39776,96409.2644781835,33537.9189275506,17523.0398965638,43789.2506553113,69053.9780223076,290989.858494358
miura_00499,miura,499,1,36,6,0.000510107987676978,0.0042049475697947,0.00277612417135509,2806012182.5143,3432604854.10573,260547.771341839,108337.471335337,35481.9311992657,12136.4640544358,27361.2082169743,258655.623207252
miura_00500,miura,500,1,36,9,0.000573516040486341,0.00175634136963135,0.00342314008300325,2951348317.71422,2651473983.54036,15108.5635503839,4985.88992173451,3469.23907777754,12066.8667149441,19376.5623431153,101487.809979946
miura_00501,miura,501,1,24,9,0.000760674425719438,0.0030474471775463,0.00290696872635813,1804596195.91823,4627262210.39693,109348.420031627,34836.1692517047,20256.4471167878,15804.6468346515,28688.608937935,280493.353879889
miura_00502,miura,502,1,36,12,0.000948586899666037,0.00594652309171346,0.00159463048890532,1288232334.96685,2618579571.05382,444613.302988844,104929.831550434,25080.8299783276,56010.9392588871,99896.2854665443,682105.002608715
miura_00503,miura,503,1,36,6,0.000783388313653307,0.0039536874111211,0.00315930794674191,3249940778.85699,3713525714.89967,241353.047834285,97463.0743193752,33801.7078981062,36608.8035314244,61830.3633174206,327389.943272188
miura_00504,miura,504,1,24,6,0.000656327528118197,0.00541262182662137,0.00195886888058381,2012880538.87084,3417970268.22159,619404.30290035,231628.152747348,72246.4898055691,19734.4307814831,50773.453637618,575716.116731657
miura_00505,miura,505,1,30,9,0.000629077370116053,0.00135780774573003,0.0034028995743713,1653732855.67718,1957172026.68649,4740.03833486794,1701.40254010785,1732.88577846858,7389.63906992271,11963.0111406079,64270.0765078861
miura_00506,miura,506,1,30,6,0.000530828808224297,0.00563429687024175,0.00281206173992455,2887777540.1861,1563428532.05319,225452.183643467,91029.7393940468,28026.8602215555,11207.9982922016,24808.7076724855,223348.597238266
miura_00507,miura,507,1,36,9,0.000835088945099045,0.00457366939476984,0.00127669191225092,3489202710.78003,4555618400.00191,574892.543997434,168895.889420634,43174.7732934232,117478.420759502,192726.361406717,924866.648291595
miura_00508,miura,508,1,36,6,0.000766428391208695,0.00409383996400451,0.00111247629720366,4704775138.29819,2965815150.21599,273451.766578967,125402.761001591,35861.1742711129,125936.478789993,187138.336956966,538230.131202163
miura_00509,miura,509,1,36,12,0.000548906288712199,0.00249770208812373,0.00155221761064105,4915075939.20055,1236796870.58918,24474.9998123612,7074.45856679407,2992.32248670221,37143.2430566957,57007.4405718855,217688.949597662
miura_00510,miura,510,1,24,9,0.000800001274461505,0.00394293570383374,0.00336144628903566,4784025581.49673,1157992213.25607,49599.60123961,15309.7411592008,7599.27104634031,34368.0593388733,55585.5573964216,266590.697824446
miura_00511,miura,511,1,30,6,0.000844496398218093,0.00469382797081761,0.00359681898156132,2073151798.50946,2639772874.05943,248485.214379744,94220.5301290048,33529.7644950976,22826.0822441289,42097.1894001879,293314.125989429
miura_00512,miura,512,1,30,9,0.000592499401576843,0.0029895871242824,0.00248122234068928,3403503117.35461,4818161945.33749,140884.608229591,43342.0629103517,20130.828484669,19939.3366576874,35577.1358969896,296594.931577688
miura_00513,miura,513,1,24,9,0.000652794924163849,0.00375986455563818,0.00107964437273429,2709947062.8426,2379817699.60555,223191.603366857,63758.3698307069,21171.5940496615,36257.0816739508,63305.0630102792,419263.786426255
miura_00514,miura,514,1,36,6,0.000530210975177297,0.00531952207723269,0.00394726262094516,2134222055.10804,2180211103.80704,217664.037764122,91765.5794760378,29335.7332916224,7893.08230529175,19778.4658650697,208422.299061441
miura_00515,miura,515,1,24,9,0.00097977674228332,0.00246199864944383,0.00217718278370291,1911774803.14584,2730100854.83493,46570.4405026392,14995.7498977892,9219.23436990971,39302.7433325142,64024.7402968116,326700.492006424
miura_00516,miura,516,1,24,9,0.000799982363249653,0.00167054313172168,0.00337422243695313,4230189118.38612,4353337316.60454,16615.3702523202,6043.56956081413,6265.90697022527,30510.2371249807,49923.4672616973,266995.044223384
miura_00517,miura,517,1,24,9,0.000944745816436132,0.00381032184413673,0.00360657606321842,1428653620.44798,2081297105.91514,75707.1587141424,23647.947473844,12460.9762444547,17720.833897032,30743.3195129133,227769.173518056
miura_00518,miura,518,1,36,6,0.00075098207776466,0.00108235947849955,0.00244849263556982,2817772384.63476,3104470689.39461,12003.9483741928,4185.28815373392,3042.21505924733,30311.4396723083,45364.0280034316,130445.314847392
miura_00519,miura,519,1,30,9,0.000700740039835497,0.00105637190286968,0.00126919736269021,1459877683.89323,4446561374.6348,13185.6347751934,4511.11770885706,3739.08310946226,23370.7228385293,37135.2464042127,172850.376941292
miura_00520,miura,520,1,30,6,0.000561012273312299,0.00513837861957384,0.00310119386901983,3088398147.08981,1912703110.3658,227228.854381262,89093.7390195179,29191.1211004841,12615.6339665399,26584.8413177702,232060.817186197
miura_00521,miura,521,1,24,9,0.000900953978923106,0.00127046549454351,0.00152370795962908,3896220649.50475,4251073631.72959,16030.3953597328,5675.82410108608,5276.08551772296,80327.9256491211,125987.204525319,461979.434374309
miura_00522,miura,522,1,36,9,0.000963479965911953,0.00329389776184215,0.00226596360320578,1278079453.42931,4315879226.02157,187845.970681184,56805.0441072207,20823.7057213256,38876.5498608094,65130.2008512828,385132.41913821
miura_00523,miura,523,1,24,12,0.000976831459742228,0.00345280618526298,0.00177265517826204,1067257504.67381,1825903829.15698,63350.3209932461,18489.4336750727,8368.3390476196,28855.6228236394,48938.0049576431,318220.689122045
miura_00524,miura,524,1,30,9,0.000574759277881673,0.00452703029399435,0.00163162807528469,2209428055.13389,3875829204.38122,435905.039440505,125416.404086645,37306.3410125942,20997.4594562407,45513.9797229002,504127.875926717
miura_00525,miura,525,1,30,12,0.000702841422862025,0.00505208082220073,0.00197598389055655,2092188313.85911,4681951277.57125,452475.686616078,117327.272214754,35903.2091107225,29927.6976315424,60222.3306741477,691091.473226068
miura_00526,miura,526,1,30,12,0.000772854302196562,0.00255231072574928,0.00341194185055393,4395919709.40053,1804596526.87523,16562.8838242522,5338.0658668912,3559.81426278158,35750.4678536431,57003.0501266727,270798.344633878
miura_00527,miura,527,1,24,9,0.000642188329660227,0.00279138393186073,0.00315369131763865,1492034118.81558,2943436200.80783,50483.2235469223,16451.1218846078,10678.6022626429,7374.09065093375,13427.0271520963,139441.654561508
miura_00528,miura,528,1,30,9,0.000945978338938551,0.00597681395909788,0.00349208333076709,3880148442.30013,1884430431.09956,245715.430141341,71405.8928470156,22671.1676299005,58319.1059913214,96361.5818271992,505559.144110772
miura_00529,miura,529,1,30,12,0.00079555215809957,0.001444757775147,0.00306726017185519,2376334066.90209,1793809999.03764,3625.25049639438,1315.63046793308,1383.09669141158,22862.5139281387,36231.2729929988,162572.884800254
miura_00530,miura,530,1,30,6,0.000935267685701337,0.00528274522448159,0.0017214863872466,2526768134.47215,1513746732.91134,227465.686339313,95494.6418537195,27601.3787202046,67546.5524197443,105398.537373133,373641.196129777
miura_00531,miura,531,1,30,6,0.00089121366439243,0.00367902279331712,0.00104552558785526,1948805159.94787,3136019828.55217,308384.884198009,126563.459062885,38044.5217153869,75719.120921295,120754.060324216,477442.848440997
miura_00532,miura,532,1,30,12,0.000999324777910552,0.00274020644218968,0.00155008084270204,2647433640.57883,2045267398.8296,47418.9567337521,13836.6989282155,6192.0913313027,98614.6297924431,151659.626680468,555755.326181928
miura_00533,miura,533,1,36,9,0.000636942824431823,0.0040466425878862,0.00360678160494462,4363999771.24847,2217049059.21391,113993.184401978,34535.8764830637,12896.4403501133,24104.1489360616,40351.0789701423,239026.666373969
miura_00534,miura,534,1,24,6,0.000742925984362775,0.00595202851036121,0.00256433484762735,3985408835.89346,1161324321.37448,224135.811413626,83374.3392594821,26543.4766286944,30875.5529408782,53455.8077211553,291460.067514109
miura_00535,miura,535,1,24,6,0.000860206275955808,0.00418033034549436,0.00383178036446025,1804776079.73592,4011686583.5876,293735.931131581,101410.975150534,44951.7712861991,17837.4691329725,35722.0644863123,352519.329463461
miura_00536,miura,536,1,24,9,0.000563556365631703,0.00247020205512937,0.00358661289213542,1350298438.52033,4172455815.55128,44900.3140072094,15156.4695125682,11561.6262038668,4422.73248466904,8458.25631853442,120070.037262147
miura_00537,miura,537,1,30,12,0.000749337539413919,0.00464309800055073,0.00370502685688412,1589998077.93583,1475997748.31308,67449.6750382111,19285.0699840111,7984.49610248469,12687.1612003514,22421.1402000604,186329.432313561
miura_00538,miura,538,1,24,12,0.000877830190739566,0.00461721342327581,0.00223507584384076,2997665585.8773,4647095767.85923,293247.378025104,81968.6787348891,32004.3263192541,51171.3720186862,91907.7677974129,797142.116893633
miura_00539,miura,539,1,36,6,0.000607549819563394,0.00495010910853262,0.0010895006651361,1136366855.30006,4696877311.73385,556746.882531638,262699.697701167,71067.9471563325,21591.0604479411,56980.9871186391,547479.474497835
miura_00540,miura,540,1,30,9,0.000849860457683144,0.00152427233625364,0.0039025982809279,2235684518.1364,3122918828.7971,9326.95181754734,3314.884919188,3242.80952374011,20803.731098601,33158.2620851604,158123.120444812
miura_00541,miura,541,1,30,9,0.000771214295175878,0.00364805473846987,0.00279029313841219,1591350476.94594,2872669106.38716,129282.156866542,39104.614125707,16288.080221527,18006.9558841641,32018.9897143577,251802.526561929
miura_00542,miura,542,1,30,12,0.000804580133232147,0.00529260855541316,0.00282138177128008,3887009632.34622,1014703825.53679,83453.9105113733,22397.5790114158,7551.96767827271,44150.0818239584,71216.2277758095,348960.26009111
miura_00543,miura,543,1,30,6,0.000804047847779199,0.00139234785503499,0.00173468249249087,3733261567.48549,1443010410.798,13414.424601025,4634.1640550214,2872.64984020921,52049.1086410674,74583.9737350928,161859.60625036
miura_00544,miura,544,1,30,12,0.000665131087053605,0.00517285836457307,0.00150568624502161,4385678332.93645,4561367030.29016,573690.662752788,142365.585985133,39227.1497067439,61320.3639396952,113425.407488858,948899.254938187
miura_00545,miura,545,1,36,9,0.000955709828369275,0.00143974720272652,0.00319124115066673,1810654306.66892,1870310053.72115,6633.41939607806,2244.21059896844,1780.14008006376,32746.8376608243,49384.2702195947,158126.800185655
miura_00546,miura,546,1,30,6,0.000966382307400365,0.00178580044692514,0.0032839399676874,3860072777.27161,3431727691.93129,35854.6544762757,12389.1340512252,8120.29037668715,55976.6726866839,85202.8659170255,269864.679164574
miura_00547,miura,547,1,24,6,0.000669184636094004,0.00475131668203247,0.00190641598860359,1988740154.98782,1519283240.82919,218656.529303994,80256.9903990171,26562.4587893989,16687.0400942161,32190.7984783786,242153.979460145
miura_00548,miura,548,1,30,6,0.000984878045399743,0.00494592684564487,0.00134061561681526,2533504482.41973,3721196113.47995,538760.246956277,228585.370081509,64670.0305833583,105308.995166012,172497.238532747,742359.341684584
miura_00549,miura,549,1,24,12,0.000623876137215177,0.00350858413766113,0.00183362650936587,3949181221.01202,2569473597.08513,90344.4393807057,26372.2504516755,11939.1554476702,27991.5078272186,48556.0355176532,362429.536427795
miura_00550,miura,550,1,30,6,0.000969668080808917,0.00413843573949871,0.00383940601473604,4103891675.78475,2833376314.8053,200098.014063101,73683.2799611547,28709.0389814984,56635.5282903324,90335.0880340889,385090.042022406
miura_00551,miura,551,1,30,9,0.000707929085085036,0.00599010115047995,0.0024407286074147,3371118648.60622,2805004065.14718,459650.363962879,131347.967758269,37274.0397385703,35049.1348822105,68017.43127269,577173.620115094
miura_00552,miura,552,1,36,6,0.000788753754012747,0.00249597450602949,0.00310524683504129,3184939979.28107,1334392371.71456,34630.7610279177,12695.5008921932,5650.90805956386,32574.7841976713,48326.2802439404,138043.117577316
miura_00553,miura,553,1,36,12,0.000786538059890733,0.00363649107812063,0.00241044759653571,2120670070.53293,1389365605.45376,52120.2519135891,14587.0208945301,5465.38242059971,31750.4667170395,50627.00414382,243935.195736212
miura_00554,miura,554,1,24,6,0.000561175201147143,0.00203474766146709,0.00357567314299675,4250517329.95498,4598035652.63226,55284.4912263761,19163.2510499322,14258.8456800701,10982.8148059569,18968.3626795354,139504.525130539
miura_00555,miura,555,1,30,9,0.000848496800898993,0.00360085051835343,0.00160417244893167,1354742861.78599,4665256647.34957,310370.397126488,91224.10935437,31350.517883548,35472.2142137644,64163.3582907054,495030.009830264
miura_00556,miura,556,1,24,9,0.000989335915399828,0.00426706406188971,0.00357308048508617,3358381906.58305,3177324621.07913,159169.860307369,48777.1913938471,23292.6183237085,46379.6059175512,78717.7098866256,504812.029600085
miura_00557,miura,557,1,36,9,0.000965166946088527,0.00319761860260738,0.00392621607945583,2979516319.22312,2517157871.054,66397.6238804656,20576.2853293138,9397.34509165683,48589.0575709419,75696.0284641206,316706.686343603
miura_00558,miura,558,1,30,6,0.000584326975018744,0.00214350717032488,0.00182556387995607,4014397226.35565,2817861881.15553,72459.6204406931,25581.5190292084,11932.3300879757,25517.0626864622,40533.7171398022,175706.635851816
miura_00559,miura,559,1,30,9,0.000682506833138375,0.00422410000176794,0.00297816285957842,1835083693.30169,2250708036.50718,140374.594001666,41916.9082465771,16034.2456656974,14056.7109298771,26026.5059043032,228966.805597794
miura_00560,miura,560,1,24,12,0.000841787693139401,0.00320672964970846,0.00130138077604032,1672276279.77623,4956932322.13484,184162.740494454,52703.3382493954,22256.1551834775,42138.617453435,74329.3862425555,601127.190951079
miura_00561,miura,561,1,36,12,0.000651788085292861,0.00255533166015132,0.00300447224196829,3214915176.48111,2416150323.13727,28001.9446768528,8596.46833742246,4670.62057706502,22442.3479116245,36392.2010785466,200714.990060208
miura_00562,miura,562,1,36,12,0.000758163179131054,0.00220278518026687,0.00144933273074778,3951499427.0398,4410838600.4258,65410.6973739903,19254.5950101365,8756.40500868452,85605.1520364581,133361.80357851,564588.822048623
miura_00563,miura,563,1,36,9,0.000915070016717211,0.00405348349889061,0.00106917670029922,2343746890.60814,3989663255.8751,433651.35478795,127549.547631684,33131.2027752291,120888.006322083,191796.748466615,804353.656277033
miura_00564,miura,564,1,24,6,0.00097845732105292,0.00309466753023988,0.00111990859927099,1528466641.89692,1697673823.91012,135537.767220698,48588.5421627774,17685.6203908712,55909.1538524493,87326.5385529065,310425.862672507
miura_00565,miura,565,1,36,12,0.000876026055442253,0.0039036496827505,0.00132044428342039,3951826218.6531,3652618104.09115,264864.245052155,68026.7379384461,19641.0116623684,145985.008625913,228107.103041318,947499.865260122
miura_00566,miura,566,1,24,6,0.000841173831285332,0.00182060949005477,0.00244983061825706,2294347814.66069,1907399281.89662,23739.6902099102,8184.83733282812,5733.92820021607,24184.4393293123,38101.1032696648,148320.597715875
miura_00567,miura,567,1,36,9,0.000616472394564207,0.00348362823779922,0.00352354279438762,2826588050.95423,4171993665.44262,149132.725316358,45662.9911764875,18838.6220756778,16124.7901916972,29400.547331236,253558.819126476
miura_00568,miura,568,1,24,9,0.000725468912489682,0.00512635387351659,0.00146411298408693,1346194751.49064,4894219201.34946,777069.688330789,217075.370789739,64803.603401966,26651.8158136809,64309.3650787914,875612.996018597
miura_00569,miura,569,1,36,12,0.000548706407889797,0.0048276058508653,0.00102671539106689,2836501598.71986,2905538740.91278,405971.275588322,95508.4812317466,22692.379778257,38666.8339503397,72313.4794841244,565014.146568971
miura_00570,miura,570,1,24,12,0.000543826265666799,0.00504638490604243,0.0024893800608367,2595383722.03137,4730868404.48319,346375.124718968,95930.874337282,36353.8005191848,14074.5406683428,32200.238102848,580933.338470398
miura_00571,miura,571,1,24,9,0.000674692968793051,0.00550164110443196,0.00297060401695472,2868429243.78424,3887667388.35834,440901.764521914,128253.783656903,46673.8930986074,20771.4304155294,45006.702853748,592321.371691954
miura_00572,miura,572,1,30,9,0.000575398616361738,0.00387248241974594,0.00342269821390887,2630342735.71239,4813289745.4875,214191.355201981,65121.8568958378,28044.0215861505,12367.7727774851,25362.1692856617,323356.160363482
miura_00573,miura,573,1,24,12,0.000800678799129473,0.00213722286766682,0.00164418061326721,1141566434.93143,3963856885.71106,37710.8256226952,12212.2881147094,8179.71507015563,19048.9811115509,32837.3599514343,252497.661730592
miura_00574,miura,574,1,24,9,0.000694319302615468,0.00190655717757338,0.00103378028354641,2234367613.90658,1827837565.30832,29888.6051943916,9431.84505229554,5246.94158173643,33273.5385638758,53097.3484528445,232566.616968132
miura_00575,miura,575,1,36,6,0.000770345078795574,0.00297071021116639,0.00176975798379884,2494532486.42112,3760126278.08254,184230.924575008,74504.7613252028,25828.8150966283,45467.3317274739,72397.3209013652,303946.257392611
miura_00576,miura,576,1,36,6,0.000896330193322673,0.00137506309127823,0.00343512116576633,1982254029.01856,3409430197.65963,18733.7037963796,6519.01089820577,4501.67953594938,27222.4551322349,41326.6514203169,137900.922263673
miura_00577,miura,577,1,30,6,0.000752261827122626,0.00137211326620062,0.00148097477421792,3999441069.96358,4866073424.67772,48541.5577685478,16769.1673625047,9949.6852571012,61214.6210371438,93102.4624082875,296203.411170528
miura_00578,miura,578,1,36,9,0.000766696626100342,0.00507398930751317,0.00236121634412499,4766708145.29544,1416522374.63854,162019.834350178,47951.0224673319,13609.6629259758,64315.838973525,99640.4472691638,379857.87016247
miura_00579,miura,579,1,36,9,0.000686913058756728,0.00271539816163919,0.00146360964696703,1555398034.26532,4679164892.01294,174076.223273716,52547.0247396142,18931.6533579673,27340.8754931896,47163.1622138686,312610.522201826
miura_00580,miura,580,1,36,9,0.000805037149649274,0.00577732643304427,0.00161938310933046,1815140079.32182,1913266318.86364,335835.022737876,98341.2071244102,23876.930802127,44857.3651348783,78229.0035350328,450532.643704203
miura_00581,miura,581,1,30,6,0.000829673022912602,0.00536335189108019,0.00253354692929545,3723951510.03545,2232949479.2742,307186.558027641,124306.097770635,38288.4428974049,50270.0825201814,84370.8332982016,411468.52855068
miura_00582,miura,582,1,36,6,0.00085741755548632,0.00161687328673633,0.0022786139082323,2969240995.44835,4567923448.02202,52618.718914718,18574.5825577368,9892.3220854779,53803.1331314255,80972.5273681396,254532.193723586
miura_00583,miura,583,1,24,12,0.000795533245771551,0.00527670974722601,0.00293169039475335,3830192462.75006,4061517991.61514,291725.343901151,81584.1787916829,31898.4963014004,38779.5874308132,71534.940968697,704501.701242874
miura_00584,miura,584,1,36,9,0.000731889299262459,0.00465432597183254,0.00245985549229586,3348417845.21876,1209683362.45014,112128.1507661,33333.1802978134,10047.5451220699,38402.382532714,60538.6893459157,255863.613466568
miura_00585,miura,585,1,24,12,0.000811685659810868,0.00584521106423735,0.00168962253556259,1489651548.97732,2702909425.12239,401541.856050581,101172.433485451,29692.5775603085,29757.8269451952,59127.7067221923,647694.361002025
miura_00586,miura,586,1,36,6,0.000545148361065579,0.00324977926727105,0.00376327428989528,1118391386.96923,1572009431.87543,64314.0124554556,24311.8675592177,9751.26557399347,4170.19712393625,8252.19118359655,72067.3359142338
miura_00587,miura,587,1,36,6,0.000897844897535024,0.00102173917428829,0.00122295237191542,2182207407.07808,4936895767.13788,28969.7599189054,10122.9843341863,5963.16073413821,77570.8850170456,112594.218855048,269956.366999856
miura_00588,miura,588,1,24,9,0.0008305793912063,0.00289446471741145,0.00283863472019744,1663087606.21135,4650634380.99699,97295.9286590751,31203.8227161755,18760.9870546891,18660.9478590214,33077.5705687271,288088.317398066
miura_00589,miura,589,1,36,12,0.000546576649827685,0.00557141873951737,0.00104601256154709,2971994770.45395,1468111448.43504,274240.82713373,62330.2979830095,13920.9432912936,36947.3095869629,65155.7805912019,412591.988460833
miura_00590,miura,590,1,30,9,0.000944445883436077,0.00492764996570129,0.00231975917425491,1481776219.21275,3043167786.51291,331493.405835179,96203.5295425563,30315.3462713374,36659.8332761099,66462.9826119364,495253.680742262
miura_00591,miura,591,1,30,6,0.00086244040002026,0.00233239933105971,0.00183520917896907,1739049690.79272,2360344014.32817,73649.3222811541,26269.9358950953,11622.2095358536,34257.4890518636,53279.1111133399,200392.60395651
miura_00592,miura,592,1,24,12,0.000816182359326325,0.00460689840110499,0.00177147483242221,3278968788.25248,4729140068.27814,362166.031180638,98276.1763470967,35018.3788497387,56841.0721928377,102658.978689445,883122.907695952
miura_00593,miura,593,1,36,12,0.000513685831652346,0.00597945632561583,0.00309794736484216,4387921638.16116,4824012102.2677,534821.384498736,137283.301047091,39520.1168787282,21755.7094247118,49195.519554481,677175.121938467
miura_00594,miura,594,1,24,12,0.000722702872819732,0.00130498585018316,0.00291083488297174,1733770148.39108,4321514604.78858,5942.22819365322,2340.10322956336,3111.9920584129,11607.1388490832,19656.7181354915,139316.395284917
miura_00595,miura,595,1,30,9,0.000590138111728613,0.00124354062674295,0.00320991142088378,3432176673.08618,3748549637.95497,7467.27210129922,2713.3885451613,2904.15556882125,13347.9734366846,21565.5133178005,114336.90748234
miura_00596,miura,596,1,24,6,0.000903865886531755,0.00450960473403465,0.00232659060265423,4377467796.89003,1988555475.31252,233891.633913738,83949.3649832391,30315.6766855247,63287.4749134334,102024.99578652,432404.40328511
miura_00597,miura,597,1,36,6,0.000883893491747709,0.00545894827785831,0.00392157110729252,2783080128.6693,1428329152.39529,149072.516252033,63443.0529295124,20114.9356989541,34508.2495886657,55161.8807088192,228576.583094643
miura_00598,miura,598,1,24,6,0.000966080900000375,0.0023421765596017,0.00159068227538475,3147588497.85588,2831120090.28003,95914.5619569017,32869.906386794,16164.0392001272,75796.3391017486,117193.674835653,393924.711704947
miura_00599,miura,599,1,36,9,0.000714513247511954,0.00246496809222745,0.00286359627554748,4501929989.37443,4234672743.76623,72372.7346720322,22654.9724789865,11194.8266922836,41887.8362272158,66555.5245253366,317537.921237668
miura_00600,miura,600,1,36,9,0.000808711217885221,0.00467673867836743,0.00310914510370564,4585338836.11248,4839544691.22898,390377.01971088,116655.593671624,37639.2889349432,60986.3308693132,104633.886674722,651880.05527301
miura_00601,miura,601,1,36,9,0.00086904238132416,0.00526934574806874,0.00188728842536783,2033439458.93993,4068958130.99466,561863.872875954,165264.357498459,43278.6521276584,56869.7849983657,104116.736863069,717359.93940884
miura_00602,miura,602,1,36,9,0.000780041506659555,0.00100427201388094,0.00308678005311029,1207441022.99625,3633470022.19322,4676.93654104728,1685.59777571643,1787.44360302679,13231.2844494644,20801.7528408678,95034.7189421439
miura_00603,miura,603,1,30,12,0.000629753543800915,0.0025085082043718,0.00316557099746777,3365871486.05664,4719988123.52695,43709.133350852,14026.8508626129,9195.17018494571,18101.5837464535,31017.4626966048,242337.174471487
miura_00604,miura,604,1,30,12,0.000851226065812885,0.00435926142190819,0.0031226273513519,3231825463.4453,3251142319.43837,145171.967651233,41299.2899788306,16800.2143239986,42392.8954893187,72267.7076737217,495192.600219375
miura_00605,miura,605,1,36,6,0.000965637939198128,0.00421095725616075,0.001196780410274,4962567495.72809,2443942718.34082,231131.131646354,105929.821557418,30606.5550507332,233670.408730683,323707.303519203,674845.553387588
miura_00606,miura,606,1,24,12,0.000759010624779363,0.0059444870057129,0.00367097989058418,3842092845.09091,2621836017.05471,214635.694853749,59923.6262407984,23299.9653665654,27193.3473353413,50420.7590584762,506508.902372947
miura_00607,miura,607,1,36,12,0.000717357595997848,0.00583811102765817,0.00321541549159858,4142032242.741,2596569034.28137,264106.39955257,68525.1319360501,20293.8864389924,39125.8794017769,68864.0716772366,498873.34774733
miura_00608,miura,608,1,30,9,0.000908387757222823,0.00456081148675389,0.00269564380627782,2238153276.45645,3612393963.09274,294494.107917349,86765.6493451482,30300.0583281876,41560.6848002474,73120.5539770481,514079.739374385
miura_00609,miura,609,1,30,12,0.000884599561466986,0.00396962861265398,0.00375052479398559,4838214166.35472,1531612929.4844,45020.8623220187,13341.6714999069,6329.6395083149,53843.8621008221,85693.0749974488,397744.111791899
miura_00610,miura,610,1,36,12,0.000786687942591278,0.00529966995941358,0.00282400360651854,4464084400.97826,4305688554.63252,378998.039313373,99103.3974907923,29977.1132713353,62619.3059377305,108950.366077438,761021.881500648
miura_00611,miura,611,1,24,6,0.000973926648757483,0.00503760161026135,0.00291762189366316,4501420718.07427,2806758713.19574,367627.458186623,131861.416309998,47636.5641959308,67700.9332235327,113275.4952508,571936.882909815
miura_00612,miura,612,1,36,12,0.000909577758996006,0.00574533682045386,0.00387356572574652,4060155270.93152,4363970966.01126,369716.602258004,98476.3541530549,31394.9712007636,64277.5651581862,111582.045497207,787595.995121985
miura_00613,miura,613,1,24,12,0.000546837299986445,0.0042011177386185,0.00141212876359298,3266145881.06402,2943478845.73679,212958.502759219,57460.2105576381,20129.1683566902,22785.0208212125,42956.0255143077,438869.788622506
miura_00614,miura,614,1,30,9,0.000816809745165056,0.00242244443250699,0.0031081236966887,3369793766.55092,3463717579.18954,47043.7534178291,15108.9080405632,9092.0374348913,35789.7049505057,57588.0488153065,289656.735818416
miura_00615,miura,615,1,30,6,0.00079452575682137,0.00377087388463623,0.0020911047931736,3027513121.13373,3041965619.07139,241428.358940707,92583.2002957392,32098.4976331578,43577.2184116597,72298.0642031505,355005.856180438
miura_00616,miura,616,1,24,12,0.000695359869577894,0.00325935353605268,0.0013979340289185,4201977132.40944,1326754793.95831,48673.5975841809,13999.1857587886,6024.58642761536,48399.5858730381,78465.4087818178,381252.703324715
miura_00617,miura,617,1,30,12,0.000948349534679415,0.00276014536468238,0.00250301323472179,4834793008.30066,3302833096.61172,50515.4895630024,15492.0410593644,8429.2715277415,97667.7613120848,153793.732926384,665965.674526258
miura_00618,miura,618,1,36,9,0.000678256034906886,0.00342771036620509,0.00389106624409668,1323360257.1542,4314748988.53747,136503.709933117,42035.6529994375,18214.1772485923,9999.01060595974,19454.8146146815,212767.154351479
miura_00619,miura,619,1,30,9,0.000890907754401776,0.00346494709193949,0.00334211372163603,2084903540.94828,3432609120.26031,116296.049161246,35776.2726023252,16621.4543953831,28655.2989740223,48516.0101326361,315523.540255018
miura_00620,miura,620,1,30,6,0.000887904777229803,0.00210798626342,0.00157609594726934,1634527726.78074,2695664180.6605,73617.0993549531,26174.9989835668,11774.0952117517,40389.5152320973,62316.4096972075,222313.661694749
miura_00621,miura,621,1,36,9,0.000645876009879797,0.00337800960993952,0.00380504363667762,1395704509.04679,4118380887.42934,127690.483637363,39333.7873390443,17087.2427423059,9325.54560796402,18156.6334873467,199226.675348099
miura_00622,miura,622,1,30,12,0.000826056147180541,0.00419348060903234,0.00107298411805814,4110313315.73912,2833242946.83997,272786.486728392,68497.0503163601,19418.158803287,131110.605199592,209092.417040384,937129.038552383
miura_00623,miura,623,1,30,9,0.000753635260641913,0.00426724706167356,0.00320766421710677,4020770197.98803,1727591713.15952,104788.788406198,31382.7267671952,12232.5260214929,33209.8790262054,54412.731297258,287993.095830719
miura_00624,miura,624,1,36,12,0.000772972318071953,0.00255686624548024,0.00171820105275678,1307463591.2761,1390912991.57485,26778.9258924311,7783.45789002619,3362.64207387567,25684.4069714052,40461.5863299077,183579.697828184
miura_00625,miura,625,1,30,9,0.000601381982973688,0.00245320200142249,0.001653735776432,3860086831.38677,4760718931.60424,115520.347984726,35507.1560831788,16408.8968384503,32490.0348815156,54419.3892703617,334411.139135604
miura_00626,miura,626,1,36,12,0.000934091331434268,0.00374324037117551,0.00146068278967891,4560747836.29815,4897980491.80901,296784.272051153,77965.6963403972,23920.936699207,184383.740511286,287746.039141834,1195851.79323861
miura_00627,miura,627,1,36,9,0.000757280151200469,0.00379165791931515,0.00290334553032352,1647037147.35005,4248286356.10956,217707.342170763,65749.6465992934,23835.5002123506,21072.242777515,38909.1758609058,328218.695443935
miura_00628,miura,628,1,24,9,0.000559577311172957,0.00127065676547836,0.00192751064090843,4775759839.34434,1056286535.73333,3224.88040442861,1172.86614981391,1206.75007648874,18630.3947944877,29326.9569633463,109616.231137957
miura_00629,miura,629,1,30,9,0.000759701921138006,0.00542399106719652,0.00296999830899739,3218626644.67211,4288127771.69846,495024.385444918,144027.231215862,46213.7890960402,35349.6262629664,69331.4609659661,653604.216291892
miura_00630,miura,630,1,24,12,0.00051126095490401,0.00484237011865732,0.0030457584013242,2685342760.81921,3474162484.4049,190198.808537732,54591.33067755,23273.8289398368,9323.92586518745,20370.7539839576,361201.879973336
miura_00631,miura,631,1,36,9,0.000788833364167603,0.00143473340429375,0.00368053603309196,2559479100.15393,2618807982.90479,7964.04162016529,2728.62582568741,2308.33574390766,23652.6304704219,36531.6189574384,144519.184280351
miura_00632,miura,632,1,30,12,0.000945062663437095,0.00439616325779001,0.00393763571957644,2466908214.36133,2313822641.18867,86193.4888177379,25115.4852721131,11157.4746783456,34434.5709711105,57846.5121039559,371374.417873466
miura_00633,miura,633,1,24,9,0.000541999747144051,0.00319436368712602,0.0012773357900969,3061812085.26214,4307643315.58018,234314.199867665,69396.2178311609,27702.7492771622,22345.1325885614,42095.8900885207,403875.467908463
miura_00634,miura,634,1,30,9,0.000970836294188283,0.00512360122118745,0.00101248482956082,4564819920.79666,2860064258.08043,541406.984312624,151469.514066156,37272.4844547469,235862.58484049,360700.837706307,1217011.4859673
miura_00635,miura,635,1,24,9,0.000794422320154684,0.00281407448119324,0.00194066723919843,3381501751.03839,4991459223.76664,135952.751518208,42409.2730171807,22207.6146897873,44504.1370565283,75401.1811127525,487079.151124028
miura_00636,miura,636,1,30,9,0.000695946400927267,0.00340538982116396,0.00236169714771667,4462630049.2972,1767377358.1954,76444.5707823855,23079.2978643415,9492.91970206225,38159.6025787585,60896.1837293474,280551.820023856
miura_00637,miura,637,1,36,6,0.000812383502849933,0.00263222624748871,0.00375848352234369,3235929728.72355,1506774547.26608,39084.6192137614,14224.5874611065,6494.76220326344,30434.680196805,45724.2558371326,142578.331753253
miura_00638,miura,638,1,36,6,0.000572476077616448,0.00577296112699949,0.00253032149356589,4036260178.35781,1246814931.56058,157961.034489898,71368.8154455089,20613.4662677208,21979.951038482,37929.1420494743,195861.380928296
miura_00639,miura,639,1,24,12,0.000506164067195563,0.00577218192481505,0.00302283673058889,4497234264.90955,1696480030.7867,151536.516557446,41573.0227166628,15297.9963480556,12454.1471417082,24433.9844886153,295292.547047159
miura_00640,miura,640,1,30,12,0.000666407944061731,0.00296775586629187,0.00225526551413468,4502851991.73216,3397609323.12322,69589.2400608791,20784.837349227,10163.1015466597,37875.1967881627,62923.8527369645,383499.083315995
miura_00641,miura,641,1,30,9,0.000744817773259572,0.00452652121833493,0.00210504751311271,4131166171.52495,4173397710.29321,397795.622664515,115853.8359932,37385.7678164372,53807.6300636225,94836.2757495608,649273.875966165
miura_00642,miura,642,1,36,12,0.000567694882093806,0.00143891750098163,0.00173849465539241,2331096973.94161,4225491915.83381,15770.5689264886,5135.3478483391,3609.95932256536,18597.8503190571,30179.0908707486,170279.483243287
miura_00643,miura,643,1,24,9,0.000955018148731858,0.00497111431611417,0.00391014661450153,1439425085.01409,2412326127.56602,168418.874168072,50774.3942038794,22238.5720805715,18558.0306176542,34375.5296710918,324326.313587603
miura_00644,miura,644,1,36,12,0.00087133999767082,0.0045465492008651,0.00109251983840639,4225469107.55308,4938748203.65651,582732.337968596,140465.622447348,35028.5418918043,189648.289688902,303766.034272918,1393869.99118624
miura_00645,miura,645,1,24,12,0.000704921284984868,0.00395270154308238,0.00324324197722678,3425064739.27853,1966381482.6066,57604.6814755739,17488.4774490042,9150.42931519042,19939.2092159626,34627.3351401971,268247.667214332
miura_00646,miura,646,1,30,6,0.000718523503788736,0.00511549292764645,0.00201277316168699,2884025292.88145,4974662158.99657,680799.321321476,278912.48583742,83496.2680322883,37550.7544406925,80825.8179026292,683787.235125297
miura_00647,miura,647,1,36,6,0.000503282493989546,0.00218249172580609,0.00122004777762597,2152372185.94422,4406103267.34827,142770.70398072,56026.8806890694,20578.7763804047,17229.1297051398,30136.7246930261,183474.798517996
miura_00648,miura,648,1,30,6,0.000912924438339922,0.00259373750123675,0.00175076778049824,4572963775.77527,1172753567.50755,48047.205352432,17498.8707513715,7173.51671148923,96951.7199677041,134720.447760459,270712.976767812
miura_00649,miura,649,1,36,12,0.000681795296290864,0.00481153572687247,0.00199912823654083,2933913829.25822,2038894860.32312,182468.808741061,46832.180525748,13483.2751632643,36719.4371929856,62342.2659544335,386786.97674413
miura_00650,miura,650,1,24,12,0.000624219021916588,0.00121673373400904,0.00351293868687561,4830360665.71785,1413937266.96896,1434.3534440953,589.91545963461,904.086167980883,15325.3354840662,24970.1817375224,122421.933268847
miura_00651,miura,651,1,36,12,0.000668427931093282,0.0032627687246091,0.00321541033309746,1662581677.86422,4364483793.54963,94373.0470637631,27809.5313923128,12680.9422063372,13685.7615694509,24680.2058722517,238083.334472144
miura_00652,miura,652,1,30,6,0.000851169656453315,0.00531322136644271,0.00271021327671221,1126892855.81215,4435742422.03382,586985.292485024,234946.951362307,73570.9061859584,20875.7756709666,52189.5629226992,555473.188540496
miura_00653,miura,653,1,30,6,0.000681713356242401,0.00541280209657906,0.00372810667592483,2146422294.54856,4488729240.32403,543825.854605671,211341.151839278,70573.4168428654,16309.4401633065,42893.5798027328,508553.342973508
miura_00654,miura,654,1,24,6,0.000747943503626407,0.00108803846698998,0.00129091526936784,4256691242.85815,4045417255.62724,21799.0607146339,7659.72468264615,6255.41755048292,54864.8108236869,84862.4066024298,268326.985154672
miura_00655,miura,655,1,30,9,0.000988001209577508,0.00476120412755861,0.00176953923566713,2297033909.4426,4432347032.76541,531825.674047666,152931.949944559,45229.3901380012,80761.2359085752,139638.477960784,859281.538498914
miura_00656,miura,656,1,24,12,0.000564543479894884,0.0014391699130473,0.00230596714654178,3118503763.62897,2108044089.83871,4773.55714260452,1778.836572172,1970.90093969498,12073.2621358206,20147.1802370768,124111.392911761
miura_00657,miura,657,1,24,9,0.000792447224447192,0.00449377554895129,0.00127163003529088,3533943654.19263,1377339027.89945,177605.004599877,50062.6067978312,15566.900238094,65143.6591477554,105110.849400179,470023.22203512
miura_00658,miura,658,1,30,6,0.000858645352462283,0.00282858481897673,0.00190396162555224,4200714520.62059,4247732607.4556,198425.043264113,72702.568311787,28857.5758165047,78844.665931527,122811.370955845,459418.539684824
miura_00659,miura,659,1,36,12,0.000875928693718191,0.00313972940900009,0.00132659244943835,2285548082.72401,4530941422.81684,188387.187431098,50987.0950794046,17079.8796655457,86528.4447977095,138988.274177037,687463.038556131
miura_00660,miura,660,1,24,9,0.000721962155934016,0.00217515544202936,0.00135426082008737,1434529289.92763,3826559520.8372,70148.4099918304,22167.8195590695,12396.2340305488,20731.8948127949,35503.4842384619,247383.255052409
miura_00661,miura,661,1,24,12,0.000820586630800439,0.00482409691756212,0.00135533173232506,4797610645.34731,1913070861.536,206768.069078776,53393.7294859534,16658.1801120593,95854.4186489136,157515.18481086,807867.100624643
miura_00662,miura,662,1,36,9,0.000891332624310392,0.00305042580897061,0.00306903994898197,3322441495.47774,2488795879.65127,70945.6032138099,21836.8459868399,9420.99180047291,54101.8443902492,83663.1886768148,331968.178142884
miura_00663,miura,663,1,24,6,0.000789180642323957,0.00493532582842176,0.00132532210361015,3141407724.19607,1088027897.37401,194555.637896554,74205.0058070918,22148.4316223023,52083.9850955876,83037.6993226833,317280.170108218
miura_00664,miura,664,1,30,6,0.000712545443897813,0.00170237033848787,0.00318056680656433,3231506963.01816,2154640122.67773,20257.5288969395,7002.90705120287,4701.87886421387,20343.2612993075,31526.8996194688,117965.71303113
miura_00665,miura,665,1,36,9,0.000683161504945651,0.00319160550926943,0.00210682093925417,2958588641.84683,2285277611.9399,97246.4240983883,29401.3964317307,10739.1710475068,32949.4427437991,52847.3311709237,254165.954200136
miura_00666,miura,666,1,24,12,0.000661351803576137,0.00378677792810204,0.00329196063123989,1145005720.77193,1467251492.20958,37479.2435681467,11512.6363911376,6295.76399038329,6064.97517116997,11118.8181515038,122050.245505528
miura_00667,miura,667,1,30,9,0.000976321210913685,0.00119964189761595,0.00282752725437492,4863282896.13798,3113961877.91656,6743.23232445038,2443.27404479175,2546.56028041585,80792.8553217173,122058.962841561,345577.113955153
miura_00668,miura,668,1,36,12,0.000874149701755399,0.00435409525746375,0.00392629473438191,2105893381.04572,4015602612.92093,161443.871875814,45792.0973635656,17986.0701700315,29895.909929562,52243.2025017596,408615.300571747
miura_00669,miura,669,1,24,9,0.000736953020200813,0.00282217542455592,0.00397104580662566,2094248809.21255,1376097001.26677,19852.6688490732,6589.03495851348,4669.87224134451,10651.9243980136,17894.7781016434,114070.392292273
miura_00670,miura,670,1,24,12,0.000826394187004079,0.00566715018881377,0.00245065329072171,2540497970.38087,2223390929.10297,225864.033202286,60556.4004734781,20837.6757509662,33199.454313397,60266.9888316183,522730.35282492
miura_00671,miura,671,1,24,6,0.000567649751613254,0.00566466693723318,0.00106213122656731,1484435968.27063,3397942454.87357,809129.041250194,320234.242800476,86567.8049253242,19271.4719567669,60740.1319699811,725583.228165284
miura_00672,miura,672,1,24,9,0.000610151658085127,0.00559837359789848,0.00109504390558666,3405525622.9696,2514044078.8237,579904.230261123,157018.395226835,40796.1762554589,40527.023482201,80912.5364589872,703364.327076403
miura_00673,miura,673,1,30,9,0.000818637389050201,0.00464420605771243,0.00307541433489467,1828420759.69227,3614034816.84537,279267.530861129,82685.6627935419,29875.9480174308,23883.6261504271,45287.6268002382,417424.848455245
miura_00674,miura,674,1,30,12,0.000647246775762253,0.00375274808348053,0.0024565003700746,1314318941.55888,4404527973.80464,160455.472071575,45948.2515008684,19120.6779010284,12169.8165264904,24031.92444295,317255.600502321
miura_00675,miura,675,1,30,9,0.000524079417554688,0.0055597670320866,0.00295859608191038,1986661150.18541,4429057176.89943,542673.627258333,157465.919270539,49656.7034047625,12419.4260488002,34997.490340412,579198.618461992
miura_00676,miura,676,1,24,6,0.000770717254658414,0.00132593804211736,0.00363867224803634,3694818817.1973,2235065153.3092,8229.59125235355,3027.74923470934,3201.60368702105,19410.7312832317,30691.1166436475,117880.427146321
miura_00677,miura,677,1,30,6,0.000627946164406323,0.00332373031943628,0.00121106919019443,2480277976.46649,1834316600.56004,144810.8680655,57279.9804975546,18508.8354970459,29808.5059201659,48598.250206916,216504.612154917
miura_00678,miura,678,1,30,6,0.000678173589326168,0.00470762409748674,0.00330959832122178,3007232440.57973,3884402133.24884,382051.766368856,146107.963261907,50781.1751646729,20676.8029345689,43476.1396035248,394371.811076937
miura_00679,miura,679,1,24,12,0.000881846110499551,0.00514294467285589,0.00358056753796881,3073396710.16299,1705713371.7539,95788.1476729997,27640.6177384998,12014.7080012386,31162.3830186807,53763.1958915312,385211.653756596
miura_00680,miura,680,1,24,6,0.000573020530860015,0.00335418312288891,0.00374195050817943,1034286253.28447,4931642351.98556,214219.260899784,73061.9304292971,37516.1098730977,5185.35391467642,13667.8383013902,239112.778942972
miura_00681,miura,681,1,24,9,0.000510399050137279,0.00155612221157993,0.0022244224660056,4192012646.55707,3259860945.05847,14785.7128973126,5218.26912993836,4813.24449421014,12528.7809937474,20939.0200811135,131635.528504383
miura_00682,miura,682,1,30,9,0.000535101010914052,0.00200816038862707,0.00379959455186468,2369083838.58071,4731314944.56118,31219.6977781023,10514.4883067223,8075.34397892948,6787.50150350712,11907.3035999691,109074.463001786
miura_00683,miura,683,1,24,9,0.000529606272048839,0.00236297619339885,0.00396748939089378,3284139435.92244,1049690908.4052,9155.89180186053,3146.23394299359,2598.41047568764,6197.75942669464,10394.2361442975,66368.0731838959
miura_00684,miura,684,1,36,6,0.000710092179072163,0.00589976695661657,0.00344331350813284,2879904046.46516,2384929537.09161,290955.575123637,127737.366159108,38370.187918579,23691.5498803559,45834.9158838809,317129.539390664
miura_00685,miura,685,1,30,6,0.000534882750052427,0.00311405159832515,0.0011254079515416,3499316262.90547,1970518947.32353,142599.887457386,56063.4544801151,18351.4575682347,28127.5226134149,46103.1359907288,210950.217510898
miura_00686,miura,686,1,36,9,0.000768049641350944,0.00258482855401608,0.00282032256260225,2330067967.57093,2457573602.03215,48342.2412628746,15049.7392595801,7128.26864488966,27269.5901496168,43237.9504716386,202763.584827254
miura_00687,miura,687,1,30,12,0.000545229981112197,0.00313839903887102,0.00218644761229092,3860795690.24253,1388342255.1142,34217.6801532234,10064.2321789469,4634.60769068935,18256.0364542725,30233.7544216666,179345.873236307
miura_00688,miura,688,1,36,12,0.00099636245434078,0.00551447888712952,0.00354631408547395,1521375448.52628,4817904880.23766,393563.669544296,104741.202608426,33300.7907482413,37938.8627637697,70990.4292257659,663786.38989187
miura_00689,miura,689,1,24,6,0.000684536608105892,0.00297420302222308,0.00294646186478086,2467231623.69809,2311765397.42505,89108.1643575592,30428.4595015823,15678.5091606681,13736.5462413186,23826.0374014425,159343.452873579
miura_00690,miura,690,1,24,12,0.00073396901293598,0.00494709806598988,0.00124688478454132,1145387720.94933,2525563130.82687,310290.674838667,78531.4744232083,23286.2055076451,22984.2642250029,45680.775204276,504001.524456656
miura_00691,miura,691,1,30,6,0.000902534361249062,0.00349102293405716,0.00295344068076451,4251360493.94789,1560311742.11047,89128.5169690946,32618.0501369984,13038.2602173931,57322.897928312,86704.6888306534,269034.134949537
miura_00692,miura,692,1,24,6,0.000883517364328977,0.00168690427001238,0.00103073620549588,2281375090.58675,3204069414.58546,66241.2541414793,22620.9810548683,12064.6329057011,64172.3750124636,99011.1796731691,326334.62137163
miura_00693,miura,693,1,24,9,0.000828831379699055,0.00349994021898711,0.00242250349280489,4159709980.51205,1842177189.51895,75584.4000200652,23167.7552665579,11085.8704108016,46378.6666874621,75262.7925062929,368127.322786665
miura_00694,miura,694,1,36,9,0.000636830283451212,0.00469988542647549,0.0032869704683281,4174779453.37883,3923460502.88946,308244.031542347,92209.9572302018,30189.9751523831,27892.6244433288,52011.773485853,427851.31559742
miura_00695,miura,695,1,30,6,0.000755338458357393,0.00522617986927148,0.00399499262743992,3000348868.36666,3212488838.9869,354071.243019286,135715.379983777,46922.190106143,22668.4385078232,45518.1921763644,377739.746396404
miura_00696,miura,696,1,36,9,0.000950191388345919,0.00535731069955565,0.001316883925734,4079322107.97151,1198392653.73147,200641.686556801,58798.0561940583,14254.2343243628,175593.022441825,249628.994683398,602174.69199322
miura_00697,miura,697,1,30,12,0.000947739408759631,0.00514366636213297,0.00263565047482375,2787757791.17081,2418138878.90497,194786.020031863,52200.5598804845,17509.7085423063,58148.2651936671,97559.3344544736,589447.348280482
miura_00698,miura,698,1,24,12,0.000546196435418985,0.00201900017185172,0.00373821620011736,3102892928.45323,2578022469.2674,9666.0026571905,3513.72019867441,3578.05997994979,7328.18205724709,12626.0830451328,103302.783207115
miura_00699,miura,699,1,30,6,0.000692357438014753,0.00405547697356551,0.00259388927096686,4837873670.13319,2897329699.11346,239535.380658643,91190.4765205563,32183.1705322686,37782.6024835122,63789.1957177938,337211.342589677
miura_00700,miura,700,1,24,12,0.000864335402236781,0.00443620651101039,0.00289127429109405,3949446514.53165,4858626458.68972,218552.658898039,63687.4365569479,28651.2126880398,49058.5485465988,86924.5710084357,734823.219086337
miura_00701,miura,701,1,30,9,0.00080501996878798,0.0022273502686105,0.00308761488276099,1749494347.03977,3543243125.63856,38111.4883760729,12395.2310703498,7984.5801589495,18716.8455237844,30959.0386069013,186687.656469452
miura_00702,miura,702,1,36,6,0.000837418981754276,0.00437635578731437,0.00255640973831426,2079952215.78818,1268519499.58471,105687.760843055,44918.9334230861,14301.6769254009,32825.8677185916,50921.5859551519,184464.500922251
miura_00703,miura,703,1,36,9,0.000639409934033313,0.00471207974539853,0.0039643369291021,1237036633.53319,2256104820.74274,156765.779939751,47147.9702854268,16393.335631273,8096.14155503292,17035.4949325381,195206.542262868
miura_00704,miura,704,1,24,12,0.00076869828764151,0.00358807029382004,0.00204065148828293,3240019279.39969,3741318947.24243,127187.574598221,37403.6434973178,17391.6274756795,38800.6503696863,67465.9440830079,514065.007395765
miura_00705,miura,705,1,24,6,0.000883206557997642,0.00216937875688119,0.00388058009719691,3176386784.79154,4734137788.88765,63378.9813327294,21933.4639548865,16039.1119318096,26875.6029287661,44116.0346085034,237651.928153358
miura_00706,miura,706,1,30,6,0.000754788077086879,0.00426457945658957,0.00190744857468927,1585086972.95606,3535601031.94413,363935.618488021,144430.58268859,46115.9911751864,24451.596456044,48984.4138946727,383728.085527344
miura_00707,miura,707,1,36,12,0.00094222504150097,0.00160316210217832,0.00160028218487746,3627852402.64157,3315700645.12203,18751.2900884181,5924.72583851677,3647.70119052931,127146.985321622,188087.414228918,550746.299109205
miura_00708,miura,708,1,24,12,0.000760313009005013,0.00109748633814448,0.00236684228360247,4040384501.14831,1185867478.67997,1380.59021605195,557.971541349799,792.753608985081,31011.8996965695,48951.9406360542,174586.895772365
miura_00709,miura,709,1,30,9,0.000595399382216788,0.00347912028011829,0.00318119081378027,4720691282.66245,3794138159.25386,135245.296350425,41464.1966425744,18845.2965854504,21442.9491050056,37754.4257910408,294272.363916864
miura_00710,miura,710,1,24,6,0.000961752519037133,0.00174633457447803,0.00336021695963512,3245449058.23363,3052549525.08875,25822.964001973,9072.73531564085,7447.2321390442,36743.2747593001,57898.2840718074,223105.755699192
miura_00711,miura,711,1,30,9,0.00076979835026722,0.00132799312623209,0.00254961728335783,1855009121.65241,1537360993.7974,4664.62003960223,1633.51443501891,1497.10309636269,18641.4158734035,28992.2486634744,111585.189159277
miura_00712,miura,712,1,36,6,0.00089751795749347,0.00108990809988609,0.00394603241364805,3863456357.28729,1161230608.01374,3180.03984518199,1127.64434367156,968.945871174823,33935.6466427988,47757.0713423312,92993.9293625255
miura_00713,miura,713,1,24,12,0.0007578492088819,0.00219091085810533,0.00323838465516001,2836466140.72868,1216916941.77372,6708.19841843279,2344.96763793348,2082.74472762754,18358.4393972944,30148.8103548297,163340.700548047
miura_00714,miura,714,1,30,12,0.00089580496123718,0.00349685848923899,0.00173431423137874,2978783336.75141,1115265214.1944,45727.9092907269,12792.1674137297,4924.0656047505,71604.2421623166,109934.517964231,398399.11124591
miura_00715,miura,715,1,30,12,0.000683925809721812,0.00361625082570483,0.00396718633255883,1919463507.60425,4690182651.43547,99978.4166289034,30402.241235746,15965.425042273,12145.7720598138,22611.6023519758,270266.732598788
miura_00716,miura,716,1,24,12,0.000622740110041402,0.00327304886609014,0.00229326933853502,1247810162.81771,3991838612.80035,93948.5037637427,28621.2390138692,15167.5772361296,8794.58036855143,17110.9284299484,245369.376060777
miura_00717,miura,717,1,24,12,0.000916151073431395,0.00239303137135921,0.00177312239444959,4938145240.17729,1796051198.59058,22681.7824876318,7215.46636942945,4511.69780123487,96263.6755656614,150468.698572839,563583.835934038
miura_00718,miura,718,1,24,9,0.000874313214624499,0.00156208894487597,0.00344397363041327,4510875181.44145,2766151395.78821,8779.50523637933,3252.6019756219,3600.53975934058,38910.8280250394,62146.2753567912,266139.022849335
miura_00719,miura,719,1,30,6,0.000710764122981047,0.00470687173566582,0.00111562858234905,4587197800.53187,1452940842.89012,204081.911898658,87351.5409835259,24504.5725331041,80911.8014330466,122506.389304345,374374.503039556
miura_00720,miura,720,1,24,9,0.000960544690218078,0.00151012171396789,0.00305446830266059,2504188314.14348,1866579674.16167,6056.55163053439,2231.02973486838,2414.06737895596,31686.038827314,50257.1773776777,200970.609118513
miura_00721,miura,721,1,24,6,0.000851771675274753,0.00343975253205236,0.00164108063407319,2343547385.48546,1690994537.51439,136329.065702981,48283.9084955598,18484.3477752035,40132.0923511118,64501.2669478725,272810.833434079
miura_00722,miura,722,1,36,6,0.000877912432955877,0.00394159997476522,0.00110810244133333,2235123680.66206,4139031594.33928,362500.874530901,164970.837337916,47398.2720357407,94385.7453289669,148550.067500587,557178.695656856
miura_00723,miura,723,1,24,12,0.000759938339708093,0.00474750382075967,0.00103875078021719,2052756770.64807,3573016358.93827,455175.615320658,113479.579976525,32531.5707152932,50040.5912247416,93352.6237035119,826105.82089148
miura_00724,miura,724,1,24,12,0.000590816675838566,0.00443727073932122,0.00280585787676512,3504317403.25684,4896018996.97855,226147.649442685,65649.3942195007,29121.4610638331,17514.297217643,34874.23945973,493542.114321836
miura_00725,miura,725,1,30,9,0.000801712175345886,0.00111867235388601,0.00370985613328718,3899072097.23861,4608121059.38054,6077.25234203993,2299.38244892908,2862.19155225565,30864.6112468453,48706.2948448123,209337.003902047
miura_00726,miura,726,1,24,12,0.000882697719106662,0.00262668843171981,0.00262806001755281,4416622702.78326,1943510529.90319,21904.6266382204,7141.16141015209,4904.26257905194,54500.0020166916,88133.5063573981,424832.438186635
miura_00727,miura,727,1,24,12,0.000874681737697953,0.00362363265216543,0.00103507304152889,4807849893.6106,4965477392.61467,314600.629236828,84738.0436835202,29597.8118381408,153747.218253965,254455.919102286,1382011.82058917
miura_00728,miura,728,1,24,9,0.000626159200667552,0.00323441569484076,0.00301649958815544,2929356117.78332,1841726492.74504,49834.4865497635,15760.0442704561,8842.84454640039,12640.0842551849,21878.4542088937,162391.302412022
miura_00729,miura,729,1,30,12,0.000879037143624329,0.00128580271929807,0.00312535917067699,3344356910.44309,3512866692.02966,5048.46888137733,1890.65007658906,2220.48033289278,42150.9751824476,66714.2452184361,293112.3037946
miura_00730,miura,730,1,30,6,0.00077886753916662,0.00527494734867633,0.00342349858299742,3246724584.73501,1383715867.87937,165719.184592053,64738.2041905627,21473.2492157989,27059.7102189974,45435.6271638596,229311.726762582
miura_00731,miura,731,1,30,9,0.00076542140012467,0.00439424951265162,0.00103958820376721,2772204441.11959,3203769455.5384,439929.930242492,124546.023203489,33143.4332751555,75004.9205809373,127141.32552888,695455.276034393
miura_00732,miura,732,1,36,9,0.000661681691184973,0.0027831556504478,0.00242829316477685,3356896480.68657,2630809205.84881,71022.5113474467,21814.7395228967,9242.656852038,29490.2353214171,47206.6616858365,230563.415053045
miura_00733,miura,733,1,24,9,0.000695225505902482,0.0018306606699308,0.00253252440696781,1286940261.27115,2772613665.36814,17651.263968379,6104.43281527625,5180.02075311342,8876.77567588368,15094.1910685192,107509.903807763
miura_00734,miura,734,1,24,12,0.00061591170212647,0.00563671340143058,0.00275951904311977,4570590115.12038,2952226661.94152,267314.585865078,72915.6043411385,26372.7755803835,24287.8937053883,46882.9005713281,531550.861058902
miura_00735,miura,735,1,30,9,0.000996352006191165,0.00467915474437799,0.00182630819577826,3669973493.51187,4663057060.50043,528064.854223774,152333.571987841,45991.5093279335,122689.294118221,202386.616597277,1038247.87026656
miura_00736,miura,736,1,36,6,0.000982760695441714,0.00155105430417121,0.00324767359232264,2524972295.70162,3776247811.09397,29894.7948573953,10414.734111645,6456.99260632248,47281.6052756924,70896.2050861235,213221.26025484
miura_00737,miura,737,1,24,9,0.000942719355473941,0.00449207151319119,0.00297111405761785,1817942480.71106,4243320360.83598,284233.391690981,85219.212239007,36265.2951934098,29792.9255260169,55487.030113762,527582.610794008
miura_00738,miura,738,1,36,6,0.000598774319782982,0.00374890126058046,0.00273428634367219,2487318823.81943,3970769721.07892,248378.654983249,100672.381462693,34570.0966889911,16358.8607264838,32759.3964622828,264896.34036564
miura_00739,miura,739,1,30,9,0.000994949339406963,0.00353077240019949,0.00129681991500021,4581391702.91529,2426061736.98764,180724.809602976,52704.5291948976,17118.8867030539,192030.234757674,284852.181332596,822143.477243087
miura_00740,miura,740,1,24,6,0.000816889901260543,0.0036870242630136,0.00379700872553387,3512566601.13878,4975901505.25528,270939.661645886,92824.8608294433,44825.094888456,27289.7385094054,49816.844816012,395624.916809495
miura_00741,miura,741,1,30,9,0.000500952451811592,0.00590443602983975,0.00192082145349341,4294165158.08779,1049336171.29238,190999.341938852,54108.3533969935,14477.9355093284,18965.1046785555,34977.4587709888,250841.012684508
miura_00742,miura,742,1,24,12,0.000632969181386127,0.00521391360615764,0.00121084365896002,3178293526.53101,2997125711.54566,430258.470486886,106706.852866241,30236.2512797262,39657.330998482,75905.6905449247,726952.077663478
miura_00743,miura,743,1,36,9,0.000598049138713191,0.00252201437373625,0.00287553995621976,3442608973.22434,3638153240.77352,65683.0801397996,20522.7322302547,9991.39648969258,19723.9083464806,32678.2022351017,196169.568821466
miura_00744,miura,744,1,36,12,0.000923885206292285,0.00551641868689802,0.00355886169674961,4162238753.64619,2913367562.87978,237741.917254093,63304.6551580577,20172.21645598,70972.1014592868,117167.236773027,659884.122375386
miura_00745,miura,745,1,24,9,0.000892856575788385,0.00539958054012133,0.00263711537439704,3908428848.87936,2435587264.24515,289485.467554917,83706.1275603322,29534.2701723082,54256.3532693904,93647.6828995519,603375.368218798
miura_00746,miura,746,1,36,9,0.000892371846146923,0.00308718558629361,0.00248373677589566,1295843942.60272,3521412034.7112,121646.973149626,37085.6426336759,14698.8408880722,28498.209484156,47449.0556595458,278805.214872366
miura_00747,miura,747,1,24,9,0.000707794478990447,0.00477582189493246,0.00338125554415105,1894219304.92062,4634090439.31946,327650.09481209,98305.0650943905,41972.173505149,14795.9320293466,32394.9499682,485500.145035596
miura_00748,miura,748,1,24,12,0.000572453583234951,0.00579026058425758,0.00374549579419586,4766686843.47776,3856807103.20535,288484.012214351,81271.2722355123,32534.4630589789,17225.6854854764,35898.3339814844,546321.609621083
miura_00749,miura,749,1,30,12,0.000647881269940026,0.00146246870686677,0.00301434024004985,3574907377.82725,1208284163.1036,2584.99827185793,933.51521681838,962.78152539827,18681.2304137034,29416.5358869172,125008.573951801
miura_00750,miura,750,1,30,12,0.000678214804591858,0.00258922276526899,0.00101734794827711,1092518672.79515,1355843141.40386,38600.7094706604,10882.5250033584,4292.64969022551,20956.592333139,34239.2718987429,184153.922449787
miura_00751,miura,751,1,36,6,0.000876866702065463,0.00507995236340886,0.00109728397572411,1733571628.70184,4662202783.05378,570502.892147138,270950.288080994,73150.4712548057,77901.2104872117,135933.021959009,695730.200272055
miura_00752,miura,752,1,24,12,0.000582189104650707,0.00331317892996863,0.00131142568412779,2207866017.75023,1474711342.51221,59600.3042527089,16936.7985099194,6984.90677450034,17653.9139915674,30548.1295130577,220064.57121264
miura_00753,miura,753,1,36,9,0.000791958290989546,0.001506757994737,0.00159498917116229,1540745382.90737,3412948150.40028,25333.5611056356,8106.14946546576,4679.73154520595,33675.8103569902,52036.5688638378,207870.333655959
miura_00754,miura,754,1,36,12,0.000743372332645285,0.00206975688937265,0.00212157813020164,1824750333.80386,1530001768.5008,13496.4960745634,4172.58141228082,2337.95585695818,25443.6641186987,39713.0148376256,171437.169500026
miura_00755,miura,755,1,36,6,0.00080144081646331,0.00524348928092274,0.00131271132675434,1985935430.05449,2116021565.86295,263260.570398978,124055.214550376,33952.5106991448,54734.7698432573,88720.7852398197,365607.427852027
miura_00756,miura,756,1,30,6,0.000581749709599536,0.00250463456507202,0.00244176321174496,1978700856.44827,2750408553.004,83685.6547559938,29562.4879141136,13662.0620152766,10422.5097167541,18302.6594369075,124870.357627805
miura_00757,miura,757,1,36,6,0.000798064538077558,0.00314229421157984,0.00314170121743847,2696088431.2626,2032825905.25969,85421.140095518,32729.1929957355,12761.685821635,30191.0522864705,46925.3466761509,179744.715647043
miura_00758,miura,758,1,24,6,0.000631685887567247,0.00422321601475167,0.0021068224468794,4766785131.75338,2551150455.32575,275964.529817843,98740.9605371277,35921.3005944915,29202.1277008301,52695.4143404285,350217.20213493
miura_00759,miura,759,1,30,12,0.000832246240508467,0.00290762373076216,0.0037721077298853,2506905880.50332,2026903121.66391,24433.1443124616,7740.69833122932,4812.67356526321,24095.2640792176,39539.6228511098,227864.269702843
miura_00760,miura,760,1,24,12,0.000598539788726949,0.00277271085975295,0.00111921123645631,1738876046.34506,4035172290.9084,114333.425601744,33280.6113009603,14909.1262141641,19304.5846562322,34989.7363995329,334448.540747071
miura_00761,miura,761,1,36,12,0.000973157414997379,0.00348673091244309,0.00178403222808615,3507820212.40829,3353277679.93829,144605.002070813,39524.4516422008,13675.8505113999,129899.472095724,200819.743677589,796972.177805272
miura_00762,miura,762,1,30,12,0.000547364082628386,0.00159097229824504,0.00356639731591202,4937967690.26488,4241765939.24253,9526.94553037963,3439.31474511598,3554.25343522263,14618.2174218041,24284.463526093,157672.121389524
miura_00763,miura,763,1,24,9,0.000772657169141286,0.00461061719140454,0.00151657897306736,4215159722.56889,2311095533.90498,279507.854542597,79466.4345054056,25767.5883493791,63673.8403507781,107252.633935883,602359.365091572
miura_00764,miura,764,1,30,12,0.000502156974778404,0.00225947793992909,0.00233472091495642,2493574794.86698,3776599274.90227,34410.1318672367,10930.1652907754,6869.00674695575,9590.77852221739,16770.7183297781,149699.636206576
miura_00765,miura,765,1,36,6,0.000693302360137219,0.00420727364263522,0.00306965719499133,1489765765.89688,2985041487.70308,218876.642653681,89954.8776599015,30100.3696659222,13652.2576655288,27878.783471329,229516.868679626
miura_00766,miura,766,1,24,12,0.000969988211865308,0.00111804193686412,0.00293639211303028,4889013499.51995,1057003985.80698,1215.92438762973,510.820063549922,767.646932109536,54253.3571286086,82950.7754861063,227068.227859058
miura_00767,miura,767,1,30,9,0.000986315892099461,0.00404641157941913,0.00234980918957139,4145938243.56584,1962932476.385,132720.710951582,39319.3608562109,14229.0826234122,97071.144031054,149568.462143244,546036.27334702
miura_00768,miura,768,1,24,9,0.000810410238485915,0.00233716757582401,0.00310375656526726,4236725736.20595,2629692092.44791,28108.8467142952,9441.9135102923,7069.33629494345,34341.5356751573,55850.1562147707,283559.710172602
miura_00769,miura,769,1,36,6,0.000505214273694644,0.00162990708966788,0.00365154803294302,3647885373.96357,2999578037.3723,24421.1973546128,8500.86352764805,5297.89629098129,9350.63249744338,14948.5213349225,73515.9045422853
miura_00770,miura,770,1,30,9,0.000567354789028031,0.00352212077302124,0.00124777523471195,2211982506.18311,3099109795.70507,233016.364411862,67788.4805262087,21723.9632917675,22619.1806957864,41897.1894972857,336681.908224156
miura_00771,miura,771,1,30,12,0.000990104283201965,0.00382804894766487,0.00196815008612857,4651834907.74875,4172506094.63621,195275.968754052,54278.1559792769,20415.7864133658,139718.750964085,223642.451231937,1060080.36227313
miura_00772,miura,772,1,36,6,0.000862334304512917,0.00595809019174803,0.00344950117568468,3517585528.91102,2165384091.29822,267996.374330519,118042.497679692,35427.661737312,47020.1406464651,77915.5051892311,361674.97753145
miura_00773,miura,773,1,36,6,0.000507304658035535,0.00218766546139626,0.00323319390802086,1985911942.20534,1996112313.21527,37123.6762035804,13284.0717263468,6479.77424850117,6141.39365041005,10370.1621378995,62709.3414226316
miura_00774,miura,774,1,36,12,0.000881621026794415,0.00497963577941663,0.00278536249094199,4888281727.96835,4363154430.99045,331634.763174591,87885.8554185424,27616.4112960594,92909.6437342848,154006.547854853,881400.797093191
miura_00775,miura,775,1,30,12,0.000992277850181115,0.00252015793310686,0.00219321936249553,1312712856.76571,4103340555.43119,54291.4651959307,16738.936500858,9305.51982327774,37323.048357169,61811.8765497034,374679.457384321
miura_00776,miura,776,1,30,9,0.000584059844934383,0.00567066899604522,0.0036510830338051,4851227596.85081,2830024343.21664,314857.649210244,92136.2560856593,30751.1255640604,20365.3851555153,40770.4662400909,414696.511135686
miura_00777,miura,777,1,30,12,0.000917589352627171,0.00277927022839398,0.00348860007344303,3129996752.59688,3478136271.80352,39649.983656336,12577.9450004977,7862.14501437822,43292.3676903228,70741.7531180689,396739.19654059
miura_00778,miura,778,1,36,12,0.000879390055540192,0.00447382907864632,0.00284735157856266,3048971457.89692,2273137596.18224,128740.38062212,35063.3809597387,11980.955808194,54861.4261952156,88742.8931489363,457109.422628877
miura_00779,miura,779,1,24,12,0.000926307863243013,0.00286889881531592,0.00337538713940114,2353444890.8259,1291128502.48835,14752.389642846,4852.10676428884,3445.96452949956,26819.6487604093,44048.7622239843,238256.662121008
miura_00780,miura,780,1,24,6,0.000954178459938569,0.00152841986332634,0.00132233067396505,3591164041.32181,1847419089.67096,24809.5926754311,8498.95814674852,5344.93295424689,86091.1016071581,125708.981352288,288136.457762839
miura_00781,miura,781,1,30,12,0.000524093790144796,0.00418781845741774,0.00360499404302224,1296529911.09174,3647604031.38445,128137.474446935,37363.5361122093,16628.5886679295,5486.47336060645,12327.1098514803,235010.968086716
miura_00782,miura,782,1,30,12,0.000992280506202685,0.00277541487536516,0.00285778527555896,2034136274.82682,4612088225.12303,62892.1062880743,19538.4746850795,11205.8203487806,44441.8220947205,73655.6372753312,450003.136943863
miura_00783,miura,783,1,24,9,0.000762846174752694,0.00472510442234998,0.00145561371528512,4635802782.7708,4806661175.29514,633420.122804904,178928.668028128,56262.5945509709,76016.1727817525,137490.22281172,1016839.4719726
miura_00784,miura,784,1,24,6,0.00099750711007396,0.00197795358067056,0.00283217684276248,4711896732.89424,3821589877.51938,52784.0449392048,18189.9098208852,12638.8239794351,69561.6357251741,108516.489179169,384546.338844895
miura_00785,miura,785,1,30,6,0.000671266658374339,0.00237012733007936,0.0013928681844348,1954678068.95245,3063835424.82634,117063.700900969,42723.1595750924,17139.7252641692,25415.8777837114,41577.4579584067,202405.287352821
miura_00786,miura,786,1,36,9,0.000978353773093723,0.00229791565733341,0.0021850363429907,1952178858.853,1313640677.95969,23658.3751412932,7354.45470184849,3450.34043232069,55238.6515820849,81189.2378518499,227258.950439966
miura_00787,miura,787,1,24,6,0.000943101908458209,0.00335105687930943,0.00231516608467927,4324191584.32965,3094001526.15987,189829.164204949,65784.3178228949,28668.0319224467,70650.7114814372,112725.635197598,468220.951981549
miura_00788,miura,788,1,24,12,0.00053535080660339,0.0021051644776187,0.00190127129338427,4699390511.54715,1667712290.35489,13358.7128355303,4417.62553702421,3202.40388003393,18749.1873053446,31155.4762056852,183512.985461289
miura_00789,miura,789,1,30,6,0.000910387094354462,0.00456530783241148,0.00335208018373041,4803473576.37481,2822592166.76714,260372.570852012,98966.372165338,35144.9742508317,63130.5798938543,101552.211990183,440055.238877667
miura_00790,miura,790,1,30,6,0.000513771570231808,0.00204218181160983,0.0039269392686881,2204512352.27884,1687281352.90992,21474.8222661892,7409.39877736762,4686.64873871011,4834.17998105938,8111.86468481729,50450.910054168
miura_00791,miura,791,1,30,12,0.000937273779149196,0.00130339340410017,0.00132654640879082,3943849153.14502,4931824897.07173,16467.209459715,5546.09645145005,4397.68600590877,136353.969992941,208158.240667775,700904.248275767
miura_00792,miura,792,1,30,12,0.000897026948642933,0.002157724867662,0.00150345915512839,4173758255.02559,1759447813.93154,21785.4217925741,6666.69702680026,3597.02634546782,111374.569743131,166263.320887606,497089.616139772
miura_00793,miura,793,1,30,12,0.000935558795537246,0.00109893401397746,0.0035915365124627,3585812994.28296,4733948933.54426,3894.5967578589,1545.97786168943,2210.42563099183,46897.6558182521,74450.2345715775,327797.138316188
miura_00794,miura,794,1,30,12,0.000737596197905242,0.00182449590203285,0.00296722240834701,3875535292.54532,3443033984.79871,13715.9257928779,4690.06403655328,3960.10620925738,32093.4023839649,51907.8452513731,274447.994937506
miura_00795,miura,795,1,24,12,0.000823592163217235,0.0043160772715146,0.00283182127061549,3671950892.6685,4024952198.51927,170832.66560872,49986.6573654644,22820.6426195732,40135.7508001159,70933.9820023589,593316.170070673
miura_00796,miura,796,1,36,9,0.000912550990472018,0.00389870321855017,0.00183691151118963,1037164559.18871,3206799561.03007,239044.301163015,71131.4561124538,21824.2063856204,33739.1501527858,58542.3924214775,371926.136577407
miura_00797,miura,797,1,36,12,0.000712580515496897,0.00456758831804999,0.00115235657600305,2448095857.85259,4522563611.22838,521123.328565971,126291.446870861,31830.0190719701,63318.8448829495,113681.069775968,816699.801858393
miura_00798,miura,798,1,36,6,0.000801696125818752,0.00135586357541533,0.00318014790032601,3390633574.81626,4745703686.28784,26769.5376095474,9312.83100550701,6316.67058699932,36146.356820407,54936.1078149819,185527.907974796
miura_00799,miura,799,1,24,9,0.000530726805773275,0.00203906774097847,0.00387031397566261,3046880416.71106,4798980396.01991,27911.1062240306,9870.49022092624,9172.20328347024,6758.26462179949,11949.4111230196,119016.091680165
miura_00800,miura,800,1,24,6,0.000981135148038882,0.00264068932493739,0.00326287599674606,1355478117.19098,2057188316.28042,54000.8390848369,18425.7048908558,10803.0633166356,18557.441530424,30380.0408394464,155848.063235824
miura_00801,miura,801,1,30,9,0.000633499282278463,0.0023614683214761,0.00187502859572655,2981574728.38563,2268644223.57053,44770.9794439001,13934.566896054,6969.46095592258,24596.053716019,39677.9360166899,199592.333702264
miura_00802,miura,802,1,24,9,0.000787361630117016,0.00249139374523812,0.00292581503585594,2773460955.15803,4677741583.82952,62578.6427769374,20664.7981242949,14303.216552303,24053.4598225354,41027.9975282374,290038.875903714
miura_00803,miura,803,1,30,12,0.000566513752172878,0.00131638192045255,0.00155851487075006,1455933834.0795,2880923179.15624,8156.48942114485,2792.02859202803,2367.52405423182,10821.3042229577,17887.9442989056,110466.579860902
miura_00804,miura,804,1,24,12,0.000644147366577534,0.00432471226022206,0.00128063965243171,1990457493.10054,1181805636.75094,100271.476732961,26489.5136075821,8754.49574772727,22140.4716270129,38608.0561991311,273703.413122623
miura_00805,miura,805,1,24,6,0.000647184655465226,0.0019677747359056,0.00232076485429117,4039464072.58117,4030855435.16673,64265.2508949244,22010.5413095697,14195.4127344554,22552.6634308865,37109.216594175,199581.943239254
miura_00806,miura,806,1,30,12,0.000805220482918567,0.00429560566055204,0.00112624626967429,2211290729.23945,4657685248.80821,458559.727477159,115114.511406413,32563.1100992048,69767.7436630378,123284.563290509,887165.428344907
miura_00807,miura,807,1,36,9,0.000854798596757591,0.00507226159244413,0.00388784434495347,2001900587.78197,3244817772.85514,272360.563593728,81513.282943172,26820.3438669564,26939.0202259366,49462.7620687091,389871.043600168
miura_00808,miura,808,1,36,9,0.000712309488776499,0.00253255368173069,0.00352619207047388,1648701456.01323,4283129121.22521,65545.5353040967,20697.617676158,10881.7026794689,13681.0039467008,23472.8347972747,171372.496363835
miura_00809,miura,809,1,30,6,0.000942509880786008,0.00384533305593932,0.00196469882707442,1860100615.44428,4082485931.14579,345260.741727563,133768.46780768,45189.2228693453,48756.2439335202,83575.198579182,457056.328866667
miura_00810,miura,810,1,30,6,0.000798942344324643,0.00191138397153299,0.00306600971843919,2126275888.55694,3946007801.38309,51708.0488677392,17845.8224585783,10831.6533485929,20977.0721862982,33653.5901260061,161952.242363954
miura_00811,miura,811,1,30,6,0.000561382955572323,0.00116456026222033,0.00276720653221197,3656609062.18711,2033183475.32309,7680.37498772954,2710.05885723013,2309.26834113525,12720.9520465751,19722.9107758589,73105.8808168425
miura_00812,miura,812,1,30,12,0.000528032411942485,0.0034218271595034,0.00112136626078264,3256578370.96534,1882789469.07486,104168.685427141,27776.4065832584,9182.70708107061,27870.5922515328,47117.6053418107,294458.688990224
miura_00813,miura,813,1,24,12,0.000871929739999904,0.00406222826011911,0.00290341132603499,1857027398.0399,3845151016.45145,134495.220384184,40043.2758825787,19472.2383446351,24573.4375387069,44379.6380735915,429390.560239555
miura_00814,miura,814,1,30,6,0.000644771478265311,0.00203107169443586,0.00323453879762393,3423140019.8085,3833622471.26352,56333.4058326514,19448.7123416705,11506.6096162442,17234.5722248134,28103.4086518266,148314.385801102
miura_00815,miura,815,1,30,6,0.000741656314581955,0.00582817258977349,0.00175055118507366,1341095177.51192,3116503492.36568,539009.98487777,229340.772286825,64079.9724732747,23264.6571610027,56066.116331243,521547.431019203
miura_00816,miura,816,1,36,9,0.000849207882188749,0.0022470756908934,0.0026050016095835,2423036244.69375,3154812752.59298,45615.5076405857,14344.2524629006,7335.91813877256,40528.7999114236,63142.7543108506,266279.375157604
miura_00817,miura,817,1,24,9,0.000759175588074777,0.00105351491584769,0.0034012331597811,2814722047.14435,1508550854.71704,1650.82150668299,673.588270808653,1037.25057025323,15447.1237377965,24726.5642968805,101289.066636464
miura_00818,miura,818,1,36,6,0.000751027557336237,0.00509803421672798,0.00288050720598245,4742484693.67631,1053492827.6103,107882.374157681,46877.3822428445,14459.0564895368,46570.3762949253,70048.4203825514,215744.399391768
miura_00819,miura,819,1,30,12,0.000801738938373558,0.00582568183798705,0.00349895394522916,1720328672.62932,2180564674.1812,193216.143439027,51995.0009408401,17636.8825609238,19145.9490383214,36039.0383355079,358935.348309405
miura_00820,miura,820,1,36,12,0.000963823836753475,0.00156598969345889,0.00275292473488991,1899452574.67715,4836647943.05977,15084.1241878479,5060.81664610986,4034.57928425497,44790.1119105378,70607.3090698615,328801.193585652
miura_00821,miura,821,1,36,6,0.000858682532673509,0.00107200312604477,0.00254459956207191,4537409074.17586,1388002917.00431,5290.47633046486,1847.86966875818,1355.8927826805,53763.6345422397,72387.6677269797,125745.808227465
miura_00822,miura,822,1,36,9,0.000673338575255312,0.00278965633317085,0.00312654392765489,2123139017.6574,2078691501.61874,45872.8524078601,14249.1413583846,6628.47840127023,15692.4616020526,25660.8666587067,142642.713898153
miura_00823,miura,823,1,30,12,0.000601996070879913,0.00205834742874188,0.00104678782640669,4226994226.92358,2797329403.60633,41240.274835167,12270.4114807407,5913.66564817099,52959.821808171,84110.1055466223,385227.968122474
miura_00824,miura,824,1,30,9,0.00090585288122519,0.00207046468319698,0.00126825971694867,4107018154.1277,3558852678.00094,69594.9128921053,21473.1897997859,10187.0796871884,132708.262444207,199711.064267914,621259.076755077
miura_00825,miura,825,1,24,9,0.000824933082570853,0.0059666696045446,0.00247299487262023,1149270233.95307,4674917440.14218,742489.403940007,210655.464833978,67703.9266765113,22111.1320068244,55717.1453557552,853942.236274266
miura_00826,miura,826,1,30,6,0.000912793300212408,0.00140856465591257,0.00356559465611866,4817690595.2521,3750853565.68325,19338.6904022794,6787.60095287873,5504.35378766753,52304.0923850212,79653.3516237714,242843.624235638
miura_00827,miura,827,1,36,12,0.000787988292238828,0.00541351751102646,0.00343838471403319,2582943141.17601,3665810519.73413,292599.513554441,77928.3702238369,24830.8790601267,32091.0401185099,58929.7043683787,516977.571268323
miura_00828,miura,828,1,36,6,0.000562404867206135,0.0039065315197801,0.00182284499043231,1573274372.93576,2351874405.53292,180692.569507444,77641.2581551085,24099.0512069633,12548.4909152593,25207.0039830091,191294.512162592
miura_00829,miura,829,1,36,9,0.000833451520368199,0.00558666992984652,0.00161503574247361,3727827681.95443,1489421869.93598,247020.412444575,72442.3493018841,17898.2270375059,93483.6813725487,143452.742744465,506813.85688603
miura_00830,miura,830,1,30,12,0.000800169439564103,0.00520145952688386,0.00127398744902627,2669927844.65202,3599625252.56569,516097.582367751,124841.300646488,32593.3888445835,72856.1966537528,129407.956140373,914828.726108051
miura_00831,miura,831,1,30,12,0.000698198535229908,0.00363566090357192,0.00353527374181731,4576415736.36459,4759638411.20875,114578.098305892,34380.6968022984,17115.1495437814,30405.9818157802,52796.5842783465,422182.103115574
miura_00832,miura,832,1,36,6,0.000663719269285005,0.00516111639981042,0.00113725346297691,4051199309.55117,2226747901.67287,276717.018291677,131557.198581287,35674.4867945225,71792.6020169686,112953.848494248,414812.569694251
miura_00833,miura,833,1,36,9,0.000503603034255882,0.00294680663115378,0.00279704280330377,1469030496.90133,1943009674.88815,54081.8988703509,16633.3818598898,7130.77424552721,5810.90883599042,10630.1923556716,94191.2838334062
miura_00834,miura,834,1,24,12,0.000641652985864273,0.00114229995797493,0.0027325229950274,4584354219.39942,4323191520.78022,4423.4014583057,1787.35306381257,2591.27748593894,21562.0214753325,35805.7035548567,211450.240388901
miura_00835,miura,835,1,36,6,0.000680059464583179,0.00477762411176259,0.00104652683609773,4941288325.89093,1164402506.52005,132742.974439116,62865.2710977113,17340.1169053363,95105.5849947034,135217.18679959,316028.710536927
miura_00836,miura,836,1,30,6,0.000972142163193503,0.00442126253277724,0.00183733733538255,1300344501.91362,4186991956.79836,464538.409411802,186556.156430391,58177.9318664288,42062.0918669062,78508.1326276002,521852.180802551
miura_00837,miura,837,1,30,6,0.000970596989653792,0.00230581331165511,0.00257812608985546,1293420421.15131,4385885522.12473,105465.862714021,36862.7193964125,18379.154046645,27672.6411698807,45110.5415215683,229175.433518321
miura_00838,miura,838,1,36,12,0.000664643696057309,0.00580055490047014,0.00122645397127597,4157495837.03232,2677129682.78696,499639.958772477,114714.661652557,26072.1850287165,78062.9071203049,134700.478384888,803040.021658227
miura_00839,miura,839,1,30,6,0.000895266363279677,0.00160150828255919,0.00211026138890612,4126888973.86498,1841292657.90063,20966.5099478097,7244.34907342952,4359.37473957053,67022.9249885112,97004.7873732223,221447.047374329
miura_00840,miura,840,1,24,6,0.000650983667685159,0.00419569995584423,0.00289901971494098,3366675105.58636,2873584579.74053,254535.446846705,89117.9742947588,35919.0192515615,18001.4445269761,34976.4675188917,301907.589829827
miura_00841,miura,841,1,36,6,0.000889402333119868,0.00350363792368181,0.00281780942519035,2811055760.53561,1738708855.08972,95036.5563540074,37832.8766391908,13582.7765760522,46910.0695772011,70782.5720895843,225054.629321429
miura_00842,miura,842,1,30,12,0.000678021198657826,0.0059110317255788,0.00130561710863917,2838795648.80954,3537733336.57348,671279.111745157,156927.665807216,38366.2954291633,50668.3505867232,99650.19353262,918719.893846035
miura_00843,miura,843,1,36,6,0.000696183033180591,0.00588535905219474,0.00234531964521376,3469718274.6161,2158623562.67715,285031.988806626,130202.024075959,37017.4350550298,36892.2633816932,64655.1161379393,345179.360516906
miura_00844,miura,844,1,30,6,0.000795795411693053,0.00429129282372262,0.00318984503954263,1601893774.16013,1750827901.19142,146462.552007465,55219.2602147813,19969.6713313761,16218.7884367618,28887.7515489734,184246.282488099
miura_00845,miura,845,1,24,9,0.000809307846412102,0.00273286784327305,0.0012852992202404,3630045726.38296,1010802274.82831,36953.6630282446,11201.5916118457,5061.40269486301,64830.1428667622,98841.0393070416,314086.426140366
miura_00846,miura,846,1,36,6,0.000904955192405951,0.00363701533143754,0.00148185971651254,3308162133.60294,2583702097.56531,188232.754095435,81716.8054473708,25308.1803065477,108119.930199313,158996.361972816,434854.501668281
miura_00847,miura,847,1,24,6,0.000856831771002497,0.00166259364071414,0.00396294498477704,2377660272.17148,3716887037.29806,23439.801503744,8369.88346537801,7636.44207695763,17510.1024538911,28411.9232153477,142981.212682145
miura_00848,miura,848,1,30,6,0.000713481646137316,0.00190402386066106,0.00156081240213819,1055742398.40772,2252459098.86288,48670.480767908,17107.8577327645,8194.48689179179,14565.1911601985,23443.6248183008,110233.828389666
miura_00849,miura,849,1,36,12,0.000687295595426206,0.004383080250554,0.00287635701695112,2576085594.39733,2803478500.88929,149031.314259908,40818.0430315456,14190.6621686347,24233.261290971,42597.9313834199,327301.813322155
miura_00850,miura,850,1,24,6,0.00089830018713738,0.00394188448639173,0.00121565060102931,4880552670.53867,4294504974.54941,531030.100336908,196400.893322759,63867.6814565421,132148.251906666,213287.621559095,883993.879560842
miura_00851,miura,851,1,24,12,0.000684960466014596,0.0040476664971071,0.00108414795985458,4799359705.47786,2289364869.31675,187161.596753927,49213.5359377373,16077.4410110061,71372.0811308808,119327.277499234,679227.284852104
miura_00852,miura,852,1,30,9,0.000692087960491911,0.00598448869151497,0.00363513292140933,3722300134.08609,3773362639.87129,478694.665901854,139306.946470622,44780.7689905531,26914.8808776825,55715.8590749883,596492.830083743
miura_00853,miura,853,1,30,6,0.000569829984905464,0.00287738513572106,0.00243494538471542,1089337315.41266,2991926079.77229,125277.809510634,45059.9903777626,19005.50086476,6411.31048976476,13413.5659614704,138093.591043772
miura_00854,miura,854,1,30,9,0.000618905563092471,0.00325187229626318,0.00315656661053662,4903053095.7307,3602307234.41539,107909.726461445,33343.9105615418,15927.8398337211,24266.8236280393,41473.5381585595,284818.289115238
miura_00855,miura,855,1,36,9,0.000678134685856726,0.00368605389579873,0.00202513519380373,3896890676.80591,3124578001.32084,192767.567049213,57689.5850222392,18898.1489056505,45044.2255211032,73963.5608926151,387711.100048345
miura_00856,miura,856,1,36,9,0.000619790744685539,0.00424676308356403,0.00225557926268226,1718419552.45917,1854929467.49823,147340.098218953,43874.1201264055,13601.2402818186,14981.632278621,27362.8976263068,205643.038706295
miura_00857,miura,857,1,30,12,0.000575854241707457,0.00345516510937,0.00134173037448131,4389957583.27403,3747856080.94516,183508.197928993,49919.6833470855,17505.7566185649,41782.1659407424,71894.2483690878,497555.414849032
miura_00858,miura,858,1,30,6,0.000862596520875964,0.00286476423604814,0.00141193064797174,4167934917.15323,2842321711.52906,159524.821670866,60279.4232919592,21875.9513762343,101753.952874151,152412.851768373,444936.574385966
miura_00859,miura,859,1,30,6,0.000930698394008755,0.00238188833673545,0.00206296651155119,2381826371.85625,4564802201.46885,138445.559790268,49136.945086434,22263.1487804844,53471.630498629,84261.2079764043,345932.377612564
miura_00860,miura,860,1,30,9,0.000539167976616624,0.00152245915795107,0.00167520561699351,2064703399.64992,3643519976.37816,23378.4786216338,7694.30215893718,5276.3989255058,12260.2170040942,20293.4171786918,123733.61948092
miura_00861,miura,861,1,24,6,0.000750756676735677,0.00420205344788372,0.00206976276430853,4074946437.0009,3465029264.56412,374501.819854085,134082.193997913,48671.1036915936,42226.0556824339,75415.0737488746,484818.157796881
miura_00862,miura,862,1,36,9,0.000841251935848297,0.00464761469176967,0.00391956571424027,2160297998.35989,4848345738.7922,328746.485457498,98931.8661950043,34580.7758277549,28474.7327654267,53544.8978030044,468086.828944651
miura_00863,miura,863,1,24,6,0.000905226021217792,0.00340578545683423,0.00351752022124153,2381528222.22807,2780705448.40668,131760.094033015,45071.5825991121,22454.6328157125,24862.6472755776,42175.7054441524,252240.644727567
miura_00864,miura,864,1,36,9,0.00066545091758119,0.00221950835576349,0.00105753352379304,3206792067.06309,3693906672.42597,106661.302040381,32292.8219451928,11946.9790312171,63120.6909486865,97601.6349320185,382050.942920165
miura_00865,miura,865,1,24,6,0.000545844852825733,0.00555400244069401,0.0030206160604518,4694210175.4436,2868477809.17273,449497.907102955,162979.341595457,56134.9224496995,16605.9239620956,39326.674954779,437039.707477339
miura_00866,miura,866,1,24,6,0.000681014532525567,0.00300320366134869,0.00309594968224964,2380307043.54473,1688132312.91955,64238.6946369639,21929.623083594,11431.4041372525,12112.0121195923,20602.8124118313,126519.325979109
miura_00867,miura,867,1,24,6,0.000879080045760935,0.00375156308383346,0.00214209611303782,1423970410.45985,2775678100.36883,230740.212875724,81180.3313495733,31921.1791889277,23547.1982535326,42752.6182056261,301181.614168703
miura_00868,miura,868,1,36,12,0.000969734957949101,0.0037460333622578,0.00245158473836028,1295457173.76049,1618358233.61239,64799.0246393087,18052.9182399794,6655.84548870609,35912.7324290297,57508.5761470659,283376.140247624
miura_00869,miura,869,1,24,12,0.000575866554056173,0.0015548657428937,0.00287806993512072,3395962063.54495,3630602923.81946,8268.53547045428,3108.25553848547,3545.65304840649,11717.9284756264,19903.496467697,143566.38887331
miura_00870,miura,870,1,24,12,0.000917355297101772,0.00456738391654564,0.00253914822795567,2820430793.08273,4603130061.09527,252075.871004528,71790.3701019753,29817.9536571268,48187.4836060208,86126.7030794788,744523.147015604
miura_00871,miura,871,1,30,9,0.000922539196099866,0.00277821515732978,0.00264632788266841,4054262012.43711,4637732558.62694,106040.442667647,33042.1851824516,16649.3151054699,72001.2647175472,114883.394123159,539710.084921233
miura_00872,miura,872,1,24,12,0.00075148632596752,0.00317700520999625,0.00259114377950534,3470310772.38445,4349304311.7311,84183.0836383015,26199.6444769292,15068.7250205861,30816.2123389446,53582.9196488793,427251.904625432
miura_00873,miura,873,1,36,6,0.000561909493906753,0.00474336253249285,0.00330819138693957,1090713347.97824,2476172021.07539,216709.662005345,90774.9667503845,29329.1486698897,6329.52778732608,17396.340819553,202630.786727027
miura_00874,miura,874,1,30,12,0.000597179285043368,0.00409697725192454,0.00330429728954657,2245298854.0065,2792558500.93898,99796.3165395329,28966.2438278391,12670.228061237,11184.4973693632,20899.3852715035,231196.462221829
miura_00875,miura,875,1,30,9,0.000517794013735568,0.00455139092909161,0.00357487946140534,3056054227.2474,3434581806.20852,224630.412591733,67201.8240609458,26036.9179611312,10527.5869353181,22707.852046043,302104.199990198
miura_00876,miura,876,1,24,6,0.000580747445077111,0.00531592377981595,0.00239273960574447,1083780342.11853,3335581038.13024,536108.815791248,196572.441243793,65083.6122047469,9514.28251241201,31856.9787212623,476398.894701065
miura_00877,miura,877,1,36,9,0.000513843409731023,0.00597836453388115,0.00103163146367821,1495723627.207,1997072163.39753,431676.985972954,125751.993677029,27738.3388846139,18492.9964941111,45030.3317993763,443687.431764507
miura_00878,miura,878,1,36,9,0.000636120597466374,0.00333477243906273,0.00160929740761632,2608811084.54141,1072567888.40781,61226.2470786875,18314.7906291651,5947.07324855601,29506.7432608694,45653.8771398683,176619.543201967
miura_00879,miura,879,1,30,12,0.00065802761729044,0.00573620264801836,0.00188661497880407,4516565596.02102,3158453923.03052,434578.300427637,108130.124357898,29972.5169425204,48497.8221214924,89158.6928261263,733122.863097991
miura_00880,miura,880,1,36,6,0.000854878704121225,0.00566884180828261,0.00326026258563228,4427660603.02014,2604751125.26043,303462.039981998,133053.80199392,40239.8096411104,60321.7621437299,98208.4695584263,429469.832282247
miura_00881,miura,881,1,36,12,0.00087871079735158,0.00498312381684437,0.00237333881050179,1869112472.14434,1296071625.64984,111521.487961466,28987.4793879382,8632.12284359047,40145.8480500838,64899.7249048178,324837.082597034
miura_00882,miura,882,1,24,9,0.000729110676339608,0.00352416836898784,0.00227295401007177,4975237633.66919,2170170894.69165,95564.7384499795,29120.0902499126,13505.3114927113,41369.5528480667,68300.0417012245,371176.028365077
miura_00883,miura,883,1,36,6,0.000508614275693672,0.00461921568209998,0.00316739622006512,1400572646.79352,2005859135.33163,170425.77584815,71317.3126437031,23087.0634537302,5849.73098397392,14935.0149620472,162212.004670425
miura_00884,miura,884,1,36,9,0.000866435129462228,0.00591138282804719,0.0016659363730852,1067902842.08384,2849084650.24608,514764.785896003,150659.464327073,36394.835325568,35404.3446556677,71462.6722147419,579027.493231941
miura_00885,miura,885,1,30,9,0.000613874531515235,0.0040581753336432,0.00246757098450535,1799727474.78087,4582350259.55249,297851.965073241,88419.9768869622,32530.8289599991,14526.6289242486,31034.1193731874,390484.881840689
miura_00886,miura,886,1,30,6,0.000897939964894416,0.00311444662396307,0.00113533920796107,1657098993.80828,3430678064.76639,247498.444448185,97239.9497702663,31916.6037605977,61105.9700911661,97750.4671696932,402911.521804687
miura_00887,miura,887,1,24,6,0.000755310916738196,0.00446152699983203,0.00379442247766045,4543398537.98366,3914642538.14668,335963.005881353,116741.069482924,49378.9049976293,28213.2492212527,52970.833461127,428953.835189637
miura_00888,miura,888,1,36,6,0.00060596413588472,0.00423326613234163,0.00135328936785271,3327547186.61698,4436235431.84757,412560.295535567,186386.539663181,53742.3492507405,41728.8525078064,77010.5188738895,470118.287129961
miura_00889,miura,889,1,36,9,0.000925285433709562,0.00235573413341491,0.00356661537899909,3673186675.89023,1784974166.04562,22577.2653252415,7183.66930086216,3996.52991515246,54736.7342154205,82036.8941027034,259459.172326751
miura_00890,miura,890,1,30,6,0.000777311497038961,0.00548952950505774,0.00308744450021946,1811382181.2635,4298673264.25458,574366.292279625,228359.409457685,72526.515640681,21923.71926676,53014.3370561636,549360.775090179
miura_00891,miura,891,1,36,9,0.000628608249632489,0.00280298832731427,0.00252318940575631,3187575358.8515,2424211024.06077,64603.8317332993,19863.9109003664,8493.13071484801,23393.8769858779,37834.2989456487,195623.168347082
miura_00892,miura,892,1,30,9,0.000820828216289814,0.00420774939706773,0.00399208769793232,4832167939.54303,4736493843.03695,231985.220144894,70464.5901980522,30167.2308601114,44285.9988668657,76268.6350576439,527142.222982466
miura_00893,miura,893,1,36,9,0.000626266809865913,0.00567009576044866,0.00167892941454328,2691147396.59603,1995258926.80716,333441.33629398,97709.8512381192,24076.7652594569,31683.977456058,58967.453305067,407610.922922355
miura_00894,miura,894,1,24,12,0.000667104332307563,0.00183303168790083,0.00126386646385244,1190882329.51849,1072730640.35717,8477.42770516494,2759.68981789436,1884.78173628952,13613.7670560003,22410.6641273064,123099.119306448
miura_00895,miura,895,1,24,9,0.000992388419472215,0.00180192652585553,0.00117662843129309,2497368611.72988,2614700321.42642,33063.7316808584,10648.3075162035,6550.69810732321,89773.5959104973,138710.417300094,472802.94122286
miura_00896,miura,896,1,30,6,0.000648252479711039,0.00425617326767849,0.00154638830287653,3326250442.42262,3151276112.95164,347486.893298094,140986.815807525,43108.6449113907,36943.0085567266,66760.079065106,405100.147665819
miura_00897,miura,897,1,36,12,0.000906009154737129,0.00296052168706943,0.00106731025316496,2368969930.79207,4630382374.90389,196693.884004774,52628.8256012936,17028.3398139262,120413.440995364,189162.922632997,822149.190607656
miura_00898,miura,898,1,24,6,0.000524472670589953,0.00510906552501129,0.00123455754927205,2442547182.59993,3067038513.34932,594791.49445714,228928.336339341,66110.4830340467,18957.2677001421,50094.4249830448,547550.466522697
miura_00899,miura,899,1,30,9,0.000649366061840133,0.00485345351147256,0.00368894706007324,2912633511.02277,4563384830.85874,343072.794582458,102087.789483794,38164.8937334922,18152.5166157455,37981.3514411207,462257.18518445
miura_00900,miura,900,1,30,9,0.00086620146191472,0.00348791585396126,0.00110750787975966,3694203392.78805,3804274688.98174,304255.790258805,88145.9915774562,27368.3190339544,127477.392432323,200559.416204247,817155.564638041
miura_00901,miura,901,1,30,12,0.000529360935760838,0.00526307441688734,0.003080947934668,1729885480.56487,3508875718.50823,263686.400074867,71618.5880518147,24972.6171344147,9204.28157718079,21836.9588026322,386979.028923152
miura_00902,miura,902,1,30,6,0.000920761605319681,0.00227413279162716,0.00179092096669536,2260657103.23341,1301901756.2368,39115.1326924892,13938.2538791603,6233.3409210248,50661.7451823764,74384.0688064397,190587.992727611
miura_00903,miura,903,1,30,9,0.000850312371077349,0.00445241838019182,0.00191225625850671,4152429253.06567,4235999193.26659,414930.748816062,120497.365794049,38090.8827917959,84077.8566118499,141090.183658397,791317.106727469
miura_00904,miura,904,1,36,6,0.000921960034852012,0.00125472477549173,0.0023794677405809,1604235860.05004,1962865442.58886,11550.0467085376,4020.21994468412,2592.84054273063,31977.6903428518,46972.3676168168,119490.070550704
miura_00905,miura,905,1,24,9,0.000703432100487787,0.0024771786990902,0.00372924689538651,3268390378.08477,1918283309.8254,20297.1339967442,6864.98858431684,5297.39743409595,15092.8167880937,25107.4126407262,150552.059300852
miura_00906,miura,906,1,36,6,0.000915222133157029,0.00103821160482638,0.00300421330917162,4236066520.34312,2769787276.3431,8223.2372286137,2892.15526471705,2334.8710434201,57556.7576959523,82953.7862630764,179666.048649928
miura_00907,miura,907,1,30,6,0.000981044525082012,0.00597318398968378,0.00193607392894121,1908810700.94467,4460442757.29546,781568.128279471,331360.016301315,93360.5900676101,60890.1028949384,119731.830700614,831946.164302614
miura_00908,miura,908,1,24,6,0.000746429918214305,0.00166218864163292,0.00259505558015051,1774453710.24535,2457640456.12293,22546.3511849098,7849.30339442145,6045.21430326954,13217.9786954141,21429.834387326,106276.833937965
miura_00909,miura,909,1,30,9,0.000686675538447182,0.00203773415165577,0.0031990140706451,2230327594.0205,3322925108.04058,26915.7820888476,8904.85060994144,6272.70412520787,14349.8213005724,23770.8320613459,146167.546120274
miura_00910,miura,910,1,36,12,0.000677490001674188,0.0046128818135399,0.0028790636543062,2130822154.88914,2555969664.40114,155240.442120103,42034.6185562008,14085.1638963871,19772.5540339894,35678.4222170981,300427.375543633
miura_00911,miura,911,1,24,12,0.00060220542674166,0.00126738299444693,0.00267475882004251,3652071696.86842,3953900401.35646,5444.13126715273,2136.67245353545,2811.82512615884,14980.7481352907,25143.5176342449,163484.119942144
miura_00912,miura,912,1,30,12,0.000697125762795189,0.00140730413289107,0.00112067346395351,4147343982.5238,4264464234.51184,20256.9768203838,6583.13961550779,4538.67554225908,73140.8014068012,114405.679971028,470632.811665826
miura_00913,miura,913,1,24,9,0.000552115841422677,0.00184100799236382,0.00376612619203551,3757528129.90523,1732838425.45317,7811.27374637264,2814.75822132745,2816.45030503434,8322.26853431311,13851.5545763726,84679.4756226328
miura_00914,miura,914,1,24,9,0.000856299674000902,0.00544638146797545,0.00390104087999333,1797987368.86531,3718671215.32973,331027.453552349,98412.5191411973,40065.0621138234,19325.8075459151,39776.1410013958,502086.301516824
miura_00915,miura,915,1,30,12,0.000935458017659086,0.00117664291991563,0.00240750905787476,1977708610.27105,2067106532.73588,3003.66433618725,1114.14293307286,1260.60149946381,37496.0027078127,58322.3374611845,218280.821748715
miura_00916,miura,916,1,24,9,0.000543549252477064,0.0027000746163883,0.00383945916087544,2261139800.16408,1267062559.89306,16563.9859862071,5528.80514219063,4016.41726954203,5090.03471744781,8816.26054153048,69623.8396289012
miura_00917,miura,917,1,36,12,0.000963095102169035,0.00470244267026883,0.00338223702982439,4162602264.18443,3240890622.23514,181851.31131653,49931.2328656963,17517.9156837364,82660.9188077641,133447.549799106,683114.595647014
miura_00918,miura,918,1,30,9,0.000989751392495054,0.0051763230512656,0.00212224101035177,4309921799.91064,1990176421.39999,258322.579585104,74371.2634904561,22121.5108329776,114707.341527864,178926.790674804,690208.023247302
miura_00919,miura,919,1,30,12,0.000567954985731762,0.00430878986359203,0.00108179605438192,4081195830.85755,1287178833.64632,131620.688449496,32832.2663110945,9163.28137140593,43210.121052172,70802.0481457256,364453.751682778
miura_00920,miura,920,1,24,6,0.00087379504026123,0.0033377040308022,0.00257997415843864,1155513297.78738,3528411302.4689,198713.812234333,68472.4515024303,30944.2347237538,16572.6662855888,31160.7980466809,262754.510606237
miura_00921,miura,921,1,24,9,0.000659800758456636,0.00447341474834832,0.00152623951354144,3873980371.74638,3543323414.29289,395255.318975947,112895.523464951,37475.6480137274,40633.3453159655,75294.3940789598,621112.377716534
miura_00922,miura,922,1,30,9,0.00060201474942167,0.00143069687778367,0.00281799789408557,4181704072.47869,4659608440.17238,15592.5120983938,5432.70497802391,4887.27139273934,19765.3289760592,31993.4376833418,171183.880830996
miura_00923,miura,923,1,36,9,0.000722933961800757,0.0059690877108459,0.00317005233319669,4920216274.70785,3174258475.3415,432675.803355822,127873.467642079,35911.3965104726,47145.1554635333,85030.3919774668,584874.990311651
miura_00924,miura,924,1,36,12,0.000845206346545073,0.00536737285006051,0.0038343200881453,3844452025.75781,1621514421.59364,116248.245944895,31422.6702068549,10482.5918262706,45767.7547748603,74283.3369058419,387833.899814821
miura_00925,miura,925,1,24,12,0.000661896722491811,0.00251229938418284,0.00231236013582016,1012663869.42555,3886471884.36801,42640.9304793944,13837.1518756474,9340.05769551636,7744.05230883407,14135.1811025937,165737.214329502
miura_00926,miura,926,1,24,9,0.000546676153704235,0.0057038527036474,0.00126895725147501,2342660177.14767,3409095039.30766,751961.133445874,205044.617836772,54912.3809527579,23246.3902730783,59284.8315501095,791356.46314585
miura_00927,miura,927,1,30,12,0.000672706489657367,0.00408680093733842,0.00230934228651277,1406897261.48148,1979937051.40512,96182.886120938,26821.3144981917,10179.3251356969,13435.9808045488,24340.3836801182,219914.286683381
miura_00928,miura,928,1,24,12,0.000765586868104061,0.00187465621029192,0.00385998669304815,2032195576.86833,1013056172.25351,3056.05297818125,1136.83895615847,1251.64340700232,11392.9437557608,18772.4999147492,104277.914447484
miura_00929,miura,929,1,30,9,0.000610638186378893,0.00574141027143612,0.00331616124092063,2019819019.34345,1033834637.20826,126650.48326495,36843.5875533075,11808.229856082,10081.2020225191,19358.3658668382,172293.062547769
miura_00930,miura,930,1,36,6,0.000713079387421728,0.00202172308136686,0.00384318764551075,3585407158.79154,2889300119.39796,39259.0376355544,13809.0086074126,7541.25544401928,23276.471442184,35967.8198195986,139338.688889377
miura_00931,miura,931,1,36,6,0.00069216360337777,0.00190730589812821,0.00134106476871887,4259070002.60625,3460961955.06894,81773.1750885863,30857.361011626,12570.3624614107,68234.0111418071,100918.866930448,283584.762859503
miura_00932,miura,932,1,24,12,0.000642738089824562,0.0010264021623608,0.00311620006536994,1968201268.58903,4824996477.10921,3190.40213734981,1344.46717748731,2234.33159868914,8670.25884385345,14677.1775381626,105021.369212067
miura_00933,miura,933,1,36,12,0.000994405675873204,0.00170170654949147,0.00286381620443455,4567153295.34764,1610756203.16688,6492.22498623284,2148.83297965238,1605.79979217998,99868.5619223289,143998.607060618,354141.027045239
miura_00934,miura,934,1,36,12,0.000530794594179396,0.00124069817169856,0.00324919264488846,3956757673.31944,1429934033.65186,1983.78702607857,714.323032811564,748.879619926264,12924.3794703274,20210.5673600741,87693.7106031986
miura_00935,miura,935,1,30,9,0.000789580571714332,0.00586712126057053,0.00290689290611963,2242429361.37858,2395241659.76018,336561.294578159,97105.3408290217,29419.4699993878,27187.9107331325,52060.2172207604,444972.587164714
miura_00936,miura,936,1,24,6,0.000601038334716486,0.00350760315300263,0.0033929390578683,3343860047.34191,2321747939.35706,121393.713030846,41601.4904093794,19996.8040622529,11678.5974160578,21471.0575321407,174117.003662902
miura_00937,miura,937,1,24,12,0.000951589793721058,0.00137567926483224,0.00350953004605181,3891050167.97891,3211969365.05205,4569.64611055981,1820.19418535383,2517.91550371298,43688.3571535528,70910.3785320849,339316.306713502
miura_00938,miura,938,1,36,9,0.000933767132725234,0.00441860810922457,0.0010952197286248,2218136587.80747,1980800441.14976,251321.964018121,73791.1960797532,18567.951937198,114070.893545335,172619.220172321,570048.515227946
miura_00939,miura,939,1,30,9,0.000670241882411558,0.00351469451547867,0.00283591941589746,1860136720.40768,1507562053.01952,60795.2744207515,18485.8294907886,7968.19569711087,12920.7175276049,22048.1485425839,146033.014097016
miura_00940,miura,940,1,24,9,0.000837160039961718,0.00354512865298487,0.00219302577056618,3076427502.8676,2880394816.14651,132605.751928235,40264.1211414444,18323.3607983592,41365.6616959275,69648.4564773072,423058.930949726
miura_00941,miura,941,1,36,9,0.000776763689977827,0.00171817064546434,0.00331173326201503,1597599979.77591,1644052670.9191,9141.02545328285,3017.78684391208,2105.67452276157,15918.461994525,24706.0511666508,102248.041305078
miura_00942,miura,942,1,30,6,0.000881288360824895,0.00222247634394697,0.00282907110270119,3647897240.94129,1707375281.04274,35270.3458012047,12262.5559992684,6494.35494777396,46178.5157265531,69283.7304206956,200398.869647332
miura_00943,miura,943,1,36,12,0.000781215163011011,0.00480739469956703,0.00270104114765129,1580564330.29547,4755137409.42194,338026.957589121,89981.0554608964,28624.6886490179,26175.5704775804,50795.7766093076,532520.544790177
miura_00944,miura,944,1,36,6,0.000758160280542216,0.00429805253369012,0.00318375045942818,2422014887.42317,2189275277.61623,164396.58676738,67686.9340312983,22645.2051131504,24502.4537336673,41505.8358901077,218318.395370289
miura_00945,miura,945,1,30,12,0.000544052742058955,0.00296164247197851,0.00144470544801816,3639539791.6297,4781555852.20817,144676.269113824,41167.6529619745,16754.2866810361,28266.2030381198,49727.9842988464,402171.668918859
miura_00946,miura,946,1,24,12,0.000681901139872251,0.00176684570842108,0.0034546089634652,2892388801.09318,4043555387.69948,11182.0434487369,4164.09588110682,4602.98880928976,13897.2376287055,23662.4666223644,174320.306014152
miura_00947,miura,947,1,30,6,0.000634157734618193,0.00208011363398932,0.00393223730970353,3016776555.17661,4952779413.80721,66072.8661965491,22793.0903788822,14222.789073268,12619.6398415669,21450.9010963077,142141.663529843
miura_00948,miura,948,1,30,6,0.000732630316614494,0.00157724511413496,0.00164066860021021,2132309201.3859,1798922872.05705,23670.6978687641,8198.57205774502,4564.50659928566,27256.9667399476,41358.2216613706,129934.837668687
miura_00949,miura,949,1,30,6,0.000536744388474781,0.00256195634563277,0.00313712769153324,2392010592.06441,3601390702.81537,97105.7698483999,33941.4237364667,16794.398617766,8309.9935304807,15487.727377612,132948.065479413
miura_00950,miura,950,1,36,12,0.000610656921656539,0.00491964089802032,0.00301399637129479,3167493251.65778,4493667143.9004,310951.397730117,83389.2482195945,27119.7498008534,22856.2992389037,44792.4005690447,490079.010360646
miura_00951,miura,951,1,24,9,0.000941536240076708,0.0033575765243489,0.00279563310371564,2736795799.92787,3322996751.90372,106971.460660357,33397.7239034793,17571.1712207507,40975.2216374941,68771.9624864387,420181.707925521
miura_00952,miura,952,1,36,9,0.000739130842116972,0.00197289382245566,0.00199762488688597,4739445780.97089,3300260862.00429,42296.1262685746,13293.5509558304,6777.70526591445,65642.0276316558,99574.9299803369,346054.042832045
miura_00953,miura,953,1,30,12,0.000849679599564836,0.00537376230803295,0.0028945911427496,2542603658.0421,1631820573.91549,136606.545981718,36636.6083387572,12314.5253011931,35324.7317868953,59959.6107205338,383826.101827376
miura_00954,miura,954,1,24,6,0.000946334681871946,0.00584727802464401,0.00192502933921544,2278061242.19441,3112992958.00947,651038.738106348,247230.932356009,74121.7026474518,52192.4704715514,100389.707952686,705552.885102504
miura_00955,miura,955,1,36,6,0.000602848479372158,0.00556636308340292,0.00383395450844095,3719129460.90055,1739171692.17227,188474.189611283,80684.6665956193,25215.2085802772,16679.4754611445,31392.530590476,210569.003658211
miura_00956,miura,956,1,30,6,0.000823514645584465,0.00205813745021114,0.00151573642339573,3087680840.73607,2887066515.71609,76640.4824447619,27241.406289177,12299.2570666133,61230.0404583295,92627.8207400369,287313.338263614
miura_00957,miura,957,1,36,6,0.000591406201972466,0.00421005424105465,0.00200730048523045,4263543930.64135,4675942902.91796,392975.7770259,169956.539421128,52260.5866808145,34443.4576485934,65128.8208537415,436774.574431535
miura_00958,miura,958,1,30,6,0.000821401337659289,0.00225927836854994,0.00321391939997589,1953428933.53189,4583337378.14472,88908.9909667236,30803.6283757785,16824.7272884615,20815.2470513902,34456.0805271565,193568.325295922
miura_00959,miura,959,1,30,12,0.000793536444306878,0.00295036056652914,0.00260698242934102,1602135707.21008,1958186898.66726,34559.6255071828,10495.8016916765,5486.81610297809,19763.8105954188,32904.2277143099,204671.459994858
miura_00960,miura,960,1,36,6,0.000657724058212867,0.00491028871306958,0.00149792729172,1995819849.93862,1758269510.4893,196695.276299021,90582.2201543804,25481.4231312619,27735.4572946243,47860.6714023728,243502.40934937
miura_00961,miura,961,1,24,12,0.000986863079367271,0.00305590804601662,0.00387716659961973,4237485894.77706,2458049081.73766,29550.0867749907,9733.61330574256,6952.33989441365,51032.069491249,84020.0308625762,462725.662991686
miura_00962,miura,962,1,36,6,0.000846803542339448,0.00590737133070742,0.00290313149792084,2004011496.58668,2116722617.76378,269200.980294495,120467.799682839,35239.0957155531,31438.2037914333,56078.7983558033,318681.250067649
miura_00963,miura,963,1,36,6,0.000631412050843911,0.00196520145912136,0.00169547904901745,1532478230.46479,2905516388.17404,63937.827452366,23692.5020555932,10115.8570265447,16362.7705529002,26242.5989599503,121327.681923833
miura_00964,miura,964,1,24,9,0.000650196913550894,0.00156939365466059,0.00396556486248326,3989462572.12793,4366892928.08709,11907.8903129637,4475.66294725284,5239.85354638075,13850.3566151605,23154.1817865284,148194.764973676
miura_00965,miura,965,1,30,9,0.000729834874293817,0.00487326939059902,0.00138226186937016,4506802073.116,2825869009.59447,412633.934689122,117192.730363862,31852.0375971252,78759.7399461383,131796.660648918,692249.668450984
miura_00966,miura,966,1,24,9,0.000630765757943818,0.00499265103201812,0.0031867211870636,4133507329.41849,2535217649.74725,211869.137652569,62848.5533447989,25296.9517640145,19281.1537255524,36590.9731812794,361530.018210076
miura_00967,miura,967,1,30,9,0.00068209580388534,0.00409962951552348,0.00363962711947628,3433140384.84391,2078798408.28951,102522.957154651,31067.3293220963,13096.0510178427,19746.0900528313,33950.2735583491,231608.843722624
miura_00968,miura,968,1,24,6,0.000561450001841137,0.00134559412015188,0.00157571929760249,1283728960.94722,2210740569.56985,17512.3794079641,6073.78639392416,4536.06012780808,6953.83394922669,11474.0063374495,64068.1977309723
miura_00969,miura,969,1,36,12,0.000941941335097492,0.00592686026343326,0.00352032722815013,3865956487.92995,3378827887.70279,333509.68742369,87178.6397649975,26349.5742975992,72349.6337136781,122348.528891605,758440.687028517
miura_00970,miura,970,1,30,6,0.000845357906903456,0.00596862726044502,0.00344238811491662,3000984517.09601,1177313942.97841,174696.976174293,70017.8057338912,21995.176199099,31306.9517293264,51893.6984811948,244022.02407401
miura_00971,miura,971,1,30,6,0.000527649533879369,0.0059677418211289,0.00207332998796918,3765898660.18967,2448257696.4972,421448.285943984,177361.65339751,50522.637391719,19539.9042271386,45429.7497117323,411317.061568829
miura_00972,miura,972,1,30,9,0.000527798510457111,0.00504715773469665,0.00287439976133786,4864337421.90473,2755142579.44095,274041.116348929,80168.017468144,26699.7713941435,18838.5115550488,37228.9093148892,366184.567799344
miura_00973,miura,973,1,36,12,0.000926429114576955,0.00231885674061858,0.00342360104573017,4170401445.59906,2699971233.9071,21270.5301769477,6737.7752827468,4198.20290628028,68266.719239934,105050.080689711,409049.65082494
miura_00974,miura,974,1,30,6,0.000626934901736357,0.00598689023856099,0.00184786178723983,3474012269.36666,1027513506.6424,182585.816221691,77869.4893818286,21800.0132830381,27722.3917658617,47188.5985831551,230300.231618366
miura_00975,miura,975,1,36,6,0.000736497003806118,0.00508445403407416,0.00190800538121529,1784256678.09677,4429656991.18689,496998.543044967,224811.887297767,64564.8466763563,30854.0633632294,65494.5805050628,514068.220035034
miura_00976,miura,976,1,30,6,0.000835728818608026,0.00166350487460854,0.00146972621623694,1661358682.63045,4340644689.72131,70603.5716146028,24597.4024681738,12676.3591708961,37416.7158584006,58459.2699229479,230654.299590394
miura_00977,miura,977,1,36,6,0.000963490966929233,0.00565133123710067,0.00221480648630787,1250232049.11252,2005206384.66469,253122.053724766,115390.111419556,32924.4595361792,36848.5872444005,63129.6569378319,317173.694567222
miura_00978,miura,978,1,36,9,0.000663414560153865,0.00418063873390354,0.00360916677308195,2572571167.11522,1962553187.59294,109214.742698573,33011.7869614514,12056.7684044209,16624.6292577492,28812.0699852263,195362.47320398
miura_00979,miura,979,1,30,12,0.000768083952020105,0.00504175149865756,0.00301860187293341,3305204792.27613,4960453517.50525,338216.149861044,92617.6017522628,33132.2117670651,37099.7170822494,68979.2483396673,675840.24798649
miura_00980,miura,980,1,30,12,0.000854645764968524,0.00339194521708323,0.00361019340640653,1023537281.55612,2311816011.95437,44853.9920181328,13689.3422896182,7298.13367514909,12292.0111512269,21374.1826057886,175352.64962236
miura_00981,miura,981,1,24,12,0.000600266953680933,0.00263071122039718,0.0010293806156572,3042580731.99954,1170223735.57417,31053.4308918696,9064.54303613275,4108.27117769801,30804.1804967101,50177.9477327772,252307.448102408
miura_00982,miura,982,1,36,6,0.000912390711618963,0.00301285196223892,0.0011671854296691,1218228502.27262,4368994626.96475,253424.823322256,108143.910068694,34129.9862171312,56015.7268067058,90015.2140075071,380531.61402152
miura_00983,miura,983,1,36,12,0.000541295811992994,0.00293475269934255,0.00265146990613063,2774838829.80494,4844119915.84199,92624.1899643016,27345.7112436884,12567.208502068,14541.8049994761,26024.3579740636,242651.90540887
miura_00984,miura,984,1,24,9,0.000604640941396249,0.00264706810439756,0.00324972824788702,4175969739.40275,1050235293.17764,15264.8531669213,5030.38706989942,3451.92706711818,13644.624516059,22347.5335922116,119088.814285114
miura_00985,miura,985,1,36,12,0.000995755087370389,0.00111904085189562,0.00119413149893982,1263036795.70544,3406809575.55808,9061.26633660734,2988.44998590524,2210.90632266023,70604.2221080404,106123.067743605,341461.050278751
miura_00986,miura,986,1,24,9,0.000563487551062555,0.00528899140120731,0.00110985629452793,4070425501.3125,2628246711.40478,532705.470061421,145440.260432216,39150.6850047649,37804.2446016068,75061.7582836269,660673.754309162
miura_00987,miura,987,1,30,6,0.000736702048716966,0.00316598156514097,0.00201477615005266,1132230215.39446,3920337916.31634,224378.612270127,83361.2334064769,31399.9120193195,15685.342739128,30585.9288048256,252177.789865302
miura_00988,miura,988,1,24,9,0.000518032244579626,0.00223900129721997,0.00150931379253535,1223670881.41867,1419481896.63289,25569.9104255797,8116.88730949167,4639.30506089295,6052.68553788215,10543.6959438191,81386.6485224499
miura_00989,miura,989,1,36,9,0.00078661454131141,0.00297366119417558,0.00220770734415687,2481119274.35936,4645486693.36349,159817.092694586,48642.7899294065,18983.3511422426,41531.4654044087,68431.096988067,381528.152665155
miura_00990,miura,990,1,24,6,0.000888130441457122,0.00479187302890932,0.00263966405231871,3204588462.43908,2285556520.47428,284720.690910007,102102.114814245,36866.8373234173,41563.0817175315,71509.8014342545,403350.16957433
miura_00991,miura,991,1,24,9,0.000927896772509396,0.00169177739895837,0.00365799454187094,4589274868.88282,3507809141.73408,13098.5456364421,4796.02459250233,5088.72258600193,45333.0724050859,72754.4574061239,328222.961517212
miura_00992,miura,992,1,24,6,0.000565430914469636,0.00592333941942711,0.00114507102292208,3614540623.38908,3958986573.00219,989356.857907997,392203.170488535,105759.6914455,35523.9615567547,91572.4244920914,921561.945431249
miura_00993,miura,993,1,24,6,0.000923869692245237,0.00416974755210384,0.00276359936636452,3804238439.64755,3660907066.35506,329593.463596771,115700.931090131,46168.2579187433,53098.2101695265,90561.610376514,513932.329201778
miura_00994,miura,994,1,36,6,0.000571075870090844,0.00275305341672635,0.00168335750121193,2417549575.1986,1454895922.25053,63350.8539777381,25308.4571827303,8994.07150139616,18642.5041178103,29232.2721116681,114917.426162536
miura_00995,miura,995,1,30,6,0.000924448315222592,0.00533049125806813,0.00281200095742776,2940744863.60406,3498553980.74692,459702.890158893,183672.062695473,57933.4673834465,51855.9319930228,92451.5948657579,550510.708777879
miura_00996,miura,996,1,30,12,0.000843251276008575,0.00381816945154023,0.00224130981742547,4750485223.07095,2603571322.82542,108182.415805871,30545.5073807381,12115.2732325287,77834.2177076925,125167.995545692,613396.179886669
miura_00997,miura,997,1,36,12,0.000922001776038774,0.00259804818941571,0.00126823732709072,4159826957.15251,4101345211.9296,107642.383289336,30222.9941550947,11473.1669737988,179336.092472665,270436.494021926,916582.642428909
miura_00998,miura,998,1,24,12,0.000876874255106319,0.00422428897543578,0.00142504068703121,1051956539.53424,1816196007.0893,132423.140361047,35725.9726466747,12518.5009601831,27023.6425751317,47610.7036807784,361520.789315839
miura_00999,miura,999,1,30,6,0.000924107973808165,0.0037144148008118,0.00108536301227242,2582978078.53549,4795880483.72604,473527.837182135,193956.612202971,58488.9102317004,108495.086051341,174386.004941865,713802.028012878
miura_01000,miura,1000,1,30,12,0.000708818206183281,0.0010793073521609,0.00313958514035341,2934357718.88486,4886001741.3668,4158.02053065905,1627.31446704085,2221.23902771271,20389.3678568706,33159.0538929237,182785.928761271
miura_01001,miura,1001,1,24,9,0.000786870766532485,0.0041794007355565,0.003243788960362,3283443594.75114,3369169648.6244,172854.200024439,52757.5764869234,24650.544702578,27148.2525738344,48435.8159161875,399594.92720241
miura_01002,miura,1002,1,30,9,0.000741178840659555,0.00412569335309916,0.00262836383711906,3173541413.62676,4920326372.20338,318226.089138902,94622.9037814075,35178.9086140954,34559.0769440127,63147.5190519738,523946.590805097
miura_01003,miura,1003,1,36,6,0.000551134964476218,0.00272226985544876,0.00276147636191006,1629396193.58127,4724235534.92404,157991.568796645,59438.5719987268,24138.9824273167,8864.11178695373,18169.2038483714,172233.51169237
miura_01004,miura,1004,1,24,6,0.000634688437753719,0.00383511003825399,0.00227571455891572,2221065955.66143,2690543910.07711,226314.832338009,79518.5857350357,31412.1700539064,14331.8599660231,28554.4967286259,258443.033760318
miura_01005,miura,1005,1,36,9,0.000567865906398615,0.00301020685686625,0.00388255842160831,2054911505.8065,4876913880.66914,109540.555383819,34147.53558418,16313.0755233942,9047.55192316029,17278.6678671409,188799.534130897
miura_01006,miura,1006,1,30,9,0.000723363597914482,0.00291868802413548,0.00142912641537713,2565355765.95984,3317652122.37089,142921.476694663,42688.9357188641,16344.1221811347,42231.9503162453,69469.7942232934,373903.38872225
miura_01007,miura,1007,1,24,9,0.000723897165790888,0.00267733595279816,0.00168931340892738,2243551015.19366,4601303298.31357,123146.140825047,38302.1455438298,19744.1503968019,26874.7056429497,46813.368929363,352841.355704367
miura_01008,miura,1008,1,36,6,0.000916225072341783,0.00104126050684239,0.00312514256530222,2204732477.11654,1353324609.05911,3923.66820632646,1381.6792742763,1128.77096109312,28682.7807510694,41307.3553378636,88913.867851075
miura_01009,miura,1009,1,24,6,0.000825967062549934,0.00495134680874627,0.00380306038267346,1163369680.88749,4047154466.69797,438622.84453007,154032.690050809,60866.4648404053,13107.6659865414,32760.9076437937,436096.875392577
miura_01010,miura,1010,1,36,9,0.000503454586055905,0.00380876419069506,0.00359412944956498,4489712843.20165,2561133394.11863,113244.477327678,34455.492696564,13419.7274500552,13348.3163938674,23991.4788508331,191253.971988317
miura_01011,miura,1011,1,36,12,0.000714725495754538,0.00416664748850406,0.00228287698667302,4312854619.85097,3444873477.92337,193493.254763397,52227.3044430832,17339.0126183687,53718.7163766952,89525.140673942,532614.065897149
miura_01012,miura,1012,1,30,12,0.0009589327737045,0.00168411539483472,0.00118312565103454,3990415431.5693,1024931141.60427,8322.08269608979,2611.19615969318,1555.64541826024,148304.989342547,199682.645683523,373958.035173582
miura_01013,miura,1013,1,36,9,0.000574840457102484,0.00306899298552501,0.0024977756804085,2531475365.7283,2754774348.74206,93226.350624677,28440.2765053523,11347.6653022344,15413.9670504857,26597.0867332208,182910.027663519
miura_01014,miura,1014,1,36,12,0.000752106933337309,0.00194848181273891,0.00196549593649081,4134297635.65872,4674288335.48563,37226.1691364462,11558.3737784766,6599.3116836388,64833.6601076836,101724.214236072,455650.530335346
miura_01015,miura,1015,1,30,6,0.000576196643362647,0.00198715876154106,0.00309189424601415,4500191932.56158,2671814331.66824,38493.8740494746,13291.7554355449,7865.64467666317,16392.9083635543,26178.0237012461,121904.374317424
miura_01016,miura,1016,1,24,12,0.000641771632101602,0.0037798007942126,0.00364246884105777,3206149547.8351,2926437161.58936,67734.8867661493,21062.7973293504,12072.9452997231,13625.8012266418,24567.6085874581,250016.785468676
miura_01017,miura,1017,1,36,9,0.00057926330468186,0.00218633495600271,0.00381138438493127,1355950598.40598,3209515802.93872,30508.4645081113,9852.38216364353,6007.90204557294,5800.907494801,10122.8292446947,84225.4689039889
miura_01018,miura,1018,1,36,12,0.000729433440279178,0.00226206883735085,0.00323915916593069,2706443544.70335,3469903503.19104,26495.8689438509,8389.47653112919,5220.31925960966,24658.9326584191,40098.0084279965,227456.753895381
miura_01019,miura,1019,1,24,12,0.000630291002388694,0.00113169499875212,0.00265268828666794,1427369212.6939,3473647230.22341,3476.92398380662,1403.02667065471,2018.94506877739,7011.05318791751,11895.6987912987,86328.087988401
miura_01020,miura,1020,1,30,6,0.00070983983378212,0.00444604766003349,0.00201123074115187,1396493893.11587,1574072034.73245,170808.958153656,68032.1795660066,21583.1249628291,16026.8382889009,29637.7755098294,194659.689369329
miura_01021,miura,1021,1,30,6,0.000537187151559915,0.00224041777303934,0.00267149680201231,1350146430.29074,1010054179.53458,22049.2124829205,7678.46588017126,3952.87929653476,4849.26038852312,8043.2534643884,44870.4291880946
miura_01022,miura,1022,1,24,12,0.000980998503828573,0.00142887780695588,0.00165187222725689,2619096088.10127,1154102277.70695,3828.7579586402,1371.68966626616,1312.09732150061,61996.0292735436,94609.7203025851,285095.404011262
miura_01023,miura,1023,1,30,6,0.000867187295573209,0.00569889449490884,0.00298708280122202,1134137977.16122,4183288316.98654,602515.388754848,242226.525299796,75164.0231825326,20479.0555566211,52358.9402186594,566627.824734669
miura_01024,miura,1024,1,36,6,0.000947714792084526,0.00575545970579433,0.00219471157868203,2716570051.3496,4200218940.24839,544531.405271057,249293.462255358,70702.4414191774,77064.0209152717,132785.777677379,675852.503834819
miura_01025,miura,1025,1,24,6,0.000675792655510104,0.00280900193076905,0.0015968521347729,4255157929.87757,4256798255.25282,221308.034635411,76721.2469084935,33163.3085012697,40091.6095484042,67762.4820540605,380739.055500715
miura_01026,miura,1026,1,36,6,0.000738836162348437,0.00284440877501689,0.00290872284766225,3885045071.70412,2249388896.49634,80258.8395917412,30352.8119957455,12251.7027970565,36630.1933916199,56098.4687811841,197830.878498742
miura_01027,miura,1027,1,24,9,0.000665799390387403,0.00314598758456774,0.00155115733519289,4260220257.9219,3981846238.88471,177834.983039043,53559.483057559,23347.7921446068,41808.2495284003,71681.3115752756,475485.973426867
miura_01028,miura,1028,1,30,6,0.000870294475243079,0.00438898009790583,0.0033579305862423,4896268829.02511,3807425959.94454,324824.823286232,122439.026973752,44391.0260340147,58029.3172828763,96519.1752980162,487059.064084521
miura_01029,miura,1029,1,30,6,0.000696911855788811,0.00502370861751481,0.0013999623397591,4828225018.31634,1186385691.87961,174003.733819048,73813.0871440382,21001.7869018502,64394.6666745958,98244.0686126333,312092.174677316
miura_01030,miura,1030,1,30,6,0.000661488227509937,0.00465034898929547,0.00246379134422626,2235964595.57831,4049699420.40743,440584.779924151,173263.563496335,56364.7429132047,19888.3616404044,44892.7737010835,433470.333411765
miura_01031,miura,1031,1,24,12,0.000781804982931831,0.00430488968077029,0.00357886604977021,3112495856.0669,1490644304.70616,50848.6717665556,15307.5657159943,7759.76152991974,21806.7051911078,37369.9684780599,263783.40235504
miura_01032,miura,1032,1,24,6,0.00050474204093384,0.00230034315357535,0.0028340722221372,3802508386.78984,4327550895.06045,88328.9170972897,30168.7925464649,18577.571225861,9624.8510301038,17520.9674800791,154276.909602811
miura_01033,miura,1033,1,36,9,0.000869975107335815,0.00385583261398418,0.0020928848334501,1250758952.1074,2591944602.8878,173533.582240286,51845.2523698842,16676.8137725352,30361.9138257441,51370.7908722185,303098.080161249
miura_01034,miura,1034,1,24,6,0.00057575337650118,0.00439589392617199,0.00251164547949063,1140843467.33564,1473852380.37729,157328.977339012,55878.036119217,20902.0247298752,5839.86895760136,13617.062043326,157766.241160369
miura_01035,miura,1035,1,36,9,0.000785132281439957,0.001873942867469,0.00136907042898791,2103996017.31411,3637529067.1782,55626.1965804838,17249.3632041616,7920.70427227192,52116.1499864019,80199.6540958585,308890.654955764
miura_01036,miura,1036,1,30,9,0.000834698904307553,0.00189763543252327,0.00143536028869156,3327047555.60835,3852159100.51928,53144.1964389502,16720.5470106797,8940.49010585386,76859.0096874994,118839.398630704,447881.004111427
miura_01037,miura,1037,1,24,9,0.000542032818267727,0.00359912282496678,0.00323595283005951,1166909032.45892,2412437488.36355,82124.6183245713,25683.221415431,13587.063008777,4272.83494747819,9081.54419568516,145586.819050996
miura_01038,miura,1038,1,30,6,0.000685397112889495,0.00532591429806206,0.00399287647984327,1372442361.21804,3713538120.92344,424099.823694954,163090.750775964,55834.4385670213,10904.013985984,30483.2201366366,391802.915804483
miura_01039,miura,1039,1,24,12,0.000529666291019371,0.00544176363590638,0.00316675672847941,3927238058.0659,3509880455.88263,256338.311406439,71818.1549245776,28235.2575589761,13767.6826581758,29352.9804292966,467430.359173348
miura_01040,miura,1040,1,30,12,0.000749021877099048,0.0014234859498247,0.00392884711257782,4241959313.64482,4404879762.15182,6679.16552575629,2508.10269706346,2976.49258246277,27701.2461147515,44902.3576870201,241656.256562082
miura_01041,miura,1041,1,24,12,0.00072315029654398,0.00285079383738542,0.00231800650772236,3245567195.07495,3682775775.90611,58058.577457137,18293.3108522419,11031.7679397129,28050.8221061731,48222.0157304712,357394.93515904
miura_01042,miura,1042,1,36,12,0.000892532234698564,0.00133089125366567,0.00114810446902143,4950852948.48249,1475654428.25151,7149.09161405884,2260.09900533681,1391.60323446164,179076.182498804,231074.976590332,383697.659346384
miura_01043,miura,1043,1,24,12,0.000633448518731378,0.00347614441271225,0.00241565492342579,2545441005.20353,4921675092.92303,131032.418537334,39601.2608856848,20363.1886409529,16668.3404069743,31188.2869917268,372289.766274363
miura_01044,miura,1044,1,30,6,0.00085137241992094,0.0015921718683302,0.00287922814779652,4423177045.91509,2369156516.34982,20456.5121906242,7079.12099047646,4810.46499094719,47968.0320612068,72079.571239394,203068.619839647
miura_01045,miura,1045,1,30,9,0.000508385106060377,0.0055247821004116,0.00151724677649583,3727877919.32483,3924606176.83899,704894.975783669,198826.406812179,51744.7781349082,27437.8272007825,64926.3429038973,740764.647896436
miura_01046,miura,1046,1,30,9,0.000619076996462951,0.00304905940220008,0.00141649758315218,1733281390.56609,1859163005.66801,89941.2339009485,26725.4383923044,9883.1063834465,18641.7758129961,31551.8439183079,192771.942782742
miura_01047,miura,1047,1,30,6,0.000802253682355235,0.00100632410988658,0.00286441513855425,1301155317.59469,1342699645.66541,3325.31363810044,1197.55281766416,1159.57560803027,11817.1811714585,18133.7092182886,57147.0846781923
miura_01048,miura,1048,1,24,9,0.000505925266638746,0.00238149900288245,0.00305432389045125,2318384326.19081,4523819741.58852,50908.5433457479,17038.044810699,12512.1277406609,6126.44618214513,11417.2399730724,141517.202437051
miura_01049,miura,1049,1,36,6,0.00052060352500759,0.00327980037257539,0.00295728390712952,2778438226.9651,2826768574.21079,133156.52360604,51806.9735242762,19370.1996213176,10815.1258369701,20397.0716428649,153319.22099534
miura_01050,miura,1050,1,30,9,0.000716260636115791,0.00539193494019199,0.0031214026699988,3992660600.0045,2772701465.07063,305255.333493776,89087.4633226348,29173.8404467388,32442.9329360589,59241.3061680272,460569.224864754
miura_01051,miura,1051,1,24,9,0.000706174342672349,0.00403822801007236,0.00139255581139019,1030892566.88711,4918908277.81314,455051.064080679,131032.926233124,45305.0632105351,18940.9978290148,42526.621990951,577635.863002697
miura_01052,miura,1052,1,36,12,0.000928843800382916,0.00356468562533624,0.00167295363722263,1925011384.70319,4008573256.28045,192506.427601617,51970.2098214387,17267.7953375947,70111.3626850543,114396.353209917,613309.597582148
miura_01053,miura,1053,1,30,12,0.000954275601805571,0.00540823409907273,0.00213020832249737,4085393322.9786,2496313506.22579,271190.611385401,69767.3985625608,20958.0087585067,103768.161788658,169221.790235203,864036.686252308
miura_01054,miura,1054,1,36,9,0.000963016370266,0.00176879600699317,0.00298099141820966,1274554842.4629,4045229576.5277,26735.3123396741,8726.31818605311,5701.32418077989,27619.7541728178,43600.7347089759,203689.423690474
miura_01055,miura,1055,1,30,9,0.000659927283213638,0.00162780595609622,0.00124635408872437,3677498477.85848,1240724686.80717,12885.8649288576,4099.24626106572,2338.5865730818,45501.1175872334,67678.005287982,192102.12769058
miura_01056,miura,1056,1,24,6,0.000824790100940255,0.00511793848385646,0.00247766456194451,3851492453.44151,4791712319.37271,703904.194223835,256040.402361826,87367.3851695201,47861.4200366818,94621.0657830942,766688.844864985
miura_01057,miura,1057,1,24,6,0.000729070127415812,0.00377362475095504,0.00177335812011178,3569626288.50659,4115145899.82377,386399.505167366,137741.901355137,50904.0753552934,40147.7135245791,72663.6357782868,491302.741922331
miura_01058,miura,1058,1,30,9,0.000741545222189531,0.00386546348398619,0.00208447763361761,2736208965.2063,1653748875.53724,108530.963494288,32101.7661583685,11500.2665971689,32919.999923444,53753.9017377575,274656.559323575
miura_01059,miura,1059,1,24,9,0.000652687497063071,0.00387116613017576,0.00138370900763694,2303836456.81316,1185273672.31581,99522.739042637,28820.4221787465,10244.7955319029,23232.844508202,39310.5876203604,231424.962738043
miura_01060,miura,1060,1,30,6,0.000708340874496721,0.0019206047553766,0.00124912691955165,2625424123.04323,4575529079.42389,117211.060898214,41790.8144243858,18499.9044582978,43003.2429298633,67876.5384085428,280387.592879255
miura_01061,miura,1061,1,30,12,0.000976178261205787,0.00451670750591227,0.00110693254686797,4814735335.36958,2960182560.90459,334569.564508697,82649.206045893,22610.7628118711,237972.627215668,367763.838787031,1370515.48611717
miura_01062,miura,1062,1,24,9,0.000979252896198024,0.00501912355300655,0.00238788548276104,2687466269.45651,1387822923.53837,148383.420178099,43051.6629906582,15449.6984383053,50995.9226233992,83735.928767392,423460.258447262
miura_01063,miura,1063,1,24,6,0.000674906585221873,0.00581891306031721,0.00352927341123881,1320262336.16363,2620652770.50176,416870.223571396,150397.309705924,52716.9124512318,9772.49579730987,27819.7485348133,385160.340249024
miura_01064,miura,1064,1,36,6,0.000605526887822131,0.00188056811492406,0.00157014971394885,3949643603.99574,4916221760.77951,102881.683081378,38091.3859263527,16333.4037553306,38816.6167559891,60454.8539486311,238621.826321827
miura_01065,miura,1065,1,24,9,0.000627545758248285,0.00431222934509817,0.00306228565012538,1766815898.15384,3605238431.88433,210793.599128118,63759.1900663935,28396.9669655759,10368.1435536899,22227.974939006,327158.429019064
miura_01066,miura,1066,1,30,6,0.000874933090503189,0.00322886778331452,0.00138707778656869,4896769649.48186,3691913079.6044,262259.090600717,101726.445399181,34529.451748153,129047.422657781,195438.48259697,607679.523874349
miura_01067,miura,1067,1,24,9,0.000609677018072989,0.00325725894745789,0.00360562783762084,3465313160.14473,2088391322.71469,49081.9816122733,15742.9913154522,9474.4261715634,11751.1148553381,20493.8542839682,161984.638888064
miura_01068,miura,1068,1,36,12,0.000913344782579596,0.00320626185360883,0.00357376223647493,2299482795.84701,3702111757.06386,69451.0639850868,20750.889991093,10032.296494415,37715.2990153862,61885.8586119989,361952.928317729
miura_01069,miura,1069,1,30,12,0.000594393048948591,0.00455983011990886,0.00390338714248127,3320414592.33852,3883606737.54588,161098.523105885,46513.5351064217,19948.1671455891,14440.4925124932,27787.7383890312,341798.625690347
miura_01070,miura,1070,1,24,9,0.000684296408908182,0.00217414638745024,0.00120937170413272,1219787378.85056,4984031161.89708,100662.43169664,31524.9424244309,16825.844139549,17845.2145308048,31680.1306307614,267117.950536657
miura_01071,miura,1071,1,24,6,0.000519536731101749,0.00376999167424678,0.00234657577471719,2346384875.67764,4146591203.89209,329355.460461182,115244.043328968,46457.5783666572,10415.4877832182,25409.9582924313,333009.511164522
miura_01072,miura,1072,1,36,6,0.000711596549311583,0.00230291851158691,0.00267873601087828,2807699331.16593,4491348171.84743,106387.766998387,38926.1136376909,17337.4632526999,27273.6065807805,43846.2293919115,207462.273088293
miura_01073,miura,1073,1,24,12,0.000924550281631551,0.00366577759946681,0.00309360325110934,2969349225.66884,1241546422.99019,30873.3677237383,9487.69082890539,5201.25236955235,36807.8424507504,60374.2256387612,320985.594646459
miura_01074,miura,1074,1,30,6,0.000697174244817336,0.00349688221676161,0.00201409036003435,2707911449.61979,3357285535.70643,234477.520169079,88853.8935441054,31705.9534409432,28728.0017523208,50324.4569931552,303063.623833855
miura_01075,miura,1075,1,30,6,0.00058462998460046,0.00589250610353894,0.00118365970636236,4921888064.43146,3062536710.30203,579195.284027658,255278.723909611,67539.0758305619,52679.9261326065,100665.823449129,633503.52053493
miura_01076,miura,1076,1,36,12,0.000719097926555645,0.00597552240976904,0.00273975671814495,1038668213.56368,1292140728.02245,156242.127144595,39502.2394033261,10950.820860869,12710.3524582883,24433.4767935599,227857.239238221
miura_01077,miura,1077,1,24,12,0.000553260305339342,0.0028971689427079,0.00353850836017872,3834756052.10101,3853142436.69267,42768.0525227908,14113.3391856789,10152.4609808142,10752.6737616194,19223.0495809363,200414.872088779
miura_01078,miura,1078,1,36,12,0.000849297534754887,0.003861481478849,0.00341913221087036,3166937700.84426,4703454457.43045,153637.916825049,44040.9060413862,18005.7767308572,45151.8288194957,76131.0588112862,503292.531073961
miura_01079,miura,1079,1,30,6,0.000663561693827943,0.0016180306841832,0.00170474063223595,4683612929.68408,4780447091.97654,64941.8301084335,22493.3990080256,12461.6523151472,44844.5209804022,69559.4533939254,261275.972609931
miura_01080,miura,1080,1,30,12,0.000554759225706318,0.00312090073509239,0.00340669115090974,4285881160.55881,2333035253.24724,37704.5381068113,11640.4811840342,6505.69450467779,14463.4530189996,24702.8332864802,182585.185367431
miura_01081,miura,1081,1,24,9,0.000784439107908031,0.00515077920311559,0.00364958154158195,2888059634.0961,2074620198.06531,168631.309884585,50296.1587881837,20829.9426561546,21347.5583642531,38781.1227972018,330008.223677873
miura_01082,miura,1082,1,30,9,0.000549202147497631,0.0026476490980792,0.00391969843221501,1093090675.92306,1309863680.71328,18361.1259381005,5927.98900226608,3658.58519279858,3274.3666753898,5796.45716795425,51336.1780366685
miura_01083,miura,1083,1,24,6,0.000500158482671274,0.00488284616874661,0.00310228220010879,3563465950.19656,1781485902.24194,211112.281056976,74981.4123241885,28058.5193316686,9121.4373906597,20232.4901098652,217157.685069397
miura_01084,miura,1084,1,24,9,0.00081811419655639,0.00355254793899163,0.00100370766296898,1911261707.80641,1021816144.41067,88455.7736828394,25347.0490138665,8540.9399093876,47937.8372352916,75877.289447269,306822.46130817
miura_01085,miura,1085,1,30,9,0.000727896382839634,0.00275883824994306,0.00368906425214324,3754365923.76277,2305746267.69628,38559.9617514342,12305.6668510862,7141.38452883145,24051.5899884817,38984.5837119666,204919.676917547
miura_01086,miura,1086,1,36,6,0.000843452825892468,0.0048321859414668,0.00218273535133791,3296538595.4461,1698612754.88333,172124.77970895,76211.0106408658,22824.0799179302,61292.5086071503,93556.1184917614,308915.849365139
miura_01087,miura,1087,1,36,12,0.000623095205820178,0.00167492959949135,0.00254888665149874,1340374581.23921,2544779026.11198,10252.5587800648,3365.38072034054,2448.32530812308,9824.53501585375,16126.3659859097,98192.1239258124
miura_01088,miura,1088,1,24,9,0.000753654280409536,0.00311283963333526,0.00312293114765816,3349889571.83529,3928393895.61571,92601.2463192253,29562.9383475033,17390.3078355436,24380.8509289463,42185.792506632,316497.807796415
miura_01089,miura,1089,1,36,6,0.000798197305970671,0.00593363455300814,0.00144431154127297,4586664589.34893,3577729374.67728,513650.628602794,244828.729841246,66064.9075540238,112833.893485381,181533.014171791,723845.449993238
miura_01090,miura,1090,1,30,9,0.000686514481882695,0.00390117279085158,0.00296892123209354,4976897112.97513,3034535309.55524,155007.61438752,46688.7335004948,18912.1424558767,34921.4824344408,59014.4587867235,367422.320385513
miura_01091,miura,1091,1,36,12,0.000942172701928917,0.00592719344314548,0.00251703992994086,2756791928.89484,4309496254.47602,542321.127515156,135935.391230342,36919.9926590076,75012.0250224905,132583.445963562,938637.41514481
miura_01092,miura,1092,1,36,6,0.00054447587494155,0.00219321978679919,0.00320091792711133,3301399969.77842,4008627260.60648,75513.3822097012,27047.2651932212,13127.8272157439,12699.073701361,21390.5941051189,127989.256094797
miura_01093,miura,1093,1,30,9,0.000703375473087867,0.00270687812011088,0.00388752171046527,3316827289.47019,4219911019.73311,63565.3135964321,20431.1657496739,12325.9155229936,19513.4051814266,33059.1959652966,228371.622155651
miura_01094,miura,1094,1,24,9,0.000503816521679865,0.00159205044206835,0.00244951631902855,3106683373.28358,4994775271.91579,21964.7494509318,7796.95388719466,7358.24025274609,8764.11969239756,15111.1376862586,123086.516439582
miura_01095,miura,1095,1,24,6,0.000790516838026359,0.00290600484581377,0.00103353106114277,4043315993.73587,4224695784.07355,308753.591296402,110288.929093346,40636.5290187591,87781.8429773337,141118.884735408,592236.503901759
miura_01096,miura,1096,1,30,6,0.000699315771097475,0.00275520396454163,0.00287847882905295,3835352614.71666,2455545585.57582,83745.4842013484,29644.3088569033,13611.7023144878,26699.4798719868,42656.6421930101,190618.050676124
miura_01097,miura,1097,1,24,6,0.000658607903510184,0.00226773952634511,0.00387405534923184,2710536068.79553,3754541605.08655,56647.8454407505,19527.4162009474,13759.6065660349,10467.5368111481,18137.0419628709,133619.55866313
miura_01098,miura,1098,1,36,6,0.000857940362466519,0.00592933367664715,0.00381215078753836,1060459448.7439,2253515724.86023,269851.49972824,117194.941101907,35745.3924767603,14996.5187921543,32445.3836380123,274066.209966763
miura_01099,miura,1099,1,24,9,0.000915107641559761,0.00109897064534594,0.00373139445910362,4076947574.96863,1214152366.18964,1501.80823004042,620.743789404588,960.45482701605,30768.0805741037,48163.9797506842,146846.339404786
miura_01100,miura,1100,1,30,9,0.000992381262921732,0.00579767989673323,0.00177696540906052,1385389841.42779,4037881269.70554,737472.574186973,208552.453129422,55177.6264966499,54163.7059196031,106376.098792526,885776.390267761
miura_01101,miura,1101,1,36,9,0.000623197582645983,0.00198269375314106,0.00353586242798999,2504828227.16751,4924415755.87902,38174.1015218607,12420.4901820065,7944.0324178108,13467.9128590203,22494.8375545609,148236.028144288
miura_01102,miura,1102,1,24,9,0.000806903398977287,0.00317474173552482,0.00186530481413511,1037531596.73536,1171583319.35359,45943.6035744679,14014.2862037467,6532.41006518628,14705.4233420613,24762.3398104589,151033.400102393
miura_01103,miura,1103,1,24,6,0.000945320878700339,0.0053727911575109,0.0019736086732202,3142871620.29958,1906669375.8474,340171.158317282,127194.340798176,39957.7504257419,62829.3580923849,104555.9565389,489844.123562991
miura_01104,miura,1104,1,24,6,0.000892462513964651,0.00190154136225731,0.0022150240807572,4134511119.33691,3958759946.92869,60315.8728696987,20679.7153876911,13463.8495880811,57366.030002918,90122.7519843345,342465.224005534
miura_01105,miura,1105,1,36,6,0.00087505683050764,0.00207062660241366,0.00117332629944548,2788077810.61372,3325515870.47716,99327.7598201992,38748.7884264778,14587.1332058374,100832.265920327,145721.064891237,359562.49876187
miura_01106,miura,1106,1,24,6,0.000780098934683518,0.0059651152107879,0.00301858301250298,1093580368.33772,4551882156.67061,820193.376917344,300721.9514546,99615.2788992172,16304.2510389893,51340.0585730455,735497.56205551
miura_01107,miura,1107,1,36,12,0.000759579471322058,0.00216442095259071,0.00233874893516928,3371740211.16091,1538392558.74319,14173.8515908691,4384.84465724769,2463.91711607914,44173.5713701694,67375.0893134493,246141.994739715
miura_01108,miura,1108,1,36,6,0.000762323540637959,0.00206038942080084,0.00259499136209326,1252657341.28762,3701426464.04338,69376.0610037641,25000.6558184762,11816.7217655578,15741.8571006022,25677.3941255721,132422.821635847
miura_01109,miura,1109,1,36,9,0.000564437275177594,0.00289564317177171,0.00198485259471296,2543950050.51562,1809033943.74315,63118.8164596525,19173.3830824044,7342.08578869672,17374.1173434467,28448.2755855461,153161.408541867
miura_01110,miura,1110,1,24,9,0.000920963043055344,0.00424051421773184,0.00323831355836947,3593942583.59161,2525506756.56215,135411.972241454,41216.3998442966,18998.451357041,43507.5173413855,73172.5655047255,442727.734828323
miura_01111,miura,1111,1,36,9,0.000535393667003878,0.00472759063092025,0.002551471546669,1090870744.517,3248836392.91592,303455.576830163,90130.0696208518,27173.2885371299,8399.63718922097,22093.5828628843,317044.53025809
miura_01112,miura,1112,1,30,12,0.00096734750882698,0.00500855342098141,0.00398235297073083,2793575445.56749,1626724147.4716,86100.1723689536,24399.1027485879,9795.51507015555,40274.10612572,66489.0832244648,380636.171765661
miura_01113,miura,1113,1,24,9,0.000763827008221596,0.00450693131258882,0.0010744133154609,4924496672.84155,3014491017.77022,437134.819959638,121726.169286865,35756.3861278195,100030.637279001,167195.373567489,879360.22300749
miura_01114,miura,1114,1,36,12,0.000659316890701715,0.00533340502817764,0.00257127526474226,1584254291.65319,4993793560.90549,478729.294972663,123532.90793702,36048.7573592271,19900.5919747675,44678.8310194667,614021.905461611
miura_01115,miura,1115,1,36,9,0.000557083639567461,0.00170592983847233,0.0015587904488968,2736358652.62376,2259532504.63426,24013.7073255521,7566.64979910042,3926.84601922472,21617.384009089,33700.7853623532,142859.130709901
miura_01116,miura,1116,1,36,6,0.000727612330299106,0.00507922535981072,0.00140671137094015,2493338492.66376,3131052655.33715,370090.685908834,172374.57270995,47742.866733642,50091.86577804,87276.2824364546,451773.223714007
miura_01117,miura,1117,1,36,12,0.000773834494302941,0.00338579267717748,0.00150720479608115,4160978285.98872,2359281742.49898,107948.373470131,29141.3255126664,9693.35395299609,91653.9684698553,141548.277590807,556606.673038493
miura_01118,miura,1118,1,36,6,0.00058164451043255,0.00365485554836554,0.00118820208773308,3954315106.26615,3370992355.36512,261335.019607505,116217.26258181,34397.4329927132,46928.9808689477,77528.5242634384,353841.936800888
miura_01119,miura,1119,1,36,9,0.000763692213656004,0.00243057653218182,0.00100169430694262,3406912598.33977,3291880190.23452,123466.605893304,37105.4671602566,12688.0317216288,103623.016434067,155569.075014656,502621.520352097
miura_01120,miura,1120,1,24,12,0.000862222087231194,0.00420728637807903,0.00276529124646811,2047379341.27427,4201187911.24296,169501.001949258,49757.0063759107,22975.6025205976,27757.6116081813,50497.5639548909,498516.497692758
miura_01121,miura,1121,1,30,12,0.000651270546171181,0.00516509923715091,0.00248476387084211,3115877850.83986,4693419278.56053,400462.486921634,106384.420605455,34756.4848043105,28149.8943895464,56009.1197902794,651041.177368697
miura_01122,miura,1122,1,24,6,0.000856419002749678,0.00120312315425227,0.00369415682289901,3703390968.09775,4336779687.55198,11947.5455874472,4478.084218076,5152.29734257521,26784.7729500637,42628.0136787063,174950.814068972
miura_01123,miura,1123,1,36,9,0.000851506870492639,0.00452265397354413,0.0024129307625869,4333685973.06761,4450882346.56992,391062.731563435,116325.600813573,35441.0692339749,83234.2622376602,137290.337394814,717654.609978152
miura_01124,miura,1124,1,30,9,0.000560093345373399,0.00108194185037334,0.00315662425714935,4676032964.46656,2340931690.24598,3249.75334442452,1216.47696797547,1454.15543966708,14907.3149823691,23528.9063314697,101881.997692269
miura_01125,miura,1125,1,24,6,0.000818473178195577,0.00559461563531981,0.00353385392630102,1039898273.9197,4368385433.99953,640807.188723096,229832.065126205,82433.0722277175,14349.3260618001,41461.4984190171,593633.994241433
miura_01126,miura,1126,1,36,6,0.000984577514472501,0.00563123879137519,0.00134778383979829,3383001785.03919,2249185245.02601,305161.095577573,145281.222542276,39641.1993990186,156903.789099666,229753.717226162,614699.6590916
miura_01127,miura,1127,1,24,9,0.000674170093930551,0.00212111906394062,0.002403313321159,2703188212.70388,3101486175.12747,31568.5948988115,10545.9824975599,7700.0239671807,17400.7336107592,29240.746591978,187535.064858636
miura_01128,miura,1128,1,30,9,0.000781307837593379,0.00245303056754499,0.00105284290017745,3378709714.08888,4677931489.99398,164483.372717306,49241.6332854187,19137.9988789258,90388.1127717344,142675.883172945,610847.155225124
miura_01129,miura,1129,1,30,9,0.000874785940284753,0.00425705032424288,0.00248482807296191,4444590237.36577,2980305132.58902,218281.971855461,64507.7227386784,22967.9220416056,72927.2183642488,118125.225168777,578259.300363872
miura_01130,miura,1130,1,30,9,0.000615857946915646,0.00393077211916646,0.00390790871031986,3987742219.44474,2473387700.79167,102856.016392445,31460.132351948,14085.5255182897,16286.548291214,28659.6874252863,221519.764710883
miura_01131,miura,1131,1,30,12,0.000737362298062119,0.00100238885345813,0.00138456953461973,1256923364.86238,2197778275.87084,3276.74018735117,1179.90424759974,1205.50351075598,21229.1475977539,33536.0673816492,146693.852850832
miura_01132,miura,1132,1,36,12,0.000929322455497359,0.00448141967833525,0.00309666095233764,2810491204.4494,4355655237.08521,231167.727870466,63524.6417304702,22334.6885588236,57759.7421148668,97552.5704544002,627467.253010657
miura_01133,miura,1133,1,36,12,0.000813729513455495,0.0023778119445788,0.00107821862343933,3589920507.51846,1002466637.44383,24105.6698340038,6776.46334036916,2595.05345046356,117338.98269548,162955.829555918,355416.948659483
miura_01134,miura,1134,1,30,6,0.00076820458805524,0.00278165215789695,0.00341164284984933,1470936564.16738,2905015225.74173,90092.8192248944,31617.0950275023,15237.4900050948,12633.1365390312,21880.6391632755,144247.682793825
miura_01135,miura,1135,1,24,12,0.000917591395008152,0.00422259382414132,0.00376726760843254,3225771466.21301,4655810709.04812,143256.303441396,43580.004127205,22976.1933969308,36958.4251416707,65319.5496836059,569583.876763063
miura_01136,miura,1136,1,36,6,0.000809451352224426,0.0045493514128282,0.00305903093072149,2236108000.11908,4451697727.38157,373122.076726782,156389.971340655,50599.4806441367,30864.8149755018,58764.953888964,413078.019652148
miura_01137,miura,1137,1,36,9,0.000808826597924554,0.00277405845223034,0.00188974800661572,2021988038.3175,4022784441.70627,130860.083279592,39805.5171275678,15440.1961220288,42131.7068434406,68179.9851071044,347422.267213873
miura_01138,miura,1138,1,30,6,0.000740228492366541,0.00457918453140959,0.00240245637358574,3385115034.39343,4574816758.43717,489106.302633784,192341.754323569,62667.4787572767,38129.4615710824,73347.740442629,536093.057935983
miura_01139,miura,1139,1,30,6,0.000749642168187305,0.00463861341683443,0.00341368799350255,4809919165.49906,1282239293.572,120964.01073081,46048.7429519776,16302.6266167055,34161.837917338,54181.4050459669,218955.316972742
miura_01140,miura,1140,1,30,6,0.000925012407773081,0.00531838278041445,0.00390259666450391,2067896601.15755,3422885875.71381,393889.405343117,151905.804528724,51755.4001815162,28558.8438118775,55654.0218893004,430230.985035576
miura_01141,miura,1141,1,36,6,0.000682913240042997,0.0016182158201262,0.00363066021572334,1302340829.99114,1474927330.00872,11862.3467868346,4129.58071537356,2584.07415623057,7924.29724291601,12298.770873697,49836.7360067742
miura_01142,miura,1142,1,24,6,0.000606398235543558,0.00312230165115617,0.00323788195058802,2905755714.85416,2433707590.46217,98647.2978845042,33680.7052836894,17320.5505662978,10798.9038666163,19523.2100918031,154115.464088239
miura_01143,miura,1143,1,24,6,0.000902344407129492,0.00385422835280619,0.00107961999734867,4109848053.658,2090688671.39232,261134.577370785,97241.728272331,31127.8252329473,119602.839195328,183094.289415774,573730.045021615
miura_01144,miura,1144,1,30,9,0.000983571482511039,0.0015276079324122,0.00276314592992556,4142794661.28038,1077101986.20896,4817.79401517692,1655.80412064683,1376.6046311364,68026.4795632131,97586.2635752121,214846.005947766
miura_01145,miura,1145,1,36,9,0.000615314614258155,0.00415720663290305,0.00359989031992405,2352783961.96634,2326669779.48017,127817.079189624,38643.4071557642,14159.5481700514,12947.1213548153,23745.106941538,196950.258786128
miura_01146,miura,1146,1,30,12,0.000725067193538764,0.00267957622400887,0.00251383156146572,4970181279.48631,2846627604.28479,39663.4597028328,12246.527243496,6849.28017712766,46307.4447344773,74814.1748141234,386816.51726959
miura_01147,miura,1147,1,30,6,0.00056194454064953,0.0057839239466823,0.0028738150147515,2801206161.60527,2810951543.30823,420244.551454155,170142.234018989,52056.1426050929,14270.6192855249,36698.779263151,394844.371133488
miura_01148,miura,1148,1,24,12,0.000767308399422663,0.00486199439227793,0.00192881147038793,4833254079.38565,2141823203.86658,176665.29188618,47803.0436216136,16906.0553559814,58216.213213313,98942.4678127618,625346.956315531
miura_01149,miura,1149,1,24,12,0.000836668321579961,0.00550365417337506,0.00117075463370925,2727046249.57515,4471018199.36255,752817.268753689,182630.37634687,49428.1265671723,78575.9041553202,147431.791975907,1288188.37896296
miura_01150,miura,1150,1,36,12,0.000662915624613953,0.00560519301442074,0.00265694873527289,1245819337.76054,1457010084.49771,154155.235629968,39455.0170899858,11274.9125109375,12421.230094615,23919.8192886571,228641.242976812
miura_01151,miura,1151,1,24,9,0.000850357750029834,0.00216181904579156,0.00374065433385137,3180844869.81834,1287380132.07982,9400.87275098396,3269.07341243548,2834.83922953225,23731.205782694,37942.7384475752,167635.114968233
miura_01152,miura,1152,1,24,9,0.000687633820997009,0.00423537272975521,0.00359346629161394,4415622828.35241,4431703288.00349,215631.478361266,66219.6987661867,31933.3427977056,23561.3159639292,43831.8888520736,440745.280679972
miura_01153,miura,1153,1,24,12,0.000795497442718326,0.00418728305232311,0.00173974401848827,4266264194.19425,3607355370.99788,216739.922191351,60165.4365242,22991.3118405924,64809.494586258,111499.502579021,765712.028070657
miura_01154,miura,1154,1,24,9,0.000616500497953905,0.00423175533228606,0.00381304411694261,3858715650.25654,1750593687.02448,80821.4985433396,24937.0465544815,12327.5543484511,13114.1900504814,23391.6578471244,196494.432935828
miura_01155,miura,1155,1,24,12,0.000516663879950021,0.00317294262776296,0.00257127321430348,2808660946.85963,1192953291.90845,23169.7041743476,7206.71646636056,4135.17075961352,8208.2619056244,14303.1382659304,115304.609829411
miura_01156,miura,1156,1,30,6,0.000624995223756032,0.00290712152360345,0.00221816728299207,4142668529.2125,3900655698.3508,176813.412240658,64211.1090608284,26189.6008250068,28290.5969213207,47875.0574125506,270594.24514398
miura_01157,miura,1157,1,30,6,0.000574779460406927,0.00169421111325321,0.00205424869223397,1492240800.43983,4914474027.99574,64674.8909398371,22345.4314992112,12762.5843812884,9144.93518843598,15956.2339979303,115499.816664932
miura_01158,miura,1158,1,36,12,0.000634945653349406,0.00550635681336426,0.00218880456027154,1839389627.19694,2203831079.6251,256244.851689963,64283.1501548444,17491.6688454958,19579.7034494004,38086.0813972769,362496.162798202
miura_01159,miura,1159,1,24,12,0.000571767242810943,0.00101923338734591,0.00213858449996975,2377650790.29284,4389386682.79539,3999.65295060849,1612.57146351464,2316.41838617853,10581.9148725562,17840.4631414537,121367.239290898
miura_01160,miura,1160,1,24,9,0.000895117184419529,0.00366818827019651,0.00157641526949247,3485422435.24323,2559516613.51093,169746.387406572,50013.4501305332,19434.0158539993,75440.1415264345,122568.716592662,590746.407644369
miura_01161,miura,1161,1,30,12,0.000825897175622638,0.00116202395350131,0.00136860106088215,3514856024.46314,2598289829.7435,6190.18788597323,2149.4030777645,1909.66850331386,78453.568926657,118737.58321358,368718.080845384
miura_01162,miura,1162,1,30,9,0.000744382497778618,0.00256784484868203,0.00208069131346242,2700333069.10298,1461823541.03862,33274.7337862478,10311.7155375542,5023.5590668026,31176.4670970274,48794.8953295676,200777.893685259
miura_01163,miura,1163,1,30,6,0.000561478972114976,0.00118888294332368,0.00358741272514374,4359108584.20163,2702352082.44852,8549.63279623409,3053.6462223892,2835.62500312179,12032.9654763686,18853.0389882445,77468.8149122574
miura_01164,miura,1164,1,30,6,0.0007354855212134,0.00110196569412957,0.00364922765346418,4793097212.58254,3715851136.67589,9473.0790188641,3425.30072209158,3403.47090248879,27194.9281513875,42031.8156869382,144353.25374439
miura_01165,miura,1165,1,24,6,0.00057199904070625,0.00533918604701653,0.00174763102150737,2820518856.03942,3366589452.28842,622665.676205923,234546.672899707,71672.5754393171,20221.5529816655,51944.8297530077,578093.639942919
miura_01166,miura,1166,1,24,9,0.000802914764629037,0.00342967208947774,0.00352637744272679,4864075025.0402,2858049551.96635,79474.0855603823,25205.4574852855,14363.6493748385,35616.6395553669,59561.0359483942,359641.641964655
miura_01167,miura,1167,1,36,6,0.00060709075337653,0.00560753731618813,0.00216763937023295,1929204348.55527,1207064946.22305,151350.711531768,68981.7208660393,19642.8657318497,15198.7323504808,28159.6048918765,171986.466109471
miura_01168,miura,1168,1,36,9,0.000721935305884469,0.0035475526450294,0.00237658244561306,4079958075.14309,3484513360.44367,175857.272516215,53006.2226942677,18770.5535197104,48224.800579342,78490.9897606078,403332.791908765
miura_01169,miura,1169,1,30,12,0.000939534901705688,0.00217589416979892,0.00372708570361115,2855070838.24322,3560343353.47666,18979.7522529331,6398.70455817884,5113.52715171877,39007.7823791127,63165.8465665116,336439.287839547
miura_01170,miura,1170,1,24,6,0.000900805872566248,0.0034119219054507,0.00221601430647767,1771050946.90228,3791932808.91995,249182.055324255,86611.0208715905,36642.0618954178,30014.7458670205,53219.6860771507,358768.399034608
miura_01171,miura,1171,1,36,6,0.000815180914017266,0.00247503307864937,0.0023420605122667,3574879069.32269,1669894263.40902,50215.2585499318,18881.0048232392,7777.84750051098,52622.2674456853,76839.2321759809,199502.006243562
miura_01172,miura,1172,1,24,9,0.000994658197807731,0.00575894017780722,0.00175529314147938,1650743203.49711,4398341073.19835,812059.444651095,226065.008834936,66386.4623969147,54936.6508982383,109838.319588227,1043310.28630781
miura_01173,miura,1173,1,30,9,0.000840303313541415,0.00247156302482529,0.00222408676331853,3919487242.09388,4703888671.9858,90824.276626347,28412.9461275366,14667.0607187876,62687.3528918795,100136.500285777,474843.104929855
miura_01174,miura,1174,1,36,6,0.000560945594560924,0.00125747437370972,0.00196679050810658,3576190218.27282,2100575667.37937,14381.6173478054,5017.09381100608,3021.52109889548,20695.1764267254,31054.577263497,94515.4820951135
miura_01175,miura,1175,1,30,9,0.000793813365404327,0.00134420539054462,0.00119187068464652,4868476035.94039,4763199303.7119,30148.5099750159,9838.74038628124,6457.34806254443,110993.201865096,167772.335924076,524130.97122001
miura_01176,miura,1176,1,30,6,0.000799001867029874,0.00435545788500494,0.003684008409103,1515073641.346,2912145562.66245,233428.495576517,86998.6439571252,32451.6752380504,14909.9298249097,29733.7830236911,255779.479327279
miura_01177,miura,1177,1,24,9,0.000623799290857932,0.00181781362672664,0.00187852506953382,3711009235.52602,4236938223.07586,34962.2979316717,11748.3850630309,8808.70351222126,23814.0404428807,39695.7639724209,241077.507499802
miura_01178,miura,1178,1,24,12,0.000901222935898745,0.00351163658338637,0.00385919688691051,4157803489.63583,3348648838.48023,59739.8398286383,19029.3167515835,11966.2454564094,40650.2667655588,68970.6272916085,467669.633354671
miura_01179,miura,1179,1,36,9,0.000516481679512261,0.00426630251427044,0.0023267843957862,2972715866.17629,3783069277.19217,297502.579670884,88621.2964541651,27656.7923378494,16592.4326464115,34412.2380999998,354730.122071693
miura_01180,miura,1180,1,24,12,0.000589703926391891,0.00477328369798833,0.00251830459164474,2043291492.0706,1276508687.2181,79489.4526832117,22368.0012311141,8921.66838874508,9960.65243329001,18519.2685540076,190038.424153918
miura_01181,miura,1181,1,30,6,0.000681503855201298,0.00497630762472417,0.00266362755798137,2100223720.64579,3804890567.11289,452721.352298736,179101.162314631,57503.0903819372,19208.9980671428,44478.7331139345,440206.912183909
miura_01182,miura,1182,1,30,6,0.000817789283539301,0.00138240973206709,0.00330322171602744,3326664062.83127,1544782090.04127,8133.19832418797,2850.24417872136,2274.07674285325,27161.4301005633,40974.3303148813,114738.534621815
miura_01183,miura,1183,1,36,6,0.00082720682504426,0.00221688535161613,0.00209185384442272,3023915881.34208,4528023437.26503,114543.789140258,42586.5504382673,18047.3710248223,55620.4533473025,85189.7149798407,302265.132943119
miura_01184,miura,1184,1,24,12,0.000609175317457882,0.00532063419017348,0.00251248739752919,1428168961.05216,4570223310.76214,383302.74435701,104827.781256279,38212.6777930765,12323.41892147,30315.9495203148,600676.92928165
miura_01185,miura,1185,1,36,6,0.000871964952531396,0.00406516027248421,0.00240237881672067,3204766248.56669,3018411656.97736,227362.053977786,95633.0308946711,30940.2272054839,61522.4099161549,96790.775633229,376356.711739832
miura_01186,miura,1186,1,36,9,0.000841259183991204,0.00244424603120892,0.00333830853967204,1818164926.58255,1390434466.24442,20445.2682662964,6456.53306451173,3405.34173085843,22807.305803782,35243.3373365787,140533.603851237
miura_01187,miura,1187,1,36,9,0.000544420010014585,0.00583310115100177,0.00370050020932991,3736979822.42894,2131343643.88823,253018.862505517,75076.7940243729,22314.0752791245,14951.8461445959,30661.750397687,298252.631071409
miura_01188,miura,1188,1,24,6,0.000824519389900678,0.00572997963989706,0.003903540577585,3278604609.70045,2834146726.84536,414368.547316363,148140.777301078,53965.9745079712,26518.0112164895,52939.920306388,456978.245333379
miura_01189,miura,1189,1,30,9,0.000675696381773341,0.00188266524074892,0.00299218889070679,1085125335.19935,2703973843.94384,18565.7582729192,6191.24924509161,4535.2651867595,7356.70147794983,12411.8993798573,86401.9588834551
miura_01190,miura,1190,1,24,6,0.000582519210718275,0.00274055895077727,0.00269611209913643,4454115593.00545,1372578076.02306,46121.6831725654,15741.5917229879,8354.65215430852,15300.4618827055,24934.7400126388,122265.233892174
miura_01191,miura,1191,1,36,12,0.000708607559356868,0.00199208712737117,0.0035178906019716,1435137367.78994,4985048116.95243,24382.3599755909,7983.37905005631,5747.32847820914,11828.2246355059,20005.1525689864,150141.65169161
miura_01192,miura,1192,1,30,6,0.000905176542332182,0.00279471427026907,0.00342945150519889,4618157315.15926,2508032440.8152,78650.0208788811,27630.4894648904,13346.0622590658,54831.4423210258,84063.1283965449,287314.060224703
miura_01193,miura,1193,1,36,12,0.000649438957349258,0.00101658649311986,0.0017622153705258,4810404349.53403,1382291729.77495,2049.03149634348,721.18731768483,683.224604234732,46665.9165765578,68171.5457962605,173554.745808049
miura_01194,miura,1194,1,36,6,0.000770637308794567,0.00348286593014086,0.00167653364303108,1154692531.7557,2469010390.60549,161911.567833474,68463.2245229519,21876.9325973954,23281.9616633912,39707.1389101194,208790.740133794
miura_01195,miura,1195,1,24,6,0.00062796223462964,0.00253587616026995,0.00334192218377963,1407483757.90328,4773840819.51705,110047.177476836,37554.9422387253,22833.7817109716,6684.58603999614,13369.2494751102,160363.5348983
miura_01196,miura,1196,1,36,9,0.000566476959810995,0.00116765754480396,0.00296213943599714,4580579620.90118,1480100109.98361,3107.21316228748,1084.06769620083,993.727867582816,18596.8490640072,28228.0645255331,93765.2282783234
miura_01197,miura,1197,1,30,6,0.000507060093019786,0.00541079154055151,0.00230036381527325,4466194480.68998,2379511726.36711,342238.130014125,139901.504781401,42052.7209636221,18090.3233154454,39455.9490966757,341482.24617885
miura_01198,miura,1198,1,30,9,0.000778670212620873,0.00379875828030394,0.00212733299636675,1827873158.69346,3421549911.08076,211127.13798475,62622.7526901399,22892.3986829345,27597.0997901144,49138.4030420307,368321.865724029
miura_01199,miura,1199,1,36,6,0.000775198487088914,0.00477496566371923,0.00389532727215953,3232256579.36479,1767103332.05137,147896.514951363,60975.0653686889,20374.2643060469,27877.9967211427,45712.3908520038,214075.375939371
miura_01200,miura,1200,1,36,9,0.000745907162692309,0.00152736519602944,0.0029174565061909,4916021048.36979,1728587476.33311,7912.5303178558,2632.54741795043,1912.75359115461,45156.416743061,66986.7622347524,190239.061912394
miura_01201,miura,1201,1,30,9,0.000511558227804535,0.00454095337564672,0.0038895093574979,4997436921.82454,4517307564.40621,274897.927702807,82653.1464529376,33101.8912390902,14660.0263367992,30601.2458839172,388146.394313915
miura_01202,miura,1202,1,36,6,0.000962309962535687,0.00266929903496706,0.00317867007182104,1469719404.28342,1289133182.23077,38229.2903661918,14153.6999062535,6089.39720455061,27204.8316710024,40831.1005610801,126473.969076061
miura_01203,miura,1203,1,24,6,0.000814432757835136,0.00407649536825623,0.0033251894268991,4280458910.92864,4925947351.99254,374184.280276292,129739.835931105,55792.4995132581,36993.3981914392,67567.0476022159,507542.424982475
miura_01204,miura,1204,1,36,12,0.00090098571216152,0.00370275157717442,0.00399976614737177,3616302790.95103,2946070594.19465,74762.5838566489,21957.0435420742,9886.22537227829,49716.0537982498,80181.6047853384,421004.034508546
miura_01205,miura,1205,1,30,9,0.000529922514486283,0.00370016532538436,0.00381709348905665,2925744568.67851,1250538845.95599,45121.1251776866,13884.3004386023,6458.09495443831,7757.88787658351,13572.6383466219,103319.999339252
miura_01206,miura,1206,1,24,6,0.000548121901622611,0.0028224676493693,0.00308702999178805,4407718666.14268,4771062738.41314,155126.874030389,52878.7907406885,28774.0067927035,13417.9832136477,25145.2652529122,231949.310297159
miura_01207,miura,1207,1,24,6,0.000987646886133471,0.00281242262296409,0.00332045381613819,1799260621.72424,1831152747.0605,55909.682457958,19071.0434959626,10736.2899707294,23994.2597656341,38666.727914281,178029.435483413
miura_01208,miura,1208,1,36,9,0.000950655515193064,0.00106015661262743,0.00337005874899338,3918311984.10783,3554089028.37943,5161.59815796559,1861.05419204282,1954.96940559627,62129.6426175792,93187.7550769813,265178.277557445
miura_01209,miura,1209,1,30,9,0.000794340569782055,0.00204589065448261,0.00126714611097579,4618364033.57849,2309875154.79579,43889.0031524176,13560.0025528846,6489.73229177913,99521.4519019397,148398.034181442,434437.970510818
miura_01210,miura,1210,1,24,9,0.000504115491422896,0.00145163683688544,0.00345865426492243,1541436043.27405,2710466787.21315,6650.35395893878,2505.79520003002,2958.64872790197,3132.06361059479,5400.91990652533,46023.3089985027
miura_01211,miura,1211,1,36,6,0.000706105224499265,0.00594819421980331,0.00135880794472428,2977925856.3731,4442920459.60761,644311.844852162,307880.450047088,82241.6404780106,59185.0461507369,113812.263091159,717547.62090426
miura_01212,miura,1212,1,30,12,0.000665667245735472,0.00558438220102749,0.00215780140774709,4510843795.9302,2235056070.63589,260449.660202026,66525.6705114716,19612.6771116293,41933.6139106982,73797.7272686759,531584.742630577
miura_01213,miura,1213,1,36,6,0.000990384213293353,0.00129989058021209,0.00309541807730009,1990258701.18239,2649404517.31941,13773.5730378277,4795.01465297893,3318.10293143582,38142.120626832,56559.0423135399,151851.87835925
miura_01214,miura,1214,1,36,12,0.000898265997488519,0.00147786465907005,0.00202131052183599,1946642540.64668,1181810359.53447,4322.81910267846,1421.22368648401,1035.20882634837,45959.4248110853,67745.9078154628,190420.440032291
miura_01215,miura,1215,1,36,6,0.000888266827707676,0.00590286434687867,0.003554741589666,2923893145.8013,2602874837.8693,315295.225499696,138073.792503608,41735.3733056585,42627.1284205042,73681.9915599195,391920.767769035
miura_01216,miura,1216,1,36,9,0.00084966698919236,0.00188347438727401,0.0019356204286281,4997448755.22674,4922130050.39411,57241.9520057225,18048.3828023871,9420.46141192161,107389.42344284,161832.335514734,534893.463610246
miura_01217,miura,1217,1,30,6,0.000918046395495383,0.00309193342700261,0.00310867288670991,1462293041.15634,3520402719.14731,148835.488947621,53184.4546404372,23191.409990034,22897.5773591217,39037.4104092941,232994.057286511
miura_01218,miura,1218,1,24,12,0.000567291968767066,0.00561301987569549,0.0035467314753164,4948451060.25716,4074267451.49451,293450.289990039,82750.114228383,33232.2910212203,18166.1187735313,37580.8789856899,561957.63499353
miura_01219,miura,1219,1,36,12,0.000933062871529855,0.00203391412335469,0.00213072831964475,3705327740.20103,3108364421.12458,26222.6811077431,8136.28928366171,4631.11659214466,97792.2762989944,148050.744495348,511934.825878272
miura_01220,miura,1220,1,24,6,0.000873422366237969,0.00399782424638754,0.00328612023040995,4697270736.91547,3806082493.97093,278627.948405408,96520.5402841501,41938.3384950317,46890.8660430103,79888.8615558229,465666.027449948
miura_01221,miura,1221,1,36,9,0.000615851804380787,0.00414455526388996,0.0012737927802063,1901627207.46283,2225771615.67011,231720.551489443,68259.1068244176,18272.4401616226,27512.2052115654,48900.9291331406,314129.453993657
miura_01222,miura,1222,1,30,12,0.000614831440228086,0.00469543474578858,0.00132277250415328,3771668344.66343,3532281278.00341,384905.136157062,96386.257297534,27108.2484783304,46610.3190378938,84755.9537740876,676247.677424682
miura_01223,miura,1223,1,30,12,0.00092256218071907,0.00395105708188115,0.00216113297588303,4511240928.54851,1154433853.14181,54654.003703968,15246.1555642106,5815.3937927235,94386.4707237125,143900.798664051,498202.374962386
miura_01224,miura,1224,1,24,9,0.000502956217877076,0.00482764476786351,0.00231309229109028,2134468206.50553,3446258635.80325,339858.216971289,98944.5183664147,36163.8833657961,10336.6241365382,25642.3169489169,424613.525686349
miura_01225,miura,1225,1,36,6,0.000874533602683547,0.0011876210118042,0.00301612453423221,4893813770.31056,4646345732.55584,19421.0042549627,6775.79353670811,4964.91896816128,65078.5571234765,96392.2531788954,252718.249362637
miura_01226,miura,1226,1,30,9,0.000933210785247258,0.00362081732047268,0.00332772689199734,3411990468.34145,2649674618.08875,101741.645940795,31114.4747919447,13926.3000143683,50440.5972371893,81110.4490997462,395265.788679437
miura_01227,miura,1227,1,36,6,0.000919404184128074,0.00291298285489212,0.00336050793154118,3412837295.39837,1996332522.94014,69213.2226574359,25924.3851238291,10773.7120149518,51706.3975537154,77135.1548805598,229157.246571719
miura_01228,miura,1228,1,30,12,0.00051019984581745,0.00197401445193884,0.00221851953277408,3393276902.81769,3913412243.73349,25414.0232603511,8265.68499078113,5723.63241401614,13601.079202592,23082.3101968356,169523.443087475
miura_01229,miura,1229,1,24,9,0.000931058311510982,0.00163461035223396,0.00138061921753499,2193779990.05084,3976717582.93919,32667.0075898462,10871.0721928164,7803.48230317702,58497.3885039105,93399.2241931239,410324.111712554
miura_01230,miura,1230,1,30,9,0.000749996534551769,0.00249400234807924,0.00155882705205673,1970159548.46734,3688067503.6234,98366.8954429759,30062.990883743,13396.9369797432,33347.5997569589,54947.6000297908,307324.407274407
miura_01231,miura,1231,1,36,6,0.000966402618212124,0.00264295386773655,0.00237645326984766,4350074688.83109,2104566508.27226,72046.5481908701,27433.0459578563,10954.0511242338,102138.334127165,145199.551320531,327981.060175218
miura_01232,miura,1232,1,30,6,0.000948129443244383,0.00329230011998679,0.00209632496403697,4981301072.67583,2261427408.7756,137668.94075163,51438.2363426623,19288.5168291511,107233.788081515,159082.140137043,438347.718802641
miura_01233,miura,1233,1,36,6,0.000668294708687933,0.00139576917688535,0.00184320698000554,1649715896.90942,2982175829.2004,27855.8941476965,9796.01276931399,5362.09731747902,18242.3089190373,28059.4601023767,105100.495324996
miura_01234,miura,1234,1,24,6,0.0005505346506004,0.00554125579901587,0.00194882127609616,3803980995.37368,4902670898.54354,928424.389966321,348686.394084981,107418.4858519,24328.0988384974,68619.9280523621,842911.068256534
miura_01235,miura,1235,1,24,12,0.000764001717046995,0.00535636931321363,0.00302535912475207,2458292815.11132,2241734224.62157,163230.599715015,45659.2961250851,17863.1936261553,21421.4446440394,39578.1080838951,392346.971259435
miura_01236,miura,1236,1,36,6,0.000635579961029562,0.00442641391820141,0.00369838647143319,3319541730.07702,1141144357.34012,85302.281356078,34744.3838980657,11870.3262874806,16611.5536813766,27137.5460250552,126401.270659793
miura_01237,miura,1237,1,24,6,0.000512723969303752,0.00353333302183525,0.00114594627742821,1225879787.43065,3753727529.31732,386167.963847618,140703.31253811,47605.5002262782,10774.2268178333,28645.583434181,359917.471377785
miura_01238,miura,1238,1,36,9,0.000531745412315937,0.00455752168647522,0.00376658590749137,3609050356.95375,4133044036.42287,274746.730946502,82672.5370242898,28895.9111744271,14273.3535788149,29966.7627251209,343503.103471
miura_01239,miura,1239,1,36,12,0.00090677596656926,0.00121129057893853,0.00168558130996407,2401468287.35216,4407522012.62254,10602.899946354,3565.96322815566,2865.00678433261,73061.2122095479,111422.994616361,398880.206576316
miura_01240,miura,1240,1,36,6,0.000850325628818114,0.00594362148752733,0.00268321833919409,4573400459.87356,4559636234.57817,594685.163044471,268645.275318485,77582.3326310213,77473.4183432219,135371.998825027,723537.733538882
miura_01241,miura,1241,1,36,6,0.000867743106901179,0.00362891648379841,0.00304786237013013,2931094705.0808,2832688138.64382,159732.131144871,63491.9027180844,22783.4951847027,44051.2555813389,69515.6059184131,282646.049651334
miura_01242,miura,1242,1,24,12,0.000946841121042115,0.0037532912569217,0.00256457583019492,3460658357.07773,3195858975.5057,100431.146563457,30025.3437166108,14836.3960445354,58202.6234700411,98036.9406718487,617417.078126921
miura_01243,miura,1243,1,36,12,0.000850791674887936,0.00395327215824027,0.00283965960994171,3045866152.8692,3293209132.06462,134519.883797196,37633.9432434038,14073.3743270499,50792.7962468999,83521.8765179799,476166.601200164
miura_01244,miura,1244,1,24,12,0.000705769709635368,0.0016190980991659,0.00353313668898244,1758007912.80534,1173705780.57121,2523.3357277878,963.896538083469,1158.94513162458,8578.97103495863,14251.5615105307,84595.3470749248
miura_01245,miura,1245,1,30,12,0.000745016862448254,0.00471158669712919,0.00149361635532914,4020712939.64896,2226726294.97166,223776.961263643,56948.4634856328,16651.5427802178,70276.2891922891,116063.392493383,628177.93165
miura_01246,miura,1246,1,24,6,0.000908525909121478,0.00568011030430219,0.00378549241242848,4595635403.82948,3524723934.80691,514605.064894265,184207.078280313,66866.3300492881,47618.4980097244,87965.8214444,625512.51496933
miura_01247,miura,1247,1,36,12,0.000913346210691534,0.0037661668118804,0.00165929193771792,1698429148.5226,1557112201.64014,86853.5476380104,23131.0554541562,7382.11504800172,56582.3224369773,88411.9439905277,371761.589823234
miura_01248,miura,1248,1,30,6,0.000592886230068018,0.00297133967129179,0.00211178763338099,3877930754.14333,2235131804.29368,109277.451459182,40003.2291594186,15875.8294833389,22964.7492822548,37667.8852727041,184976.903385454
miura_01249,miura,1249,1,30,12,0.000999722077299743,0.00107496852009279,0.00168206576395067,1188251112.47025,2291907855.93629,3567.50525986937,1293.96798395661,1353.24636876079,39476.8463834897,61237.4875824553,226680.340953604
miura_01250,miura,1250,1,24,12,0.000579077179314915,0.00354437422145831,0.00319792932727427,2260130442.82294,3273339304.56422,71103.9171065369,22105.4990029955,12658.781084014,8754.12911833324,16495.3240117816,214120.372163501
miura_01251,miura,1251,1,36,9,0.000993096799823589,0.00346172301678215,0.00100857060459955,4114441929.98344,4340902955.40154,355941.465607445,105217.571072641,29262.3331472403,269589.578743987,396821.621644881,1136952.59103461
miura_01252,miura,1252,1,36,6,0.000670470509831653,0.00114289988099721,0.00376801828796868,2539894698.7057,1454255991.73367,4501.73263579913,1583.08811745505,1298.69962213901,12694.1569475862,19144.0056624434,57892.5002491824
miura_01253,miura,1253,1,24,9,0.000859505842831124,0.00265132401494081,0.00294159520854211,3982241924.24647,4841635441.31489,77082.6110509021,25169.4689557595,16537.6195815104,42774.5377963308,71398.2241638246,432731.836417061
miura_01254,miura,1254,1,36,12,0.000878736862304524,0.00380519891107793,0.00189360032880692,3894964988.22895,4264470797.02227,219885.659447316,59318.2106507822,19670.5192185073,103956.05792701,166493.36020143,809307.816201629
miura_01255,miura,1255,1,36,9,0.000763456350621928,0.00574923630533345,0.00130501408411021,1941129786.64327,1506313844.76362,284257.059225462,83066.1449227534,19388.3790357134,49144.4818220126,82256.9824438422,407322.607506455
miura_01256,miura,1256,1,36,9,0.000781143780782135,0.00158575673498168,0.00260664906119528,4105219377.17635,3443867001.57863,19113.4410891002,6272.52678353381,4231.54478827674,51094.2734724014,77750.582373604,273874.71487622
miura_01257,miura,1257,1,30,9,0.000823780512387015,0.00599922972243626,0.00388151978772493,1938436256.22927,3230984829.61935,394132.93326133,115038.646273992,37734.5704484825,22227.9983693329,45945.2448041853,497225.794804282
miura_01258,miura,1258,1,24,6,0.000842826590222759,0.00202411108256209,0.00123654932043892,3526513703.34307,4453404107.18935,126350.137944281,43253.1214832843,21569.2507581881,74774.7040226421,117445.095803466,444291.771670968
miura_01259,miura,1259,1,30,12,0.000597094858684718,0.00528622547604897,0.00122556747884412,2356846257.345,1675732900.93192,256202.173815805,61327.3579129042,15680.5711356001,28666.9718461135,52574.6451678589,409620.603326006
miura_01260,miura,1260,1,24,6,0.000972412134996708,0.00186821345659071,0.00379095807931632,3095365820.03189,4350108757.11678,39580.7416761931,13889.4981639739,11338.945608727,33840.6013271646,54230.633138442,245640.552431203
miura_01261,miura,1261,1,24,12,0.00062196018314917,0.00142108253517976,0.00192858378477305,1195375330.08874,3652513199.24995,9289.33614649024,3394.3828006986,3518.50404656907,8001.93350948946,13741.0914784995,109062.594969796
miura_01262,miura,1262,1,36,6,0.000917224619200324,0.0032961917747173,0.00199203976810717,1193874576.55417,2955372553.58406,166346.113500897,67997.0536375817,23080.743595128,33215.0840065166,54093.2614923857,248178.600865205
miura_01263,miura,1263,1,30,12,0.000622938933115296,0.00470004551066558,0.00196260361939056,4296959462.97262,3558029117.04509,287041.733907767,75797.6338328012,24362.140879733,37630.0178162223,68122.344848892,570468.257880918
miura_01264,miura,1264,1,24,9,0.000819302964614308,0.00287165964918327,0.00172894325927752,4261864301.1792,4162896654.92883,133000.469780453,40959.507147884,20083.8776163166,65739.0434265201,108158.891981427,579346.007506291
miura_01265,miura,1265,1,24,9,0.000557405555927674,0.00486049796021689,0.00328943801362547,3509308895.71142,1959087634.81668,148594.878969908,44365.9238816901,18470.116446436,11459.150930276,22364.4236161529,246346.076060204
miura_01266,miura,1266,1,30,9,0.000997436889072859,0.00269704495336979,0.00377833620559618,2741404077.20905,4779492299.78728,73418.9029872216,23549.2781776957,14063.9049579705,44366.4363604817,72182.7343280989,389635.246683184
miura_01267,miura,1267,1,24,9,0.000849121456808442,0.00404873567784974,0.00212918493856371,2937677492.62132,1514672231.20655,101959.280922413,30271.0801630387,12242.2619072785,40788.8024988275,66943.2300597543,344484.140179756
miura_01268,miura,1268,1,24,9,0.000987104152071314,0.00560038188088834,0.00335518489464548,2679787570.13477,3113016300.74116,336724.730732257,98565.5434165952,37031.5681287614,42269.230167491,76538.379801108,616606.34133208
miura_01269,miura,1269,1,36,9,0.000636888703797867,0.00234714318415966,0.00107568433859004,1516379897.77572,1923634130.9589,62825.8403697889,18959.7019082634,6790.13788684495,26300.6007805214,41466.345243604,181241.719431142
miura_01270,miura,1270,1,36,6,0.000954969264597691,0.00348970845129739,0.00165376308237794,2953330218.86895,4849963570.01894,320504.466961776,135949.019259481,43444.5173108983,106262.41260106,163909.500768498,577632.49089404
miura_01271,miura,1271,1,30,6,0.00099932996004973,0.00402040507495264,0.00131403457663004,4883473248.05502,1247741437.74648,132218.773929461,54103.4560951137,16640.061186295,184854.989037205,251143.293705205,476666.583764946
miura_01272,miura,1272,1,30,9,0.000949808159385853,0.0022693083517209,0.0027303901382101,1640730742.76134,1197915024.61464,15389.2586901706,4940.44740780515,2967.78388514705,29181.5075515357,45058.0270980678,167638.96270981
miura_01273,miura,1273,1,36,6,0.000851712087807699,0.0040630657381749,0.00260699631362882,2295633594.20269,2912572908.89083,213259.955041217,88766.9321679549,29165.1202852775,39257.2602182828,64559.2891155688,303555.004071953
miura_01274,miura,1274,1,30,6,0.000511836686930433,0.00522994996181614,0.00206396529807611,4668483558.77154,4949180900.64462,696321.09839476,285651.496809509,85198.4421222862,24498.6692338508,62664.2299323134,656363.183697052
miura_01275,miura,1275,1,30,6,0.000738998014962768,0.00571618509050742,0.00251999565057132,1796740005.7483,4800203843.83435,733368.093544729,300165.367209182,89902.9596839184,23965.0120185383,63230.5058662767,685628.836304264
miura_01276,miura,1276,1,36,6,0.000784885681635347,0.00581791721016626,0.00389087407869392,2672906336.79815,1260513809.63045,145813.128475176,63016.6910568172,19459.247220602,24097.6383581044,40257.4182405953,194704.784405638
miura_01277,miura,1277,1,30,6,0.000961892659106134,0.00517901195059658,0.00278631219646804,2426286077.21637,3796666804.2542,476328.908826397,189324.697173454,60347.1801375769,49285.48120892,89287.1259322169,558321.907674674
miura_01278,miura,1278,1,30,12,0.000982197827396662,0.00250151374761963,0.00340629353158581,2967028364.44155,2148863362.30426,18699.6255933575,6051.78884690045,4104.05052052253,49072.7803043683,77705.766709602,350970.088998332
miura_01279,miura,1279,1,24,9,0.000744768222281038,0.00594733120281003,0.00166378614484476,4977611880.79741,4405200424.19396,905801.13615281,250146.466830772,70812.6072742805,70514.0299306671,137039.534663932,1184159.53325938
miura_01280,miura,1280,1,36,9,0.000751471546624204,0.00125727583289328,0.00340393181980176,2855476853.33684,4838423204.84589,10798.1861082357,3761.29144031016,3441.7795644569,25280.8260875388,39600.7354766985,176040.954868819
miura_01281,miura,1281,1,24,12,0.000855203095327334,0.00166278218262837,0.00260415018447899,2559463624.792,1891108642.00724,5888.80302106048,2147.50737428601,2211.32104513887,28811.5073579578,46816.9905270752,232250.80101042
miura_01282,miura,1282,1,36,6,0.000611315350280067,0.00396911095492335,0.00170628685399142,4486325872.32618,3335030487.62411,267468.186849739,116379.477293823,35561.0465411682,43581.1746802132,72987.042470898,354107.533160434
miura_01283,miura,1283,1,36,6,0.000695058572668399,0.00468630431751067,0.00136658149646544,4314098698.47616,3244587855.28715,346334.062730764,159598.848908183,45004.2262998442,74429.435912029,120001.100211014,491343.862079834
miura_01284,miura,1284,1,36,12,0.000665347416635363,0.00205727800755991,0.00328819429362336,1905252912.55658,4576372829.22293,26175.4590312584,8457.40709422967,5749.32712257199,13712.2933209832,23043.0690982947,163584.425542506
miura_01285,miura,1285,1,30,12,0.000928617197601049,0.00565616897384153,0.00188188763955126,4116906347.98432,1150790325.74597,153644.397767911,38388.0776947415,10768.7869638628,103697.062175604,161355.245287528,627321.571904435
miura_01286,miura,1286,1,24,12,0.000551346237113956,0.00114661225528934,0.00122142092113287,3724819139.04563,1989449460.58062,4345.95951763488,1582.1246565304,1618.72287983796,23742.4121832398,38407.9172428013,183535.340185503
miura_01287,miura,1287,1,24,9,0.000759451648922045,0.00171125206134941,0.00115522955423994,1027037982.73895,2015545993.96607,21946.2559860207,7126.03172566284,4560.97810248376,18623.8210336958,30421.3652581027,158549.702210697
miura_01288,miura,1288,1,30,9,0.000652381924649198,0.00193526480171385,0.00317585382969248,4695434156.20629,1796812235.72119,12821.8037716911,4273.3244893739,3126.19764130885,23825.13283017,37438.3055300293,159626.229521843
miura_01289,miura,1289,1,24,6,0.000778060243585623,0.00544578675395205,0.00194746969321568,3774840265.90824,1573001755.22787,289082.027513496,108433.213316972,33717.7535739439,43606.2569766911,74500.7989896538,383787.666380622
miura_01290,miura,1290,1,30,12,0.000905312010067982,0.00382637252223186,0.00176104121284808,1662840375.48607,1290117866.31597,66245.718750782,18172.4150221061,6550.73291337974,42794.6100667612,68629.982336758,327635.803871096
miura_01291,miura,1291,1,24,9,0.000801269053871311,0.00258746295133086,0.00298498842920591,3706890059.15536,3497678380.5043,51327.7424859846,16856.2457119033,11380.0863301768,31600.1422639341,52575.7728895336,312438.650290155
miura_01292,miura,1292,1,30,12,0.000645319887650489,0.00184807958916521,0.00292640976954495,3753892253.20413,1581479591.6922,6657.67046694923,2266.1581948388,1878.79770468805,20696.9984449682,33070.6949743978,159778.037737475
miura_01293,miura,1293,1,30,9,0.000695306440453689,0.00439792616928704,0.00147506363413847,1239564079.68446,1520498606.63916,170843.344088485,49070.671249239,14408.5177849183,19011.9887961765,34386.1273175801,245230.737653028
miura_01294,miura,1294,1,36,12,0.000713292112263203,0.00163882032509867,0.00140871644179214,3695821486.95381,2862989772.58725,19112.2889008813,5940.723764523,3407.9167107828,66263.7285638609,100766.338497297,359894.086539256
miura_01295,miura,1295,1,24,12,0.000782284353653658,0.00266032305866607,0.00393581620261253,4174444564.37975,1399363329.73794,11177.7897796302,3814.81734993963,3107.87392408367,24597.8926893944,40485.3038255511,222959.199951412
miura_01296,miura,1296,1,30,6,0.000569754604798148,0.00265767377857707,0.00171013500944597,2887238232.41328,2130359913.67344,92517.6127206221,33831.9648824213,13474.6432767145,18813.7685515341,30967.606779178,154658.874228627
miura_01297,miura,1297,1,24,12,0.000808412093806952,0.0019408805914138,0.00344505538185817,3150562705.77299,2333505934.08221,8573.28372369176,3114.84691131564,3167.63577226969,23586.12193411,39062.7783615615,226214.538417202
miura_01298,miura,1298,1,36,9,0.000936021588524377,0.00338566997875079,0.00271436904260475,2196068333.7453,3928492165.23579,160302.231752503,48695.6725229076,18647.2587605557,49476.7757335449,80246.0953984719,412508.799207933
miura_01299,miura,1299,1,24,9,0.000895510731920681,0.00473734786492491,0.00330442290815359,3619774737.14207,4750541051.02434,335793.527549196,100671.980505268,42831.9607363057,43907.9821468701,79539.7853738512,677182.4723024
miura_01300,miura,1300,1,30,6,0.00051544582606287,0.00489167857150579,0.00153095795784319,2987906176.89813,3766634767.83034,518934.845152212,216392.389974558,62632.1290579137,20568.5624896953,50616.0797893274,496171.844427367
miura_01301,miura,1301,1,24,9,0.000526683050023672,0.00227274044452162,0.00220881601909727,1869426519.98699,4500474796.26035,59741.5268978463,19567.1975877953,13007.5754296439,7510.85614897227,13893.2929679969,158220.782330503
miura_01302,miura,1302,1,36,12,0.000737943792928467,0.003990355764449,0.00197278989791241,2170453415.09248,4627336652.57924,260850.823053116,69919.2834952532,22711.6564133372,37132.5996262613,65994.0138370772,516554.228646268
miura_01303,miura,1303,1,30,12,0.000648055652536202,0.00140880946064191,0.0027560998511688,2346504204.34274,2589017490.26508,5262.22595183818,1896.31081029627,1946.40828769503,14340.4910657417,23363.7143761055,130676.421428457
miura_01304,miura,1304,1,30,9,0.000556296332665889,0.00243863914503768,0.00214166085524999,1008128659.78767,1434336756.4104,27393.1740360742,8569.80159367269,4414.52374578194,5488.39081998688,9524.85959432164,71888.3049002658
miura_01305,miura,1305,1,24,12,0.00065493352634746,0.00261089464545415,0.00160184227382487,2199375670.91647,2853770938.79792,49286.7015346717,15181.7416909187,8393.97781428232,20525.8323069864,35393.4624074453,264092.623465661
miura_01306,miura,1306,1,36,12,0.000728228398458343,0.00552387317224711,0.00262599576447837,1529975710.914,3457676060.9407,355929.779035425,91292.0556431162,26228.4481278096,21913.3931561874,44529.6882070051,491961.703393549
miura_01307,miura,1307,1,30,12,0.000864552030732056,0.00361510232153971,0.00204773284086783,1522316249.47722,2789140355.09685,107666.543425635,30463.9776985614,12158.9811870062,31789.2865026084,54081.4747351846,364884.310071142
miura_01308,miura,1308,1,36,6,0.000513640887671607,0.0045860004391321,0.00131652532251033,3249514828.04364,1761637091.61691,183815.883639227,84583.8517129871,23811.2892298836,24612.5839571634,42893.9096311102,224317.602807413
miura_01309,miura,1309,1,36,9,0.000952673122045008,0.00319193742599413,0.00338099256651941,2991327337.51731,2142710524.02568,63642.7719649947,19593.9178351173,8471.75101456639,53635.0655667016,82518.6528093473,316413.582611515
miura_01310,miura,1310,1,30,12,0.000586862972729249,0.00445877518520917,0.00169544275739298,4829232742.33701,4360407536.88484,344765.641053593,90556.1561506947,28681.3991268065,41419.159477228,75752.0141544435,655329.267532698
miura_01311,miura,1311,1,24,12,0.000630630257321755,0.0038831183486836,0.00218354046067392,3075817052.10261,4098755849.68883,163375.059118961,47523.2506501443,21235.5614257024,21368.6953339849,39685.7698703619,428100.296433564
miura_01312,miura,1312,1,24,6,0.000965682701451507,0.0040109704814043,0.00173061924854244,2325497533.98341,4279772422.3536,462069.898768778,166505.835696402,58957.7840628046,59905.75852717,104727.839732874,619996.331744576
miura_01313,miura,1313,1,36,6,0.000623878739724033,0.00141551928359986,0.00358030751248856,2499868726.39071,2758277698.74561,15751.0291420132,5478.77387786155,3759.21075766345,11770.6584573055,18302.2683553738,75612.6327051676
miura_01314,miura,1314,1,30,9,0.00061303918102179,0.00460119962242785,0.00392789097891636,4882663051.9754,2273871002.04429,142326.141060878,42749.8558851411,17002.7812675061,19599.4744119995,34816.8000198073,267736.56180062
miura_01315,miura,1315,1,36,9,0.000812777134796599,0.00231912260254858,0.00326814252811923,4468523429.21203,4935539370.94445,63842.0624756445,20258.5745024241,11050.3960806567,52847.3583795933,83077.8468733479,373626.382467738
miura_01316,miura,1316,1,24,9,0.00096586339236776,0.00386180618210036,0.003677628198747,4262920426.47355,4559616475.66467,169457.870890806,52889.1735022864,27769.6841145311,53439.594312751,90771.8283238007,595647.260688033
miura_01317,miura,1317,1,30,12,0.000892383288702376,0.00396052041427104,0.00198689607564249,4760563882.21636,2048033811.64163,104384.492717102,28814.1606275484,10603.3839907891,101321.864133121,159054.960527565,665892.579700498
miura_01318,miura,1318,1,30,6,0.000921375434480356,0.0055639629570709,0.0032958007421301,1933499147.38088,2613117587.72986,349032.722243857,138340.136642022,44327.9941551911,30038.6821902612,56562.9563474394,390094.006120309
miura_01319,miura,1319,1,30,9,0.00057143149616769,0.00587003617174543,0.00333990176527731,1583111627.04279,1189540031.15886,152671.708909255,44330.3140223032,14036.4480240804,7357.57607354029,15879.7963067139,182612.261334692
miura_01320,miura,1320,1,24,6,0.000502737584031331,0.00462600432651197,0.00234690558759541,2072039125.0312,1052193248.72849,129662.011754045,46618.1417084032,16584.3689967802,6666.12954006124,14129.6396079044,135070.617927096
miura_01321,miura,1321,1,24,9,0.000775613059382903,0.00584847881723565,0.00215894766595499,3802331214.34932,1088667746.55447,181973.672875313,51294.028093978,15955.6854172473,40673.0223229973,68427.2775254961,377385.339772897
miura_01322,miura,1322,1,30,12,0.000702325949779965,0.00137681208969244,0.0025528220504551,3306035173.40464,2794822730.56034,5782.44573468591,2076.05017611342,2101.75822932598,26761.7794842887,42758.1884567664,205786.530043638
miura_01323,miura,1323,1,36,9,0.000636968380943139,0.00297072430095241,0.00308982362304809,3901710157.57204,4306981916.72112,113200.016065588,34940.875194628,15439.1239627087,25546.4400683686,43018.9584119529,273983.833255925
miura_01324,miura,1324,1,24,6,0.000642354943614016,0.00118850862334445,0.002663666923302,3145041361.60283,4260451791.30787,15026.6055290352,5479.00919828365,5579.25097453424,14380.890779047,23280.103205388,115104.010849582
miura_01325,miura,1325,1,36,12,0.000583340045637245,0.00309363168170213,0.0036487932411146,4195819478.54042,3798000686.29683,63141.243694559,19035.0938447418,9556.08791111513,18661.4785427884,31877.940253893,237079.330508372
miura_01326,miura,1326,1,36,12,0.000553149129294425,0.00112913859607039,0.00302132691304027,4147036838.37122,4190884897.60635,4675.81839843265,1705.8103391267,1883.35103542007,17166.0830455167,27483.2850343031,143323.758154738
miura_01327,miura,1327,1,36,9,0.000506748329555399,0.00448311793931774,0.00226684190792282,3784482570.97789,2346458522.42737,209590.534885571,62251.1300033884,18704.534744125,18318.7506377171,34397.4381225416,274532.63850945
miura_01328,miura,1328,1,36,6,0.000523314058563854,0.00122343858960157,0.00335803019391018,3001763124.30865,1582288853.0952,6462.72126170657,2255.12763406036,1683.33312453768,8565.61679224676,13114.7117075746,47504.6244544049
miura_01329,miura,1329,1,30,6,0.000767909106156,0.00180166169473698,0.00258013202320064,2373521629.28514,4431335918.60014,57190.0724842864,19744.944449924,11749.0419548271,24517.4317138279,39152.7308420812,182464.755278336
miura_01330,miura,1330,1,30,6,0.000503771462467496,0.00168214274843064,0.00195412200617304,3701775190.39286,2823244000.50854,38008.1227080334,13145.6600878305,7430.80210259353,14339.7407136508,22989.0781427971,108968.580432593
miura_01331,miura,1331,1,30,12,0.000843764940679651,0.00455470462119721,0.00255532268801004,4501885382.48333,1091180684.51044,65487.2104443684,18016.6264471333,6559.61571564791,62952.3359247466,98764.6711215811,411675.959036918
miura_01332,miura,1332,1,24,12,0.000795965214322864,0.00404269882023977,0.00314338723842187,2194125019.66635,3253392045.27207,104418.002816681,31416.5722869614,15886.529231899,20329.1486166619,36586.1210385472,351809.399878252
miura_01333,miura,1333,1,24,9,0.000962587198806546,0.00252850963270755,0.00347231340000457,4046820736.31143,2993094932.62426,36140.3207370781,12086.0437959403,8871.57824235102,48633.6048522497,78675.3476248603,383486.805783359
miura_01334,miura,1334,1,24,9,0.00070270224885538,0.00583950297560833,0.00365471335759254,4173667034.34766,4865197170.09416,546887.533452268,160120.388135457,60234.8203908577,27362.4747194801,58355.0053274567,760153.347129477
miura_01335,miura,1335,1,36,6,0.000785598546337106,0.00594112633017306,0.00257339376748658,3612670391.84487,1565336074.31818,205759.241648668,93421.0871496341,26899.4223812996,47566.4423823024,75949.4366425528,302244.814975511
miura_01336,miura,1336,1,24,6,0.000514388654762257,0.0012488561158095,0.00222656712971302,4403419511.88843,1415554981.33,6818.16597323582,2435.2626140868,2215.98296163583,11480.5330492082,18124.3397467812,70608.7564181066
miura_01337,miura,1337,1,30,12,0.000916108357589064,0.00287575992968028,0.00264918787220082,3032240322.63493,2460700427.47894,39985.1492313293,12230.1935872119,6582.69355511129,53375.5396705723,85430.4089869184,414220.619783255
miura_01338,miura,1338,1,30,12,0.000520783907375403,0.0055781773384551,0.00307374642451299,3651665160.19116,3607740065.25458,316897.586428568,84812.1091059947,28302.2264659746,15467.0298332516,33331.9577433072,478598.131051863
miura_01339,miura,1339,1,30,6,0.000845803685525769,0.00403175271631226,0.0017681475283748,4161688072.66234,4118921836.96027,395597.934345378,156609.795666401,50519.9787253886,83457.5886642768,135681.112845974,596847.650529288
miura_01340,miura,1340,1,30,12,0.000652133191914562,0.00375677236922711,0.00254847330580054,1317511003.00592,4162762182.37719,147247.560246699,42330.049300115,17865.9158803548,11867.7634610668,23209.3500902262,299237.884078666
miura_01341,miura,1341,1,24,9,0.000759844747975869,0.00446938754679527,0.0013206152168233,4078465245.98061,1323968919.65351,164217.7095206,46446.7575515259,14680.1257657217,63631.2375962631,102411.484975938,452895.157364321
miura_01342,miura,1342,1,30,9,0.000796909204025057,0.00236397068672646,0.0024975524280507,1496373570.4297,1094407497.35523,16936.4516801709,5372.17119132328,3012.05012183107,17801.0214434367,28048.0393743303,121685.573295137
miura_01343,miura,1343,1,36,6,0.000721257412284522,0.0058501997678298,0.00268607271784971,1174574765.32472,4718964711.27206,601534.664929092,270066.283752609,78234.4217926938,17300.303227428,50781.1479460217,566678.895639554
miura_01344,miura,1344,1,24,9,0.000695090039598658,0.00256589707500751,0.00124694848841837,2879090772.44582,2722671915.80418,84784.8899248138,25904.1099317147,12183.0050491476,37775.8018735062,62327.0582607561,338005.483222728
miura_01345,miura,1345,1,36,9,0.00075447421592435,0.00517817968064052,0.00388053107487918,4833755196.89944,3146425939.4578,277708.372598804,83026.2315390848,26941.620796445,42026.2418688748,72420.9152714755,459520.34125659
miura_01346,miura,1346,1,24,6,0.000991923942206967,0.00367586371202186,0.00251267862026489,2587799254.1711,4865205002.95534,349769.26631112,121730.845157284,51118.5376679956,50276.1243771903,87091.8564242489,536525.795340994
miura_01347,miura,1347,1,24,6,0.000788644065528895,0.0035746104759186,0.00102461449317292,2033279166.58555,2373257421.72854,263174.639275243,97091.7108405298,31741.527186995,45964.5460151542,77101.6894870936,378770.087140154
miura_01348,miura,1348,1,30,6,0.000574229730116446,0.00221756921180341,0.00386147798173307,3561872983.87071,1449701510.45316,23260.0075459649,8031.50593857919,4758.1317374548,10259.1463163099,16351.7455990025,75237.6185899739
miura_01349,miura,1349,1,24,12,0.000529292167929901,0.00344030648779767,0.00109503872244281,2001723837.40651,1719004298.34221,90049.1089612462,24770.9830843971,9195.39346217596,15246.7942822889,27402.1405873265,233612.053208008
miura_01350,miura,1350,1,30,12,0.00097047406929341,0.00144278470083558,0.00118730778826821,2651507395.51401,1687623311.07037,8563.35245593234,2783.74459027696,1911.56921138157,107752.777283505,156522.290223509,392047.505259049
miura_01351,miura,1351,1,24,6,0.000582991589188902,0.00523889488009247,0.0025718297977607,4741184951.99205,1252307016.81704,189237.11115557,68898.9819727596,23458.5327226839,18722.7660192118,34213.0240686318,227878.550093763
miura_01352,miura,1352,1,30,12,0.000930255253886101,0.00513441362947139,0.00288262529122031,2194058117.29614,2731452392.27935,203303.208920086,55117.2592662743,19127.0421856652,41453.5620466131,71972.2768687721,518297.84564521
miura_01353,miura,1353,1,24,12,0.000849952944669454,0.00269873168943491,0.00204763439691337,3829031628.4773,3283675132.37521,49928.0550932089,15705.4794808686,9412.25592472217,56467.1956523103,93454.7267001098,530776.446267824
miura_01354,miura,1354,1,24,9,0.000932870071543382,0.00520862780023199,0.00102832533022187,2546871206.56904,2693956635.04244,553322.86791473,150666.486992007,40072.8315071704,99729.3157908209,169876.978779181,933743.596637477
miura_01355,miura,1355,1,24,6,0.000610515532275351,0.00235650809453857,0.00313294760261036,4849644621.28712,3350543924.45142,67218.518221398,22989.6273530032,14473.8699200207,17367.4814966344,29115.9015586155,174168.809329266
miura_01356,miura,1356,1,30,9,0.00056257521425802,0.00327070953686904,0.00107970667976033,2340971265.4393,4551209981.87474,316965.483730052,92223.6646944351,29588.5975602314,27539.0973314483,52002.423667156,442602.383077556
miura_01357,miura,1357,1,24,6,0.000696525545182661,0.003326647762515,0.00331206211223897,3127968532.55663,3656246399.61283,170729.439371688,58397.4131002808,28909.2950996899,17329.0021539224,31621.8535296915,253747.194664344
miura_01358,miura,1358,1,36,9,0.000993879350984553,0.00540380491369615,0.00298378670213808,2004233228.05948,4388465114.6628,501009.699220715,148490.367947447,43350.9315345593,53491.4956651687,96816.3320526134,686899.57053529
miura_01359,miura,1359,1,30,12,0.000582888923949483,0.0035385100679951,0.00136409622626768,4706854090.33935,3581598724.01404,184325.547784688,49950.6364590981,17314.8944471229,45238.9762774337,77290.6607541042,515052.707492518
miura_01360,miura,1360,1,36,12,0.000625276077071639,0.00426600999307658,0.00264231115926384,2009294438.13797,2350813365.37865,124707.012666268,34037.7510697539,11699.1860674145,16021.3730578756,28915.5421321123,246472.272326723
miura_01361,miura,1361,1,24,9,0.00073863422882531,0.00467820356222576,0.00284287497432927,3487233613.92061,2751217812.9906,212864.468350376,63215.0639515611,25595.9000528173,27432.9474569323,49678.5792853844,413407.220697244
miura_01362,miura,1362,1,24,6,0.000958711433163972,0.00511540668339976,0.00376533359760586,1386421741.77149,1670260574.034,195737.787883946,69097.5536747538,26688.635858288,17297.9280157542,32199.7544365748,241951.846912028
miura_01363,miura,1363,1,24,12,0.000808835356737013,0.00100417526948388,0.00217103188692368,4735792872.86985,1676443283.06248,1687.84320145858,692.548455399237,1023.91772088083,46263.1054189475,72699.1354607189,245204.46313259
miura_01364,miura,1364,1,24,12,0.000646448211144791,0.00503351006852784,0.00289273083111001,3964839377.51556,2280945932.90424,145598.338460469,41137.4733493082,16632.2660529272,21557.791515488,39388.0115414058,376188.844343324
miura_01365,miura,1365,1,24,12,0.000983800702033756,0.00485657108217487,0.00384685945698019,3634051936.61617,3767451213.14265,168913.586653396,49842.837071394,23461.7838231763,48782.0597416089,85163.8962904551,667184.056459874
miura_01366,miura,1366,1,30,6,0.000518754901516122,0.00267925271076578,0.00316263208002703,1510982790.70822,3283123157.2472,98060.1707652075,34394.4879004113,16542.1028944354,5258.01373018893,10796.5413046175,117047.718261439
miura_01367,miura,1367,1,24,12,0.000709903913478587,0.00461461740535331,0.00361177170538528,3009566500.0595,4716664961.809,193648.567162172,57400.1528443602,27455.7567717694,19291.5357179173,37081.4683771464,480973.829628852
miura_01368,miura,1368,1,30,6,0.000789139120840025,0.00392205813565936,0.00373778097012999,3850139479.41689,4236376058.57935,270842.53145402,98970.4208572369,39418.4422993762,32488.4865652269,57129.728761839,366855.416593518
miura_01369,miura,1369,1,36,6,0.000782162416696157,0.00401436860293606,0.00247956694271246,4558139223.50991,2871331416.54795,209600.8105907,87565.523783289,28668.2820354362,60885.3605756601,95182.9826935795,360440.537603064
miura_01370,miura,1370,1,36,6,0.000539470734269205,0.00252533919291985,0.00162594311052493,3515822154.90571,2534001338.15133,95239.0985476357,37420.0221269746,13751.4576473429,24050.3144632129,38307.8400503272,164061.166449132
miura_01371,miura,1371,1,24,12,0.000799656803608919,0.00460780734710801,0.00172449613765937,4782382454.68092,1204742246.98282,94796.7971406011,25640.3893753565,9071.03725332665,68077.6418025891,110262.732377744,525912.231750548
miura_01372,miura,1372,1,36,12,0.000655280340949254,0.00388135179809875,0.00319600541789831,1016724514.00456,3731714991.26971,130924.528328426,37224.2308123282,14744.3391760148,9080.28225900232,18070.7550315307,234416.77457578
miura_01373,miura,1373,1,24,12,0.000777211805054806,0.00383942729112436,0.00341623679314884,2991912260.55338,2043331244.20245,52564.1897440991,16165.0883826544,8882.61554084711,21864.4484071189,37691.7188282605,280462.255321033
miura_01374,miura,1374,1,36,9,0.000630016151924298,0.00525799841439069,0.00110806179323822,3007832479.41688,2313091729.08867,396887.354109834,115978.571182089,27119.3842156789,51940.9238702182,91016.9439274008,520092.600253023
miura_01375,miura,1375,1,36,6,0.000952005744958331,0.0043194659615018,0.00349613257310587,1942360833.26326,1864528455.10775,136403.011511636,55621.8754480361,18986.7327521967,33771.8244398518,53723.0364172733,223477.662091009
miura_01376,miura,1376,1,36,12,0.000991532883322959,0.00514188117024869,0.00242020075623427,1684219531.17307,3981065623.95616,364710.217693651,94278.1555724744,27648.3917744884,55519.0878860565,97340.8571925079,692043.516240143
miura_01377,miura,1377,1,30,12,0.000749758946192822,0.00533198528176882,0.00189443327302146,1684180827.27952,3202207987.82873,366428.107040626,93101.2021491444,27084.0751025397,28844.1966092614,56145.5939284079,568184.915963408
miura_01378,miura,1378,1,24,6,0.000975286148383777,0.00524544202967536,0.00370554943689191,2960523239.3927,1216892527.97715,152101.511492334,53963.5192873376,20456.9508419659,34596.0228876011,56798.674055579,267413.744758087
miura_01379,miura,1379,1,36,12,0.000649345434868193,0.0024317753992753,0.00300924913952449,4467575391.4364,4849076818.84041,48690.0404550682,15093.6288102924,8556.56281909852,31417.0406246516,51670.8907922983,311961.351388501
miura_01380,miura,1380,1,30,6,0.000921630584587131,0.00286288469383707,0.00137080962479623,4781577044.22867,2232794670.78335,127118.557772478,48199.3721647683,17412.886259779,139905.947280078,201066.491236858,470188.611092867
miura_01381,miura,1381,1,36,9,0.000788012924657442,0.00221183648366672,0.00229459731466786,3262830101.14621,3658900912.98065,56498.2667825622,17678.6560506804,8713.19041476186,49360.3942005408,76717.1790781488,317581.21328609
miura_01382,miura,1382,1,24,9,0.000643168594624706,0.00595123232915993,0.00232992382011812,3606217644.99001,1658834632.72679,273405.61031285,77275.2798955348,24373.5803174163,23528.3074007565,44848.5394338512,392591.72739481
miura_01383,miura,1383,1,24,12,0.00070597763866777,0.00234807528660167,0.0022688160900383,4675767661.32153,3042130568.33742,28230.9242084706,9289.32683096264,6609.45415646394,36014.1350709284,59994.4606757525,359669.771519719
miura_01384,miura,1384,1,36,6,0.000806688839783805,0.00247328706630533,0.00114838238093698,3345658652.79382,3548683062.5805,148640.284085071,60655.7376551351,20820.6687637347,99443.0220605193,146278.434079707,400162.397665057
miura_01385,miura,1385,1,36,12,0.00086685457622531,0.00369449516969318,0.00134864959267121,1551513692.59211,4320319069.93775,268678.667802639,70111.8328605849,21092.2122485827,58965.3899334232,99569.0607630536,612377.205944757
miura_01386,miura,1386,1,36,12,0.000755974904321645,0.00566763266360727,0.00235289450179965,3260391953.84918,4207844047.13286,498568.568996319,125313.465456233,34254.6430907261,51366.845826359,94775.2918447518,777110.638111047
miura_01387,miura,1387,1,30,12,0.000910973699947821,0.00401794386722845,0.00139919676567677,4364387201.18552,4213777388.33814,296955.290347905,78182.7225739466,24962.3272427832,145020.300895107,233888.102586839,1136542.56880563
miura_01388,miura,1388,1,24,12,0.000961174891999339,0.00538401802751298,0.00105254339046543,1089002499.46096,2642986940.3051,455450.521756332,109416.15710515,29043.4248461909,51908.0656397471,96130.6797481178,794744.351948511
miura_01389,miura,1389,1,30,9,0.000879671161685393,0.00457976590796299,0.00217691407161739,2075119646.83085,1381145714.73086,132623.957347655,38654.4353046835,12516.4164592602,39481.8054403278,64032.335742176,309007.192386694
miura_01390,miura,1390,1,36,9,0.000940386004109651,0.00370287050415223,0.00142839026927501,4810035798.35072,1845371169.05597,144214.536224736,42822.3020236438,12652.9039001069,183757.994664645,261881.622612354,634056.272823198
miura_01391,miura,1391,1,36,12,0.000806573278036703,0.00183650019506769,0.00323141898036102,3132133631.53598,4589076758.97764,19384.0807277191,6397.26503284326,4761.51694243625,37574.4654847655,59945.290011639,303274.119292422
miura_01392,miura,1392,1,24,12,0.000711061642799096,0.00334436285512208,0.00107211161579255,2088946539.90872,4488434607.79936,221723.963752254,61270.8736294486,23070.0938307784,39213.5892643807,70225.2912689922,592347.457917722
miura_01393,miura,1393,1,24,6,0.00051435052755842,0.00285949822907566,0.003249511914778,4334839199.64467,3174097257.642,102521.753115064,34946.4378757106,19202.2966202312,10108.0761515288,18581.7173882787,160934.260162054
miura_01394,miura,1394,1,36,9,0.000526570538597443,0.0025845298700564,0.00183017784773612,3605566789.54783,4785339903.38598,132981.226174826,40620.7569480316,16399.5789431849,22939.8588083482,39423.2692153879,267767.066677659
miura_01395,miura,1395,1,30,12,0.00059215749078006,0.00512720755538806,0.00119310943820915,4531109758.01847,1486039931.68676,215449.40933118,51843.5944110032,13400.9703033803,50364.0266713535,84464.439293151,473713.092495749
miura_01396,miura,1396,1,30,9,0.000803245964540657,0.00144061219155931,0.00272234711508545,3573296531.8016,2738993986.73959,9861.01281551984,3419.80252092732,3006.77028476213,38101.9031081676,59136.0210636973,223954.977740412
miura_01397,miura,1397,1,30,9,0.000725332462363028,0.00432262120873392,0.00348954460884081,4361402389.83526,1156341054.82891,67960.9270879936,20418.9100303949,8131.37764592794,28850.5773282477,46387.8471773435,222349.5941382
miura_01398,miura,1398,1,24,9,0.000728444738750352,0.00271927809246734,0.00294550470800129,1635589970.47573,4026789747.89368,68316.3984634877,22227.2283412498,14325.5161888321,12196.2865326079,21804.1036506709,204335.659200395
miura_01399,miura,1399,1,36,12,0.000713860281709007,0.00521806855553241,0.00284686988597589,3165326390.38291,3556305180.43451,299130.591977324,78584.2819525358,24075.240207405,34723.0465723148,63167.8971173077,525287.88514367
miura_01400,miura,1400,1,30,12,0.000593137129759005,0.00288925339509444,0.00315335004484304,4486037008.3019,3048748361.47164,42494.8577764002,13226.8195583257,7644.85838020492,19699.6481574357,33361.6787615145,234700.883700883
miura_01401,miura,1401,1,24,12,0.000505035042836875,0.00540507852531191,0.00233203124556741,3390862414.10747,1024591250.78948,95565.2263133916,25778.6962789033,9024.00904010189,11110.82569467,20736.0834861647,203204.749988109
miura_01402,miura,1402,1,36,9,0.000803685854485683,0.00313350963537829,0.00225720679711893,1489588995.99456,2898385382.83639,111809.514890395,33926.7845687868,12859.5419873533,26184.8399904181,43454.6734796457,248614.767949367
miura_01403,miura,1403,1,30,9,0.000885708907475737,0.00452909220475095,0.00261632958874646,4274218057.39593,4049907050.6839,332133.073294359,97783.2299025689,33951.4703850986,71878.1080582702,120598.786614217,695970.106611281
miura_01404,miura,1404,1,36,12,0.000614494168908938,0.00419794337880368,0.0022436906581579,1898098433.85015,2622569880.98021,152183.778861598,40919.6729154338,13417.0519000371,17152.0281201469,31419.3308017453,277024.134494814
miura_01405,miura,1405,1,30,6,0.000797116378529077,0.00106057019127499,0.00233368207680338,3254056682.49264,3886255671.77209,13287.7823082981,4696.09179727795,4028.94037248954,36214.483015102,55415.5958703284,175335.450252932
miura_01406,miura,1406,1,36,9,0.000833489637065177,0.00242843311557866,0.00155209125251223,4941997857.3217,3026087902.72584,82523.1359212359,25168.6001317532,10004.9263414665,123294.187812122,182061.986335482,529159.333016076
miura_01407,miura,1407,1,30,12,0.000744973873276533,0.0029494436493113,0.00151822213256841,3939546355.37364,1108363248.19798,32072.3876065524,9186.69571004886,3840.2781628672,61935.5815298511,94881.8703559173,338880.929476585
miura_01408,miura,1408,1,24,9,0.000930310688745313,0.00339256997937365,0.00226901371407382,1100492822.75104,3405639656.41184,134739.493314352,41318.5709249536,19785.4274873053,21528.5912473547,38392.040385437,318789.814695739
miura_01409,miura,1409,1,36,6,0.000806488927830586,0.00297335810929257,0.00251369391097201,4019505780.90623,2955935948.40918,124326.23179684,48254.271792006,18276.0234707147,56681.750882977,86376.4591147154,293013.703650819
miura_01410,miura,1410,1,36,6,0.000761423795483461,0.00451401806419251,0.00228552763077508,1629337177.95029,2737372888.23887,247318.647916824,107098.846503957,32881.7430521881,24269.5726458138,44694.1705799301,282419.399983887
miura_01411,miura,1411,1,30,6,0.000788637852470722,0.00548231217357372,0.00141217079063072,1862591305.45848,3186354596.77864,528838.697445452,227112.588195236,62617.2183944708,42067.1630049546,82618.9224392475,564255.573682377
miura_01412,miura,1412,1,36,9,0.000795156489119175,0.00191750499946372,0.00103071594210406,2706485142.23486,1869551893.88091,38495.6632302502,11767.9729170755,4785.86289189549,86087.9619200475,124082.446481968,313051.277630752
miura_01413,miura,1413,1,36,9,0.00096855469076899,0.0046752171147357,0.00185864131964007,4391180817.71614,4228610364.26833,463977.157592083,137103.308470692,38110.1379135947,153496.722993025,240984.06641382,979214.450549161
miura_01414,miura,1414,1,36,6,0.000786634386064164,0.00334026813925444,0.00138841427113076,2122860139.59811,1394716380.35018,90595.7445638199,38849.1732971648,12252.5841779036,48927.8501805304,72437.7070914574,205432.801539728
miura_01415,miura,1415,1,30,12,0.000715256784059282,0.00237380777309947,0.00320771304578067,1165042873.33838,1829184817.45505,14294.7429997356,4649.18183486276,3218.8975541603,8793.74660329728,14834.8289340582,104114.834961364
miura_01416,miura,1416,1,30,6,0.000997270146595172,0.0044172535311273,0.00360910460898615,3583601847.97478,2455598547.88891,204808.93678898,76783.7886040509,28326.1883759614,56986.1591725033,90722.4261376379,377651.517069064
miura_01417,miura,1417,1,30,6,0.000876114925780499,0.0031179196432688,0.00222597261884084,2383707413.40717,1692625426.01202,89073.9161007887,32750.7045913241,12858.7064741716,40166.3798995636,61991.568346867,218849.146936854
miura_01418,miura,1418,1,30,12,0.000927972983711299,0.00268224178804457,0.00343634947040705,1707139014.37711,1351248917.30925,14166.3210186162,4520.70931807863,2895.26851969121,24135.1507557691,38750.8267336281,193152.043126427
miura_01419,miura,1419,1,24,6,0.000859654836282788,0.00568433278677741,0.00276972963559682,2007160041.74275,1671527933.16522,285839.405760772,104801.121176626,34826.2264801878,24132.7365027963,45529.3399899583,325521.564909415
miura_01420,miura,1420,1,24,9,0.000680201249870509,0.00498994474912609,0.00251048583973591,2154276415.49111,2297266214.12476,231572.78783014,67493.8142459399,24806.7038051446,16608.5277309347,32769.0571311068,346658.368649175
miura_01421,miura,1421,1,36,6,0.000562731801379558,0.00592178634710557,0.00275448806575832,4777740938.80615,4951962585.82705,638932.18242336,287040.531562142,83155.6801985565,27845.1028694973,67287.4509489725,628089.552505867
miura_01422,miura,1422,1,36,12,0.000857773931061956,0.00506655711307788,0.00292507753021321,1557210825.09033,3874602716.52905,296108.356512384,78590.7606781547,24789.0167532707,29756.4274490377,55321.1481711275,503788.685813008
miura_01423,miura,1423,1,24,12,0.000875190719225569,0.00132922255330912,0.00276089566106207,4719619379.56802,4628039035.31476,7329.1682946217,2854.13372695881,3665.98156008123,53260.0913961706,86748.8050250752,432807.330723001
miura_01424,miura,1424,1,24,9,0.000946889282268897,0.0054358728891745,0.00172221484356296,2468833778.07754,2235924046.95498,366349.48247371,102687.530567268,31110.9448137641,61990.7007072411,107176.036432326,658523.729367062
miura_01425,miura,1425,1,30,9,0.000510416169983535,0.00289495857696553,0.00232877621724583,2955153593.62792,2813435127.71334,79608.2538969324,24492.1878644518,11379.3976228198,11726.8544469285,20838.4628579848,170439.938865856
miura_01426,miura,1426,1,30,9,0.000757992146784033,0.00292504027314615,0.00160749910217484,3833681750.77402,4778289293.00162,188905.970272011,56776.4645770581,22665.6151902653,64061.5780243745,104632.651240927,547310.05064031
miura_01427,miura,1427,1,24,9,0.000870080223959093,0.00239398387471696,0.00207674622155605,1171529950.03804,1148788414.83103,18923.4625054984,6097.95412936165,3762.48319251653,17564.9229207892,28498.2667943876,141320.852660328
miura_01428,miura,1428,1,30,6,0.000861961284460841,0.00396043454083367,0.00262540798386046,3544572421.2413,1118122761.19934,87881.8173057017,33294.0841611365,11985.4298678558,47106.7215036433,71323.8875843064,222201.356869652
miura_01429,miura,1429,1,24,12,0.000746063159629601,0.0044338349624078,0.00111054343244163,2922822246.29633,1778797501.63753,180860.10737196,46491.9763293808,14330.8403520092,55574.0472789736,93894.0015128599,558365.784441208
miura_01430,miura,1430,1,30,6,0.000896478741034156,0.0053445547868941,0.00334551144701654,1313386367.15207,3276798079.56166,405345.977455235,158963.893236726,52047.6723418046,20707.0821189806,44782.9739762009,407646.054140086
miura_01431,miura,1431,1,30,12,0.000695461292547467,0.00524463376744377,0.00294709606167681,3960856973.34911,4998949637.46981,386272.944654808,104448.516758186,35935.2335815946,34916.4166748996,66637.3888449845,702628.684676635
miura_01432,miura,1432,1,24,6,0.00084842651827688,0.00428869806878545,0.00120490995849067,4631668015.71444,4935976111.10758,714993.256054945,268286.787277433,83382.2632126581,111626.605214485,189803.219678131,960856.066043263
miura_01433,miura,1433,1,36,9,0.000821749749166536,0.00372002362513078,0.00198873503443941,1726710078.32589,3455822665.32958,220204.202643864,65824.6990628573,21312.4115279943,37334.4575492582,63426.7012444021,381143.746856475
miura_01434,miura,1434,1,36,9,0.000703986067799148,0.00271369997827431,0.00342702861676936,3036628860.42625,3579176759.8901,67884.4429133683,21240.6799398721,10454.6028664867,23527.21803536,38605.009123606,220746.62961628
miura_01435,miura,1435,1,30,9,0.00054728799865711,0.00590357916382852,0.00362089850615727,2820150800.60129,2956220766.14241,363940.605007868,106026.045046873,34349.4952537696,12411.9961440666,29748.3071537137,414794.568389126
miura_01436,miura,1436,1,30,9,0.000783030235291862,0.00103426503565134,0.00373004566423512,1087867809.08526,4162902509.90771,4265.49997105876,1642.38006175171,2181.59770353998,8640.57202699834,14075.2160917341,79755.7770474838
miura_01437,miura,1437,1,36,12,0.000954747771016532,0.00323909245221967,0.0022855579738123,4985352040.8867,1245829613.28859,36217.5916169146,10325.247719876,4153.09329013109,127439.090086119,184337.095374124,485790.975495272
miura_01438,miura,1438,1,36,9,0.000600715316525341,0.00348598567357314,0.00182121814406215,2909510058.98693,3163265571.44528,183649.233231643,54958.3025175638,18034.271208011,27312.7712936452,47200.9586600553,303935.703773122
miura_01439,miura,1439,1,30,9,0.000853868423071311,0.00509836328356738,0.00336246649082175,4819275518.58027,3632804200.89157,331708.053305347,97724.2840433607,34101.6363200018,57940.5320686185,99416.6648450005,632782.659370677
miura_01440,miura,1440,1,36,6,0.000656745339207916,0.00597847985713931,0.00161408617191539,2817450119.98596,1011325636.89618,144537.680051011,68418.1964882785,18639.0424736724,34351.5244542993,54660.1469730045,210118.710484241
miura_01441,miura,1441,1,30,9,0.000636981542565314,0.00261191720166992,0.00196506844553794,2591447488.66357,2069142163.69893,51469.0280305362,15864.0916739582,7464.18618183686,21100.8306808588,34475.4852055995,185537.22325004
miura_01442,miura,1442,1,36,9,0.000743982148663185,0.00242775585901499,0.00226305358848718,3672879757.21731,2962875745.52807,59376.8840846989,18400.1526551486,8402.27690129296,47317.466366375,73383.8288915153,297996.004354567
miura_01443,miura,1443,1,36,12,0.00051548407428867,0.00449316590021376,0.00104149245485494,2397689584.17807,2474139475.53707,292674.64066071,70291.7843463431,17390.4378416005,27069.8992951059,50860.8004890749,413472.950270885
miura_01444,miura,1444,1,24,6,0.000816081957394248,0.00250117248100257,0.00101662709629906,3057813513.62157,3619054885.17505,193101.116180309,67740.5523787802,27284.6220234153,72917.4958856708,115542.584802367,454183.744388047
miura_01445,miura,1445,1,36,12,0.000863536765815062,0.00378635591832263,0.00295941955075391,3755570411.56802,2751244540.22349,96659.1891924743,27409.4860546739,10767.9371813974,60771.3139500724,97143.8987605183,477508.379794069
miura_01446,miura,1446,1,24,12,0.0006724288750127,0.00414170497745113,0.00239307034962702,3709186050.64428,3454741344.79449,151924.219022989,43995.6458654255,19354.872897198,27009.4771120509,48697.244280758,449774.012219756
miura_01447,miura,1447,1,24,6,0.000533497100355476,0.00360897680755918,0.00263163988343561,4100184043.57985,2466090656.46839,164763.674199951,57092.4795658552,24623.8033719137,13131.4822069689,24895.1444742937,209411.507977618
miura_01448,miura,1448,1,36,6,0.000633306246217978,0.00200753303859793,0.00291002529219943,3484577567.27214,2153073633.3916,35162.2628262951,12536.4122536946,6267.17898176548,20730.669475981,31825.9239244001,116718.986703422
miura_01449,miura,1449,1,24,6,0.000637845269578813,0.00511630128287956,0.00351144745039819,3153555972.01703,1798382773.88522,219501.670844886,77819.333863348,29399.3214835009,13386.9105371004,26977.0818538959,243268.019263497
miura_01450,miura,1450,1,30,6,0.000951371586975833,0.00498381070419112,0.00297406511223619,3071661420.6807,1759419898.43425,201307.608248756,78905.0100264925,26039.4679980124,51304.944163604,81834.0358696239,333360.22453441
miura_01451,miura,1451,1,24,9,0.000951379792896275,0.00238341279692519,0.00167965234733908,3709454858.15296,3032485936.60079,60094.8416153037,19023.212234782,10752.4523503644,85872.783811654,135663.497596952,550593.852030392
miura_01452,miura,1452,1,36,6,0.000858824450182273,0.00132760897163996,0.00386477805822939,3508204655.59375,3039510957.0223,13840.2402480691,4829.85724095195,3574.49341260011,35742.1228274424,53549.0300642246,154815.951871817
miura_01453,miura,1453,1,30,6,0.000715077832440497,0.00246397188710367,0.00183904058964594,2235861787.05628,1607941805.43025,56730.6402345721,20388.735066564,8715.66439145472,25075.8948982157,39012.1435890458,146474.919665315
miura_01454,miura,1454,1,24,9,0.00097387527456079,0.00375382093849679,0.00137511373170749,3680992971.5317,3547406131.26136,277752.137864075,80756.4992714099,29292.8736297356,117176.388670924,189872.205537553,892138.635863219
miura_01455,miura,1455,1,30,12,0.000656285738161268,0.00230587174132688,0.00195623808745103,3436952582.62452,4184955229.34057,47769.4184073139,14827.195794963,8472.80755725705,31874.6004734989,52963.6266839875,328799.992112721
miura_01456,miura,1456,1,24,9,0.000961785170072359,0.00296382515078739,0.00126827368612172,2242078613.70784,2222003866.2243,100862.131747842,30178.3779345905,12717.2190318418,72506.2743979975,115371.772764654,490514.389493241
miura_01457,miura,1457,1,36,9,0.000875442851209652,0.00574642961499517,0.00313047396823361,1985781254.29733,4013108826.51264,508155.39698557,150345.2202699,42958.0021635266,36868.6836479004,72120.4412260182,617049.818162187
miura_01458,miura,1458,1,24,9,0.000976676570356488,0.00412291892302929,0.00156403235191558,2603459270.20854,3538249712.25631,317322.981179346,91869.5692005641,32613.9393048817,77393.1470946966,130429.942777585,753175.703634179
miura_01459,miura,1459,1,24,6,0.000633830393912876,0.00478228212232318,0.00220320770463923,2616416969.89034,4673661693.90878,635657.312123765,230765.339621258,79120.3297919942,20862.4631813842,51701.0420772721,606888.605308741
miura_01460,miura,1460,1,24,9,0.000995546240351404,0.00421326728277054,0.00168303414511303,4753295643.58801,1828555194.49818,165039.665511464,47888.6632804815,17195.0104918754,125510.480195219,195806.005600236,725463.889868228
miura_01461,miura,1461,1,24,6,0.000829476942484446,0.00333941645297878,0.00334981036114247,3616615845.9503,1749345838.73527,81981.0850211965,28058.060573881,13952.7654076545,28468.4662743576,46052.8738400011,213265.458692116
miura_01462,miura,1462,1,30,6,0.000812726028857133,0.00560135865826784,0.0030371389989484,4388229348.95669,4339510423.36838,603795.931114551,241709.642665369,75847.2734592024,50802.5371071974,96364.1068751288,667106.444905788
miura_01463,miura,1463,1,30,9,0.000598291338713492,0.00385846541791574,0.00203857936340356,3599527314.54167,2304909507.70488,152730.217824984,45127.3749569167,16066.108136776,24854.2434903835,43040.0581920418,286377.478447835
miura_01464,miura,1464,1,30,12,0.000762594078809802,0.0028336239210352,0.00182270751158915,3546403247.29072,3383910695.94063,73886.674313329,21784.6064690765,10128.2658761994,53744.4439357639,87572.0538823691,471845.254126389
miura_01465,miura,1465,1,36,12,0.000702114652439473,0.00595031784312219,0.00232798258153036,2236355292.09206,3517460254.31723,471053.746276516,116756.438733854,30899.242320854,31136.1574810484,62446.7177969525,629505.209244217
miura_01466,miura,1466,1,24,12,0.000637625186540812,0.00102217186286097,0.00217312201566999,3885881247.27777,1063083534.26531,1071.67437094966,435.497586446763,633.306402592939,19799.9912085028,31572.0877113092,123961.302292812
miura_01467,miura,1467,1,36,9,0.000811188512331058,0.00342500476081293,0.00311673102439948,4477307925.69239,4667593673.83388,176460.587671913,53837.744687386,21480.206758012,57212.2111864746,92746.9953481467,479573.396759016
miura_01468,miura,1468,1,30,12,0.000939450020407865,0.00313805210676426,0.00340684768751208,1969962749.2637,2349871186.85532,38672.5019205397,11925.6473204554,6635.22931491532,30297.8883190632,49862.8683580442,290372.66706384
miura_01469,miura,1469,1,30,12,0.000859833050924423,0.00232355164153348,0.0015712633943358,3031862315.41432,2662162968.86283,38306.2967711792,11597.7741662145,5991.29984612159,72442.8077951799,113642.037955628,478708.14111801
miura_01470,miura,1470,1,24,6,0.00052261899708374,0.00356159594408869,0.0027738929263478,2619363528.33685,4566488058.63828,285300.495286197,98474.2103144898,43585.4220021576,9869.207929391,23080.1438701988,306311.153890249
miura_01471,miura,1471,1,30,6,0.000965402394955739,0.00322149449276642,0.00269256230349034,3995241869.25252,1141383861.23295,57984.4378701535,21110.4150735339,8630.36355465956,68636.6741240617,100052.604482061,248472.504586852
miura_01472,miura,1472,1,36,12,0.000964129628392787,0.00113611583521168,0.00359022871484399,3267515791.09965,4485335389.42228,4505.30883327761,1677.64389126308,1987.81418797549,55721.4088505183,86070.7262655002,328540.233076812
miura_01473,miura,1473,1,24,9,0.000883482928612412,0.00459031349297639,0.00135560382315646,1741329912.53104,2857035573.75979,369216.803023578,104199.073930582,32617.7374366465,47144.5662507155,84537.8212183932,605045.456407239
miura_01474,miura,1474,1,36,12,0.000625524108885344,0.00457444135885502,0.00364856602239244,3853975365.99831,4091608534.86816,199991.004800617,55695.7930666391,20478.4620370567,22977.8088623208,42170.8432842477,397035.697435363
miura_01475,miura,1475,1,24,6,0.000658338248325115,0.00386642117754253,0.00243485357802888,2787860447.93928,2937945154.41904,241464.560671111,84597.6165597795,33978.6845704626,18111.7070827608,34770.5168283902,290455.160097323
miura_01476,miura,1476,1,30,6,0.000532817159097957,0.00117502513418877,0.00155416262764264,3159601074.04189,4833197048.56629,30589.4035024591,10575.8008419721,7166.66786269807,17893.3578229942,28379.645159807,128082.742137328
miura_01477,miura,1477,1,36,6,0.0008482112244108,0.00487376760919919,0.00363131258163124,3525416313.22671,3390421063.92621,301070.886672769,125773.954984919,41017.9857594274,43776.6132824071,74479.2880039245,392526.868424455
miura_01478,miura,1478,1,24,9,0.000600082392753552,0.00158360213161024,0.00286006569491867,4896667767.91793,4941554738.80178,18686.3927596697,6752.54630245724,6832.87423793718,18452.4612940341,30807.0467926638,193379.419560298
miura_01479,miura,1479,1,24,12,0.000532742182551416,0.00471350383377911,0.00136396114110278,4797518489.26046,1232014208.15886,124521.569891786,32393.5458851419,10282.4503001046,28098.377362636,48771.7994368396,334143.030385532
miura_01480,miura,1480,1,36,12,0.000936247591580663,0.00381908017532328,0.00257315915567961,2834334002.49349,3927093882.04589,158905.327742799,44316.1283348004,16391.9970812087,68653.1517661543,111745.535745394,602618.546544702
miura_01481,miura,1481,1,24,6,0.000531427488537127,0.00565134017089895,0.00391944560584478,2855663142.33858,4700650705.82587,665759.867404196,237353.289020724,87249.7414711992,12144.8723208055,38591.0872677254,610485.160315258
miura_01482,miura,1482,1,36,12,0.000748951279582568,0.00106460617182315,0.00276477898830439,2795276897.85004,3125132253.30801,3281.52669734703,1202.00491832427,1343.84914296015,29608.9330046184,46009.834483137,187671.319783028
miura_01483,miura,1483,1,30,9,0.000735382327752907,0.00313564723957982,0.00354955600177392,2194041610.9086,1249465852.3506,30759.2574421294,9619.1564425142,4951.87449890206,15148.8004347618,24649.8995386785,131028.915680315
miura_01484,miura,1484,1,30,9,0.000628578400539499,0.00111504263229729,0.00190456981202326,4289995279.93761,1649605931.76188,4071.4441177556,1435.04009444828,1345.49970404024,29716.820592016,45317.2743610579,143517.006679376
miura_01485,miura,1485,1,24,12,0.000569430643229225,0.00350176987525423,0.00321548967801359,1409195646.44127,4169203823.69114,87010.6981359122,27142.9195681829,15748.7948428814,6005.99274970458,12324.4641681904,222992.172980104
miura_01486,miura,1486,1,24,6,0.00075518948299693,0.00284106765139468,0.00283150670065274,2284808651.80944,3446499104.09131,121958.187698049,41617.7556238699,21853.2706048508,17941.1107079099,31303.5021337404,216348.376361162
miura_01487,miura,1487,1,36,12,0.000623234099409991,0.00198357831155056,0.00339958541256367,4839839002.63076,1643706986.29305,8311.47404049604,2714.09662693051,1929.55479262551,24723.704676043,38617.3799493088,167990.473123605
miura_01488,miura,1488,1,24,6,0.00099949355928348,0.00115024938932715,0.00259592036737286,3784838266.02901,3439992816.42726,11829.3216192834,4342.52777618444,4497.36485982173,54205.6821925995,84198.8761007515,254989.746812791
miura_01489,miura,1489,1,24,12,0.000779588583635941,0.00204409118434776,0.00154241757742231,1825395926.47613,2543418141.01079,22737.4874144201,7385.38617247667,5003.01400287821,27794.1242360245,46235.6671636139,273723.88913812
miura_01490,miura,1490,1,36,12,0.000539003179223803,0.00282366920233135,0.00319184107761562,2900564927.41862,2267466171.86516,32917.6569599825,9970.76907929102,5108.88859637692,11473.5219700273,19417.5460434737,137083.226272222
miura_01491,miura,1491,1,30,6,0.000598634633529497,0.00232792891685378,0.00170563803778362,2673046291.28011,3526336662.67675,114609.446570573,41052.3197315112,17722.4366211697,20723.536072073,34670.6202102409,190898.246976347
miura_01492,miura,1492,1,36,6,0.000749128267795079,0.00400290674466795,0.00263960321604615,4231936320.98148,2973814659.55281,211394.72789382,87560.0478069005,29047.3848424868,47744.9178808971,76621.2208716356,328032.608488131
miura_01493,miura,1493,1,24,9,0.00063813895402803,0.00330353631424108,0.00103451876475536,3800802758.98739,2635216052.20392,185155.620410614,53720.48104634,19280.7256733982,47465.601287696,79724.7205494359,454003.463582808
miura_01494,miura,1494,1,24,12,0.000530553328237587,0.00235592958197285,0.00366904673210873,1623298138.70224,4662288920.26448,27571.6652969511,9614.53703097912,8468.78629683241,4298.4028772576,7999.97942121467,118263.588569393
miura_01495,miura,1495,1,24,9,0.000940636121298378,0.0021519477193159,0.0037394408672108,1006209348.49609,4042954498.62717,28411.0371148965,9894.21710202669,8642.16582542633,11905.3612962452,20428.1313903685,157323.43182681
miura_01496,miura,1496,1,24,6,0.000939160698994778,0.0055610174737702,0.00153683324387721,1944735274.21485,4582476416.99042,951775.396387136,365135.995649811,106535.572064963,57403.3464500236,119533.431907614,963863.852410649
miura_01497,miura,1497,1,24,6,0.000776395789122116,0.0058412621380188,0.00190507448874439,1196405025.73748,4872799802.15453,1020588.32945836,387402.044599798,115904.500173639,23525.5484747354,71582.1509141633,912674.802578257
miura_01498,miura,1498,1,30,9,0.00081162954072313,0.0055710626391628,0.00252073386038855,2228959978.83571,4493382270.48591,614295.567646521,176909.31055337,52949.1531341039,36325.6075589506,74532.7494333615,744517.007660895
miura_01499,miura,1499,1,36,6,0.000629949312937291,0.00245977186082714,0.00392254048513795,3337064896.87851,2794293745.94413,60117.3836887654,21575.6073338591,10395.0630699511,15499.4019137374,25030.6494413789,123616.859277617
miura_01500,miura,1500,1,36,9,0.000658065998538836,0.00416622688085915,0.00317135017717933,4697902198.25688,1440832104.14208,87511.869309976,26352.1181440557,9228.50617915927,30821.6842916594,49113.0286310748,226421.666960501
miura_01501,miura,1501,1,30,9,0.000927622306452628,0.00217302555103829,0.00247399936804536,1234640263.53103,3235872895.13391,39745.2039469733,12756.4638651401,7645.33800786997,24523.0705168562,39867.571727474,214168.131617625
miura_01502,miura,1502,1,30,12,0.000775402349817048,0.00189579734398663,0.00384854015762311,1746344788.29223,4574728206.36712,15777.4910700135,5511.71874551643,5050.47476702895,14008.9846405379,23578.1088980867,168585.78170923
miura_01503,miura,1503,1,30,12,0.000640053045104803,0.00524883310428589,0.00368007584125855,2846130555.80033,4414757740.90953,283559.828948596,78743.6962436872,29460.5699743128,17628.2043832396,36019.2611369174,492217.023010015
miura_01504,miura,1504,1,36,9,0.000731413917017051,0.00277248768931849,0.00371941798249203,4875942340.1682,3390015406.37276,63720.3253266678,19973.5317243333,9970.89330356004,37467.4856681368,59530.2513961979,284256.130323522
miura_01505,miura,1505,1,36,9,0.000726852371744204,0.00528936608741072,0.00340729716074133,1436048942.67624,4615358799.58354,463679.957300134,137943.058012128,42411.093407884,17504.3999800609,40819.6546788922,510224.912552624
miura_01506,miura,1506,1,30,9,0.000600898387044553,0.00564815523922318,0.003895255995705,3473872304.52863,4494409470.9012,472688.480965275,138823.732705569,47510.0568088208,18068.5373182336,41508.5284564649,566287.674095734
miura_01507,miura,1507,1,36,12,0.000766641304326989,0.00228159250850865,0.00391071803177996,3628450215.45321,3675389796.39316,24162.1483737032,7780.69136419383,5211.82463289463,31334.5948886225,50458.6822521104,270303.875401933
miura_01508,miura,1508,1,36,12,0.000799471138647025,0.00456473486163767,0.00388054559111852,1104687494.01222,1667884818.76654,76967.8642860931,21588.2036286588,8140.83585266966,12314.6739845262,21789.2263643079,177559.881245121
miura_01509,miura,1509,1,30,12,0.000745334622802171,0.00205876546736192,0.00230487718254317,4307440204.56341,4931645008.00672,35064.7372914391,11347.6670129092,7697.99425944733,47989.3010884156,78102.7136990159,428310.345376458
miura_01510,miura,1510,1,24,6,0.000818004179414998,0.00298995401405746,0.00251334816089136,4645935809.72046,4098534504.96129,180410.385554421,61832.3393027191,30002.9324351372,47928.0275465864,78856.336800719,400960.467341938
miura_01511,miura,1511,1,30,6,0.000584433088934797,0.00292323280888535,0.00343621126370313,4837775983.3416,3557098912.13188,123568.438562666,43574.4814748887,20362.4599355602,17985.0062667256,30962.5532366559,197084.516176221
miura_01512,miura,1512,1,30,6,0.000889914141986758,0.00373811496169954,0.00235601794219027,4095577934.88023,2220713679.73589,164109.966594658,62112.4594949666,22377.538632255,68213.9382573375,105114.975802661,363704.224091444
miura_01513,miura,1513,1,36,6,0.000616149154108132,0.00451542337858391,0.00130839384618399,3541429722.58197,2043395924.37177,209039.840911722,96057.4960477964,27188.0151164839,44512.3244533533,71851.2608129766,295978.121114965
miura_01514,miura,1514,1,24,9,0.000574616639759067,0.0011405354822367,0.00223715531496886,4837799038.25781,2717237386.12856,5202.34842495553,1971.92595699054,2374.29120134169,18785.7409404201,30360.4200697384,145107.65214439
miura_01515,miura,1515,1,24,6,0.000724530201038046,0.00156022753718296,0.00238412058687468,2979775072.06355,4600871476.07463,38177.9236862147,13319.5721582162,10432.0277424621,22152.3261919427,35971.2004067122,180680.388366547
miura_01516,miura,1516,1,30,12,0.000966415577247808,0.00521720838811835,0.00298356430059669,3376578571.79875,4098280516.81246,309355.40225793,83896.3055669345,29143.2572737821,68437.1005092074,117968.434932984,821409.178981527
miura_01517,miura,1517,1,36,12,0.000816042254831782,0.00456219282157057,0.00237255089297863,2790083607.67051,2213475698.06843,152414.478247868,40462.5804722489,12781.6867293124,48824.0749313231,80088.2166655203,436336.296786556
miura_01518,miura,1518,1,24,6,0.000742475949803209,0.00539542353465549,0.00382314725620884,3446630652.55674,4836622144.4889,629885.804260358,223586.46937439,83897.0326270063,24375.5892091725,55977.3743748771,636501.844473408
miura_01519,miura,1519,1,30,12,0.00071761843395049,0.00341645624731883,0.0038979288271849,4724644728.93525,3900068510.49789,72025.1100220522,22127.8029957657,12121.6746812926,29839.2867497731,50682.9859764644,360481.759542767
miura_01520,miura,1520,1,36,6,0.000734763556257191,0.00148003234844545,0.00204331106210377,4472669616.00137,4757467579.52651,47748.5911110882,16805.702797996,9159.12583551488,56308.8239482681,84401.4974746529,256415.786254449
miura_01521,miura,1521,1,36,12,0.000507361165899522,0.00157596546196878,0.00102475785270681,3626410665.2095,1417061643.21537,11312.251574202,3435.88861197526,1783.2168930612,32240.7089450187,48974.7840978464,174042.79729018
miura_01522,miura,1522,1,30,6,0.000743944320978695,0.00175987069458433,0.00297578627682844,3952508907.63713,3391146890.32809,36762.9374209509,12692.2544370144,8107.37978125723,30587.7764675,47576.8544829288,183663.773589722
miura_01523,miura,1523,1,30,6,0.000808516728462652,0.00324791296148815,0.00135537036920645,4520665387.62728,2287486126.51436,165881.972867597,64590.8778653488,21758.9933372116,94951.2256362819,142118.471738096,413146.079793832
miura_01524,miura,1524,1,24,12,0.000875253143878783,0.00496260329068026,0.00339873844286608,1177511769.72226,2175136670.00481,115679.252087837,33454.3596623109,14644.1750280905,14180.0883669363,26508.8205383891,291605.145319659
miura_01525,miura,1525,1,30,6,0.000529229822117616,0.00599171534809834,0.00108702472065487,2116704795.12894,3675674093.29713,719466.158533323,318982.542120535,83246.9296591985,23337.4218666497,66473.4795393023,683237.833636512
miura_01526,miura,1526,1,24,6,0.0009619445992204,0.00162829889595049,0.00331755792365403,2454940372.48198,3768300874.71774,26427.260574926,9354.45880620778,8081.3116967201,29157.0308219291,46478.8912205039,200621.220372615
miura_01527,miura,1527,1,36,6,0.000901474776655423,0.00533111556542634,0.00123697778535002,3046731955.06529,1793135718.83117,229634.365771604,109133.437039711,29843.0010567806,118184.455288371,173079.888265835,463395.049102427
miura_01528,miura,1528,1,36,6,0.00098863070510943,0.00179335898913231,0.00254686271885857,1196248977.00558,1857116308.6618,25450.9375033274,9028.73719504961,4657.50273509385,29321.5573157606,43746.6227789182,128860.748540444
miura_01529,miura,1529,1,30,9,0.000757781610825614,0.0054371756247478,0.0036028505345854,1503798430.26665,1055814673.89557,107218.767423186,31489.9421472588,10765.8180761456,12455.65510257,22480.6124152265,171520.139903474
miura_01530,miura,1530,1,24,6,0.000521082427780771,0.00127364585786492,0.00250307121713703,1815114444.19843,2785110199.4801,12532.6541737929,4496.68150944749,4223.39957955771,5097.80859632065,8522.50844464488,53322.8412988439
miura_01531,miura,1531,1,24,6,0.00061241547977146,0.00238934702308653,0.00100430011892235,1044781911.27081,4491068398.33792,217339.622873366,75814.8071030162,31216.4035054213,13828.0249620108,27474.1632438496,253687.308907805
miura_01532,miura,1532,1,30,9,0.00054422753386031,0.00426225959788615,0.00120996418249003,3652372795.19643,4823467971.94899,569294.310402736,162523.77731557,45836.4154603782,36204.9191856171,73249.8828082844,680779.265860357
miura_01533,miura,1533,1,24,6,0.000972553969839116,0.00284116923800336,0.00301259522639684,2013406529.59651,4214807155.05932,142270.506919191,48531.9039273532,26101.241829884,30311.642049637,51088.3300177177,302709.716811111
miura_01534,miura,1534,1,36,12,0.000798340651187951,0.00553926759675195,0.00205223729904915,1176338194.95268,4672553885.25813,575792.530073214,143026.245539319,38037.1189575118,29483.7400611995,62852.7003620152,726398.309532559
miura_01535,miura,1535,1,24,6,0.000856459701850143,0.00311502889611169,0.00227812635489475,1949691781.19086,1137286267.89173,59386.2584483087,20472.4885724875,9332.07509114779,24177.8404664812,38486.6789109489,158658.129441452
miura_01536,miura,1536,1,24,12,0.00066355345754136,0.00275519704970498,0.0026239514146919,1364250046.05274,1892848942.19936,24081.8716843778,7761.25800208111,5103.43509673714,8436.24301881778,14784.231695774,128335.830725395
miura_01537,miura,1537,1,30,12,0.000662329269236006,0.00324713865248017,0.00328978561990912,1580134273.35822,1719967894.45386,32119.3681674992,9796.94211374599,5210.52974439896,9595.95000179276,16595.4656840214,131319.50834827
miura_01538,miura,1538,1,24,6,0.000741378462828996,0.00418008668021329,0.00268904173963098,1818970765.77294,3628294923.47146,333677.538173016,117265.121025669,46233.8124253215,16831.6286322114,35497.6384365859,361788.83879885
miura_01539,miura,1539,1,36,9,0.00064796879053406,0.00262175350546046,0.00309449759433285,2062898824.27556,3060920817.68268,57604.6099416103,17996.2155623079,8750.17835198852,14246.5248598791,23968.6819594916,155461.262429068
miura_01540,miura,1540,1,30,9,0.00050628414847514,0.00291022527100862,0.00229961043885587,1141572356.61475,2180428266.91853,63147.0078607259,19403.5062424285,8939.30610862745,5044.46450159929,9741.54631169527,108636.211862144
miura_01541,miura,1541,1,36,9,0.000586037126952394,0.00511838480953886,0.00306550727632945,3014353689.58733,1191867346.53009,118954.918345463,35368.1327185945,10746.2494860024,15686.2815080348,27478.333158958,179446.727214654
miura_01542,miura,1542,1,24,9,0.000836151534750765,0.00525886636705881,0.00241197127991263,1538246325.28887,4055649239.2367,481065.031931385,138735.668711884,48334.1873361528,24924.867546467,52760.6106072271,641546.828294366
miura_01543,miura,1543,1,24,9,0.000505690569359132,0.0025526814997154,0.00102146034689981,3671772769.70909,3134777423.87892,113531.215053318,34194.6329110362,14909.3305959369,24264.4673049393,41934.5166728592,289573.777495223
miura_01544,miura,1544,1,30,6,0.000528269631379265,0.00325263113669189,0.00367325103307472,2376736121.39946,4556138179.43053,194100.45837827,68999.2902857289,30669.7102456017,8051.07387763989,17799.8348092196,210971.136543211
miura_01545,miura,1545,1,30,6,0.000861084608602796,0.00192283119485542,0.0020456509578309,1401125051.48588,1791051087.21974,32720.1445929563,11385.0010326079,5955.04153926167,24128.5493919614,37139.313088107,131184.150710488
miura_01546,miura,1546,1,30,9,0.000708922159983731,0.00145616393315466,0.00114006995439322,3613510522.92306,1373202241.63025,11442.520030625,3674.72081973693,2210.15239532463,58902.5734359127,86134.7206110588,219461.781803268
miura_01547,miura,1547,1,24,6,0.000787256150297113,0.00529061264527351,0.0035430313015994,4088139944.49442,3268331300.65579,426273.621207024,151744.559589178,56331.0674305987,30950.9662146071,59972.7210976749,489177.338974059
miura_01548,miura,1548,1,24,6,0.000510780937772731,0.00161102312146843,0.0011506176811257,4144394266.55175,4264116410.64159,71306.4601681561,24322.4435609775,13968.9084766173,22808.0082442204,37456.3305128556,195174.835946483
miura_01549,miura,1549,1,24,12,0.000773932521287759,0.00595888089737478,0.00205466951766489,4520492595.20207,1813435700.49541,242977.320593183,62671.3410403994,19470.0350282669,53818.2086995553,93416.3038439973,636161.884498806
miura_01550,miura,1550,1,36,9,0.000650287549541194,0.00321706615719657,0.00127055674945181,4994772266.51154,2447392999.52869,149753.157362888,44610.1613158499,13772.5301247289,75746.8911685816,116220.614648189,425421.923748571
miura_01551,miura,1551,1,30,9,0.000621920495350587,0.00420763369703145,0.00167284499569482,4567889710.13272,2344335629.80838,219971.950125671,63816.8276097366,20038.967778429,41646.3061693318,70368.9598164405,405246.956221492
miura_01552,miura,1552,1,36,6,0.000808207860416738,0.00379448587666577,0.00114990159582272,1461231468.43851,4620226093.7219,380740.271127743,171131.411019859,49776.6393883487,49631.5467131996,86651.0881057219,463987.43242665
miura_01553,miura,1553,1,24,12,0.000989233762129598,0.00520476999289787,0.00242987940212493,2185221434.66046,1687222318.8261,137463.406724025,37664.6094322746,13825.44440105,45024.3219252568,76767.7714486183,497421.277727575
miura_01554,miura,1554,1,36,6,0.000656373997026981,0.00379527411749941,0.00390284719255384,4161731287.16882,1772085622.42413,97299.0744152099,37953.6365999613,14161.4285897999,21646.437868439,34937.069997133,159696.183703833
miura_01555,miura,1555,1,36,6,0.000793360746540345,0.00397018794085856,0.00110027877842741,4085017139.95532,4274198963.42021,378618.943188319,172726.508983514,49574.0450158294,125715.975504309,192719.205188363,643675.203308805
miura_01556,miura,1556,1,36,9,0.000960979107221785,0.00443699627232721,0.00224349779792716,2691276689.98184,1013133850.71686,89705.1318620765,26682.2694270173,8070.07532344164,72138.359785342,106946.045386602,319427.713100057
miura_01557,miura,1557,1,30,6,0.000844201182599172,0.0020231471897,0.00126015593136296,2266279838.84314,4480596252.19749,128511.281139467,46132.5173396818,19823.4756108551,60679.2089287721,94076.6361105544,345303.422783548
miura_01558,miura,1558,1,30,6,0.000524119450900169,0.00361649991830001,0.00333723254949858,4927279695.09056,3425626942.79177,196300.224267763,71415.2962400935,28847.0223570457,14795.1996014792,28278.4570460267,232067.616559046
miura_01559,miura,1559,1,36,6,0.000911525547721533,0.0029501213843345,0.00303682596784593,3615035038.56328,3023655560.92845,113728.37607826,43151.6144714127,17281.6678719556,60489.4653410044,91715.3841057845,303035.41700109
miura_01560,miura,1560,1,24,12,0.000523465118211132,0.00205729751030962,0.00113581558770242,2296863360.33844,3037056048.51937,36549.4283142686,11434.2658983161,6708.75355575649,15524.7225262915,26822.105452553,204895.926827787
miura_01561,miura,1561,1,36,9,0.000918770906247536,0.00412601647351391,0.00199713341845401,2680380283.43527,1686734268.46234,136157.117388352,40517.5384468043,12342.6296663742,72568.7323941521,110783.480754429,393188.51143221
miura_01562,miura,1562,1,36,12,0.000917279433636183,0.00244971343137781,0.00259281455490836,1383076144.50482,2052504288.3095,24218.8241823514,7389.88092392514,3910.65473213135,30213.1738176738,47833.9082980494,226820.364650263
miura_01563,miura,1563,1,30,6,0.000715118481912011,0.00489642490588511,0.00353597039088621,2781522803.00351,3946277338.08845,405970.13410621,155448.022100353,53854.1026261789,21177.489761721,45041.9793371871,415737.732682342
miura_01564,miura,1564,1,24,12,0.000754125222171543,0.0018822183004134,0.00259868941681215,1253731122.33863,1720217246.0923,7450.45309007789,2632.28690229683,2428.1478399839,10509.4021845151,17699.9777441312,116715.530630977
miura_01565,miura,1565,1,30,9,0.000738193294674104,0.00219938399008492,0.00250761582628423,3758902615.57791,4887163944.52974,61330.9921787496,19669.1785718142,11736.9453872657,37148.9220110611,60429.7570937853,325795.60286518
miura_01566,miura,1566,1,24,9,0.000901942938569965,0.00202952129561747,0.00222441292634628,4640247857.44616,1824787927.96875,18206.4698046204,6083.60551951517,4439.5125564648,65896.4405883372,102299.906075933,355397.842358274
miura_01567,miura,1567,1,30,9,0.00068192663767205,0.0032127001877636,0.00336660605758705,1071084687.28321,1214124365.66861,33287.2045561928,10345.4980230447,5120.83739468878,6775.61759789817,11712.8437399799,85755.3546076373
miura_01568,miura,1568,1,30,9,0.00064559933449701,0.00429985603663314,0.00150748063303443,1389873946.66301,3377500347.57342,355471.60704261,102387.730399345,30681.6943959337,19489.6741934198,40763.1276165995,423908.647815203
miura_01569,miura,1569,1,30,12,0.000565230277541563,0.00347030417635179,0.00235000187160746,2045100612.34006,4285351395.76679,130724.355119939,37905.6929933657,16518.0843315379,12543.9379428269,23916.9967173762,286616.468546124
miura_01570,miura,1570,1,30,9,0.000769111506994966,0.00244082005222218,0.00245769701370195,1759937947.0331,2625863960.67093,44740.2424492793,14119.0443249991,7674.11938929912,20341.4027182755,33391.4324323968,188316.703686181
miura_01571,miura,1571,1,36,6,0.000617847210184436,0.00234917610762768,0.0013398875891984,3154748229.23795,4186764977.07909,149645.496329756,59139.9419232547,21470.1195453123,39156.1205315985,62125.7023891371,260178.065474043
miura_01572,miura,1572,1,36,9,0.000662134944984955,0.00251011835634835,0.0017997553401426,3271885676.55909,3244975009.69083,85100.0951569888,26038.5555533739,10661.3767447017,38452.6159220702,61029.6831413945,282699.974420641
miura_01573,miura,1573,1,24,6,0.000861908145206809,0.00344781910240486,0.00354017462303356,2137791869.32426,3147776523.57268,152949.590431027,52329.3377635131,25875.524682418,20102.8425782824,35438.7932418688,249782.277180167
miura_01574,miura,1574,1,36,12,0.000655392141181976,0.00225316161067988,0.00255369635061608,2512427852.6494,2873140928.64811,27038.4364144423,8372.37309574749,4723.1735449464,21103.0565369596,34364.4028585418,195059.240744009
miura_01575,miura,1575,1,24,12,0.000974187530190824,0.0032507632193973,0.00180504109570404,2373139336.08861,1724639511.51248,49972.9428410217,14829.3573390802,7133.68208194762,58237.3534382011,94601.3191186266,468111.227575778
miura_01576,miura,1576,1,36,6,0.000696654485280167,0.00272733784732321,0.00166316698305332,4846144983.60663,1222660246.60322,52674.983501342,21053.1017629234,7549.25593636222,61492.2388992483,87218.9631889164,196984.76842346
miura_01577,miura,1577,1,30,12,0.000905916563743286,0.00156640567699601,0.00131393575875418,2806222949.54402,1069117977.4501,6268.58339170497,2023.48652366795,1350.32940916639,83112.0508507765,119449.676522108,284831.405741299
miura_01578,miura,1578,1,36,12,0.000896061878933666,0.00344548750514786,0.0038940621755702,3767974307.74851,1548573909.25553,33059.8167437122,9821.42620077138,4639.47193567764,49929.4010170949,77514.6553725973,321012.263821981
miura_01579,miura,1579,1,24,12,0.000669600146771413,0.0030735432127603,0.00103161332292573,3048105259.42677,4769682931.52442,193448.031688895,54356.0705500997,21591.9719243743,47865.1238750578,83663.9852160641,632639.101359493
miura_01580,miura,1580,1,30,9,0.000954803467924306,0.00305902674524215,0.00375917753673391,3192189915.68262,3143707360.88011,68890.2694154803,21695.5493055634,11656.7417891956,44733.5811047539,71918.656427659,356641.229912445
miura_01581,miura,1581,1,24,9,0.000599322136928354,0.00209399260449565,0.00125211171215401,4437640778.82172,1372837200.43183,24648.2460048356,7779.9092979769,4333.41787370938,34466.1838823062,54429.6014005685,220390.455183956
miura_01582,miura,1582,1,24,6,0.000620697454969129,0.00435116232428053,0.00166697404910469,4190113559.3205,4402762337.95996,569032.513063852,208131.691873923,69642.39511538,33863.8410189186,69382.1802102539,597108.995705553
miura_01583,miura,1583,1,36,12,0.000983061464726331,0.0037975013548436,0.00358304969558248,2010585754.15774,1239744381.91105,37260.6842522989,10768.8562628419,4550.29905466867,38674.1062318626,60542.3810336246,263560.61673912
miura_01584,miura,1584,1,24,9,0.000656349770522202,0.00545009943637704,0.00136682542058642,1346327478.50582,3686482453.08369,703488.856095815,193957.437022095,54531.6064993352,21832.4762321689,55097.6406662562,757467.082656296
miura_01585,miura,1585,1,24,9,0.000665526928219046,0.00431397241714264,0.00248895130743131,3028795498.41837,3682842648.33011,256310.133341458,76291.4403194948,31257.5486360938,21672.5536450124,41622.9326834956,432202.890539777
miura_01586,miura,1586,1,30,9,0.000992855525220864,0.00331317501108035,0.00266935078867931,1151721256.38785,3027568101.56506,109827.928748547,33508.1314779316,14765.3011334754,27218.3525850979,45894.2660139137,288661.85130597
miura_01587,miura,1587,1,24,9,0.000694509843737343,0.00446150121993716,0.00192809817232573,1396922287.26889,3461661334.6935,321631.594381576,93468.682390454,33847.9239276783,16465.2637678657,34940.3260551834,438436.61465922
miura_01588,miura,1588,1,30,6,0.000659946924714091,0.00258427130701852,0.00188214062017608,1328961240.29572,1806458346.75751,69776.1066058566,25199.5875918913,10508.5671290428,12477.3671680895,20866.5187746817,113327.418272845
miura_01589,miura,1589,1,30,6,0.000712167156986089,0.00437654506645696,0.00128899077077466,4552457718.30228,2093221303.85785,254690.736984434,106010.033881323,31093.7584742033,72133.8941764117,113190.082881405,413285.784168993
miura_01590,miura,1590,1,36,6,0.000839038658052936,0.00211060275035021,0.00270528248814979,3853092932.82692,1178289998.69135,22905.8247969571,8269.22937427938,3917.1349386206,50524.6520010482,71458.741018399,154880.840235485
miura_01591,miura,1591,1,24,9,0.000718708077503173,0.00447600625370066,0.00247317580753413,1726268835.58043,2163899882.89813,166784.708584932,49344.8997267349,19592.2239083792,15287.9100611213,28973.5767967222,282774.369401364
miura_01592,miura,1592,1,24,6,0.000803211470280323,0.00355032404208399,0.00307360620359631,2237375590.1441,3106051460.11503,179535.053420307,61761.3002246429,28433.1981243975,19913.4448549102,35805.326401107,263540.321707083
miura_01593,miura,1593,1,24,9,0.000677141988716513,0.00170204296577742,0.00392737180965749,4273231080.47331,4311482089.86306,14948.377400325,5508.15190748012,5998.30961718985,16815.5187464922,28048.4085944134,175476.473818403
miura_01594,miura,1594,1,36,12,0.000636842507038654,0.00480714527521828,0.00261393930985613,3852137988.38954,2403781094.10926,175353.62159413,46505.1756961215,14640.1490549169,30913.0944797004,53546.7936854691,372645.436977539
miura_01595,miura,1595,1,24,12,0.000721895276595588,0.00420088245937989,0.00273108551783059,4251576255.09172,3815436126.67121,155069.511723788,45471.1010720572,20917.2547060388,32931.2006873749,58650.9735535609,514126.524487042
miura_01596,miura,1596,1,36,12,0.000718757422448871,0.00171967234535848,0.00296488644433432,4680212057.2194,4950096511.62821,18793.6501625985,6231.4519210241,4730.01168515053,42958.5742819411,68175.1422127708,332824.661785653
miura_01597,miura,1597,1,24,12,0.000869556792564679,0.00460040835174964,0.0035307203277156,3697177698.29327,2795870293.64676,116356.37528453,34427.4055097512,16366.9240377074,36980.1398137605,64216.4330462262,487700.500783337
miura_01598,miura,1598,1,36,12,0.000974001189388727,0.00532488843864928,0.0035992104981757,2307267224.34269,4012596536.43845,296120.063728903,79597.8328883624,26080.8522104426,48809.401196124,85362.213406134,627897.701466057
miura_01599,miura,1599,1,36,12,0.000799637107260497,0.00416590263034112,0.00347437231667643,1075827449.14235,3557978454.39992,140850.939999423,39806.8656923778,15423.3815910444,14513.2655255739,27082.7672541033,279264.300825252
miura_01600,miura,1600,1,24,6,0.00054032028295769,0.00142951059396884,0.00320575517261604,2675680810.42592,3239267596.43632,16115.0655674701,5789.33524447187,5474.58100577022,6543.67306318447,10942.9543408183,68733.0214288006
miura_01601,miura,1601,1,36,6,0.000940077296283485,0.00202844089420506,0.0020354584403079,3672367260.83803,1875728700.32209,39923.0213502393,14654.8963570191,6520.29926504529,89377.7463539852,124576.432744917,255381.295457783
miura_01602,miura,1602,1,24,9,0.000659832959124858,0.00310666276263627,0.0017675948057736,2910885562.50686,3392787967.15885,131037.499161807,39947.2841450301,18554.3052337151,25262.9680179185,44209.8737707653,331175.136081048
miura_01603,miura,1603,1,24,9,0.000619999306721742,0.00171435795743537,0.00105554274335212,3387833939.3256,4604565567.61151,54575.7460455108,17575.8451771362,10809.7551993156,37079.5087898197,61020.1819732046,334072.437915728
miura_01604,miura,1604,1,36,12,0.000587087625343491,0.00496262792856479,0.00135654996511596,3719913989.46722,2003628551.35461,251324.859306671,60892.9932967711,15341.0195880737,43672.794127959,74696.6380599958,453414.112361346
miura_01605,miura,1605,1,30,9,0.000870485179297199,0.00180441469697796,0.00133486956370836,1287211194.79548,4760718974.18726,60435.6475849213,19059.7950948517,10326.2634540799,38584.6438473963,62129.8073876534,311390.639671842
miura_01606,miura,1606,1,30,9,0.000946834252671948,0.00244227293053367,0.00327657846142439,1970759924.33648,2276335081.45291,30238.6194455613,9736.49050900428,5944.90657660399,30347.631223684,48252.3741160134,223988.909151825
miura_01607,miura,1607,1,30,12,0.000772305962391988,0.00521529873054542,0.00213389831871578,2866194352.18096,3298438557.65229,325797.467269213,84637.9873909408,26037.614584102,43527.8963931797,78457.8859417787,633045.186825118
miura_01608,miura,1608,1,36,6,0.000560441269516747,0.00133040591308144,0.00289151378197031,4559291753.78076,1590562698.20697,9266.03488818768,3223.71059314119,2140.30167522245,17623.5278572585,26407.0514472494,78334.5883423194
miura_01609,miura,1609,1,30,12,0.000846238909467259,0.0033402976789386,0.00214271347969429,1905174889.64144,3464825985.55226,103346.047371096,29917.8863397816,12968.7411809465,35490.524651607,60093.1025315768,401863.610105175
miura_01610,miura,1610,1,24,12,0.000984962712326406,0.00228734145961538,0.0035570221535345,1240895289.48377,2544589120.39329,14353.2790656471,5022.88537543821,4480.24587663495,17080.6569795353,28879.3403739796,196303.73622045
miura_01611,miura,1611,1,36,12,0.000543872958716171,0.00342586998895325,0.00240108846906019,1942349739.71478,2949627967.1071,94267.943995311,26703.1321419218,10434.8324341087,11563.2316916993,21110.613498027,200178.107621544
miura_01612,miura,1612,1,24,9,0.000517559420569598,0.00516212931288997,0.00276694945712034,1901655325.0426,3763629867.0498,383131.141237828,111916.525767273,41608.1396064568,9744.91322822322,25862.4037882608,472833.990855268
miura_01613,miura,1613,1,36,12,0.000558604063057954,0.00386980703534815,0.00283916276277491,1738334764.74251,2997437002.87481,115460.789289499,32443.5682902101,12309.9069705453,10100.1247721862,19295.9316568077,213900.017773997
miura_01614,miura,1614,1,24,6,0.000576393293524169,0.00210452145224303,0.00327149080600209,3745836788.63548,2062680551.69691,29445.9554905422,10146.1715210346,7101.35315182896,10582.1907274816,17483.8343579924,97648.2380247704
miura_01615,miura,1615,1,36,9,0.000796816468107111,0.00196555217209288,0.00218491746925509,2367452178.31321,3831514688.92755,44746.0475481956,14141.3052859414,7497.29357530899,39193.0381101455,61294.3299417132,265798.228822877
miura_01616,miura,1616,1,24,6,0.000764187908698032,0.00220597532718538,0.00330852529110171,2859994934.85514,4063290638.44889,65216.446167363,22409.2665887015,15177.0936713898,18957.1531228367,31667.3457919882,188305.609555303
miura_01617,miura,1617,1,30,12,0.000850976397632772,0.0032498532701887,0.00337529047432044,3282587174.32176,4971056494.33581,90953.7290056731,27813.4854379621,14949.684019398,39631.2342914204,67054.1329677659,463804.686956008
miura_01618,miura,1618,1,30,9,0.000766690087008541,0.00340047716645215,0.00352366164914607,2087824606.53487,1454148010.18216,44862.5057138802,13877.6341514826,6678.15461220562,16722.8188734722,27541.8710508967,155559.309238555
miura_01619,miura,1619,1,24,6,0.000993357717900283,0.00167558439135199,0.00346015612078735,4411691344.76618,3275641390.05893,24263.6990650285,8586.86285606293,7369.69975407333,51275.5950748725,80109.7447498372,278550.529481607
miura_01620,miura,1620,1,30,6,0.000968171775388977,0.00350314862550437,0.00134930200787804,1668126085.06924,3615856876.96672,300538.83824749,118847.786188202,38435.8475762159,65554.8438435982,106184.957899683,460330.226024087
miura_01621,miura,1621,1,24,12,0.000610966616511753,0.00257558246926149,0.00221453958961156,4662331479.93388,1117941376.36646,13884.6881565062,4456.49463242022,2884.54545479316,23155.2889428337,37907.1626593846,199855.501840244
miura_01622,miura,1622,1,24,6,0.0008850416802841,0.00214998289315456,0.00386549001435368,4933716951.51875,1361488804.12478,18188.1753342976,6304.44367994472,4633.00755730585,35835.2721418554,55350.0876113749,177085.374203853
miura_01623,miura,1623,1,30,12,0.000834707220747278,0.0049024391568745,0.00242614002578663,3065484004.35935,4198661177.46817,318636.122741055,85527.0118272074,28801.3617524694,51076.0153985588,90608.6320432736,711837.954150856
miura_01624,miura,1624,1,36,12,0.000761254665020683,0.00185063405688875,0.00224384862050812,1391547331.14706,3849496152.21557,23283.8248010975,7397.30949235893,4671.46829281832,20891.5430781996,34066.7233424341,196858.413874864
miura_01625,miura,1625,1,36,9,0.000822295741645893,0.005555568758422,0.0035017153602978,1286291247.14537,3857089658.21245,425113.504140366,126258.465294423,37997.5056198019,20095.5393518223,43760.629365164,481490.257215798
miura_01626,miura,1626,1,36,12,0.00055092854907571,0.00331812574548023,0.00215447798826695,3606950763.33941,1963189233.36347,63191.9106371139,17818.7332074195,6853.41723395846,21781.0653501306,36136.8583254516,216773.256331091
miura_01627,miura,1627,1,36,9,0.000551250737034029,0.00176060054784326,0.0024070892249792,4933184260.33994,4474839343.18598,35309.7214642427,11372.7498979677,6844.32788928463,25247.1704144452,40307.474531397,201558.101055585
miura_01628,miura,1628,1,36,6,0.000757105654065545,0.00307032570747675,0.00246021306534415,2019596717.05338,4799207040.83466,216890.618349658,84929.2082283468,31345.4153279193,27168.2293135221,47228.549368741,282793.065623769
miura_01629,miura,1629,1,24,6,0.000777534603198905,0.00232664856910292,0.00194373701602821,1258941542.61227,1570923350.3371,44799.3761463757,15289.9626722599,8115.07430855362,14322.3149268813,23397.1242699773,116409.031062064
miura_01630,miura,1630,1,24,9,0.00073213861342874,0.00156544778513917,0.00156239312986277,4938217870.33761,1380464514.7071,9276.68043240906,3151.41800489073,2465.54920422354,51589.0481598881,79030.4371840706,245101.512206342
miura_01631,miura,1631,1,30,9,0.000752066483141489,0.00436577250091679,0.00306806964982047,3843758944.08003,3901707754.52385,258846.125039565,77140.1038221692,29110.6493675656,36086.842056156,63832.9566290393,472804.658172676
miura_01632,miura,1632,1,36,6,0.000946756277170935,0.00531955718134489,0.00144097871567736,1381267653.9221,2259281679.3061,282575.123619213,132468.607069862,36493.2707111096,57322.2661973353,93229.1406225913,389914.073852725
miura_01633,miura,1633,1,30,6,0.000642852766190758,0.00435800859161498,0.0025467640890323,2549971167.21494,3550599169.87854,338891.553117452,131051.578643292,44329.541563681,19110.8186428915,39868.2198328685,349910.362344369
miura_01634,miura,1634,1,30,9,0.000981060397680961,0.00336804040377883,0.00265784227287116,3581983714.54487,3323821324.60064,127010.438837821,38655.6485035455,16769.4924481607,75634.7965483745,120006.274127508,536702.491114036
miura_01635,miura,1635,1,30,6,0.000739503412647151,0.00299731148009757,0.00205407996510532,3751796487.40943,2526459823.25351,127852.082782925,47003.2974102469,18428.3990008671,42341.1876856614,66740.3434612696,267161.084407634
miura_01636,miura,1636,1,24,6,0.000860337860140642,0.00590597719333826,0.0031739574923229,4573541807.93961,4044041400.86672,698491.96693609,254860.901721021,86049.8303600387,49772.1155746247,97391.1888661166,766289.230142947
miura_01637,miura,1637,1,36,6,0.000532780302821924,0.00110403239212322,0.0017737680378533,2107337482.20756,3037783461.9345,16035.2925107103,5579.66850402513,3553.22143246326,12333.0296226007,19049.5458545885,74405.7976563057
miura_01638,miura,1638,1,30,9,0.000527869178250374,0.0024745619891783,0.00269780514471486,4400246704.60807,4440684015.05959,72108.0469610456,22871.291189891,12786.7489366906,16179.2243907404,27918.4051828189,210233.355195963
miura_01639,miura,1639,1,36,6,0.000641924033823748,0.00514389901523074,0.00313781183530159,4399546285.54419,4849796611.25947,491614.575548212,211384.113110444,65520.5960188061,30876.2494683528,63921.8245125702,510439.265324844
miura_01640,miura,1640,1,36,9,0.000640138771594067,0.00596840550814386,0.00259446779942175,1290124083.42753,3257931111.09587,492117.22215654,144851.928759021,38552.5682046819,14974.7516942372,39067.9557639789,497143.131287225
miura_01641,miura,1641,1,36,12,0.000814364727544001,0.00302989870484937,0.002519935321887,3606641373.00839,2746086431.22209,60279.604292947,17596.6464069632,7734.02676964961,56644.4735678798,89469.8380246745,413317.081101995
miura_01642,miura,1642,1,36,12,0.000916441376885391,0.0028178711072158,0.00137698101298451,2296442707.2771,1269621707.71836,38768.6174223321,10792.2383509162,3979.60582503058,87727.9177756809,129217.492658345,378302.642595522
miura_01643,miura,1643,1,24,12,0.000603756203788314,0.00346488727191981,0.00186580661587833,3334720908.33598,2634011993.05367,87984.1157474258,25813.5367392246,11898.2633928583,21695.89896742,38238.4572880815,315255.702345509
miura_01644,miura,1644,1,36,9,0.000569741084160534,0.00490887456626484,0.00267856124809593,2147073934.98103,1072549834.54974,105867.056528132,31436.6507431715,9406.16997600777,11979.4199066912,21482.8743583193,150034.214352688
miura_01645,miura,1645,1,30,9,0.000608865200544056,0.00206313177833548,0.00123477122039631,2150063888.26515,3042563213.32062,59422.8788239928,18323.7373763817,8645.62136232095,24339.7426496272,39777.6032004779,214493.932829668
miura_01646,miura,1646,1,30,12,0.000970500295752034,0.00169539676907434,0.00375965831036954,2485419709.75,3963370598.82625,10307.3876305923,3687.57707301488,3687.57136349114,36627.0140238925,59018.3403211201,303754.045088903
miura_01647,miura,1647,1,24,12,0.000520740388889409,0.00337911088048228,0.00290401892587229,4941930931.97982,1548703517.98772,32170.3026764067,10001.3375564633,5728.34864471667,12903.0314446741,22332.9413393446,171954.769448218
miura_01648,miura,1648,1,24,9,0.000862592798109752,0.00376769658844599,0.00299301782509489,1839657591.651,1850169896.51896,76871.8396362271,23693.1568648771,11656.5715483495,20409.3606599848,34940.4857217591,236480.443313074
miura_01649,miura,1649,1,36,12,0.000932818435136041,0.00164481189158334,0.0035737995494775,3348199197.63688,2500207655.98567,7172.89056740594,2448.91365210651,2091.67872297355,52407.9750407355,80199.5425524149,293736.019610205
miura_01650,miura,1650,1,30,9,0.000689844366669418,0.00108662222984077,0.00108209162705105,2127857838.9217,3442390377.30223,12938.7347609197,4340.8003765507,3277.83934487268,36443.4669992537,56502.4006096018,214871.84868273
miura_01651,miura,1651,1,30,12,0.000752550504408385,0.00209732883638689,0.00158039538671368,2558839111.91595,4719281454.90988,50151.6540956694,15527.497958123,8782.15554566215,43359.2785546338,71103.8951245474,405328.736924882
miura_01652,miura,1652,1,30,6,0.000753492911460195,0.00420370288375599,0.00150725336196785,1056354485.99636,1656721395.90178,180479.355509651,73231.6581110751,22387.3248316576,18945.9427792338,34326.7259875137,209676.877773002
miura_01653,miura,1653,1,30,9,0.000596235451332567,0.00348570213261167,0.00260155150433612,2390145037.09205,3537891716.73502,149426.498168411,45255.9814175259,19009.2174360455,14337.6636071266,26794.7374229275,255417.77895048
miura_01654,miura,1654,1,36,9,0.000771970350061595,0.00318245805197989,0.00288897626299307,3349211867.84536,3948420778.00116,131186.148171333,40137.5006078716,16432.8126762918,40125.1402283769,65480.4555616864,351953.494561174
miura_01655,miura,1655,1,36,12,0.000650957808051153,0.00135588161308646,0.00107312404356336,3215266878.66564,2570276096.16647,12913.8973581466,4055.62177304533,2433.03224815358,56920.1275126101,85953.3181594209,291034.696846439
miura_01656,miura,1656,1,36,9,0.000965091111920492,0.00410247945467665,0.00225215053583098,3720852971.54204,4754931217.15946,350643.326088337,104650.338154193,33142.9152809136,108313.229503579,172939.310837242,788240.132443544
miura_01657,miura,1657,1,30,12,0.000868379308084252,0.00193418760895939,0.00260089189517667,2307750034.23811,4676467945.80659,24813.3948697639,8249.71060222697,6240.56616237387,36284.8715860082,59330.290777671,337656.910575211
miura_01658,miura,1658,1,30,9,0.000706259502433617,0.00224575883372105,0.00377891872657595,2770432958.63738,1865998279.3976,17163.5107499312,5663.35060377846,3938.64358067564,15695.5351632597,25310.7877870797,130322.95630232
miura_01659,miura,1659,1,24,9,0.000559600481544224,0.00353647556702491,0.00350366222970381,3848260452.53657,3751109868.67987,113497.486888145,35825.1708988118,19880.2393823949,11775.8839460914,22158.1012176347,249901.435243006
miura_01660,miura,1660,1,36,12,0.000833972010829764,0.00353968679496747,0.00379970577616977,3964276239.05193,1373081361.8632,32286.3283626652,9518.2225607875,4355.4426346184,43557.0903507707,67793.8718312562,285298.942818969
miura_01661,miura,1661,1,24,6,0.000924246476320208,0.00587063739833274,0.0017722414262831,2552629812.12231,4881249289.40165,1057951.65872204,404716.166324586,118938.196826199,62610.6966368784,130938.474421115,1069146.52592855
miura_01662,miura,1662,1,30,6,0.000922430708250245,0.00304397848379121,0.00141105987339397,1050441327.33975,2255639184.26016,142278.119061055,54380.9882245551,19038.5788675397,34111.329662504,54891.3346362959,237269.349837249
miura_01663,miura,1663,1,36,12,0.000533218455524305,0.00529682353241713,0.00179375286637658,2506467461.77391,3809385581.12257,462684.910964289,114261.049990017,29990.2330572792,21929.1538589191,47792.454420051,569945.230527024
miura_01664,miura,1664,1,24,6,0.000788736071560286,0.00564217538653833,0.00143853688719981,1178892716.47914,4231815360.13785,919468.489595669,355223.973094381,101643.920482443,27417.2013196619,74965.4078370015,840082.577049719
miura_01665,miura,1665,1,30,9,0.000818869200215507,0.00546830551882656,0.00161793418638692,4471552884.43911,1029431868.44545,176148.215122599,49911.9378991328,13338.9207096921,86718.505395556,132609.690028887,451967.614188109
miura_01666,miura,1666,1,30,12,0.000704895988830842,0.00239382906001146,0.0024336178904114,2419802943.17205,2570345180.2366,26683.5881015846,8409.34829261007,5116.41629577603,22135.1526790342,36556.3105354261,219324.92090201
miura_01667,miura,1667,1,30,6,0.000868389398891669,0.00450054260699106,0.00203664662630687,3877270863.74748,2174647964.5166,239984.848342257,95837.9696067262,30423.2652245796,70711.6759367267,111012.892263798,414608.111577558
miura_01668,miura,1668,1,36,12,0.000864157367848332,0.00423472373666482,0.00292750441453206,2835464627.38202,1972905138.70413,94481.9932829836,26129.1511882252,9391.23105100991,46824.3419707848,75334.7392687597,379801.553338102
miura_01669,miura,1669,1,36,6,0.000896129344212401,0.00257166597908699,0.00109706863319848,4075527771.13241,2606340027.395,118913.962482643,49306.2215643875,16571.6625357376,164061.042538952,226380.542046821,457644.267220903
miura_01670,miura,1670,1,36,6,0.000629569176482729,0.00262654205319141,0.0035665501289584,4800305275.15998,2354451091.71431,62720.4631238339,22908.421192507,10286.5338063236,23482.592949081,36709.44618375,149461.197725864
miura_01671,miura,1671,1,36,12,0.000694388993506611,0.0031183142655989,0.00127561038274737,2173908561.03036,2264415855.7085,95436.8434209238,25755.0614603113,8549.67010588391,42690.1727864402,68639.1580262717,340738.244159703
miura_01672,miura,1672,1,24,6,0.000936936378565305,0.00362447072689698,0.00123771259431019,1836319803.00205,3189616936.45874,332681.596213323,121143.749967014,41348.1587708533,57935.9599537431,97348.720792797,489688.947608091
miura_01673,miura,1673,1,24,9,0.000549450267134011,0.00159809490116601,0.00162750846732399,1965667593.62512,2280486710.29111,14882.3401837348,5057.77602937052,3984.71318413736,10031.1496192952,16779.4713376954,104813.288879289
miura_01674,miura,1674,1,36,12,0.000779500191850848,0.00130469316009763,0.0013407866567851,3352568585.24801,3476141343.03034,12814.1230106233,4144.78049680785,2824.50108726307,80651.9361014564,121372.133891842,397160.244155992
miura_01675,miura,1675,1,24,12,0.000508710044222827,0.00182640991372667,0.00174692760035552,3047216818.68603,2432495164.19727,13956.5704725869,4728.5466274454,3751.47713347314,11936.7598838121,20307.3561818025,143617.788822126
miura_01676,miura,1676,1,24,12,0.000835811326756248,0.00264632951281198,0.00272400250159907,2790195937.97818,2529191152.34934,27839.5441322257,9099.12112942072,6311.72033417715,30010.1062410157,50248.1299006384,312103.211713032
miura_01677,miura,1677,1,24,9,0.000763983243844647,0.00419062869000527,0.00179547735488067,2086325561.59686,1500441775.67274,126043.451343196,36771.3598531124,13575.9261293462,26463.1784708833,45320.5934376535,285659.159391178
miura_01678,miura,1678,1,36,6,0.000741629247116735,0.00246659430896344,0.00154372359827103,2549044691.47252,3433419836.13216,126348.945951687,49686.8871784912,18260.6558419585,46212.0710920667,71357.4334228197,260323.647828215
miura_01679,miura,1679,1,24,12,0.000921520023769665,0.00131727338391032,0.00382835507867651,4384736165.9511,3092528503.3652,3633.85234675915,1480.77099080254,2206.97854632896,40693.8906637101,66080.1916460239,314041.002845132
miura_01680,miura,1680,1,30,6,0.000535445696746795,0.00510000211229096,0.00214062112401741,1663944593.42535,3372923751.38617,450679.037579135,183211.683971007,55577.648146028,11380.0607435313,33799.0322025706,410882.622427492
miura_01681,miura,1681,1,24,9,0.000855815327487118,0.00481186151308306,0.00394895834893411,1280130429.39849,2908983087.24933,184361.127281544,55911.7067975753,25252.2741581333,13098.997910928,25978.8088536612,315289.51776977
miura_01682,miura,1682,1,36,9,0.000629336615938484,0.00436206467333356,0.0035469408291499,2285586406.49051,4539779653.43032,283269.365304965,85314.2013874532,30098.6798586843,15638.7574182326,32324.9342719509,360811.241800749
miura_01683,miura,1683,1,24,6,0.000544952322396274,0.00442306642724083,0.00190394282416397,1321967219.84418,3765560727.4039,471252.810211178,170908.492101995,58762.6831155931,10136.7311539523,30257.4547779256,429414.948757955
miura_01684,miura,1684,1,30,9,0.000998783917785647,0.00197902041473293,0.00386044561410836,2926137761.42428,4995557967.39328,31597.3273735083,10670.7944777141,8326.08868102414,44977.4435838288,71768.7107628331,344589.029761111
miura_01685,miura,1685,1,36,12,0.00094123497471697,0.00167612814425087,0.00308366474259712,2996585615.46371,4441011881.93864,15206.6661256512,5089.8047540915,4016.01472034634,57826.3207942305,90199.4110996451,387934.192715918
miura_01686,miura,1686,1,24,12,0.000665264389115048,0.00406686633453578,0.00361645566574419,2349133412.99524,4427719773.00902,126980.959015166,38780.5506272751,20746.9425067614,12628.519352655,24365.0326232457,340062.306202685
miura_01687,miura,1687,1,24,9,0.000704675578641155,0.00315139778765239,0.00140181094333745,4054290800.79271,2061952588.23275,101052.775458877,30187.2999003172,12611.3407944115,48270.7172407883,78561.6056672731,386162.269614055
miura_01688,miura,1688,1,36,6,0.00085352650523544,0.00170014229088451,0.00364779642175732,3324701830.77474,3515032563.44283,32109.7826035265,11197.4268166421,6778.63122428142,37277.6371266736,56443.4101685793,185561.916027279
miura_01689,miura,1689,1,30,9,0.000977277840432622,0.00111535122540842,0.00296365385960562,2186417647.14804,1017065141.62314,1777.2632013526,660.389770026145,745.029596649036,32630.1402939687,48676.5124196594,123087.706134994
miura_01690,miura,1690,1,36,9,0.000548511285717417,0.00255309226059227,0.00124902390406124,2731615946.07091,4996423474.9098,179271.189296762,54052.1537743005,19240.4407734347,28549.0877071214,49131.8128239036,321279.910926036
miura_01691,miura,1691,1,30,6,0.000614458359483153,0.00502572311761149,0.00314573308314568,1324883831.05002,4273462086.12128,484913.364934805,188836.263241829,62735.3346089074,10647.8292589219,32556.456587234,439277.05515112
miura_01692,miura,1692,1,24,6,0.000915293854488966,0.00559681600651345,0.00316835824539612,1343052808.82765,1089507202.91239,169370.785225701,61299.4542049751,21320.1399059498,16721.4104169779,30554.1840715649,205811.410341581
miura_01693,miura,1693,1,36,6,0.000851499959551791,0.00176137398000192,0.00275470685070577,4742600778.67698,2151994152.4395,26814.5606266662,9461.6259160573,5069.30305234462,64037.6795134877,92150.0405555666,213790.343074379
miura_01694,miura,1694,1,36,12,0.000613538877790208,0.005797307565674,0.00385109021558239,2921124009.50233,2066341140.10178,179902.368817037,47779.1846427503,15098.1412135545,15928.6483844267,30213.8059346491,293938.816432468
miura_01695,miura,1695,1,30,6,0.000742957397047173,0.00316010305942829,0.003586896112148,2361227445.1955,2411382718.22068,97701.4020241103,34687.0393028275,15623.5479386496,16831.594312977,28368.1944807761,163496.18251507
miura_01696,miura,1696,1,36,9,0.000655648609479639,0.00271078543652111,0.00111478211855947,3617454584.15322,2665704351.18897,119951.549745515,35929.3251366755,11844.133258625,64266.2675858648,98875.6724312174,370711.971514137
miura_01697,miura,1697,1,24,12,0.000808856943177379,0.00138564318337925,0.0034792560169656,2324344087.02847,3576897293.47525,5012.72257705641,1988.64173986421,2712.31463262473,17517.6640721915,29263.1923481074,182434.723649126
miura_01698,miura,1698,1,24,9,0.000854213230840955,0.00307407427938102,0.00394830050791929,2336417989.10857,3317103302.70875,61078.0873299596,19949.5165009422,13112.5825279053,19447.9842516887,33437.8658729377,246957.791889249
miura_01699,miura,1699,1,36,12,0.000743098700147911,0.00100603484213784,0.00352853135703037,2888538094.35554,3193424457.34655,2282.35942018499,873.452813562325,1139.7855393207,23542.2840255053,36856.9857196801,158343.9066055
miura_01700,miura,1700,1,36,6,0.000840463748583514,0.00560288737274484,0.00123550590698358,3426984736.52516,2990868494.9228,407465.35987682,194865.801126543,52485.2921417741,112853.894026952,176115.564309418,624532.691893029
miura_01701,miura,1701,1,24,6,0.000796223581259915,0.00566931540556853,0.00374573951351807,3989933663.62693,4817260685.77966,704262.487883857,252105.34482368,91279.7218261082,32913.2006892425,71545.1870942365,725035.880967529
miura_01702,miura,1702,1,30,9,0.000820173178399325,0.00219583545022642,0.00276205426177853,1544517309.74367,2001871091.73763,22974.3511725571,7422.0103251083,4613.64039328228,18672.8852850122,30025.8236797575,150646.873019635
miura_01703,miura,1703,1,30,9,0.000701438988275485,0.00404860477867686,0.00145619264145334,4469069202.16462,1893492218.93036,178459.627458122,51639.4681690109,15906.8203601117,63105.1072175565,100492.841201121,436695.886864547
miura_01704,miura,1704,1,30,6,0.000527558624179221,0.00208010840130156,0.00145640529055555,2045185710.31579,1424625888.05094,39668.7161589534,14148.3357718617,6249.06713759101,12088.1152554236,19324.3090827589,85965.2077416941
miura_01705,miura,1705,1,36,9,0.000655013396512337,0.00120696358338974,0.0024518365870453,2089313614.68493,2336157676.74911,6309.72446056783,2150.76790513059,1774.37530712472,16689.7615192603,25832.7385021068,104268.94312035
miura_01706,miura,1706,1,36,12,0.00085325505542678,0.00187026066324698,0.00348061467917079,1717016382.88976,2715639411.5797,11276.9517168721,3736.20621065948,2826.79067376261,22635.6755496606,36106.4825893941,182507.218694522
miura_01707,miura,1707,1,30,6,0.000610934050908008,0.00240198744944361,0.0012355829462716,4476740807.9269,3423737352.25704,143899.752336746,53215.2371348802,20470.0349976515,47291.4072509433,74489.1743226088,295777.355604712
miura_01708,miura,1708,1,30,12,0.000571389710171334,0.00304424971844313,0.00388785338670164,3692931803.80537,4216816739.8574,56086.6483772824,17652.2993559579,10679.4914216304,12818.6987056124,22668.7116855059,216031.486690166
miura_01709,miura,1709,1,36,6,0.000892746961499374,0.00573588733254523,0.0038200954290985,4030005231.83834,3879062037.66317,441135.519561354,190352.212274315,58839.2270506553,56018.0294516014,97785.842979707,541417.51368403
miura_01710,miura,1710,1,30,9,0.000584980531080709,0.00500405529263517,0.00270550920752606,4142658580.23666,2613434749.45641,265732.414456589,77573.1067784866,25458.6023924559,22148.6139542787,42147.9976384366,371468.461828474
miura_01711,miura,1711,1,36,12,0.000709953815209604,0.0021296269981833,0.00366229679558856,2831608494.71663,4214398471.7894,24110.696602864,7820.44327207492,5405.90953002402,21351.0851968415,35046.7135533346,212852.11713065
miura_01712,miura,1712,1,30,12,0.000860320669484049,0.00493112249495146,0.0032807220806138,1587520295.90702,3299432140.1357,197466.926455379,54905.6111279528,20634.1112928661,22992.3183933054,42510.9354804179,417428.993317415
miura_01713,miura,1713,1,36,6,0.000715052449542034,0.00100036421383829,0.00193247663783165,4135082808.30082,4625284169.25311,17694.6036930285,6163.14264864184,4349.50382322094,48011.9594173422,71428.8064557528,196016.61733836
miura_01714,miura,1714,1,30,12,0.000582621939024456,0.00119161464815235,0.00120300120649171,3716171723.34628,4930058871.95409,13491.0832338953,4586.30690559981,3785.15076066382,36944.7362255564,59299.8289775493,296404.365333371
miura_01715,miura,1715,1,30,6,0.00057123203449016,0.00340886724217341,0.00341969860927042,3056236877.81679,1418306470.64973,70372.2201334741,25328.2005717012,10701.4982233595,10486.7593157615,17928.5854596945,106820.198725687
miura_01716,miura,1716,1,24,12,0.000676013264970807,0.0023153341484922,0.00340889009942778,1399608458.90059,3944647731.117,23804.6117727769,8261.05602951129,7152.11225426666,7410.55325502464,13151.5319293902,137527.98088919
miura_01717,miura,1717,1,24,12,0.000984415902280661,0.00507416136399828,0.00342609610093135,4265789998.06115,4005712197.77257,225300.065735952,64873.7114494024,27988.9670072279,63793.6788011822,110987.50315064,834565.740921772
miura_01718,miura,1718,1,30,6,0.000946525373734648,0.0041639009730382,0.00360238203084711,2134767059.23741,4467784361.31346,330532.034392365,122454.860855239,46577.6945288602,32931.1208022132,59701.0326119439,411554.712632919
miura_01719,miura,1719,1,24,6,0.000863481434211372,0.00154545980372214,0.00345396590567353,4137645963.1292,2454314796.56068,14542.3817699004,5201.94207447419,4760.90897434684,31813.2422812298,49897.1944253115,179024.306726274
miura_01720,miura,1720,1,36,9,0.000841131827186748,0.00351369964528299,0.00288414525098204,1595075413.33634,2667323809.84503,113973.410779409,34603.3052430194,13191.0979926479,25311.2589231835,42232.9980681773,247992.404469461
miura_01721,miura,1721,1,36,9,0.000778782588183718,0.00259988834915195,0.00142787921913624,1108761368.5534,1830304758.27479,62535.8847269482,18921.6764338578,6961.42310994427,26539.071812506,41903.0616786359,185447.120977338
miura_01722,miura,1722,1,24,6,0.000571606500402836,0.00325927101047766,0.00139805029267479,3475986022.21496,4147075222.17159,326006.008216439,115747.264620171,43482.6056789342,25252.2686553391,48247.9086551489,382756.705547129
miura_01723,miura,1723,1,30,12,0.000776168751912845,0.00358527419950182,0.0013531258970734,2698812872.84096,1330963159.36436,71609.2846396472,19326.2235966702,6629.55925454544,55897.8031982625,88202.2492199059,379696.289112629
miura_01724,miura,1724,1,36,12,0.000674309721317576,0.00359536558303965,0.00154634388804127,1568141436.88435,2066081521.9811,107925.36731368,28813.1247205696,9250.83389343016,24596.0690401746,41597.3970550806,262494.364292207
miura_01725,miura,1725,1,30,12,0.000765628470873965,0.00300994451933055,0.00187478044362025,4144298578.86659,3637154910.63221,91640.7007209794,26748.7274576374,11966.1102551412,61870.2865045071,100895.323638289,544430.150861329
miura_01726,miura,1726,1,30,9,0.000865306741595775,0.0058710043993501,0.00253774782906868,4195004522.7103,3357582534.00299,514835.156510011,147656.132675767,42903.5395608153,69907.4940540254,122636.764984745,788119.108856609
miura_01727,miura,1727,1,36,9,0.00080536560661921,0.00446071193671434,0.00361562555846393,4250306868.79241,1461973985.98975,95559.6530414198,28773.2397223174,10058.577435505,43910.1148074752,68637.4883494792,284671.059772951
miura_01728,miura,1728,1,36,12,0.000667708247590973,0.00254114051681925,0.00155038600346662,4117730408.28297,2928795098.90066,60670.436164204,17473.8121925151,7283.62053481026,57587.0245204248,90458.703403531,402149.51460768
miura_01729,miura,1729,1,30,6,0.000966876514847633,0.00254769231765123,0.0035355884577502,1792768313.76645,1532711611.02252,37516.1705599448,13060.1614055338,6793.24403005677,25459.4069546736,39322.6643269402,142608.507732252
miura_01730,miura,1730,1,24,12,0.00072314389965228,0.00531548064203521,0.00102678508513488,1769156740.11053,3144033660.62316,534458.323174686,128398.389075577,34073.5672018315,40076.935229907,79459.386751258,808333.292222582
miura_01731,miura,1731,1,24,9,0.00088499315113683,0.0021633480593161,0.00244525508499959,1229836382.85442,3034720611.46054,32151.1459458389,10717.9303762284,7751.11282173613,17591.8787228507,29556.137343355,189101.289462434
miura_01732,miura,1732,1,30,6,0.00091546317494951,0.00259319290133991,0.00248038511459558,2360297455.87556,3388706852.18244,110836.546397361,39303.095840219,17890.475092609,42038.8529347214,66343.1925329569,275115.924928945
miura_01733,miura,1733,1,30,9,0.000905439089503795,0.00153855007400011,0.00132075030288559,1990636551.07691,1775767451.05015,15005.3520985375,4833.43754389851,2956.81618870692,59872.2415725262,89285.7099413101,255705.247620409
miura_01734,miura,1734,1,36,12,0.000876641301303148,0.00585289891329095,0.00295225134792964,4098688535.16076,1321210601.32088,144179.570025941,37004.1524843185,10662.1370092243,68550.9811637794,108197.901129618,475064.296003707
miura_01735,miura,1735,1,36,12,0.000543115780296112,0.00305868328550334,0.00166117792285807,1617037811.36817,3543743679.28765,114063.800238365,31828.6998718868,11784.1610798759,13762.5146659031,25116.2748938692,231765.829886184
miura_01736,miura,1736,1,24,6,0.000850077476444119,0.00487448724681852,0.00389604824639047,4592523863.37331,3313040803.98061,341947.826615119,119790.075211468,48244.9296246833,37459.1174903485,67270.0357214102,463029.240208967
miura_01737,miura,1737,1,24,9,0.000939167410875176,0.00355306819200536,0.00310611550820353,1751513252.10265,2381090852.23895,81548.5993580687,25448.5761612173,13350.8720466286,24082.4111482975,41085.9089470491,276419.301385491
miura_01738,miura,1738,1,24,12,0.00068274871225338,0.00493389791209207,0.00171872677038164,2691246071.8712,4436695226.84831,418365.298142145,110961.856045215,37036.7174974777,32065.8509131017,63456.132063472,745151.666665125
miura_01739,miura,1739,1,30,9,0.000569744713783316,0.00262587660149568,0.00140967156900484,4039139699.77636,4947265939.73668,163784.598836606,49465.045460684,20396.6768020264,34468.0216905645,58680.0781528758,380129.244335221
miura_01740,miura,1740,1,24,12,0.000528416549430506,0.00552714256879835,0.00354369302440709,1490223241.47738,1072190009.98769,74065.1101462888,20965.6476325279,8525.45189327355,4485.86276345894,9342.13408766734,142468.108112298
miura_01741,miura,1741,1,30,6,0.000995818661045443,0.00472596703080288,0.00154957216397207,4539608384.17905,1269608193.86847,165538.484926141,68795.7233075061,20468.1088341304,149153.766472881,211233.840562361,470580.064274143
miura_01742,miura,1742,1,24,9,0.000580230652776585,0.00533668755145175,0.00375890959700898,2531175865.56638,2428934688.78949,211173.856666789,62799.9618857228,25605.9953607393,9639.04556695566,21050.3036739862,303928.997056269
miura_01743,miura,1743,1,24,9,0.000945595567658457,0.0025423867054895,0.00316991859417479,3044358200.39023,2573189030.5185,34226.2326572361,11336.0565258947,7964.78329717247,38358.8387977544,62322.9837761944,313625.296914049
miura_01744,miura,1744,1,24,9,0.000533304114446822,0.00111387055018005,0.00147928612467141,4357322734.65043,4829631283.8432,12434.511717699,4515.74900159054,4654.23123389622,21344.5037241406,34993.6115129188,190109.578887115
miura_01745,miura,1745,1,30,12,0.000764858076135627,0.00169479156605131,0.00238480486316487,1563351183.3483,3492453469.92482,13727.9449405038,4656.30270908744,3811.27201351978,18578.3091675512,30621.2257495352,184968.61803939
miura_01746,miura,1746,1,30,6,0.000780969262186385,0.00216971671365826,0.00201409008958425,4653566528.84735,1325932052.36743,33060.5186294893,11637.081779886,5578.00878068644,55505.4816373014,80904.3317565157,197617.364598686
miura_01747,miura,1747,1,30,9,0.000512100101293006,0.00477131937657452,0.00384513822377552,1727922803.65338,1264661835.21182,88188.7316289499,26351.8261133595,10128.2264950228,5000.77098795557,10306.1902257662,122962.681305363
miura_01748,miura,1748,1,30,9,0.000784917305086725,0.00307769002549256,0.00334751262892568,3297294116.00483,4930463255.51484,120940.618867314,37780.3716442745,19305.0980168143,31188.0560604256,52946.0622218308,357109.216445787
miura_01749,miura,1749,1,30,12,0.000761593406763317,0.00521509626549819,0.00354254100086794,3297077963.77547,3511514568.5177,229058.095487632,63425.9996258276,23515.0317332125,29972.927896078,54620.4186837448,501816.8698118
miura_01750,miura,1750,1,30,6,0.000626476987376818,0.00165914102251205,0.00349574142868145,2361210427.40846,2035240466.2069,16419.8606511524,5689.75427401026,4035.8232768305,9718.45742704631,15455.3550051003,71395.08147737
miura_01751,miura,1751,1,36,6,0.000794483672558024,0.00341911865977709,0.00303070899512188,1425850007.53136,2091522198.89401,105596.165401253,41392.1761962344,15259.0782435008,17430.2232886457,29112.998705827,152136.88046357
miura_01752,miura,1752,1,24,9,0.000699960616320278,0.00169984166776299,0.00106083550330388,3179749303.28234,3247078613.25845,37684.5199325663,12155.0591346835,7536.66339853247,47407.94743597,75921.377451795,341891.218042564
miura_01753,miura,1753,1,36,9,0.000601204525336456,0.00348534558111839,0.0023982556369302,2173011429.92639,4176378124.13105,199945.80803798,60337.9505829033,21705.106702996,17207.209866634,32411.5012286638,289213.17066761
miura_01754,miura,1754,1,36,12,0.00068639812232899,0.0046062219738455,0.0035332953517212,1829088734.18132,1761529058.42016,90117.8897294084,24973.6555115986,9029.49294979613,14118.3691764332,24976.4773911497,200125.117819709
miura_01755,miura,1755,1,24,6,0.000607625226140474,0.00444858827694885,0.00208513399286825,4409363336.6314,2121657461.83883,256760.703625474,92638.3734525994,32593.8119995183,24563.766769955,45129.3789563145,310666.259203962
miura_01756,miura,1756,1,30,12,0.000624399160502485,0.00138331268504961,0.00158215928162478,1119013739.31246,2214466740.94861,7141.25695485388,2421.05349041759,1977.401529971,10825.6372423866,17766.1901790798,103979.576851764
miura_01757,miura,1757,1,30,12,0.000962542229311607,0.00395872578485991,0.00326154270437426,1779082728.88795,1463609951.12427,48242.2353288759,14089.9933319431,6317.86864419339,30504.9979584537,49936.2847378652,275708.774715075
miura_01758,miura,1758,1,30,12,0.000863908338099436,0.00197676919524941,0.00117341651936232,4019525120.51911,2222190796.54604,26865.5597676002,8158.7256646057,4269.1997086795,123310.741973507,184572.883348305,562136.984905679
miura_01759,miura,1759,1,36,6,0.000694974545758803,0.00160953764559481,0.00334355038683727,1792070960.50721,2742150798.60787,23212.4091535252,8088.90397323506,4932.56157271357,12638.2530671671,19772.1973314955,84584.330684444
miura_01760,miura,1760,1,30,12,0.000814522513768656,0.00551715481674719,0.00355180351823965,2513237874.71728,4859743963.82112,367916.301818978,100532.072432735,35713.9664996314,30360.2855675622,58832.9057105478,665124.971960722
miura_01761,miura,1761,1,24,9,0.0008305032619496,0.00109304043120858,0.00166903812067501,4039856367.89566,4824139163.36741,10923.289799934,4043.63501855578,4455.82222688814,60241.184965791,95529.5201830287,379621.206901065
miura_01762,miura,1762,1,24,9,0.000970273927573233,0.00126455791391631,0.00132459504200496,2942772180.93849,4547877894.2446,19194.4613045511,6700.05719406682,5885.11777810686,87403.2854897984,136873.764356849,499385.612668435
miura_01763,miura,1763,1,24,12,0.000687455944701618,0.00200270958184346,0.00385589298176728,2017594567.00753,3871421603.02097,13768.2120626943,5035.27957565162,5235.05669419395,9327.05012259831,16129.2444616317,137868.733515986
miura_01764,miura,1764,1,24,9,0.000653417868211134,0.00525685553624581,0.0039562418517776,2492429897.35268,1822216558.92502,146090.200966597,43710.7326560687,18399.4669409884,10994.6666537038,21554.6940736474,242257.696020194
miura_01765,miura,1765,1,36,9,0.000635284338723213,0.00403005691482445,0.00173828006325289,2536579862.47657,4655408524.82462,385629.320030357,114397.494900872,33844.9069247774,31793.8547274479,60410.0430915731,492747.945533427
miura_01766,miura,1766,1,36,9,0.000516514414325908,0.00190389544675083,0.00291670146467465,4764033559.50007,4428513998.21058,36505.7255923378,11788.1480265892,7203.04596040704,17132.0258348825,28027.4755750889,162509.955591791
miura_01767,miura,1767,1,36,9,0.000840559083651806,0.0010493697142511,0.00184185500821277,1191687650.54744,3229661496.65693,7664.67258147864,2611.1006599717,2147.19787919983,26267.0984445847,40278.1038391875,149576.834624685
miura_01768,miura,1768,1,24,6,0.000734127297595337,0.00550441107816718,0.00106310997117246,2897993411.77909,3812138964.54499,869242.815430693,343013.325588085,93646.0736581825,57359.7236090754,117841.351109324,885394.821241557
miura_01769,miura,1769,1,30,6,0.000565668653400856,0.0018502869681205,0.00358222107856673,3439355972.9145,4909339941.26984,51850.0967924875,17902.1223137713,11779.436759833,11136.6615741595,18797.8167860104,121969.053567096
miura_01770,miura,1770,1,24,12,0.000595088048186032,0.00531176029134344,0.00258172839335292,4205746285.06209,4923129450.86061,401683.991714191,110307.792693632,40716.2946313589,24230.8923735756,50277.4876887464,719036.223207262
miura_01771,miura,1771,1,24,6,0.000927482921714298,0.0050517666441608,0.00271672412178661,1133159985.81258,1071094921.57605,146442.02475849,52801.9287379209,18637.7652677628,16772.0666285194,29879.9721029596,187947.942701772
miura_01772,miura,1772,1,36,12,0.0009108282889078,0.00311743153030085,0.00269118109812358,1552225387.11342,3289782146.42519,73549.8225117065,21489.3544192405,9472.14641941563,33635.9016227741,55360.1233438474,325419.248902537
miura_01773,miura,1773,1,24,12,0.000665946268195963,0.00405408076353448,0.00327585860613162,2237276140.39156,3261683174.18662,101551.029041067,30680.6525526338,15755.070780465,12612.9385425449,23664.4879088395,285746.825736846
miura_01774,miura,1774,1,24,9,0.000978111452555563,0.00310932039345987,0.00360850703803605,2791183814.01975,2927439604.48758,60688.342886615,19613.0367205785,12267.1317523937,35618.4270556627,59101.6086902177,342556.712962247
miura_01775,miura,1775,1,36,6,0.000921678261923698,0.00587104233730259,0.00228305191274121,2813438553.25135,4000901999.72306,529133.099064506,242225.106638195,68680.5583456765,70984.9967499489,123565.902693437,646835.179981105
miura_01776,miura,1776,1,24,12,0.000572330458945181,0.00444616120289571,0.00254619235239867,4061302827.01538,2206085999.86237,111817.369537086,32067.8382371847,13636.290970307,17411.0745899713,31725.5335940378,305166.186049175
miura_01777,miura,1777,1,30,9,0.00065473175085473,0.004908176325277,0.00390930254368763,1734068074.96407,4033926415.29872,298339.561565705,88949.8381342438,33692.7737255102,11809.9035377189,26720.8497854171,383157.894409869
miura_01778,miura,1778,1,24,9,0.000881786332295643,0.00347076902432843,0.00141534015510689,3620564627.04159,2939853003.22631,184079.39685871,54247.7606785986,21102.2958454764,83313.9139289051,135218.39378269,647679.449283356
miura_01779,miura,1779,1,24,9,0.000627110929976816,0.00573944909093981,0.00103727705648064,2099262167.69067,2846861666.61209,711897.900790262,191467.448477028,48380.0166974879,32061.2622559062,72376.5857319434,775797.223212619
miura_01780,miura,1780,1,36,12,0.000955966751381225,0.00125558580557542,0.00347478639530913,3670959189.69401,3633290218.10583,5018.6085691003,1817.19130711455,1943.34832091071,62358.3995648321,95435.7631329576,339266.979638383
miura_01781,miura,1781,1,36,6,0.000730281420564858,0.00432416143258726,0.00122164106708338,3896890098.76534,4410086050.46924,430662.466503741,197553.732541741,56028.4296065847,87684.4263652049,142419.345968621,600527.888337712
miura_01782,miura,1782,1,30,12,0.0006063167097307,0.00186323419561672,0.0010697671804488,3630438864.96361,4121090629.48602,44879.3998877179,13671.0776138279,7236.27274497375,46582.5913165383,75346.4411096664,391312.024333498
miura_01783,miura,1783,1,30,9,0.000822621541099891,0.00288627986763506,0.00142193439586962,2258692834.41796,3355843650.25383,141234.899431804,42224.8803740731,16265.8787275579,53757.0751792114,86827.6884375601,424741.3770651
miura_01784,miura,1784,1,30,9,0.000697874812616325,0.00229526996564861,0.00306253504490045,2506351857.40512,2949504084.24471,34787.2646199415,11254.5274498689,7045.93192638526,17514.0639092974,28875.2270724662,170030.856358472
miura_01785,miura,1785,1,24,12,0.000504866446011521,0.00578580920137185,0.00391854878024411,3269529801.59851,4496471957.38543,322472.967246328,91366.5029857644,37281.442600209,10560.0060660579,25900.1024974137,552507.140517913
miura_01786,miura,1786,1,24,12,0.000665084371535032,0.00511256929866311,0.00127375209447434,2007148639.01098,3116708138.83128,409594.942427718,102973.194758297,30068.2678815894,29453.6083653594,58848.3984086769,652510.379220763
miura_01787,miura,1787,1,36,9,0.000884934265198193,0.00142773609064413,0.00235896007003302,2265661695.89253,4486025661.64897,20216.7963483701,6688.38964318758,4723.609646598,46045.750553122,70790.4183122332,271203.970108307
miura_01788,miura,1788,1,30,9,0.000972784892449954,0.00579116464149904,0.0039486817679592,3829928336.8797,2508736337.61598,278567.933198125,81682.755055551,27591.0140614794,56709.0686217031,95544.9989664318,556895.79005801
miura_01789,miura,1789,1,36,12,0.000938982876614321,0.004686426254824,0.00176293240506752,1799431328.1026,3095596699.99683,284460.873065699,72347.2313180292,20357.6785340208,65564.1346265865,109609.428345859,632256.160577735
miura_01790,miura,1790,1,24,9,0.000998606171011658,0.00460655400839292,0.0018325036615703,2880123771.69027,3708918797.17899,389562.950044349,112269.934364498,38948.7103412314,79465.6295347689,135881.547517392,834895.300729279
miura_01791,miura,1791,1,30,12,0.000639875325864967,0.00499425652734968,0.00135085864880874,4217847424.25163,4933716738.55125,615730.356632698,151965.749846173,41371.897643693,59476.8451438973,111727.013179332,975144.363818583
miura_01792,miura,1792,1,36,12,0.000757400148796367,0.00182194301752251,0.00301493791502162,2708602609.9451,4962901386.59717,21801.4388312422,7155.93584233832,5205.16000135959,29425.8523682126,47582.2022618877,263009.732073129
miura_01793,miura,1793,1,24,9,0.000793513784120945,0.00291679783618654,0.00313016151572077,4009492910.49371,1965246580.27544,38831.6493767873,12530.9804272582,7784.785409466,30668.827055109,50151.3116317979,262998.089552855
miura_01794,miura,1794,1,30,6,0.000571341528146576,0.00321617138439281,0.00180252159415316,4668706914.67438,3697012559.78946,231122.525997352,87098.2400618326,31556.828554087,30256.6370114042,52461.1774845433,307836.952716995
miura_01795,miura,1795,1,36,6,0.000810380179305614,0.00590674572411865,0.00104559601928385,1977757768.09312,1477580942.90045,218272.455941775,106221.748828295,28035.6050297997,68273.1703365233,104959.308214404,347900.466899295
miura_01796,miura,1796,1,36,9,0.000560041029112372,0.00110447657552822,0.00267699492548431,4506350320.0505,2130433866.28277,4164.00400496156,1453.61407782686,1339.04886077905,19951.8130957345,30525.7302487359,109619.242572873
miura_01797,miura,1797,1,30,9,0.000704819933648451,0.00335550119318739,0.00159505972753881,4893802152.92238,4262325510.85856,239972.527614045,71035.5147822064,25587.8186378581,66645.7666374614,109649.868302219,582712.972492564
miura_01798,miura,1798,1,36,9,0.000952334471243614,0.00593867231950513,0.00220644919755505,2596452886.03856,3251226123.36467,526362.692296916,154660.274839979,39731.3914725632,77619.6053293537,133178.548425629,751194.978285445
miura_01799,miura,1799,1,24,6,0.000678678830509316,0.00448406852295657,0.00308824809930876,4203794790.52388,2965663944.94448,293000.640847555,103011.699858128,40607.6892855382,23235.7165573755,44132.0087534751,354547.024331824
miura_01800,miura,1800,1,30,9,0.00061890554805341,0.00461236450392326,0.00221541677842402,2244092526.92116,1599382217.85654,153824.108543382,44826.3730940322,14530.9720700748,16525.0348867605,30122.2266318385,231542.307996218
miura_01801,miura,1801,1,36,9,0.000702261578534242,0.00103081407327596,0.00305970033898237,2063560030.22248,4020373257.86502,5627.5618780544,2015.7687866536,2083.60147527416,16552.7233059519,25944.5261134046,115658.49840664
miura_01802,miura,1802,1,24,12,0.00072974716041854,0.00290944169709676,0.00302515454826463,1738620389.79544,1348653592.53404,17607.6368481518,5697.23083452812,3803.38790257331,11638.4155619026,19837.3098126962,139746.779041642
miura_01803,miura,1803,1,30,6,0.000934359346698925,0.00233207611299627,0.00305624343496352,4960254877.63715,4205890328.44017,92141.5796493114,32044.9936018158,16853.1089421065,72606.1179571988,111486.089804129,385856.713144209
miura_01804,miura,1804,1,24,6,0.000649924313102336,0.00289585096585504,0.00276734663507234,2364358103.03784,2105102653.10045,79564.651257105,27172.9838035386,13952.7313842871,12024.8603764577,20899.1646847052,140797.62992284
miura_01805,miura,1805,1,30,9,0.000633313415736118,0.0021621335363633,0.00265095442449192,1883015329.77705,3207052700.23241,36346.901172842,11740.9160385633,7281.01356905637,11834.3071403512,20009.24448879,137172.767761975
miura_01806,miura,1806,1,30,9,0.000890733022463749,0.00336740777486965,0.00108126987872131,1144479446.3222,4913209615.25914,366368.79335788,106321.682710753,33483.0921503172,49465.1119461447,87114.8443117553,588433.198917108
miura_01807,miura,1807,1,24,6,0.000915244495135895,0.0013433939860552,0.00100495663414624,2691897378.13728,2690686603.93814,31882.3986237202,10916.394937385,6836.44040811389,78888.8085596142,118080.424456041,307947.7134702
miura_01808,miura,1808,1,36,9,0.000518047901077735,0.00331010847159829,0.00237965125156049,3351589572.46452,2677373147.35636,113645.919052456,34411.0706112316,12790.8431161398,15865.8469302043,27820.4644745034,198578.149251036
miura_01809,miura,1809,1,24,6,0.000940824585865336,0.00515003869125617,0.0011672264822363,4023225487.11829,1003251372.1189,200931.952341895,78108.0447746979,22435.5092665168,119083.836262199,175977.541314309,460513.929156225
miura_01810,miura,1810,1,30,12,0.000704260596207373,0.00471798471929079,0.00149547986746046,4765974263.96588,3085497426.57936,310721.925364867,79053.8975375896,23090.7731941805,72350.4872791598,122584.568631447,748315.890800694
miura_01811,miura,1811,1,24,12,0.000784391164873864,0.00593754124199564,0.00178819992833962,2109265461.62262,4777699521.07708,706908.209285788,178765.902091408,52910.682553375,39184.4562523549,82614.60790981,1059314.03401541
miura_01812,miura,1812,1,24,9,0.000845493281520621,0.00435250986529819,0.00206604926723176,2659084008.51044,4680250370.43854,387403.391385237,113563.020570385,42983.5956762076,43658.3988278197,80185.3472757106,684192.981282803
miura_01813,miura,1813,1,24,9,0.00097931614463058,0.00135058858699065,0.00135098854436181,3127299278.68169,4683224586.06388,23309.9581115853,8040.5912133364,6729.61159580617,94175.5807802163,147517.364853131,543263.101126224
miura_01814,miura,1814,1,30,9,0.000843680033781953,0.00536729143465877,0.00102661451445199,2127006070.80719,3536901058.71345,723312.508325419,201640.26130924,48532.3173025396,81027.4945853295,146475.321908176,933176.473946785
miura_01815,miura,1815,1,30,6,0.000953402880737324,0.00140992492040759,0.00121753360886033,1492276544.29026,2856226849.19371,35643.3287485181,12369.4063198865,6706.8792007169,54814.3728154842,81789.8101279086,226850.104647542
miura_01816,miura,1816,1,24,6,0.000723308672043825,0.00215727680725916,0.00189638681507211,2941687897.25559,1969077798.41813,47282.9278205827,16130.82943098,8984.0493500495,26255.0920702786,41719.5640187373,173540.67671633
miura_01817,miura,1817,1,36,9,0.000772273455378388,0.00243007816216117,0.00230019411742963,2442488859.09457,2194540521.4762,43499.5994345089,13489.0337113287,6193.24510663134,34652.577273616,53769.596292969,219181.908133703
miura_01818,miura,1818,1,30,6,0.000785406766463919,0.0042722146713149,0.00242360785085056,4399720604.03293,1853035528.33993,174223.753511897,67557.1512645382,22864.9351883918,50282.7960786479,79387.7004416991,309888.461444199
miura_01819,miura,1819,1,24,12,0.00098362098641086,0.00281689402871995,0.00290113821102329,3319537453.23155,3251006355.00249,40445.7272306998,13122.3012836586,8851.11588510312,53602.8448817258,88848.3046241168,512683.517738252
miura_01820,miura,1820,1,24,9,0.000791154692936746,0.00266433023653646,0.00233476110621627,3780876009.2195,2520484620.16339,50328.545133364,16083.0064787896,9524.19902121659,38320.8615726379,62550.1887320683,323003.573475351
miura_01821,miura,1821,1,36,12,0.000526806775727733,0.00510413707520981,0.00110693953745776,1741920374.95079,2060441974.79618,310767.765075103,72758.7502747087,17131.9415146223,20885.5165305796,42058.1977271484,390521.986630089
miura_01822,miura,1822,1,30,12,0.000728613609638597,0.00425884342922777,0.0035981402740805,1817169755.84063,4692417783.61163,173096.374293578,50283.2317737402,22060.3613585987,15791.6526538154,30328.6176311414,375287.06933802
miura_01823,miura,1823,1,24,9,0.000716489334765134,0.00539714788365394,0.00313057178516728,1129260193.82841,1815102920.92645,188165.831160109,55103.0265344288,20750.7911983325,9242.17879678697,19815.4733229786,260783.11827669
miura_01824,miura,1824,1,24,12,0.000975930642586224,0.00266211077663476,0.00175159243457299,2886413608.32694,1299712999.2889,22316.2423064895,6915.01314435134,3913.13530708923,69676.9842999044,109487.572685243,427910.553864134
miura_01825,miura,1825,1,24,6,0.000637791273538377,0.00496707313925518,0.00207229584298058,4560275759.91536,4776808748.33616,720240.293434159,264401.804937429,87359.2335831043,34078.8361594081,74783.0851594785,719761.93349084
miura_01826,miura,1826,1,30,6,0.000811857127923685,0.00328750981660019,0.00270650993397166,2484145135.12087,3304140005.04978,174077.009161392,63466.5644225673,25524.4748245253,30140.4944274524,50505.7175197372,273019.583388646
miura_01827,miura,1827,1,36,12,0.000810773416036135,0.00166480711740456,0.00198996055900339,3273364141.66861,4605139652.45735,23218.8297279524,7442.83600052543,4885.10068670438,62737.9971052632,97723.8729415357,416565.985194321
miura_01828,miura,1828,1,30,12,0.00094650487757048,0.00339793167220913,0.0018397210780761,4659971975.54501,1312151952.57128,47537.9338084578,13477.1799177901,5437.36014365113,121396.887281169,181887.350130101,563877.687735905
miura_01829,miura,1829,1,36,9,0.000735371691691708,0.00359780183861441,0.00305280737526477,4928429839.62203,3988586839.18108,173407.767584935,52668.201656843,20141.3447194723,48305.6178825277,78996.3691215831,422842.448180643
miura_01830,miura,1830,1,30,6,0.000816352315369591,0.00104512629792888,0.00127721803960559,1873694181.9495,2680906950.4523,14865.2039762878,5147.14636813346,3534.74631652054,39761.3792627366,59458.4494113488,161030.769562548
miura_01831,miura,1831,1,36,6,0.000715837424561029,0.00482445050238071,0.001546626177903,2364893844.69651,3700591407.0144,401922.171135261,183844.613402714,52107.79479357,42464.2002254856,77789.9840082525,461945.46946942
miura_01832,miura,1832,1,30,9,0.000881162988186808,0.00114989567121259,0.00210523948325629,3345279371.54608,4924649793.66163,11912.4616453731,4212.45893920721,4022.04407198907,60057.4989789659,92996.4816600195,340271.040068899
miura_01833,miura,1833,1,36,12,0.000734961863416989,0.00180049852032129,0.0030570103632759,3018050174.17664,3055701160.41394,12865.5659704292,4238.98350307664,3132.53364247068,28699.9013139323,45500.372435361,220404.076559714
miura_01834,miura,1834,1,24,9,0.00057548078418022,0.00402299942857235,0.00388207561710754,2530096207.7825,4520552128.70992,178288.602637231,55569.3793098927,28900.3800502986,9206.52807973087,19566.001299566,311586.185557961
miura_01835,miura,1835,1,30,9,0.000757377253642173,0.00462164138378336,0.00129575256260473,1347680890.05946,1309532665.14054,177125.23655981,50386.526558723,13848.2717612197,28646.718166921,48966.6515455107,280028.358167264
miura_01836,miura,1836,1,36,9,0.000553271936600003,0.00214239220671732,0.00282616399531756,3070732171.37635,4464747464.67177,52407.4623990505,16653.4276611084,9151.68079663799,14518.1407093291,24413.5312806033,162320.560520997
miura_01837,miura,1837,1,24,9,0.000819162635255606,0.00276110435040907,0.00237744917894051,4575562259.67329,4456644224.20737,96439.6021493193,30684.7915259651,17775.5116037464,51962.135464397,86139.0373657898,492651.618879689
miura_01838,miura,1838,1,30,6,0.000670786821255739,0.00228011162783738,0.00261859908124263,4931883954.75425,4872712271.01254,112753.935734851,39350.7586264041,19884.8842601891,33886.7204577968,54724.688989108,265107.181021954
miura_01839,miura,1839,1,30,12,0.000629762463083739,0.00121915698362015,0.00341691801544932,2279331317.80688,1111296168.6087,1261.36523077004,484.496304825198,617.184342728187,9818.66400032764,15671.9143877054,73811.3214780616
miura_01840,miura,1840,1,24,9,0.000905350290060937,0.00506838327557094,0.00284988388269819,3918947702.81656,3159148190.39056,300860.626364092,88300.3337181699,33627.4624843972,53451.1394089421,93179.4568704165,643736.50044498
miura_01841,miura,1841,1,30,12,0.000618594336659933,0.00349828652208477,0.00313984481682181,3335978481.09656,1652421380.50685,39792.2344502563,11887.4969953874,5816.38592442544,16522.8426510535,27877.2666595616,186369.834031585
miura_01842,miura,1842,1,30,12,0.000676467722848639,0.00332341405221832,0.00122269170662249,2079272186.87627,2822558941.41245,134643.048434412,36559.1812025254,12750.2800382689,34698.914962112,59075.3973893415,387472.155766113
miura_01843,miura,1843,1,24,9,0.000920212825674994,0.00172072063540126,0.00212784905386621,3537927166.94345,1491750928.5805,9857.88733026652,3390.35436547591,2795.45844549593,54292.4561576482,83754.3647034367,271553.536243901
miura_01844,miura,1844,1,24,12,0.000965642993533468,0.00321023552901456,0.00140457907074529,2447155115.87197,4251707052.77102,148370.990560684,42851.0963894243,18693.1434738477,79113.3965889869,132659.953689634,801007.016370851
miura_01845,miura,1845,1,36,9,0.000591340963744154,0.00281697381703799,0.00353817469784212,1908124402.09738,1051272011.56899,21474.8727521521,6704.74983612837,3245.41457476025,8392.68921683233,13644.2324935807,73907.1621397753
miura_01846,miura,1846,1,30,6,0.000581013308184853,0.00478273931775619,0.00258338850380754,4226270777.57206,2488363708.59161,279406.546599394,110042.993766085,35733.9575012284,21463.2292950549,41452.1194328325,304908.040693413
miura_01847,miura,1847,1,30,12,0.000662510674318475,0.00182834571214759,0.00130002292312399,4136431003.72992,1278448397.83382,11266.8775649467,3516.72250898094,2055.52051440915,52214.7445285562,79283.8976193067,263636.671174147
miura_01848,miura,1848,1,30,6,0.000544859894015003,0.00148596777913723,0.00281938544384484,4945111602.03263,2617425188.3541,18867.5469328001,6539.97183929787,4650.13307015659,16063.4429878362,25153.4913189273,103097.291156361
miura_01849,miura,1849,1,24,12,0.000589124406371501,0.00599168862286733,0.00352031203706729,3902272699.06165,4034157748.02321,349777.980308335,96915.8966608238,36777.2638362545,17332.9466747835,37622.3831604103,610537.630693195
miura_01850,miura,1850,1,24,9,0.000793382878551733,0.00473114733075101,0.00343085251830321,2318107559.44173,3695082722.73122,251970.177120564,75783.5077426133,32779.0039577157,20740.911741364,40059.996291318,436695.00924452
miura_01851,miura,1851,1,24,9,0.000505754961083914,0.00388094121397988,0.00353108090716638,4673781705.06435,4008496916.06616,155692.44924674,48430.7029508314,24942.1068388938,11285.5242288026,22372.7447249562,292669.356703325
miura_01852,miura,1852,1,24,6,0.000732427777327734,0.00557356047645032,0.00380382546784725,3451629116.93289,1982844823.17178,277508.411652112,99009.8040849388,36389.8364325159,19671.0841830832,38337.6455691813,315074.441304052
miura_01853,miura,1853,1,24,6,0.000704051303500379,0.00205530492326403,0.0017331218564897,1704611054.11994,1778602026.84111,40401.0299560568,13780.4247894703,7690.06187638823,15904.843717375,25739.1854081837,121769.771453205
miura_01854,miura,1854,1,36,9,0.000565176938692062,0.00457464738591004,0.0020922265805623,3435497228.47478,3141608961.04399,307337.817089395,91035.4206031494,26407.6979910371,25143.4207135397,47881.7425425966,388000.301041406
miura_01855,miura,1855,1,30,6,0.000546568100274416,0.00204486598001936,0.00306371615057695,2383422512.22889,4317334713.2688,67309.265922986,23246.3685628634,13387.0522066967,8568.41938378014,15144.5849786545,115962.605931769
miura_01856,miura,1856,1,24,12,0.000527830969561586,0.00386626783602639,0.00169763197017511,2691075295.45106,1918982321.39902,94525.3809995305,26689.9597632293,10767.2022253117,13633.021909454,24977.2101788756,241193.129409061
miura_01857,miura,1857,1,36,6,0.00054846634656568,0.00102735861944504,0.00112085585314783,1643391451.81295,3216065647.02763,20275.4211446068,7100.84150588859,4045.59428714941,16318.0192427244,24946.9281798805,89263.4636474656
miura_01858,miura,1858,1,36,12,0.000683454131810221,0.00537366910817826,0.00174191711023078,4253295811.72087,2746370427.59224,351823.907450313,86257.7315638776,22286.4263008794,61528.5711498165,105314.044571022,648010.528899568
miura_01859,miura,1859,1,24,12,0.000602119202214343,0.00210496052017834,0.00359619877878732,1198001257.17267,2894171837.54772,12636.2946279196,4522.40002467202,4363.86979000878,4271.12785175005,7571.19812127199,80696.5837731078
miura_01860,miura,1860,1,24,9,0.000517398005512904,0.00576234059378727,0.00232139251226551,3770740330.14292,1154131025.01822,176420.603459171,50077.5664459874,16127.7407684372,13294.8233942884,25975.1337357505,246627.025802338
miura_01861,miura,1861,1,30,9,0.000753213419407604,0.00272131907704224,0.00137045742120297,1536207711.05597,4531553557.27109,168256.629910524,50529.8472969117,20071.4108376246,31435.7321030025,54000.1593086195,360386.748884668
miura_01862,miura,1862,1,24,12,0.000764634153122628,0.00260027504682072,0.0011278225147488,1699212433.21772,4156171413.83846,97815.2659536996,28941.4534459144,13760.0023255106,35639.3738281502,61393.864507422,443448.489931056
miura_01863,miura,1863,1,24,6,0.000955655586147365,0.0044044922226717,0.0030870342512328,2333558611.04171,2933959759.50289,278746.35655081,97823.4072926112,39026.5080819271,33587.267233457,59464.7520126555,388327.06378342
miura_01864,miura,1864,1,24,6,0.000824672383169452,0.00537367646742952,0.00297267956390283,4675379397.5779,2503521465.98592,370375.478001831,133895.93527702,46812.6200178161,44113.1374540548,78100.6031039449,479360.526650138
miura_01865,miura,1865,1,36,6,0.00057978542653309,0.00340579887015515,0.00114078221601381,4233616753.44428,2108650578.73011,148759.912975775,65494.4160437454,19764.024479692,49231.5649483713,75697.7031000872,259374.398407749
miura_01866,miura,1866,1,24,6,0.000816451377350925,0.00398577242950193,0.00199959460553802,3341733822.553,3219860575.52016,317523.225770277,113131.506935649,41965.2177005023,44809.1820879149,77492.5183186717,450637.909943355
miura_01867,miura,1867,1,36,6,0.000896835443180906,0.00565740582265747,0.00188336490001035,2775232009.91018,4163387678.0252,541530.853418656,250606.450806412,70043.2224375716,77554.2456186765,133524.156637039,672523.122867989
miura_01868,miura,1868,1,36,9,0.000953783267321678,0.00571819721474684,0.00362027376064116,1139438794.62244,1204494926.48409,138908.559658356,41250.6253994607,12330.4429790759,21200.3662712859,36359.3079473921,219245.951352997
miura_01869,miura,1869,1,24,12,0.000808404161412993,0.0058290405810321,0.00344051950935056,2849258959.71206,3988822984.85714,327318.925701485,91077.0707351384,35030.1459835453,28149.5853105499,54881.7213490734,667087.297828789
miura_01870,miura,1870,1,30,6,0.000963268038660027,0.005249783036971,0.00203596367254768,3133484365.18455,1247509792.07898,177408.240044649,73192.4083687243,21887.4328316255,75283.4105670494,113949.09572361,349960.303025679
miura_01871,miura,1871,1,36,6,0.000794091144352996,0.00225654098395503,0.00107210838482062,3724731733.73064,2261392653.65158,82667.2883306824,33286.7263197473,11778.7944402185,107527.100469981,150704.557461028,323083.975913663
miura_01872,miura,1872,1,24,9,0.00084704341420051,0.00278876221829147,0.00149199446467007,1676958635.61249,4760691134.79752,158729.5656416,48562.0792703035,22983.6520171089,35827.8367803794,61942.1537194026,438313.460072437
miura_01873,miura,1873,1,24,12,0.000570580603201618,0.00347362592302723,0.00323879720755388,3174475729.88362,1355985743.67491,27533.1283488839,8613.77508599402,5053.99532354578,9925.93699738928,17294.4643019576,140122.82403355
miura_01874,miura,1874,1,36,9,0.000514684193220127,0.00122132527309346,0.00106867479715441,2970453758.03238,3625035490.29019,21420.2300976625,6862.45109634323,3993.54871707732,26735.3803519244,41455.4275043778,169936.127430789
miura_01875,miura,1875,1,24,9,0.000611723866585864,0.00455571976604294,0.00156474967139864,2761059659.63103,3598032028.71966,411777.384197296,117513.706753556,38856.6731040813,25282.4706912946,51494.5373146023,553478.182693975
miura_01876,miura,1876,1,24,6,0.000828701681589599,0.00235182603770065,0.00326509627755797,2383661720.98937,2722356323.64423,52557.0801436138,17994.9019086595,11538.571267759,19707.6065834898,32288.9008419936,168836.68182076
miura_01877,miura,1877,1,24,9,0.00062408044740885,0.00184816215661952,0.00312086507055565,3249173018.06146,1559013445.70596,8501.23262270117,2998.32376261148,2756.86734608653,12117.4387358867,19858.9526812808,107392.862019682
miura_01878,miura,1878,1,24,9,0.000699727564580933,0.00175251128639493,0.00216729752816814,2745255562.64435,2832093177.9278,18551.1412567853,6367.9505913872,5238.27136683065,20885.9277087272,34293.9694292211,187581.983368576
miura_01879,miura,1879,1,24,9,0.000591527596276536,0.00192670224146231,0.00277671498139077,3702559277.90338,1774622217.19462,12102.9936572155,4179.64155431465,3526.22116972717,13352.7696563414,21978.0309670474,122506.32654816
miura_01880,miura,1880,1,36,9,0.00056537995070278,0.00328483193595088,0.00294445492078557,1643910273.71517,2516939484.42543,89049.7301945348,27197.1001547736,10970.0522590813,8777.49772254064,16219.0549238898,144651.495292413
miura_01881,miura,1881,1,24,12,0.000943910845421872,0.00581580533437446,0.00110877130371199,2655798946.22008,1779009487.97522,356276.452214549,84236.0416493715,21718.346820468,100758.319077012,168676.916103542,914988.472678229
miura_01882,miura,1882,1,36,6,0.000897642007744049,0.00521093327629017,0.00398601627921439,2056860558.87139,4100667373.70321,394563.275051182,165494.57579894,53466.1363145969,30115.7323165757,58523.3608763659,428702.277488659
miura_01883,miura,1883,1,30,12,0.000877028164990354,0.00390399271314236,0.00369214454904416,3809676312.23736,1449413562.34156,41193.5371568408,12230.7145017468,5845.04483961516,42428.8295585865,68073.1376997012,333316.207034672
miura_01884,miura,1884,1,24,12,0.000716823179786524,0.00139685190698029,0.00359259285959154,2139643895.79748,1498836507.71384,2113.06240091136,840.185954250921,1153.44394638147,10599.4611286191,17536.157022877,100304.314321187
miura_01885,miura,1885,1,36,6,0.000572646315276453,0.00400247389727519,0.00248437530207864,1410593252.755,1246579161.50253,90459.1626455312,37701.5808056822,12321.7473855109,8366.88083721703,15505.1325227786,103222.212014279
miura_01886,miura,1886,1,24,6,0.000547671594678281,0.00132575213438057,0.00205355963452032,1992335551.19217,4312925646.95528,25904.5855466355,9123.45476900636,7664.65362909806,8025.97923248036,13531.8168383263,88370.1305209332
miura_01887,miura,1887,1,24,6,0.000681105657713235,0.00126470675327969,0.00394455237472724,2396667744.64855,3095226133.06347,9098.93339063282,3394.82204783215,3845.71524620306,8934.46046732429,14546.5995123221,75396.1700274557
miura_01888,miura,1888,1,36,9,0.000652640791275313,0.00530315563571086,0.00188692400964065,3248000961.87365,2449895394.44016,342631.305070423,100763.657825689,26307.8479099839,37968.6557928328,68339.6078686655,448853.696632022
miura_01889,miura,1889,1,24,9,0.000928080995948466,0.00468021489748113,0.00316671133731512,4396881841.39307,3237914403.00152,230138.522577952,68886.535546638,29074.3500294464,56671.8810940367,96598.4956847789,616821.85101189
miura_01890,miura,1890,1,24,12,0.000554057273988723,0.00178323993295383,0.00307018029739509,3779314747.93507,3757174584.0951,11876.6279113948,4345.81935423634,4526.76604787207,11148.4817197429,19096.8374811682,148170.723085222
miura_01891,miura,1891,1,30,12,0.000876257238748736,0.00184760445232501,0.00339816195964258,4102944532.91424,3144821464.40625,11566.5873671113,4005.95126766146,3549.15644552431,48139.5533800308,76448.003006616,351795.996746679
miura_01892,miura,1892,1,36,6,0.000959587575821964,0.00260887726396364,0.00179629012944612,1820139019.20453,1310140478.09606,50160.280343369,19653.4755195043,7335.52327697116,56218.4535692513,80529.1953682226,190027.531390247
miura_01893,miura,1893,1,24,6,0.000627061568411507,0.0026610079466316,0.00205258852186973,3772884881.76693,2136582235.93763,81848.4906420747,28030.6243373055,13751.755826222,21534.5791771456,35482.267064801,182329.661066041
miura_01894,miura,1894,1,24,9,0.000953512781814502,0.00333560040495121,0.00341962083128875,3199025839.60523,3835693032.19812,101370.476991429,32220.5207012738,18560.1118794566,40931.1677862384,68896.1366308363,434176.426977697
miura_01895,miura,1895,1,24,12,0.000678559222942194,0.00457410418015587,0.0022056463652366,3266601255.07364,2735858147.07744,170185.243939397,47604.2484496096,18626.2720821583,26565.4745052513,48218.9317421876,440423.996296698
miura_01896,miura,1896,1,36,12,0.000663307552641393,0.00288721074542602,0.00242529231459977,3661202777.38884,3544222879.68198,70239.0667643654,20622.9818812473,9272.99590378666,33928.1536749046,55741.7087552337,325304.758141155
miura_01897,miura,1897,1,24,12,0.000626089038982299,0.0038610698848143,0.00136903539222938,4205762077.19753,4984040354.32901,294858.385177268,81025.0019605066,29980.2018690206,43303.0168192375,78870.4326159272,715984.467302168
miura_01898,miura,1898,1,30,9,0.00081839063505873,0.00576999994558442,0.00211984097137054,2091525783.62391,1267623849.80411,208260.795069004,59363.7033015453,16538.6726331297,34276.8575616664,58493.0334472573,334414.480449818
miura_01899,miura,1899,1,30,6,0.00094873844202659,0.00232518046992952,0.00352388625669281,1485202275.98019,1144531079.05315,22360.7757260816,7745.74099735172,4293.96055285984,19684.8281067835,30205.7606517011,104132.120372715
miura_01900,miura,1900,1,24,12,0.000636223084866026,0.00141931426008525,0.00360170284807608,3797048394.56827,2367785293.77644,3451.8179853063,1367.093846221,1853.95688666933,13350.4516525442,22235.1046013172,134931.012471325
miura_01901,miura,1901,1,36,12,0.000743374559100479,0.00499069558449758,0.00321649712284924,2690899808.457,4025732979.95599,274586.443057651,73951.7627789121,24368.5792023456,30179.7041750912,55472.9840368323,496909.336322053
miura_01902,miura,1902,1,36,12,0.000823157077113604,0.0027700354417612,0.00390104850024386,4485028757.39146,1744899821.00126,20144.9483823614,6243.57095768805,3536.80270516451,45714.5798751623,70820.896521665,289965.155566198
miura_01903,miura,1903,1,24,9,0.000881172017493307,0.00559738398155905,0.00203879954081364,4420291052.11253,2047497120.65725,320740.382808565,90602.7760707507,28472.6744579844,73326.9916885206,123188.849072719,677152.772527016
miura_01904,miura,1904,1,30,6,0.000889123867783369,0.0038585757974951,0.00208490166295836,2559842240.05554,2223974611.17179,184597.310948194,71178.0866986381,24402.7986567638,49716.076208029,79042.5397419457,320501.067035732
miura_01905,miura,1905,1,36,9,0.000794051837183021,0.00121302179375549,0.00188087398282931,3117507186.92762,3003976232.6337,10667.9119617318,3555.30702951044,2608.6080301541,54211.4637795957,80972.0535370366,241957.096267447
miura_01906,miura,1906,1,30,9,0.000791588891103391,0.0032697306600138,0.00129605346555225,2828454197.5453,2521766123.42821,155322.764645974,45619.3052150936,15563.7373206867,64407.6148282519,102312.460818121,446862.122980084
miura_01907,miura,1907,1,24,12,0.00074544563571899,0.00184657309729516,0.00377725379452585,1350390513.22466,2828998868.79691,8150.20271438311,3035.58370761789,3356.36523708728,7923.13139000754,13583.2937886379,107004.092533973
miura_01908,miura,1908,1,36,9,0.000763702267947619,0.00114298987705723,0.00256223623648363,2302198117.87106,1216931092.0803,2793.29618421136,965.872024399617,846.020693287007,25225.277123486,37467.2534405225,103563.682390244
miura_01909,miura,1909,1,24,9,0.000682556378844636,0.00159754731464389,0.00290083067224561,2423908796.92565,4719268968.53937,18003.6024697603,6503.79193444624,6573.70198298168,13574.7553794033,22881.4515634176,155353.712379838
miura_01910,miura,1910,1,36,9,0.000981251287437264,0.0032037642288001,0.00335350238680553,4026338387.97004,4646287576.94279,139932.087285364,43054.6469094266,18515.0135329846,81535.3024023597,127951.698881933,557671.18754456
miura_01911,miura,1911,1,24,9,0.000952995827122818,0.0039375839339485,0.0029287270828587,2286322632.24235,1661148266.14552,79524.9690324257,24292.8755775104,11414.0036025841,33125.261019805,54871.1854532876,304748.915257821
miura_01912,miura,1912,1,24,6,0.000808390245274846,0.004931879108874,0.00396355464139796,4552118200.27101,2852254729.01805,298999.773659625,104778.10998456,42111.6602360308,31565.9285390024,57011.0259242335,399359.312373545
miura_01913,miura,1913,1,24,6,0.000840521915298057,0.00185080548574482,0.00143579882303606,3679338595.49285,3392799076.4486,68631.4631569046,23421.2803717649,13189.2680268025,64605.8609415395,100324.721778178,347055.334884548
miura_01914,miura,1914,1,24,9,0.000652745053865944,0.00304369913894045,0.00324858369899885,4531741073.4455,3936177181.15217,84044.682911707,27030.0346450863,16485.631151172,20862.4579135707,36307.0592049101,284707.643573642
miura_01915,miura,1915,1,36,6,0.000911882030059563,0.00224870141398444,0.00268969802650784,4903031329.21892,1297560719.73135,29320.5228350514,10698.019703807,4865.88721729089,80672.2377731466,110608.573848766,212631.273796257
miura_01916,miura,1916,1,36,6,0.000505918573335991,0.00550364863479311,0.00226042580162126,1928290605.52944,1892240860.39246,229287.271180763,103526.748724588,29773.0541967496,9966.39219142405,24194.2383707381,225534.463606389
miura_01917,miura,1917,1,36,9,0.000913805624106618,0.0038874803412983,0.00155925125988005,3451554481.63825,1741137453.61255,143238.071301459,42512.5901650108,12497.2550634039,114196.841022656,168753.436563211,494570.568420114
miura_01918,miura,1918,1,30,12,0.000743120993361488,0.00136805993959523,0.00397135438304959,3447106091.7187,3124950421.4962,4212.66253970979,1599.95126670871,1973.55751183073,21532.7561528391,34755.5056791005,180571.236527299
miura_01919,miura,1919,1,36,9,0.000677437984202278,0.00584400625602655,0.00315126503333473,4753729623.34276,3814136286.14053,498682.605651777,147466.862469641,41820.9659970076,39796.5230033715,76248.4553465156,618438.152301854
miura_01920,miura,1920,1,36,9,0.000968371461237804,0.00379301545961689,0.00141594870957257,2071379898.43441,4163388878.50642,341743.071063508,101263.497406044,29283.4966898202,96618.9443543022,154348.181212895,689122.632448316
miura_01921,miura,1921,1,36,12,0.00095809981105258,0.00422580828114158,0.00213674278019208,3890773471.45218,1579262990.76958,97299.1999032383,25983.9020700686,8370.01118630848,112267.584724152,169522.613813483,578002.90061988
miura_01922,miura,1922,1,36,12,0.000709137640010648,0.00434145095620149,0.00278241245576542,1055686412.54231,2452695636.65612,130608.836740316,35713.4783434067,12345.8011496149,12353.6285663093,23251.0503533347,232111.698232995
miura_01923,miura,1923,1,24,9,0.000799911790100972,0.00126253744287977,0.00301367974923173,2140327288.67493,3644808020.85458,6995.10290721936,2679.98215926934,3356.28651842377,17263.2911080694,28291.1521337138,153063.492111193
miura_01924,miura,1924,1,30,12,0.000683539897523527,0.00507704985001204,0.00124915085373762,2988658575.24738,2291804895.04274,314488.258871245,76391.7510360527,20118.7868689224,50987.6556790197,89068.8872377198,594176.298555166
miura_01925,miura,1925,1,30,6,0.000697668568272167,0.00347792734284281,0.00385465718981545,2029148292.76465,2959459916.4055,142500.411376281,50973.7217632926,22062.140060943,12274.166527753,22826.2761987558,181169.140274364
miura_01926,miura,1926,1,30,12,0.000899759080047898,0.00207945586630298,0.00296142462186495,4744286697.64137,3241106849.51949,19014.1634395444,6310.50016629205,4735.37613663592,68651.3671460127,108179.914454255,470278.180574269
miura_01927,miura,1927,1,24,9,0.000985815084078438,0.00346982548855698,0.00139955143386805,2432615805.11994,3309301171.45898,208703.450437665,61457.4506433842,23811.3736396833,80257.161099727,131594.46374051,669038.243598558
miura_01928,miura,1928,1,30,9,0.000804782824551122,0.0051989326596788,0.00244824279567601,4281752645.11306,2421215193.22855,288695.101267739,83590.8058054339,25895.9214983041,57381.4789711174,96360.96124182,538432.787026959
miura_01929,miura,1929,1,24,12,0.00062229461399358,0.00436836282138438,0.00128537654399093,4009071409.85815,1418919537.93484,123326.833051926,32508.0235406488,10685.4050623403,38496.0047233076,65307.5803873872,402455.850350738
miura_01930,miura,1930,1,36,9,0.000803312345599594,0.00570385357113445,0.00107549095170194,2361950191.57503,3018528025.69542,598911.56429187,174719.664873253,39507.2273813682,85852.6313614886,148219.062308797,795153.558706505
miura_01931,miura,1931,1,36,9,0.00064650795698466,0.00464713226600421,0.00367567885214565,3064859513.76133,3576630902.70241,253560.583170787,76150.3867398612,26053.6199719968,19883.997700032,38090.04761927,346298.246960357
miura_01932,miura,1932,1,30,9,0.000946293910126045,0.00206560581888136,0.00286851106449001,4725631046.25989,3827998548.19124,36179.4467791014,11827.7379593375,7841.47751152898,79123.3979280406,122531.02619057,464675.147679975
miura_01933,miura,1933,1,30,12,0.000892139682128541,0.00421842571563248,0.0012040581900072,2054158839.89333,4985808923.70252,446412.215641435,113682.746710485,33270.4190991276,81020.4070466145,140683.454634705,956329.338014365
miura_01934,miura,1934,1,30,6,0.000622021711152018,0.0058583334748655,0.00264720699064107,1049467520.9935,1137086865.39148,178047.542734234,72894.2587639628,21832.258153915,7325.77868719012,17535.7280878894,171167.931427267
miura_01935,miura,1935,1,36,6,0.000848799062887178,0.00184058893705983,0.00266987844406702,2329887141.90931,1004809951.32604,14254.2743428629,5060.01456658479,2606.16821871491,32233.9386540227,46231.9583783724,106099.660827241
miura_01936,miura,1936,1,30,6,0.00092249654010662,0.00118973241218173,0.00251625452247068,2850094418.42785,3642806899.29964,16030.6460488647,5623.97337683816,4540.6509058921,45007.8398265264,68426.1320397981,205314.715118861
miura_01937,miura,1937,1,30,12,0.000776270489130773,0.0028796316817471,0.00308668526927514,1088299585.71093,4782612468.49113,67229.6928775618,20892.260085255,11993.1613691094,12235.6878546674,21971.8350289128,225909.596181124
miura_01938,miura,1938,1,24,12,0.000601381337464308,0.00236329204173791,0.00166453048789332,4132526621.15037,1031419732.50601,13096.2723459342,4147.76004728234,2551.15170829041,25610.2495021022,41472.0783161609,201902.665211593
miura_01939,miura,1939,1,24,6,0.000928624097092713,0.0038593300561779,0.00132927787885876,1182153442.24439,1039822142.93593,118577.167491361,43384.0855283131,14610.0705973909,32190.5383526301,51643.9184496766,209878.964617856
miura_01940,miura,1940,1,30,6,0.000525513136589993,0.00309844241992252,0.00273587191043641,4142598084.26685,1117404066.12095,51420.0385621576,18558.8024579888,7772.54123149331,13030.5351301722,21068.2004718563,98193.0937597301
miura_01941,miura,1941,1,30,12,0.000962763933482466,0.00388322521973251,0.00100349173996479,3729090655.30858,3623974539.48343,303134.496903256,77046.5729643904,22489.4176200377,197631.556338497,309732.078944243,1261072.20067893
miura_01942,miura,1942,1,36,9,0.000964163910356604,0.0012482919684191,0.00100977576997142,4469871499.47132,3276401534.10996,22636.5322868986,7190.98740751207,3975.53270607443,231866.987859549,307562.294024468,542278.5296029
miura_01943,miura,1943,1,36,6,0.000955221111361622,0.0021473377125145,0.00323568677503359,2089230824.50768,4254601439.30652,75779.4563114075,27063.3815477531,13398.6924224213,38746.7963985973,59886.5427274019,229965.889328201
miura_01944,miura,1944,1,36,12,0.000631672719114623,0.00295128701283448,0.00222812550476391,1302236255.81986,1477159054.00434,33518.8655878104,9716.02739021044,4148.64959244355,11612.4142605347,19420.3177377773,123767.257179432
miura_01945,miura,1945,1,24,6,0.000603488652625045,0.00300686595091592,0.00165873063358014,1678210974.05943,2928794394.82746,173654.427684258,60448.8052077966,25240.4236781463,12531.4124304402,24229.7524390162,210937.588725388
miura_01946,miura,1946,1,30,12,0.00056610608765719,0.00406767104100779,0.00305629765185087,2604364194.98811,1855533835.39212,69689.6309794396,20086.5675647213,8562.5203333418,11171.0181569459,20061.5372448977,182653.283813594
miura_01947,miura,1947,1,36,9,0.000537867395755735,0.00383878034412555,0.0030457601394382,3381799474.06994,4835898308.5795,246537.358785581,74512.2486622019,27234.7345713402,16145.0776279008,32072.2826957221,334011.023658478
miura_01948,miura,1948,1,30,6,0.000754781642400396,0.00338469520133045,0.00128464206178286,2744556400.42479,4257942510.85299,339353.161816286,133871.986576514,43451.9740371385,55333.1286952101,92913.174346255,464568.927827715
miura_01949,miura,1949,1,36,9,0.00075380687159096,0.00136462743931627,0.00162956703631247,4863233006.90228,4420435408.59289,24732.8124877191,8021.25197518285,5044.73084781104,84734.3561165279,126652.02421387,388189.917302998
miura_01950,miura,1950,1,36,6,0.000725635321988282,0.00184933705960775,0.00286852974783608,1463527219.15299,2998507240.2391,40493.1398936323,14314.3114946866,7512.27924815316,13978.8542415888,22215.3543276852,102579.153735609
miura_01951,miura,1951,1,36,6,0.000972007351811378,0.00335374873571176,0.00139325456349733,3050156726.35475,3113099422.42993,203320.830819955,87250.7091258362,27532.2294286592,130439.266978138,190566.689581633,503486.858163787
miura_01952,miura,1952,1,36,9,0.000932606328796466,0.00264353616496085,0.00251829411185538,2212569073.34342,4595148698.01555,105342.211105727,32552.9665417645,14523.5311389829,52066.7617177609,82780.431990955,391825.12134022
miura_01953,miura,1953,1,30,12,0.000587019078553101,0.00118588398441938,0.00329709601543967,4946954582.15682,4897407127.75508,5168.93219087081,1987.65721254718,2557.07651202292,18851.3208663826,30827.8865848158,177851.928491588
miura_01954,miura,1954,1,24,9,0.000837901804656322,0.00114084724311567,0.00123278157046682,1286787629.72726,2772186179.27323,9181.62524848073,3251.05171700677,3031.46369725238,27687.7484771791,44229.0226716525,192989.916113158
miura_01955,miura,1955,1,24,12,0.000616842491690551,0.00258985314480891,0.00121791722440293,4551100269.26298,1984035035.80279,43262.659760289,12930.7911052022,6386.03288927081,42671.59625078,70030.9054188499,371898.871329808
miura_01956,miura,1956,1,24,12,0.000808183727546751,0.00106325254795942,0.00141020777764146,3580092118.94148,2760576443.74569,4469.87492511171,1693.01397509022,1972.55154937504,58236.8138731571,92136.108618044,354147.051491042
miura_01957,miura,1957,1,30,9,0.000894292261736927,0.00533974562835253,0.00140727206937417,2154562001.14877,1553823920.05977,271615.492179161,76650.6745689788,19958.8160753186,66094.5038165089,107349.465373137,490385.413673901
miura_01958,miura,1958,1,30,6,0.000740026807734225,0.00321481130620511,0.00276569252404256,2839431579.62504,1740872675.50784,86322.1289326659,31312.1679423365,12864.2712792578,24345.4598497548,38970.0589392098,171578.236660623
miura_01959,miura,1959,1,24,12,0.00053544893643395,0.00193067201587319,0.00228098952541282,4431962967.2279,3934211266.73363,20601.1284247882,7115.28502582635,6055.24681795337,15779.9278429734,27022.2623043621,203720.842643124
miura_01960,miura,1960,1,24,9,0.00084908892627153,0.00413133563308183,0.00284274683035826,2283188992.115,4355298349.29307,242067.489995604,73266.1293732546,32759.1810029646,28244.9895086998,51973.6930382863,482451.043189973
miura_01961,miura,1961,1,24,9,0.000847449154938237,0.00375601264256792,0.00178034794411141,2587008007.30467,4645563393.78953,295634.595271627,87601.6779645135,35064.3310034227,47354.1517963763,83655.695059995,623934.273666447
miura_01962,miura,1962,1,36,9,0.000665408035800651,0.00396311286588444,0.00132500319649517,3499772315.83515,4828387720.83577,449844.840648724,132828.065267981,36778.9485142766,60661.1086424579,105634.186717101,648286.125622177
miura_01963,miura,1963,1,30,9,0.000811537292621674,0.00123569558920411,0.00349392900083615,2485201608.16347,3654914164.37404,6689.15615398539,2457.13855666819,2740.13255496003,22160.5201279998,35163.1737257106,160892.588708993
miura_01964,miura,1964,1,36,9,0.000925820971052934,0.00379811023089184,0.00389159779885219,3706005344.63815,2158482993.21773,89709.3876438941,27387.1455154221,10981.5183833734,53801.5791650583,83756.9712864722,344820.752998046
miura_01965,miura,1965,1,24,9,0.000829351034942547,0.00504348966331018,0.00230652722486922,3520028463.77419,3122362823.58964,345600.627426395,99949.8882874267,35304.5456318131,46836.7598833789,83783.2979612829,626834.987967626
miura_01966,miura,1966,1,30,9,0.00083478506151042,0.00275650024444044,0.0026109947651053,4796138975.44627,3203183314.76311,72671.4058707805,22645.1439601272,11415.7497523135,62822.1037344372,99015.8959261405,428472.453340826
miura_01967,miura,1967,1,24,12,0.00094315297154221,0.00547712144292615,0.00305182856711981,3047649308.97793,1892614994.23848,145561.383370703,40536.7092739634,15648.3396705144,43999.3872239246,75695.9232095138,520806.154022444
miura_01968,miura,1968,1,36,12,0.000528871555003714,0.00550567165934337,0.00321463998242953,2740949070.79111,2490400718.10239,218578.895825377,57514.6993717035,17696.1235724657,12715.9711848547,26145.1317271719,311979.673413718
miura_01969,miura,1969,1,24,12,0.000880170948154827,0.00131165358522078,0.00222591272643603,4281692720.46037,1742075239.09597,3428.85102647639,1306.45944874836,1545.94712737409,55610.8140652624,87274.5249002141,310884.878141485
miura_01970,miura,1970,1,24,6,0.000980796287053091,0.00138800140453499,0.0023780595546446,4282029035.43061,3624152639.44831,22423.8294232147,7940.93849890651,6814.91708407179,66410.8944514897,102643.253219725,317381.778292521
miura_01971,miura,1971,1,24,12,0.00084248429993487,0.00178235066158621,0.0023935166430294,4886746698.49732,3798003478.78014,15476.7631521371,5485.85350837406,5118.7568683816,57746.86751277,94084.6438895573,478638.703336855
miura_01972,miura,1972,1,36,9,0.00061861750327735,0.00422466362174368,0.00244672764772346,3138231556.09775,1068209621.09818,79837.7238297638,23841.2732878949,7606.99284609381,22362.3850596848,36033.6088997964,171975.747419208
miura_01973,miura,1973,1,30,12,0.000978690037330257,0.00111588208774415,0.00212552107006816,1474188158.33369,1266264283.10162,1831.53775293959,679.079366648957,759.88226314244,34579.8980305132,52772.6636521948,166799.70117151
miura_01974,miura,1974,1,36,9,0.000814470223896013,0.00171933352200103,0.00314151256540205,1804215553.97655,3952011178.66438,22973.8847484667,7556.56629551921,5163.09875381749,22628.2125604152,35924.2877912651,174712.606308805
miura_01975,miura,1975,1,30,6,0.000621656270084301,0.00388380572453552,0.0016134183073459,1077507471.82629,2394600149.687,222843.61819267,88230.5129381588,28292.9888239396,11642.8214674559,25109.6258766031,224064.949513267
miura_01976,miura,1976,1,24,12,0.000526125477384496,0.00410623302964634,0.00330607516993607,1611176284.221,4635472178.26456,148294.581822282,44709.4268778425,22782.8680877831,6302.90922161139,14404.0326215413,313729.352472506
miura_01977,miura,1977,1,30,6,0.000690012173022547,0.00590290368508806,0.00196772711319176,4989536713.40082,3332683086.1807,571731.192562336,241587.311554232,68517.3490371392,53064.4638279178,99630.3431588345,632756.770477094
miura_01978,miura,1978,1,30,12,0.000844747358827507,0.00264956417508536,0.00246607588946583,4129528629.20259,2977424437.96555,40979.2522413954,12657.0874544739,7088.97032234552,61034.6682164447,97519.0394042956,467993.387598543
miura_01979,miura,1979,1,30,6,0.000828939719885944,0.00448527277714008,0.00328199222238522,4753927813.11518,1565669977.24641,140986.601961338,53527.2673458987,19100.306451016,46818.9721217354,73306.6642702923,277297.896284505
miura_01980,miura,1980,1,30,6,0.000757757322203478,0.00324961181322969,0.00239110337622557,1193385732.4284,3065270599.88159,168905.611809996,62086.3228452752,24207.3484559347,14632.3721286793,27218.6358536433,204095.285758151
miura_01981,miura,1981,1,30,12,0.000666023786693105,0.00305665631750252,0.00368709163921274,3795139525.5863,2215049280.71043,31396.8156870644,9817.9013107401,5784.39555760304,19692.2858268271,32886.1648230353,211520.320932219
miura_01982,miura,1982,1,30,6,0.000731382013741718,0.00328441154432902,0.00188852187839399,3467564814.17933,3859652033.56949,245893.39208381,92647.24916008,33628.1930006603,43434.4605459869,72343.5276878948,367248.548858259
miura_01983,miura,1983,1,30,12,0.000511111959736325,0.0014746347395715,0.00185209377682374,2401888987.753,1280089733.1522,4306.66964561521,1465.03617168536,1211.45263357451,10563.0295991897,17031.5846557104,87949.7339247044
miura_01984,miura,1984,1,30,12,0.00068538856009272,0.00489977687676992,0.0037208199718181,2836098032.05952,4079389325.11533,215209.31414007,60809.0043337578,24131.6435483983,19491.4994028978,37353.9169376172,433364.863790082
miura_01985,miura,1985,1,30,12,0.000909871752581836,0.00346727350475062,0.00101952931577674,1588964129.83753,3388663065.09048,209532.418968049,55005.2506113397,17415.7611703808,74080.308806246,122109.585755888,666044.87215179
miura_01986,miura,1986,1,36,9,0.000535731985846855,0.00472186215586028,0.00319742232874862,1353729987.74872,2179128527.24365,176077.288980205,52608.4176925741,17022.6500631879,7003.22230529224,15967.4179034266,200534.449653157
miura_01987,miura,1987,1,36,12,0.00079220714204671,0.00366117129653662,0.00374041916628996,2552441024.3128,4493293067.77026,117050.870104082,34224.1091850994,15122.119455281,27913.304946945,48067.6897144531,362056.619779683
miura_01988,miura,1988,1,30,6,0.000902561404143686,0.00118062282099576,0.00156996785851348,2134273640.04304,1708657504.94958,11164.3669032777,3864.28099156986,2609.94405991725,46453.283259986,67404.7440263104,152796.15208276
miura_01989,miura,1989,1,30,6,0.000550424761808366,0.00343241677688773,0.00129764589810537,1119622735.21057,3354260747.95855,272842.257568413,107669.387644314,34755.0739400001,11214.8875072694,26239.6575075632,264317.662937298
miura_01990,miura,1990,1,36,12,0.000892548322110867,0.00270364895004875,0.00366443343646032,3506316137.60269,4624517789.57643,52437.4270165653,16231.6263918055,9143.84463802248,51032.0605039275,82184.2924502938,435918.291166952
miura_01991,miura,1991,1,36,6,0.000890165427441081,0.0043785488664375,0.00120538771361814,2268338002.55938,1804735015.16979,179692.711342103,82827.521358181,23540.0811291572,87429.4285838688,129202.64425624,361626.827465165
miura_01992,miura,1992,1,36,9,0.000555489828049355,0.00127338372975451,0.00361002109842538,2540653890.76442,1179265564.06873,2598.53820057563,908.547983000152,842.429580560663,8406.10304662794,13033.2251321606,53157.3546789781
miura_01993,miura,1993,1,30,9,0.00071911689836947,0.0039720822157108,0.00103484694263457,2631096798.54348,2000644893.96666,222738.930090958,63585.5709417479,17875.888000553,57304.3512285733,93091.0039841149,436081.489292572
miura_01994,miura,1994,1,30,9,0.000999247234962758,0.00448219434923476,0.00359793330967786,2915152691.57103,3951326638.21806,248072.274612712,74362.8172337212,29175.8862350794,52210.6369723776,88582.9027389105,557035.293831501
miura_01995,miura,1995,1,24,6,0.000880824881155091,0.00459205113884053,0.00158254457297081,3373899459.3846,2297483802.94044,336944.744194222,125015.313890827,40198.9463769469,67603.5349878206,111513.253580761,508111.979760432
miura_01996,miura,1996,1,24,12,0.000961006837405372,0.00319245116786994,0.00395290279831845,4600173862.74661,2542679505.17619,33969.3247635581,11098.6911494285,7688.00590622403,50556.099715896,83556.737741031,472738.012953912
miura_01997,miura,1997,1,24,9,0.000712500194015427,0.0055981598032893,0.00290686981090633,2617486700.51694,1950378864.83933,235238.77659262,68144.7068081664,24278.5189981445,19272.3617840554,37106.183985433,358954.057747375
miura_01998,miura,1998,1,30,12,0.000865822063340753,0.00130021434072698,0.00181657383732659,4462873231.26796,4978348653.71834,12222.2936879409,4271.7326970287,3909.35770023564,90928.5763832769,141555.143294042,550445.798370691
miura_01999,miura,1999,1,24,12,0.000611639404029632,0.00585762868644485,0.00303080410201237,1475169511.67076,3504165882.25193,324868.019123241,88792.8734868952,32306.7668580339,10580.3359218188,25917.062885144,509387.289256804
miura_02000,miura,2000,1,24,12,0.000753930984944301,0.00563585477451825,0.00352957397968115,3556482217.68796,3956951492.53607,289505.791754683,81511.4204376432,32571.5013091833,27368.2486786423,52685.576440021,624844.769017313
tmp_00001,tmp,1,2,24,6,0.000926157208671349,0.00564696268840938,0.00128027461460348,4861495907.52392,2378803139.12058,106376.983768189,11203.3706816554,1113.74556827394,153195.752844373,182505.858120796,253193.851389181
tmp_00002,tmp,2,2,30,9,0.000905860128997643,0.0028445537128764,0.00109289130309071,4334593788.14853,1427140284.37031,20043.9927503785,3384.76579713584,502.015169843317,172094.006251168,174491.927957643,175381.487334949
tmp_00003,tmp,3,2,36,12,0.000531380272447324,0.00343489851854551,0.00369107101474711,1299381932.83118,4777049921.04826,20233.8571862237,4285.42028166982,868.765990681124,7144.17376545976,14539.9669101723,69697.2552703301
tmp_00004,tmp,4,2,36,12,0.000564364012922873,0.00279532254313454,0.00240020976250243,4231916897.46352,1015354329.44453,4317.14880214097,913.743155069779,191.18770414835,28657.0270447574,41799.1470118426,94569.0777103714
tmp_00005,tmp,5,2,30,9,0.000700024210117423,0.00506714075893697,0.00330445311173786,1561065679.59058,4082107272.7829,65099.6771139917,9700.91004219221,1217.2070878604,16120.2440320367,31015.4884323181,131969.671772278
tmp_00006,tmp,6,2,36,12,0.00095287592007279,0.00141673421481509,0.00273020598164996,4394506632.42812,1409259432.94671,3570.94395580116,824.617099310058,186.964295235122,91864.319262186,100314.777201579,114691.473205656
tmp_00007,tmp,7,2,30,12,0.00061904747470088,0.00200968396442046,0.00124954769868533,3427635204.39086,2236659252.21515,8249.67734069087,2183.44438583982,650.648070491097,48845.9349074278,76132.4059153384,209040.466181078
tmp_00008,tmp,8,2,36,6,0.000613651200555072,0.00383003780946452,0.00105020727926169,1340830368.63077,1288432166.50226,7800.18242139281,563.362690416347,56.8291321115071,22537.6936610488,23139.779277172,24958.8283066329
tmp_00009,tmp,9,2,36,12,0.000559696528481022,0.00522985654448221,0.00295126046600787,4810544381.40594,4410578013.49507,70923.7559615913,10514.2737958284,1335.09371901488,32457.6151778062,59143.0776809413,241021.894491238
tmp_00010,tmp,10,2,36,9,0.000500230915612192,0.00210255311751771,0.00215628911460273,3798153656.01993,3544080969.88238,6618.34782231273,1170.64172335023,186.724947595628,20510.7784374327,30511.1608288165,75249.6318196572
tmp_00011,tmp,11,2,24,9,0.000569010382322501,0.00423730796312709,0.00194082603306305,2593268340.58719,3447591125.39774,71016.9662904832,14164.2748531064,2610.41652407413,19069.5691245832,38845.7846116167,183748.147062285
tmp_00012,tmp,12,2,30,9,0.000802915576907104,0.00494896567678569,0.00354163272437742,4535625307.19713,3351592370.04989,49257.072785447,7737.33319419191,1055.56991718942,53389.7011790397,85614.6816522581,248839.534827195
tmp_00013,tmp,13,2,24,6,0.000519932269146289,0.00156098212593408,0.00105467797847762,3252060867.9075,1350505484.32336,4523.46312675477,891.120420759586,156.290461677519,19810.1864076358,24704.4475480252,37285.6189420851
tmp_00014,tmp,14,2,24,6,0.000923449138927589,0.00193126744829563,0.00219213128266918,1735418314.48628,3304526111.97598,9287.26767739547,1980.78244425564,388.808081267965,31143.5280067158,42957.5467089251,85101.4574372583
tmp_00015,tmp,15,2,24,6,0.000761954517011798,0.00388252694644096,0.00330806941707114,2425762175.89882,2259884033.84783,22366.7243729335,3571.4726066478,479.522185015096,19164.7947578508,29655.4495499941,77608.6394246626
tmp_00016,tmp,16,2,36,6,0.00092736126581125,0.00135018599240414,0.00270328133298244,2451773661.21894,1246530477.13622,1974.84437355364,261.71601684144,37.0148665979361,29043.6819276508,17866.4608487327,10608.4911660107
tmp_00017,tmp,17,2,24,12,0.000846674804990735,0.00278897768797915,0.00246483640441087,3172221455.98576,4218915229.75316,22650.5865995533,7747.72433802118,3737.38048133875,51113.2375980937,90728.9985458302,416661.828413403
tmp_00018,tmp,18,2,30,12,0.00071260600432978,0.00441756882591107,0.00112974636017031,3034173487.0794,3177902168.73103,91955.1707300546,14918.7848245372,2109.50342599486,80029.0652895583,136559.714333828,474780.591239421
tmp_00019,tmp,19,2,36,9,0.000807122776798146,0.0035962244330059,0.00397115217623083,3689819657.8275,4010748405.12087,18404.4927894248,2791.40572499642,373.570721180488,45291.0288549962,66627.5526682109,158225.181538934
tmp_00020,tmp,20,2,24,12,0.000686680924806813,0.00533495448808312,0.0014108314641077,4285132367.81594,2068215659.61047,102224.747935045,21439.5666760995,4372.75159797143,64723.3261215023,118826.179601988,541283.990843658
tmp_00021,tmp,21,2,36,9,0.000630192465436479,0.00444407529251147,0.00166926832321032,4317340640.81769,1458773952.01491,21325.3369325379,2168.02769876667,218.494554420827,55756.2378551086,70834.0846560182,114143.765811819
tmp_00022,tmp,22,2,24,6,0.000784901709587658,0.00373305025197692,0.00192890893841794,2191547278.80021,2440518858.41025,33207.6734419142,4617.75815938683,540.991900599512,31127.6097254382,45708.908973738,104274.083072897
tmp_00023,tmp,23,2,30,9,0.000857132190557848,0.00516721611092227,0.00394851566854917,2417388053.54693,4959468795.71351,72789.3661688862,11413.0347185895,1529.39882874737,34725.2942243167,61246.7682381326,222565.852502314
tmp_00024,tmp,24,2,30,12,0.000596475912121836,0.00286348245596617,0.00394002397221539,4035025948.1675,2859061955.06428,8930.44577122108,2702.94825583428,976.861792222386,19070.598987995,33413.4851534278,136546.43113107
tmp_00025,tmp,25,2,30,6,0.000875808525289527,0.00122977741307609,0.00172997008644771,2730422312.36739,1747865125.68603,3760.55869465446,603.707602364683,80.5684894985273,40901.2719398306,33351.4344219708,24765.5166190736
tmp_00026,tmp,26,2,36,9,0.000686083868029303,0.00349656712407569,0.00303067285436986,4339027401.84581,2652865558.80427,14323.6768098916,2039.59711704323,259.224666933244,41587.6125613856,58578.4214708617,122965.962254665
tmp_00027,tmp,27,2,30,12,0.000611392035420514,0.00321519740700241,0.00285882409741414,2300343416.68886,1962374956.84636,10901.8557940253,2835.37884106645,813.329127916218,16172.6863617664,28654.3215158999,116350.813235449
tmp_00028,tmp,28,2,30,9,0.00056290136610381,0.00110599656670036,0.00392416362285673,1410797365.44264,2611964142.52662,848.106842758364,292.27820394144,123.985475509261,5001.34766679401,7950.52997553566,25661.549180481
tmp_00029,tmp,29,2,30,6,0.00054698708287203,0.00247975189272068,0.00121529375937692,3809786479.21102,1797036555.11009,9106.2876615503,1078.87808116827,119.977443144362,31552.5958542266,34834.7196289702,41569.0958345702
tmp_00030,tmp,30,2,24,12,0.000575169839503866,0.00540099502271492,0.00294029315365388,3403020275.61905,3764417439.57977,100138.545626421,25437.1857754705,7324.72027369514,18827.5064428556,46041.6722555649,372318.633329714
tmp_00031,tmp,31,2,24,9,0.000509657154239468,0.00475509338806051,0.00207560457753155,1926728700.44524,2520287322.15811,66494.5417089928,12611.4917076727,2150.14629782459,10485.8870269027,24007.0480385537,131074.203749058
tmp_00032,tmp,32,2,24,6,0.000598335154207414,0.00264785039900832,0.00364958665970599,2879835583.89559,2382604479.6291,8114.39847379004,1688.91753863185,316.637872037246,10090.8792021839,15814.2438297266,44236.6645213882
tmp_00033,tmp,33,2,30,12,0.000736645117002617,0.00554951797761642,0.00224904097872915,2295901935.24134,4709144764.14486,138924.262954096,24091.4191446007,3685.29741524369,39437.5444094445,79876.3360028434,410740.67771427
tmp_00034,tmp,34,2,24,6,0.000702474557957566,0.00375113674967735,0.00114348522889356,1103313575.90587,2868866384.33518,54142.6776081022,6203.23256467363,594.837874642556,20546.1373069759,33037.8290729567,94339.5336750302
tmp_00035,tmp,35,2,24,12,0.00096576507412751,0.00430741920083501,0.0014615821883198,4095460187.22505,2593771858.83444,72689.6572536073,17313.4880621744,4489.45086319445,151942.890250371,252199.929186488,844111.256265587
tmp_00036,tmp,36,2,36,9,0.000600861883659939,0.00313618133209786,0.00332279697146849,1391759793.60686,2932528185.87679,10226.9752522321,1574.38651877859,209.064585432337,9507.88371835945,15555.2798804458,49396.6444832044
tmp_00037,tmp,37,2,36,12,0.000931030126397489,0.00421309419434375,0.0034243835876734,2367030940.84066,2155926350.22084,18332.8699643876,3356.58944037491,569.868278663522,53536.0377467367,83410.0568628865,227704.61183905
tmp_00038,tmp,38,2,36,9,0.000877277003992772,0.00284383829409817,0.00207226160945266,4234749462.42812,1419994921.9334,9271.02988089458,1444.71047190103,196.185668992398,99451.1985028876,98564.0038382248,95540.8413047276
tmp_00039,tmp,39,2,36,6,0.000668166988881565,0.00344270260503149,0.00215466478702456,4541948789.33448,3411173021.08477,14010.3661567454,1213.18051378886,119.000531904315,48055.7404705892,50942.1534834129,57472.8324188563
tmp_00040,tmp,40,2,36,9,0.000511123897723719,0.00566578058596944,0.00121718857104858,3507340162.09829,4099170794.2664,107213.71668206,7691.8775232809,571.323254107146,38932.7345261985,62139.9170001862,194091.055181688
tmp_00041,tmp,41,2,24,9,0.000550974700992458,0.00510493664835224,0.00252195588989902,3681768461.66053,4528620207.927,122793.184502074,23669.2910154541,4134.73282274254,20653.2470385329,46666.3255166715,250936.126259872
tmp_00042,tmp,42,2,24,6,0.000795748445186527,0.00503967553422237,0.00159502105979055,4137756979.29595,4907260096.97742,146775.910028813,15758.255521852,1464.71963672389,76170.0120997703,114449.223817805,277119.779302628
tmp_00043,tmp,43,2,30,9,0.000641125431263657,0.00397730542275326,0.00316862681230819,2695610432.29128,3827684335.69809,33754.0360582665,5867.52546794531,894.116094181103,20136.9120948852,35193.4677783167,125806.196837101
tmp_00044,tmp,44,2,36,6,0.000657016273268255,0.00360664096590006,0.00357009507542993,1775820683.9244,3222987284.04071,10364.6556168256,873.688273913533,78.5409529047281,12307.1101255189,16921.2633866018,34804.7183299064
tmp_00045,tmp,45,2,24,9,0.000612073187089984,0.00459172434577587,0.0036855431628214,4921216119.894,3874249973.62615,57529.0442092903,13261.2015599799,3054.69087712623,23323.11264963,45342.1303527293,203442.124145229
tmp_00046,tmp,46,2,30,9,0.000612053083167313,0.00447392011270059,0.00188416598435799,1634551584.9482,3434980152.96507,61966.0102272114,8290.2062839836,927.82710731987,18438.1368602829,33614.2352761145,132079.910097597
tmp_00047,tmp,47,2,30,12,0.000866084064857362,0.00221487430776627,0.00344606990675636,3212844233.85164,3581830716.45774,7360.25332565975,2388.87390812363,969.96914531809,47222.7948561171,77085.5957809197,252882.006375851
tmp_00048,tmp,48,2,36,12,0.000542923190981113,0.00586268957417496,0.00203391675634707,3115425257.64534,2101106000.50334,60400.9824199669,7242.43834603759,738.565211425029,26518.3717281518,46608.8500017312,177853.168732258
tmp_00049,tmp,49,2,30,6,0.000823095222757047,0.00574137091333331,0.00274613527301768,2023145536.62045,1690182302.99554,27294.1616829319,2260.58920933187,196.082397603461,28653.1458208689,37651.9933717595,67332.7644070346
tmp_00050,tmp,50,2,24,9,0.00067962743805287,0.00152424750053865,0.00182025771016166,2090470247.13745,1170979386.53443,2661.52712516069,841.041319013298,319.007299602676,18872.9139238122,28511.0002717569,71791.2727596538
tmp_00051,tmp,51,2,30,6,0.000982158770272862,0.00416180024964973,0.0027293820760518,4268740368.45899,1208386433.68586,13785.7182633591,1703.48661051088,191.936944222049,78630.5485342594,68246.935747822,55881.566861367
tmp_00052,tmp,52,2,30,12,0.000647795952180727,0.00252455411295843,0.00133115462295763,1162085198.78489,3345837375.50617,18497.6152173661,4433.88173015172,1119.75729781809,21053.5619228725,37790.9536919267,155866.626139631
tmp_00053,tmp,53,2,24,12,0.000973622438802238,0.00133220457466446,0.00236256400058703,1664564804.12868,4882203858.16349,4983.74170670654,2176.38265413885,1644.39722609736,38350.9615929453,65612.0234860251,268239.621300361
tmp_00054,tmp,54,2,30,9,0.000509867338502075,0.00180560061934701,0.00121169116023438,3924607635.67422,1625653870.1604,5087.58906555534,1077.30909583784,219.161290876447,29615.9299241781,40908.0479071868,79715.4336192617
tmp_00055,tmp,55,2,36,9,0.000514465061920076,0.00116534198911915,0.00209663627143171,2513841362.24047,4725667788.84295,2167.55957445899,528.647275293881,129.308061187563,14680.1812150151,21704.2677637532,53839.0552522479
tmp_00056,tmp,56,2,30,6,0.000848864868233265,0.00110919852754263,0.00282636092377695,1503510811.9337,3663883957.90137,2187.83249270267,461.151174529585,89.0486725732971,17897.8494429555,22075.6640268432,32809.869726516
tmp_00057,tmp,57,2,24,12,0.000550396798776335,0.00483300319368728,0.0027094647209768,1628803123.04986,2604710866.07327,54706.1655396483,14443.7553120494,4457.9400147929,9098.73843977564,23474.7219884332,203128.098882467
tmp_00058,tmp,58,2,30,6,0.000928134435797836,0.00282513474847295,0.00359382788642149,1808079539.74211,1064594290.49333,4165.6418225467,628.270579060543,83.522119501057,23215.9066050392,25253.5786593305,28841.684265852
tmp_00059,tmp,59,2,36,6,0.000538566507081525,0.00335623999858369,0.0031806532538387,4106465360.60296,1793890008.02041,5662.17358713076,524.595007120122,55.4016029908791,16095.0744641189,18904.5607384726,26176.5588493385
tmp_00060,tmp,60,2,24,6,0.000826184245870416,0.00237057811792078,0.00151327422037427,3779389880.22407,4361057472.30774,26405.1264236849,4626.54860207211,704.770895431018,70692.293834985,93035.7845884801,160913.0816519
tmp_00061,tmp,61,2,30,9,0.000805684705772387,0.00339514425454843,0.00150674519909365,2487154586.85344,4139567589.81591,46040.7219809788,7044.30932999567,941.298375753369,66773.6692341682,102508.549565898,265083.147160631
tmp_00062,tmp,62,2,30,6,0.000618362687137191,0.0052688476616816,0.00356535725279226,2406311791.98533,3874816452.63192,44666.681560738,3916.10342381204,315.95736794687,12970.9090214929,21110.7182082914,66834.2106645979
tmp_00063,tmp,63,2,30,12,0.000939561654300623,0.00404740748826149,0.0012482590661873,4449713728.98896,2016785445.01116,47839.2015740591,8731.38210977174,1500.81753400546,211115.210667788,294786.387637193,578801.115267974
tmp_00064,tmp,64,2,36,6,0.000517833308332379,0.00509334370575929,0.00312021807333915,3572213661.92396,4940863291.41189,31231.1741923648,2014.72845750499,148.818604671682,14693.3040532496,21846.9787560758,57130.7488356811
tmp_00065,tmp,65,2,24,9,0.00093853932190586,0.00404794245117969,0.00225913188388337,3672676805.38652,1994809993.35213,35386.7226529734,7649.08487175682,1623.47744400791,78300.1106491282,121461.546261689,318932.910636569
tmp_00066,tmp,66,2,36,6,0.000765597101640695,0.00560661728345646,0.0018455784451566,4265681284.97635,4900259673.01246,43797.0737463927,2851.97429040897,246.620300727259,83379.4668726749,94763.2519858691,123345.530939899
tmp_00067,tmp,67,2,36,6,0.000521519498264581,0.00519706643508253,0.0013309333356768,2970507821.9593,2668704594.88045,22258.2907528138,1327.36044609503,108.225952358736,26604.376451536,33228.7920010028,53727.8405094839
tmp_00068,tmp,68,2,24,12,0.000567625517900565,0.00192836934176126,0.00190058168628086,2630657446.20228,3360948166.39982,8275.59232752218,3171.67447450503,1847.83695243256,17229.1399546573,31150.9514968944,158635.874735351
tmp_00069,tmp,69,2,30,6,0.000997121834967796,0.00268557281804185,0.00395087817943258,3034164645.1767,3328291536.20277,9879.56411933344,1545.43089442977,208.763433738985,46439.9748519921,55193.3257667252,75797.1781767953
tmp_00070,tmp,70,2,36,9,0.000579121056316609,0.00401617690000106,0.00290186071273744,1441678899.7687,1092076770.79875,8123.39955257744,1003.57278878415,110.82946784526,9385.20263883302,14466.7974490902,39143.3735246662
tmp_00071,tmp,71,2,36,9,0.000765924214823135,0.00227350120500417,0.00310317738817785,1699058212.78224,4520551969.20714,7623.75568648506,1438.46230410283,246.549164314636,23240.9656380896,35178.3143726172,91687.2116275407
tmp_00072,tmp,72,2,24,12,0.000697392030318777,0.00112843075547399,0.00329967649475279,2161402129.70568,2505970861.83522,1437.621249284,675.410449753162,609.314238909793,12977.768215357,22332.5200438469,94838.433682738
tmp_00073,tmp,73,2,24,12,0.000686721375309032,0.00304582278179427,0.00287078368146313,2446548345.70402,4026721010.83047,23013.0430200018,7879.61175402908,3793.3504603574,20315.7660847848,39027.1820046306,230454.443530402
tmp_00074,tmp,74,2,24,9,0.000876189310866684,0.00160245509075128,0.00326468571059143,1514611660.97876,4044698327.71274,4934.76120877922,1806.80664531947,862.7691501,19201.1393190056,31685.8307487721,112003.199270698
tmp_00075,tmp,75,2,24,12,0.000686872897936301,0.00570494935060776,0.00221018797660999,3361865058.65464,2246650123.56006,89872.4204117801,20503.0457376333,4856.49263223585,35267.0503978655,70706.5377875928,407397.572982723
tmp_00076,tmp,76,2,30,9,0.00065936701267251,0.00247232715075156,0.00107876119170861,3595930148.97341,4794250178.36205,31553.4944368893,5362.73302442289,816.141313751515,71636.5052830441,106463.758510469,252636.086990809
tmp_00077,tmp,77,2,30,6,0.000518672330414576,0.00268161784036243,0.00297214874466296,1886542745.49854,2882866734.54077,8050.63432297307,1075.55576293717,122.421480699938,6806.49371809119,10454.4408515341,28052.1206483705
tmp_00078,tmp,78,2,30,12,0.000666308147728243,0.00107201385278858,0.00320232598076377,4883747997.57462,3654751982.62544,2083.19878082627,795.413314218627,427.804777683065,31379.0764819501,49599.9562794443,147304.131856027
tmp_00079,tmp,79,2,36,6,0.000988859020704104,0.00160490962366482,0.00115212912993643,1130181896.93079,2085617367.4428,4401.36213635352,546.210253281303,65.5533222297101,49865.6459358245,32945.2926184842,20746.6184645038
tmp_00080,tmp,80,2,36,12,0.000707038770081704,0.00262252929868528,0.00354274742354679,2003040174.90066,3480546625.80761,7749.925588054,1910.41490622334,486.716400501655,20795.2592989789,34685.7055853933,119131.738686502
tmp_00081,tmp,81,2,24,12,0.000770678801365971,0.00371684416105411,0.00201252715943098,4790676947.71462,4203798076.39705,57409.0335854326,16091.7881656094,5547.52811858177,72298.7491078865,130901.270190714,606823.353712105
tmp_00082,tmp,82,2,36,9,0.000551659217321691,0.00286492094399181,0.0033213991944375,2604684018.91301,1588687762.69369,4646.53916567903,772.550084215014,115.973606421929,12325.7066047591,18399.9113718279,45712.6089376424
tmp_00083,tmp,83,2,30,6,0.000616237563460467,0.00277278005365262,0.002391469533234,1512405491.53647,3760895089.74139,13419.3445122956,1625.13055663181,169.544538008053,11181.9775484848,16865.2744280444,43040.0125848245
tmp_00084,tmp,84,2,24,6,0.000603689914702165,0.00265988610087068,0.00324566080296676,4258473297.94085,1239503460.72423,5466.43965376175,1098.47211973623,199.858621978731,14896.3839260503,20805.6168392052,42511.4401330275
tmp_00085,tmp,85,2,24,6,0.000735131398611711,0.00105745795393115,0.00159554121234264,1268802924.48149,1558309876.76908,2029.05695502235,486.002067066399,112.228514537549,12923.1980124087,16641.3574331684,27247.5816502338
tmp_00086,tmp,86,2,30,9,0.000983974749921638,0.00100998284002575,0.00105954586713968,1728440649.89156,2034966343.92691,5059.29911939519,1083.86414910967,213.433824528724,75936.9042313584,80280.3754668977,85929.5480740405
tmp_00087,tmp,87,2,30,6,0.000599624682938956,0.00172168077448197,0.00122995480155075,1746984043.74063,1358946498.90513,3353.30729684457,495.150740706879,66.288099763074,17829.6330362538,19454.9387804239,22396.1546830495
tmp_00088,tmp,88,2,36,12,0.000930939658837625,0.00554604208539793,0.00221883979359918,1159332556.15564,4164333042.70925,97722.9624628694,12577.4265680479,1372.56779836835,45947.9353596797,81206.8295520686,312008.555089458
tmp_00089,tmp,89,2,36,9,0.000578023486089756,0.00517649345878832,0.00236298940709081,2848872097.59503,1564323573.4084,24418.9201394892,2337.58591811814,210.992097211586,22253.7944437706,33467.2529412248,85205.158474976
tmp_00090,tmp,90,2,30,6,0.00054426714189275,0.00520614141174339,0.00287328839315876,2803102480.99883,4447460644.2839,55699.5342945908,4587.67476536245,355.400961838342,13015.1942633806,21585.7714953706,72605.2012266347
tmp_00091,tmp,91,2,30,6,0.000717637056135278,0.00307114022991902,0.00392569748396064,1664996911.02727,4353829569.67801,13879.1299194043,1860.48361227919,210.110403287904,12007.3636360672,18394.7503961224,48982.3192815103
tmp_00092,tmp,92,2,30,9,0.000920938183256602,0.00127660483716622,0.00312836537296768,2034826760.51944,4070303973.31276,3333.07923742667,973.138938149822,315.538076083005,33600.4861369414,48751.3203484607,111927.209878111
tmp_00093,tmp,93,2,36,12,0.000995559435946118,0.00141295646525941,0.00211349359819075,3264723341.65053,1954105472.50465,4499.55077869113,1060.70530444874,249.190294226892,107540.186757374,122745.724554508,152131.154482063
tmp_00094,tmp,94,2,36,12,0.000968485505723679,0.00552235971049607,0.00294066349929646,2594269220.13229,4929761878.98688,92754.923845668,13300.3586710865,1643.80902078391,82816.0765739826,139235.670571761,467158.945248972
tmp_00095,tmp,95,2,30,12,0.000924484604170378,0.00298971879277308,0.00279061816779883,4177538862.08104,2508036343.56975,13892.5351101277,3678.37581167927,1096.99676638679,88015.3877142882,136030.628436834,363596.513520401
tmp_00096,tmp,96,2,24,6,0.000842592435412743,0.00547354423228464,0.00135367132917041,2359749997.5905,2879994366.22887,111631.942779786,10989.053361575,971.577424826087,59705.7614266799,87058.3360339183,196129.087638889
tmp_00097,tmp,97,2,36,9,0.000526138618193156,0.00227372235205991,0.00116680891287955,1473022300.34652,2301967241.00138,8407.65245228476,1143.89680727503,139.080345372762,17084.7041568254,25069.5769237135,59060.9052337337
tmp_00098,tmp,98,2,30,9,0.000966841895461565,0.00564380304506937,0.00389976524011714,2136063029.97823,4976747946.69968,92937.2024528963,13663.0358557222,1701.21344713261,43829.1821000689,76496.9724433878,272341.044997289
tmp_00099,tmp,99,2,30,9,0.000549859216702498,0.00180653343973907,0.00305121856113805,2008378248.62984,2128138963.45486,2590.22068414304,710.114858339345,206.300946303466,8742.7543490205,13949.8916019802,42950.6129777278
tmp_00100,tmp,100,2,36,6,0.000570984731886862,0.00114665937271506,0.00123439564348349,4648075343.28235,2121004794.27149,2629.34788813378,354.779693826089,46.5021487687045,34533.9543432137,23481.4334426454,15006.5733433455
tmp_00101,tmp,101,2,30,6,0.000614197661917746,0.00255632330649204,0.00380888143353704,2159897777.66591,4887646312.80529,10027.4586784175,1513.15625071999,191.742308023552,10107.468519861,15552.5872348628,42184.8801291325
tmp_00102,tmp,102,2,30,9,0.000697345800786704,0.00347122569159375,0.00318066014046582,3490382745.26369,1891012748.71325,12443.47124007,2388.51601712277,422.647371540335,28619.782023156,44016.6943432438,115717.090483965
tmp_00103,tmp,103,2,30,9,0.000810999784834008,0.00500044775812545,0.00340294171812706,1439317592.73893,2246497832.96818,34275.9237360555,5232.38617187388,682.197807094327,19630.5460643879,33708.6922563712,115670.597539568
tmp_00104,tmp,104,2,36,6,0.00059504199058566,0.00123575620062743,0.00300624991716765,4284646189.33528,1855141043.31896,1351.42104070183,214.699939730425,35.0943830252311,17249.7577795215,15501.463247874,12984.2478161615
tmp_00105,tmp,105,2,24,9,0.00072516010078724,0.00470023312434815,0.00238007937647837,2232398926.18946,2436996247.77529,56346.6790283269,11239.7943993006,2078.23716465453,25300.1289820137,47150.584426464,192724.570383111
tmp_00106,tmp,106,2,30,6,0.000999130121402938,0.00495839844346536,0.00204772677392001,2527625737.27584,2271356853.55609,33738.2029266561,3109.49307916824,301.552556387447,78093.7045957192,86221.8594381581,104039.248034932
tmp_00107,tmp,107,2,30,12,0.000645399423382536,0.00102037869305427,0.0036406343458763,1438831592.92889,1206192078.23986,528.461280598976,212.007231026421,124.783288608991,7599.77857131596,12222.9784836436,38922.5562643208
tmp_00108,tmp,108,2,30,9,0.000715643843241185,0.00108028217492407,0.00109976507247932,4914537933.93969,2360552000.97035,5808.37204496225,1267.48680096596,256.965861765312,84119.8735012303,91768.0888652252,103752.971431255
tmp_00109,tmp,109,2,36,6,0.000859222994537415,0.00319693814250003,0.00136088919242583,2877337418.58006,2013106720.04621,10663.830186828,1066.50322750289,116.944177037467,81121.2428807899,57623.0317449947,39045.7995954488
tmp_00110,tmp,110,2,36,9,0.000668266144173099,0.00469646310201875,0.00374156993602672,2941063131.20341,4994359393.19446,44494.6888780614,5308.15470869915,544.031850634375,24757.7396084592,40979.7200029057,134449.139866715
tmp_00111,tmp,111,2,30,9,0.000675141764961285,0.00438761590043977,0.00259581878004286,1468464107.36949,1908356772.50507,25751.9615675854,3919.56384040952,509.808418099732,15090.1652225823,25830.408172851,87999.7387124739
tmp_00112,tmp,112,2,24,6,0.000829306293747638,0.00333571593742506,0.00333984779458017,2188770814.37049,3435658342.43751,22886.8181759121,4033.64060840786,608.243473561896,22201.1345859475,34593.6826935284,92964.1314317743
tmp_00113,tmp,113,2,36,12,0.000713603301150697,0.00120590207454321,0.00328652065413515,1588874069.44032,2862698456.2351,1267.36902484467,419.541486907132,169.610781897052,16114.8313261059,25126.8309148704,72464.4993582196
tmp_00114,tmp,114,2,30,6,0.000953321109381156,0.00121317441747979,0.00159185566479489,3336923732.4344,4754134771.66985,8104.16587513508,1368.02612244042,187.15941398167,80794.7744691714,73976.4447368464,62988.8566291024
tmp_00115,tmp,115,2,30,12,0.000665482836298849,0.00442376830911191,0.00194841686627494,3481478685.50241,4618513248.72513,84159.5561643293,16111.4162861036,2862.57347477166,47655.8685154333,88907.7024822287,388706.675062338
tmp_00116,tmp,116,2,24,9,0.000755463262216605,0.00386108648892969,0.00115891732211836,2820829995.73081,3134099369.08925,79812.5475014501,14505.8840877559,2357.16219648474,66176.4276098419,111180.158243655,356662.984950295
tmp_00117,tmp,117,2,36,12,0.000963651100579922,0.00558193263599235,0.0036473351472134,2394238711.22581,3359334252.82371,54846.8234351234,8423.23096664687,1129.32251371318,60227.8386754491,100420.977431068,329469.041208545
tmp_00118,tmp,118,2,24,12,0.000508456160422238,0.00200988048596191,0.00259889079287967,1511381139.37693,1816794701.02596,3772.46138533567,1523.8704577527,972.123904334223,5526.82884492601,10297.5537630594,59122.4421102247
tmp_00119,tmp,119,2,24,6,0.000514433535146987,0.00192127476054489,0.00145522266176387,3291671974.07994,2081324992.5017,7171.79548541257,1383.28834919597,238.057370332156,16300.3726229921,23105.2777752588,49007.2607578038
tmp_00120,tmp,120,2,36,6,0.000753711342279437,0.00495412905838902,0.00311201934718136,3206087389.23163,4542347775.7043,28393.6916038463,1985.03666320255,165.5266730299,37319.5256920035,47855.9249281779,82025.4993228555
tmp_00121,tmp,121,2,24,6,0.000930023733932472,0.00563892043711327,0.00270869720637106,2221540413.75393,2393152377.11154,66840.9553888705,7875.75974664586,785.995337790164,38579.6258683266,58447.0264313741,144077.210114428
tmp_00122,tmp,122,2,36,12,0.000818761246008576,0.00511872190413085,0.00345254213900227,1306555823.50219,1121524578.60505,15325.9024288395,2455.67102356642,348.401752155434,20991.7214710407,34498.7465953218,108909.428205789
tmp_00123,tmp,123,2,30,12,0.000739071942571119,0.0056628733647766,0.00148311463115614,1289208971.28882,2629686353.04291,114705.11883493,17180.0032061019,2159.05215867805,32362.9724574269,62939.82096984,304334.767794506
tmp_00124,tmp,124,2,36,6,0.000691133199935116,0.00364575828708783,0.00136581887049848,4315328535.61742,1743943084.64125,10630.3250470599,981.988101508472,105.162256985188,67127.0934545552,51518.7165632647,37650.8368969032
tmp_00125,tmp,125,2,36,12,0.000569419417199316,0.00488214553223268,0.0011009912503459,2168017387.82434,1663629476.77248,47905.0215967463,5310.62590001748,515.443925057451,36340.1876363884,59040.312381044,181958.300956209
tmp_00126,tmp,126,2,24,9,0.000511285659388241,0.00108308405052117,0.00294598572503516,3006164831.69841,2624847748.48312,1485.74132826997,588.351473854863,330.093332087528,8058.48798013241,13185.5363847609,46479.3488901479
tmp_00127,tmp,127,2,36,9,0.000566665968617909,0.00265761823410889,0.00209466528228075,2273234415.05893,1499486652.9667,5404.02515176377,818.673508395035,112.526443345728,17714.4101591028,24973.1287264571,52573.5488907463
tmp_00128,tmp,128,2,36,6,0.000554770457397744,0.00440349204959078,0.00180503200290786,1094870574.52481,2948224859.73916,17508.3352734568,1076.00457409486,81.7265636464018,9406.61411825644,13629.6788285627,33120.4991689643
tmp_00129,tmp,129,2,36,9,0.000607088060996216,0.00405938029334699,0.00253403323689003,1931289910.72242,1460232948.68552,12411.642929358,1457.1033725959,153.854769348159,16209.3788019715,24335.8254717426,61220.5846969111
tmp_00130,tmp,130,2,36,12,0.000533140214261639,0.0055604956603567,0.00203323112036798,2364267534.6531,1038242136.14257,26350.4391288309,3296.28084127576,353.776808452975,18216.3219916736,30665.6675209658,103735.569822428
tmp_00131,tmp,131,2,36,9,0.000520371783121295,0.00323958987344123,0.00307915435240108,3511874769.05889,4947263931.22818,19966.2860949,2920.93137049999,365.441569262878,16819.6162532607,27562.545732008,87759.9774797827
tmp_00132,tmp,132,2,30,9,0.000653064078472929,0.00449344958919868,0.00249832855562242,2467256795.85673,2068538484.76799,30843.8754939798,4573.64132394303,580.491735487179,22923.8318099824,37966.1627805522,119605.188498972
tmp_00133,tmp,133,2,30,6,0.000705606404781504,0.00528320456454088,0.002876843009354,2052573950.69001,2528148261.01529,33236.4106709671,2786.3130818837,229.140541452839,18708.8836529905,27520.6297499548,66317.8881691405
tmp_00134,tmp,134,2,24,6,0.000563546042118816,0.0011648381262757,0.00121799016872417,1347342941.92696,3599020064.00938,3936.86577297952,941.384133106705,217.144314240622,10651.2691840085,15793.953315065,38979.0193565105
tmp_00135,tmp,135,2,36,6,0.000986755299021982,0.00269861864238248,0.00334532549062855,4861173429.31954,3631904168.97364,9972.87035778351,1226.06983634627,137.484091259608,87752.0875777363,72747.2573581793,56470.4763359559
tmp_00136,tmp,136,2,30,12,0.000617560118070771,0.00521062019698121,0.00326077809166284,1346452027.8619,1053228897.89834,19162.4695098399,3884.85164261948,753.139040661105,9190.05327637202,17761.1718679675,83660.0286191763
tmp_00137,tmp,137,2,24,12,0.000754243136121975,0.00212265810470519,0.00191401020421894,4585276676.29044,1425150198.70103,6164.07386468517,2142.25254198774,1067.41546753369,55950.9530753144,88955.9221313723,260471.761860096
tmp_00138,tmp,138,2,30,12,0.000728665394688475,0.00392751080128216,0.00117128485520011,3578318712.65827,1822797358.96683,39155.3336914227,7005.41152261274,1153.83220329488,90164.8473535855,139704.096624918,368308.181381891
tmp_00139,tmp,139,2,24,6,0.000699036755470809,0.00118468036521285,0.00167924891543209,2224972452.31964,2587727049.37843,3572.71380069431,854.236940191536,196.37987397589,19843.9201134163,26277.8887001434,46618.7541639329
tmp_00140,tmp,140,2,36,6,0.000985129269434207,0.00230972041502351,0.0016254447491245,4990703914.56837,4028151397.61916,14128.7190423603,1660.87305604017,188.167507974472,152639.675991358,95615.4174180302,58078.7541745664
tmp_00141,tmp,141,2,24,6,0.000988434872089848,0.00421810551380292,0.00151571281424175,2308075572.54564,4920793278.8143,104369.087907332,12483.7714953304,1281.18646844265,82827.9862539948,119356.88293932,259299.218287018
tmp_00142,tmp,142,2,36,6,0.000994491742491107,0.00471222332837283,0.00243875433417186,3748557816.71457,3720227292.43719,26035.1764921421,2169.84963417483,213.966669404944,109286.435619415,102121.47776399,94316.0375725764
tmp_00143,tmp,143,2,30,9,0.000564500238598971,0.00550514344218101,0.00192355970633019,2796207820.24617,1639340437.12396,48882.0000931851,5736.30159235047,573.400128104488,22022.6275351716,36943.9587462974,121402.97707049
tmp_00144,tmp,144,2,30,12,0.000856622673577015,0.00379414936658652,0.00240421295929558,2741199314.68225,1333277553.20082,14690.9068695451,3305.22241569318,765.729016091458,54701.6970124373,85747.9704980985,236813.417427631
tmp_00145,tmp,145,2,24,12,0.000929820670681931,0.00406877959459228,0.00193015991414124,2432514443.71712,1244933899.16739,23714.7386376259,6252.90658703813,1945.84292971726,61178.9201621071,102188.823338231,354217.780130416
tmp_00146,tmp,146,2,24,6,0.000546657195541048,0.00202838583884974,0.00303404105089114,3889643809.17559,1148560946.61898,2888.03485714594,650.190089797165,138.876142300733,10425.123000303,14541.6806250392,29853.7941013173
tmp_00147,tmp,147,2,36,12,0.000634475435292549,0.00347452068028726,0.00209232796029197,1059648279.25185,3994665097.13318,28729.3851421268,5012.08658544318,780.110800476618,15118.7145047235,27912.8504562968,115969.213790433
tmp_00148,tmp,148,2,30,9,0.000598735081463967,0.0028979923953969,0.00314128763215413,1665717427.68525,2146946631.11649,8272.78393786203,1761.91676177717,354.171018983178,9822.73785073496,16484.3921608136,55298.8550124758
tmp_00149,tmp,149,2,30,12,0.000769315914186127,0.001267152254524,0.00339206200089498,3574577211.16665,2833426971.65167,2260.04677427651,831.513193793744,418.342216154614,33337.4773675845,52157.6407271352,148521.685899842
tmp_00150,tmp,150,2,24,12,0.000886519465744959,0.00407322396830702,0.00300309482575768,2462145892.6627,3748199124.42062,45740.2838841619,13605.0940904637,5185.86897932843,40255.3280266176,76172.6202587493,409711.225455552
tmp_00151,tmp,151,2,36,6,0.000876246648292982,0.00381111054113515,0.00363148288981161,1758649424.67991,3683950898.45976,13583.9417307075,1166.98721678007,108.638209910459,26974.0873081284,33739.4690382789,54075.0163536794
tmp_00152,tmp,152,2,36,12,0.000932513631905282,0.00290286059828755,0.00374839666172382,4756602814.56381,4166428048.49984,13489.873431813,3157.01135839048,756.037024429651,94489.7332144965,141843.428360948,351331.247453805
tmp_00153,tmp,153,2,36,9,0.000754291509975485,0.00359464326514289,0.00324392805537777,2153824144.53935,1812247184.43033,9847.66357108215,1401.89959600384,178.27450849447,25922.2315418941,37092.7387514944,81398.7178043412
tmp_00154,tmp,154,2,30,6,0.000979656912389396,0.00558272847735038,0.00302700425957138,4432653491.35608,4181628503.15113,62635.783558243,5585.83369951244,511.722985939092,92980.2992237693,115757.50403211,180644.609538319
tmp_00155,tmp,155,2,36,6,0.000905809292447769,0.00564336720622442,0.0028783774456311,4227740840.89571,2044714479.5046,18207.2423640147,1488.27312065955,148.076997095209,78022.5156892029,70919.2611093996,63190.5452234936
tmp_00156,tmp,156,2,24,6,0.000501408138900434,0.00246587963723002,0.00137723837442631,4700156828.24302,4274673600.20587,26404.5581721325,4267.39801129503,582.190621399424,25104.2854847801,38400.3028621062,97773.2658980291
tmp_00157,tmp,157,2,24,12,0.000608616011657512,0.00268727019014364,0.00271292173317069,4154613328.04051,2771245966.05916,12240.958272927,4374.53766951164,2265.58300384596,23316.7721711042,42109.3849530616,208771.199667842
tmp_00158,tmp,158,2,36,6,0.000844604920175508,0.00526251538535552,0.0028174002805674,2782265911.02839,2368725311.1075,17765.5168140282,1318.57423752435,122.372414657902,46482.6890323859,50357.1328281187,59508.2020623311
tmp_00159,tmp,159,2,24,12,0.000652059900496693,0.00416458066189636,0.00239352622020109,3750133137.43203,1773437009.95897,28262.4230677691,7811.65469271889,2625.87562477492,29356.8331117569,54037.8059530768,262345.313725372
tmp_00160,tmp,160,2,36,9,0.000960988880451013,0.00503575099883121,0.00368553434381056,2852027917.59106,1436357718.42277,17117.4623514527,2091.93579710608,237.728111562141,58915.6112685012,75656.6649531808,124502.80186567
tmp_00161,tmp,161,2,30,9,0.000745408419324252,0.00523457945045985,0.00168452848328279,3215382189.04193,4887670715.14341,141806.023413816,16474.9247166016,1633.47108497828,66108.735708078,110156.8852879,356088.061907674
tmp_00162,tmp,162,2,30,12,0.000592856533983556,0.005085024997175,0.00260700811964683,1516634365.43114,1642037924.87147,33803.0023062766,6488.7230552724,1154.9377384984,11784.5770995358,23659.307115874,119151.454057118
tmp_00163,tmp,163,2,36,12,0.000838307934360596,0.00430849713750883,0.00157817744808184,1111287622.49156,1677168151.24104,27631.9501622437,3829.25641012038,463.735373305683,40400.8385431466,63743.8568682675,179385.122195773
tmp_00164,tmp,164,2,24,9,0.000569055120875785,0.00256358459270001,0.00328337339301466,2298065034.69824,3323791951.70449,11384.1275040039,3518.74026431476,1264.95099526653,9637.39440174274,17487.9089806713,75788.9870924015
tmp_00165,tmp,165,2,30,6,0.000762714616740891,0.00170393085725479,0.00384262940068729,2114857159.21904,3269441139.70093,3089.23239759429,604.670522504497,107.14545111317,15427.6857210064,20438.2400575887,37061.7569427887
tmp_00166,tmp,166,2,24,9,0.000507107729236113,0.00133327420963989,0.00334121429051391,4045679452.7038,3016212410.12409,2328.05064443911,902.800321268148,481.025250253028,9761.57639308535,16147.0418489231,58922.4718845892
tmp_00167,tmp,167,2,24,12,0.000620561953640873,0.00371499702798472,0.00381511161028001,3921026347.36682,2041068878.68162,15789.8979488903,5248.4736654128,2408.31352845705,17398.0614831086,32605.8496453272,177605.246588246
tmp_00168,tmp,168,2,36,9,0.000757751015813981,0.0029661139780129,0.00217506733727698,1347134112.77689,1742646594.25903,8029.0905573335,1144.10761123088,146.895732565081,24147.8034794578,33828.5433240637,69959.7228792777
tmp_00169,tmp,169,2,24,6,0.000883885175331371,0.00363336065045814,0.00206418392026217,2532809245.07113,4772458979.63262,57416.4124211101,8257.44801393015,994.262340335751,48941.1867055669,73685.5913526676,179091.7777644
tmp_00170,tmp,170,2,36,9,0.000673198066208677,0.00581542119185483,0.00129666305408614,1628344791.71748,3022012464.4604,81075.6385713167,5873.75280148287,444.287982401021,37739.2159609976,58556.1443178836,167034.805059281
tmp_00171,tmp,171,2,36,9,0.000856063507577853,0.00553361294103367,0.00142204464825029,4734954971.43855,1473962394.72624,39438.433360045,3740.27046117279,383.32491061314,164584.517205306,171728.260385235,184662.316339843
tmp_00172,tmp,172,2,36,12,0.000755906943789491,0.00541099717289851,0.00126205966715308,1594589787.22008,4902665545.2473,162263.762402277,17370.085794886,1602.52713186586,58962.5802989966,103679.826723719,402250.614828353
tmp_00173,tmp,173,2,36,12,0.000690155341006931,0.0056452862872708,0.00292777870376119,1877968331.8119,3208600446.39788,63288.9677413904,8859.76243684848,1052.72124464771,24198.3421545852,44605.6007364521,187376.07605503
tmp_00174,tmp,174,2,36,9,0.000767219414047834,0.00149276290087659,0.00320665974564872,2215978151.2855,3913937653.02403,2849.45444206499,668.170689779258,154.437259406571,26391.6917438338,36918.1582929498,76826.5424523612
tmp_00175,tmp,175,2,30,9,0.000985863348841313,0.00512511497087011,0.00295077513810381,4014562774.48836,1314957486.65795,27250.2557399225,4132.48121403933,561.365228745313,90831.9485844703,120008.716818059,207657.531042522
tmp_00176,tmp,176,2,36,9,0.00058437383748974,0.00350461010586165,0.00345184377540243,4545568460.33235,3742273707.01712,17319.8199984477,2517.2692100497,317.907355326949,25609.6554333328,39659.9529737944,108768.403701318
tmp_00177,tmp,177,2,24,12,0.000924836916620166,0.00228437507855517,0.00133831626402981,4552227269.20351,3578344697.83497,22634.8770099179,7144.38496107832,3036.39542644778,150746.064393555,239975.642404366,707931.125589134
tmp_00178,tmp,178,2,30,9,0.000532173089396442,0.00504624082944317,0.0034691006632234,4591807157.27999,4158122090.29228,63238.4387061797,9617.62813737963,1237.60220302189,19213.5040490466,35874.4971616744,145095.253865033
tmp_00179,tmp,179,2,30,6,0.000867456010130071,0.00128073934548652,0.00271792705391431,1591730081.04792,1072780248.28938,1592.69129512987,285.081788230716,46.7007034075149,16664.1860291549,16105.7696949777,14739.0958309208
tmp_00180,tmp,180,2,36,12,0.000961162365315238,0.00201867590589323,0.00362914573712889,1345645443.19213,1549663619.60965,2383.32592548757,648.304778594223,194.094723158616,29012.5230086728,42578.7287575764,99089.8385213374
tmp_00181,tmp,181,2,24,9,0.000781336499670427,0.00562599270502432,0.00253551549256888,3470312220.57062,1880751060.40367,67407.7303581774,12327.0347699009,2012.64904637178,42699.5721024102,74436.2689174462,261673.206981064
tmp_00182,tmp,182,2,36,12,0.000677297916341858,0.00568715810599914,0.00370444694105347,1163442003.95416,4232765258.57594,69948.0048809727,10561.1717583272,1362.08736858291,13106.0898675624,27981.656319029,147630.65652572
tmp_00183,tmp,183,2,30,6,0.000985631384997779,0.00245308688691258,0.00183791004190012,2622586961.95394,1148800033.47369,7187.09113423119,1023.62941744914,123.821778095114,61636.2509991225,46994.889798312,33059.5930838952
tmp_00184,tmp,184,2,24,6,0.000956848961951126,0.00410506219959051,0.00112644318130714,2631347704.19316,4915705482.52419,118799.372090391,13440.6600617316,1342.12852531994,111767.728853172,152946.903470004,292076.420300937
tmp_00185,tmp,185,2,30,6,0.000955375839025496,0.00432757782358534,0.00293682031032384,2453273924.08398,4174852439.25467,37454.6442329868,3747.03861748054,356.688396843303,50552.1185319084,67012.6540687311,121635.196255057
tmp_00186,tmp,186,2,36,12,0.00068448660500114,0.00169338963561449,0.0018703687358614,1965336674.34656,4724474731.69532,6038.99069079967,1578.07343831644,440.67590145883,32747.0335051568,52114.6100600365,156431.901835166
tmp_00187,tmp,187,2,36,9,0.00052453870490809,0.0038332132618612,0.00124805198162814,1830909849.75473,1930926318.41898,22825.4186647837,2155.53793875398,193.022531806451,20252.3393361728,30477.5470873553,77797.1220658263
tmp_00188,tmp,188,2,30,6,0.000676600012988037,0.00518329261894195,0.00105844452658899,3856392654.44914,2854694978.2007,54878.0627213863,4080.07953399797,354.574467320571,75161.5494929148,88941.1738372148,124697.26158869
tmp_00189,tmp,189,2,30,6,0.000796085193884201,0.0012436926944516,0.00137704976778279,1954790972.20859,2760738958.54346,4192.31425087096,717.850954883294,103.026247049512,35988.8593604932,36186.9947821778,35482.2142860567
tmp_00190,tmp,190,2,24,6,0.000941405386585718,0.00462625341436757,0.00384746361445368,1517383084.24536,4430615666.24344,58835.939905212,8699.19843813691,1050.71419900056,21660.7617539265,37032.8970936143,120012.544431683
tmp_00191,tmp,191,2,30,6,0.00061707686822842,0.00591093530297923,0.00288385171331734,2091711585.08088,3984376274.72302,63545.5863575451,4870.51005983311,364.138182518994,14020.7202605575,23141.6862285585,77849.2088086518
tmp_00192,tmp,192,2,30,6,0.000923567000105989,0.00509093277154018,0.00124287157082512,1407260541.27706,2744064193.27948,48654.0377431573,3676.60627483548,316.268618612485,60310.382639144,73836.9086297709,111610.121810617
tmp_00193,tmp,193,2,36,9,0.00060500153882141,0.00195210821228424,0.00307128240615307,1903284795.33302,4218832896.1502,4692.28770930325,969.494172956951,186.104028308089,13349.3940943085,20712.4742622751,58614.7527303884
tmp_00194,tmp,194,2,24,12,0.000998839099603676,0.00537896486190198,0.00128814425092654,2624028865.78021,2086013718.42334,115490.791952834,23601.8747457567,4632.43895388381,125565.172286016,214793.212177545,782815.627557688
tmp_00195,tmp,195,2,36,6,0.000789926349468136,0.00521059438634471,0.00219239435586315,1174786606.53883,4769329180.97109,35076.8374067103,2128.8097519906,159.79483345909,23468.9581814922,32822.4330883799,71668.0504508545
tmp_00196,tmp,196,2,30,12,0.000875028116212959,0.00460840686413942,0.00293204404161488,1569439052.71995,3677141535.23047,52634.832445313,11139.0695939752,2309.48597413424,33051.8242217043,62082.1240636598,277770.746857614
tmp_00197,tmp,197,2,24,12,0.000963882169181034,0.00117559757039999,0.00268442204671169,2582485857.47154,4686105597.98663,4082.97904615332,1806.23730747701,1408.95024791363,46833.9893572905,78561.2071599654,287950.559968243
tmp_00198,tmp,198,2,24,12,0.000717805027031545,0.00282802789800686,0.00334851854159018,1723778305.10482,3084201604.02234,12730.7062708701,4688.47832512444,2546.92952945518,13914.930427336,26342.7685378723,153717.400694621
tmp_00199,tmp,199,2,36,6,0.000687297889606139,0.00403629463837974,0.00259662425892282,3339783809.22662,3422288547.50738,16454.4606609397,1274.948266614,115.821523210504,33971.5783382645,40491.6715247376,58141.2170476549
tmp_00200,tmp,200,2,24,9,0.000892798012577,0.00216156224277153,0.0039187775908023,3556612790.06738,3136317952.74293,7720.81682448117,2575.33558542618,1058.3792200725,37219.5842114976,59529.9712799696,183094.115814462
tmp_00201,tmp,201,2,30,9,0.000816431782490388,0.00355349997051304,0.00280522974851652,3747316412.44603,3786337013.8577,29046.1075115348,5278.96653751486,868.016708854637,56377.5655660385,87272.4982364408,232651.484073316
tmp_00202,tmp,202,2,36,9,0.000814968272497559,0.00306122596177927,0.00298081929771612,1528839770.32132,2469826874.51777,9458.80693491961,1455.1459269524,199.033800277638,25539.3473352634,37248.1776441903,86344.510259051
tmp_00203,tmp,203,2,30,12,0.000935795034695989,0.00186223279818464,0.00370190234431753,1758376474.49637,3878829874.82786,4774.72001999713,1699.21908362616,796.530672779016,31015.8834930263,51504.3609762505,182567.575077368
tmp_00204,tmp,204,2,36,12,0.000938147459289952,0.00478207833502174,0.0038684824334806,4180079398.33429,4395158903.30478,46133.6371101587,8056.63400432032,1276.32715259084,88576.111475263,143041.089448571,431770.270573833
tmp_00205,tmp,205,2,24,9,0.000580303867690867,0.00350077258627825,0.00240920088861852,3733202699.19133,4241901050.42427,43591.3597838043,10402.7813594838,2529.62349274902,22407.748292113,42237.8140663086,181500.869794999
tmp_00206,tmp,206,2,36,12,0.000514898931637923,0.00340301140240788,0.00256237070010223,2672151800.27578,2419026298.70161,14007.6482539085,2656.61893011447,465.631586411692,15399.0242955245,26654.9340229808,97119.9260182429
tmp_00207,tmp,207,2,24,9,0.000819714197322935,0.00298786173488728,0.00160399295159245,2927968650.63521,1917261023.81757,20696.3316944244,4807.13752994631,1139.10108860501,57771.4472160441,88887.765938107,229658.044080856
tmp_00208,tmp,208,2,36,12,0.000862840350586539,0.0053556719613109,0.00259387922246063,2138400475.86684,4970140835.51643,94739.3221046272,13230.5668652453,1577.19135870205,57030.9255183688,99543.9993760762,368344.929685714
tmp_00209,tmp,209,2,24,12,0.000953110934898162,0.00455434806014031,0.00189308756785972,1608516715.56813,3094432033.88816,76867.3546047306,19004.83771855,5225.81447667652,50679.0050137702,96182.8845277815,493496.931242276
tmp_00210,tmp,210,2,30,6,0.00093667753395572,0.00184694809778524,0.00255635363641889,4414606748.89433,1246750207.73949,5039.93411919737,766.699592074391,96.8342652917473,53942.5845347365,40068.0403120988,27268.7906686346
tmp_00211,tmp,211,2,24,9,0.000800594582103655,0.00174692812096154,0.00308944254770663,4685862181.20434,3688604443.0418,7084.14117697537,2402.54906241235,1017.47681466056,42939.4465065485,67531.6958437279,196441.025517572
tmp_00212,tmp,212,2,30,9,0.000756011814814491,0.00100907837141898,0.00279988142066985,2348568506.87186,1442015145.97936,1406.55035106869,380.712457405166,109.483562356371,19952.5264323906,26143.6480167463,44525.4500529304
tmp_00213,tmp,213,2,30,9,0.000811601463357854,0.00363734156529073,0.00201534971075534,1904916444.38051,4206520166.5444,43299.3979596621,6905.03982904801,955.664355580356,41479.4551161167,67707.2294411719,206066.754749633
tmp_00214,tmp,214,2,24,6,0.000995129131636149,0.00328003738670519,0.00124445680957911,3052494834.63464,3812667504.92586,56804.8530833065,7947.39586524628,962.461117888189,120939.988966281,149543.45662803,222628.033370487
tmp_00215,tmp,215,2,36,12,0.000667527828558724,0.00410626076388164,0.00166955328997172,4887161312.13567,3131790635.23927,44073.3018299556,6466.78130154938,836.971112779609,83508.6389545779,129358.831239408,345473.624385924
tmp_00216,tmp,216,2,30,12,0.000763746690023518,0.00301457556578548,0.00137335950400751,4837942090.20699,4085277018.1372,38298.5371142571,8373.3126918728,1853.29888056527,121112.729916493,192043.887605587,548285.440553528
tmp_00217,tmp,217,2,30,6,0.000882830739023137,0.00554640872708864,0.00190553992603194,4997296318.01067,3262666387.09786,59796.0655229274,5062.80570922792,471.458473381011,116273.862924198,130605.731820301,163483.21199613
tmp_00218,tmp,218,2,30,6,0.000885552679317142,0.00243488676926469,0.00383695952335179,3078727861.05181,2595817458.09178,6428.5342728981,1051.55331317444,148.721160764295,33479.1505583213,39677.4850797722,54047.7083861445
tmp_00219,tmp,219,2,30,6,0.000670885398053757,0.00135774322048501,0.00326239733693217,1249309182.17791,4931880329.82664,2472.80255436968,528.517035847177,104.841591628829,8080.48518838779,11759.3010166256,28396.705350343
tmp_00220,tmp,220,2,30,6,0.000978683676805408,0.00310062373107284,0.00143043961532826,4365094960.74236,3964474298.41882,32629.8381838373,3876.76213328792,426.902636799322,159331.588654457,147558.399213992,131619.376652014
tmp_00221,tmp,221,2,30,12,0.000704201711342017,0.00488746155265914,0.00384843673901908,4747039921.69534,1031840743.30397,14437.8322117129,3210.8615820011,727.196588538265,34417.8547675278,56649.3595428247,181413.167354639
tmp_00222,tmp,222,2,36,12,0.000634306729957243,0.00196155928735643,0.0032646985555225,3091417100.64553,1613430488.54466,2251.63366250209,616.329179070004,186.049514213233,22031.2536764473,33366.8429840515,85746.2725164717
tmp_00223,tmp,223,2,24,12,0.000880370224646343,0.0038790988745396,0.00345295007273206,4565157743.51735,2576303739.72066,25460.1713491523,8020.75937752347,3379.54347228756,57775.9195519695,101324.235907349,434879.465321622
tmp_00224,tmp,224,2,36,12,0.000838451757163721,0.00354095663756881,0.00144827400140277,3346485458.93247,3373604013.02749,37638.0181055057,5903.11726233828,836.185004333292,125007.876750702,182124.649192992,408694.440885017
tmp_00225,tmp,225,2,30,12,0.000652134545130583,0.00275614542423205,0.00221234140223525,3417116038.17101,1081145951.44327,5702.20334744319,1487.27604445927,433.48567327634,32236.3806752682,50295.3991668266,138366.268030958
tmp_00226,tmp,226,2,36,12,0.000721225857365888,0.00111303158740518,0.00379818201383841,2107688805.3356,3277317643.41076,1222.85226215825,415.41522084393,176.205043097397,18590.9240757367,28735.9035726384,80742.1570333354
tmp_00227,tmp,227,2,30,9,0.000512959520665546,0.00521825206295208,0.00128103902342833,4759076007.74368,4676997946.53201,160221.910474376,16887.0891527571,1527.40746016516,44082.3384018777,77211.6463453579,287518.552729759
tmp_00228,tmp,228,2,24,9,0.00081577148600067,0.00306459214089465,0.0035875783630038,3610430070.84852,2412586258.41676,13633.3898541887,3881.48319374597,1245.73438609719,33701.2736024446,55401.8812073759,180317.834992637
tmp_00229,tmp,229,2,24,12,0.000544620499221599,0.00378732653991013,0.00169367336122176,2339728802.43638,4062354643.64191,66042.5028557219,17515.891446039,5454.40019584146,18032.6809095282,40402.3474584993,293628.668356959
tmp_00230,tmp,230,2,24,12,0.000684786704504457,0.00533450110220767,0.00104003015077617,1169661622.26255,2794299018.40845,175536.448395512,33781.1896331688,5877.18650283478,27602.5540732168,62992.2572343009,462386.499877239
tmp_00231,tmp,231,2,24,12,0.000919069611893135,0.00164086891357233,0.00168937313460471,4451507345.7843,4188168076.47322,10868.5147712165,4051.71583779318,2272.58206578517,110483.823126902,177846.831960734,545026.388715806
tmp_00232,tmp,232,2,30,9,0.000551545345552035,0.00416861523880475,0.00138633723367561,1346587730.56808,2558278564.19312,48699.198861435,6152.03712564051,651.154172245678,14805.1098605956,26582.3444925198,101958.161147331
tmp_00233,tmp,233,2,30,12,0.000768872319060009,0.0045040985973859,0.00149248280616352,2633810054.75967,4113584368.44827,99066.3337434152,17284.9316086688,2687.25080210054,68917.6419480533,122848.03196979,480467.749799133
tmp_00234,tmp,234,2,36,9,0.000630474119268973,0.0036263564874995,0.00174447793467221,1206512807.93505,4173088062.87744,34291.5538575571,3735.45300511886,356.468361844323,18071.5703786685,29655.4193443246,95755.7089612522
tmp_00235,tmp,235,2,36,9,0.000567406872790383,0.00385530392305935,0.00380124668163781,2698953625.45529,4470990545.45494,23789.8842943465,3300.78485791051,388.775881708418,14078.3619436636,23684.0340005372,80247.2559335394
tmp_00236,tmp,236,2,36,9,0.000777078014352155,0.00288324900693937,0.00329864222067383,2794600045.04103,3471889743.15067,10717.3473655643,1779.82288488867,264.346125316441,36144.8535871424,52229.9529907942,118094.630751375
tmp_00237,tmp,237,2,24,6,0.000978041467422255,0.00424480607935929,0.00292298058493578,1121401440.31615,4309271139.02691,56952.8000279024,8150.94551125331,953.955328263077,23048.5671494785,38612.648839,120101.942094138
tmp_00238,tmp,238,2,30,12,0.000723705240517709,0.0016958760308993,0.00106858492367654,3695071288.71979,4623111809.7114,13057.2525448844,3596.00711122727,1139.53786073457,96438.5864684945,148126.131149796,389037.130750249
tmp_00239,tmp,239,2,36,12,0.00056000125753113,0.00275711900970323,0.00136625874068029,2083451441.7472,4765014223.20618,26738.2801328201,4736.68007281077,757.31661347659,28536.0144182928,48988.7924552738,174132.12412036
tmp_00240,tmp,240,2,30,9,0.000629590384591135,0.00392113686124732,0.00261011564007709,3274942932.18662,3731275634.29444,37463.9512371493,6172.27160775903,882.837797895282,26935.0940270131,45689.5737615993,152766.671254789
tmp_00241,tmp,241,2,24,9,0.000886502673118816,0.00539261582805822,0.0030067424112217,1198824722.33166,4797802608.39376,130022.427849796,25575.752759738,4607.34178116595,23365.666849588,52178.6241959619,276623.608704209
tmp_00242,tmp,242,2,36,12,0.000633245073253793,0.0028183813713109,0.00328839881115894,3639999511.78939,2753909636.05002,8161.55004603547,1884.46384861404,439.369578709102,27961.8291642614,45228.724325308,140592.502404405
tmp_00243,tmp,243,2,24,12,0.000893231324503427,0.00336217003756099,0.00163938036955236,3925519916.69416,3690150550.40452,47315.4310103626,13216.2276265344,4543.30331371355,106139.930101044,182231.712205136,704209.169631589
tmp_00244,tmp,244,2,24,12,0.00068615160328552,0.00597359630237027,0.00173997015425306,1306499640.26928,2603815148.56178,143864.827372849,29967.6197280386,5994.23187373346,19759.9592625875,48785.9625846099,395477.355213877
tmp_00245,tmp,245,2,30,9,0.000534334144010599,0.00175404703272603,0.00111623332863047,3877686939.07914,4006320891.94164,10859.8967136278,2292.74537963402,462.633719087394,39258.8919901943,58531.9029811214,141872.455808136
tmp_00246,tmp,246,2,30,9,0.000812042926992567,0.00519919350208312,0.00307827031007891,2065599610.79705,4092520220.51646,74438.1467257356,10666.5240638799,1289.72953467382,32026.7509364427,56274.2508228439,203503.135849695
tmp_00247,tmp,247,2,24,6,0.00055273958856496,0.0014801993787905,0.00280574203094234,2931892061.54542,1593293582.15315,2031.08064433966,514.153007847408,130.339111802769,8633.18948724346,12296.9174555958,27106.977875689
tmp_00248,tmp,248,2,36,12,0.000635161896019367,0.00166598667243864,0.00225625299553888,1052426124.56857,2267917209.36073,2331.51437259912,648.254166379996,198.245973774974,11888.631399831,19246.3469972563,61508.7750116778
tmp_00249,tmp,249,2,36,12,0.000788454041938271,0.00196856819066953,0.00158599459086517,1493849218.87228,3167505537.84771,7204.82048154965,1651.9861632141,384.236027759938,43024.2008508849,65509.8050987541,169213.581025892
tmp_00250,tmp,250,2,24,9,0.000964734293161916,0.00470757209838304,0.00220285656759965,1874338123.85177,2378765313.92106,60090.7994459669,11739.3537725153,2116.68326212736,49239.1265532277,84365.187022934,286147.452227802
tmp_00251,tmp,251,2,30,6,0.000798152982301695,0.00115330299404684,0.00246899758552013,1252975132.71544,4188527584.13577,2389.25186523681,499.449778653052,96.3144418292606,15456.9510631785,20060.0405239016,34304.0976823559
tmp_00252,tmp,252,2,24,12,0.000557738947395824,0.00360471493263565,0.00384870144610878,1795572924.64737,1593449192.3721,11080.0310949103,3758.44299152134,1779.82177201118,6361.52678769698,12886.5153619373,85858.6513513321
tmp_00253,tmp,253,2,36,9,0.000902617939594553,0.00517636511273142,0.00360996193199972,4396620177.61676,1691773514.09941,21911.9666461708,2622.92800027825,293.806657919521,76412.8898963937,96896.1224749179,154624.853544587
tmp_00254,tmp,254,2,30,9,0.000566132083895112,0.00409904682790215,0.00286194158851954,2710398178.39837,4526407531.71252,46640.9275862739,7660.76059223691,1082.00829280882,16532.3871882749,30610.2819019565,121419.667504494
tmp_00255,tmp,255,2,24,6,0.000729696484115183,0.00220611164998634,0.00194936626587344,4156326237.02813,1699452132.33653,8586.04836587887,1662.45062222836,282.936515966864,37643.1878500525,46333.7309131941,67723.5038871326
tmp_00256,tmp,256,2,36,6,0.000763727792941436,0.00457874724404629,0.00289910410861512,1280423273.19451,1266484989.99049,7316.49802393085,553.991184007251,54.4216317726347,15861.9718237901,18499.107282418,25423.7313362116
tmp_00257,tmp,257,2,24,12,0.000698553685657989,0.00100117574113099,0.00227333268348288,1699823093.58504,3398367795.68014,1819.53469355109,847.223257165897,746.123127346479,15094.5233914641,26033.4367176561,111963.706412849
tmp_00258,tmp,258,2,24,9,0.000717117415076423,0.00277885609269144,0.00288105781894139,2939773312.73016,3219764808.25043,15934.9873296431,4539.11030161835,1451.16204678259,24840.8271927325,42492.0697828764,155429.291235111
tmp_00259,tmp,259,2,36,12,0.000826623671734894,0.00415697800813044,0.00225684795376662,3449352324.98057,4856687330.98938,54621.6596120274,8744.33683033741,1240.33059314466,85895.2857696947,139019.479766834,420808.224874866
tmp_00260,tmp,260,2,30,6,0.000605585924303893,0.00127664910264286,0.00247113052890916,3328651079.15357,4284368068.94811,3023.85018743927,606.363588775335,110.13951254937,18142.2744811244,23407.4318870241,39388.1341799861
tmp_00261,tmp,261,2,30,6,0.000505598888940844,0.00388934204530952,0.0034530172559692,4200618683.59353,1632729472.70381,10274.1638242883,1134.987020648,114.329030944311,11334.3017830704,16066.123976573,34803.227018493
tmp_00262,tmp,262,2,30,12,0.000617927100332945,0.00499698783859035,0.00185304838336433,4579173256.29514,3699678983.86913,97660.0349859612,17059.0414092178,2648.61930714874,51770.5607318341,95464.2195041971,405484.300446941
tmp_00263,tmp,263,2,36,9,0.000765590096407992,0.00376144912326879,0.00229811022187123,2598490604.17033,3273432331.78361,25270.0301094991,3067.41327533516,334.892321287122,46705.1562190735,67339.1752870887,151068.933654347
tmp_00264,tmp,264,2,24,9,0.000950397636414076,0.00384744693404383,0.00324572418721848,3599412750.45981,4618751882.36701,49311.9446865053,12133.1286169086,3110.15874263844,62003.9116309072,106001.595123978,372346.675191943
tmp_00265,tmp,265,2,24,12,0.000893371240915843,0.00548964089348209,0.00111943836485004,1529120238.43417,4379040431.37221,280227.193289087,54198.2302489597,9530.19741219724,69720.3652585581,143853.578668682,877042.140185075
tmp_00266,tmp,266,2,36,12,0.000799487308313896,0.00307740567995907,0.00326634499798686,1712017717.12594,2525122493.84798,9424.91895809904,2061.25919577212,444.487648151561,26851.3487636476,43705.3191907429,137492.530241527
tmp_00267,tmp,267,2,24,12,0.000732141112940134,0.00107370656519603,0.00256913210883529,1410310058.21493,3983349642.72921,2084.4571778303,982.041226406164,890.797512375441,13376.3511440457,23374.0053273453,108476.353657541
tmp_00268,tmp,268,2,24,6,0.000853305174557368,0.00446807797407042,0.00265441191936988,4999684141.20149,3412433511.24536,57998.3270906227,8034.94762706428,944.514258909954,64696.5427681895,92063.1906957845,193789.622654456
tmp_00269,tmp,269,2,36,9,0.000831826865768916,0.0046749122095316,0.00224536325142446,2258013031.06922,2247212490.62263,29609.0342679298,3085.56003893574,304.478174275459,52299.7566817169,72690.5321308402,147865.360512374
tmp_00270,tmp,270,2,24,9,0.00088396355032688,0.0037806659366719,0.00204950686584054,3108335980.10733,4205801216.5446,63151.1760872608,13751.0781148671,2925.01311879285,67300.4852498146,114475.546370797,387200.23615072
tmp_00271,tmp,271,2,30,9,0.000503062472855513,0.0019107595562073,0.00308762513831746,2064211153.87091,4910170562.5338,6188.05379327122,1672.15566468477,467.940256576147,7828.14377671381,13334.6876211252,48865.8917813734
tmp_00272,tmp,272,2,24,9,0.000921248074823333,0.0016331212248588,0.00399707704158601,3128014808.46728,1451343901.50014,3053.22348185852,1015.93366236456,417.753359312375,29159.9180854622,43123.2627254756,102270.447588754
tmp_00273,tmp,273,2,36,12,0.000867925560815794,0.00440375116883206,0.00134055115458572,2574143728.87236,4126309576.82558,81595.0844277535,10554.3004008465,1196.660748418,120586.971978373,186685.777722263,498259.764767727
tmp_00274,tmp,274,2,30,6,0.000795488583354543,0.00405037778066153,0.002502052123709,1923086316.8764,4933837267.08015,40687.6581008713,3871.71643118123,342.199082804764,28677.0171015663,41955.3113149112,98954.4683350841
tmp_00275,tmp,275,2,24,12,0.000813815467754893,0.00170660889990755,0.00157370943655995,4976657000.22078,1930624692.27627,6889.82181032799,2414.20242771127,1214.53669270627,86639.4827353464,132670.789328942,336877.880866094
tmp_00276,tmp,276,2,24,12,0.000536998554239964,0.00402084738140021,0.00299010849264788,4592784492.21,4934605429.89487,57376.7778013081,17194.2293168952,6623.31156706142,19522.4053323416,42701.1157144666,311616.906237948
tmp_00277,tmp,277,2,36,12,0.000643835435827425,0.00286414110780568,0.00118116278232203,1891314943.552,2867115659.35853,20721.3236237546,3438.27170249764,512.424385529482,41753.0679286554,66270.202018661,190054.927473711
tmp_00278,tmp,278,2,36,12,0.000595019110088713,0.00280641416756392,0.0035431431642433,1322570213.16081,4999602434.07683,12712.1312673036,3017.30370491546,721.190634533215,9617.41562245876,17756.4093038746,75588.3241124745
tmp_00279,tmp,279,2,30,9,0.000849990504429385,0.0036634504710498,0.00263879798165032,1814779536.94394,3593681509.19848,30364.5329864681,5273.55924124755,810.978992810406,34630.4298168123,56411.7112302149,171627.777048958
tmp_00280,tmp,280,2,24,6,0.000666759003254062,0.00351836917086546,0.00304524317862426,4539266165.09025,4869757077.22141,39357.3900657043,6489.89015736374,897.17490503407,27154.7383160249,43561.2550721528,124365.549139597
tmp_00281,tmp,281,2,36,12,0.000580797659657224,0.00371852059847068,0.00210410907421672,2871196227.39904,4916200852.58828,42472.269335982,7100.02454949687,1048.0399100893,29616.1622702487,52554.3954551618,201390.677309056
tmp_00282,tmp,282,2,30,9,0.000624418905167733,0.00439085206544107,0.00329237023002206,4943826502.95052,2424438199.56824,27556.5264312184,4569.38307588593,663.947503048182,29834.8473107253,48421.7204226962,145512.626982563
tmp_00283,tmp,283,2,30,6,0.000920066749475085,0.0039163233723518,0.00211097401551883,3303121391.37553,2184259745.90707,21463.4104921046,2348.99996198611,248.317629917727,73708.0982866898,77161.6630142679,83735.5170893536
tmp_00284,tmp,284,2,30,12,0.000697641950827547,0.00113675747676708,0.00280513391341374,3554284327.32029,3149514592.30978,2125.22877529121,791.394753830488,406.460689750605,30248.0259131004,47690.9822816664,139822.8770454
tmp_00285,tmp,285,2,30,6,0.000686969443263157,0.00500320478970411,0.00274924631426521,1295374776.54426,2748561362.57436,32787.1181844806,2754.83274141572,220.635098854305,11974.9271348162,18749.0900337475,53687.9276015886
tmp_00286,tmp,286,2,36,12,0.00083482911080739,0.00112165839541109,0.00325609392967946,4292236393.15161,3147471855.21657,2545.93220637086,733.84939771087,237.531364934983,58358.181281862,78880.3851094967,145107.187518325
tmp_00287,tmp,287,2,24,6,0.000641497611190562,0.00370976114131464,0.00287886401775079,2472263618.13816,1218018862.84559,12155.7187064789,1922.42696075292,257.832536095968,12960.7734284895,19390.1853209782,46675.8485828523
tmp_00288,tmp,288,2,24,9,0.000667183099466633,0.00389211258517702,0.00209602994570383,2842542414.41632,2305412621.12002,36146.5002881671,7780.62530541797,1620.99831984001,27079.7818713696,47878.407059482,177330.105432454
tmp_00289,tmp,289,2,36,6,0.000860231928406441,0.00101683630884163,0.00384744930907981,4664509633.73449,2061169703.71597,1866.87496868277,260.620958428727,36.7493803210435,28271.969194673,19801.1903791674,12856.9431347549
tmp_00290,tmp,290,2,24,12,0.000985392877768647,0.00197501867647157,0.00313704958375944,3081719520.07508,1430977806.97713,4125.71984797025,1578.68400505335,925.185120580072,49267.3155209654,78726.291787626,233193.994674077
tmp_00291,tmp,291,2,36,12,0.000794957158609599,0.00508556946664737,0.00363261399152215,4885457034.96096,3677637419.31387,47429.3071618876,7767.2681138029,1129.89550327138,68216.7064580737,112022.270482123,353221.144574603
tmp_00292,tmp,292,2,30,6,0.000540362619843762,0.00473341558935958,0.00196365395245726,4157680525.67715,3350146328.56926,42604.8544501984,3424.32943063345,277.141121508124,24715.7619441353,35841.1497500418,83220.0585653639
tmp_00293,tmp,293,2,36,6,0.000787506600167603,0.00554360549637391,0.00196718925399116,2915936590.3508,2338627184.72841,20875.0116725236,1464.52214747226,135.406730680923,55809.6031977232,58162.815433115,64226.5858143926
tmp_00294,tmp,294,2,24,6,0.000795308795627105,0.00207117272348138,0.00141293782627318,4993449532.98169,4951379677.30737,24424.4176403946,4527.01825881635,734.371367192842,85159.8309413151,108423.600165574,172365.164822788
tmp_00295,tmp,295,2,24,6,0.000730146777528652,0.00306442675519293,0.00106015436155009,2112042553.0422,3694445361.757,47612.7879135983,6225.69328456174,690.254485573603,43568.3255080163,62997.8239489148,138056.210463119
tmp_00296,tmp,296,2,24,9,0.00054748259551147,0.00366676188175653,0.0020723561642401,1455924246.07456,3774529221.62628,49413.0852836335,10972.0631943857,2380.15510055218,10080.8015137807,22524.5629431462,119454.845508856
tmp_00297,tmp,297,2,30,12,0.000867483765418989,0.00568259527536893,0.00370882286454702,2015186449.93366,1197907529.1074,25229.9904821162,5061.33008396242,971.749117969593,29799.9044338076,51602.5115076368,188841.294014165
tmp_00298,tmp,298,2,36,12,0.000507079782729968,0.00282986845773223,0.00158895688416391,1476732742.92461,2426282825.31046,12813.4747237544,2344.44968338425,391.52310733571,13101.9523433749,22708.5388265088,82747.8711210823
tmp_00299,tmp,299,2,24,6,0.000632496755510454,0.00501231687407497,0.00384801298264994,3353167940.44798,2557701122.74808,41485.2828107082,5814.61586068929,664.114339375389,14429.3665272638,24615.1365788156,79456.512743151
tmp_00300,tmp,300,2,30,12,0.00068216895719321,0.00357244994733714,0.00258501709920425,1980657141.88942,2113740368.38619,17046.2957691303,4049.24071028716,1009.05649269489,21279.8056966856,37805.1767802733,151704.226541463
tmp_00301,tmp,301,2,24,12,0.000803918426913929,0.00145680130844735,0.0038474328910282,1683184182.23198,4997238178.21452,3696.26482722776,1725.01007341876,1519.81239179989,15017.1072291541,26741.489298387,136033.049276936
tmp_00302,tmp,302,2,30,12,0.000803558628403844,0.00394056218846294,0.00370530524742742,2551148628.62246,3663443412.75028,28116.2679621018,7007.87564241628,1879.55304265771,32047.9476333383,57833.1602719573,243641.47770725
tmp_00303,tmp,303,2,36,9,0.000693498342634031,0.00297294152047807,0.00390966377853051,3196189274.58828,2673034509.33395,7719.39937636687,1325.1810468184,204.379233487636,25069.5523448854,36773.4395887072,86939.8827398362
tmp_00304,tmp,304,2,36,6,0.000512123003963876,0.00573832744936766,0.00105976673172077,1401866106.39186,1405674253.73295,13739.0954523927,777.95858156246,65.0793972532391,14993.3746613248,18837.9534174074,31039.1943327777
tmp_00305,tmp,305,2,24,12,0.000740561562990403,0.00175462963031582,0.00141324547614134,4153688733.92023,2187678650.07144,7291.39237504782,2580.38187977623,1325.37433177847,65364.394350497,104720.976673295,315853.306276931
tmp_00306,tmp,306,2,36,6,0.000800261129483086,0.00319020190869812,0.00232273354523714,2143606046.44263,1362585511.52758,5321.39950416492,542.546947885353,60.9250787764246,32332.662626374,28611.4914081626,24376.2317812645
tmp_00307,tmp,307,2,36,6,0.000552133070860464,0.00473395954911306,0.00270979547698616,1468221927.05774,3116403617.67367,18258.2390104086,1177.63007196379,88.8319019031347,8448.09898242455,12593.6424083067,33250.3512577457
tmp_00308,tmp,308,2,24,6,0.000877747365137359,0.00542829325997247,0.0021355039580175,3308423415.70136,2527911656.02074,76144.0333029763,8686.7873049617,861.056580704066,58756.2453415344,83827.5095367882,177762.767728961
tmp_00309,tmp,309,2,30,12,0.000970939624388482,0.00268753978253958,0.00213858561783326,3278731189.67798,2484539334.72858,13608.3456003071,3535.63851098293,1024.86001903794,101706.790461978,152547.939242383,370581.307555886
tmp_00310,tmp,310,2,36,9,0.000543130011197228,0.00575767907706517,0.00109982320871397,1355474822.73883,3093716274.85366,86385.1478506614,5936.04357469609,425.944706878145,20902.166755362,34739.4572761076,124929.504245945
tmp_00311,tmp,311,2,30,12,0.00099507087279777,0.00317572183699145,0.00165784354358245,2629837473.17635,1644790551.72541,17125.6481388509,3839.16171384787,887.692983619242,111477.887204852,160100.878555862,340376.34717196
tmp_00312,tmp,312,2,36,12,0.000996631887666638,0.00211005813083426,0.00362152130467664,1701389821.96244,2300066477.93911,3777.97214444868,1013.80729078948,296.708016629006,41493.1917792367,61481.3636766452,147341.583583938
tmp_00313,tmp,313,2,30,6,0.000602303138753904,0.00504469663090075,0.00156949283384826,1553936484.88664,3755546308.43811,57733.829303707,4140.03728529671,305.890523417284,16969.2993892772,26574.2244650456,77602.8109951985
tmp_00314,tmp,314,2,30,9,0.000992050045582787,0.00106448342178499,0.00244532097691789,2299123979.66676,1330499277.62235,2707.91842702635,618.82862012694,133.610841945867,41738.9410790437,46793.683646455,55816.1174139322
tmp_00315,tmp,315,2,36,12,0.000805253892473681,0.00573006609577741,0.00166896663835068,3527061504.59477,2993964095.47475,95577.5106589933,11055.6020211039,1127.138848763,106852.048517023,166929.969513487,458632.989774447
tmp_00316,tmp,316,2,30,6,0.000601339192016972,0.00390207596751165,0.00102000924941271,1224889307.9526,1601628322.86702,19120.2426772631,1493.57989301348,127.211503341298,18276.426289994,24058.9131956353,43373.7787624612
tmp_00317,tmp,317,2,36,9,0.000957870552527674,0.00386321719637413,0.00249875229130718,3533848935.08738,3241378806.79046,27236.1188762676,3506.75550771431,414.064747712487,105886.788946849,135083.447795208,218311.998905798
tmp_00318,tmp,318,2,36,9,0.000960451873552824,0.00585258209076646,0.00168115332455149,3949642872.9121,4376995046.53197,110036.250321012,9204.69232057637,818.56782326497,183490.677183735,240612.674442978,422232.257720759
tmp_00319,tmp,319,2,24,6,0.000925742366604691,0.00219334309472588,0.00258117287353724,4095664327.89228,4087226556.1963,15225.8344258315,3160.12948666029,594.815767435483,59992.6294586554,79084.4492990632,137997.480859264
tmp_00320,tmp,320,2,36,9,0.000830457528405377,0.00161016999340617,0.00376694674159927,1490585838.43076,4664173082.26561,3086.30229089416,741.225529741706,176.378881007916,20380.037472466,30089.7600885208,74223.3308919277
tmp_00321,tmp,321,2,30,12,0.000688527859649445,0.00432921258390644,0.00374317560346806,4511524109.96499,1923980840.73112,19315.0711665279,4569.1669513331,1133.95977564354,33116.6066658442,57059.98582708,210813.837581434
tmp_00322,tmp,322,2,24,12,0.000537777593063228,0.0023043468063753,0.0031865797525779,4715914655.6946,1281631821.9409,3559.72139144947,1394.20417905122,846.795257050983,14512.5108869048,25253.2224411202,110428.766746192
tmp_00323,tmp,323,2,36,9,0.00084813972915162,0.00351356510953772,0.00183096123189681,4239826022.30666,4400508043.69396,35978.8260519369,4416.79796466514,501.206440302137,121569.657865656,157079.166817956,262409.613777148
tmp_00324,tmp,324,2,30,12,0.000720621818136821,0.00372104797134591,0.00377653833911947,3729518901.11289,2898298997.23842,18985.26478899,4915.4356990927,1401.09267998042,31953.1998182841,55953.0776767045,220055.909380838
tmp_00325,tmp,325,2,24,9,0.00099756416941315,0.00593629842310407,0.00125366219901678,3758016073.33765,1274156342.69315,95838.3698402591,14306.2977940531,1866.699575767,164446.132782262,228882.11621685,442208.941857257
tmp_00326,tmp,326,2,36,9,0.000637564974587217,0.0015570055880048,0.0017204254961445,4048670768.82187,3083486186.16379,4640.74384911693,908.112764223673,162.728358981446,48203.3497963956,59703.5821374248,88859.9288674174
tmp_00327,tmp,327,2,24,6,0.0006805965282639,0.00335700072600157,0.00359606504948325,3309153241.06762,2427200411.68433,15620.4751590912,2808.87978418399,435.489358151645,17019.4183400638,26253.4978713602,69015.6446520581
tmp_00328,tmp,328,2,36,12,0.000729853254068335,0.00560320607976119,0.00157791324718782,4743512738.85693,1139436022.64447,37527.1451461471,4518.92680595034,503.139317076129,104292.600640071,142111.369053914,266854.649125144
tmp_00329,tmp,329,2,30,9,0.00067972258467213,0.00202656451822772,0.00160900635111022,3780088570.30475,1282331222.30016,5384.59189327034,1136.05918595123,226.869803896822,46805.1609743319,58648.0585671356,88672.1482050207
tmp_00330,tmp,330,2,36,12,0.000791334927848542,0.00538837183686971,0.00258732278841387,3371562615.80861,4170530757.56263,81395.2581633025,11346.5136930091,1358.26534677053,66941.8130643586,112918.507760043,382433.026552752
tmp_00331,tmp,331,2,30,12,0.000528142297258485,0.00123519567112066,0.00139149551737808,2130684245.44854,1351186979.16266,1531.88562864269,508.678964249953,215.481615984771,16404.2689427834,25660.0989391029,72351.227151311
tmp_00332,tmp,332,2,36,9,0.000784464097009886,0.00413070106373276,0.00382831983016421,3958916142.76513,4754607471.27431,31128.7768058482,4189.33074903017,492.444518354805,47728.9881583652,72414.4186552683,187343.828273041
tmp_00333,tmp,333,2,36,6,0.00080462056496955,0.00398519114759382,0.00131515447204967,4599606073.86624,1117476661.43487,9589.76356828725,981.898499736725,117.496185942735,91341.4195477528,50480.8823418695,28648.2434278539
tmp_00334,tmp,334,2,24,9,0.00059553638522101,0.00160743689660728,0.00150461352137243,4597711356.39459,4074891123.97257,9415.7969969006,2929.53404842157,1079.18451487294,37767.1124948859,60467.1600836962,184155.46283783
tmp_00335,tmp,335,2,36,12,0.000564948440234055,0.00315884295352845,0.00120469364604743,4981342780.50892,2516605648.50976,23854.7357922354,3775.77793768557,538.238593066846,69487.26645888,103674.940546734,248881.876819457
tmp_00336,tmp,336,2,24,9,0.000838282967842078,0.00225343861785306,0.00138320017045361,1206377160.29098,2689306303.02609,14660.6472019258,3820.40798163335,1073.3862637534,31562.0938210819,51682.114717521,163104.674235474
tmp_00337,tmp,337,2,30,12,0.00097710036349758,0.00402677505802481,0.00225560400838434,4842081976.8122,4730327071.55335,62343.8262364888,13294.909744633,2825.39147348248,157383.382957266,254532.989372158,770042.941121377
tmp_00338,tmp,338,2,30,6,0.000661560258730184,0.00234125794627018,0.00202766377188119,1065407511.96443,3263825487.52088,8865.41900475656,1153.92843267329,130.59759636231,11083.9857147249,16087.2682508584,37148.2738957475
tmp_00339,tmp,339,2,30,9,0.000616917996466108,0.00408418800931661,0.00131326548686239,2617153009.97197,1437049762.9514,28191.8344605948,3652.08234650259,413.749243671908,35604.0746411884,53181.0193628526,127672.548253544
tmp_00340,tmp,340,2,24,6,0.00058820665449376,0.00149476306348265,0.00243389475082649,4976907860.51373,3039805020.43848,4576.07732376823,1110.82410997133,262.400302269496,19968.2118928491,27834.5523397256,57395.5362003936
tmp_00341,tmp,341,2,24,9,0.000862191214356732,0.00356169823214984,0.00288942436682268,1662976195.26524,4864064717.80815,44933.9700019731,11193.1121060376,2907.45870107306,27004.6283791996,50116.4717009699,211697.074085673
tmp_00342,tmp,342,2,30,6,0.000955082541615085,0.00502112056991427,0.00333985953249702,4273203474.88977,2904928000.3505,34596.3944477679,3474.43198297415,343.518090552812,72893.7205530841,86811.7083904247,121954.846336659
tmp_00343,tmp,343,2,24,9,0.00067233841293349,0.00110802534010964,0.00331504463335557,1776322995.29693,1729024969.27397,1188.43540513129,458.784963716859,246.491248383613,8807.3086716977,14068.6236747535,44609.020557256
tmp_00344,tmp,344,2,30,9,0.000548304051399684,0.00343875584044143,0.00110703850477389,1803540144.97295,1259257176.13886,18178.2053889913,2480.90817730252,293.873438269207,20863.7452854661,32076.5113161281,83226.898153647
tmp_00345,tmp,345,2,30,6,0.000790899143659893,0.00501795862920085,0.00177870477296145,4728860200.08763,4337777594.31813,66495.315495298,5457.73644740309,482.433188943569,89017.3881710895,110206.255547993,170283.022267614
tmp_00346,tmp,346,2,24,9,0.000576333570492946,0.00359979472140045,0.00246823682980558,4761630416.21054,4942507972.5616,53670.3095139838,12689.3997891005,3041.87924235807,27279.0360449345,51435.1691333676,220689.997874328
tmp_00347,tmp,347,2,24,6,0.000838691853389368,0.00592983802033049,0.00224992525077871,1420818304.2167,1675976186.53893,57809.0081383711,6170.09202028395,562.877899541512,22487.4506998993,35386.7076582174,96296.1469527695
tmp_00348,tmp,348,2,24,9,0.000676866890321558,0.00247435247179186,0.00113005890663647,3528724675.5677,2007003475.52225,17856.0386845801,4175.26889839688,1000.15065786622,54954.3324911827,83581.003497247,208936.256865379
tmp_00349,tmp,349,2,24,9,0.000848721845768309,0.00140046327139508,0.00128137736416124,4973545759.76398,2131556522.97367,9221.7100210978,2484.95507913132,722.944156579285,101019.90535561,128745.802017416,200917.314624857
tmp_00350,tmp,350,2,24,6,0.000919625182021708,0.00558063094996009,0.00232446695881295,1090408291.7784,3392769989.20155,99328.6670842593,10981.9676249948,1008.04696815365,23761.3091162584,40804.0508067967,136034.164369969
tmp_00351,tmp,351,2,36,12,0.000818731463767223,0.00348006572052773,0.00332029255926472,1717709512.38538,4425804690.60179,21912.9738394033,4455.50541118729,860.117583365658,30389.4282807808,52041.0617398536,186185.592731888
tmp_00352,tmp,352,2,36,12,0.00086180438820479,0.0031346288569809,0.00306264765251997,1779593776.8895,4869819653.8377,19719.7772030823,4178.12786118572,857.215946067343,38608.6829122765,64584.5803097715,218614.069825747
tmp_00353,tmp,353,2,30,12,0.000794748458284165,0.00472237884748924,0.00160912102376698,3686885697.79614,3001866857.84235,78175.4711979734,13626.0982450697,2133.45080273486,93202.6415526556,155965.41590728,514167.570235731
tmp_00354,tmp,354,2,30,9,0.000722138552850675,0.0028824208992461,0.0037062505612491,1672843476.07144,4317455905.05094,14131.5284003466,3176.11165505638,685.14117057828,15126.9945895829,25766.4231162,90320.9337596738
tmp_00355,tmp,355,2,30,6,0.000674489811606886,0.0050326061280217,0.00102627361726974,3042869180.0639,3188741736.45645,58257.4260634203,4203.40260369799,351.259227951585,62265.0506207548,77823.7772788149,123632.315859291
tmp_00356,tmp,356,2,36,9,0.000589210453069274,0.00482629562673123,0.00375375080075022,3036203920.76513,3653129236.54056,34681.9547859814,4055.16926514089,408.188427015638,17608.8467907137,29335.6250143872,97983.1759893206
tmp_00357,tmp,357,2,24,9,0.000558123490675438,0.00229984263971836,0.00131847945039933,2793025896.39406,2622407295.63806,15207.7877225407,3877.33819452926,1050.85171169812,23553.5168784631,39684.5784360505,135180.111984632
tmp_00358,tmp,358,2,30,12,0.000635214565051695,0.00402213846145684,0.00233034936551786,4342905646.15058,4931034889.91478,59527.7130482505,12764.1283193578,2703.01606797497,43339.2330191365,80139.0429256897,347406.631067811
tmp_00359,tmp,359,2,36,9,0.00097777748272281,0.00375783627950761,0.00245282736542109,1595582811.14702,4171902201.96715,30596.825591803,3797.65531609795,421.124132347512,56211.7936569841,81610.925556115,186614.384730709
tmp_00360,tmp,360,2,30,12,0.000903656664451839,0.00565781819916398,0.00266387259141108,2635637764.11903,4877248933.31501,132236.880939651,23934.7598752951,3909.28712677489,66010.959790631,123682.591551659,544844.764706937
tmp_00361,tmp,361,2,36,12,0.000798419658287061,0.00487818864224022,0.00354607432858548,3007133003.61603,1123797762.86919,13806.3540142187,2333.92828053533,359.423958027178,40704.559560774,61903.6371488892,157125.890667801
tmp_00362,tmp,362,2,24,12,0.000734359057386951,0.0011304101021371,0.00176373106494182,4925683981.62369,4648703422.43323,5055.1585163119,2125.18599585392,1487.2403747023,59233.6980480915,97827.9708412591,332505.652940088
tmp_00363,tmp,363,2,36,9,0.000816342348862084,0.00389402636467461,0.00156355962390224,2542519874.87872,2088520921.38106,24058.4370720293,2638.83993611233,279.317084595039,75391.1013723205,94475.8180332831,146892.196105194
tmp_00364,tmp,364,2,30,12,0.000838534736101505,0.00202905129439549,0.00365841508788705,2239357829.23393,4997547559.74432,7108.84880191523,2471.9151932701,1109.90624411863,30204.9636781503,51363.2141236644,197611.29337705
tmp_00365,tmp,365,2,30,12,0.000896864101167922,0.00533551174240084,0.00281885725421829,4665447568.68238,2478018208.35627,56590.7341414806,10891.3478359896,1974.86893275113,95532.7136394106,157474.119373827,499863.070049366
tmp_00366,tmp,366,2,30,12,0.000720593601515279,0.0031350777541417,0.00396465121501182,1251900543.70099,2695909045.34295,10374.8559595708,3006.31858555407,1013.94096246967,11195.6969868326,20661.5494779133,95015.1261073435
tmp_00367,tmp,367,2,24,9,0.000947491168125349,0.0019634512162597,0.00359671835995654,3381365208.74798,2173616129.21561,5708.41828186378,1856.90771091051,736.889474568491,41722.23813353,63440.0397182684,163805.51410279
tmp_00368,tmp,368,2,36,6,0.00084532578003766,0.00340759797670053,0.00353003990751544,3518095061.53185,3519160199.99499,11449.3260294077,1138.49930288374,117.255597654805,45819.1482329745,49562.115282219,57651.0253786288
tmp_00369,tmp,369,2,30,6,0.000831673020747608,0.00360353169408478,0.00298288833338335,4347321974.06209,2415443539.72268,16003.4735311731,1950.96303436224,217.634086793213,52474.6034465007,60168.0439777063,77286.4081168805
tmp_00370,tmp,370,2,24,9,0.000509107678701201,0.00224393330960343,0.00256922250040549,1005438045.08656,1303654416.85459,3859.21414677664,1200.09394012729,436.045561922419,3782.09811794762,6777.62531886073,28613.4582848324
tmp_00371,tmp,371,2,30,12,0.000939244731849654,0.00461317455726756,0.00187323303649136,1508669470.50309,4887694320.29255,103246.50677001,19027.7794560677,3194.92794106992,59552.4627815928,109936.341902786,468666.554177816
tmp_00372,tmp,372,2,24,6,0.000793972633896421,0.00173903334387186,0.0039918520100883,1673712255.28616,3951989142.7685,4588.915975382,1208.08347133273,318.805120738105,11702.3464186215,17868.4885418928,48885.9114220825
tmp_00373,tmp,373,2,36,12,0.000899362885638781,0.00378063976379572,0.00101939693219001,1570536386.98313,2619774488.56341,44460.9946448558,5908.77081230695,701.684291798863,103490.970233893,151012.719852892,340722.554616706
tmp_00374,tmp,374,2,24,9,0.000643129035213466,0.00381878583835923,0.00145647643176479,4108869555.70369,2089682712.77488,43227.6864116159,8477.28534912918,1543.07426519775,46726.5977624894,77404.7920978265,241005.783096617
tmp_00375,tmp,375,2,30,9,0.000534686234993174,0.00558687576844857,0.00332502698200494,3069620880.76837,1688699318.43403,34679.98522324,4849.99054100012,570.541433406168,12802.4432967208,22849.7026288595,85532.1650354389
tmp_00376,tmp,376,2,36,9,0.00056929113328268,0.00146702867461124,0.00312328308229965,2673351624.52635,1931696067.83552,1394.73044313989,328.237548118674,78.2159032248254,13299.4872342773,18528.9597339717,38054.5484732587
tmp_00377,tmp,377,2,30,9,0.000820778133015404,0.0020007701134665,0.00251408780205766,1674576156.16811,3421682261.46763,6769.15548239288,1660.23252578481,412.134153477,27769.0543643759,42553.0633184126,113584.634188674
tmp_00378,tmp,378,2,24,9,0.000533140753924419,0.00577299407371024,0.00324130395848562,4463695980.78776,3701847482.02684,112969.123564322,21808.7934928496,3817.655279345,17938.7010315921,41242.5757190048,225783.688900966
tmp_00379,tmp,379,2,36,9,0.000535730238766882,0.00437333152993438,0.00143421729989449,1198651563.9089,2181237909.1344,31191.1570728387,2766.21584564299,230.080096259976,13238.2247818203,21507.49592554,68984.8271151965
tmp_00380,tmp,380,2,24,12,0.000848344075855586,0.00129160145315313,0.00234621285133087,4243292698.17048,3531518893.87249,4613.01341313574,1922.87762629721,1322.01549573677,57947.0582520143,94909.8072681778,310202.050540178
tmp_00381,tmp,381,2,24,6,0.000850169408153165,0.00531449948859426,0.00380625607680996,3903914932.14617,4134789078.2332,79029.0046250875,10687.1095166076,1189.90481293966,38753.8860245293,62355.1389430374,177447.460257213
tmp_00382,tmp,382,2,24,6,0.000571597648518382,0.00366325841345717,0.00141796688482857,4827251140.02509,1765853395.96915,29025.6680095767,3779.47570571339,423.197890583141,34467.6131756442,47404.892249468,91565.2506426481
tmp_00383,tmp,383,2,24,9,0.00063382586361288,0.0021020755502579,0.00209072194968773,4621798818.07782,3649102103.55499,12085.1775783768,3622.48927742668,1256.92404932471,34461.7207214808,56458.1990465092,183966.967669891
tmp_00384,tmp,384,2,24,6,0.000928018889441326,0.00351366638160678,0.00304140107570024,4804742775.44861,4152352343.12508,36842.9993808919,6218.68210244402,905.488196522738,67376.3754285371,94217.3356590852,190797.960771145
tmp_00385,tmp,385,2,36,6,0.00095758394556362,0.00176408455437183,0.00356501893616774,3223564611.39204,3843939219.31773,4555.44022021528,668.963289716575,84.2376717792963,49024.9689488799,44372.1664913801,37809.9866675514
tmp_00386,tmp,386,2,30,9,0.000504553995981404,0.00151358341982036,0.00168769846811946,3817507689.47171,3638870715.86057,4860.47578096782,1240.43308186562,326.229995470444,21827.6027789536,33460.6210968539,89865.0660523445
tmp_00387,tmp,387,2,24,6,0.000648792911915388,0.00320366819680148,0.00314382337859594,3163346492.96774,2972900789.17244,18580.4400958988,3291.42342014315,498.496853025192,16558.427541421,26110.1219138746,72246.7172890415
tmp_00388,tmp,388,2,24,12,0.00066006815760733,0.00412876699541631,0.00328384335019162,3532188646.8793,1691898896.04576,19926.8384314076,6023.95148599442,2361.43554530416,21381.8062977841,39740.5377591931,204242.054069973
tmp_00389,tmp,389,2,30,12,0.000755104534391189,0.00296098598302192,0.00198156633581927,1242444216.09412,2180997672.56499,13424.0237831131,3292.14290947364,863.811839839699,22957.6586519436,39813.8499712524,150753.003545926
tmp_00390,tmp,390,2,30,6,0.000788392605883178,0.00337436216096368,0.00251283748956895,4907662895.09582,3039351414.38245,19173.9912900856,2302.13524005701,253.944655500446,60232.3727548144,69445.9427116458,90291.0224453322
tmp_00391,tmp,391,2,24,9,0.000849401846013355,0.00223675762732615,0.00235680717093468,2897145514.18119,3609044520.87024,13240.6183706601,3942.3613485319,1357.02999744269,44815.4876814646,72202.1505149015,222611.19009476
tmp_00392,tmp,392,2,36,9,0.000505121341721205,0.00391012222539771,0.00117683549387634,4220081718.60808,3865531199.07423,49493.3189180426,4526.75708200303,396.344629541713,43976.7032963542,65698.3839852128,164463.595742596
tmp_00393,tmp,393,2,30,9,0.000535659988140057,0.00468419591376893,0.0015742608914064,3504006994.3647,2190802866.38986,51185.2742035571,6283.57856206309,656.91044192385,28337.5869603658,46746.0058215731,146598.463843612
tmp_00394,tmp,394,2,24,9,0.000889596076559819,0.00307884891729371,0.0017112111382367,1302696196.11814,2800556059.86484,28273.005084899,6581.03151645726,1550.95960980066,34486.9070829649,58570.801414726,199784.034505002
tmp_00395,tmp,395,2,30,6,0.000666457218261483,0.00279634903611422,0.00308504255948561,2985513071.48559,4860180049.3531,15140.504470093,2020.95918856653,231.969522052551,20715.2724757709,29853.8156480455,67578.9317923334
tmp_00396,tmp,396,2,30,9,0.000500030540204643,0.00507489944439209,0.00326512589997406,1994179418.53144,4878569966.3283,78275.7508231146,11595.780290208,1437.91054742382,9187.27426865372,21189.6584820025,111710.47570473
tmp_00397,tmp,397,2,30,6,0.00061628386461123,0.00362960794934695,0.0031239689131108,4695367349.02246,3618799471.81375,20856.9839403836,2345.4900630928,236.604633215175,25149.9547132913,35283.3122277266,74190.6007972645
tmp_00398,tmp,398,2,24,9,0.000745749309672718,0.0043569694762442,0.00246866786960195,1638629386.37554,1158056347.85735,21538.523136637,4554.35467539326,924.863139077822,18116.0835312555,31487.5581300305,111736.014583627
tmp_00399,tmp,399,2,30,9,0.0005124214386,0.00455785371169191,0.00307814698595977,1149344373.2366,3722019919.84504,47290.1568793013,7395.55104398304,977.952350305079,6070.33859129511,13899.0298555414,71476.4481521922
tmp_00400,tmp,400,2,24,9,0.00093243267554334,0.00225634258837036,0.0021222527867249,4885726096.401,2795461602.80299,14877.8604526071,4125.67672433517,1279.44221135138,96652.3124480149,140169.680732386,308716.879130274
tmp_00401,tmp,401,2,30,9,0.000801562157670753,0.00524499631017164,0.00251108856759402,2794461945.53572,1660067108.21339,37334.0637439205,5059.89494434488,594.823092777721,44284.0029866551,67625.0229217538,172281.108721299
tmp_00402,tmp,402,2,24,9,0.000710222002648695,0.00341978012445277,0.00158691960929135,4944345366.38432,1164110402.62309,18885.3188972417,4076.34849801437,866.170802557736,61569.3681611094,89827.8954493133,198215.197034303
tmp_00403,tmp,403,2,36,6,0.000767275335395569,0.00131896559449069,0.00178061625521406,4598375144.67079,3728043109.67608,4739.939924876,653.616001065326,78.6763409633386,60597.7172115438,44072.8435429334,29722.9198103065
tmp_00404,tmp,404,2,36,9,0.000932296089206774,0.00191242369580517,0.00239548016253661,4759981145.4406,4208235010.85497,9743.68504071464,1842.89190947559,309.20007193136,120201.787531228,136830.979602327,168560.144271509
tmp_00405,tmp,405,2,30,12,0.000721615922990977,0.00183721636230475,0.00175153771077193,4560203593.05742,2368354556.86837,6411.03609151365,1868.25684138837,645.699969824056,68901.0119075617,102637.253719834,244932.649283562
tmp_00406,tmp,406,2,36,12,0.000736257228711572,0.0056715239883015,0.00133938539981925,1526126845.8668,4992260945.70785,176839.516155655,18663.8540612173,1694.64989314809,50587.7651298788,91382.5588196228,382696.364502481
tmp_00407,tmp,407,2,30,6,0.000511420524425997,0.00458601263464801,0.00336612058003904,1355312260.53997,3405171178.26883,29856.341918811,2794.06874396979,230.13571124337,4878.22882089376,8753.75733191583,34641.2309790725
tmp_00408,tmp,408,2,36,12,0.000820542912007149,0.00306803279632835,0.00396756723787744,4196888288.55983,4784224783.15565,15352.3408761954,3561.40827994005,836.130716609409,57589.8827370485,92462.3646994762,281264.883694502
tmp_00409,tmp,409,2,24,9,0.000911829284533907,0.00230582459785405,0.00173587667079737,3284785087.44147,2904246436.36117,16603.3345615174,4445.70403117847,1308.83895110931,78545.6280711159,117972.695214469,287782.184265755
tmp_00410,tmp,410,2,30,6,0.000517031290335326,0.00253723234741679,0.00305144983093354,1186166173.92678,2731941125.8784,6419.5527380061,895.799492967797,105.704204315457,4301.2276019429,6836.48844080475,19997.5605901621
tmp_00411,tmp,411,2,30,12,0.000838480832933677,0.00275570545203255,0.00342737441633865,4881727596.31695,4677193293.51954,15957.9884715402,4702.71725303994,1642.85377939073,67378.5346326662,111662.722642509,380574.286788597
tmp_00412,tmp,412,2,36,12,0.000881051219639707,0.00229241024694299,0.00223147814326281,1718899596.52123,3685344574.26967,9260.51099899546,2147.5434137179,506.616018604316,49821.5548165522,77068.8134369135,209150.331268747
tmp_00413,tmp,413,2,36,9,0.000598909147973883,0.0027121585429669,0.00393062294445411,2155923435.31158,2072603299.31381,4503.76944709959,818.180317815001,134.828512517541,11309.6889097461,17332.3679261911,46698.7582298424
tmp_00414,tmp,414,2,24,9,0.000871372740914577,0.00113545027265209,0.00393881221181257,3654433841.6328,2342346494.41919,2636.06992430246,933.863138065442,427.28621310633,27482.9693770084,41128.4421439665,102818.828871726
tmp_00415,tmp,415,2,30,9,0.000616997620468451,0.00187872000419242,0.00333128309674005,2356655099.64334,2983171321.55576,3775.15406022402,1035.32474738233,300.40802430908,13201.7032316257,21007.1569339018,64170.8130960876
tmp_00416,tmp,416,2,36,12,0.000693982796688548,0.00230343491810164,0.00105145974964074,2613063442.90615,2404876296.49686,12110.0135413182,2266.88813043466,400.856445504272,73851.6124390109,103777.675577846,210734.582716579
tmp_00417,tmp,417,2,36,6,0.000592904296886051,0.0049351154942489,0.00219555973989258,2492789876.88012,2049426879.65184,14247.2701615709,939.381368308942,80.6954293572957,19788.4257913703,24641.4696717987,39464.8320259825
tmp_00418,tmp,418,2,24,12,0.000783855697565343,0.00541482221627472,0.00251340508711937,3118307910.9674,3951888745.87575,122243.224522741,29707.0222098246,7900.20253682388,44266.9310980623,91462.4198815197,567039.375463014
tmp_00419,tmp,419,2,24,9,0.00076412189443124,0.00580534428745819,0.00206727725086366,3402334612.81801,1191700403.13099,55320.3545760363,9376.58475063417,1384.92064600459,45517.6635125266,75088.9914828363,228943.506140639
tmp_00420,tmp,420,2,36,6,0.000842205185881709,0.00521349010415007,0.00175765678089055,1525096394.62005,2893955998.92507,23457.0604176623,1528.69527762347,132.390720078902,42015.6758493999,48698.0128512822,66146.8994958843
tmp_00421,tmp,421,2,36,6,0.00053507000854322,0.0020898988156121,0.00119755606080988,4394481958.02398,1249771340.16684,3587.217304341,410.140038009178,50.4546505193473,32852.7705968206,23507.9788176283,15908.8573149671
tmp_00422,tmp,422,2,24,12,0.000776312960493291,0.00482988253380494,0.00398221316376857,3874562307.52684,2527857137.71013,38464.0161796609,11263.6276810525,4180.2073096833,32139.3137059546,61035.4934615945,329675.483744577
tmp_00423,tmp,423,2,24,6,0.000529478349427494,0.00123063104292347,0.00246099677368484,1356216770.71217,3563480540.855,2328.66793375328,649.608011461223,186.716078807637,4842.02735490274,7588.41605336515,22744.0491617706
tmp_00424,tmp,424,2,30,6,0.00090732604176807,0.00508876509267404,0.00105286651887531,2504753189.88283,3551617872.78835,67491.2177498873,5229.302989168,471.512610045576,115280.614922738,129571.424640814,162998.270383519
tmp_00425,tmp,425,2,36,9,0.00055640914874531,0.00330665766290576,0.00281303774137352,3056630610.56672,3640229339.98955,16843.4042043306,2360.62609661145,285.516061284652,18728.625286372,29680.127709065,86612.21139152
tmp_00426,tmp,426,2,30,9,0.000501355534724057,0.00376583835284122,0.00368055443443004,1811227015.44457,3217932728.02531,21271.0007854577,4022.03098747165,679.884308987381,6508.49027624298,12667.3949481876,53645.294527651
tmp_00427,tmp,427,2,36,6,0.000861471015859034,0.00484463582499414,0.00109656931325256,1605887142.61981,1477214298.83299,13309.6882752606,1057.95033048156,108.990871158391,63795.1932242378,52316.110227803,41273.0246611531
tmp_00428,tmp,428,2,24,12,0.000772352771255744,0.00490691474902179,0.00252560325363651,1573141212.9177,2774022207.14889,65014.895301104,16693.2529106194,4906.10960680528,21986.8262734298,46655.3555091233,307667.014462548
tmp_00429,tmp,429,2,36,12,0.000788798027589318,0.00556323109320629,0.00224280744829626,3494800933.95578,3576207248.85065,84875.3815818064,11031.7564339041,1234.19838361179,77244.1439866845,127027.678318105,402194.395754731
tmp_00430,tmp,430,2,36,6,0.000561759712841879,0.00457060995034309,0.00128216040332479,2504355073.64031,1649378375.46542,12054.297398007,813.069572106345,75.6268862426431,27286.4092110623,29761.2907150056,35815.347500698
tmp_00431,tmp,431,2,30,12,0.000599605710076442,0.00155481489267145,0.00137421004042126,2335333995.04671,2631909262.02365,4506.96651544868,1392.0419247978,524.220567374838,28309.5691231631,45780.4823038113,144301.453948043
tmp_00432,tmp,432,2,36,12,0.000566550920772876,0.00313317587346058,0.00374002183857458,4322754053.98669,1804409176.72912,6365.04505950597,1434.36434008407,323.403521375024,20891.240503805,33764.0574328598,104374.948742476
tmp_00433,tmp,433,2,30,9,0.000772127449986885,0.00575489097964478,0.00270673749619742,1133878675.24097,2277604428.73574,58786.6997691798,7488.18661385044,798.477533327775,17599.6801771564,31723.3961545666,122575.490242309
tmp_00434,tmp,434,2,36,6,0.000554223095247827,0.00320885023724432,0.00247483372791077,1685668155.32458,4849097755.80488,14581.9427223056,1149.6465649328,95.2549050292169,10530.6918764836,15349.1592873018,37320.8420046582
tmp_00435,tmp,435,2,24,6,0.000515129759654515,0.00229750892490252,0.00247538864691618,2938943075.58615,3222021419.66594,10173.0253742025,2052.43122573629,367.271016391062,9985.07975340775,15961.8744573113,46551.5651067803
tmp_00436,tmp,436,2,30,6,0.000847884223157831,0.00104989841170975,0.00362985000447206,1150784021.6602,3471042159.41253,1393.47346019491,320.362020932429,71.7850644650121,11015.1926605786,14434.9684189432,25329.6086615425
tmp_00437,tmp,437,2,30,6,0.000818821418720177,0.00350123938969563,0.00303639190637357,2070049401.74036,2974799200.85309,16408.4893393596,1902.58697382454,199.393409875676,26007.470034744,35087.9522963814,66544.0424899636
tmp_00438,tmp,438,2,24,6,0.000822136279461384,0.00141406173283312,0.00235238776607086,4601372404.66328,4297366036.38985,7798.78233964399,1830.59030461327,406.200103999874,46019.6984302025,59454.3518100715,98493.078008821
tmp_00439,tmp,439,2,24,12,0.000538380054788141,0.00340411141489273,0.00206040364796682,1814209394.82202,1580587636.09249,16239.6053561159,4812.01677556628,1820.70287407713,10141.3022096117,19989.0516256825,118773.65541782
tmp_00440,tmp,440,2,30,9,0.000501100841160612,0.00465860121950674,0.00185906136943639,2624896958.53946,1360913940.50082,27738.7573093153,3614.30206731537,399.259785425424,14972.2309884922,25097.519161107,81696.6591784487
tmp_00441,tmp,441,2,36,9,0.000777064831324849,0.00571864807156779,0.00328414335527968,4449750591.79773,4064151197.93723,64595.2238222277,6471.7674427633,597.737181988677,60943.0475592577,92107.7415838312,237278.186318041
tmp_00442,tmp,442,2,30,12,0.000798464657506946,0.00418705115350249,0.00137178089626629,2701701255.7561,3709885107.65405,79664.7854545271,14212.8618626846,2293.0835007728,82866.725080693,141700.731498693,496798.816310738
tmp_00443,tmp,443,2,30,6,0.000745561034886796,0.00497059652831635,0.00183561997796832,3863653511.96919,1863324948.73148,28587.2748420886,2507.02716895897,236.424144256774,56404.7452838634,64206.8599840654,82506.9945128538
tmp_00444,tmp,444,2,24,12,0.000873532577902164,0.00436547294229221,0.00222043093025281,1435163107.27391,1772754794.9498,34214.5910077196,9036.55969295014,2801.41896477134,29370.8991276114,54737.6235716525,271847.511007077
tmp_00445,tmp,445,2,24,12,0.000774944797617173,0.00124071534032301,0.00112591685753109,4591635918.84523,1611548632.69034,5009.0923894623,1709.5909023351,808.445890654671,86057.9572509969,123215.196716667,251384.365971301
tmp_00446,tmp,446,2,36,9,0.000690083580384541,0.00256819006535575,0.00277480186228417,1691716450.09632,2577575997.00873,6591.30697375277,1110.79263072952,167.792834543405,18658.4123178969,27721.4093703787,67968.0081639561
tmp_00447,tmp,447,2,30,9,0.000860443802065733,0.00439793033624307,0.00161590431280636,2219035468.35186,4831265329.25621,95557.8520388929,12421.3024428588,1379.51349158588,70766.5090430225,113916.367141345,334335.320822971
tmp_00448,tmp,448,2,24,9,0.00058401793060431,0.00548970889307229,0.00291939917905058,3114773231.73039,4098822107.51008,119313.1503747,23005.5523783713,4019.31090299452,18399.4960739461,42657.4521123138,235546.748637118
tmp_00449,tmp,449,2,30,6,0.000565767092412254,0.00106466928790849,0.00338446872802305,1846307992.42579,4722320949.8839,1370.36430937493,329.769745740941,78.8806515784792,6581.99125651886,9474.57001782832,22384.7642427495
tmp_00450,tmp,450,2,30,9,0.000637545547245316,0.0051741885686266,0.00328102444000431,3170678514.96296,3618165117.57449,61627.071152524,9046.87650668329,1121.04452432853,22998.1221031024,41372.464415433,156816.825350435
tmp_00451,tmp,451,2,36,6,0.000551256479614771,0.00397715629592584,0.00146588257946113,4951188160.38833,2151621556.50134,12873.0410456236,990.107733557862,96.2830043022263,42561.5823030694,42646.2644896359,43986.793186244
tmp_00452,tmp,452,2,24,6,0.000960627143395273,0.00483547688202447,0.00380305915422721,1825516650.95517,1972905837.80051,30564.0877206568,4441.72310364428,539.61937609647,24804.8115216494,37742.4984069174,94245.6873587919
tmp_00453,tmp,453,2,24,6,0.00078284229293421,0.00380160343163128,0.00266306280864846,1462946505.88642,4764768252.21,50915.0759746203,7584.65354323433,922.272857358758,17584.198342596,30394.8252689802,100579.289423036
tmp_00454,tmp,454,2,30,9,0.000619684952888197,0.0046546228852497,0.00394876323562591,2579353771.23831,3999003657.81814,44197.9548079287,7427.07394214373,1078.6731137071,15170.3458150168,28345.47919737,113968.007133401
tmp_00455,tmp,455,2,30,6,0.000757328250028286,0.00464444445030732,0.00296310219061012,1551124011.41616,3161822000.46295,31445.3940752817,2865.46892457495,244.196346795312,17223.897681083,25900.7962378185,65967.6603184275
tmp_00456,tmp,456,2,24,9,0.000556095316229187,0.00502283585024493,0.00287133523927081,1113760557.29078,4518785309.37184,104324.005670041,21160.1420863782,3979.29861633817,8065.93037595195,25169.4548684742,170918.988664249
tmp_00457,tmp,457,2,30,9,0.000749014322082199,0.00533286772462854,0.00339809636753766,1774297826.40359,3855034086.43804,68841.3951319875,10006.0235919601,1223.13896433481,20822.9481611715,38538.8480623138,154246.919930283
tmp_00458,tmp,458,2,30,9,0.000682260391530902,0.00146782852735577,0.00235303489237611,4022151804.65571,4730150707.00903,5320.09530652592,1452.1922327419,423.118017656176,38261.4743339607,56633.1155610599,137418.347684407
tmp_00459,tmp,459,2,24,12,0.000741871687703285,0.00303948672004359,0.00387195453026269,1724875957.59531,1177799503.93818,5422.59349733343,1986.04900237673,1071.91386919418,12135.4734875197,21736.1272417776,105242.172877158
tmp_00460,tmp,460,2,30,9,0.000765252093869342,0.00193133410549026,0.00299261251530135,4863037991.40222,2192434055.54195,5074.1077836683,1250.47326792004,312.681626463236,47315.5537909654,64222.9861993188,119763.351192406
tmp_00461,tmp,461,2,24,12,0.000617618360127577,0.00231956004908809,0.00110724571660927,2328882481.03757,1788396617.56169,11772.9241328191,3600.29262412779,1444.9836024498,30983.1549012999,53425.9465466493,213612.496424344
tmp_00462,tmp,462,2,30,9,0.000982787379358545,0.0017213227920916,0.00214186543577264,4990740296.50828,2866172754.03829,9843.64956889879,2196.9700888508,464.314604055213,125202.18197047,145821.344817111,187150.495786797
tmp_00463,tmp,463,2,30,6,0.000765827546298013,0.0035680250723537,0.00343890605269871,3875577346.87245,2607578743.06571,14448.648753251,1771.97104460091,196.530764745478,33660.2902524636,42731.106420665,69306.8044625803
tmp_00464,tmp,464,2,36,12,0.00088312935115988,0.00133223631127976,0.00358156923850134,3006804421.77307,1651493792.992,1902.64806818969,524.841433978038,158.851788711477,43656.8744730625,57321.4589902536,97391.9012079588
tmp_00465,tmp,465,2,30,12,0.000541748163558018,0.00286170290776447,0.00232811236632473,1847617743.52377,3646877138.19995,17204.5826640681,4516.33572927354,1309.13900745654,12292.2235859197,23483.2763894861,112884.250053258
tmp_00466,tmp,466,2,24,9,0.000655623355081703,0.00316370957671834,0.00155683702201389,4561222778.05264,4885874910.83163,56877.9528606597,12677.3714045508,2790.48187715259,54236.1442362143,93854.1215953499,332710.8282149
tmp_00467,tmp,467,2,24,6,0.000931950992881083,0.00146101386316118,0.00236868240021495,4077439387.0033,2089610026.43281,6486.34920644217,1375.85528858823,255.449609280517,48228.7500943979,54049.0944658591,63649.7142540431
tmp_00468,tmp,468,2,36,9,0.000866843203651277,0.0041597262114679,0.00204684328401694,4463568385.05829,4671606054.82831,51110.6317164822,5703.42554928927,597.788009368797,125112.225266406,167145.787598234,305091.78170948
tmp_00469,tmp,469,2,24,6,0.000698999780353957,0.00148134197052285,0.00314754782062678,4747103051.55144,2614871225.19758,3998.49021768763,988.077341876489,238.5692806614,22551.2492043591,30293.7640440123,56084.8516545293
tmp_00470,tmp,470,2,24,6,0.000716541853436071,0.00441389907073097,0.00233164665560375,2372600528.65664,2510288216.75214,43473.6914182239,5668.28742428166,612.030581921954,22646.4732671806,35803.8927132974,97823.9984289382
tmp_00471,tmp,471,2,36,9,0.000868161851257353,0.00446404575489663,0.00185674906512286,3726181585.28818,3170136943.82391,43789.1711130578,4574.83072816361,464.817928378272,113685.618163485,146240.388226051,242732.21196747
tmp_00472,tmp,472,2,36,6,0.000712514411019652,0.0014779963649501,0.00108869882383989,2885072671.18557,1411529109.31478,3249.43959714039,401.148563177077,51.4281981420585,42192.1289572549,23662.9182750818,13358.785632018
tmp_00473,tmp,473,2,30,12,0.000795676916651241,0.00154575125439169,0.00165813165416446,4703548137.76451,1751410614.71595,5068.81496772967,1436.33746018695,469.950698453311,89199.625098645,119141.920966352,207795.401084988
tmp_00474,tmp,474,2,36,12,0.000676759983193098,0.00158543043458066,0.00364339975006643,1403205386.71038,4966861174.9972,2918.35936367858,938.068035726195,352.292556948193,12596.1738836947,21014.9623526068,76161.9926239757
tmp_00475,tmp,475,2,36,9,0.000997173317605542,0.00233155071440617,0.00196009865892041,3304059686.16088,1435010615.49728,7853.74489252459,1290.1448256496,180.62323413075,110243.591273626,99160.9600536519,83661.6718953958
tmp_00476,tmp,476,2,24,12,0.000865429803836477,0.00162186620759679,0.00361746030671543,4902047076.4685,2316033552.82434,3776.28309274194,1575.11879658269,1084.40598261668,46409.0627306386,76167.5978302054,251361.258964882
tmp_00477,tmp,477,2,24,12,0.000823190558085224,0.00131522374157446,0.00326204752964545,2853579198.87406,3746911953.60407,3144.45096038593,1422.97575529106,1168.34213892226,28220.3484963276,48236.9860073079,196541.260513152
tmp_00478,tmp,478,2,36,12,0.000605021258652568,0.00131199745272057,0.00222497850066163,3057948280.45859,2011201441.45781,1727.50990243526,497.230783292228,162.353478344999,26165.8191561103,38048.6638516764,86293.0284338419
tmp_00479,tmp,479,2,36,6,0.000822435577300647,0.00281012062528582,0.00316328427102167,2362805593.95835,3110337068.45523,7250.91767345464,780.56313538275,84.6910414408115,31580.2596840895,34702.5488163063,41477.6437724215
tmp_00480,tmp,480,2,24,6,0.000809643779269317,0.00562995298003061,0.00195926762297589,4500801451.88531,2812287314.2446,96045.2778287603,10440.4292408948,997.863394394114,68503.073929796,97647.282382941,206848.907547663
tmp_00481,tmp,481,2,36,6,0.000769221998871346,0.00590783974960154,0.00174335145143204,4997762389.4859,3473246882.42589,34929.6715115518,2424.33785231506,224.302740495082,99220.701422209,100013.179437754,104358.766230476
tmp_00482,tmp,482,2,36,9,0.000692248182445638,0.00424768269040288,0.00358398528155664,4730439832.99417,2666452304.98594,20090.6472015176,2618.40990287069,303.539116676913,40410.6669733479,58678.3286940563,134181.842919166
tmp_00483,tmp,483,2,30,12,0.000914144743393887,0.00469045923051988,0.00377908562041126,1895725137.3325,3089725784.67491,37464.4256040291,8472.53346353874,1951.88282309671,34320.0364798577,62413.4236930032,262740.248638813
tmp_00484,tmp,484,2,30,9,0.000723155162919733,0.00102286031612551,0.00166427379617788,1049153318.1955,4399753749.88841,2484.396748554,739.755247947244,245.986879265068,17284.8948891706,26370.6115930249,71291.5038598535
tmp_00485,tmp,485,2,36,9,0.000663521234788939,0.0033302386376386,0.00348221814137889,3231829583.3293,2365804463.64922,9896.80380046861,1513.2566988897,205.239576086043,25092.9887082434,36852.7981254364,87131.6085178203
tmp_00486,tmp,486,2,30,9,0.000729873026336476,0.0024932870312923,0.00178932205382184,2914913263.51593,4082339662.45918,18229.7664367636,3595.33905612853,659.867199932564,48151.3759872514,73314.2832513571,187752.770952259
tmp_00487,tmp,487,2,24,9,0.00050111713547232,0.00130490222472077,0.00149606776647423,2395980457.0477,2560402108.62293,3343.21120314036,1145.77494542595,489.41094752988,12296.5456700113,20187.1002288246,68480.7738679883
tmp_00488,tmp,488,2,24,12,0.000764097636941591,0.00146059917054563,0.00325998322173769,2240204594.40659,3791216983.6681,3432.30228041879,1553.8840475864,1269.55871574417,19208.1163688152,33566.003807855,154608.844780639
tmp_00489,tmp,489,2,30,9,0.000997158607404921,0.00337300840626277,0.00145727514873059,4070391810.01414,3216802654.68398,42028.9198865115,6726.11425511716,966.893159826649,186763.323741637,235886.188786773,365077.076720428
tmp_00490,tmp,490,2,30,9,0.000942921058342294,0.00512487733237498,0.00111589305414067,1049335852.40819,3510061905.34783,127148.262378976,13104.6269784399,1190.57435296879,63797.7467554844,102557.193880652,304034.951312483
tmp_00491,tmp,491,2,30,6,0.000789128324388492,0.00437658325003899,0.00145222592818832,3093615302.81469,1030767782.20559,15303.6586453881,1552.5280253563,163.051201423276,59722.4852149531,54687.6794834145,48621.3189642732
tmp_00492,tmp,492,2,24,6,0.000698385799662548,0.00480052938863501,0.00225174356355504,1996066761.68355,2906808356.31593,61963.1843374246,7490.62520180498,744.453485999275,19313.9188520358,32436.422806256,102015.384823527
tmp_00493,tmp,493,2,36,12,0.000666884366951928,0.00110766178036189,0.00223334860446927,2559784539.68688,4806446890.78999,2355.62853224293,743.999648382328,278.748683496839,30678.8539917279,47082.9575185187,127991.126584741
tmp_00494,tmp,494,2,36,9,0.000660604021924663,0.00340795403144061,0.00265813134213197,2027569019.9464,1094702554.55715,6194.18226385371,863.534941761614,110.005709140471,19523.8411416019,26924.186994643,53329.6042822705
tmp_00495,tmp,495,2,24,12,0.000659250013054338,0.00507208017731219,0.00123555733876961,1797578424.90945,4304654637.50954,204737.66967814,42471.9457015567,8435.59666746107,32867.3446321191,77278.0740715956,587607.873980887
tmp_00496,tmp,496,2,24,6,0.000778070424984033,0.00399776034811527,0.00111641574717924,3104068771.57306,1746267612.04392,41872.425197308,5036.29214616661,541.020119999845,66950.0234374541,82845.9580247946,124254.307732237
tmp_00497,tmp,497,2,24,9,0.000759701900648596,0.00388562461033809,0.00325152273950504,1763680764.99576,4627766495.94946,48453.9853160948,11879.8090074301,3005.98392164148,18775.4483442956,37105.6741759639,172709.631494342
tmp_00498,tmp,498,2,30,12,0.000957510790694635,0.00135934682434924,0.00376343091651703,2375957315.71859,1593259750.65813,1928.72506587818,660.663773759969,293.680648350084,35384.4942044919,52243.2830618744,121843.2473921
tmp_00499,tmp,499,2,30,9,0.000509102839836337,0.00553430819106714,0.00287174043634964,4411058655.50782,2217368158.38836,49779.7353349977,6660.87462841954,748.095270970514,18177.8025687485,32199.3039047633,119102.328951477
tmp_00500,tmp,500,2,30,6,0.00092790794491627,0.00526494845383773,0.00328830864574077,3409980052.69947,3840235385.20037,48441.7367677414,4438.41878499999,402.138869425012,57677.2105440848,76220.8275770014,137582.401507575
tmp_00501,tmp,501,2,30,9,0.000747295330590892,0.00264743128692626,0.00249923825602498,4070686383.02167,2658473282.82768,11473.8538086893,2409.53931942095,483.412120826222,49102.1366384361,71295.3351780072,160015.948288105
tmp_00502,tmp,502,2,30,12,0.000508944769715301,0.00272151084953672,0.0021236633535219,2066846007.20441,1230053866.95964,5679.79984062578,1491.83322447031,435.513400049245,10967.908616976,19026.4704847854,73053.573708438
tmp_00503,tmp,503,2,36,6,0.000609067058883611,0.00568512708926569,0.00111640900118217,1271337226.23747,2800660396.97174,26619.0775860533,1476.30097701356,113.376690717733,22220.5352712635,29317.4146070654,54699.6714777586
tmp_00504,tmp,504,2,24,6,0.00058859403157517,0.0054020033741453,0.00292447947800574,1973217447.93745,4013203079.35426,92787.2196805063,11225.6392931493,1092.56043219539,10699.3565033108,21856.3089800893,97097.1373091205
tmp_00505,tmp,505,2,30,6,0.000829997455262512,0.00446009954278353,0.00103401218414279,1707334198.06302,4423104090.91418,66194.7429362471,4938.05235926917,411.275279328937,65447.025467134,84231.535704586,143381.161862875
tmp_00506,tmp,506,2,24,6,0.000950393080539084,0.00585115772119715,0.00342398550455764,4439929817.02844,4891713959.9352,127147.36321784,15677.8600847655,1613.69451259455,66490.0464926167,103564.819210248,273038.310224062
tmp_00507,tmp,507,2,36,12,0.000914736092501868,0.00307451026335763,0.00321845123634242,2760022453.75286,1610215367.06232,7254.50408975573,1576.53378451189,340.814936396355,58272.033539866,83234.7504474156,177384.928939895
tmp_00508,tmp,508,2,30,12,0.000708617608732897,0.00303188489175575,0.00114173148306387,4574316566.93116,1321578504.0201,16503.6948032837,3444.91814814911,716.112891285859,100807.8656263,141255.888590488,280107.612996494
tmp_00509,tmp,509,2,36,12,0.000904647798209117,0.00137942555018983,0.00370609150437388,1818041253.26134,4123943921.06813,2436.41253926461,776.665845758996,295.39481939081,32680.8251472238,50147.9148628293,136404.664259585
tmp_00510,tmp,510,2,36,6,0.00053881918688733,0.00412457320681982,0.00159230927474225,3913182608.72314,1612845863.14615,9849.13863453756,741.439050535048,72.6417852000336,29407.0692308983,30475.9485554642,33306.6754317611
tmp_00511,tmp,511,2,36,6,0.000971315174643915,0.00552079251602098,0.00327509806656287,4880343095.19592,4163978453.49645,32924.4010098961,2561.07844093666,241.678420311689,103925.918648646,106978.572895718,115008.701158201
tmp_00512,tmp,512,2,24,12,0.000884639655147203,0.00224362368323692,0.00186171993218237,1619130434.71071,1277273966.22493,5657.85301306012,1957.48264137641,967.584070803491,34853.4347152189,57497.6317969557,195656.428305196
tmp_00513,tmp,513,2,36,12,0.000624992224000649,0.00399526754585536,0.00366364139521265,4375360445.45301,3543653584.66335,23478.7651605786,4509.37091738666,804.803269772081,30928.7677778829,52750.0324075513,185672.34774105
tmp_00514,tmp,514,2,30,9,0.000632928874422582,0.00552165065605665,0.0034859537926799,3227338169.29545,2135048523.03485,41223.8466093354,5922.80666314804,720.324488547562,20500.5889221614,35396.3305430477,123114.624643592
tmp_00515,tmp,515,2,36,12,0.00093322926178128,0.00225772571145712,0.00278335123168948,3759148833.72371,1250266732.94894,4680.71171194498,1072.04414700915,244.901601368038,85188.4081876625,103315.058917286,144936.525359111
tmp_00516,tmp,516,2,30,12,0.000671035935866562,0.00227800616951787,0.00234167138376679,2815033519.62143,2447550625.16394,6901.33614050754,2034.3691019912,711.117084911349,29158.6642419225,48326.9267146659,164696.597959497
tmp_00517,tmp,517,2,36,6,0.000611419010801739,0.001254077235441,0.00138107834561167,1625841646.44172,4895611837.40495,3312.96278820332,453.089999388336,58.8470899455194,20021.6466727754,22664.7344527114,28416.7453733452
tmp_00518,tmp,518,2,24,9,0.000935972834512362,0.00232827343328403,0.00260570881280396,3821267549.72968,2215597771.93247,10409.7597356645,3002.40535110644,989.163707861288,63713.6362129646,94850.3371145666,226590.456963351
tmp_00519,tmp,519,2,30,6,0.000593702043056432,0.0057445327016803,0.00157885060922524,2712187396.72895,2246930515.55814,43619.458452164,3065.22543348565,238.407438822446,26085.7151095122,36452.0668116583,77110.0815713523
tmp_00520,tmp,520,2,36,9,0.000773890085562188,0.00105526660155129,0.0024531801185232,2873761907.98596,3367172694.81456,2401.25521456505,547.468692125084,119.559255298706,38897.2816556904,47385.8997459021,67657.1052997099
tmp_00521,tmp,521,2,30,9,0.000770661079796092,0.00274134851333432,0.00111628755848408,3296103049.71987,3070229599.05834,27443.4025575827,4504.2629946723,664.583686895944,95225.4865707952,129523.837627086,241371.208629486
tmp_00522,tmp,522,2,30,12,0.000964707916320839,0.0014472284008797,0.00321987545965928,1712577959.51868,2308266599.20569,2453.53309459633,868.827721823519,409.084394485511,33543.0611065849,52212.3043925857,145475.66243057
tmp_00523,tmp,523,2,24,6,0.000940630601970771,0.00520824661671307,0.00172951656032082,4739808197.50443,1615040700.60292,54824.8477176386,6672.59012765308,731.128789381689,111784.503757911,128875.105736532,165970.29052092
tmp_00524,tmp,524,2,36,12,0.000999290787520331,0.00118055753547006,0.00342154211191915,2591567765.32015,1632892758.53086,2065.47599480329,543.333454897667,151.035803031386,52456.4345091361,64825.806977193,95157.8247644011
tmp_00525,tmp,525,2,36,12,0.000940880187128838,0.00292093864002647,0.00129254739860854,1445677088.89641,3775445858.88558,27573.3952786966,4693.14573161395,728.850651051281,87313.7077053097,131738.697796489,326907.897048373
tmp_00526,tmp,526,2,24,9,0.000972430680917447,0.00488289978599244,0.00242465257944631,2809299694.14666,2008511104.12238,52759.800652317,10415.4907582973,1918.13405639877,65326.6200160123,106540.095671019,318463.263555646
tmp_00527,tmp,527,2,24,12,0.000889556883325259,0.00232477420689113,0.00111298155368834,1013322308.91258,1397502616.10338,9682.07102360226,2943.55162123071,1172.67537306332,38171.6565144979,63452.9718101894,220196.026983669
tmp_00528,tmp,528,2,36,9,0.000819768396272073,0.00252609844561994,0.00210103411838044,1461836690.42281,1315427148.12318,4823.62136759995,777.941212710006,114.306673181731,31602.6117785544,39512.2833609432,60440.9905234483
tmp_00529,tmp,529,2,24,9,0.000900701552709739,0.00417462996812867,0.00280997861522984,2365181993.50241,3954411135.4378,58187.2268046297,13100.463612246,2921.1963410075,42161.6373808208,75424.8355426492,289180.907971737
tmp_00530,tmp,530,2,24,9,0.000799528901801279,0.00319338766358038,0.00354543378311601,3047271530.45684,4296558867.42547,25429.0408859779,7122.08794842155,2215.24797247845,30057.7180533271,52558.8104550317,202576.627595043
tmp_00531,tmp,531,2,24,12,0.000612269921412177,0.00370164689642614,0.00394971072358589,3571023841.93032,1365147808.99683,10243.5740166302,3437.5347675635,1603.49437070829,14312.612543049,26299.0940831982,135256.638399638
tmp_00532,tmp,532,2,24,9,0.000674786124435353,0.00587375616834317,0.00286904810267087,2961783047.17105,4631211154.16399,164024.539176406,30178.0321867932,4917.73070200826,26418.3127504613,59424.1076527624,319704.805607761
tmp_00533,tmp,533,2,24,12,0.000663103787472162,0.00239650315656122,0.00347892067618966,3727731925.51591,3083118031.72035,8331.49920137803,3301.11244764356,2040.67932008138,20957.9040922886,37567.5524358041,187142.751851386
tmp_00534,tmp,534,2,36,12,0.000802239565647197,0.00446441521623456,0.00156133252647358,4467722078.00771,1102450852.87407,22676.6523563932,3276.21587270592,436.803279572027,125645.645946602,157634.953581424,240739.134721538
tmp_00535,tmp,535,2,24,12,0.000636922841676491,0.00278422482713111,0.00361822781265318,3529282601.8359,4607723358.08894,17090.9400223967,6453.01016430646,3655.65134891382,18565.7135970147,35233.4668734405,209233.983783711
tmp_00536,tmp,536,2,36,9,0.000786825148753564,0.00418974300297944,0.00243094323436926,4200814488.14569,2634610099.98618,26360.0879868389,3119.85604707736,342.505190157662,73699.6057254157,97893.1773227049,175763.592440631
tmp_00537,tmp,537,2,30,6,0.000789987449176142,0.00425737349506626,0.00254669094685856,1526005518.70699,2130500909.97565,19704.5447894912,1873.45153953183,171.899527360711,20939.6711716781,28627.8867840336,56450.6130079891
tmp_00538,tmp,538,2,24,6,0.000557015300464108,0.00564042813772373,0.0012561032567053,2096477978.17832,3787302966.34919,156018.532663786,14238.5139511835,1126.20673058791,19858.8838227544,36547.4944917252,147561.380569637
tmp_00539,tmp,539,2,36,12,0.000762600429641791,0.00268932969824287,0.00368194797902242,1707830384.5039,3004888868.54001,7000.53776199835,1718.69611571901,436.071198919711,21093.0214023534,34852.8675743787,116412.289464449
tmp_00540,tmp,540,2,24,9,0.000554062190870342,0.00296736642929079,0.00256675189933415,1202051502.57094,4749618873.72436,28998.9433843008,7768.87824361769,2244.06899780004,7344.20207905618,16031.2616744995,85621.1629657729
tmp_00541,tmp,541,2,36,12,0.000881455157397704,0.00127352797763544,0.00392383813472242,4518179778.99973,1834040982.6547,2271.49363444023,611.179797357682,176.297299906583,56289.4498698829,71266.2513514081,110718.342141395
tmp_00542,tmp,542,2,24,6,0.00053430335878369,0.00428047448914367,0.00244318387108306,1064713494.44535,3939166361.87636,58880.6901822621,7843.46608461943,833.653265025498,5726.29612878893,12694.6800307236,59969.3393357676
tmp_00543,tmp,543,2,30,12,0.000616723051475581,0.00494677393063172,0.00202658864007649,3165582329.37811,2387161216.73333,56934.0938825832,10295.4352715917,1681.44883146279,32559.2603054043,59926.164038741,253520.93005108
tmp_00544,tmp,544,2,36,12,0.000556533985897734,0.00200672058270619,0.00127810066522306,1831832652.47958,1863142966.98862,5142.7502986395,1098.18813431059,231.320393822271,23383.3896108039,36050.4965892454,96231.3129816296
tmp_00545,tmp,545,2,36,9,0.000823934136377313,0.00295704089674289,0.00291973852513129,1087354974.49021,3937365665.8333,13370.3230831453,2063.31210211113,277.298248214817,20470.699199816,31954.6557061723,89762.5382830278
tmp_00546,tmp,546,2,36,9,0.000940086423233776,0.00399080496024291,0.00120730002687448,3020670331.13101,1873967967.37446,29447.602774764,3253.82813234283,357.23644126347,160699.166057203,164983.719353193,171730.01656131
tmp_00547,tmp,547,2,36,6,0.00080774079839331,0.0031571083125122,0.00107350066173017,3163353594.2003,2961793937.61869,15510.6518922439,1446.21243338242,153.154778293253,99575.9963235342,76124.0853902706,55343.5729335224
tmp_00548,tmp,548,2,24,12,0.0007893032172337,0.00254412712325629,0.00106615675430596,3438397629.8266,4768503802.50204,41534.9037113828,11991.9297506552,4365.18905669762,98820.480273175,169939.556270398,664991.942547582
tmp_00549,tmp,549,2,30,9,0.00086689937535981,0.00252460054610671,0.00345442530350615,1882105611.54742,1158214695.25067,3823.20421687286,888.428157671235,205.711872801818,24601.1279941986,34802.5459719163,72811.3705611831
tmp_00550,tmp,550,2,30,9,0.000863492452459356,0.00593857339672281,0.00152498684186645,3149968079.94225,2129141936.40713,90598.8426210644,9684.40645665748,943.291692361128,99450.1695617399,143440.004312337,314811.017910116
tmp_00551,tmp,551,2,24,9,0.000578250274445104,0.00389427800604269,0.00313764703858659,2134250563.17128,3818579433.47297,41252.5379210435,9999.32033289625,2483.23173911982,11204.3063055135,23726.2236710632,120151.598077032
tmp_00552,tmp,552,2,36,6,0.000523217964973654,0.00444525848194436,0.00184499169618654,1333757400.04419,4195285230.93909,24952.5666550045,1515.24728197351,109.676736438822,9688.14946311289,14617.9194308981,40347.5240746533
tmp_00553,tmp,553,2,24,9,0.000790517253881006,0.00174793667081974,0.0033687338430578,4453398310.35873,3439084537.25111,6114.18065949155,2112.35404037916,921.771213094655,36355.0516212632,57558.6061615653,171949.264698465
tmp_00554,tmp,554,2,30,12,0.000655874995347873,0.00506320657591461,0.00232473795106918,1784132589.93868,4369613052.75797,97762.0245873279,18144.4931779311,3063.57209020477,22325.2274059613,48325.3744960958,273869.372481194
tmp_00555,tmp,555,2,30,6,0.000965395473638959,0.00282348980913695,0.00292625685384126,2050335940.82248,2789046802.27852,10793.6005188515,1499.03033828173,183.631453843034,39604.1425517702,47301.5661975513,66057.1727352063
tmp_00556,tmp,556,2,24,12,0.000645830980418167,0.00464413593914165,0.00133348030482303,3364552647.54706,1573433430.32905,56267.6818316541,12531.8262773602,2852.2113166045,44451.1931417388,80694.8003317923,358109.873525614
tmp_00557,tmp,557,2,30,12,0.00058005582534774,0.00523791591372335,0.00108801302912897,2280736467.74643,1502813236.86917,68739.5878208241,9833.58944235267,1179.5210211699,34702.4466196831,61440.0922895644,237143.722533345
tmp_00558,tmp,558,2,30,9,0.000728776973069326,0.00234118494128635,0.00367390023804928,4003289413.35563,2649332519.5081,6143.55622149116,1523.06684115962,384.89210125609,30912.4681577781,46400.1590896391,116415.199530856
tmp_00559,tmp,559,2,30,6,0.000896696153647275,0.00318076759542322,0.00297994362922575,3289970817.85728,1777497367.66681,9831.53275737497,1330.28662681854,158.975333258617,46693.4240432181,49718.9400738467,54911.9555323974
tmp_00560,tmp,560,2,36,9,0.000554025645147613,0.00397595415985658,0.00130807950620436,1647164988.05765,3178886088.11508,39143.7505483638,3610.2773924127,309.643211138485,21513.8347515236,34167.5094160684,102091.150934615
tmp_00561,tmp,561,2,24,9,0.000727588167277528,0.00149625938890364,0.00375645754663283,2283254097.92252,1142458418.3848,1562.47872980633,558.958045401124,260.125553315865,12241.6804528686,19064.658484415,54021.0527331875
tmp_00562,tmp,562,2,24,6,0.000647722860958863,0.0056257250399797,0.00343250249056902,3724546622.30626,2877858513.08836,66849.5446480692,8347.84945952091,851.100941276478,19255.5064894015,32987.2705610805,108005.749885995
tmp_00563,tmp,563,2,30,12,0.000933283598154241,0.00470334723390074,0.00226571523103271,1961775211.04712,3462170416.74008,66121.1957208224,12794.507579296,2319.58444044606,60283.7014634956,106540.182125342,410020.519269834
tmp_00564,tmp,564,2,36,9,0.000975489868263495,0.00568093551751099,0.00103956016955749,1511788854.66636,2215526338.75688,65346.9653354828,4989.96915951104,436.960560972194,116636.233350308,145854.185575505,228226.756455412
tmp_00565,tmp,565,2,36,12,0.000654528592308188,0.00211719221555882,0.00323024746072909,4439574624.16543,2126673499.1749,3651.37813032677,959.913672334985,272.548336884609,34910.0348329159,52319.0390314761,129757.739262609
tmp_00566,tmp,566,2,36,6,0.000759288682555854,0.00568526480723806,0.00205947808162161,1292201443.25793,2224656557.01342,19291.6189663301,1187.29376320154,97.7148215330431,23148.3753125507,29167.0663578933,48154.1658008882
tmp_00567,tmp,567,2,30,6,0.000598435558338395,0.00201997336448523,0.00240255024578095,1200599236.90864,1714046010.5514,3015.19443229996,467.123593929342,66.0899576218869,7364.53309350012,10147.3799073758,20467.2882536943
tmp_00568,tmp,568,2,30,12,0.000824428695589437,0.00432366571484232,0.00204298797591438,4110281569.36746,1459057677.51251,26105.0166090794,5213.81759529343,1009.26794303466,84976.7223002531,130205.202820323,333418.818853512
tmp_00569,tmp,569,2,36,6,0.000624946206264219,0.00151658592276764,0.00121262205312742,2106439734.97948,3064108527.12652,3903.37098455414,483.510884034064,58.4816934838158,28906.0602199761,27367.5753076055,25210.4228603857
tmp_00570,tmp,570,2,30,6,0.000574974800432316,0.00152788900605484,0.00256523019379752,3913283385.02412,1156365040.16926,1778.80296085069,320.086344228888,52.4903145539888,15028.4727234487,16068.9766475577,17491.0993657824
tmp_00571,tmp,571,2,36,6,0.000743618912814209,0.0019007152564436,0.00277764018966172,4899863902.11939,1926117906.45769,3537.6734384564,478.001864022728,59.3033410571698,40684.5865020056,30991.555792794,21881.6558172439
tmp_00572,tmp,572,2,36,12,0.000896111400647265,0.00398406831368026,0.00157645109773929,2353931983.96394,1807851979.20632,25974.2657117557,3910.70670015753,533.344248040247,96695.3379029404,135920.9033742,276273.447322585
tmp_00573,tmp,573,2,30,9,0.000706197625202492,0.00105380131904883,0.00156253935137621,3483305157.67301,3988338337.36217,4167.22735662247,1101.34194603581,304.551852938817,48448.2447195507,65341.5422550201,120111.490301246
tmp_00574,tmp,574,2,36,12,0.000922540799977195,0.00598504673372774,0.00381405221299787,1245482589.78737,2568424413.56202,47940.456651047,7084.8054363946,899.294906250206,28114.0351623046,49739.2876170624,189653.953942648
tmp_00575,tmp,575,2,30,9,0.000788747101356543,0.00352306788553253,0.00202012117762955,4646231519.12297,2419914793.60047,25410.2249927354,4262.90302518245,643.745212385636,80845.8605560504,112992.569791357,226412.208524014
tmp_00576,tmp,576,2,30,6,0.000695824868612026,0.00121288523206704,0.00349987749859547,3898818004.99205,2923527054.62762,2172.68404294344,448.468725062549,83.5422316322551,19527.1051304534,23102.6913671596,30936.9186459246
tmp_00577,tmp,577,2,30,12,0.000647640558714677,0.00391543901625996,0.0022381944180192,3433690278.86603,2877222132.31019,33751.7915596302,7272.84009717502,1556.18660790442,36106.5085658994,64069.8928510328,252201.974277822
tmp_00578,tmp,578,2,24,6,0.000987077473203816,0.00506107038650039,0.00221363811354343,1954971535.10354,4861701988.75914,119521.42052727,14006.4387089194,1373.18746439697,51510.0339717002,81629.6118702621,224741.12294597
tmp_00579,tmp,579,2,30,12,0.000721040323232007,0.0018674785003829,0.00309431162418313,4527351146.6039,2610494323.8318,4297.99288071424,1433.15059636097,609.728596830693,40692.1750476418,64566.9825491549,191789.470515928
tmp_00580,tmp,580,2,36,12,0.000571930550697448,0.001010707514339,0.00110239253070613,1663102341.82799,1567580500.658,1360.95638304092,368.503241652315,110.272941761016,23316.5780916455,32186.7689782538,62439.1722935154
tmp_00581,tmp,581,2,30,12,0.000596512990784398,0.00554548949891183,0.00333776393516407,3591696965.28603,4742204874.55878,99604.0614894965,19553.5193678533,3595.47964048272,23910.625724916,52104.3065506203,296777.933447218
tmp_00582,tmp,582,2,30,6,0.000957231877254268,0.00216323815840858,0.00293816996397818,2807049440.13249,2990736274.90033,7545.86427112442,1229.86538403286,170.153463162824,47497.7831489145,52367.1342497179,61013.3291311125
tmp_00583,tmp,583,2,36,6,0.000509490166372676,0.00145157168840149,0.00256182747103674,1310903543.49781,3502895362.51957,1796.43520103434,260.914704812113,39.4510505677644,5683.54169218016,7737.79478347646,15461.533785592
tmp_00584,tmp,584,2,24,12,0.000865722903902701,0.00417393021493482,0.00182498688429922,2453636436.9308,3049205212.39501,61995.8912868346,15909.4635776317,4686.54365717339,58325.4311431818,107065.432435743,505306.403837123
tmp_00585,tmp,585,2,24,9,0.000932026954509661,0.00244041419110351,0.00172755077595495,1745388090.75838,4424161215.28841,24609.2413651891,6526.20959203472,1881.12078851521,50785.2639568616,83797.6648964404,271496.490290497
tmp_00586,tmp,586,2,24,9,0.000814120333634486,0.00540615488987691,0.0036212273769992,3290203787.91533,3421074739.6373,80684.988136481,16783.7164430428,3305.62748500561,35351.3449394636,66680.1896854011,280027.385190611
tmp_00587,tmp,587,2,36,6,0.00091468524185788,0.00492897620880383,0.00217365279736231,2639883072.57713,3851567262.90265,28057.35211146,2039.22550826419,186.663242853787,72505.9119181635,78027.8115717486,91037.2632220984
tmp_00588,tmp,588,2,36,12,0.00060812491914353,0.0010804925926757,0.00104218880167928,3693126808.57501,2961015868.68548,3494.31386151826,891.086324322475,240.036338659124,63804.3037813556,83856.7479286853,142512.633947067
tmp_00589,tmp,589,2,24,12,0.000578224454357368,0.0044203562607964,0.001145197981584,4347451732.42328,2168810836.19855,76946.7731380412,16883.0782232927,3733.82313764757,48925.1589965659,90802.9233829515,428873.81338417
tmp_00590,tmp,590,2,24,6,0.000853923824491765,0.00525947366854602,0.00330198455991038,4573245679.06075,2802205291.151,59257.8575563621,7843.29651345714,874.528506283986,49183.5197760611,72580.9232860289,167444.841226596
tmp_00591,tmp,591,2,24,9,0.000911475636796104,0.00103874245581582,0.00170260256613557,1316610462.76299,4934572364.21577,4476.7392709989,1610.00050648097,754.997100935723,31542.4548886667,49701.029757563,147169.765061701
tmp_00592,tmp,592,2,30,6,0.000937295600952541,0.0016021945772576,0.00168446696423246,1695500312.70399,1351832755.06274,3902.39111890732,616.585936006718,81.71176300715,37113.4357429623,31497.7826792659,24561.0814211618
tmp_00593,tmp,593,2,30,6,0.000571844972537609,0.00275626910464213,0.00299786747444298,3209956386.21929,3624485591.47793,11086.0847534041,1477.2360978784,169.690068921708,14553.0864266511,21094.7060952028,48534.9127776257
tmp_00594,tmp,594,2,24,6,0.000892949954104161,0.00277022649143132,0.00279823426051451,4477331407.6734,3009040934.69772,17632.1474905439,3344.77756697197,560.838411827071,56089.1086556143,73953.0778561137,128761.522690673
tmp_00595,tmp,595,2,24,6,0.000584433545168354,0.00384294289116743,0.00228147221258356,1125739953.91302,4893725645.83702,59262.4091245582,8289.9008522014,929.502750114415,7897.72731196633,16222.8427655813,69604.3368908797
tmp_00596,tmp,596,2,30,12,0.000550557824869305,0.0056317162951701,0.00207303238268311,2788232691.60375,4284086953.54843,140114.978706725,23433.7570677135,3397.82609184409,23484.5410788496,52810.4911916542,320388.537484407
tmp_00597,tmp,597,2,36,12,0.000797693143565789,0.00294365032204568,0.00390177397548745,2934947585.70221,2195116166.56136,6728.18290497893,1586.5605569461,383.370020627452,36244.450729631,56315.0226731112,155124.876838952
tmp_00598,tmp,598,2,36,9,0.000647640944002009,0.00550472577451981,0.00175770865883635,3864247185.21667,4655737939.51708,97406.1785356803,8022.53977086259,650.265949601898,58324.401091689,89791.5267395618,247123.584135886
tmp_00599,tmp,599,2,36,9,0.000640831624679384,0.00304647307287372,0.00248329435376389,4466195643.54743,2705640463.93917,12236.3763789953,1798.59916660451,236.764009167528,41977.7831137512,58085.1003682204,116034.122549475
tmp_00600,tmp,600,2,36,12,0.000562750711934227,0.00563452075038526,0.00353357545629928,3703177745.42088,2149673520.66801,36409.3313659227,5462.61239164713,705.485477340984,20657.7629192932,36788.0696267945,142320.444092908
tmp_00601,tmp,601,2,24,9,0.000908163725226494,0.00590529988438439,0.00272286572584584,4843639317.81079,3090518627.49065,119268.55095734,21670.908295283,3511.7946220711,85562.9737343319,146492.885221363,492798.60455919
tmp_00602,tmp,602,2,36,6,0.000588708829575077,0.00250101343246585,0.00204296555651473,4739616425.5605,1276793447.60129,3710.64079707135,426.248151644606,51.514388089772,30010.3087731482,24386.9876296589,18655.4936136433
tmp_00603,tmp,603,2,24,12,0.000846688282117779,0.00599599339207685,0.00359575767642067,1171824889.47351,1901797459.11667,56697.9137166321,14370.7019896066,4124.18846539864,15613.9373283896,34493.2423382721,242523.410052127
tmp_00604,tmp,604,2,36,12,0.000565216995429365,0.00246138556553038,0.00187370030806783,3744266189.25203,2611802376.89651,8865.3397241374,1877.5245957868,389.156583478629,34658.5084424509,54254.0947706864,151546.693085449
tmp_00605,tmp,605,2,30,9,0.00057959044682941,0.00366780293726343,0.00133989741744992,4902790676.32224,2586240844.0647,38431.1947539271,5388.22354884286,658.50354739383,54317.2663806637,81636.5384568666,199150.519853186
tmp_00606,tmp,606,2,36,9,0.000878139704139865,0.00100288842760857,0.00357913058470598,2161346499.48098,1345540055.04148,1263.22265603464,269.749575049715,55.5771746427233,24190.5289657102,26356.8595160774,29683.0279122108
tmp_00607,tmp,607,2,36,12,0.000676603722137584,0.00220428544998344,0.00132209852987396,3120256627.6887,1179371351.65307,5336.5851185216,1090.67573607024,215.779412081541,60687.8618660348,77575.7706518347,123031.001234827
tmp_00608,tmp,608,2,30,12,0.000690948457556305,0.00440610362880603,0.00172598519856624,3080203346.20066,1121067268.84247,23387.5046813822,4368.86334242034,761.32765943039,46057.7364386578,73902.3780071299,216332.71254195
tmp_00609,tmp,609,2,36,6,0.000895506932362687,0.0051186182610231,0.00132287122811737,1953615281.88262,2635023350.36546,23364.4017126817,1690.09296591665,161.595558545947,78418.1889821326,74773.8559712152,71588.0266503204
tmp_00610,tmp,610,2,30,6,0.000957522750107588,0.00449117093804105,0.00111107161891829,3895444126.03872,2686803873.33118,45663.6300162985,4415.6824396155,456.717609326338,174071.822478796,154357.274252981,131826.641282051
tmp_00611,tmp,611,2,30,6,0.00056239472181697,0.00427520246547813,0.00225426034290742,2906287544.17012,1478111330.64751,14749.722891235,1354.38309243503,123.735154139265,16133.1252333013,21717.5613391974,41220.5405160614
tmp_00612,tmp,612,2,36,6,0.000553905022887478,0.00442880909221245,0.00365093850531349,4769535385.72417,1756231926.55293,8680.90618751081,696.730579679162,66.6320049626983,18121.5425800226,21853.8585439125,32261.5342450201
tmp_00613,tmp,613,2,30,9,0.000736852382541227,0.00500366636466501,0.00344950051049231,4138628193.1716,3064816502.32972,46879.8845886625,7219.36197427229,957.607681690038,39689.6197645795,65240.5255052745,201850.722620206
tmp_00614,tmp,614,2,36,9,0.000920384251567817,0.00516498170270962,0.00252283168485977,4229759852.72589,4164427276.01196,64115.1997659114,6526.91338800372,636.227288895092,117263.639101295,160784.376713254,315348.863657758
tmp_00615,tmp,615,2,36,6,0.000853175619822026,0.00418399044942117,0.00214480963276488,3497630227.19589,4232763907.5416,24320.5199998014,1933.26899905419,183.580512331562,77294.4699042272,80385.5174369436,87918.1774438896
tmp_00616,tmp,616,2,36,12,0.00068024238530321,0.004997302529706,0.00350885052407317,1550239200.52869,4645255618.35774,57098.1888493522,9262.23967342136,1307.70158957109,17382.6496308724,34269.8840777344,159759.198926309
tmp_00617,tmp,617,2,24,6,0.000674728320513342,0.00418319120817906,0.00139819097036971,2444829364.95946,3271500332.09411,70003.7569530292,8024.8188770954,776.037960507668,32167.3742896681,50187.4216891753,133174.175138856
tmp_00618,tmp,618,2,24,6,0.000845334125804465,0.00553658036343691,0.00106218624238464,3065082459.28298,1306081317.34221,61091.077171378,6256.80408924303,615.308335459809,88075.3830856313,103360.338505761,139202.789159723
tmp_00619,tmp,619,2,36,6,0.000921358041018535,0.00431228712969074,0.00361292073443003,2966425988.10889,1831834985.40037,9725.22307740231,912.424071598585,94.6382898483726,46292.3498622839,44286.3439693982,42126.9488113225
tmp_00620,tmp,620,2,30,12,0.000551828206057553,0.00236843302754281,0.00345988135456765,3277221088.47681,1598649951.82167,3527.00566525143,1129.92497462842,447.081970563966,13245.7628825786,22461.6031637878,83954.0116555507
tmp_00621,tmp,621,2,30,9,0.000742627894754399,0.00567177945302299,0.00299106309104916,4241042990.69046,1124772137.87203,27448.9385943663,3782.74162004296,457.3478549568,43560.5065939762,63969.254783677,146538.365446541
tmp_00622,tmp,622,2,36,12,0.000565882919519712,0.00333019750569487,0.00367431936193078,1447322922.54018,4793001067.02345,18781.3595563069,4051.41225929401,843.831613780167,9113.58814960161,17616.8956115257,79319.9529741454
tmp_00623,tmp,623,2,36,6,0.00084918507152836,0.0039597888274313,0.00338364493654652,4727610288.1815,3788216369.7385,16881.4543716216,1545.38378049351,153.756510469197,64638.9432730799,67631.6121636996,74299.3893501634
tmp_00624,tmp,624,2,36,12,0.000975904131695626,0.0053570202350566,0.00149159441691839,1482160335.54032,4611604389.87676,133976.482561969,15446.3150403102,1540.46701633521,93751.5428468204,155004.330069051,501226.587435976
tmp_00625,tmp,625,2,36,6,0.000773438720775706,0.0057145275561609,0.00232834878237637,4936914289.52247,4524424005.66449,39610.5775287308,2660.62173821565,232.235175390479,78727.0487060108,89436.005480534,116196.006104736
tmp_00626,tmp,626,2,36,6,0.000717602703971346,0.00332146786518266,0.0018552116026052,4192923553.12077,1433958750.08524,7133.02078594417,726.706258566104,80.6388722124908,52288.4030186921,39586.4187641492,28396.5175819357
tmp_00627,tmp,627,2,24,9,0.000632209915341503,0.00171683241281575,0.00329698153817983,3109419881.44383,4116669144.2127,5497.44301375975,1993.38136999213,930.717606664736,15448.4497271151,25949.0595220171,97479.4020599691
tmp_00628,tmp,628,2,30,9,0.000862726542855056,0.00569918337778102,0.00152159101963433,1920156470.38759,2657101653.68193,101252.74543407,10837.5568229969,1021.97314056295,64281.3334649494,100918.729699194,279484.575066056
tmp_00629,tmp,629,2,24,9,0.000649788337281185,0.00110526652770606,0.00363550529899324,1695537117.60353,2565384900.9577,1340.13984936208,539.271208081361,314.303755130653,7534.65677535316,12330.4203595602,43858.5886352429
tmp_00630,tmp,630,2,36,6,0.000660795374918455,0.00510578661491601,0.00364671271563572,3256027139.74495,3932892135.07246,24080.5988808966,1668.89102707749,134.224461395483,22506.675508359,30707.8452645873,62123.9271353727
tmp_00631,tmp,631,2,30,9,0.000662258118467448,0.00194650321292625,0.00316637321137302,3812427344.11529,2023388255.84192,3645.2611421491,939.994830452968,252.285382982832,24621.5535789822,36025.7349657507,83880.0144179339
tmp_00632,tmp,632,2,24,6,0.000541112199476091,0.00323291757536568,0.0036320007890366,4865052823.95727,3501448550.9728,19562.2132447101,3595.16719290563,566.191632428139,13459.8206945767,22043.7062254054,66736.9770049748
tmp_00633,tmp,633,2,30,9,0.000600817850616606,0.00176575052255439,0.00241509984065349,3721973369.92237,4804788931.00115,6871.36994021756,1785.8017819226,480.038374781261,25887.9683046047,40540.8803988297,116667.518784152
tmp_00634,tmp,634,2,36,9,0.000567952154571312,0.00392575290459064,0.00141544406581433,4576931594.76038,4107137410.4552,47816.6804426772,4690.27909535973,433.749796345328,55413.0268086567,81035.9355412492,190277.0829303
tmp_00635,tmp,635,2,30,12,0.000813904922153071,0.00521333419207929,0.00288677956202631,1348835900.16717,2641651920.7712,53458.6457852476,10433.5161754017,1906.18246280392,23730.152210993,45988.8681259114,217469.159719667
tmp_00636,tmp,636,2,24,12,0.000522789755244241,0.00346892547861353,0.00170693084524751,3793642043.89358,1148592501.10803,15043.2372016333,4186.41165480663,1426.01624288555,20819.5535852172,37328.83849662,167241.817596241
tmp_00637,tmp,637,2,36,9,0.000754252634631471,0.00581593138126533,0.00208291354342216,2284003085.01577,3454083919.06311,73995.9964476016,6216.25000645657,509.866374879582,45914.8654718601,70640.3529125792,193729.475126155
tmp_00638,tmp,638,2,24,12,0.0009560768931926,0.0027352698924746,0.00386441640819029,3467219757.41993,4817289422.92943,17232.2058509352,6580.9517585417,3819.52046085588,51060.7223378795,90235.3036708914,420074.055089842
tmp_00639,tmp,639,2,24,12,0.000505037839279524,0.00262855921876216,0.00185733599240377,3356580031.14261,3837559855.21741,21322.8353577287,7045.21570709012,3198.21739977466,17168.8959179536,33205.3332039473,196676.982599645
tmp_00640,tmp,640,2,24,9,0.000740450520449816,0.00134386871502435,0.00146313240248014,2767335394.10675,4089844060.29118,7108.5229727821,2310.72831126116,914.523626946628,42146.2584150576,65642.1614428109,183491.422172574
tmp_00641,tmp,641,2,36,12,0.000703030572661989,0.00598570293178201,0.0010808591388996,4011552925.86157,1307104815.15631,62565.9148171266,6281.16359590577,607.115988387384,116495.907317634,161196.874078177,316537.845213882
tmp_00642,tmp,642,2,30,9,0.000971755065985069,0.00121377236686521,0.00325745971330936,2881854742.64727,4832082604.91956,4259.85795071429,1218.2223485492,381.642441029437,50470.1426990533,70742.4754162333,146122.155037146
tmp_00643,tmp,643,2,30,9,0.000875951272051204,0.00167271116625141,0.00280494609735848,1559352965.96779,3747737337.19478,4664.37204660435,1268.95336565276,367.034154960055,27320.8024901226,41393.2350967121,108055.918229304
tmp_00644,tmp,644,2,36,6,0.000886153201813134,0.00481870509645398,0.0027279071574759,4412641240.94504,3638677080.93527,24675.587441798,1981.0026512167,190.053696629481,84721.7660492345,85625.858418419,89214.8837019227
tmp_00645,tmp,645,2,30,6,0.000816560868597606,0.00343120863624519,0.00118969308791022,1322635653.3796,2507799192.83819,22953.3774291465,2108.1009897832,199.267691842922,40152.0661736297,48469.0523627653,70499.1434791492
tmp_00646,tmp,646,2,30,6,0.000697838968769632,0.00413436566046203,0.00176175396078521,1998375647.90549,4253525859.05066,43960.2634676071,3711.70675854273,308.752240549986,28379.3435986424,40928.300682389,93347.0606873002
tmp_00647,tmp,647,2,24,9,0.00056562614376264,0.00474615347084286,0.0010403230556156,4470989186.1586,3076722618.0918,142630.498374297,21973.8290137218,2824.86641444686,52094.9794851411,93980.2007965933,357528.436342882
tmp_00648,tmp,648,2,30,9,0.000785461186570634,0.00221153132492065,0.00264385936390657,2486858940.41303,1052414745.70156,3560.4363737336,812.140385251259,182.375101889837,29820.5575336597,39675.3840089412,69884.3025555288
tmp_00649,tmp,649,2,24,12,0.000733934849759875,0.00333243887232289,0.00361186612026603,1770062480.27857,4676853007.04284,27739.8969848368,9631.79347064713,4739.36439262324,15418.7275965347,31431.4652000433,214819.155575716
tmp_00650,tmp,650,2,30,9,0.000789719721244459,0.00466004296358471,0.00220910444535977,2792829640.16426,1393710381.9232,26295.6577282536,3743.2795869684,468.563593420522,46421.765874626,67711.1200449099,152258.059634192
tmp_00651,tmp,651,2,24,9,0.000843217915913905,0.00495311190259173,0.00368221634579857,4007856642.6345,4371692181.10617,80592.8133787447,17759.4461902778,3825.72422756074,46042.6626423208,84537.7636678313,340550.090170927
tmp_00652,tmp,652,2,30,12,0.000546330831620518,0.00267605972973777,0.00149406455029442,1867406032.68113,3073560989.41899,17965.9937329812,4305.16865038004,1086.08016894236,18332.3187772855,33265.6171552499,140785.749043593
tmp_00653,tmp,653,2,30,9,0.000906599596462319,0.00250846762720179,0.00219108038986619,1350857676.91672,2876235163.80696,11223.1746829744,2341.94922322656,464.307493273636,34670.417549381,52586.4640441918,133832.822552936
tmp_00654,tmp,654,2,36,6,0.000986122960368258,0.00123492237808965,0.00188447723031697,3414882479.97335,3292641945.36833,4965.184544648,646.606080271229,76.0115468675679,71588.4205113534,43423.1091963947,25553.0545722214
tmp_00655,tmp,655,2,36,6,0.000923626668462387,0.0027642747121654,0.00236118737057654,1472702345.37658,2770280352.70911,7536.47332476338,776.149866086465,83.2133184518674,36195.4339800809,37028.0675545036,38956.6088253522
tmp_00656,tmp,656,2,36,6,0.000719437374930635,0.00187905595806254,0.00166270493459013,1647594653.41985,3082957087.17883,4687.30890119163,546.165608267703,63.5834806337029,26797.8378671644,27678.1193898059,29399.9911990161
tmp_00657,tmp,657,2,36,6,0.000983277546972462,0.00192457742917447,0.00390742888769979,2827423228.1526,2219110624.45248,3402.42213124407,485.793669345911,61.6629515234439,39696.4101158253,32679.5794541644,24875.5326482152
tmp_00658,tmp,658,2,24,9,0.000824449202947004,0.001315464647521,0.00117215072405331,2575974088.61243,2106194324.85116,6207.74161155794,1793.56536399012,588.173208095359,57879.0074974319,80170.6531423167,155133.898788403
tmp_00659,tmp,659,2,36,12,0.000501582291791295,0.00288256561527949,0.00324518401512028,1509572893.95907,2745663084.95535,8134.55802626255,1848.60166439897,416.131646294427,6947.70484773166,12610.832231792,51802.8890053841
tmp_00660,tmp,660,2,36,9,0.000684343723946926,0.00465603510464388,0.00260632740453595,2945804936.12859,2204966341.55559,25626.727062454,2767.144452313,273.844760052948,33912.2736478639,49811.1360540042,118041.616277078
tmp_00661,tmp,661,2,24,12,0.000811911965553211,0.00106158079228003,0.00380069878978259,2424533158.15378,4479126074.34875,2082.14445354423,999.719802251423,959.614139531831,19781.0558114586,34090.3619434454,146531.97083427
tmp_00662,tmp,662,2,36,12,0.000790844505702216,0.00572819386181987,0.00382030427438182,3531386808.28918,2460071079.22093,41432.4727478975,6353.54486050056,851.009998544156,46726.0732512759,77669.4721069944,252712.00554324
tmp_00663,tmp,663,2,36,6,0.00080662758717224,0.00533667154281457,0.00320788844869435,3295574213.89319,1402846852.88929,10792.5490893514,875.591094573864,87.3416885354248,39988.7200230356,39262.7053884948,39140.252869274
tmp_00664,tmp,664,2,30,9,0.000823519270816986,0.0055134599043896,0.00345766095181393,2656007894.16365,1305924190.82184,26141.2765079008,3811.78267726433,482.764193969209,33356.0412112301,51438.1979532775,134558.305631147
tmp_00665,tmp,665,2,36,6,0.000811092060230904,0.0036364686467278,0.00283486920347793,4457035988.15891,3514455071.46757,14695.9412019691,1370.13399300937,138.346596918188,62222.6041710237,62942.1193484417,65252.1772355635
tmp_00666,tmp,666,2,24,12,0.000603647616885901,0.00478221300312698,0.00116094327590219,3626715506.65715,4651683784.2547,199620.284732629,42055.9479371725,8601.21632259776,50654.061014688,107312.339744601,687825.999760752
tmp_00667,tmp,667,2,30,6,0.000811404498507688,0.00489411763023844,0.00334260773623011,3482601981.79384,4621648720.10803,48754.1885742601,4554.73162635342,403.536341243845,40428.1141957642,57397.8025026999,124921.095931423
tmp_00668,tmp,668,2,30,12,0.000768196876928165,0.00291560345002488,0.00361624637008969,2112004372.93382,4176725670.59023,14524.956789651,4261.89047656752,1467.5721740112,23799.6376304073,42407.1684547598,180055.543495189
tmp_00669,tmp,669,2,36,6,0.000926928381791648,0.00558259554927123,0.00101112960383925,1867246049.97783,1471628939.70543,16712.7606390871,1370.92018882911,145.144871848175,94324.1508159617,69534.0047365862,49231.2053952451
tmp_00670,tmp,670,2,30,6,0.000719517742495258,0.00113908605855786,0.00334426743314843,2233802527.33744,1667131071.59337,1270.62780541449,259.942711669574,50.3554336805034,12296.567593539,14095.6888140832,17502.1844318171
tmp_00671,tmp,671,2,30,12,0.000984728580880037,0.00364429551362357,0.00107586503187087,1362838611.64272,4452411711.64291,81237.5702009904,14670.1695214901,2413.83321867429,98645.5462251318,166194.973526106,559384.286667278
tmp_00672,tmp,672,2,30,12,0.00087324457147369,0.0050407861372388,0.00317207379358005,3354128867.68118,2090497036.50465,36763.1263352836,7573.0820357048,1518.14633386474,57722.6180174461,97536.7853996097,334518.864141358
tmp_00673,tmp,673,2,36,12,0.000716093542227413,0.00263955478291874,0.0024257174998137,1865716127.84114,4648459211.66959,14416.6764184359,3161.01713470197,680.716903172021,29437.6621670605,49331.977117978,168563.651901673
tmp_00674,tmp,674,2,36,6,0.000609914525048067,0.00337852500884446,0.00146151618090998,4271652735.21461,3016099687.55542,13992.7967930935,1146.94476329796,112.284274006134,49755.8229609032,50173.1046766037,52107.8975978974
tmp_00675,tmp,675,2,36,6,0.000849340336569515,0.00526329045631688,0.00277949757621652,3337437909.65797,1733204433.58224,13749.6071016902,1112.37180333366,110.260006249079,53790.0359344662,51183.0906944132,48656.923403394
tmp_00676,tmp,676,2,24,9,0.000810703403153275,0.00521311029059909,0.00333531510526324,4254228988.9931,3354028723.83619,77531.0183553863,16095.5286897828,3167.78016724917,46607.0426494591,84102.0482974507,323845.586564536
tmp_00677,tmp,677,2,36,9,0.000982268677111201,0.00189822647666638,0.0013714348019266,4438248838.76611,3005882732.3953,13621.945862735,2242.53370307113,311.922411254278,198464.858484175,174958.453792768,143909.92246831
tmp_00678,tmp,678,2,36,9,0.000720457726038204,0.00585103549956663,0.00157054969661406,2134817967.35165,2615510035.22141,65743.6869263317,5092.84278157756,408.103288198864,48194.8099427847,71353.0285203025,175703.531973125
tmp_00679,tmp,679,2,36,12,0.000537793259808178,0.00373359368067168,0.00265180995925348,4153957046.18375,2141775791.959,15716.9823174423,2844.77666330443,470.796889931818,24920.1316761828,41345.4985840613,134734.591865498
tmp_00680,tmp,680,2,24,9,0.000862790722630788,0.00354548679195624,0.00374174800229775,3409545632.8,2658211487.78502,20674.966410427,5530.16258564783,1612.31828061513,37150.7712345863,62208.5541589967,210715.70730628
tmp_00681,tmp,681,2,36,9,0.000755125688420726,0.00430204473312783,0.00395808245335756,2582166812.19234,1250723461.63712,9262.77007657409,1254.19421058318,153.351084275093,25235.2503634174,35344.4786840553,73074.1634429027
tmp_00682,tmp,682,2,24,12,0.000764947309279545,0.00429106866728782,0.00272721600164225,4477870477.72167,4809402038.0313,73442.6735231428,20701.9495619072,7191.58395728054,52313.2787503084,100643.43809958,555101.797068496
tmp_00683,tmp,683,2,36,9,0.00081327297624212,0.00447389766902712,0.00105749179006406,1453019597.17826,3675147723.54704,66585.0938947017,5467.2240369806,460.625933553216,68294.8081324277,97433.6643348085,214967.885345954
tmp_00684,tmp,684,2,24,9,0.000812424090676175,0.00188319252486998,0.00301173603431319,4893912029.67756,4263561952.50748,9397.39516885488,3120.84513882513,1275.37482651533,49317.3379022713,78199.2898405632,233199.526612399
tmp_00685,tmp,685,2,36,6,0.000815319102281685,0.00121158998382297,0.00275838062279342,4822984763.36135,1434628662.75934,2177.34980559611,278.84884727462,37.9489065333705,32869.3268301557,19203.5937148946,11038.8266828912
tmp_00686,tmp,686,2,24,6,0.000951238149282643,0.00138994601721285,0.00112114662355327,1436208694.37432,3145997626.53319,8783.29812671743,1814.63372204918,333.635125285321,47295.7996384636,57418.5280443596,81047.4663755559
tmp_00687,tmp,687,2,36,6,0.000652028028125303,0.00394653127423133,0.0039242914444143,4105537169.57751,4477294560.13557,16684.4746469406,1396.0524752583,124.468065317889,24715.9392321105,32603.4921036995,59845.6127045051
tmp_00688,tmp,688,2,30,9,0.000502694561807185,0.00283112318708246,0.00299744350657106,3052027741.49563,1788622478.02243,6852.60094115599,1459.86604559912,294.926553321422,10740.4332711313,17582.1770923357,55470.3226979546
tmp_00689,tmp,689,2,30,9,0.000634485349756706,0.00437008667527481,0.0027275653239078,4321885056.25734,3399446448.24368,43963.2790932722,6843.32622175018,917.040998313398,33959.3470757126,56536.3565485422,180530.270818991
tmp_00690,tmp,690,2,36,9,0.000533579191548964,0.00517229476621262,0.00239275411966788,4755826323.3632,3670211500.39448,56022.9334012513,5306.6167013333,461.377680624755,30505.2707162829,48720.056012137,147614.825928816
tmp_00691,tmp,691,2,24,6,0.00051016079144425,0.00286506375106169,0.00149472769195556,1235027585.82102,1704796022.5425,14001.2222115083,2085.58449481843,256.628149758818,6917.96121434162,11368.5155545517,34011.4304000479
tmp_00692,tmp,692,2,24,12,0.000702625080248755,0.00180859195498776,0.00119900715035304,4491698033.15113,4818321606.84179,16329.9632912997,5694.84073424463,2848.78885812976,77989.1704683251,131600.717510837,493501.387999614
tmp_00693,tmp,693,2,36,6,0.000964357837348229,0.00292563908165227,0.0034576637928521,1861982709.64807,4193833925.60353,9856.92290129909,1043.55806306452,110.105790019753,37531.0228245479,42850.6037481965,55353.5702602415
tmp_00694,tmp,694,2,36,9,0.000624428908979569,0.00286729184993863,0.00128006973034297,4624911669.42164,3885127450.867,24741.9526355917,3059.43215932846,347.804976305295,76629.7788256457,101294.57934041,179395.934582279
tmp_00695,tmp,695,2,24,12,0.000579293118531425,0.00119592476459361,0.00278251914277329,1214818663.52614,4588805920.06544,2463.51235391966,1168.64893875409,1075.43983596273,6024.82341830732,11035.9226372843,63188.1431690495
tmp_00696,tmp,696,2,24,6,0.000860649557164019,0.00503293835344721,0.00219315678071544,4110671157.8495,4305001252.85583,106732.969781595,12698.3633602003,1283.69675155967,68994.0325177559,102853.388951801,243418.529303981
tmp_00697,tmp,697,2,36,12,0.000581349581173033,0.00337737053415001,0.00369013895882616,4884158707.26713,3304533533.60513,13947.0926611553,2989.44267443515,623.439916304302,27104.5354803511,45453.4068813691,155110.306526294
tmp_00698,tmp,698,2,24,9,0.000572667455737251,0.00104898345829608,0.00366077492531181,4158135152.34938,4975352398.58547,2272.70045447638,923.707121782393,552.384320760005,12612.3186070523,20670.7941393688,74635.8819081187
tmp_00699,tmp,699,2,30,9,0.000905444203539656,0.00577211877379713,0.00168433885678073,1010232208.35796,3326286662.35347,120581.648693382,13041.6817453636,1207.89951450798,38543.5623190435,66492.9431978085,237143.567281868
tmp_00700,tmp,700,2,30,12,0.000898019691927089,0.00584967931555523,0.00274488801737828,3083180413.58318,3906709408.1853,113394.403303257,20312.1703021214,3274.67626233537,71242.5701533618,129316.504904375,529396.291300709
tmp_00701,tmp,701,2,36,9,0.000834706188611593,0.0013673970009777,0.00107545624520199,2029679135.21067,3122106735.63947,6116.47427757949,1117.6391596986,179.156341627836,79466.7408553404,85601.7372406119,94808.184716488
tmp_00702,tmp,702,2,24,9,0.000738904426876245,0.00586846162222919,0.00274360165643847,3035851021.79832,4144676922.79034,152531.296803176,27707.5597582979,4438.63668325504,34328.3251099397,70733.2968339539,340874.793336693
tmp_00703,tmp,703,2,30,12,0.000879372721901816,0.00167199053315204,0.00217180802220191,4349089377.91599,2381900173.47645,5738.36303613759,1724.26924254746,622.032163908978,89377.7163599885,126956.113166008,262267.045037089
tmp_00704,tmp,704,2,24,9,0.000698791058433131,0.0058292982363508,0.00186161540720913,1588905221.59858,3230595440.30646,159198.017279773,25738.7350874661,3491.62616226489,23239.7592722152,51094.6613385458,273964.25223699
tmp_00705,tmp,705,2,36,6,0.000949466127125288,0.00274225661968965,0.0018012678203464,4219035533.87049,4239814119.44486,15637.0009857036,1701.5772714886,184.191457379541,124433.328832681,95355.7709772428,68771.2061847292
tmp_00706,tmp,706,2,24,12,0.000688631848484899,0.00551888069393445,0.0034613629862551,2836531212.88358,4203246689.43912,102845.748838712,26994.7890669022,8248.35243222256,22516.2011859246,53239.4323388655,415999.841184219
tmp_00707,tmp,707,2,36,12,0.000873424638643298,0.00275208796107857,0.00233404223194186,3102345568.04219,4483690583.53418,17543.2507605222,3712.72218825822,769.970986055422,83226.6091556023,127289.96439127,331650.11897587
tmp_00708,tmp,708,2,24,12,0.00095289942707469,0.00231899161120507,0.00201195296410375,3592712691.76676,3545681815.97108,15783.2090711048,5491.08332315585,2739.0798006357,90423.6709097555,150302.335102685,528470.358955343
tmp_00709,tmp,709,2,24,12,0.000757894727091165,0.00369590974256501,0.00385936616083135,1722477843.55885,3256527735.316,24229.3650865619,8115.38930778414,3765.03731405979,14984.406463337,29986.1174038562,193753.593976031
tmp_00710,tmp,710,2,36,6,0.00050014105746692,0.00382707613503025,0.0012256162968981,3671785320.05323,4053241305.80228,22322.2488865664,1456.73148614901,122.113079450674,31271.8014062385,38711.7677860597,61035.3884274979
tmp_00711,tmp,711,2,30,6,0.000999599427249855,0.0033233091814899,0.00200096588276076,2545101156.06616,4112832138.53221,28328.3333664866,3198.68161687852,339.614746935786,80538.4693209148,92690.1577856455,120353.797587328
tmp_00712,tmp,712,2,30,12,0.0009253556496234,0.00149700730870106,0.0017174757366178,2224583469.98188,4117614106.99081,6659.01178838114,2115.82914899462,835.976628176135,73389.1695942815,112719.344783485,298159.675182758
tmp_00713,tmp,713,2,36,9,0.00083722871960707,0.00162095941140283,0.00371862207502483,2153857724.12701,2780397040.1449,2522.31065148608,578.828371268071,129.848198264218,27646.1162859039,37146.143319065,68593.3799271286
tmp_00714,tmp,714,2,30,6,0.000988048029097886,0.00198172352140161,0.00346826251953404,1650225929.30321,2561154225.86286,4418.0615601512,778.476040625574,119.255838402224,26886.4215694816,31916.9625024675,43496.3732295361
tmp_00715,tmp,715,2,24,6,0.000678220842764532,0.0036260664050346,0.003041592603169,4847886253.39305,3804177141.91221,33767.4221587931,5483.19290751649,749.828128147919,29413.1039433994,45592.1196978259,119942.410655042
tmp_00716,tmp,716,2,36,9,0.000563468844574949,0.00560103868445205,0.00377845295484251,3490365969.13246,4053745649.21974,54646.1454570041,5713.68674513169,522.204895075102,18227.0564100119,31234.8296879123,113597.683831802
tmp_00717,tmp,717,2,36,9,0.000524651228727938,0.00203583703774176,0.00115625095394926,4631515121.20099,2004379184.09815,6871.94495090867,1063.77168179695,148.600147602558,46871.1141877861,56438.1766680885,79084.1783651163
tmp_00718,tmp,718,2,30,6,0.000952005050852335,0.00257411855870272,0.00329158891417918,2550860276.57599,1216361607.6082,4854.08543900927,753.848498407362,99.3755381148576,35210.7019058834,34524.5741006768,32810.7332903667
tmp_00719,tmp,719,2,24,12,0.000589174509619838,0.00384086062047857,0.00210695732242752,1425119706.48358,1037703378.57162,14623.3880621704,4083.07429155508,1395.05588550874,9897.27127096532,19142.3026228459,106497.06344297
tmp_00720,tmp,720,2,24,9,0.000676956237219093,0.00561687642001009,0.00188780262907563,3587825538.54603,1717931859.77301,77468.0671852268,12950.4404583166,1860.45875020822,38762.7032750057,68232.0089069636,244603.139037656
tmp_00721,tmp,721,2,36,12,0.0005246500953893,0.00595737079681677,0.00369440793052234,1472900652.92323,1277761153.48593,23981.1841571138,3503.98242584027,436.656596422477,7005.6719823858,13568.9713014727,62314.1020279512
tmp_00722,tmp,722,2,36,9,0.000640821592086904,0.00511467309467627,0.00243826013035869,3336775649.72189,1063428383.86369,16429.3863721742,1672.67111934413,165.395361834752,32089.0708108553,43472.2619516326,82607.7106345222
tmp_00723,tmp,723,2,24,12,0.000697403672951259,0.00527496923835953,0.00288086994665788,1410812682.60765,3568677305.13436,90470.3920724061,23152.4829238174,6755.58769195031,14794.663249169,37943.8964972973,324151.614194613
tmp_00724,tmp,724,2,24,6,0.000898253349406239,0.00196467707743789,0.00214441915707996,4556185775.70244,4499656447.38341,15791.9225386816,3283.54644293342,616.282994759565,70709.284118382,90579.698413304,146422.506254945
tmp_00725,tmp,725,2,36,6,0.000785603746029254,0.00280931169658973,0.00152452003593698,3765534698.78108,2831646668.28248,11051.3706984259,1132.93518180316,121.719085348365,77209.9347955754,61573.7909658933,46449.0606399827
tmp_00726,tmp,726,2,30,12,0.000514903120868419,0.00447123385604371,0.00328806413468793,4321316699.51421,4149419152.56144,49058.1068498464,10943.4010404873,2458.21054146181,18284.8676120545,37577.4295965603,198008.09816184
tmp_00727,tmp,727,2,24,6,0.000674799249719075,0.00278843029729978,0.00368706945128085,3459058153.47006,2725597194.95488,10857.8733328235,2200.10375395974,399.579944345191,16523.7140844881,25153.8281420852,65017.0359513794
tmp_00728,tmp,728,2,24,6,0.000513535151172026,0.00342708149505032,0.00277124013646561,3099465471.70247,1897442158.05134,15344.7690704256,2492.53081142469,338.46528741235,9445.94588798272,15337.9392037342,44948.3156277975
tmp_00729,tmp,729,2,24,12,0.000847671602857578,0.00139110791337989,0.00304067765318076,4752647843.99189,4245825507.34193,4847.69647056361,2100.50282871595,1565.48501985233,52337.3203302521,87672.0720320894,319470.665424407
tmp_00730,tmp,730,2,36,12,0.000854452922404172,0.00542942271460415,0.00377891781678295,1390812548.60027,4502413953.67276,65122.6534850479,10244.0526961484,1394.73810047911,26949.0690543603,50333.7349814815,214663.77561176
tmp_00731,tmp,731,2,36,12,0.000576728935054947,0.00423181967163094,0.00156442393001657,2542257993.41593,1778724559.51117,27912.0579155919,3882.05964933873,467.836939051126,31231.9549184425,50908.2899146855,156992.999646308
tmp_00732,tmp,732,2,30,12,0.000926988472036546,0.00180135154716448,0.002510599164359,3018661872.61813,1312989690.05541,3707.89485115192,1095.1435513064,383.833314085058,61544.1358134516,85500.7087698031,165693.474883182
tmp_00733,tmp,733,2,30,12,0.000718481286706531,0.00335304731287348,0.00255819011920024,1847007770.28204,3821228507.30439,25873.3009910696,6360.527463841,1668.42727081341,24506.0588729422,44968.4141036798,196293.452635657
tmp_00734,tmp,734,2,24,6,0.000756182774072685,0.00223486819316197,0.00104865175554477,1599121172.24359,4530556411.02683,27748.5258685627,4423.89707951535,600.532853894937,36589.0727118554,53051.2684363605,117790.989598862
tmp_00735,tmp,735,2,36,9,0.000860554140033061,0.00332730290202274,0.00345180073859514,4472902548.84131,4564275538.93608,20104.3748695221,3106.47158328003,428.246922410936,73351.5641644447,102203.132296179,208095.273603667
tmp_00736,tmp,736,2,36,6,0.000544734316133266,0.00159221831527882,0.00143412179471881,1157597510.76505,2997897381.25342,3025.72521517869,347.75814603536,43.4074741247488,10447.7140912781,12804.8121428592,19414.2267477238
tmp_00737,tmp,737,2,30,12,0.000583802444972686,0.0018804825683656,0.00127643647246829,3936827053.49438,2865323052.45557,8505.11506916818,2348.53992549366,745.91683169877,46932.837892558,74693.5026701118,220366.754287363
tmp_00738,tmp,738,2,36,6,0.000812390547916228,0.00379723001587593,0.00253315660661381,4799498001.43769,4669447489.53924,21597.0025487903,1872.64783951961,182.474646935765,77038.9613619277,80336.5470695569,87933.1451021156
tmp_00739,tmp,739,2,30,6,0.000749932056248894,0.00544436513880815,0.00241138551147945,4196133995.16015,3047103663.29955,47225.0343571961,3902.11591640902,337.774194079702,51001.2508090756,66546.0793783904,116775.030734567
tmp_00740,tmp,740,2,30,9,0.000530741872309753,0.00325353900918608,0.00258250005638642,3434110689.50225,3681105788.2461,22624.6141780644,4201.35485526754,698.987099584841,17517.9325432141,30061.3335479477,104002.70116054
tmp_00741,tmp,741,2,30,6,0.000554089956081282,0.00288978571545981,0.00100889186940743,1905577637.30793,4137008929.63878,27849.4418627184,2494.81136960872,217.792494566591,23204.8928887756,32572.872784217,68950.2381602593
tmp_00742,tmp,742,2,30,9,0.000518037253433515,0.00334404290722702,0.00347286655536552,1244893914.12049,1816275772.22331,9212.78098292244,1848.34804980184,340.096080117218,4814.6619406211,8723.68932014203,33610.1102271636
tmp_00743,tmp,743,2,30,6,0.000847505884765243,0.00205769217602776,0.00328422591251231,1849637147.80191,2404711114.86555,4249.77436994255,726.279755893445,109.127084095471,21074.6128985648,26061.0205345338,39294.6261321807
tmp_00744,tmp,744,2,24,6,0.000674622029655535,0.00331157412585979,0.00311797495797589,1848261873.07147,2489863201.70673,16806.7822343119,2899.79622815398,422.970478591042,11368.3407399742,18452.9262927146,54359.1052476704
tmp_00745,tmp,745,2,30,6,0.000684689737659127,0.00577928239487063,0.00150057206632306,3998896034.9948,2594340485.106,52930.867413597,3898.37150872697,328.58147715679,58462.6332606955,73010.3921871161,115678.135334751
tmp_00746,tmp,746,2,36,9,0.000582882792938308,0.003057248845584,0.00127761738401053,4875793678.87333,3043193448.40424,22532.1458169769,2665.66037676345,293.533141822479,65819.681181166,86594.8750571056,151675.070177586
tmp_00747,tmp,747,2,36,9,0.000668575288634539,0.0054712134677477,0.00281327511610351,4379465439.64859,2000838406.11418,32188.3973848018,3204.34301584888,302.154958802331,42985.7464025563,61770.8670634012,138005.541997888
tmp_00748,tmp,748,2,36,6,0.000735200581417055,0.00230387678899692,0.00166933750940191,1136353894.53812,3013733658.68788,6306.39998462144,614.980692313415,65.1406993464458,21191.5743062848,24193.9264731822,31424.8011564405
tmp_00749,tmp,749,2,30,9,0.000923445205426941,0.00534992218111671,0.00152464342598792,2342777528.76601,3566905253.21279,118176.665948575,13280.3995710928,1311.75147105319,94385.4814084842,145151.012189827,378819.453659808
tmp_00750,tmp,750,2,30,9,0.000838730648814076,0.00398407368553305,0.00303164100040339,4006243546.66845,1491281380.4902,15792.7628835969,2781.55066594269,445.353306393978,55663.8544024693,77896.3666018921,156723.769455497
tmp_00751,tmp,751,2,24,12,0.000780960140737965,0.00389949749927012,0.00293737526514104,4458924496.97964,2652894974.65255,29947.6377259665,9042.73589054392,3543.55756207533,47682.8169994542,85517.241017735,392713.528990376
tmp_00752,tmp,752,2,36,12,0.000934582311477977,0.00480319163713432,0.00143668613657402,3240983051.62506,3988683040.8355,93948.1371833425,11829.8425047547,1324.57944994943,172427.984270923,256891.193046797,615033.163618974
tmp_00753,tmp,753,2,36,9,0.000957323824927339,0.00517190967475398,0.00348623670339325,1267899511.22174,2556183561.65295,30846.3884959224,3388.54529080412,333.715182705904,30859.0069908569,47209.2157590117,125414.196105401
tmp_00754,tmp,754,2,24,6,0.000816217644342824,0.00121041791482891,0.0032356316828911,3900297786.74967,1305572092.61025,2656.0976175103,600.165339620532,122.574627591233,20529.5772521677,24072.4365461442,31163.7998881631
tmp_00755,tmp,755,2,30,9,0.000827087844794238,0.00257120022868209,0.00313399809335458,4941237893.25084,1963833057.52873,8002.64019019045,1783.69498181177,386.918519521135,59501.0008658588,80212.1412909155,146388.515167911
tmp_00756,tmp,756,2,30,9,0.00096223736449722,0.00444939155471562,0.0020724090848069,3673544777.11101,2849786393.12714,51331.3381240538,7454.24697957262,958.946817772864,114906.659264873,161918.911111193,331609.818541798
tmp_00757,tmp,757,2,24,6,0.000575774761667367,0.00179500869291725,0.0015088594233042,2524674629.79104,1315184524.59602,4279.52868292412,862.424606176006,157.43255700676,15484.8898861188,20506.0966908355,36205.4957113922
tmp_00758,tmp,758,2,30,9,0.000985236473338178,0.0047125979427311,0.00302784785045177,1459438976.6997,3146778801.25109,45698.3198212062,7011.43541072182,925.916087228371,38150.8960618442,62765.6599969614,194597.05466034
tmp_00759,tmp,759,2,36,6,0.000953499833808088,0.00491095890277471,0.00332711905165192,1130998073.10098,1421200352.76928,8966.48640564044,699.072172056296,68.0128654878968,23240.7004906715,25921.7659039424,32408.5456801354
tmp_00760,tmp,760,2,24,9,0.000700085377845119,0.00494381806460338,0.00169277341982513,3244682823.39471,2649341869.57203,93316.4456968373,16296.7356120492,2483.54557787813,44139.5598558894,79187.3862503239,296753.406800569
tmp_00761,tmp,761,2,30,6,0.000637992819566182,0.00301362003493025,0.00254502170496323,4629762797.88225,3154914835.89434,14295.2125870016,1764.14295279054,196.040630190211,31678.9650291876,40793.607452301,68555.706782605
tmp_00762,tmp,762,2,36,6,0.000760060466206119,0.00539990099774973,0.00255953308121982,2541450562.64063,2083588785.91651,16418.3111908592,1147.05820910994,103.514795308295,34858.2986596644,39474.7515544191,51009.7469556698
tmp_00763,tmp,763,2,36,6,0.000941919452788322,0.00211014259813936,0.00226129243349576,4937092382.2696,2574426363.19843,7399.28673372401,925.27926226964,107.125601139303,89930.6311879742,56233.0763609391,33961.3095668447
tmp_00764,tmp,764,2,36,9,0.000521417738808801,0.00344346327829031,0.00242543339698037,3870803559.86036,1466183654.81904,8857.06067237979,1172.95081230672,140.172403839401,20611.757427008,29418.6016072408,64118.9189242351
tmp_00765,tmp,765,2,24,6,0.00063052535196978,0.00181616521978351,0.00307970735920893,4381611220.19826,4625162022.23481,7532.48573944326,1820.35856772593,424.481370774108,19409.2358267318,29015.4550328753,73441.6576656028
tmp_00766,tmp,766,2,30,12,0.000641245073609035,0.00335711314592688,0.0022953567338717,1351242821.63608,3649899122.07762,26979.3422827308,6418.95162024438,1596.93663621331,15149.929706245,29477.1452708058,143511.682102414
tmp_00767,tmp,767,2,36,12,0.000649819354555075,0.00498237900296817,0.00316726447123143,3028031344.78559,4401428954.12958,58794.8480481037,9241.45975431986,1259.33441079765,29848.396204156,54305.4022100199,219803.232090073
tmp_00768,tmp,768,2,36,6,0.000887273977908864,0.00325404728005732,0.00252905274849384,4338636143.18301,4801768828.77317,17649.5122240941,1732.10864265487,177.844691419093,86662.0762288548,84389.1029025239,82094.0854275555
tmp_00769,tmp,769,2,36,9,0.00060063928655839,0.00270064222450163,0.00341344962882298,2953164758.49163,1675670019.01102,4313.03342377005,756.478576948199,121.320935741801,16920.3277259772,24332.9748995844,54353.7653072336
tmp_00770,tmp,770,2,24,9,0.000829171043981229,0.0027614537925953,0.00322778059243514,4930094250.34753,3455957200.85439,16809.7660552277,4886.01999481681,1621.10075724602,52175.2094409476,84317.6227564914,261313.296094249
tmp_00771,tmp,771,2,30,9,0.000775749745871876,0.00124025365332483,0.00189362217344655,3706390397.9638,1734674527.04747,3546.705559402,837.762459306617,192.604746454483,49662.0636623027,59054.6402204873,79277.9103893861
tmp_00772,tmp,772,2,30,9,0.000828884096297103,0.00540773221800745,0.00127475607405288,1857402148.88277,1646220678.675,63194.252292283,6734.02403287208,650.2000927421,62693.2684668974,91905.0849489797,210850.069702835
tmp_00773,tmp,773,2,36,12,0.000508542958337778,0.00367076743571872,0.00310479929354281,4167884849.7972,2984659379.11685,17984.5779537402,3455.52159901632,615.888016084291,19229.5545227378,33434.4159124616,123266.666663555
tmp_00774,tmp,774,2,30,12,0.000913761458235565,0.00196317260863125,0.00109447676098145,2291550510.69397,4995968826.30023,19540.6461183352,5052.25065353707,1452.6429123959,118826.396671672,183119.146947365,484250.508270798
tmp_00775,tmp,775,2,36,6,0.00077766549612806,0.00346025690441526,0.00242196100381252,3565382167.73502,2214244009.48058,9461.70129208773,911.133597490828,95.5388175010461,49031.9358422485,45605.7998019048,41607.0811094028
tmp_00776,tmp,776,2,30,9,0.0006170793035391,0.00362975023474301,0.00340032264789531,3597655035.30062,4635963591.05263,30242.1097824538,5717.98984383612,972.918543075522,22198.9433036629,38402.0701073461,135376.637306862
tmp_00777,tmp,777,2,24,12,0.000820729549936831,0.0015751754853958,0.00223534047319427,3596185492.40441,1974014163.79292,4064.87072362981,1595.40231676646,978.939133458021,47173.0577133837,76281.0266345407,237013.507223294
tmp_00778,tmp,778,2,30,9,0.00057487358550019,0.00401364047592201,0.00319934174511755,1221996797.32053,4330615965.88352,38155.7663630001,6595.78564796525,989.657224322311,8000.24279060187,16518.0637643723,75232.1341190494
tmp_00779,tmp,779,2,24,6,0.00057680571228059,0.00293043762296158,0.00301418760277357,4410514670.33442,3337350425.88841,17167.485089287,3173.75866884239,507.567362480184,16856.0506707823,26502.551217701,73250.1607058282
tmp_00780,tmp,780,2,24,9,0.00097060227208527,0.00408386390606337,0.00243010862134621,1635874543.91954,4662549440.93845,72784.1555389294,15899.3810073726,3380.60223478275,43061.752501141,78590.246687313,312336.171787049
tmp_00781,tmp,781,2,36,6,0.000952013749541169,0.00374674085805669,0.00336334309027494,2000260591.18592,2963483455.21314,11658.0107025568,1068.25321775097,106.592332546392,39679.7866100524,43585.4148486302,52428.2263673446
tmp_00782,tmp,782,2,30,12,0.000812852777585166,0.00132256483670905,0.00318426017533835,1708943811.40503,1687888221.93643,1463.85391466096,533.058140561572,263.189685453895,20319.887355973,31878.2643746947,91507.3653592644
tmp_00783,tmp,783,2,36,12,0.000650773135746949,0.00397672032225012,0.00301356592030307,2773146817.93005,2692931545.89824,20841.0521954825,3767.95414503088,620.324679848518,26590.2307300143,45033.9765001675,154924.785837945
tmp_00784,tmp,784,2,24,6,0.000854300487777219,0.00440657393952871,0.00360031856351403,1212723005.0837,1728789451.30467,21713.6051005333,3263.9411302515,406.550794376322,12898.7200224812,20698.0375481874,58753.5160241024
tmp_00785,tmp,785,2,24,6,0.000967577927525433,0.00517846102101273,0.00359001681292374,4496464138.56591,1231466509.46771,26267.0732349751,3813.75635911123,477.394709908557,57006.578146131,71598.2990816441,110480.16054561
tmp_00786,tmp,786,2,36,12,0.000577211126612644,0.00519261325217469,0.0036723479826994,3364528052.68547,1355972633.68333,18111.853022857,2924.52348676814,416.206053894331,18448.6650796659,31305.2347264157,107619.579080033
tmp_00787,tmp,787,2,36,12,0.000692022783118607,0.00383440391372823,0.00203921605953371,4446939415.19382,4360463007.64309,43120.7920198047,7046.89628353229,1025.79840294142,71794.0425987394,116006.697640038,349753.802916255
tmp_00788,tmp,788,2,24,6,0.000784139725307128,0.00558132057434822,0.00328125256505354,4103824003.63045,4229552087.44718,100158.213378964,12447.8997149427,1273.89453470519,37742.9001603407,61935.3793025835,184623.21628087
tmp_00789,tmp,789,2,24,9,0.000740854197275156,0.00578581510376526,0.00216529047382608,1109056680.53787,1200757317.12046,51834.0377275461,8839.02047715458,1296.61206274437,14951.2882776148,28822.8582128174,125022.431686016
tmp_00790,tmp,790,2,24,9,0.00059346136619436,0.00282757325519855,0.00222901474836205,2634925867.98232,2257490761.57911,14296.1953771284,3767.16257619295,1069.99497846715,16631.6994403917,28936.1553948151,108121.955540281
tmp_00791,tmp,791,2,36,6,0.000934507053666587,0.00201694456681852,0.00266071205563195,1971126187.81407,3157995389.27465,4938.55227367033,646.356373687541,77.34460011496,40447.0577111144,38084.5955221604,34635.7005297892
tmp_00792,tmp,792,2,36,6,0.000808981009547226,0.00305429739668005,0.00303362366789319,3095914323.71518,2083955520.6723,6461.56316124776,698.448411083965,77.1112134367482,38076.4399149071,36331.2398964329,34154.7033162307
tmp_00793,tmp,793,2,24,6,0.000825909311601994,0.00454355494856185,0.00259404089656944,4920898583.49997,3197641710.98259,57209.6121804294,7768.40564063586,894.486400815616,59439.0945686754,85084.9792271317,181782.460508071
tmp_00794,tmp,794,2,24,12,0.000524741686484939,0.00254132234232635,0.00317110196099204,1410997988.44226,2961812807.10181,9449.82429601105,3619.65113574858,2097.66978107613,5315.70393391635,10905.4218500297,79010.7620792309
tmp_00795,tmp,795,2,24,6,0.000589877518998399,0.00276677655336092,0.00390320405884729,3567610061.4001,3438218258.36673,12155.7105735594,2514.09394721279,464.2540100144,11666.0931083014,18764.4653591254,55771.011709825
tmp_00796,tmp,796,2,24,9,0.000521375702962902,0.00246394749506971,0.00262789237810935,3462187711.82601,1182572143.0559,4809.33641704789,1416.26149203169,478.019954869357,11669.2506367474,19329.2593619457,64871.791054003
tmp_00797,tmp,797,2,24,12,0.000780600804709293,0.00253919746077086,0.00239329012170061,2565036632.47172,1760091178.21216,7999.43383929327,2815.56537791571,1427.97803397785,31446.0035457845,53924.7590181549,216816.716996299
tmp_00798,tmp,798,2,36,9,0.000677289895638892,0.00274123677939801,0.00341068461700453,3152971717.92078,2802175608.05162,7393.3705859181,1281.58529911556,200.241874053619,26182.5402787051,38063.5759425875,87707.505943655
tmp_00799,tmp,799,2,30,6,0.000737208428185431,0.00487575160704622,0.00191691535384693,3842474865.57062,1288683246.7393,19341.9064109262,1808.35866342496,178.87722961784,50001.2724090389,53317.4647971796,60332.0899574843
tmp_00800,tmp,800,2,36,9,0.00095142410249869,0.00553815642690762,0.0015806046102188,1566504971.40006,2834113281.40983,64753.6779363333,5335.06368437816,456.591345122113,77688.4351561815,108074.820355518,222196.862765304
tmp_00801,tmp,801,2,30,9,0.000871844313031811,0.00148418382636426,0.00325612199856255,2194003206.6547,4849466849.31956,4349.56717105607,1267.03159813165,407.221922718675,31854.9913676854,48040.9072624182,124700.969888478
tmp_00802,tmp,802,2,36,12,0.000513905690337833,0.00551062184697954,0.00226433851435791,4383023010.58765,4450288545.13626,100702.325773031,13077.0389487328,1431.34221526723,30569.4493699346,57235.2240063052,251431.224338312
tmp_00803,tmp,803,2,30,6,0.000570936910333485,0.00161544393846407,0.00352833831890685,2371180221.21464,3792734260.46163,2808.02719001884,557.518396142935,100.712820001834,8685.7621764218,12475.5002155354,28736.0730256972
tmp_00804,tmp,804,2,24,12,0.000561628116558801,0.00424787953872713,0.0011285188404131,4580524919.58591,1369934536.06569,44694.6758678671,9993.45525257953,2296.0118449922,45811.6986231767,80848.9350162444,328985.096165385
tmp_00805,tmp,805,2,24,9,0.000878289579736186,0.00160351904710338,0.0035234184076316,1561048735.66495,1445053470.18738,2256.20110656898,792.807868829814,357.031472198694,16068.7581126145,25130.0046662519,72046.6024852046
tmp_00806,tmp,806,2,36,12,0.000528416914474184,0.00163651790636112,0.00234902235570618,4375180751.57504,2249556497.36635,2551.75093998597,703.708925876244,214.503329286864,25079.3162822678,38056.5250767044,98471.7451557818
tmp_00807,tmp,807,2,30,12,0.000801331854510562,0.00113618557249115,0.0010858955981866,4891983313.8959,2100021021.22725,6029.31890666719,1605.37538181433,469.18949778455,129132.2702007,155773.555101846,214916.062667864
tmp_00808,tmp,808,2,24,9,0.000817956058908869,0.0042068312296828,0.00102181738285987,2936652055.32331,2494203379.33423,89108.6934102295,14913.5147816832,2179.5917371862,94326.1198171179,149518.158087777,409650.468161096
tmp_00809,tmp,809,2,30,6,0.000727812851058328,0.00235388065354509,0.0037079469298894,2596967047.98271,2793307756.10843,5495.83194361224,892.792047214219,127.312911607223,17878.5557558999,23766.8626895433,43389.3271115297
tmp_00810,tmp,810,2,36,9,0.000562097685745028,0.00127649035883089,0.00216325621210494,2879445485.95308,3386189487.20461,2219.57460601151,512.023522086652,116.440530503652,20018.5359340323,27930.606127067,57613.177783842
tmp_00811,tmp,811,2,30,6,0.000555794957557442,0.00303372194226199,0.00253760534025468,3471507829.68402,1858368727.67956,8406.02297790907,1019.80735780561,112.7442315984,16046.6908749953,21213.9295049003,38202.6679647655
tmp_00812,tmp,812,2,30,6,0.000648133831742638,0.00356607351597807,0.00284278061739309,4798349358.23241,2802224927.83554,17090.8238910749,1943.30753469787,203.019485331198,31258.203548785,40680.1914628209,70333.6041645818
tmp_00813,tmp,813,2,24,9,0.000677770737251212,0.00203848586975802,0.00187737085295062,3957656046.54017,2523731139.13018,9202.33884814806,2690.60334892783,903.233207171584,37673.6402949427,59280.5602744268,168830.73795385
tmp_00814,tmp,814,2,36,12,0.000807709111559953,0.00416160515955083,0.00220276672228766,3342253443.50441,2101816895.23938,25175.6391488923,4052.15383923613,588.782171364595,74622.3744742267,111654.132593592,270267.727207904
tmp_00815,tmp,815,2,30,12,0.000956798191196955,0.00429602494699739,0.00348944911205709,4618246458.20463,2032834237.94208,22870.5726567679,5324.90517999543,1300.04247134634,88764.5561811195,139927.361526607,394301.65282688
tmp_00816,tmp,816,2,36,12,0.000766715511019874,0.0037223450682023,0.00243019633361057,1349425054.65423,4227745253.16458,32514.1933384954,5705.75126553456,898.457803692834,27405.6514277573,48073.9011747341,179755.418550024
tmp_00817,tmp,817,2,36,9,0.000826723311392104,0.00352575016099041,0.00281184941669093,1774933748.20143,3083199921.61569,17365.8173667861,2359.98006247544,282.979572939468,33329.9049136653,49262.5520004181,118417.701388199
tmp_00818,tmp,818,2,24,6,0.000747597624398476,0.00491740537095152,0.00360392765760152,3675105533.73125,4539608316.39095,73884.7937306582,10273.5209069912,1165.57029017779,27501.1437212055,46356.4592558835,146040.491913915
tmp_00819,tmp,819,2,24,9,0.000537385370675754,0.00274778917059476,0.00288057856419505,2806512195.05537,2034837109.56194,9523.45166108095,2737.95244648671,885.188639810813,10548.4366170034,18598.6123677062,73715.9657737766
tmp_00820,tmp,820,2,30,9,0.000512908068135015,0.00313283030142612,0.00334910151111756,4569273845.97789,3550761132.06558,15899.4004096176,3289.35122480719,633.55397779657,16107.2705362936,27318.5125430552,93453.6703145653
tmp_00821,tmp,821,2,36,6,0.000907126918777293,0.00186846948860845,0.00281294015759398,1008496443.69669,2053988453.39102,2456.60576706392,335.410204248312,45.5429674465234,18678.4875143392,19128.6276559137,19806.0394701553
tmp_00822,tmp,822,2,30,9,0.000570255896970027,0.00102539291759011,0.00329008184075347,1183614971.96698,1588670561.11753,588.907662976261,197.246167125816,81.1365727579655,4825.09919866393,7462.86705626148,21542.6994174447
tmp_00823,tmp,823,2,24,6,0.000972353825420825,0.00482523320445294,0.00169318215389623,4973734663.12236,4839854479.70685,132208.866834482,15481.5743271903,1596.78415452463,145290.46189416,194871.827336508,353789.812341419
tmp_00824,tmp,824,2,36,12,0.000774563164466898,0.00520562930788062,0.00120762109514424,4038222230.52478,1028393083.06256,35217.4818044883,4207.78596092921,478.346789142943,133630.322683199,168300.930290932,260427.78379043
tmp_00825,tmp,825,2,24,6,0.000549031912940347,0.00144645874122422,0.00214274107775956,2245492529.2209,1597288618.75158,2248.39536564585,545.746624977639,130.040638835787,8644.10519545001,12297.8020577741,26910.3730888081
tmp_00826,tmp,826,2,30,12,0.000665214876360164,0.00507395701175477,0.00190773901135043,1288176357.45719,3955411154.48918,105096.411221305,18298.1247868198,2810.82550003055,20538.7731865886,45115.5271742681,263089.883743501
tmp_00827,tmp,827,2,30,9,0.000903218021362544,0.00281460130708908,0.00335272623383937,3351346602.25694,2299740064.00694,9725.1507047886,2132.79297170126,454.118636116207,51948.8867863318,74011.9889563871,157644.657421291
tmp_00828,tmp,828,2,30,12,0.00091475202335349,0.00351066007760246,0.00254898187688676,2650584702.1546,3097947304.60243,25133.4949075502,6004.24397550461,1518.23287166029,64226.9216292655,106724.92922769,355066.290791241
tmp_00829,tmp,829,2,36,12,0.000527875054732617,0.00121882319622641,0.0016517801860542,1442356504.52951,1102842638.273,879.879802207853,252.261955076505,83.1861127752891,11353.7661407766,16834.7075190119,40495.2719103395
tmp_00830,tmp,830,2,30,12,0.000928467878278034,0.00543032947052566,0.00379586673028967,3803863021.70499,3162724032.4448,57645.8693695449,11966.0325393043,2419.14912687557,67990.8625550347,118574.06699724,444072.790884049
tmp_00831,tmp,831,2,36,9,0.000781964166066883,0.00203828350928908,0.00235199328677846,1886580587.90981,2307957878.1926,4488.49503640389,837.721697482491,143.881430706157,32199.2023460151,42601.2557552965,75228.5597999695
tmp_00832,tmp,832,2,36,6,0.000778695472008276,0.00335723315023927,0.00316639283003056,3785686400.9784,2288992079.83347,8064.29428204223,822.363425850947,87.748983185697,40893.7217057014,40396.4428308679,40163.0291199792
tmp_00833,tmp,833,2,30,9,0.000640193232440608,0.00248753240235917,0.00163411327339367,4521066030.59245,4403068166.02034,21085.305839695,4053.36565229346,719.546434061537,54955.6151755287,83203.5617952874,209298.655670779
tmp_00834,tmp,834,2,24,9,0.000733491483828377,0.00467160522900068,0.00298222022328076,1004581546.36005,2273209389.4465,42185.4725134329,9032.72566182115,1854.80398748672,10774.4593419645,22574.253452811,111163.105192397
tmp_00835,tmp,835,2,24,6,0.000831994851955797,0.00183082192553257,0.00328582228360198,2287095332.80466,4337066339.08113,7158.83722506465,1741.50781587637,411.009870707639,21216.5509194186,31253.8375450761,75875.8072413186
tmp_00836,tmp,836,2,30,9,0.000792640636250091,0.0025693653859483,0.00309971628765566,3824868457.42094,4579293225.39096,14281.3101383971,3244.51490838736,721.670551839611,46920.3780468011,72270.0918487712,194078.878391357
tmp_00837,tmp,837,2,24,6,0.000740647859697343,0.00280416324948702,0.00117565355510962,2853201994.50842,3977801931.10647,39668.9823193217,5739.77737660635,707.336486804736,53502.2295770916,74670.934538391,149711.587117869
tmp_00838,tmp,838,2,30,9,0.000775170390514099,0.00241139745671706,0.00288815495832699,2179720745.25764,1446876084.57139,4591.05581923192,1049.99038802995,237.589233786261,24974.8314251705,36080.3294550134,80184.6230562383
tmp_00839,tmp,839,2,30,6,0.000764146165943676,0.00307003874020546,0.00289362546486902,4571637849.16965,3974739966.57362,17671.6203030307,2271.12642775236,260.479558831152,46370.7731879107,58359.2108747955,92486.4597249322
tmp_00840,tmp,840,2,24,9,0.000537421229093471,0.0038652368825422,0.00322184996066942,3406161102.77339,1333044620.85052,14153.7578731974,3469.71586839867,881.684717314362,11405.5751940246,20416.2178878781,79881.3192659011
tmp_00841,tmp,841,2,30,6,0.00066268786120598,0.00153481015168962,0.00136059981684981,1673305199.04835,4837464423.15769,7027.08534767869,1096.10959913694,149.494940358758,23418.050757712,30434.2268291218,52249.8764105362
tmp_00842,tmp,842,2,36,9,0.000710402691006982,0.00136524273117753,0.00183844998011801,1245158150.19297,4275527077.13388,3319.25703317083,720.719623134107,150.023678942325,21422.7792592506,30748.2021846779,68927.4509039539
tmp_00843,tmp,843,2,30,6,0.000526619441990261,0.00340503593918346,0.00242507965851022,1643035180.39718,1249194145.32523,7236.31635677523,772.559182906959,77.6029596446918,7187.92766337564,10273.724004056,22796.9487165036
tmp_00844,tmp,844,2,30,12,0.000610801033754401,0.00463857266995597,0.00285886715873607,4393771042.77513,3138342229.86905,46827.166143468,9796.93908521447,1996.34871625385,31822.4814872188,59066.7382321153,257348.925882532
tmp_00845,tmp,845,2,24,9,0.000595434417836571,0.00126584152737975,0.00398752416871358,2958520639.49689,3234152455.94927,2019.8074822378,805.727044380835,457.791235351378,9544.62322019965,15738.1228680405,57533.8085982138
tmp_00846,tmp,846,2,24,9,0.000520696931417907,0.00122273335467898,0.00271508254013943,3434056085.92287,2861268029.12699,2198.8876288595,841.196329620634,437.840104758356,10682.5666521057,17503.578565035,61144.4850293517
tmp_00847,tmp,847,2,24,6,0.000597734743858916,0.00440791965130302,0.00254389188712856,2691176257.47835,2880797959.2762,46019.1514614401,6119.73522903658,662.789298757255,14758.6962558388,25208.51056048,81715.7471510604
tmp_00848,tmp,848,2,30,9,0.000906800173065313,0.00114409723791646,0.00227085735947371,2063516361.50816,2446081057.51852,2997.66530420028,785.042639290904,213.119848911182,39387.3865652066,51441.6205951511,86705.4747217094
tmp_00849,tmp,849,2,36,6,0.000724988523954825,0.00444498552732102,0.00298759613993048,4023411654.05442,1767165332.39936,10231.4755720946,871.957241519988,87.5323118548253,38373.4601268562,38729.248996499,40237.7597970659
tmp_00850,tmp,850,2,24,12,0.00088164706939151,0.00460358468879426,0.00111830380442356,4366233994.4815,3485224928.87854,143296.659786052,30645.6936738978,6514.38548490675,166335.578689028,286068.54149036,1065386.27266607
tmp_00851,tmp,851,2,24,12,0.000954666913336307,0.00281466498639756,0.00397381032050998,1612784783.29779,2787761088.38979,10261.0382420143,3910.57961483254,2257.90337089253,23694.2158412748,42524.459551193,210306.414586584
tmp_00852,tmp,852,2,24,9,0.000521795647470714,0.00563454040427112,0.00365223555821519,4732282531.64364,1806051108.99299,46978.5162097621,9549.86095744117,1812.71305489642,14081.4188832192,28196.6315816441,130199.838007735
tmp_00853,tmp,853,2,36,12,0.000789094884861993,0.00494168553673534,0.00280873915831536,3778330949.06601,2690198726.55964,40020.2519626999,6147.19450900433,832.238611134928,64980.1769201628,103793.97509468,302533.576026976
tmp_00854,tmp,854,2,36,12,0.000830242427119585,0.0048049948417267,0.00118174644395062,1409641415.26722,4260921593.85945,112021.485766187,12821.8184753155,1266.58721610136,70062.1792955587,117178.561522157,391731.493212747
tmp_00855,tmp,855,2,30,9,0.000618345761751991,0.0012807882472579,0.00381963059569807,3433518058.56603,1257066124.85443,1117.96618267402,324.574187472583,105.52663094364,13290.2287963435,18746.8744245677,39385.1846894421
tmp_00856,tmp,856,2,24,6,0.000540329682382762,0.00225376753957044,0.0013360200374739,1511025351.42389,4824070458.83496,23294.7254787852,3909.71850097699,548.01182728199,11613.2463974575,19492.8210593342,61350.1110449507
tmp_00857,tmp,857,2,30,9,0.00053336645950907,0.00569724114815633,0.00282385867771611,2622621697.0173,4084978987.70319,98861.5384300034,12832.1921037979,1382.29188588666,14818.7929401613,30451.1349656124,147382.612635504
tmp_00858,tmp,858,2,36,12,0.000599008442018265,0.00450235454565727,0.00302985169786063,4189830581.39873,1605258598.42897,17510.247848785,2932.88454350939,440.571015281799,29642.0041863609,48078.7386103415,146609.22364706
tmp_00859,tmp,859,2,30,6,0.000509416930253626,0.00266617123402976,0.00259412064235095,2817405550.25247,4492078295.64691,13683.3801598391,1749.44394495221,189.652484523084,11001.6713774431,16850.9274078529,44790.0096702647
tmp_00860,tmp,860,2,24,6,0.000611187850696295,0.00251846574748139,0.00136677140523309,3265921415.65845,3159162446.77143,21503.2871251441,3461.02796122478,475.623562895413,30072.2186022113,43321.9344907987,94661.7735954386
tmp_00861,tmp,861,2,30,9,0.000855950070421964,0.00208461828454525,0.00376510867904902,4770437179.73633,4582940498.29065,8500.9731186436,2212.75327389187,600.623040853404,56241.3957593995,82789.4401084208,196615.320759746
tmp_00862,tmp,862,2,30,9,0.000696466415568191,0.001595018183826,0.00318095301655422,4593419716.70895,3083178789.21691,3826.63006864912,1053.01589998322,311.177079307342,33128.7576677087,47957.0756130604,108669.250215442
tmp_00863,tmp,863,2,30,6,0.000839799503991529,0.0020642627669473,0.00151618264057082,3733224019.43099,3852752962.2705,13565.4040976001,1955.85711811745,240.662464521287,80926.4661991259,81450.9255349429,81144.5590357731
tmp_00864,tmp,864,2,36,12,0.000554387898732878,0.00178042420676441,0.00308110289647463,4802958940.68105,1268587223.95598,1708.59203820545,469.496597636423,143.202981730797,23067.3956881513,33458.9696138213,75121.5825172034
tmp_00865,tmp,865,2,36,6,0.000759255392605502,0.00317263305615507,0.00101685872812889,3131678052.61777,2608968103.53495,13876.1977935927,1276.2622734136,135.174084214034,86919.4318749293,66834.5939301661,48916.7946611611
tmp_00866,tmp,866,2,36,12,0.000877913840313559,0.00402411018806616,0.00335695317961367,2727872161.01799,2410817746.77831,18383.3702076067,3440.86075669052,600.877023886451,53082.8785961656,83300.5716421917,232474.875506244
tmp_00867,tmp,867,2,30,9,0.000615645306488927,0.00303426073677245,0.00220983878740815,3723590721.66996,3626878626.71145,21740.7444156365,4033.8377969386,677.101464711229,31757.5095603712,51043.6226680728,150870.499482041
tmp_00868,tmp,868,2,36,12,0.000505637915698597,0.00179160877845537,0.00162510544694028,1784596119.69775,1013046890.28639,1817.97237718864,441.825674766139,113.306591063725,13109.8998514049,19844.40876611,50473.934371319
tmp_00869,tmp,869,2,24,9,0.000726844587371615,0.00452852488655436,0.00197692529513258,4839923095.52622,4742139337.56605,116665.683969291,22527.1814476536,3973.92624440043,63805.4325593627,114851.371129695,436139.984419627
tmp_00870,tmp,870,2,36,12,0.000748273697902609,0.00385857599596505,0.00133824972220026,2618773642.64363,4607866326.62135,64704.5025500246,9107.30249338336,1113.64530709762,81317.4570637128,131123.406297393,392352.972827723
tmp_00871,tmp,871,2,24,12,0.00053806012053479,0.00267027844843442,0.00314495727476855,3810559230.78541,1286487353.17077,5027.91604946304,1860.76467960032,1022.44089443687,12471.4262003753,22212.5586212851,105579.940062234
tmp_00872,tmp,872,2,36,9,0.000891025526140556,0.00575558502923713,0.00119937893904141,1064094732.17728,3466875766.00787,94915.4853355768,6852.66439726749,528.414503003941,59850.0424321483,89180.0249778947,224894.033355701
tmp_00873,tmp,873,2,24,9,0.00094881112140601,0.00570510255582491,0.00328881156971321,3766701221.01867,1754486591.38385,53821.9099788855,10595.0118603396,1940.35466008447,60651.3891984618,100039.913969908,308094.538627583
tmp_00874,tmp,874,2,30,12,0.00093258740972563,0.00545853023479524,0.00291472470014041,2826184247.75967,1191293229.08455,28536.9637610571,5488.64786897724,998.69993359854,61376.6070577541,98239.215254292,285938.655717789
tmp_00875,tmp,875,2,36,6,0.000774723329578728,0.00523474751370727,0.0028096487292969,4567227806.23173,3950251784.01717,28838.620692006,2062.69196525668,183.222041686295,60691.964352326,69576.5422442015,91953.5450201351
tmp_00876,tmp,876,2,30,6,0.000804737064130953,0.00583603781467534,0.00155606986698364,3911324330.57575,1145122449.13938,25688.8123527722,2285.50851649936,228.033466660529,77649.701540666,74013.9648634878,70050.4632865599
tmp_00877,tmp,877,2,30,6,0.000962081785530605,0.00239933280802691,0.00315776209874384,1048888600.90159,4967879695.61129,10663.6329020366,1603.49523289119,207.483888454464,20846.2284519952,29444.6690663591,63364.1798282396
tmp_00878,tmp,878,2,24,9,0.000863364752342094,0.0054783386955124,0.00362770986846973,2245224525.45447,1979776553.44006,48633.8895804877,10048.882929718,1962.90711545559,27524.8193148964,50019.3710298695,195305.128243024
tmp_00879,tmp,879,2,24,12,0.000520126839160806,0.00558958448172321,0.0036346690734396,3846502782.72726,4496892284.08752,108850.886940568,28764.3589414546,8888.87918911877,14510.5994590849,40622.3375657012,380161.729470209
tmp_00880,tmp,880,2,24,6,0.000609555830176323,0.00579118865802418,0.00272720829500429,3888591948.11857,4780284833.0671,136705.882635184,15466.7541783078,1431.66192450593,22574.6998704874,41694.9247868126,160650.728812263
tmp_00881,tmp,881,2,30,12,0.000565440896931247,0.00411986969083634,0.00244970652206979,4832430564.45135,2101454424.26763,26273.6296707299,5643.46406678438,1202.57065348971,30571.3820596988,53750.86738911,206537.103292109
tmp_00882,tmp,882,2,30,6,0.000518043463524291,0.00478507521633178,0.0013900992420303,1177919304.56223,2975334680.74096,43380.7087948738,3077.48747323556,223.543242508241,9564.50565379346,15573.0314034258,51141.7360728187
tmp_00883,tmp,883,2,24,6,0.000643561809806296,0.00402227155673041,0.0034016237082331,2628722924.41148,3514900143.05593,35936.2247387934,5595.44078639601,715.611502022768,13703.7972460171,23542.7980875097,77081.8656771124
tmp_00884,tmp,884,2,30,6,0.000567343596376809,0.00224792994171264,0.00248159630266108,1476514261.26462,1701081045.38633,3740.8033223246,543.872852576671,71.5227702212942,7586.12420453827,10559.0741486362,21863.4887309018
tmp_00885,tmp,885,2,24,9,0.000513599719293082,0.00171539089113282,0.0024218037620914,1443377552.75316,1402578264.09829,2307.17876337747,793.59331771882,338.895228945153,5325.45128981969,9017.87600316623,34006.1629398087
tmp_00886,tmp,886,2,36,12,0.000946680839889765,0.00230106527656414,0.00146109441025452,3336190838.21014,4795043390.47531,19804.854154916,4069.40616372796,812.581866804836,168453.360782441,231701.283528948,443943.89325089
tmp_00887,tmp,887,2,30,6,0.000800162305666966,0.00330307144306423,0.00135117322845176,3614488978.66856,1800397977.64639,16927.5721326282,1921.09988201827,208.591670559686,77046.2981493545,71289.4829023004,63776.2197645097
tmp_00888,tmp,888,2,36,6,0.000959916394559029,0.00311179188005651,0.00147730379624025,2139229877.36024,1892707479.97562,9538.89198265189,981.305241276993,108.615804856659,76331.9769364386,53569.2546937956,35869.115095965
tmp_00889,tmp,889,2,24,6,0.000537715703861607,0.00123382688254025,0.00399160030126912,4490220472.42546,4702737490.66704,2560.05132003039,760.337534200565,244.719217518284,9269.44073859763,14093.0382818489,39086.6750465705
tmp_00890,tmp,890,2,24,6,0.000848862420446391,0.00321687473118045,0.00203215963959822,4997847015.40296,1966205359.023,21886.2428934201,3591.52266666642,504.808521579768,71181.5135340737,85496.9853579424,118531.969170951
tmp_00891,tmp,891,2,36,6,0.000714909561601709,0.00262058479327533,0.00306233817761632,4102273547.29979,1949806530.83728,4673.25986546386,556.27572618199,65.0197409630185,33348.7812776708,31026.9843051137,27954.2688963088
tmp_00892,tmp,892,2,24,12,0.000990118106721234,0.0030798206821444,0.00143588659644725,4041793877.49404,2908531050.93634,35696.2937034608,10014.384378828,3484.24320334437,157449.970299138,252613.361138941,762997.891790104
tmp_00893,tmp,893,2,30,12,0.000875836902126582,0.00403894071084986,0.00313128844178818,4531967729.18026,2985225660.76087,29815.1437504301,6972.42689266188,1706.63238233146,77860.9383743919,128468.259153476,417101.16611677
tmp_00894,tmp,894,2,30,12,0.000552438597393812,0.0011077665552293,0.00155601204607512,3597038418.71549,4966652304.83597,3489.96707806489,1262.79263377307,611.280025706065,29958.1164340382,48935.4725109061,163356.599299631
tmp_00895,tmp,895,2,24,12,0.000872008539112751,0.00467397238848351,0.00305827492506602,3175747022.32216,1542461506.9763,27743.7828199123,7689.25591308897,2602.45516609458,44359.4991440717,78423.8840590713,335121.702326789
tmp_00896,tmp,896,2,36,6,0.000806910402142674,0.00310402145803982,0.00234194168791338,2803390698.29721,2211843152.39886,7944.71179552976,802.88959586503,86.0185150360944,44202.4126868571,41089.0548687157,37357.9424408918
tmp_00897,tmp,897,2,24,6,0.000504946921464687,0.0022446630990795,0.00376663481946635,1003829140.0456,1860995487.43155,3733.14342499169,866.151235980202,186.934454928942,2398.48687913984,4059.41260064172,13718.6263306045
tmp_00898,tmp,898,2,36,6,0.000778111374732422,0.00453459869897456,0.0028828229718751,1089953620.8198,3924750403.19475,21160.4016007912,1445.74137746593,113.936821840256,15860.0264759729,22347.7500640057,49586.1995853685
tmp_00899,tmp,899,2,24,12,0.000782482722631038,0.00568381465117701,0.00251034775011128,4250777961.37198,3543885354.51398,125800.707595242,29770.8875173244,7546.57239906806,57617.2328303779,113803.252125924,638015.473980177
tmp_00900,tmp,900,2,30,6,0.000579859774577694,0.00432000424725678,0.00220454893734334,3203069634.03912,1425924902.49734,14870.425309432,1372.02603299263,127.567202978688,19522.2491730377,25350.7745001174,43902.2234268101
tmp_00901,tmp,901,2,24,12,0.00077729061687969,0.00432830175113536,0.00382983198389669,2434179217.75325,3382605347.6079,39041.7697029512,12010.1186112244,4839.67918921562,22557.5712253835,45143.7027720788,281802.156102084
tmp_00902,tmp,902,2,24,12,0.000618684715182596,0.0057701085080321,0.00272236687494394,4730069788.53131,3649645223.68096,125002.166705451,29987.3175370111,7781.82791000685,32030.9160484148,70753.5146389874,492497.622394029
tmp_00903,tmp,903,2,24,9,0.000762582989894159,0.00354366861981448,0.0019744719990021,1535702118.59053,2603525019.89295,33210.4395911963,7422.09168626206,1636.51057338745,23654.6840174783,42355.2238086493,162444.067317865
tmp_00904,tmp,904,2,24,9,0.000771736965878167,0.00356239290963323,0.00348972857463991,4553741049.9957,4345695301.37918,35079.6728707635,9206.44572942644,2598.28503041451,40361.933813255,70250.4555071531,262553.50917292
tmp_00905,tmp,905,2,24,12,0.000998761786934829,0.0058884039512578,0.00392876001790637,1263035198.91695,4196539245.41851,109917.29982919,28826.0794162312,8795.61804166558,26395.9888607662,60862.5156207952,459752.353508797
tmp_00906,tmp,906,2,24,6,0.000908111654151215,0.00546502523737333,0.00358536890180439,1183817686.9632,1858920476.83652,39396.6200877761,5109.6735041694,544.028368460978,15542.6894628648,25584.7420094706,76714.8111729337
tmp_00907,tmp,907,2,30,6,0.000746948512069612,0.00422197826196205,0.00331509091266545,4628380001.15585,1374807598.47462,11983.9078426502,1374.15654663467,148.762709800838,36514.5909256634,41430.5241771738,52279.8448975211
tmp_00908,tmp,908,2,30,12,0.000506712045037888,0.00484679175015971,0.00251356878926536,1362698125.4916,3103339870.92469,57483.9600700283,11234.1926512308,2049.18723179653,8322.01076953557,20947.2650703369,139713.08733053
tmp_00909,tmp,909,2,24,9,0.000880651076889874,0.00142765917328001,0.00105968177227953,3127640506.76642,4649352441.35997,14114.4826685142,4058.36096670372,1328.90357685669,102458.039347763,148273.826927945,325247.396291132
tmp_00910,tmp,910,2,30,6,0.000809906087189563,0.00393333398421864,0.00345910083884867,1919160941.24511,1890690311.97595,12560.6252475714,1413.75925561084,146.526125009512,20341.7356204061,27064.2291339262,49565.6026021992
tmp_00911,tmp,911,2,30,9,0.000907809063735833,0.00430126238672,0.00207638154429218,2732984589.62453,4698081809.76026,73473.6206657527,10618.8865607566,1323.39396336565,78048.3152204884,123016.025000321,341131.284527641
tmp_00912,tmp,912,2,24,9,0.000942499594093969,0.00243366172390788,0.00114938583176249,2557714345.49247,3043711938.278,26843.4558386498,6345.50444710588,1546.34693621931,102552.004605147,151487.801926101,348315.163320082
tmp_00913,tmp,913,2,36,12,0.000846158657821691,0.00480260990282614,0.00395228652873146,4134299320.82402,3096174612.13629,32303.9874396902,5665.7667528476,902.874154132035,62888.5876629881,101508.409787048,306036.639765768
tmp_00914,tmp,914,2,24,12,0.000778185200926599,0.00338539761465416,0.00202429156812281,1880955943.7112,3882520444.66236,40112.1961579252,11856.442311087,4469.83783384061,31284.5921362328,59949.7393459981,332628.481437081
tmp_00915,tmp,915,2,24,9,0.000540274199152975,0.00184282628819974,0.00283553956196092,1366928599.25316,3670681190.77085,5944.17522661882,2070.59979397359,895.767242190678,5785.60822517956,10397.2210079153,46287.0300092035
tmp_00916,tmp,916,2,36,9,0.000513821016802816,0.00426350448313229,0.00250856817205397,3902536383.57845,3152410827.92336,29809.6390951577,3312.32171203228,324.196309543251,21261.7225251046,33891.9436761636,100950.702854825
tmp_00917,tmp,917,2,36,6,0.000537661765652265,0.00139264808289693,0.00348171024115309,4772573958.692,4747323855.80221,2216.7355558469,368.029246038677,56.7761136234273,15881.7353058889,19214.3321656055,27767.2670546778
tmp_00918,tmp,918,2,36,6,0.00061326464656825,0.00569428664133625,0.00328374162900838,1280961634.75648,1827803285.03657,13719.3729007387,860.910174874886,67.6316280937778,8119.22470526114,11653.1413986439,27496.5886487787
tmp_00919,tmp,919,2,36,12,0.000522802331182189,0.00428934514451665,0.00354360576978786,2931482220.58843,1324351139.71166,10913.6633029652,1978.82277886538,327.226545846679,12564.9515296076,21503.0027716519,75926.8176897774
tmp_00920,tmp,920,2,36,9,0.000636600908288584,0.00461697126309202,0.00113601839946993,2076778563.27123,1892529522.14852,35450.3627680939,2949.76769072547,254.346135823743,42945.795499993,59809.2651753916,123321.466360847
tmp_00921,tmp,921,2,36,9,0.000515548888809701,0.00157955657232057,0.00265017825752156,2780770813.64221,1509224016.70505,1430.99568486608,314.640786446487,69.0855994464139,12173.0484033323,16793.8801304494,33416.8377821044
tmp_00922,tmp,922,2,36,9,0.000518610533943423,0.00161236053552402,0.00177924213380419,3051106871.96916,3435803106.31997,4057.21683313686,798.17579296411,146.346019437588,21278.7030002687,30439.7076003622,67230.939787065
tmp_00923,tmp,923,2,30,12,0.000531884107973767,0.00119342389835521,0.00399566178601334,1891944202.5981,2710389338.67962,996.40986871205,419.170352670629,265.486392929653,6028.37983793231,10298.3942284914,42239.8374131195
tmp_00924,tmp,924,2,36,9,0.000731580317954623,0.00252831781809363,0.00337408282380876,4994523280.41208,2903690112.81186,7262.72538330427,1329.47297224932,221.830379225874,48937.1760687513,65004.9280756085,116039.294310613
tmp_00925,tmp,925,2,36,9,0.000737464621975354,0.00385820029037772,0.00364689544654246,2407447859.3651,1473960414.92241,8797.03049087147,1244.29493639468,157.883113007139,23966.4078681931,34042.983286211,73182.8644851913
tmp_00926,tmp,926,2,24,12,0.000911725608665089,0.00435251819717604,0.00128617864848693,1053217892.65192,2013317904.18773,61981.7850807921,14150.1993455197,3364.66271089057,41618.1693737688,77460.5431019067,370947.130042861
tmp_00927,tmp,927,2,24,6,0.000997054909677742,0.00142483476231004,0.00241359623878495,4972699427.0978,4597253344.85884,11090.2656403026,2471.67563255653,498.532234357516,76823.7892712984,91823.7494044736,124614.529636894
tmp_00928,tmp,928,2,30,9,0.000982307103688224,0.00483211003484389,0.00340271446402652,3360043820.10549,3891121735.98046,56057.7681010719,8860.45805743405,1223.32648146109,73739.550229326,115640.620675692,316981.869773423
tmp_00929,tmp,929,2,30,9,0.000703650645513204,0.00104780835859331,0.0028244549133337,4979113789.31583,4649786700.01159,3204.88586171471,939.017709477411,306.278529069599,38236.5969094158,54176.6233455784,115840.674448982
tmp_00930,tmp,930,2,36,9,0.000966293121516393,0.00485091836748624,0.00317177300619222,2226779081.42829,4641344081.14842,51617.2387372162,5768.63923249642,578.517342551203,60392.4886660692,90914.0811154986,230643.632698038
tmp_00931,tmp,931,2,36,9,0.00052570996515435,0.00140126969798246,0.00214428320953429,2075027209.00089,1972650159.98404,1551.99275460131,344.954697441637,76.2478904585107,12109.0789884722,17028.4636997146,35891.0018006997
tmp_00932,tmp,932,2,24,12,0.000711599255746012,0.0044030996677903,0.00200015810961556,2064295340.43351,1744827998.60409,37626.7285580093,9616.97325516521,2808.71781988872,25781.3801854856,49022.2793633556,254770.499593971
tmp_00933,tmp,933,2,36,9,0.000623933909418582,0.00181093597090884,0.00374842777453263,1821096385.69035,4573588037.01738,3547.85854106105,812.266460754958,178.68793369057,11562.7044425919,18036.9717510165,52632.4754330165
tmp_00934,tmp,934,2,36,12,0.000982985592738999,0.00153197824847434,0.00110177985417549,2215092387.44898,3727022608.43349,9418.28758427881,2129.98198931065,478.948958531171,152116.614277443,189380.781637134,281928.923651534
tmp_00935,tmp,935,2,36,12,0.000534423208119454,0.00158693926364142,0.00397173674875614,2996392522.73274,4713319159.27214,2614.23616589114,854.750783184566,329.820580188293,12103.2275986379,20151.2564243731,72838.7126140474
tmp_00936,tmp,936,2,24,12,0.000577671771094777,0.00526774003120369,0.00247733152041454,1032986032.97771,4595390250.5683,132125.117370677,32491.705200765,8802.78360397814,9596.13863017413,34345.6248563842,376904.828716654
tmp_00937,tmp,937,2,24,9,0.000772638362162815,0.00480170836469731,0.00334186304694066,4004436620.23983,3669090562.90323,67591.6013869635,14741.3407108268,3126.07927431838,38823.4239328635,71109.3878449615,284547.896976347
tmp_00938,tmp,938,2,36,12,0.000776595469208902,0.00251139740995315,0.00229344748776289,1170021602.94296,2753847723.26169,8037.85426565657,1786.24149950131,394.200641740814,23929.538904083,38913.5340863973,122312.412885837
tmp_00939,tmp,939,2,36,12,0.000832301471119519,0.00187922066547465,0.00284684650104086,1329915815.86461,3394215370.64043,4136.25910723453,1139.35724926881,343.893579013819,26038.1278586037,41353.3277355331,124104.286602138
tmp_00940,tmp,940,2,30,12,0.00098516396953869,0.00385409123149465,0.00117761763594801,1594538669.31003,2903330803.1969,58002.0183309824,10456.338643979,1728.72291989875,101665.793625377,163813.03178119,484738.0857057
tmp_00941,tmp,941,2,36,12,0.000669763267943483,0.00275775280624436,0.00135761341853486,1031820896.4282,3486054443.3471,19756.2813783452,3495.05614913915,559.019254291189,23954.6698148819,40615.1986495014,139909.106432539
tmp_00942,tmp,942,2,36,6,0.000894612164077402,0.0052438906635068,0.00100602592541246,2418641057.6718,4734553258.84964,44519.507140573,3034.01802041412,281.598065146945,129725.979811467,127730.280282059,128467.082754902
tmp_00943,tmp,943,2,36,12,0.000582756020314407,0.0055426008753065,0.0038635685875399,2778139749.60279,4212951145.94164,62978.0085045661,9830.62463091504,1322.61343622819,17788.3621167755,35200.5130896192,165930.065823767
tmp_00944,tmp,944,2,30,6,0.00084512004718411,0.00157607212160606,0.00311023916492452,4136805745.91499,1546839274.18615,3356.77313057993,571.819806006576,81.3600626944724,34645.604218824,31627.6008481575,26805.4110094236
tmp_00945,tmp,945,2,36,6,0.000782934465209867,0.00591200214024989,0.00168951429292412,1532021187.64009,2974979375.50119,28417.6802983649,1705.98922379388,139.266510324758,36338.0432175748,44752.309434093,69866.1787685003
tmp_00946,tmp,946,2,36,9,0.000578350502471344,0.00195151918637771,0.00309365035561826,1998452264.16009,2292575759.74107,2696.20637213592,558.360102382914,109.782816609269,11548.8998945049,17216.6548311114,43183.7240982334
tmp_00947,tmp,947,2,36,9,0.000538048368963307,0.00428913238513093,0.001555432788277,2736662471.68417,4610880455.74047,60267.8817076525,5580.45450699936,475.632695648294,28104.3779588445,45495.5363922794,143688.504085098
tmp_00948,tmp,948,2,30,6,0.000662561256201142,0.00250011945652973,0.00259320737977435,2412506798.1716,2200201126.73659,6452.91276474784,906.778306625515,113.312102555236,17920.7202425349,23175.6727030226,39344.5140364111
tmp_00949,tmp,949,2,24,9,0.000957674403162829,0.00362721144372975,0.00251440921705264,1794293499.73544,4647399216.41375,51535.5199802644,12195.0308954341,2936.41125804835,42805.6751747469,75974.2267748197,289403.601370732
tmp_00950,tmp,950,2,30,12,0.000822360603862941,0.00549999567210353,0.00156259357405795,4933652863.346,4195421826.63023,165674.935025768,25936.6266214197,3504.46223807319,143494.47312431,242825.792465319,824814.682374065
tmp_00951,tmp,951,2,36,9,0.000996223580952077,0.00546478453586201,0.00333837219495369,3604709180.29512,2922351745.80531,43229.8114790471,4699.41242744207,481.615815886053,94822.9660789116,128320.2819842,242527.926442102
tmp_00952,tmp,952,2,24,9,0.000606295661609258,0.00379275383162495,0.00158162183962756,1112214658.10773,1569320888.38451,28691.5271924721,5756.39667957656,1073.10693459354,11351.9465580401,21599.2299497532,91727.9703196046
tmp_00953,tmp,953,2,24,6,0.000947598923175485,0.00525818209419365,0.00274658155955576,3405735672.32682,4853681380.84029,114096.954391428,14061.0813635591,1449.68352816717,62620.3148203064,96791.3962479891,250456.495638793
tmp_00954,tmp,954,2,24,12,0.000726830612035088,0.00507784272589239,0.00207551286164639,1837861616.3483,2782556101.49364,85147.878426832,20340.4641858476,5239.48856475604,25718.6198172739,54760.0006551394,357942.03323547
tmp_00955,tmp,955,2,36,12,0.000639891997750787,0.00126772162644068,0.00262666889342088,1786565883.57494,3884023912.50282,1950.05705641516,625.573878687911,237.930501798587,17144.1853093388,27350.9220290093,85087.8914772759
tmp_00956,tmp,956,2,30,6,0.000722351368003754,0.00203433491932193,0.00382075472513534,2148579529.72862,4439353808.54176,5538.25673059439,983.607720127658,153.114718607155,14735.9627331306,20902.6634981529,45972.8550809766
tmp_00957,tmp,957,2,24,9,0.000892590369392389,0.00136495954075348,0.00101972086481973,2224794026.64351,4330184254.0978,11602.457746632,3398.02728258612,1145.27443747875,80197.3423609363,117947.453059829,271850.481082012
tmp_00958,tmp,958,2,30,6,0.000897377526655284,0.00527597338026251,0.00233763598094634,4130661022.82127,3684794042.90994,55814.882656158,4835.46178564812,440.622572243458,85538.0683471787,104419.137936117,155893.234978716
tmp_00959,tmp,959,2,24,6,0.000544938754047901,0.00452919245341244,0.00101054225680835,3014918814.90918,2582591659.46752,78393.7496344484,7760.12963563596,672.659915641386,28929.1428457591,45040.7542866466,119981.547860752
tmp_00960,tmp,960,2,36,12,0.00071825133459948,0.00516569585430673,0.00232926429430304,4239599086.16277,2075938394.75854,40333.3240257456,5653.21345838523,694.378775722999,65159.6807750387,101805.901529397,278630.057601953
tmp_00961,tmp,961,2,36,6,0.000693253723013366,0.00507258864058264,0.00375658735580925,3431793002.75958,3123553705.3981,19004.699258239,1373.31798775997,116.87916903552,25763.4088953184,33156.1344086439,57358.7981212619
tmp_00962,tmp,962,2,30,12,0.000777485414183841,0.00166910985718756,0.00382901512880046,1482265027.04413,1952123587.02902,1858.12657159578,688.955363693717,346.482380406872,14316.1201526588,23680.2113871207,83226.1701896318
tmp_00963,tmp,963,2,30,12,0.000609292196445469,0.00597512345951177,0.00395114879861034,3023362151.42564,4079419393.30012,90683.1686495413,17908.829096286,3322.12683179207,18750.6523695438,42508.6730395047,254229.803116813
tmp_00964,tmp,964,2,24,6,0.000812629304395918,0.00434239068298915,0.00200653522857309,1196018142.85746,4307682215.13417,78137.7629144866,9688.99868425974,979.974283766811,21069.7315328542,36423.7377546355,121588.290635752
tmp_00965,tmp,965,2,24,6,0.000661615986481149,0.00330892114110525,0.00207476377234957,4934252696.95088,3091638470.43591,30226.2891957052,4669.32031777763,612.42747190717,38210.3847193146,55211.5398426326,121304.671568837
tmp_00966,tmp,966,2,36,6,0.00077214451992277,0.00434466359033638,0.00289175918471965,3647194344.24049,4138779291.48395,21838.8022343167,1688.49813670779,152.768948825619,46967.5037817404,55275.2773184415,77094.9209573073
tmp_00967,tmp,967,2,30,9,0.000642765695832585,0.0028207481529137,0.00216310751252313,2186031588.39713,2003064386.94249,10307.0961381781,1993.87629165959,355.783223830445,20999.8461487624,32835.0482334643,90442.5446213104
tmp_00968,tmp,968,2,30,6,0.000969070840843,0.00357651910703063,0.00219236005940095,2287505414.67151,2628394726.69705,20256.2950352166,2268.24389251739,240.686985960389,59692.1468518582,67533.8936849717,84733.6811305493
tmp_00969,tmp,969,2,24,12,0.000895897171389434,0.00433224058412665,0.00108606197736739,1754835546.88476,4439847457.16576,155496.295813784,33982.7138401945,7451.06485712576,79301.5382849132,151260.241485534,769226.535779296
tmp_00970,tmp,970,2,24,6,0.000766636278476767,0.0056424105087847,0.00122860437092932,4990132597.71912,4564357450.51051,196547.900319684,18605.6820219397,1610.30718118806,104251.791215011,150488.934115531,331005.921188859
tmp_00971,tmp,971,2,36,12,0.000555886595096048,0.00523293114485823,0.00370877422821766,3407373365.41126,3610686294.86226,48041.5229987231,7700.08853101438,1072.67547633668,18806.1543377787,35536.5616088136,154604.030376769
tmp_00972,tmp,972,2,24,9,0.000990539457954501,0.00501373369613797,0.0023712355134176,1080607028.39414,3150473713.92711,86621.89653716,16589.0304624605,2881.60386423772,31865.1901879583,60694.8421751011,257549.311479122
tmp_00973,tmp,973,2,30,12,0.00076740256223226,0.00557837486511678,0.00126256847945682,1192672580.89832,3434138875.06726,163113.606630343,23398.3153027606,2786.16928462506,39682.5833219448,78159.1254529731,391108.266820819
tmp_00974,tmp,974,2,36,9,0.000810342355572883,0.00215008921598427,0.00289489758202358,4939335422.1476,3034797925.89096,6955.6656166997,1321.77180642018,227.032620335786,71362.7623776564,86908.6151401174,124283.382708581
tmp_00975,tmp,975,2,30,9,0.000756733999529841,0.00402391678707374,0.00274098618388288,2642529687.49266,1132004931.85489,12657.0706401024,2128.63106575361,321.25004325305,30973.1555430412,45355.3889664233,103289.256677473
tmp_00976,tmp,976,2,24,6,0.000978553573934887,0.00240053556753083,0.00137537818383646,1874087083.84374,1734018903.61362,13808.5245535743,2394.39162872498,353.750382015664,57254.6493888958,65927.006299877,83149.3109732532
tmp_00977,tmp,977,2,36,12,0.00097335272086055,0.00206827105194227,0.00293857356290146,3590976971.48119,3303398103.76808,7012.9805336572,1769.5243898167,471.703405576119,95666.7361420597,133083.820977855,263830.171731027
tmp_00978,tmp,978,2,30,12,0.000535498216013579,0.00179199116639035,0.00284147247316807,2778712673.61111,1490415364.91288,2007.24716598747,690.279021869229,306.175028577015,12004.2874157322,19928.235429469,70036.2955613961
tmp_00979,tmp,979,2,24,6,0.000714999250462383,0.00242608886931054,0.00260011228448862,1526122161.11156,1593289986.34055,6089.85605263089,1210.61984972286,216.285295601015,11769.0938735267,17279.21386384,40463.1606801282
tmp_00980,tmp,980,2,30,9,0.000733987587061831,0.00541023284837521,0.00235175578838112,3827195843.01924,1085048034.91907,28291.7644469732,3737.01328903979,436.409139694995,47583.9423806323,68231.6953300417,146610.925770206
tmp_00981,tmp,981,2,30,12,0.000904587000633976,0.00408679707533719,0.00155074144531789,1631115093.79478,4536695188.11919,81687.1418591184,15330.7795700511,2652.92856401199,66944.1742424995,118964.363939128,463216.328505698
tmp_00982,tmp,982,2,24,9,0.000856177209112125,0.00585124985722629,0.00182068687472526,3607983277.50264,4482407916.87613,229697.784559819,36946.6796342165,5019.54610173308,84314.3564825062,153751.640211667,597967.312349364
tmp_00983,tmp,983,2,30,6,0.000971538323156188,0.00574290120469096,0.00358567323696065,4549631635.63814,3110940035.55562,45888.6948067286,4270.995981628,402.399526819577,77675.6924557586,95099.3914724219,142566.562428272
tmp_00984,tmp,984,2,24,12,0.000720560352913091,0.00409609973753168,0.00150195254233077,3240158218.40188,3161367795.98067,72062.2425931714,17725.3885231533,4831.64184808395,54609.7148212915,101828.682662615,497526.263631502
tmp_00985,tmp,985,2,30,12,0.000833773512717674,0.00290147808374232,0.00103912308791318,2039500389.49306,1585400068.10049,17986.558641532,3733.51595749788,768.355849068578,83176.881449263,122474.404998665,279303.678551739
tmp_00986,tmp,986,2,30,12,0.00071950405667323,0.00483311813315198,0.00228124319173536,1831212860.04445,1221254298.11822,25036.0236826985,4777.69660655209,849.758969971319,25235.7323412678,43982.8834941477,163001.469241159
tmp_00987,tmp,987,2,24,12,0.000639554247137122,0.00529009989727951,0.00183713560265022,4335097662.07469,3857916526.46046,147021.395621311,33226.101128827,7729.04564939351,45468.7788259223,94788.4665618637,591415.264261407
tmp_00988,tmp,988,2,36,6,0.000614110900534,0.00400567721962865,0.0025798398565461,3313115329.61426,4924721244.95986,22582.4672039102,1642.13556692936,136.421987023327,25637.3993200452,34208.7291423514,65003.006155283
tmp_00989,tmp,989,2,30,9,0.000583663563504639,0.00507204382467577,0.00370481024897149,3074456010.33015,2649432196.21301,38858.5108773485,6030.65409381415,796.986351476814,15292.792587587,27607.436286349,104998.213008681
tmp_00990,tmp,990,2,36,6,0.000595112213888108,0.00453663467552654,0.00276830633939507,2202272131.14679,3230458121.71882,17753.0052279903,1208.937070304,96.9909986644112,14781.9824619677,20479.2931230634,43332.6328045684
tmp_00991,tmp,991,2,24,9,0.00085891962158787,0.00139212782191679,0.00241186916505488,1415393807.00167,4788636907.39506,5303.67927275782,1925.53746519472,907.529773380737,22471.3534430165,36849.0977439022,126826.013801035
tmp_00992,tmp,992,2,24,12,0.000883751323414685,0.00457169957756594,0.0032254840703185,3617211137.41665,2314523171.26301,37081.9795254863,10553.4861817773,3736.76942189982,51065.0444400066,91924.1137516189,420087.951882744
tmp_00993,tmp,993,2,30,9,0.000628461460707018,0.00471430441046395,0.00273154982025679,2905516197.27533,1482477659.34995,23485.1050669747,3486.00325832301,445.448203864058,21446.6951189716,34669.3702788314,102743.897959723
tmp_00994,tmp,994,2,36,9,0.000609003274836839,0.00586140631005918,0.00140734393773217,1393849596.04122,1405632252.47974,37078.9902792906,2755.62931805215,214.582303700996,21598.5409755007,32725.6546171219,86599.0832477047
tmp_00995,tmp,995,2,36,6,0.000809030360610018,0.00572641620159863,0.00148334376828222,3785361323.52504,1685342333.67489,18206.2361299855,1462.22042553603,150.184327564473,90925.4215741456,72910.6493313006,56081.1596635243
tmp_00996,tmp,996,2,24,6,0.000903290081667595,0.00540159378456301,0.00152505010349991,4175172681.55033,1841398262.7814,69449.9484327893,7754.58987610126,794.408575540541,103032.753427024,125399.921721965,181743.043197785
tmp_00997,tmp,997,2,30,6,0.000960112562904422,0.00195072089464591,0.00234187134996309,4609549656.95603,3269435537.59705,10075.0619206754,1610.95555134141,210.765911122102,85366.6333624652,79153.6196521618,68994.4736806813
tmp_00998,tmp,998,2,36,12,0.000758467320083795,0.00487308549530471,0.00350421266508663,1571950246.78734,4924127111.7604,56794.3154899572,9375.93791234921,1355.83184490526,23356.3101803449,44088.0504575532,191068.966362314
tmp_00999,tmp,999,2,30,12,0.000597350726730316,0.00144396689734034,0.00356562849031847,4075258704.32219,3671839008.67715,2546.48494196656,981.159471534983,527.284705811061,19393.7702857603,32323.409849729,118005.559165522
tmp_01000,tmp,1000,2,24,12,0.00051587821576136,0.004726856953926,0.00369735998676882,1701127925.85361,1888854305.91357,28354.9262788807,8250.61916643459,3019.9656747514,5796.50264856,14393.18274537,123093.518708938
tmp_01001,tmp,1001,2,30,9,0.000651593930976568,0.00313472846449767,0.00355795111232055,4250663820.50312,4305206569.60849,18714.4446662992,3945.91157618332,783.353361866607,27573.6464197196,45310.2370537371,144165.120176452
tmp_01002,tmp,1002,2,24,6,0.000808398023058743,0.00401466074954952,0.0024966208742359,4967122825.87713,4730646093.30222,63751.9383156597,9173.56705732448,1109.18373705601,59913.7299670133,88844.8381344579,207851.988129089
tmp_01003,tmp,1003,2,36,12,0.000504814689820836,0.00430813379187235,0.0036894745697763,1221765372.51042,1513175417.92274,11957.3613756362,2183.34043451282,361.443790592085,5222.51065876126,9975.50145015604,43864.4056631533
tmp_01004,tmp,1004,2,30,12,0.000547309813409841,0.00585398039231515,0.0012133386267521,2051178650.50558,4212712869.0836,231659.188075446,31726.5533255736,3561.46647789292,28391.962601324,63778.9210767741,409169.316002991
tmp_01005,tmp,1005,2,30,6,0.000594034434728128,0.00205146257341523,0.00374732365699359,3985848997.88871,3889654604.34686,5155.286706059,907.221439547342,140.366023698887,15224.5605131588,21202.7522132953,44215.0333211578
tmp_01006,tmp,1006,2,24,6,0.000641534619126414,0.00588468736043178,0.00282955392145841,3593020844.62114,4861363811.91726,140859.976588073,15962.028556332,1479.59780083409,23418.0984543658,43211.8233599568,166147.229418885
tmp_01007,tmp,1007,2,30,6,0.000760472372450531,0.00338023587588822,0.00129317402480052,3101833939.93539,4180626219.14008,36012.2464402311,3441.59650036048,331.494608461197,69395.0264027859,82907.204627408,117530.086719082
tmp_01008,tmp,1008,2,30,12,0.000595146152103094,0.00459864064101537,0.00243763651258717,3805786613.13181,4361157775.91094,72505.3138768019,14511.3982937238,2754.74155502417,31383.5545156332,61395.3759141154,295850.159487745
tmp_01009,tmp,1009,2,24,12,0.000600830190799024,0.00458282009928247,0.00204837766713416,4258830015.52107,1299733167.08987,30927.5196564244,7786.12632930587,2216.31903101272,29900.0965724131,54532.7507579653,251212.482797331
tmp_01010,tmp,1010,2,36,12,0.000795746972362198,0.00332750578416035,0.0011474208708612,1598246251.22536,3348314722.69231,36746.9703474583,5468.86142780096,717.956043903882,67691.5390859199,105640.170201826,288183.600933487
tmp_01011,tmp,1011,2,24,12,0.000918658401637527,0.00375804166053042,0.00335307536710073,2663971567.42944,1700185954.55367,15906.2746264706,5051.30268434327,2157.68900776311,39167.1572800357,68343.0879772375,288327.110081617
tmp_01012,tmp,1012,2,24,12,0.000597846408179665,0.00173027923950769,0.00140840635422211,3997038325.72727,1057509394.92696,3490.77811285187,1236.78428834297,636.122386577892,32934.1653213223,52497.4436570826,155055.906435919
tmp_01013,tmp,1013,2,30,9,0.000547854438423396,0.00425666415826264,0.00354307224063481,3014860372.41307,4676383224.69564,44497.4797452975,7655.42992777136,1144.34046349205,14013.0293580091,26663.9458092411,110016.555632633
tmp_01014,tmp,1014,2,36,6,0.000558212538677165,0.00260646615530082,0.00101349168288843,2188015586.65133,2884691714.69565,9552.78293152709,778.130758164935,76.6485423380944,29037.5784348796,31234.3489987515,36344.5351459067
tmp_01015,tmp,1015,2,30,12,0.000554488722067645,0.00461281401513054,0.00252780789310402,3904923852.06364,1413434605.13582,23319.1459512101,4721.40675366935,917.567951464607,22679.9196879089,40175.71151322,156177.424268461
tmp_01016,tmp,1016,2,36,12,0.000574100564624492,0.00301442105634788,0.0038469489262802,2558035698.27439,4450899560.87031,12941.4262170403,3014.01156422185,702.774583941116,14419.5987364826,25584.6956909248,101115.945404672
tmp_01017,tmp,1017,2,36,12,0.000736425924196964,0.00300218366354976,0.00233183278790223,3640470029.98373,4127089864.32973,19493.2139842656,3907.76942390849,748.226565839342,60633.8625580147,95999.1740527216,276212.357912661
tmp_01018,tmp,1018,2,24,12,0.000795885563284175,0.00338035093934898,0.0028093513417125,4345422830.79908,1216529667.09405,10668.660213779,3384.46321001529,1447.94335239712,46350.2845118705,77170.6337385611,270831.643140181
tmp_01019,tmp,1019,2,36,12,0.000685328202278583,0.00232531289228988,0.00144263422810531,2215574718.60625,1777096447.74581,7035.24509477329,1431.27638325812,282.798554782228,44556.8056657883,64461.5931001135,142293.720381775
tmp_01020,tmp,1020,2,24,9,0.00059276481451746,0.00148881610078707,0.00364930699630397,4734023092.38987,4336383377.38711,4094.19550064256,1558.63741515501,800.495836903481,16681.5870477,27578.5788701296,99706.5964634347
tmp_01021,tmp,1021,2,24,6,0.000933861459257605,0.00418224929962633,0.00349113381885609,2466293436.50849,1992776565.83893,23790.8817591505,3738.78553517441,500.195629126385,31775.652672005,45757.8588463619,99753.9594008496
tmp_01022,tmp,1022,2,24,6,0.000552306273586134,0.00125676894533098,0.00365365075910957,4539452862.80162,2846596482.64513,2113.13128463383,593.923606661599,176.28477186132,10070.8559502403,14674.9623739948,35122.5363836862
tmp_01023,tmp,1023,2,36,6,0.000951680598973097,0.00591282848955548,0.00155283144167212,1605203151.4107,2830849794.18094,28615.716797355,1896.80861087476,171.411791528724,69239.9979036847,72878.4641579047,82003.0691829043
tmp_01024,tmp,1024,2,30,6,0.000724907703026516,0.00534494264531664,0.00256129915957721,3637542987.87358,1150480088.06894,17549.3828422174,1600.88072628382,153.728832319344,35129.5077089585,40607.1500056963,53819.9105212771
tmp_01025,tmp,1025,2,24,12,0.000825550521235811,0.00218185619164408,0.00178302361389057,1879757062.90676,2182429659.49415,8562.48235482902,3013.76044622462,1529.30166140428,36247.7826186496,61830.5628298436,243066.316633686
tmp_01026,tmp,1026,2,30,9,0.000745225937573255,0.00185503685860949,0.00341734008234512,4959756003.32569,2894162715.02088,4896.49808927648,1286.94868586078,354.798244360976,40720.6559504559,58194.1277183655,126383.757488152
tmp_01027,tmp,1027,2,30,6,0.000992526344138823,0.00258074267968153,0.0022220721691011,2988708386.06464,3912271854.17555,16190.2315019229,2255.00177291391,273.602225057488,77545.1300310237,84157.0968041414,96047.1983565665
tmp_01028,tmp,1028,2,30,12,0.000728262970659578,0.00517498377051702,0.00218797292779898,3077604530.60509,1674455778.76841,42857.7374668204,7748.41391623189,1274.28727144833,45012.8528645062,77133.3692891034,272146.109880417
tmp_01029,tmp,1029,2,36,9,0.000825100173095978,0.00246547665338024,0.00283923248076814,3634443234.99319,2569349090.81244,7421.36486083782,1317.72312492373,211.180414408125,58643.2564793645,73701.589919723,113921.675801369
tmp_01030,tmp,1030,2,30,12,0.000554487561634113,0.00202900035518378,0.00275806510761186,2743285084.84859,1782832534.06138,3210.88674543214,1046.15554024705,425.296331222163,13924.3288340549,23434.1665390953,85650.6266472922
tmp_01031,tmp,1031,2,30,6,0.000668685840851101,0.00249224975593494,0.00161369107433768,3234317178.41195,2696345831.60619,11412.935525823,1435.46032835712,163.946249652937,37696.6310542312,43946.6111330342,58427.2708459705
tmp_01032,tmp,1032,2,30,6,0.000893964197428983,0.00284773011716648,0.00286736545563223,3862107293.40058,2098658562.65018,9839.75179597071,1407.98025184973,173.797075148863,54653.4824750374,56706.5947247251,59540.5274517879
tmp_01033,tmp,1033,2,24,9,0.000800858882036164,0.00572967374883725,0.00203863733251103,1298880515.96215,2682374378.43396,118028.939677469,19853.346133772,2849.68764567967,24702.5574775635,50487.0885966816,242179.843412019
tmp_01034,tmp,1034,2,36,9,0.000948595942592212,0.00524457782050825,0.0034461054877621,2026199187.68258,1347413042.38429,17880.3510075678,2032.21078127458,216.585676831157,44282.3551054779,59425.134375983,109752.7659745
tmp_01035,tmp,1035,2,30,12,0.000888708867052429,0.0010892550914418,0.00123965478605093,2412220660.96957,4919998669.7716,5971.50152558269,1915.5128689599,767.221370204883,91338.9731603234,134522.533158978,310463.264462767
tmp_01036,tmp,1036,2,36,6,0.000625756548217879,0.0059851432704717,0.00236519247172425,1670986633.45173,2495644000.08951,22148.9731026278,1303.66497969482,99.3169793486187,15296.2760802843,21155.6591624627,44888.9008131505
tmp_01037,tmp,1037,2,30,6,0.000774642370754818,0.00226253752618903,0.00203632229238503,2775985932.7346,1750602215.60636,6149.56387573089,905.432764436473,115.305404629437,35770.6446652326,37295.174194308,39432.5065271668
tmp_01038,tmp,1038,2,36,9,0.000794090338739154,0.00435587376990113,0.00283520959477869,4406909198.05011,1310024861.12775,13914.3948862783,1765.4360381962,208.380763236248,64425.1785954358,77708.7944561243,110031.563741393
tmp_01039,tmp,1039,2,24,12,0.000782504586722185,0.0040157654433371,0.0038088025436636,1710853647.47845,4542740899.41107,42654.0129865057,13643.9462090449,5863.42545246344,17527.1946195683,37264.9286755743,266334.689965896
tmp_01040,tmp,1040,2,36,6,0.00062281075535376,0.00257471753713841,0.00173164408217239,4208888197.8793,2620948317.79209,7521.65573057437,769.121072871301,82.8374202730427,41525.0866784503,39196.6613913767,36395.9611548112
tmp_01041,tmp,1041,2,36,6,0.000777093901807079,0.00569249430726342,0.00184436385632694,1358466740.99874,2477251716.91894,22114.4246536983,1355.61940571067,112.078156315681,28863.9522607938,35618.529449451,55876.6894673233
tmp_01042,tmp,1042,2,36,9,0.000952909908054022,0.00500911622260745,0.0020868865846479,4650897812.12247,4036294189.39497,66886.0656404204,6736.86835783383,670.040954817646,166797.429691245,213493.812580885,350349.272182608
tmp_01043,tmp,1043,2,24,12,0.000628664176846426,0.0027667452923683,0.00273510938652607,1603409078.92494,4592096872.30359,20866.3139862432,7416.40096114504,3792.14370971779,11684.7032578742,23842.9623736486,165005.676460561
tmp_01044,tmp,1044,2,24,12,0.000855097829665169,0.00275631817089814,0.00172300574245859,3261033852.14773,3426578454.7262,24913.7646568744,7799.7216978584,3257.40298238774,73433.1434578202,125995.696605208,496893.596861268
tmp_01045,tmp,1045,2,36,9,0.000760476427543145,0.00486462172845894,0.00373431872789293,4088010213.22616,2162850042.36995,22167.2523612848,2674.30357593919,291.981781936009,43944.3963631402,62564.8706191813,135525.615202706
tmp_01046,tmp,1046,2,36,12,0.000785402588783775,0.00182820996947369,0.00315387710698785,2680735330.46235,3778463698.74782,4324.61533032068,1220.94303372777,383.720256979086,38320.9711068147,59249.3409177788,163296.380807847
tmp_01047,tmp,1047,2,24,6,0.000523592390213184,0.00461375836971138,0.00355663227684228,1597337554.35174,3551902271.82406,48522.9733856681,6972.91356866378,802.835408983613,5515.37166766626,11947.3133339049,53793.6098363355
tmp_01048,tmp,1048,2,30,6,0.000651752191626071,0.0045910623022916,0.00292972972452293,2324298522.54496,4949283880.35631,47838.9367055859,4321.63280076593,357.624136679723,17426.6445011522,27658.8516225892,81556.3097114019
tmp_01049,tmp,1049,2,36,12,0.000814823744087358,0.00309106084827286,0.00326149597091549,1220482037.35041,2067497771.66919,7770.73330496409,1694.2367628615,363.620167112006,20464.2479561721,33527.7768204666,107438.992544336
tmp_01050,tmp,1050,2,24,9,0.000917793744063507,0.00133772295447434,0.00394018695735716,4609382422.57721,4695079647.59156,5328.9265278929,1937.77861554019,931.170956096951,45658.6358542156,70798.3514585645,198964.575829478
tmp_01051,tmp,1051,2,36,12,0.000610802685673222,0.0056161136097177,0.00222337031133138,1614875760.08502,4905080956.70434,117631.949868726,14944.6484501777,1592.69193847565,21009.9863122435,42853.301315641,222440.102735322
tmp_01052,tmp,1052,2,30,9,0.00067656741488103,0.00465415059584445,0.00353359516266167,4917397692.11375,2762010441.02949,34476.2299736109,5627.94040201752,801.639252685851,35284.8905777369,57443.3454911049,173838.023506337
tmp_01053,tmp,1053,2,24,12,0.0007912284515502,0.0029491358505814,0.00356989906801244,4815078134.86286,3869185449.4194,17759.249314326,6458.9496590992,3448.58508679127,43923.9156816202,78064.0885179014,366655.958867963
tmp_01054,tmp,1054,2,36,9,0.000589882906332346,0.00224546613421329,0.00319663255056933,3220435754.1661,3741470409.35609,5995.21315497014,1150.99103692281,202.117567461046,19460.1621553803,29373.4344844161,76031.6310123971
tmp_01055,tmp,1055,2,30,12,0.000874803415522521,0.00123327584453983,0.00313990502466102,2035343861.22737,2395689837.95331,1960.10388226586,713.506746403462,352.474492315892,29842.8041253136,46352.2670530856,128474.505502244
tmp_01056,tmp,1056,2,24,9,0.000585103830494118,0.00556062328075202,0.00165540931946494,3253114476.15645,1654035515.06402,79997.5977712771,12885.2921611594,1752.19385978373,27030.2027290451,49959.066647438,199998.524650435
tmp_01057,tmp,1057,2,24,12,0.000565753221356692,0.00333357966052665,0.00381275991498587,3739258248.56501,2620049118.79255,14995.2126432714,5269.29428704644,2646.95355330725,13192.029844723,25413.562619153,152716.48055753
tmp_01058,tmp,1058,2,24,6,0.000895239520024212,0.00263313957750623,0.00217086884928542,4454418551.84745,2086416266.55116,15209.3836916083,2793.63376963042,442.305609086536,66101.6346137971,78425.7528139309,105298.805210462
tmp_01059,tmp,1059,2,36,12,0.0008249666234624,0.0036513499343817,0.00364535594268384,1781079609.69446,2996437758.04885,15782.7213736335,3209.27356429391,621.694397197106,28454.9334686601,47625.786015136,160628.546276882
tmp_01060,tmp,1060,2,36,6,0.000926265958631394,0.00248593841469315,0.00104560117230791,1393439825.31002,1402405176.79278,6033.73181113655,653.978437187226,76.8088426610004,57262.3747274986,35797.674332917,21887.7031788946
tmp_01061,tmp,1061,2,24,9,0.000562760641042543,0.00292342921387216,0.00130531199186938,2779104826.06208,3465668543.26195,37371.9494848632,8280.6408309092,1801.68470089852,26032.437969312,46669.3120417518,179162.746614629
tmp_01062,tmp,1062,2,24,9,0.000692930281723072,0.00584753372753481,0.00188577445209846,2519751854.69217,1804772365.74249,89688.3849696473,14579.0232316023,2006.78755237163,30574.2231682654,56567.3132709625,226846.293619508
tmp_01063,tmp,1063,2,30,12,0.000523669550396091,0.00570120782828804,0.00375145644735104,1304568884.45441,2190387890.71436,44676.5665677514,8939.99365085502,1691.06210933597,6102.2043554887,15854.9533253114,108369.67286621
tmp_01064,tmp,1064,2,36,6,0.000923176909674532,0.00290393156236665,0.00326149777460834,3507155046.5037,4123784202.97325,10863.7469791266,1207.32377562925,130.548823855306,60963.673965033,61123.3819386634,61841.8382946574
tmp_01065,tmp,1065,2,30,6,0.00069336849756769,0.00480931889908553,0.00307208982848492,4374494400.79018,1748426472.08991,19424.9061096012,1893.0355794544,182.130379518573,32017.154535921,40230.4746058426,64099.9876737609
tmp_01066,tmp,1066,2,36,6,0.000792284554603229,0.00247928843556312,0.00325799061206321,4305548839.09216,4109282808.75458,7819.64946340717,943.94603838574,106.90757137348,47393.6224060172,48875.2203270953,51591.7269981319
tmp_01067,tmp,1067,2,36,12,0.000534338348546021,0.00111944732622806,0.00162471435284251,3506577486.08904,3695736024.41762,2347.21499934479,693.598626667719,234.683435756012,29436.7731543067,44382.3204233479,113076.349468808
tmp_01068,tmp,1068,2,24,6,0.000567225497030854,0.0051054190474935,0.00342645177199256,4625947158.37652,2774016347.90274,51157.7007853235,6810.83808728736,738.05665007032,16141.4534192761,27645.9173688616,90109.5773675628
tmp_01069,tmp,1069,2,24,12,0.000555935136771489,0.00377667808762229,0.00162124182253178,1074946045.26686,4746737731.94766,79250.7478941309,20809.8537095962,6358.24137335841,10920.2359213431,30103.3480537339,277438.673442802
tmp_01070,tmp,1070,2,24,6,0.000992855374217259,0.00444950235780298,0.00311297928715608,3245390774.22316,4498902505.6042,66180.4925008932,9546.80934759958,1154.51148191118,58657.5250606984,87854.3294258873,210769.397613907
tmp_01071,tmp,1071,2,30,6,0.000828785344649969,0.0015619704817691,0.00339274102429669,3000315535.98094,4093162056.59086,4237.36971524867,822.728777332634,140.846054382754,29066.6207968583,35566.7079522584,51987.6901364768
tmp_01072,tmp,1072,2,24,9,0.000795285360044599,0.00585383735808504,0.00349251779795658,1421214075.92782,3710077723.35512,110353.791709502,21611.6830844978,3865.92734940267,17698.9344876496,40779.7958409057,223430.638806056
tmp_01073,tmp,1073,2,24,12,0.000558370077538137,0.00173318232907784,0.00188449439650805,4331560093.11467,2893489573.57228,5881.83124199328,2319.8670101741,1427.82640766135,25107.7315933365,43612.5810798106,189614.49307249
tmp_01074,tmp,1074,2,24,12,0.000884904798787054,0.00387539192018777,0.00141644669051164,1812194414.53992,1089653673.63778,23588.5972125062,5887.83673763613,1661.04722978977,53541.7691086759,89287.4687000081,305407.198664329
tmp_01075,tmp,1075,2,36,12,0.000565510811926805,0.00232620182675543,0.0029281298977607,4772795679.17943,1134360901.69538,2742.35771109343,670.505078849566,172.109467489594,26261.607855253,38289.7025817332,86943.9389652253
tmp_01076,tmp,1076,2,30,6,0.000594071842237244,0.00281408391118882,0.00326199512407285,4289035933.48743,1544416916.78992,5328.63532627681,756.715848869325,96.3323435735712,17736.2720871267,22067.9912002842,33988.1933962404
tmp_01077,tmp,1077,2,30,12,0.000958628172722652,0.00438320763836418,0.00116336857061485,3315576916.78926,2939258881.21163,84818.4086710897,14200.1288895348,2144.02065815601,189478.081138648,288078.186885267,717782.703855153
tmp_01078,tmp,1078,2,24,9,0.000808244407605268,0.0021106295228549,0.0014196449278044,1162807270.29608,1761483118.8643,8320.33974764106,2248.59366333811,669.559768508435,25488.2307992932,40557.3161787518,118163.148661361
tmp_01079,tmp,1079,2,30,6,0.000525175370373458,0.00224551319426891,0.00176568144299663,3509410635.63492,1522355278.50705,4853.48679337014,666.3271482196,83.28846492872,18014.2803175592,21326.6021331043,29259.7879441674
tmp_01080,tmp,1080,2,30,6,0.000815456061638177,0.00163917056147798,0.00337320765314847,4169532192.0268,2295728757.69119,3764.19946519488,683.120098256834,104.905010582463,33627.9058502496,35432.8291179046,37510.5527373733
tmp_01081,tmp,1081,2,30,12,0.000718747663516284,0.00561448503540593,0.00209867280945684,2970163091.40736,4527059198.78176,146150.977774206,24623.1751952105,3619.67531482417,49041.8358924416,95731.7106227976,460466.02940643
tmp_01082,tmp,1082,2,24,6,0.000726882571430386,0.00336642840263756,0.00174438822121853,4963582123.548,4241493776.81261,49215.910434046,7146.08198119958,880.299404353463,60174.1944818493,85614.2231116942,180321.572636953
tmp_01083,tmp,1083,2,30,9,0.000918410013664529,0.00226904694869346,0.0011564153023376,2232925104.70696,1771211092.24683,12246.784474075,2290.65769165372,388.70609072892,94189.6388451933,111687.162606347,149249.765697103
tmp_01084,tmp,1084,2,36,9,0.000976608970711847,0.00130834934476497,0.00370620941179913,3418639572.35238,4071426729.35075,3737.92468328639,844.121639496572,179.963159298011,61064.8446023382,73678.8692497059,102894.154213594
tmp_01085,tmp,1085,2,24,6,0.000612072228738461,0.00255918961258669,0.00351298392427014,4342523585.48874,4102210168.20243,13213.1871705275,2773.6217244973,525.309073243476,16874.5691667746,26405.2308664977,73684.1679184684
tmp_01086,tmp,1086,2,30,6,0.000824486235583571,0.00566130582316995,0.00207030335795113,4243387418.12522,3841858937.5652,68168.030371956,5397.28933923959,464.615063033006,78788.1821117822,99801.832352212,163028.097801599
tmp_01087,tmp,1087,2,24,12,0.000959250966923672,0.00130722718672917,0.00281316226869534,4360920750.91384,3828595410.22033,5040.38931762144,2109.82519468979,1459.94455876847,69677.4147668566,113291.772176134,357707.746706255
tmp_01088,tmp,1088,2,36,6,0.000897386788041858,0.00237169842299745,0.00123303034863552,4698227849.6125,1354884137.55537,7481.30412288657,857.096353659836,111.116619963765,97240.3816688776,42567.8397971885,21324.6667443729
tmp_01089,tmp,1089,2,30,12,0.000536480612334453,0.00464524665502735,0.00170173640561272,3590445274.21465,2177317205.83089,50816.1341837753,9049.77548929293,1445.67021197992,28849.378243348,52968.3307186876,222725.18658274
tmp_01090,tmp,1090,2,36,12,0.00061374111363784,0.00514081366385176,0.00298280962787779,1732130664.11393,2229571751.51551,33956.5871405292,5112.77867916163,661.476665635205,15352.0366254892,28106.6026098362,115518.186222657
tmp_01091,tmp,1091,2,24,6,0.000808989965183347,0.00597064633936095,0.00180163582703627,1722370689.71588,4028225842.6541,157019.144680302,15424.4856760126,1297.21137531578,32716.1323300429,55916.4641105564,187744.374402446
tmp_01092,tmp,1092,2,24,9,0.000534030236333785,0.00131270613627402,0.00122270553446617,1942762631.34995,3891434236.80767,5683.81524823335,1880.69762626251,757.016680378936,15365.0972332764,25644.7285381904,91178.0160661254
tmp_01093,tmp,1093,2,36,9,0.000552060541649656,0.0017107754615809,0.00249023013209386,4260166215.03962,1301259422.47492,1980.87448295329,402.609466945354,77.8403306407809,22508.6044833357,27864.7235458717,41371.7580903661
tmp_01094,tmp,1094,2,36,9,0.000988965649965659,0.0019295400326628,0.0022335458990395,1288299771.21575,1296906725.62237,3299.53498889266,612.207615426981,102.188864883269,41211.8618850539,45839.1671171695,53920.783370202
tmp_01095,tmp,1095,2,36,6,0.000585709204352994,0.00397607975932143,0.00333192379890934,4151628689.97503,4488992189.80045,18183.2565188417,1422.50194847394,121.605576756147,21649.4089733249,29189.1610726095,56924.8111940342
tmp_01096,tmp,1096,2,36,9,0.000896423956751,0.00535242042028869,0.00334512269270745,4461619851.75296,3597624153.47257,49809.0466789189,5407.11282684524,545.109627947458,87390.4716424235,123064.573293414,259157.391108296
tmp_01097,tmp,1097,2,36,12,0.000579610310304128,0.00409992851663517,0.0033909173461762,2872290756.85997,4239113098.90855,31635.6482412274,5808.28498399062,968.310187688651,19171.2005414181,35094.7848549143,143643.366669402
tmp_01098,tmp,1098,2,30,6,0.000515660256546975,0.00311108587403805,0.00108814988333162,4197245437.15584,4952922342.94495,37565.8235775707,3341.78933547905,294.769402595906,37426.6424889167,50772.7613063043,98182.5481416568
tmp_01099,tmp,1099,2,24,12,0.000602570685806469,0.00367010373864385,0.0016455344566052,1678535205.60203,3475757776.55016,53217.0438385636,14245.1538986336,4510.90038185801,17500.3099992261,37712.920513194,258289.487044225
tmp_01100,tmp,1100,2,36,12,0.000669199099455812,0.00519770285938462,0.00293322101366492,2630210402.8269,3318539251.31691,52909.1316990016,7869.84495726739,1005.7205105553,29690.3069109249,52850.5800447365,204368.480549527
tmp_01101,tmp,1101,2,30,12,0.000631677918027454,0.00259727204761828,0.00142048867542809,2087335522.19857,2591411694.33169,15049.763348484,3615.1133536075,920.079125226166,30696.4626287727,52186.9641607029,186020.185242795
tmp_01102,tmp,1102,2,36,6,0.000699793454934016,0.00357299689623487,0.00371045088699921,4050923848.60051,1966150578.09345,6897.91517872042,681.540352164595,72.4748627382335,28302.80977696,30216.6162804972,34366.0554082153
tmp_01103,tmp,1103,2,30,12,0.000582437394678017,0.00114284067660459,0.00240361689102692,3243661694.3633,3309831315.48826,1965.47899505697,748.219171034941,396.477853775161,20172.8752329934,32894.760395865,109880.026263096
tmp_01104,tmp,1104,2,36,9,0.000574335834344693,0.00290890850573707,0.00303245038839379,3639466985.87622,2126961065.80836,7082.20786320723,1134.97769726228,162.771348290518,20868.9175325038,30422.1427114394,70493.5941752989
tmp_01105,tmp,1105,2,24,9,0.000542642746198387,0.00103076159586499,0.00384981929205827,2925107504.12205,3100100056.15233,1304.74144920287,535.793708650578,328.279668876206,7218.29640285549,11848.13925581,43210.566552188
tmp_01106,tmp,1106,2,30,12,0.000863409026969287,0.00180612164980317,0.00148285734008423,2464566496.22102,2517076604.79886,7321.52259963766,2075.81196279354,687.78425845529,75402.4695597844,111725.657771462,262034.854891751
tmp_01107,tmp,1107,2,30,12,0.000553726890468088,0.00354943887124294,0.00169986625766931,3830968021.42594,4548827986.90357,51244.2106907016,10771.0920187238,2210.68436983948,34817.5569624744,64682.3282593089,282513.705163778
tmp_01108,tmp,1108,2,36,9,0.000521483782056127,0.00161915909987168,0.00236900544318094,2206365015.0687,1026908110.26287,1194.30419374627,251.805417978855,53.9122374530563,10926.9831004287,14558.221360033,26180.8276325845
tmp_01109,tmp,1109,2,36,6,0.000906148053567868,0.00596661024159232,0.00103485201745199,4610709255.5259,2740501252.62791,34307.1397010275,2862.33215589407,305.172755014149,206820.870496769,145829.955230752,99111.8229895997
tmp_01110,tmp,1110,2,24,9,0.000681225918214282,0.00585874600374684,0.00386782762972267,1317924505.70652,1381000402.20361,37874.9640620553,7649.20173353006,1436.09580476617,8690.18758862199,18388.912674196,91450.9522838083
tmp_01111,tmp,1111,2,36,12,0.000905200609223536,0.00165591163857031,0.00252165071389475,2471461803.78732,3291537911.79624,4450.72211524286,1198.72790912748,352.458656861576,62383.2451745613,89172.7251040147,191622.008573219
tmp_01112,tmp,1112,2,30,6,0.000831734815386524,0.00136588598098833,0.00281674750353158,4765639536.40184,1048162560.6278,2780.46405018582,431.116610595425,57.7154785769851,31717.98282623,24247.8661078152,16875.3093936853
tmp_01113,tmp,1113,2,30,9,0.00072880685352829,0.00405734443234598,0.00337952320552081,3217657724.36094,1765597509.65799,16385.0459674123,2901.57584314465,461.519455748221,28774.2558446419,44801.437831432,121132.248812103
tmp_01114,tmp,1114,2,30,6,0.000909653542557686,0.003522495652201,0.00161081386454932,1707182586.92228,3016531859.37351,25404.0020339964,2530.31998932934,249.339952797294,52292.9532036985,62478.5498616593,88480.7306864468
tmp_01115,tmp,1115,2,30,12,0.000790521093328293,0.0038336401014222,0.003281122141809,3376058651.17468,2356572605.20599,19273.934559488,4707.77546962098,1229.89099992997,41992.8847025892,71177.8449593447,252213.621136499
tmp_01116,tmp,1116,2,30,9,0.000582107468326274,0.00397092831767671,0.00127287921905818,2915749697.44993,1562785574.9213,29170.7508999096,3800.23755890099,431.380002927973,34650.9795993891,52324.3869419178,129375.868449726
tmp_01117,tmp,1117,2,36,9,0.000748111796323912,0.00531969540237197,0.00362389598208163,3397371452.18593,4336267658.25911,53976.5594952178,5842.21684974852,560.49591497117,39249.1800730028,62131.8776498678,181791.818377091
tmp_01118,tmp,1118,2,36,9,0.000697099089099209,0.0040581705258381,0.00271798565963734,2245969031.87398,3394796814.92105,27106.7601766331,3237.90350733698,339.350667020326,27437.9547817482,42633.288956078,117999.45536653
tmp_01119,tmp,1119,2,30,9,0.000701801048410165,0.00355035288149964,0.00180011933355662,3769346399.00226,4498770617.50693,48153.6011168517,7546.93998931965,1029.60207345635,57573.5024132101,91183.1835880416,256507.295351345
tmp_01120,tmp,1120,2,36,12,0.00058622833176203,0.00549486668752888,0.00294421961076688,1329166331.70712,3029731497.62287,55180.1309551287,7873.3160694527,951.430097180262,11648.5323297732,23785.4372460401,119716.840064851
tmp_01121,tmp,1121,2,30,6,0.000779832621884019,0.00230389688420234,0.00235147026311594,1349202721.50681,2102975216.09748,5564.75983058815,803.735418406603,103.39917920182,17703.737158457,22462.0214305072,36303.2950571948
tmp_01122,tmp,1122,2,24,6,0.00054677418988415,0.00287875258035169,0.00296528003587554,1508109425.61301,2294726081.96185,10970.6864159133,2031.64049002008,321.901349389684,5578.17131511996,9484.56926347212,30927.9982457847
tmp_01123,tmp,1123,2,30,9,0.000682519404093606,0.00296095696902822,0.00387430979986696,2107585179.79595,1655929933.31006,5954.51145560872,1333.01780857412,289.715659089114,13802.311231584,21971.9375058605,64768.8207617152
tmp_01124,tmp,1124,2,24,9,0.000514594289166052,0.0010899794242627,0.0025663234464501,3824429384.35123,3737462828.41147,2323.93941050934,905.307917764532,490.007068546196,12046.251844747,19713.8758353988,69102.7566440111
tmp_01125,tmp,1125,2,24,12,0.000781198362114243,0.00530751695697641,0.00383738328183544,3263401932.19896,1778150594.50473,36241.2531692497,9986.1131366255,3335.21018956832,28323.5136121831,53717.2848175515,283369.673472498
tmp_01126,tmp,1126,2,30,12,0.000862475728409575,0.00382151854081699,0.00107845090986716,1510690963.84169,2898663283.5826,59952.9698472452,10526.2153831174,1665.35703436054,72813.0064768572,121807.66766641,401307.03358883
tmp_01127,tmp,1127,2,30,6,0.000774801721373636,0.00314373156656478,0.00378484669675655,2126887328.58336,4886895646.61106,17248.4546372377,2263.64490214944,253.637341288654,19313.8563258458,28505.8447450439,68756.1452065192
tmp_01128,tmp,1128,2,36,6,0.00093973170266918,0.0019742813956041,0.00369748457635951,2956152345.92187,1798540476.87349,3130.25093903693,436.802740599151,55.6417997608286,37172.7969958282,29108.9830354057,21058.4493268737
tmp_01129,tmp,1129,2,36,6,0.000690191658529681,0.00578653277102939,0.00343341745095543,4062517305.07693,1450349127.58163,11901.1825697983,880.437512582648,83.2241969760607,30486.6898376038,33256.9970287676,39876.6198826991
tmp_01130,tmp,1130,2,24,9,0.000637597236380451,0.00420901666537355,0.00167208221116154,4906972170.70261,3477748060.89756,81255.9780585638,15602.6270328281,2733.67463054245,50604.5532728113,89426.6718809161,325805.049061494
tmp_01131,tmp,1131,2,24,6,0.000746971343642764,0.00141881174900248,0.0022580050116199,2907537336.85476,1901755392.647,3703.75411780843,857.026915624914,186.405050256267,22412.0401107003,28557.6902792214,45516.6951842144
tmp_01132,tmp,1132,2,30,12,0.000733676758995712,0.00504661501775351,0.00247418759751178,2444086983.23414,2317159308.37035,49376.8315769035,9388.8500595046,1654.14782834887,34337.754898192,62370.4030295057,256430.86453821
tmp_01133,tmp,1133,2,24,6,0.000684239531760733,0.0013320760585548,0.0038144703084304,3552297584.77705,3698384147.87375,3053.60284593648,846.703397893448,245.273223592203,14361.3485952867,20856.1188732632,49343.9552733677
tmp_01134,tmp,1134,2,24,6,0.000824695659857511,0.00513085568722253,0.00372913694319968,2009916245.83084,1620448681.75463,29101.8522971912,4019.98643860853,460.776479247346,18083.0160324526,28254.9860162963,75134.0383277803
tmp_01135,tmp,1135,2,36,9,0.00057177103972668,0.0018810427936741,0.00267296886760505,4192952079.31241,1204685130.20012,2136.21993092801,424.090631437901,79.5496079950125,23065.4935819288,28514.1200708735,42211.9883097745
tmp_01136,tmp,1136,2,36,9,0.000893137798396099,0.00583929756075165,0.00214346238692769,2776551324.7662,3300700683.99008,71595.0609002498,6241.12926154,545.417285108247,84735.2086766894,119917.942179583,257962.190120476
tmp_01137,tmp,1137,2,30,6,0.000545748419379747,0.00177440416788121,0.00209018602653319,1743137530.88209,1705034885.48111,2577.06149776588,418.873653927359,62.8271096191586,8895.01330479227,11701.2835959915,20787.7447208532
tmp_01138,tmp,1138,2,36,9,0.000782828255943911,0.00524050968198826,0.00285772852394872,3813533002.70956,4501859736.52383,64090.971047707,6503.32789026993,605.79377403993,61391.6913493063,92855.4574632823,239578.969972718
tmp_01139,tmp,1139,2,36,9,0.000907411868848145,0.00424682735688719,0.00181518852344825,1592421573.10549,2372266410.41329,29035.4279229294,3034.65348570022,302.863216478366,58430.5258438499,79363.5482582352,151680.787336326
tmp_01140,tmp,1140,2,36,9,0.000666983535802024,0.00191381120839797,0.00314428705062101,2388673865.19932,2310519698.78447,2885.44916443799,603.018532930597,120.096232828394,19576.2846127785,27505.0806621248,57720.5004911025
tmp_01141,tmp,1141,2,24,9,0.000583055156129905,0.00315594435734673,0.00266382313150101,4056928315.78506,1909383613.45731,14167.7207910669,3686.48557200012,1029.06897213657,19719.7784382247,33676.5255436436,119558.913553193
tmp_01142,tmp,1142,2,24,12,0.000627871530315384,0.00344063935881432,0.0028348266527098,3939747817.2306,1087450970.83931,9215.71313118483,2934.87434892574,1259.22245958381,21977.5478401647,38465.6675947279,164183.980906664
tmp_01143,tmp,1143,2,30,9,0.000697102830154359,0.00103618088826747,0.00194370448393606,4919585836.14947,2899670847.26717,3510.07163158591,902.445673216877,236.906161933547,48185.3270806729,61507.6846972744,97753.8545883347
tmp_01144,tmp,1144,2,36,9,0.000995527370738313,0.0041254325525818,0.00378994944093455,2027005479.99173,4302174342.67156,28520.4856873943,3843.38143987248,454.740397062078,49749.7319977659,74299.1593878794,183883.588282672
tmp_01145,tmp,1145,2,36,12,0.000620446283365477,0.00470445959482064,0.00329283868872619,2092598737.53585,3274583374.16512,36277.5877595139,6008.89265461427,873.974129302708,17660.8464588085,32617.799222661,135748.228528316
tmp_01146,tmp,1146,2,24,6,0.000974672178212094,0.00532202418788868,0.0030134397491052,4524085656.17016,4943001382.29278,113552.769108638,14423.2523800325,1541.81892263337,80308.678628443,120197.136572119,287134.036929232
tmp_01147,tmp,1147,2,36,12,0.000811786831511961,0.00566534531438905,0.00107215927962842,3121520045.98576,1626201797.02464,69526.7414403517,7235.66609689719,717.795563026837,140324.083236315,193446.499817885,375778.008054165
tmp_01148,tmp,1148,2,30,12,0.00094452681761324,0.00442882534736441,0.00397821104507247,4711369020.3717,2614644943.09509,27527.2851033923,6538.61068015244,1640.88745711422,79348.073177424,130074.760846134,414799.27404191
tmp_01149,tmp,1149,2,24,12,0.000869906609709097,0.00551954529074761,0.00131683411803312,4859523724.45056,2392836766.60306,139319.509184182,28246.8412085348,5469.02056160906,150099.841932187,256442.781499161,930294.26344341
tmp_01150,tmp,1150,2,24,9,0.000790624065688296,0.001577813163108,0.00281924488798785,3405429881.49732,3804498000.51897,5857.99049039486,2041.91871401994,903.645072525431,33579.7721066903,53452.3998160219,163069.573171062
tmp_01151,tmp,1151,2,36,9,0.000573908570117513,0.00425683048388995,0.0012012555975884,3042208363.80816,1250536988.2647,19821.2232333796,1839.84344669388,175.442578882801,41732.6941534,53895.9812213724,90737.1102070589
tmp_01152,tmp,1152,2,24,12,0.000601089521024005,0.0054001558055284,0.00308381880989669,1139359515.71689,2811653313.25973,71483.5432905376,18406.059799216,5426.93303735465,8124.88609603643,24026.0923823204,233855.969933161
tmp_01153,tmp,1153,2,24,12,0.000899281478952614,0.00450517298920924,0.00299477446701402,4249177190.25368,3861344550.2948,62887.1348176813,17693.6955003969,6136.20590957389,69564.7626398155,127596.480670225,616427.000418857
tmp_01154,tmp,1154,2,30,9,0.000751513680517456,0.00231337193331222,0.00380643331370289,1919731330.72499,1527974042.6811,3281.78072350481,828.286273260182,215.165929836732,15863.5387571309,24051.6297495704,62328.572360303
tmp_01155,tmp,1155,2,30,9,0.000966708549954811,0.00204230705445319,0.00307053966861906,2095992984.44664,3303782121.36187,6786.56906501212,1701.6294869896,437.67869552888,43518.8144872561,63486.927940752,146213.950920364
tmp_01156,tmp,1156,2,30,6,0.000716838017439452,0.00528687870478131,0.00212973556723978,2954053137.92342,1380980798.5398,21853.8720194513,1857.49659672064,169.91469410056,34064.2040837809,41096.2530023491,59904.4504769825
tmp_01157,tmp,1157,2,36,12,0.000997972284133888,0.00444109627520173,0.00196711104097711,2033004832.91509,4331666558.86336,64921.8796009449,9502.94170381264,1218.43792262911,100497.403332087,159568.258937479,457130.547559012
tmp_01158,tmp,1158,2,30,9,0.000971908613040893,0.00538207847487536,0.00349284380851007,2379350083.34993,1843180039.55767,34579.3673790273,5150.81522305114,668.486359782165,48319.9456899771,74013.5325219348,190159.704432059
tmp_01159,tmp,1159,2,36,12,0.000802600478159594,0.00312014811751966,0.00183555644376082,3411102337.39265,3394598237.87233,22516.3628206812,4115.68084793347,701.262520778772,89235.0465235725,133449.345449876,323357.442848783
tmp_01160,tmp,1160,2,36,9,0.000549702935554573,0.00273195898795426,0.00261462730883551,2498761996.18254,4098265970.15981,12248.9013600398,1917.08126981725,260.484567021199,15958.9106488284,25372.3966076386,74946.349183611
tmp_01161,tmp,1161,2,36,9,0.00095006888848579,0.00450984868650835,0.00339338697975321,1744687947.16289,2983654588.95866,26772.3943251715,3254.16414305604,352.3137426643,41378.747887276,61233.4687339787,147786.623273025
tmp_01162,tmp,1162,2,24,6,0.000826107704100401,0.00276823525143899,0.00381908145991655,2033238309.64919,2228977615.13654,8760.195668379,1800.59570974099,334.916358631372,16634.974549406,24715.4361564787,60003.353055736
tmp_01163,tmp,1163,2,30,12,0.000674353960874977,0.00538150756189651,0.00116852734525133,1633339340.69754,1331677630.16192,61896.0272611535,8916.49894422507,1081.25453789544,35874.1676651771,62517.5429506377,230969.654999431
tmp_01164,tmp,1164,2,36,12,0.000734351744213587,0.00571230199867455,0.00177618946715129,3105003798.91804,3720776622.94912,111341.250668891,13024.8481395503,1311.17220619243,71180.0882909582,119263.961189222,400111.062859057
tmp_01165,tmp,1165,2,24,12,0.000743529384582477,0.00192267081832801,0.00222833039414163,1814388635.41158,1141736734.12148,2952.83381205718,1134.00313773398,668.088436208727,19631.1631767394,33006.5068353994,122664.395602584
tmp_01166,tmp,1166,2,30,6,0.000982070389438233,0.00451046090804018,0.00115985869314548,1623953448.80777,1444761932.69353,23692.6261198821,2213.73291412455,224.41154752124,77836.1423046355,73610.1206021501,68706.8252214672
tmp_01167,tmp,1167,2,24,6,0.000720711149763302,0.00146981818557963,0.00376292115398402,4505809376.26141,3008270368.92387,3729.59445062906,966.829755283675,251.82278167033,20170.5854600512,27943.0691841068,56826.6632786166
tmp_01168,tmp,1168,2,30,12,0.000643238365905831,0.00428446301479485,0.00299508131585942,1842709902.5106,4160137087.01601,47437.5857746613,10556.2049206966,2361.90884872736,16823.7853281862,34883.9910074163,186168.833582011
tmp_01169,tmp,1169,2,24,9,0.000567453039917329,0.00474057936813048,0.00340772466869059,4649543575.75808,2012165829.04342,35076.4783350947,7752.23057146568,1676.65084679931,17937.6597049423,33452.5288927285,138850.526258448
tmp_01170,tmp,1170,2,30,9,0.000783543699800074,0.0018667869643564,0.00373210653522309,2557962347.52386,1140340554.45584,2139.95746959836,556.781068197576,151.783010675595,21343.1583194547,29418.772461101,57370.4387128277
tmp_01171,tmp,1171,2,30,9,0.000637368997526289,0.00119062020399295,0.00180238305494945,3778403014.00172,4015521828.55305,3899.20700509926,1064.87949657135,311.066108715543,36180.6245050617,51664.9014412981,112243.057772008
tmp_01172,tmp,1172,2,30,9,0.000558140889159952,0.00321632609776422,0.00189964166697633,1117553647.2737,1903324969.72926,14610.2478367481,2467.87824021217,363.814993584255,9064.48457815964,15703.7787088221,55035.6549079173
tmp_01173,tmp,1173,2,30,12,0.000591302584628952,0.00437860287127934,0.00258913093579882,2658262755.45669,3193389588.37072,44066.5720065883,9259.20910093092,1895.88218547063,20395.4487891026,39909.8566104614,193035.040435362
tmp_01174,tmp,1174,2,30,12,0.000577643182285225,0.00426838606216929,0.0023116488746425,2210739700.90794,2629963964.43958,37365.2970379062,7703.10835490357,1531.54378229813,17555.1054217,34140.6827927246,163011.386634101
tmp_01175,tmp,1175,2,30,9,0.000814954354523687,0.00426470611740009,0.00333972460423464,2084265721.20776,4886908352.95299,49736.1925451036,8400.12784416439,1234.83240357556,30014.6626625729,52141.4704781916,183864.08302521
tmp_01176,tmp,1176,2,36,9,0.000896027727093093,0.00213526574689651,0.00364085476861564,3371161391.6297,3234636114.56795,5681.81473910944,1149.66345487796,215.62414870794,54108.4607531192,70022.9455806728,116512.855833431
tmp_01177,tmp,1177,2,36,6,0.000848828239936104,0.00159905994062962,0.00271333588296149,4080846592.47577,2582647487.71048,3822.74157202979,532.643692879224,65.7800223653869,48543.0385573552,36110.0302636963,24841.8179745455
tmp_01178,tmp,1178,2,36,9,0.000714882162323265,0.00377562372469183,0.00170030418893533,4366554563.34526,4068360444.95367,39676.156562219,4389.73820350767,453.49615074666,83895.6464098974,114999.470780699,224867.724111428
tmp_01179,tmp,1179,2,36,12,0.00075937864183571,0.0018163120502047,0.00101342534268585,3570422538.51326,4654126729.19723,14284.7257208808,3016.11754402659,624.766088449988,133263.983595465,182350.368033722,344537.321653634
tmp_01180,tmp,1180,2,30,9,0.000597862435416657,0.00458984607439834,0.00262644752901412,1184233475.83762,2096601205.25226,31129.617366924,4590.81984623928,570.792090578514,9233.4448342838,17199.994430022,69482.7766580433
tmp_01181,tmp,1181,2,36,12,0.000779934347630957,0.0011192292283694,0.00176492216428186,4031222326.97024,2237571626.0582,3249.84569912398,811.501245229739,208.554318328071,77856.0607166963,93661.6997929021,129281.030603201
tmp_01182,tmp,1182,2,30,6,0.000629114819603207,0.00391722299841768,0.00158454278587331,4902228791.07011,2318869604.00393,24364.7498293745,2301.14784942924,222.660729853199,50082.9438209063,58366.091001278,78503.0803399305
tmp_01183,tmp,1183,2,30,9,0.000539685071280169,0.00174249378870098,0.00346951747254635,2060841187.85276,1733574633.24164,1791.42990032564,513.582968654489,160.147706310451,7336.83882935448,11618.0384568562,35234.669629611
tmp_01184,tmp,1184,2,24,6,0.000964465537216756,0.00342656638675711,0.00393934702781448,2044722547.12314,1870952162.86748,12752.8893167425,2348.85304152299,379.977370530763,25027.5707897893,35726.9117812457,76919.8699673906
tmp_01185,tmp,1185,2,24,12,0.000673280486949776,0.00476840492928099,0.00269217252370716,3858974856.11214,4361645717.00448,89336.0713997033,23707.2918252299,7394.12600646954,33422.51776535,70083.3679968499,456442.814952661
tmp_01186,tmp,1186,2,24,12,0.000639123184897415,0.00501934617322794,0.00263898899164858,4651722510.98017,2866926800.96463,69119.2002534864,17738.9704450803,5213.47619658935,33409.8829758619,66647.0453114811,389000.253409419
tmp_01187,tmp,1187,2,24,6,0.000531055445625498,0.0022219833965104,0.00127529998425617,3510383333.05915,2851686449.37721,14973.1290036985,2545.87108205421,372.82447966479,22708.4830198803,32885.5339362968,73118.1528977135
tmp_01188,tmp,1188,2,24,9,0.000565231521904911,0.00296863528500873,0.00260779744422353,2711440885.64407,4636080891.96442,28315.6755829132,7607.42972287613,2212.89596982842,14569.6782234002,27809.2501915454,125830.514513596
tmp_01189,tmp,1189,2,36,6,0.00053523261540435,0.00422354605413095,0.00286923744154077,4824973047.83188,3683343642.36088,17872.101162877,1308.79401888341,110.772113512261,22062.9201690593,29041.3150563973,53252.6694630949
tmp_01190,tmp,1190,2,30,9,0.000909564843281029,0.00373185125630367,0.00131937376370456,1245768668.67689,3075981540.16951,47785.8874770713,6549.49971296289,777.033499107691,55182.1308093808,84842.6677480495,220134.412727452
tmp_01191,tmp,1191,2,24,6,0.000696696576171535,0.00374244727271483,0.00385545896056278,1097855477.69378,1885702167.61163,14496.5838076062,2466.70560751114,351.166149964526,6431.67809365952,10990.4698771322,35824.516224784
tmp_01192,tmp,1192,2,36,9,0.000945438846502605,0.00572519707366566,0.00132867742132578,3214359691.95707,1892153815.17576,53566.6474658609,4673.23488188046,453.678592703468,167114.766853729,187080.766360835,229289.797175118
tmp_01193,tmp,1193,2,24,6,0.000912291347000205,0.00456033017611393,0.00347942505518148,3544207104.96517,1727907215.4065,26249.5135472923,3952.0079134468,508.590678001054,41321.59604227,56846.866429107,109954.198183837
tmp_01194,tmp,1194,2,36,6,0.000777995666559251,0.00184012535031328,0.00239981475567442,2110000570.13564,4120813053.5264,4838.51310960041,628.335082696008,76.0493231349581,30189.9605439489,32526.008793446,37022.8087957924
tmp_01195,tmp,1195,2,30,6,0.000907844549014433,0.00182229121834456,0.00203107279794135,2975493794.85553,3445832379.13052,8262.74250842881,1337.37333054323,180.970851080891,59025.0884797793,61031.2617554678,63059.6978136034
tmp_01196,tmp,1196,2,36,12,0.00075818542214263,0.00253790432489122,0.00132315750179467,1360594981.56735,3752883180.80104,17956.1197517958,3344.86409397938,578.762002538732,43987.6064504394,70231.5751301913,205994.88879549
tmp_01197,tmp,1197,2,24,12,0.00095099324428893,0.00168236666755913,0.00238324530637003,3314630094.41146,3602445372.59349,7201.6483549721,2871.10389910292,1813.95859423625,66757.3030349091,110567.659199887,382901.194319391
tmp_01198,tmp,1198,2,24,6,0.000965762701436714,0.00389970342418725,0.0030514499395225,2681326515.06421,2096290352.86573,24066.5289685888,3830.38794919821,522.900429149943,42054.399696911,57964.2423882341,112809.220171538
tmp_01199,tmp,1199,2,30,6,0.000549726244350122,0.00588650384388803,0.00263546299234865,3364451752.67765,4973497607.87974,81735.2914370024,6127.38236452936,452.873069395529,17450.2500575868,28819.6268371609,97532.7973771138
tmp_01200,tmp,1200,2,24,12,0.000940332854994349,0.00445991848125057,0.00339591071052051,2589790762.93502,2886844590.19236,40850.7485163299,11955.1352630952,4435.74663340755,43445.4307266336,80459.989741494,404972.608204384
tmp_01201,tmp,1201,2,36,9,0.00067196051984945,0.00204921122591959,0.00107827085816222,3389515142.26179,4917257883.39204,16496.3170168805,2443.50197216894,325.559234395434,80815.2699725925,104126.185746761,171956.034039916
tmp_01202,tmp,1202,2,36,6,0.000706651407999624,0.00276283203615873,0.00294169787778945,1504202779.80071,4746188399.65453,9793.52391620486,935.616948617791,89.670640487536,15509.5936990762,20978.5249327169,41111.3029995464
tmp_01203,tmp,1203,2,30,12,0.00072286230308927,0.00460149418193385,0.00295331565758248,1754013869.53968,4326721598.66704,60835.604473724,12906.3815166061,2680.15533013413,22436.3196934462,45682.6997316998,236328.558405493
tmp_01204,tmp,1204,2,24,12,0.000670764032340756,0.00359680580420544,0.00136241239333313,4311322573.45815,2190231688.55449,38956.0329535133,10009.5983413629,2964.04974880417,60482.774850996,105610.736947029,425439.753410862
tmp_01205,tmp,1205,2,30,12,0.000996223721659709,0.002313854523749,0.00379384342374709,2975425198.08039,4911902122.15251,10270.3877956311,3351.01857820309,1370.27826878842,61132.3335990037,100507.531153621,338608.061472343
tmp_01206,tmp,1206,2,36,9,0.000897428343386189,0.00115331588707342,0.00327806899829326,2814047374.74614,1296428714.84653,1857.33031423402,367.255993004975,66.4350862676169,35649.0121845277,35816.5182941457,35138.8103208821
tmp_01207,tmp,1207,2,36,12,0.000885058763467337,0.00595511721865655,0.00318157336328118,2990331641.45843,2349228141.76282,51000.5281591524,7174.76461204361,877.208921571807,64576.5870278412,104028.495025033,310431.430659127
tmp_01208,tmp,1208,2,24,12,0.000694397880972793,0.00244795775460586,0.00165386816331237,4765029383.54811,3041371097.41526,16907.912014366,5547.84500586285,2506.14810956948,59321.2153363473,101279.726207703,395112.598465951
tmp_01209,tmp,1209,2,30,6,0.000829151448972299,0.00118462312165953,0.00315715356734911,4425270721.08467,4189799279.04082,3895.98087071827,762.043293367601,127.486303373113,38237.6678684915,41929.091197245,47638.0762760769
tmp_01210,tmp,1210,2,30,9,0.000924241200572458,0.00460634113674381,0.00294291732465924,2092296399.11664,2898245533.96332,41036.0268972077,6360.03983023677,855.127174223007,45007.7359358837,71851.3663068635,206327.146440344
tmp_01211,tmp,1211,2,30,12,0.000781974036402717,0.00223929257430833,0.00182869029566944,3833711135.3334,4587358367.04941,15720.8851784972,4363.70791808742,1395.37433814447,77778.0427173679,125369.386702104,386115.868420634
tmp_01212,tmp,1212,2,30,9,0.000754732727464162,0.00570350496675975,0.00293323301269083,3842947455.78043,1368885648.34215,33913.9352733287,4589.24740610177,540.360408836684,43165.0105832134,65217.5553450527,161421.402016779
tmp_01213,tmp,1213,2,30,9,0.000728677151525223,0.0044719800713178,0.0027333513672143,1732199315.41181,4848913256.14572,65321.7645941334,9952.37291345486,1285.26918807842,23009.0633380188,42031.3187994,163588.63464231
tmp_01214,tmp,1214,2,36,12,0.000956321418336368,0.00309686407010819,0.00372880995251801,4173916786.66899,1733882496.69916,7836.31839318035,1750.76536222506,392.28461752499,83974.3556936599,115014.410754302,217940.821964208
tmp_01215,tmp,1215,2,30,12,0.000676192400716456,0.00488472910897659,0.00108745930760132,3118409998.20983,1212870464.77474,47762.6939527455,7260.79558527567,962.177043268868,68546.3524166765,107751.96136293,295713.358646267
tmp_01216,tmp,1216,2,30,9,0.000767113971975975,0.00418973540062314,0.00200004412248447,2386493792.30457,2683091660.22314,40379.5098754478,5864.00048053509,734.64662071173,42758.8386618372,67506.3966090704,188034.836376253
tmp_01217,tmp,1217,2,36,6,0.000822959760981696,0.00545824134094678,0.0029679527742037,2855568563.88137,3899968875.37093,29291.2929294127,1988.83108650908,168.077588542801,44533.8266834857,54746.780172457,84689.5007658481
tmp_01218,tmp,1218,2,30,9,0.000501857392666626,0.00227716429754106,0.00146226662324377,3950495841.99909,2734238836.15653,11181.0834283048,2189.71238303133,397.850164929795,26309.7796395211,40566.1255766071,107582.724603576
tmp_01219,tmp,1219,2,30,9,0.000760780731069263,0.00105412373834188,0.00159740902946706,3473649699.23524,4995441387.82999,5110.69818491604,1357.5267775557,378.181133428894,59210.4736343136,80136.9867963084,148826.008438531
tmp_01220,tmp,1220,2,36,9,0.000753458117444553,0.00249281446989663,0.00122646853968547,3862959367.0239,1004744437.88672,7643.61399464643,1137.23472806103,147.84009124842,90406.5617622597,78441.4756028155,63637.4002530627
tmp_01221,tmp,1221,2,30,6,0.000731830055532336,0.00550181041152522,0.00130559424657591,2392009657.59498,3689094506.57812,71201.8061140842,4981.53750028962,393.593200469399,51120.7751973914,68980.6167466747,132807.211651294
tmp_01222,tmp,1222,2,24,12,0.000594269140312093,0.00194633620526829,0.00358501496647032,3179127323.3743,2074237917.09094,3321.87172915759,1420.32602363748,1016.72728439876,12165.334872006,21539.5740876298,104069.481224992
tmp_01223,tmp,1223,2,30,9,0.000799137885938091,0.00578989702868934,0.00136740710701049,1574186376.88793,3644806616.40743,151763.025169905,15303.5101821988,1347.34666664737,49886.2283678518,84481.5287216106,289754.227339047
tmp_01224,tmp,1224,2,24,12,0.000513132406597588,0.00151584546621027,0.00105858467696975,1761398946.69029,4572939009.29167,9507.76713439247,3569.35627853831,2005.41170183452,15661.9164452409,28724.4297891056,152788.439158095
tmp_01225,tmp,1225,2,24,6,0.000996912722946712,0.00249198382752817,0.00385691688361349,1247108895.55939,1938549309.12683,6206.0718687831,1349.27936371559,272.252322772005,16836.655144569,24223.7245561435,54166.6958203101
tmp_01226,tmp,1226,2,36,6,0.000933322516492978,0.00412446063404139,0.00370248557246401,4526805883.98268,4831615733.43947,21987.5661751437,1980.70114055017,193.922579816162,76334.0440319742,82344.64516506,95620.1289688859
tmp_01227,tmp,1227,2,30,6,0.000511503219297076,0.00260918288450038,0.00315701930441669,4899269302.22822,4298076324.74345,11035.1184639072,1553.52082730204,186.976156160067,15151.5775069685,22124.9828304851,52021.4474215259
tmp_01228,tmp,1228,2,24,6,0.000628770976849011,0.00164472817019781,0.00144851238168512,3369444260.28023,4793011042.07121,11408.8761670263,2386.76075946848,456.17016632483,30247.3250970575,43064.5012600038,93099.9921069919
tmp_01229,tmp,1229,2,24,9,0.000915186455046766,0.00181212302381247,0.00379473860033699,1118606564.87493,1275848667.06498,2216.54604629619,776.905714970953,346.93935400531,12742.4745901341,20306.9002298071,62197.6697939681
tmp_01230,tmp,1230,2,30,6,0.000763577329318431,0.00465616618684391,0.00260075431976674,3688901687.3864,4755815117.21262,51901.9189309624,4656.69363110011,406.934153517978,45368.8016686235,63168.3121322068,130686.840933419
tmp_01231,tmp,1231,2,36,6,0.000515451560993491,0.00553411463236241,0.00205973846340961,3659454136.72911,1411693711.11467,11973.1877000894,774.29189802288,69.1784519454431,19894.4183176845,23517.0218250509,33435.3288447384
tmp_01232,tmp,1232,2,36,9,0.000725999842889305,0.00109705336642017,0.00113930960306278,4537695882.80749,2799864416.05354,5323.28963184343,964.320770424131,149.698203692727,93545.2067818538,86660.2748442744,75704.9059558494
tmp_01233,tmp,1233,2,36,12,0.000704198655318757,0.00415807975425998,0.00204321935047325,1711236640.4998,3321629159.44487,39747.1935687547,6102.50890147622,813.18192248302,31198.7662573659,53867.9287354198,193437.739936656
tmp_01234,tmp,1234,2,24,12,0.000716057809783178,0.00327681260751515,0.00248633477795199,1485930507.26722,2184628893.09905,17286.044768716,5490.89806870365,2336.68691402055,15722.3485951679,29886.7966259074,166565.462465532
tmp_01235,tmp,1235,2,36,12,0.000734273620176659,0.00338646807370013,0.00270975707487436,2937757542.33267,1794009219.01008,10577.6425933112,2067.34161494937,384.404672124681,40580.5001831742,62265.1180049257,163045.980177434
tmp_01236,tmp,1236,2,36,6,0.000862538555548206,0.00420110012149749,0.00132299980087364,1045670096.20574,2183649011.62187,14273.3892205438,1024.8838735122,96.5863945291493,39091.8044294765,40879.2568066014,45418.0587468063
tmp_01237,tmp,1237,2,30,9,0.000809758408232579,0.00292665368313854,0.00294427695393138,3043642607.24919,1706321630.64588,8553.21483684786,1778.03572086216,352.251979186788,39168.6297358502,56038.7489413509,120500.788734012
tmp_01238,tmp,1238,2,24,12,0.000852828887223742,0.00386271328453287,0.00118278210813412,4985552782.39239,4484973086.22988,109827.731124348,26176.4872968313,6771.17797072549,163061.851886759,280981.093834863,1068194.43287296
tmp_01239,tmp,1239,2,30,12,0.000671764881529555,0.00492861046828385,0.00233594164813192,2871224785.60409,4084605769.86047,85058.7496439211,16094.8766066696,2804.50361395956,35090.5941349775,68271.1978972036,325031.383935926
tmp_01240,tmp,1240,2,36,6,0.000720061111703739,0.00386858405264233,0.00346164346583035,2731480100.51384,2500249308.27471,9894.77508978504,852.838677648584,82.4264283955595,23819.5561592017,28418.4724337674,40792.9731787087
tmp_01241,tmp,1241,2,30,6,0.000547241089556891,0.00595172250546258,0.00249632078784677,2440400801.5426,1798005488.50104,31181.4606247145,2329.53881990308,178.931931181049,12241.0136411215,18542.3751817671,48964.9069224944
tmp_01242,tmp,1242,2,36,6,0.000531710816735449,0.00120957567922635,0.00290366090196744,4846850222.02944,3033182796.67601,1567.99337515233,261.591387011155,42.1593192120328,16523.3355158437,17415.6717288139,18655.4048601233
tmp_01243,tmp,1243,2,24,12,0.000524668662200418,0.00344332759582179,0.00165001310820558,3994230828.18729,4698946683.62541,60342.1714728647,16733.2293002959,5642.75457954957,26508.8769500951,54499.0445110472,346459.333097143
tmp_01244,tmp,1244,2,30,6,0.00090994129164934,0.00494410523657021,0.00144468161617722,4786954685.33991,3352471613.48014,57657.3703678855,5152.06084766566,503.396304755082,153025.312460227,156421.319104278,164673.585733173
tmp_01245,tmp,1245,2,30,9,0.000935000774407873,0.00555158830190674,0.00366618339520234,3536453493.48988,2642810587.62341,51267.0391621216,7574.16034292146,969.706720814922,61857.6193353299,96428.6069825122,259721.607872419
tmp_01246,tmp,1246,2,30,6,0.000867754701322877,0.00536104182723768,0.00386598659285177,1105697850.15162,3473211766.83877,39928.7028018015,3570.87065719136,294.435151768566,14775.4014574633,23360.2683775324,68245.9108263071
tmp_01247,tmp,1247,2,36,6,0.000715337441140346,0.00492237183726581,0.00271707659371246,3427904662.61757,4082596873.80759,26575.4031849639,1833.27679733353,154.657057387207,38609.7678930584,48233.0948133873,77525.4892685248
tmp_01248,tmp,1248,2,24,6,0.000966390406769509,0.00112877588817464,0.00384446782170977,2614230752.22503,4164424841.61641,3717.02786185573,995.391422318744,271.10237586419,24489.2603228297,33310.2267216221,64297.05687935
tmp_01249,tmp,1249,2,24,6,0.000970716354040094,0.00466078216463707,0.00201558014806844,4198494740.43611,1275486289.5461,32801.6292045908,4500.12920399992,537.643332490801,89888.7776956985,100703.617516991,121764.133004451
tmp_01250,tmp,1250,2,30,6,0.000694171256946579,0.00442485457740247,0.00294342944481121,3144625458.11852,1088953586.59389,10697.1854671873,1112.41201638361,113.870221620841,23377.32347424,28038.4689747943,40064.8822605155
tmp_01251,tmp,1251,2,30,12,0.000868371803298183,0.00524797379494197,0.00215155653993701,4413370676.98043,2087001984.69195,57606.3665002272,10346.3706430403,1703.24673145717,104978.88572407,168124.771886882,488610.747181166
tmp_01252,tmp,1252,2,24,6,0.000949455086882851,0.00107475792110773,0.00117102298732529,2683651101.94404,1198733718.10775,5475.70326500941,972.049080284333,140.248753556605,45613.1536475718,39957.3281145842,32050.3562256297
tmp_01253,tmp,1253,2,24,6,0.000510748080023894,0.00375361747429035,0.0011289066256509,1336798407.41631,2230526813.44487,42037.614635728,4752.6034274862,444.494972627582,10305.1970449796,17722.6557181067,59116.0069084613
tmp_01254,tmp,1254,2,36,12,0.000921327550941498,0.00327629163443724,0.00357914895084489,2910315521.13272,2259693899.90937,10170.3418975593,2201.71334382951,472.380592360181,58733.3975334926,88171.6675500722,217502.951473729
tmp_01255,tmp,1255,2,30,9,0.00057616425014695,0.00149578340330497,0.00191349236629205,1143010142.73489,1859553742.16594,2113.73025846914,563.407948245495,158.286633485992,8786.78205447317,13709.7961465147,39123.9808678861
tmp_01256,tmp,1256,2,36,6,0.000875721803740671,0.00172914113478163,0.00219652746787237,4905372639.0505,2501314894.92076,5431.54229455406,702.273432038163,82.8187029418616,70903.9649252243,44646.3696702883,27015.5026343967
tmp_01257,tmp,1257,2,36,12,0.000816154402423086,0.00553584182108861,0.00377970305242727,2752535023.85394,2844781802.81632,43930.0608196852,6855.25069295064,933.861395218224,41463.8329060036,70447.5142895337,242884.41973144
tmp_01258,tmp,1258,2,24,12,0.000996749806121569,0.00433608988593755,0.00241577571585704,1014844729.39395,3306506992.64817,57543.7979867225,15611.7573427594,5067.92709866721,30433.1064633706,60538.6215007978,356798.100401946
tmp_01259,tmp,1259,2,24,9,0.000608328256563296,0.00565845569514441,0.00238248772632351,1715600788.07835,3677812069.72372,137069.763870238,24369.9617517738,3771.15399983287,14799.8850967237,37348.2204605771,226493.113658596
tmp_01260,tmp,1260,2,36,9,0.000850995973095263,0.00110919611039124,0.0019730998619477,1950076610.30814,1179498325.46328,1916.82755568421,363.933813478239,63.1738004822945,35938.5316059531,34520.3520669407,31668.039053271
tmp_01261,tmp,1261,2,24,9,0.000860043061512745,0.00167601182156656,0.00139109915247898,2866430466.6243,3423399352.041,11318.3759557218,3285.78518750474,1093.28663399468,69506.7844624219,103688.086195389,249417.432713993
tmp_01262,tmp,1262,2,24,12,0.000841270000194548,0.00164376497949112,0.00190140708601092,2165554836.81959,2771179532.9126,5547.76695051048,2185.84327598056,1349.070908931,39539.356870689,66535.8311160936,248694.550136833
tmp_01263,tmp,1263,2,30,6,0.000931618308850776,0.00249711387158785,0.00277297454592254,1887211785.38264,1754216049.85292,6001.23566013028,900.078880371663,117.249219847957,32096.8368688762,35339.1649284609,41324.1618852878
tmp_01264,tmp,1264,2,24,6,0.000620495859155227,0.00193074096830586,0.00370869493814553,1696107053.24435,3831672618.75304,5476.31787871204,1366.33388424311,328.564133037686,6871.47806636419,11037.8901465879,34239.6721694649
tmp_01265,tmp,1265,2,36,9,0.000544014788237763,0.00248520295994773,0.00259295983833121,1001716095.97824,1876760729.76171,4397.80430838623,733.468420518535,109.06762478513,6280.57115961956,10006.0932480253,29828.2897077059
tmp_01266,tmp,1266,2,36,9,0.000994638363152269,0.00181344827028933,0.00104721492918596,2783679843.71547,4829268158.85907,17310.6869292129,2821.11032491315,398.064158178406,190739.274109222,196284.237300546,201634.312400686
tmp_01267,tmp,1267,2,36,9,0.000780900626182313,0.00147365951439146,0.00233084275033656,3139968436.02588,3595103994.41662,4124.71669950823,874.903505576381,173.485983081457,49917.3040618605,62566.3195854066,95819.8519663251
tmp_01268,tmp,1268,2,24,6,0.00087468714588808,0.00320857880389555,0.00383892704564017,2073801419.63144,4059876125.60486,21773.4452677686,4100.42636416431,671.014845769626,21743.295771815,34244.0070482319,95273.0351082414
tmp_01269,tmp,1269,2,24,9,0.000911793302678309,0.00549673194291431,0.00384400808939687,4415789628.13582,3817326064.67561,90451.0229890224,18984.7329400977,3801.56192323287,59188.9642821642,105879.850340512,400839.314585199
tmp_01270,tmp,1270,2,24,6,0.000526182391211377,0.00396133232258083,0.0026048247709803,1851559568.9038,2535954130.22896,30312.2022277958,4349.31906514972,505.375153007874,7305.31160909308,13291.2088537195,48141.8517400676
tmp_01271,tmp,1271,2,36,6,0.000593903615484961,0.00196339247094155,0.00365545631845587,2046290975.23701,1337453062.42795,1361.24638666404,192.315802143655,32.0044403564264,8679.99661870438,9828.86878687822,12301.7870900058
tmp_01272,tmp,1272,2,30,6,0.000607296689502154,0.00268425373628714,0.00129528179061421,1580629267.23519,3684619937.20045,18594.8224519653,1901.54944135346,180.555091162577,19582.6841226323,27375.854792354,57138.1526558908
tmp_01273,tmp,1273,2,30,9,0.000604659886483954,0.00401726619768923,0.0035735706642433,1674099885.08293,4640008723.20784,37455.1692377965,6717.60072425197,1058.52511434986,10760.3281742612,20975.4098296545,89168.7150968785
tmp_01274,tmp,1274,2,24,6,0.000584575326039556,0.00188890731183519,0.00280575403782489,2837353509.1963,3714877447.79514,6663.26051692309,1553.68701547234,342.076145221918,11716.4854186062,18097.9965096858,49868.8843669781
tmp_01275,tmp,1275,2,30,12,0.000512712027518769,0.00466233191616023,0.00325041006450221,3703230742.52149,2045097180.52835,27532.9953800946,5968.50655774215,1283.90628655998,14620.5079367306,28214.5810445961,133455.393369251
tmp_01276,tmp,1276,2,24,6,0.000521808696556131,0.00588798902453358,0.00299457517473797,4376143261.0601,4094208559.77202,114102.370651363,13149.7975175682,1230.58195459346,15264.378478498,29634.5824106477,123922.600669207
tmp_01277,tmp,1277,2,24,9,0.000736182691827804,0.00475147197968985,0.00208449198165044,3407391426.36357,2035057819.75236,55068.490458518,10520.8824986704,1834.43192632286,42141.7785755051,72446.1423428242,247160.840212177
tmp_01278,tmp,1278,2,30,12,0.000973198475177307,0.00578448057658111,0.00205331902620496,1984331721.15288,2748402368.39383,98963.7219189536,16327.022166588,2353.80166997461,74760.2093819858,130268.901181703,479677.078974813
tmp_01279,tmp,1279,2,24,12,0.000708113594869698,0.00105099267993359,0.00141579289762849,1053073250.47307,3945861145.93662,2935.99170001539,1297.91399023403,1002.58055583788,16445.3827843145,28637.1410587815,128836.518718355
tmp_01280,tmp,1280,2,36,9,0.000941654492153453,0.00558333891858694,0.00173961041233711,2812213370.11797,1679852138.61947,39398.2757982412,3637.59113367778,355.146872453285,112997.162885188,134052.909345342,184869.739573054
tmp_01281,tmp,1281,2,36,9,0.000565038336993626,0.00143580758771568,0.00243880554065391,2616819646.35384,3469035163.11853,2479.56494970787,564.143087380365,125.567140676395,17087.1725534531,24685.6207924033,56607.336076544
tmp_01282,tmp,1282,2,30,9,0.000501950265711893,0.00486745120643345,0.00102602153500469,2979288304.14321,2158815933.52831,73124.4050905961,7549.43765410905,681.649443899977,30410.7808160202,50159.0919303163,159581.137255631
tmp_01283,tmp,1283,2,36,12,0.000996346020231963,0.00446223033156118,0.00235198841210277,1134598844.30692,2659800522.26452,34715.2057385338,5364.37832383394,728.243155767418,47792.2047180561,77883.1431089957,240084.510275013
tmp_01284,tmp,1284,2,24,6,0.000710361341771292,0.00316060501706537,0.00306243470125618,2153617771.68194,4239885408.01233,25580.7509455482,4516.98297509578,675.687743154048,16036.8034225985,26378.9280647227,80146.1017531085
tmp_01285,tmp,1285,2,24,9,0.000662348801396039,0.0028992044875421,0.00123011987888161,4009094402.60119,1621462063.20126,20134.8142778327,4427.76174588233,966.192876784784,53984.2998828979,81934.5334595845,202464.532503836
tmp_01286,tmp,1286,2,24,6,0.000535320935567844,0.00150948540856989,0.00156467212495094,3084186436.42577,2255601978.212,4394.18059607938,973.361320260446,202.125172819408,15150.8458315263,21145.1030439847,43435.0204165718
tmp_01287,tmp,1287,2,36,9,0.000590903915516781,0.00574302985291799,0.0021439922906169,3514939150.64929,1173575922.09903,24631.6502951088,2176.37598561922,193.493849753227,30936.5397381986,43517.7398370888,92041.7302245218
tmp_01288,tmp,1288,2,36,9,0.0006131085749863,0.00244947388418738,0.00320753711564265,2347205977.99454,4179904449.84062,8056.90582591437,1460.56436898161,236.692854822191,16570.4784252092,25877.3556298533,73568.1528461584
tmp_01289,tmp,1289,2,36,6,0.000847434973454547,0.00515853532300042,0.00303573221987204,2749878624.81279,2219270382.19658,15800.5489330803,1202.98228448948,112.888023849334,42967.2238331435,46491.1630562,54771.8728042595
tmp_01290,tmp,1290,2,24,6,0.000703397782295461,0.00340156363370825,0.00199743596950942,4630892542.51252,2290240949.56684,25561.0044686261,3894.69837696799,507.992857913013,42794.1917824727,58436.7376517684,110914.182353089
tmp_01291,tmp,1291,2,36,9,0.000792389451725846,0.00235976456251763,0.00231922091173862,4644554454.98604,1688365360.68048,6490.78695392188,1119.56730792617,169.367470571856,73723.5149124537,79478.1523826725,88359.143374945
tmp_01292,tmp,1292,2,30,9,0.000829494682686554,0.00357971390818755,0.00343950888636581,4160522355.7461,2506238222.92026,17353.1675081209,3356.92739580527,602.116573235437,51476.1345196723,76716.775248609,184627.108261011
tmp_01293,tmp,1293,2,30,9,0.000729292746076829,0.00140692012355025,0.00222082379871432,3584486205.23548,2653416726.98312,3821.27448937256,992.541206502962,268.184129430235,39923.3312010583,54490.0861407035,103422.879838615
tmp_01294,tmp,1294,2,24,12,0.000934102022462898,0.00235663005116234,0.00387585363569343,3274894225.86183,2415555835.23803,6664.24381601534,2643.71711240686,1649.85573013579,41116.858869124,69936.9998049137,275497.953172971
tmp_01295,tmp,1295,2,30,12,0.000650043271402875,0.00496112869281456,0.00321776405457406,1100812126.02832,4473871093.52668,71313.0384282478,14829.1752496303,2978.1545261708,11250.5440846687,28241.4444115819,186781.93476595
tmp_01296,tmp,1296,2,24,9,0.000607254241177866,0.00552345560120512,0.00319047845464268,1445024241.79698,3294498101.45764,90156.0034738531,17802.0032467067,3219.77434309411,9965.24157689716,26194.3047129996,160561.863323569
tmp_01297,tmp,1297,2,36,6,0.000955343871638286,0.00100498376723369,0.00235685645525372,3919692280.66758,1925737329.34421,2704.41708094113,326.568387189956,41.0792058268103,40759.0510674889,22335.0525648821,12386.6636624723
tmp_01298,tmp,1298,2,36,9,0.000885370282361344,0.00389452909179874,0.00105797603002748,2813038858.11001,1589870832.12911,25640.7901935228,2791.78830444356,305.333687222587,141552.912462648,142646.240615422,144172.332198568
tmp_01299,tmp,1299,2,36,12,0.000681897613139322,0.00306474399734713,0.00211421573131912,4831778910.50563,4593391063.30119,24804.1396132623,4761.0935142122,858.810645345047,70464.8630022584,111487.83985708,319158.683471442
tmp_01300,tmp,1300,2,24,12,0.00051021204379239,0.00475264298849109,0.00209179960100376,3146523557.63344,3532572022.82256,89115.241061372,22118.7081274061,6106.19186157213,16827.8693553062,40756.5683190922,324346.180207289
tmp_01301,tmp,1301,2,24,6,0.00063214320745103,0.00437945200235654,0.0014703923484605,3819022914.41894,3035929877.72438,70210.3520996174,8000.9446472889,777.004776215419,38392.7708207778,58143.8151673125,143333.878773639
tmp_01302,tmp,1302,2,36,9,0.000742602543060647,0.00504266890702285,0.00269992068209603,2162248113.12454,1929440594.00395,26274.4370857502,2705.94654029838,258.276661748693,30863.0739074084,45579.9013958394,109858.469097882
tmp_01303,tmp,1303,2,36,9,0.000680704337539757,0.00196120004306521,0.00183949215588205,1270422597.69689,3106488642.79723,5609.81095472329,988.420298707345,157.905304166632,19919.2175545872,29088.5185450289,67956.2461608016
tmp_01304,tmp,1304,2,36,9,0.00062255603548806,0.00437632642047495,0.0026469329917184,3434055345.47866,2428231009.41085,23986.6610426777,2709.1869174994,275.287023665794,29722.0340923847,44523.2978727327,111381.834507771
tmp_01305,tmp,1305,2,24,9,0.000549615551713381,0.00118289748894703,0.00213981378635556,3190860365.69676,3504789464.04212,2980.68435942065,1109.70582771581,548.790931070925,14652.4839351482,23895.8363512433,81166.095664117
tmp_01306,tmp,1306,2,24,6,0.000947195519719733,0.00181172900731907,0.00380782085474608,4088115556.40029,2440118640.18163,6106.36600203043,1413.60011973981,306.258200627021,37639.6558492304,47726.7696239831,75133.8033883149
tmp_01307,tmp,1307,2,36,12,0.000645161086081545,0.00176924530217702,0.003362987900294,1557239043.98417,2798744091.06002,2420.67015794628,722.094534089354,243.996394735286,12565.9251780144,20546.2138480118,68648.6152785824
tmp_01308,tmp,1308,2,30,6,0.000998098259780221,0.00493419481966047,0.00147445054757548,4811792488.75341,4504208554.27761,76492.7564882903,6836.08618970899,666.347063223512,199647.279637009,205664.642533971,219263.413911067
tmp_01309,tmp,1309,2,30,6,0.000738893379138978,0.00295224386489241,0.0021156508714009,3047849714.70286,3226227636.1734,15965.6765512068,1905.59546896302,207.883969493274,38302.1684217215,47694.906584949,73849.2846168388
tmp_01310,tmp,1310,2,24,6,0.000567982183204047,0.00554251851058367,0.00179558000917213,1715567473.08905,3740070421.30308,123498.034628016,12586.5704186553,1066.38982733065,12987.564819695,25750.0786555561,115764.057975465
tmp_01311,tmp,1311,2,24,9,0.000699993409187541,0.00593990352613748,0.00177429542022464,2833051087.29761,1328453992.16252,72615.6307635527,11515.6487046274,1543.57187947052,35578.2036718177,61947.4466456753,216395.459503309
tmp_01312,tmp,1312,2,36,6,0.000839854681296158,0.00244652908945751,0.00206958061175017,3278730959.02053,1808457213.60803,5645.12447119614,669.84870068309,77.3336977767863,54422.6728349258,39356.8952088445,26776.5565233577
tmp_01313,tmp,1313,2,30,12,0.0008758437344396,0.00257005451786256,0.00286061793392061,3397010051.50303,4021953469.29572,13486.9952417254,3922.78463349363,1345.12189487602,63040.9228759124,103285.973372702,337999.076681128
tmp_01314,tmp,1314,2,24,6,0.000814369391778758,0.00356208913494276,0.0031616381742269,3302078135.50013,1986943300.82616,17547.7355326812,2965.22496677893,432.262429749205,30386.3601653877,42939.5542922614,89455.2128655064
tmp_01315,tmp,1315,2,36,9,0.000502903982733729,0.005164628391178,0.00396113464066689,3257955967.93029,3487317597.86076,37348.6609476917,4217.28353638968,408.657003870854,11862.5886268184,20706.7178947584,77742.5754761382
tmp_01316,tmp,1316,2,24,6,0.000646430552256128,0.00585407030113601,0.00185040750244886,4712319971.82473,2255740592.07391,84949.0108863069,8709.20416462593,782.178454773632,40224.4128903547,60616.5279940023,148247.237136947
tmp_01317,tmp,1317,2,30,6,0.000946235146119325,0.00390242730677653,0.0017822289646415,3840789466.68534,1922167703.57178,22052.4496282578,2487.58520650863,269.238499247632,101852.265355376,92702.2821031988,81117.2309890017
tmp_01318,tmp,1318,2,30,6,0.000973768986305311,0.00431532488225598,0.00294970616192644,4786242818.37736,3403731584.69447,32959.5255102539,3608.57266576291,377.491835814587,94303.5178562957,106358.106637784,132656.787873208
tmp_01319,tmp,1319,2,24,9,0.000608736607112229,0.0014414192379368,0.00198649691796072,1562868035.6001,4804129180.95045,5811.90535905162,2061.46607929647,923.847958647126,12001.7117748379,20492.0841384962,80512.7346648046
tmp_01320,tmp,1320,2,24,12,0.000928213635704382,0.0056431540746422,0.00299076034898228,1015849001.46049,4531853865.66089,134022.725654668,33392.5277598496,9282.12058661933,23358.4595825817,58063.0146092968,476971.166407372
tmp_01321,tmp,1321,2,36,9,0.000716504074737521,0.00518256527577605,0.00253877422034991,1545268746.58106,1076880535.70635,16310.1261502039,1622.10757965773,153.68562970129,20789.5643839535,30088.7537978946,68607.549676419
tmp_01322,tmp,1322,2,36,12,0.000835367359230356,0.00241122047601834,0.00195657238410148,1132421539.40968,2023722635.23674,6456.41324397535,1402.05370417727,302.000962417307,31766.8424563219,48742.665129705,128415.063565412
tmp_01323,tmp,1323,2,24,12,0.000706248949897918,0.0038573712709909,0.00341382473651895,3974484156.17206,4016634312.16098,37591.6783199503,11915.130705486,5050.59515847347,29886.2131051997,57627.0485615357,333376.866588941
tmp_01324,tmp,1324,2,30,9,0.000893962486679555,0.00484181498481263,0.00206871716507035,2446630407.98591,3868660263.79399,81175.4049262964,10775.0283961138,1225.25070857292,67690.0490435624,107838.590424331,307801.401516323
tmp_01325,tmp,1325,2,24,12,0.000654553580692562,0.00301387426426107,0.00244808916825643,2761955760.93692,3168867572.9601,20331.5633873704,6713.58544606181,3047.37587086733,22368.1352255392,41894.9923370288,227300.674308053
tmp_01326,tmp,1326,2,30,6,0.000809810645759448,0.00266300965138391,0.00165701405603588,3966776003.84688,1077433626.13389,7722.93489377533,1057.19488281811,125.593521922084,59962.8079912316,46542.5668559847,33448.0375002747
tmp_01327,tmp,1327,2,24,6,0.000857147611410498,0.00101135304311406,0.00112620654455737,4596097999.46628,2859392805.7334,8946.1555902961,1732.13663379656,278.105832355826,72511.2012642082,71568.0646286667,67340.710973847
tmp_01328,tmp,1328,2,30,9,0.000997794702436639,0.00100469148488858,0.00149628137700396,2524432666.57071,2884883226.76055,5545.1598465448,1265.73791082089,272.877871466793,83258.8605719764,94001.8543269674,113541.705317466
tmp_01329,tmp,1329,2,30,6,0.000838355630076406,0.00307087970311963,0.00143505021139557,2981622038.9947,1891453480.17997,14955.9166047717,1765.75906162941,194.706067617703,69342.8279406612,66009.6096985786,61297.0487251064
tmp_01330,tmp,1330,2,30,9,0.000887922068884506,0.00379632661544054,0.00102362797724295,1647856865.02757,3245004550.877,63947.3646377288,8037.40734851783,888.951370361778,84812.5089095064,124545.279538024,285615.130954285
tmp_01331,tmp,1331,2,36,6,0.000869523838552416,0.00171876841048464,0.00284129796574844,3619736725.23611,2724406021.71179,4031.4027384504,564.300205282688,69.5690021049026,47402.9770801901,37633.3720108691,27594.3437272879
tmp_01332,tmp,1332,2,30,12,0.000681872010681329,0.00429369714976385,0.00364898182755671,3330135096.72208,1513207404.74748,15139.6433202114,3572.17816789212,882.702087608841,24503.6137024989,42430.936863119,158868.997013116
tmp_01333,tmp,1333,2,30,6,0.000940129217519866,0.0044457690456041,0.00194846031665498,3638129193.81837,1233182535.02233,17644.7654804412,1955.60814977429,211.834181790164,84654.5726286978,73537.730108983,60756.4972106029
tmp_01334,tmp,1334,2,36,9,0.000772786636718483,0.00241529394282048,0.0022232174566982,4973207364.26896,3601781267.49851,11640.2871549542,1957.8330863366,295.071542591154,84408.1752009968,105123.067623196,159072.671399351
tmp_01335,tmp,1335,2,36,6,0.000636032495241797,0.0017424729407535,0.00275406625473514,2244913900.16167,4754801926.83262,3914.63312586622,525.946694155235,66.485181782781,16651.8189495748,20734.5197523131,32477.391442554
tmp_01336,tmp,1336,2,36,6,0.000707399659365596,0.00276007385890384,0.00234187131072688,2602777990.90462,1854823302.49002,5213.09141300036,548.442619314526,61.5658831938132,28224.423774674,27622.7367595576,27043.2925324408
tmp_01337,tmp,1337,2,30,9,0.000864374098524682,0.00276202383592544,0.00341926232186561,4581967548.593,2040761226.57107,8834.99682203275,1953.04878358746,419.646917312435,58858.4385904431,80822.8699095011,155148.560827414
tmp_01338,tmp,1338,2,36,9,0.000691104805730629,0.00398980114083316,0.00331765637921898,2739187711.86812,2316506351.84125,15582.6630718038,2048.87159101549,237.633122346472,25742.2550776472,38493.2922762121,95619.1381441932
tmp_01339,tmp,1339,2,36,6,0.000675525974336454,0.00430450141403637,0.00129498528342829,2797313971.51568,2640332620.39729,18045.2158316054,1294.021060498,121.21941072657,51005.6085117528,52567.744830027,56922.904849129
tmp_01340,tmp,1340,2,24,6,0.000917775646330823,0.00356387136111993,0.00265171707832742,1785880836.94203,3112032341.3123,29766.7164673728,4699.19977948277,625.989618810287,29973.8652356217,45182.1251524557,110718.201006818
tmp_01341,tmp,1341,2,24,6,0.00069047742740608,0.00208368390085356,0.0027569506534312,1457650132.47805,3783718135.75773,8554.25520419561,1885.35215743558,381.273890020173,10567.92436541,16736.2296873047,48598.4209581592
tmp_01342,tmp,1342,2,24,9,0.000516833833648391,0.00326114936813248,0.00138301076332195,2590231933.1085,1429822954.98212,19916.1328914857,4211.52931779388,855.489489437819,16984.272493067,29473.1890866582,104187.13489724
tmp_01343,tmp,1343,2,30,12,0.000581764543767612,0.00120896101641799,0.0019898689143958,1285514607.67788,2345923375.09073,1550.64868568633,579.596481129148,294.526678931829,10256.0249044754,17153.6255154171,62985.1482275005
tmp_01344,tmp,1344,2,24,12,0.000899259965463999,0.00543936231948611,0.00182430707518688,3257583797.99038,2788827544.17771,116883.450351418,26007.0974027261,5905.26314787962,85581.3869062062,156690.06848838,713185.317270161
tmp_01345,tmp,1345,2,36,6,0.000643978024924812,0.00369018949643005,0.00155887358235364,4135949151.2436,2477851232.98894,13240.2233561118,1091.67325690521,108.449192977758,52000.1311996487,50073.9561269736,48401.0918118845
tmp_01346,tmp,1346,2,24,6,0.00098930602077635,0.00297937834561527,0.00234274151633187,1731069230.87513,4867322116.17612,32895.6236727197,5601.11254856726,816.125798096918,40645.7257099843,60738.4369708215,146442.317475234
tmp_01347,tmp,1347,2,24,9,0.000905094913197656,0.00519482991803582,0.00343526342543307,3378812486.47316,4514396468.49434,100332.022340331,21047.5216213636,4203.1792531316,51423.9287699402,94976.7288960661,383942.258319516
tmp_01348,tmp,1348,2,30,9,0.000510158955300181,0.00103751115041219,0.0023852697682426,3297299362.807,3157066230.2667,1561.19411938744,486.134608838753,174.700179025654,12970.4694171824,19691.8329314413,52739.7923967662
tmp_01349,tmp,1349,2,30,6,0.000573425084422198,0.00427002540104523,0.00144132169427712,3276662701.00713,2214194287.06727,27250.7165062511,2238.19170113135,194.454241206147,29735.6653127798,38650.2222992685,67274.6314304601
tmp_01350,tmp,1350,2,24,9,0.000672482684111863,0.00473003142417052,0.00347595370030227,3262747860.56897,2302194873.31749,39233.6065896223,8733.88232602663,1910.11412789846,20516.2421398482,38187.6597737779,158155.202052322
tmp_01351,tmp,1351,2,24,12,0.000515843295216976,0.00387190068350233,0.00164049690937026,1373628136.19878,3699882940.74068,65541.5510868834,17030.250901715,5107.36540397899,10437.2662407933,27173.6012249697,236496.555394901
tmp_01352,tmp,1352,2,30,9,0.00076700507162703,0.00535815946161647,0.00244945103572969,4509243135.19325,1466945034.43473,36261.7711095016,4881.30585032408,579.344145260563,61563.473893384,88700.0576327089,192998.767847232
tmp_01353,tmp,1353,2,30,12,0.000753048940343912,0.0010433011728074,0.00112499013664367,1147368692.47032,3802628942.81525,3192.35756464602,1092.98244271422,485.20010482284,32189.9868211204,51150.1281056555,153051.524465138
tmp_01354,tmp,1354,2,36,12,0.000501449047761877,0.00368068732775848,0.00120325970196232,4915696053.59356,1786612563.46808,24643.0448089136,3494.00759569114,437.887561715792,48876.3049668562,74538.6525428327,190403.847954563
tmp_01355,tmp,1355,2,30,6,0.000611740603818006,0.00599904039339693,0.00393546576844215,4363965784.56075,3301558222.34947,47474.9957094202,3999.70716756646,322.145288818923,19615.4220345197,30202.2138631974,82496.0968485847
tmp_01356,tmp,1356,2,24,12,0.000599154242448505,0.00587114062568673,0.00247584493110407,1208049683.83374,2812573805.0436,109188.041521458,25290.9422074793,6141.11669912359,10264.6260626599,31148.3998301172,306265.787978681
tmp_01357,tmp,1357,2,36,9,0.000507805743930726,0.00327821132383806,0.00379869755389526,2525729598.03807,1016001089.70602,3738.77850053924,592.642684495424,85.5663463030003,8252.18979650475,12451.8297688345,31839.4682264484
tmp_01358,tmp,1358,2,30,6,0.000782591462696981,0.0047013410370884,0.00322836873927512,2085209938.59413,3125534586.46378,30722.0026248367,2891.44772089238,255.506626260707,22787.0681514949,32998.3658201142,75778.2646607792
tmp_01359,tmp,1359,2,24,6,0.000634649423074063,0.00389493510207252,0.00196744255872821,3296329962.81271,2494840368.21208,36451.155376703,4913.48225187043,552.596036260064,25126.5894573734,38401.5919015836,96722.3851759992
tmp_01360,tmp,1360,2,24,6,0.000745824823069798,0.00286855787471835,0.00254954291777403,1529442805.71759,4707129942.05901,25539.1846781516,4524.45757650449,679.386801874897,15871.1236798469,26148.7279269808,79747.2645122917
tmp_01361,tmp,1361,2,30,9,0.000898336512133208,0.00154018487364512,0.00350167683188372,1077028184.88783,2097059627.31754,2022.9720712075,586.36681173862,187.829421412061,15713.2186952566,23504.8309332539,59325.4848582869
tmp_01362,tmp,1362,2,36,6,0.000706084924314496,0.00519514035803407,0.00168268468917285,3760917317.23419,3284633733.88537,27229.4116346679,1843.53441742326,165.153910434215,61969.9437114002,67493.9381941641,80769.3744950516
tmp_01363,tmp,1363,2,36,6,0.000771946391188891,0.00112471746526696,0.00399534545965708,4838377701.65082,2548441531.83752,1847.81745586658,287.574518522361,42.0200620173494,26949.7103669815,22226.7061444854,16778.2639204345
tmp_01364,tmp,1364,2,30,12,0.000841608091733987,0.00266239077412832,0.00172873188588674,3469644478.85704,1318371830.53147,9139.65128168275,2245.80340764665,596.814942960995,83143.7890900436,117440.852253474,238429.437767711
tmp_01365,tmp,1365,2,30,6,0.000570409228200038,0.00420753201475148,0.00395622198971814,2556384208.42517,1582618804.15273,10760.6240367285,1164.71763614639,113.818438219242,8907.34965708978,13122.3302293725,31511.4596960169
tmp_01366,tmp,1366,2,30,9,0.000648383987636995,0.00154289282481222,0.0022209828419203,4650594903.14859,1757250573.35823,3330.23458944689,826.852406832085,208.635175057518,35719.5205835361,47251.0207105293,82128.5240685152
tmp_01367,tmp,1367,2,24,6,0.000820652808202012,0.00277745558897102,0.00249472812532529,3889567087.25178,4030555940.57801,23045.1390002799,4203.53746338429,671.477977125634,46056.1714120706,65297.4001225879,137857.570070384
tmp_01368,tmp,1368,2,24,6,0.000516143535730009,0.00322497690855741,0.0019960007563859,3450155016.66727,2943240118.91292,26278.9603236634,3990.53595832213,501.362671876532,14754.9414512252,23911.4504902355,69419.6246181092
tmp_01369,tmp,1369,2,30,6,0.000504926639618618,0.00155951164632606,0.00225891484845846,2951388891.91262,2635803530.41132,2774.69432990236,496.237412509929,80.3888880393845,10961.3474012217,14613.9929772124,26949.569371453
tmp_01370,tmp,1370,2,24,6,0.000820052526802002,0.00261808319311951,0.0013858579961438,3661954799.19626,4451838028.6901,35296.4807056801,5685.12072407235,787.900288805223,75062.5476306208,99842.7474962482,177239.316961353
tmp_01371,tmp,1371,2,24,6,0.00085396088226865,0.001381291345362,0.00348302062542007,2579166607.03313,3098431933.1385,3641.59148173017,944.878420925864,246.297420919957,20415.3572825663,28125.8366750829,56252.2533945123
tmp_01372,tmp,1372,2,24,9,0.000690254761060728,0.0048084750335145,0.00320869851242569,4096311468.45302,3548247663.63154,67550.6617972642,14537.4048292104,3016.12465035615,30514.3636093887,57660.7408089626,244054.530972514
tmp_01373,tmp,1373,2,30,9,0.000886104804378223,0.00252289934889703,0.0015038480597944,1330799346.24404,3841415870.2962,20224.2208368082,3754.97517112813,636.582999687036,46931.5052376929,71431.7792153295,181949.253831842
tmp_01374,tmp,1374,2,36,9,0.000622456804327153,0.00433618063096698,0.00243327110900276,1967977730.03906,3155265892.72575,31661.1301500296,3428.52635622262,327.777845271993,19863.5466276522,31963.6825905434,97873.1691076716
tmp_01375,tmp,1375,2,30,6,0.000937703887523799,0.00394812861783395,0.0032864180800789,4714229302.33797,4358276048.86434,31694.6116139757,3648.88816019921,388.514632858791,77272.3728889827,94167.6236730232,138581.930993133
tmp_01376,tmp,1376,2,30,12,0.000891925809803529,0.00337288342420045,0.00312717176061376,2818785663.57236,3597909030.41393,21740.0504166915,5632.36946018188,1611.68944211112,52969.6071973701,89847.5741599277,322399.279717192
tmp_01377,tmp,1377,2,24,6,0.000812428869316232,0.00334314672815436,0.00256828780378427,1716424980.13292,4572639752.76987,36847.7518555907,5935.20354597315,796.441882900925,22327.4803916421,36253.8287690243,106108.114200146
tmp_01378,tmp,1378,2,24,6,0.000928335409325531,0.00264398065235836,0.00375827720573234,2709681912.38477,2418869218.62361,9646.84746984903,2016.58048487402,385.291607184195,29327.0794593731,40812.654604679,82768.5090952901
tmp_01379,tmp,1379,2,36,9,0.000548371510116076,0.00127545573241473,0.003341110067338,1892091280.14301,1800547103.49433,842.068758228588,216.479399080152,59.8985049616655,8025.14030883149,11551.2641060666,26348.9624842199
tmp_01380,tmp,1380,2,24,6,0.00060914847015094,0.00232040437119565,0.00132281676710335,3831689892.93279,3026415214.50996,17931.0284282895,3029.63668150184,442.396020412217,34639.118666918,47983.829236668,94839.5824554437
tmp_01381,tmp,1381,2,24,6,0.000569634045332286,0.00508069666354671,0.00263029897349553,4755112295.58093,2363429663.30369,52177.4172417318,6422.98593424769,653.409299499531,20721.1732964047,33661.3322775101,98106.2541087609
tmp_01382,tmp,1382,2,30,12,0.000720637472957934,0.00262851990919276,0.00357840793339948,2073149606.09371,3313915051.139,8914.1628793936,2751.79127090757,1024.34784660153,19119.2394482532,33558.0690883338,138539.987520775
tmp_01383,tmp,1383,2,36,12,0.000636025309534757,0.00135565616492686,0.00140691135731841,4469383536.4228,3322522301.50348,4549.01049475452,1163.07401649097,315.959005501603,68376.3798064234,93969.2861665625,180037.382786526
tmp_01384,tmp,1384,2,24,6,0.000917233517267381,0.00150932967780266,0.00121407980651108,2603082439.70132,2000104658.27363,8892.68073541615,1727.38696657241,283.666455366905,60845.2264244405,63945.61888616,66967.3614123094
tmp_01385,tmp,1385,2,36,6,0.000708719359073203,0.00444051558976599,0.00187731446375266,2965127788.1569,4957222410.15907,30699.6718506553,2068.2554124718,174.464006199828,46653.9506735754,57207.0697312914,87977.6118624383
tmp_01386,tmp,1386,2,30,9,0.000697851066590356,0.00570731881692063,0.00392860484575042,2753686145.71022,3950107652.46325,74932.6366741062,10926.6764538636,1340.39514742774,22635.1741760087,41929.0501463412,168019.918558869
tmp_01387,tmp,1387,2,30,12,0.000937786224783572,0.0049002518874407,0.00114459770843934,2014147758.91059,1470638430.91584,56932.9175217942,8845.80603821898,1215.73078722196,109536.509436871,165991.709254898,409532.512437614
tmp_01388,tmp,1388,2,24,12,0.000526527344362938,0.00443030480996241,0.00384153735577732,1731162593.09421,4425552598.93608,53600.8305534365,16328.1661832776,6456.13479340132,7347.93716054136,21315.2419181343,215701.374710828
tmp_01389,tmp,1389,2,24,9,0.000846835807637245,0.00384783361711778,0.00301723997442538,1529094069.35765,4685026808.92918,51143.4139462962,12335.5451796146,3046.70115209215,23361.1910250607,44860.1764531145,199276.933541459
tmp_01390,tmp,1390,2,36,9,0.000843675407725876,0.00417779142317294,0.00144250079561407,1555778476.64174,2865653126.87084,38405.1752173391,3701.23940189892,346.475887972425,58744.0873870666,81826.3360070549,167855.396790766
tmp_01391,tmp,1391,2,36,9,0.000694748865130805,0.00248090523501463,0.00163321083627094,1135478786.08174,3231554444.8214,11286.697439402,1619.3712487806,204.693783190491,21971.0037808775,32860.3710213557,81722.9629560315
tmp_01392,tmp,1392,2,36,9,0.000697739888643777,0.00347971782948989,0.00275796998453205,3740001276.83898,1089450059.98061,6996.32739783787,1010.30922334371,133.235088829337,38187.4861446179,47186.3734514865,70377.2888017185
tmp_01393,tmp,1393,2,24,6,0.000872156237818239,0.00552374982578388,0.00282682900874774,4664320168.14391,3784862121.84432,98546.8965074112,11960.8795859621,1227.47481894045,63466.0878839713,95215.4349301944,228895.121644235
tmp_01394,tmp,1394,2,36,9,0.000951591647549168,0.00169909942342318,0.00343520139764976,1015130562.90193,3838848935.66901,3240.06272336879,737.488349954575,163.33350318786,22456.6795174929,32424.1067057372,74236.6118194813
tmp_01395,tmp,1395,2,30,9,0.000811531846744224,0.00114229795761455,0.00167827654447462,1214524054.44352,3218633600.57035,2888.9779814353,795.385308281377,235.522946955261,26029.8284305609,37467.932100953,83420.2677880924
tmp_01396,tmp,1396,2,24,12,0.000579685634167338,0.00249026281194137,0.00108135475948046,4426199230.35035,2675646057.85397,21637.9218046357,6343.45248858618,2369.4586554049,50042.0108412052,86535.8137939319,346621.398075775
tmp_01397,tmp,1397,2,30,9,0.000631538759489938,0.00325083919140877,0.00228416172960039,2570653860.70892,3946117614.55064,27013.7966519088,4826.97962263866,765.904954708595,24189.6323220644,40641.4758087139,133639.266701639
tmp_01398,tmp,1398,2,24,12,0.000903274570224461,0.00351966242792402,0.00273160444526496,2369220704.39815,2366903608.1523,21707.9485398609,6778.83180780904,2812.41435491973,41640.3101509275,73907.3689959449,330534.338496858
tmp_01399,tmp,1399,2,24,12,0.000889951742733949,0.00151408497852441,0.00305194523230182,2736365030.93823,1001672329.94733,2015.9602984428,797.637147804073,492.662345254194,30874.323569189,48572.2451239163,134326.699234635
tmp_01400,tmp,1400,2,24,6,0.000737689770254952,0.00162426170437453,0.00311741960530962,1719840015.72234,1290041716.65729,2131.46915017257,521.489529202725,125.582971755916,10318.8241659459,14196.1103170465,28132.4584883639
tmp_01401,tmp,1401,2,30,12,0.000857583293096371,0.00519154114395359,0.00190138917942792,2113363951.56402,4609486451.84271,131679.545736035,22626.9372040991,3429.0066061396,62777.9331067094,116948.409744904,508616.393652666
tmp_01402,tmp,1402,2,24,6,0.00084064522543734,0.00100915147675343,0.00244027854005999,2274106194.98817,3401870434.4093,3264.66307038806,837.501545633656,212.688237577638,21836.6738008899,28948.8866983996,51644.422189608
tmp_01403,tmp,1403,2,24,12,0.000921329051131637,0.00192632029346146,0.00239855196182372,3056477883.12728,3409272651.76133,8463.11890287936,3285.6285050437,1975.18481926836,58217.8830874566,97883.8784482043,364256.817280055
tmp_01404,tmp,1404,2,36,9,0.000830912812565572,0.00263698181401181,0.00238420724762566,4468600873.65379,1823721366.3591,8251.23119930216,1365.23986362665,198.905766981202,81605.8922484989,89912.9165326804,104315.547513361
tmp_01405,tmp,1405,2,36,6,0.000737795697179821,0.0023212564029987,0.00373409413229848,2173986697.62675,3080444323.6813,4145.69082825961,516.83677689992,62.6202500338715,18229.0013289069,21699.0609036915,30562.3796424097
tmp_01406,tmp,1406,2,36,6,0.00083427974375118,0.00538721956672877,0.00227702486639349,4910760795.68071,4433170982.07147,36641.9328855656,2629.94065967867,240.688536952975,97073.010424839,102748.054371765,116318.795550195
tmp_01407,tmp,1407,2,36,6,0.000696962675201581,0.00254508686137794,0.00229105650590362,2423718970.76407,1506322845.81753,3835.2321230574,429.114927146821,51.1822062988369,24760.1780357266,23087.0424988282,20969.0500738405
tmp_01408,tmp,1408,2,36,9,0.000667977515119277,0.00258471534341625,0.00274432571282717,2945712360.34181,1181531043.66707,3780.80925156458,648.215341867,102.067857892877,26455.972060258,33658.1919447873,53688.107717014
tmp_01409,tmp,1409,2,36,6,0.00096112625806212,0.00379345389566111,0.00143004476131717,4372941819.39563,4542522850.05865,28827.3964583391,2628.32086979904,274.296402467045,176368.562553333,136996.761950197,101193.830772789
tmp_01410,tmp,1410,2,36,9,0.000802599856509022,0.00230866143826365,0.00100071752720109,4507579488.49417,2184366439.62677,14833.6392419256,2177.74656478815,279.049836758941,161372.26996082,146320.341905506,125435.188036994
tmp_01411,tmp,1411,2,30,6,0.000783266795052025,0.00266841551533754,0.00174625509415166,2259876795.41256,3626428567.07569,16223.6210402664,1950.85447020201,214.14572484313,40740.4868766789,50298.8584556807,76281.6878531477
tmp_01412,tmp,1412,2,36,9,0.000797129168698502,0.00373663309817221,0.00134003218628115,1315873499.78605,1595025744.07216,17972.574208421,1880.35020507163,191.263860209973,43444.8158196117,56851.9783655892,98586.3316402487
tmp_01413,tmp,1413,2,30,9,0.0009366920729105,0.00198756884809363,0.0038327402841533,4696892646.5928,1677641830.6415,4856.35648335894,1169.00833403749,278.785239247219,59462.4575631047,74558.9885744121,113044.716153846
tmp_01414,tmp,1414,2,24,12,0.000840485218823645,0.00125959865442593,0.00364483716275667,2740094465.0412,1442537205.31775,1549.52031116631,672.456965759323,499.855705181391,22500.1025041042,36842.7202518119,119806.615112302
tmp_01415,tmp,1415,2,24,9,0.000896318853975586,0.00504440403720585,0.00210244800032067,4056104294.65081,1227205432.269,41171.988504824,7727.61231893361,1334.62515732732,79579.0612628638,119669.438906384,285114.514580343
tmp_01416,tmp,1416,2,30,9,0.000736750567023889,0.00526348798306389,0.00201315274689599,1883159843.33233,3403076376.08431,87847.1971947708,10767.7164169002,1111.8765414696,32670.8088785767,56694.9827895133,201913.980573518
tmp_01417,tmp,1417,2,36,12,0.000979507596937063,0.00265294426455145,0.00369418016749279,4104489107.9792,2997892947.51222,8807.8188657708,2125.32161552294,532.121653626318,91610.9250636107,131052.652114569,281310.235630193
tmp_01418,tmp,1418,2,36,6,0.000840499230028279,0.00303412583358895,0.00382180939092917,4680370310.53287,1056803396.41451,3958.47404145424,486.182753670059,58.7895589629128,40998.806581952,29177.7011442287,19532.8121925877
tmp_01419,tmp,1419,2,36,9,0.000959551128490088,0.00290106965089667,0.00182449477599827,2891020582.08593,4485335109.78763,24273.2827605627,3425.80122924058,436.896301734224,117636.831377912,148312.099996722,232234.74900394
tmp_01420,tmp,1420,2,36,9,0.000833467564889634,0.0052700272270691,0.00313646603836912,1948227722.43665,2621496922.90288,35549.8115460349,3711.78433164152,352.804887056179,34593.2161356748,52540.9520490145,137021.786068865
tmp_01421,tmp,1421,2,30,6,0.000861738406600417,0.00253565999836638,0.0014259258918079,1446280653.27852,1353721856.15604,7321.63704053838,940.96895352361,109.706260950418,36816.9623934451,36366.326246872,35520.5930937523
tmp_01422,tmp,1422,2,24,6,0.000548908038472094,0.00569372879980804,0.00193141307169771,4714414844.3222,4501264505.96648,152568.290778071,15686.5183291116,1353.64799492895,27079.311621909,48158.0859359995,175427.850265322
tmp_01423,tmp,1423,2,30,6,0.000891882117968932,0.00598774992442487,0.00234280633190572,1139583050.70011,4775259445.87576,85416.3955665784,6222.52556647445,463.74193442794,26907.8858703729,41844.3089863858,119404.219950777
tmp_01424,tmp,1424,2,30,6,0.000910169085679687,0.00339131485172899,0.00288361402464799,2876062651.73807,3380405200.44809,19026.0711547872,2308.47007545065,254.704088674256,49116.6293022293,60438.440040638,90878.1963065087
tmp_01425,tmp,1425,2,30,6,0.000886232456084944,0.00316232481279435,0.00167759236162532,2050924681.73402,3126890530.24444,21111.8239491546,2308.61696255578,240.661657311035,54574.3880140361,63703.4708271841,85412.0593594213
tmp_01426,tmp,1426,2,30,6,0.000586854859961381,0.002855809750957,0.00193720402042281,1340802793.44897,3892741376.96668,17070.7001545133,1869.08334439158,179.047638252055,10742.1935149666,16462.7586816983,43814.4404933818
tmp_01427,tmp,1427,2,30,6,0.000654421768950112,0.00551606131809679,0.00162998506463511,1882821956.10935,1156214726.27855,21237.0055357515,1602.32413961054,136.475902601336,22325.2265995632,28463.0747110818,47449.2595014089
tmp_01428,tmp,1428,2,24,12,0.000922722261194239,0.00184979566784333,0.00253140755751083,3587285222.41107,2705603639.81133,6606.77732068894,2569.14798355852,1551.55861702231,61717.9839518747,101448.345767631,339615.708694628
tmp_01429,tmp,1429,2,36,12,0.000568558894829521,0.00514299132783244,0.00312841536039624,1480555196.26329,3899430655.04508,56775.8103563675,8670.09331031514,1134.08228878382,11531.0400572287,24249.0097995889,125118.779392293
tmp_01430,tmp,1430,2,24,12,0.000577577957948565,0.00163765075943344,0.00350563550067086,3563972391.99817,1977673156.99538,2242.68215457395,995.743035405254,775.968787007026,12261.3838340942,21390.7998549424,97171.3646809908
tmp_01431,tmp,1431,2,36,12,0.000859246320377417,0.00227075598218868,0.00181510840033024,2491621897.83494,4483423899.77115,13434.7171487453,2952.51069755769,646.732553873944,80361.0327820317,120664.928097463,298089.966779704
tmp_01432,tmp,1432,2,36,6,0.000904385259929159,0.00101890563729316,0.00234866262377662,2120999426.62155,4757278335.62067,2822.0505957741,447.843614014117,61.3807687979523,37248.4357694046,33142.841396437,27399.9367374857
tmp_01433,tmp,1433,2,30,9,0.000943714778816641,0.00248661699486471,0.00351111185607262,3680310137.35229,2144267118.26051,7484.91655540751,1735.79439068415,398.186698027806,58689.6977735359,79909.179699551,150024.941638764
tmp_01434,tmp,1434,2,30,6,0.000547181288010184,0.00181984748037784,0.00255574534773626,2263516171.33947,2468230791.87603,3272.84727817027,552.857250866415,83.7474457702183,9815.29108723037,13453.6331485185,26791.7340647941
tmp_01435,tmp,1435,2,24,9,0.00059012736385275,0.00240727719989139,0.00225176051719172,1303403906.83107,2871550410.8727,11390.9054424502,3297.39410990117,1074.53177236145,8821.71708273995,16103.8049685338,68973.6885628149
tmp_01436,tmp,1436,2,24,6,0.000906536047136664,0.00334849792775179,0.00193164738939616,3772216855.78293,4843458466.3274,52517.30613412,7951.91418447167,1026.95811945577,78426.9894882429,109213.234996088,217871.53001888
tmp_01437,tmp,1437,2,36,6,0.000931074582742764,0.00529636518505417,0.00214226466803815,4401797495.57407,3807804497.03159,32502.517925328,2515.61355443102,243.162040556821,121358.663468235,114550.809934286,107662.99888247
tmp_01438,tmp,1438,2,36,6,0.000961010191997119,0.00131656718596706,0.00168098615770277,3877514759.64329,3314548909.85656,5886.98286714927,749.329600720082,87.3302454218315,83571.601387039,48325.6654680668,27644.1491984144
tmp_01439,tmp,1439,2,30,9,0.000693312379197956,0.00239247829703408,0.00109777959390405,4629058413.16574,3076601697.89648,20779.9361416485,3697.9375031345,599.371788653078,96514.6781454455,128069.35233048,223707.899867212
tmp_01440,tmp,1440,2,24,12,0.000505341813992183,0.00527774415394296,0.00354585720795463,4322736482.13478,3989948921.77605,84300.8937073477,22829.8390822714,7372.4345186572,14412.506118532,37150.7808545425,323452.29195121
tmp_01441,tmp,1441,2,36,12,0.000595721598218736,0.0036274740933577,0.00287937487124979,3490872658.26452,3636210631.65118,22730.9077732061,4297.11905022713,749.970615787316,27375.4852318775,46957.7693764836,167391.165945893
tmp_01442,tmp,1442,2,24,9,0.000540795534033306,0.00451652291395935,0.00398673980547128,4475646880.52713,4658867367.60336,61279.4876254628,14605.4881988277,3533.74649095187,15304.634534164,32954.9163474243,169531.989863713
tmp_01443,tmp,1443,2,36,9,0.000614338194450388,0.0012572945931406,0.00305472940542679,4869349187.65049,2506809641.42079,1912.10065849479,443.485041119895,100.742874906039,27853.8652617646,35320.5021340789,55689.3166820974
tmp_01444,tmp,1444,2,36,9,0.000592069747306859,0.00516646491907226,0.00281817548016653,2510792033.81887,4434847187.95236,60277.4288993641,6007.55252351881,530.891054078594,20157.179275209,34265.4802455329,122977.22864123
tmp_01445,tmp,1445,2,36,6,0.000982418950553223,0.00159985988180467,0.00203891040044787,2326076695.05282,4059076810.28394,5765.27072760021,786.85420496699,93.4566781545559,63269.4536332599,50943.0766737515,37986.9086949537
tmp_01446,tmp,1446,2,30,12,0.000717870192272449,0.00426191783063184,0.0027997633505182,2825578159.00808,2380321271.63744,29017.0399589834,6355.50686912998,1395.1928401507,32342.2398540505,57318.5329546727,225449.785720207
tmp_01447,tmp,1447,2,24,6,0.00090844154085869,0.0026631881426121,0.00254912140162275,2831837001.7773,2450229625.99871,13709.3648753876,2589.80155265256,432.532567833318,41442.1094645187,55148.3381165677,98405.1716915775
tmp_01448,tmp,1448,2,24,6,0.000720905786452212,0.00578805443361277,0.00302607196896495,3304608930.21745,2069515776.74303,56565.5983860587,6722.26460555443,667.032162799163,24832.3705126111,39382.7717528951,108602.254454861
tmp_01449,tmp,1449,2,24,9,0.000744536446251653,0.0025145298558607,0.0029613392779825,4240722079.65913,2110784641.05058,9021.05339164909,2669.7626826414,911.96562954038,34432.1620622975,54751.4939754886,161596.419760299
tmp_01450,tmp,1450,2,36,6,0.000845784014303016,0.00540041667709196,0.00138646710232713,1383389533.47019,2457650913.12359,22205.6374797624,1445.19487606919,128.891847365885,47696.7547494927,52069.0945596187,62721.2999968629
tmp_01451,tmp,1451,2,36,9,0.000541877918680265,0.00431614269198392,0.00195329411013417,2126059374.37968,2776194727.31078,31921.1657693171,3197.56299572576,288.673172384222,17650.5811379366,28417.8726241906,87669.0321595448
tmp_01452,tmp,1452,2,36,12,0.00093382966329234,0.00165903213132963,0.00162129346318254,4473422908.34323,3571166306.48396,9416.31663641437,2183.06409077258,506.203887472171,174213.203655677,212416.551951479,301625.939196619
tmp_01453,tmp,1453,2,30,9,0.000906035459319578,0.00134307932583283,0.00367459633809488,4129486100.23031,1510576130.91518,2903.31732707987,713.363206367062,173.221010443838,42993.7515134733,51985.9192022809,72593.0634677257
tmp_01454,tmp,1454,2,24,12,0.000926466384767007,0.00321941219658799,0.00395715562825758,4255155977.12184,2186588610.00093,12444.8559882738,4400.16616500042,2249.69415725777,52343.2888025728,89398.2699633686,353686.01027378
tmp_01455,tmp,1455,2,30,12,0.000790661523275805,0.00155563471229706,0.00389758063930507,1056673067.82055,2529961501.53784,1840.65712684463,711.755169880882,382.859791031201,11051.3482379038,18681.5053315923,72041.5885757751
tmp_01456,tmp,1456,2,30,9,0.000730599059772749,0.00260323774826712,0.00152527539574072,4534850326.70652,1929947434.74686,13345.1847547038,2488.96634060542,426.117208379048,77510.0604449788,99957.1045861999,162360.975491378
tmp_01457,tmp,1457,2,24,12,0.000913257443251856,0.00281387016003253,0.00368714060691158,3014497110.72809,2507171110.71804,10370.8967877662,3850.60553250302,2133.83886592807,39104.7176316307,67827.4478844511,289487.412194946
tmp_01458,tmp,1458,2,30,12,0.00078018849762382,0.00233804165215001,0.00107489440363889,4443570273.57719,3054421960.39857,20341.4486876806,4770.4076612508,1181.3601408481,140415.815382937,203941.307767245,448325.864428268
tmp_01459,tmp,1459,2,36,12,0.000989290665816382,0.00422100861884122,0.00222135377741992,1459891134.90095,2865461079.85527,34243.3634239185,5412.52154751305,759.380724717166,62201.8247881643,98740.0481425722,282933.073058853
tmp_01460,tmp,1460,2,30,6,0.000796910879918254,0.00313082107785581,0.00303485220455138,4542986221.10852,2695930605.47846,13019.6959399316,1729.74387952612,204.546690734387,47261.634527371,55158.5901130705,73282.0049197953
tmp_01461,tmp,1461,2,30,9,0.000716469778004505,0.0016749495743893,0.00174725526697033,4915364970.77129,1484070885.04613,5015.22772562307,1109.4107677059,232.95315718523,60082.4241307033,70797.0592442199,93070.8513429834
tmp_01462,tmp,1462,2,36,9,0.000804451806845327,0.00273654616999583,0.00356553045151234,3619611649.96249,3920780294.87145,10367.4572841542,1831.88550369097,292.762268226116,46890.3503088595,66116.4441254154,139500.618504233
tmp_01463,tmp,1463,2,36,9,0.000891376893238692,0.00497689424548938,0.00122736064800483,2632169322.04188,2153365036.58599,47486.6760277973,4221.94719808794,404.402264100237,127510.495091475,151636.29561792,210468.036773507
tmp_01464,tmp,1464,2,36,12,0.000658448195797103,0.00252193673531185,0.00388659392088294,1572740013.47416,1167774584.61425,2308.78890623117,594.899061141089,163.628487847583,11328.2769332222,18136.7913607552,55337.9028551043
tmp_01465,tmp,1465,2,36,9,0.000824077885141114,0.0023523408043815,0.00332660712343294,4904899106.90266,2194736826.55783,5919.81806392529,1111.36911777032,187.607774312884,63842.6895597153,75815.928673439,102331.695886009
tmp_01466,tmp,1466,2,30,9,0.000838402734679736,0.00192671674998228,0.00158399800937763,2485481107.90349,4993689814.37098,13860.5266062633,3052.28616483541,653.231055000221,66400.2895333994,96421.1687446611,217081.952142989
tmp_01467,tmp,1467,2,36,9,0.000602562077328756,0.00167303781852127,0.00344516798641818,4194957507.99637,2507796009.4469,2362.19026034294,532.906174227539,117.382293556629,22260.9956616963,30527.5363364073,59774.8847994403
tmp_01468,tmp,1468,2,24,12,0.00055962719531195,0.00468758656606853,0.00255326362345374,4797881126.03447,1051513377.83197,21941.9021032939,5790.55999585168,1793.87474723113,22047.7060066815,40407.4124980666,191089.2759679
tmp_01469,tmp,1469,2,36,6,0.000726725569052613,0.00286090352810254,0.00396214010732156,1192051610.18119,2334582680.71499,4428.00170122709,465.641184288921,51.505828197226,9696.71619963755,12727.5676963726,23022.1676103528
tmp_01470,tmp,1470,2,36,12,0.000803669830607978,0.00138233803094656,0.00149337495930337,4856707167.85234,1345450363.06569,4489.7058345245,961.163322182677,196.026482485806,111162.249352472,112526.174599169,113591.508314484
tmp_01471,tmp,1471,2,36,12,0.000772660959459993,0.00249564999152641,0.00392439248016316,1300610169.83812,3616508960.96637,6403.19443352725,1673.71323324241,462.991483047532,16267.9846906714,27439.8394001859,98294.8379162825
tmp_01472,tmp,1472,2,24,9,0.00075513224895562,0.00448700915102863,0.00333245148269017,2576333992.84591,2078233775.07138,32106.9503105984,7284.71426863163,1643.67119117878,22936.7921536292,41156.5977469172,159049.584797668
tmp_01473,tmp,1473,2,30,6,0.000994094382139168,0.00213323598325783,0.00115945551479939,1417990627.0041,1084764320.19211,6415.70437857661,891.573677940157,107.397947166897,53946.6830510997,39935.7565417386,27405.7331349791
tmp_01474,tmp,1474,2,36,12,0.000782642289529603,0.00517862512880273,0.00256602990420514,3392718258.24596,3436850726.14507,61272.1961968108,8782.12164005681,1089.18493311424,64324.7289536082,106263.813977913,339982.826319902
tmp_01475,tmp,1475,2,30,9,0.000780719074093721,0.00508468545480305,0.00379488014260246,2391771499.54119,1789846971.78913,26512.9567687228,4174.69723856387,569.404132622703,24644.8948631135,40264.6363967265,122764.585138761
tmp_01476,tmp,1476,2,24,12,0.000517345675302233,0.00529131439789047,0.00337273148751883,1243408166.71058,1155091617.48546,25686.3955146408,6853.44654131152,2155.4444399765,4590.61852780331,11610.5350791808,98515.6974973335
tmp_01477,tmp,1477,2,24,12,0.000785204779989046,0.00281969934483307,0.00381890158055572,2628849737.41057,1474045523.50819,5905.20184753453,2211.61213493103,1242.86138349717,21118.4302467162,36802.461170521,160512.411967922
tmp_01478,tmp,1478,2,24,6,0.000927640882835646,0.00406409967649729,0.00217764333721818,3395199028.53435,3945278272.83631,61383.6313725976,8484.89445026164,995.559169403463,68737.7276569318,97668.6582928844,204798.481305009
tmp_01479,tmp,1479,2,36,6,0.000615462588838217,0.00356786804004968,0.00280035654295815,3775685541.64214,3978732750.67386,14520.7031156449,1193.61134066235,108.615959146005,26177.6594429534,32977.3709919827,53862.733406072
tmp_01480,tmp,1480,2,24,6,0.000539466527986463,0.00110135062762185,0.00309191351944696,3487724629.63303,4792927195.9705,2442.22279326178,718.893535074354,228.329603592604,9250.24411656794,13983.1791676661,37971.5026537763
tmp_01481,tmp,1481,2,24,6,0.0005933257890295,0.00212569070633346,0.00278031370183199,1815324500.66793,1028350560.30196,2784.78847806202,605.306650067764,123.429802827898,7240.56080108161,10490.2962712842,23927.0550895935
tmp_01482,tmp,1482,2,30,6,0.000733763841999562,0.00102165698116601,0.00103148843990022,3787772823.70662,1165993724.37702,3406.80040817933,476.277917597215,59.39658574439,39538.90664306,24684.3820195211,14705.2919359658
tmp_01483,tmp,1483,2,24,12,0.000891504647733847,0.00376560961975682,0.00357187971315993,1252753750.06714,3414116784.36384,28626.3985778142,9304.79599966761,4109.7120834321,18783.22019773,37178.0398487814,231425.596601622
tmp_01484,tmp,1484,2,24,9,0.000896034606880782,0.00154411669513548,0.00154099972686076,4807070697.30019,1747301722.62096,8579.36283151453,2296.51948857284,660.729221456503,94822.3917246675,119959.63840941,183959.700051052
tmp_01485,tmp,1485,2,30,12,0.000804709744835028,0.00288832056168496,0.00121837207559406,1069830042.91307,3158525885.95121,27592.4593943917,5951.08412801453,1278.18540591589,38463.9182400082,66449.270400334,243785.389006312
tmp_01486,tmp,1486,2,24,9,0.000644100129455793,0.00305350935275516,0.00266937044553786,3107802461.45109,1347973429.29814,9470.03053807445,2503.56137143732,718.432913652328,19338.1339359192,31927.3843555714,103506.696184621
tmp_01487,tmp,1487,2,36,9,0.000757518372143887,0.00529211413114942,0.00131474812712727,2713328548.09594,3902414399.19898,88401.407450943,6984.99672818914,575.28837439477,83183.9364871112,119186.676808848,266662.718246472
tmp_01488,tmp,1488,2,24,9,0.000636019898378494,0.00270161591372815,0.00275466919854573,3087485302.28938,3099348244.48494,14582.3607348859,4172.95339872186,1341.51773782073,19504.6260150384,33814.5907930404,128376.270846911
tmp_01489,tmp,1489,2,24,9,0.000643598973760176,0.00535756370838727,0.00142827853256043,2300830778.93416,3948246801.34294,193074.832057322,30306.0895746472,3956.54404560786,32775.3031920719,68588.5894765843,345262.549486019
tmp_01490,tmp,1490,2,24,9,0.000554825004726955,0.00474725026017533,0.00213833421845334,4633323649.0041,3763969241.1681,97111.9082662501,18618.2808639403,3234.22030082963,27822.7632344013,55392.4844763101,253125.7262896
tmp_01491,tmp,1491,2,24,6,0.00052027035606055,0.00217483251515297,0.00207973998158916,1888964132.64975,3781121223.7404,11668.0681737838,2306.61008843719,399.292750806629,8263.29246723078,13638.4234780438,42474.5098629653
tmp_01492,tmp,1492,2,36,12,0.000612133584497358,0.00388639982756496,0.00353338717934496,1594970606.83572,4451194399.14118,27586.1719535172,5316.05279145276,945.311134650331,12778.065606069,24419.8186960204,107604.555834416
tmp_01493,tmp,1493,2,36,6,0.00088620396559554,0.00351034331385329,0.00252614340015183,3373621515.92442,4909792832.61703,19658.2004795708,1760.45272119384,172.975796848588,70796.9447977096,74995.1933935997,84280.3825258334
tmp_01494,tmp,1494,2,36,12,0.000899739666894652,0.0047714695034401,0.00358454703229191,3921038188.50352,2225761170.71033,25535.0216168881,4391.10334557475,689.307634561149,75377.1569459565,115197.196720568,296709.485789795
tmp_01495,tmp,1495,2,30,9,0.000833668546968695,0.00267283898401283,0.00240617549487471,3422462099.1543,3043108131.63235,13917.6440564002,2877.34150485899,565.134098592803,59347.6381418045,85712.3798753084,189288.111748902
tmp_01496,tmp,1496,2,24,9,0.000708035172417744,0.0043450551628523,0.00122869244014904,4854526289.00198,3719424515.30125,122618.830350743,21110.300814134,3175.0389647701,88653.5923391659,149498.77065507,482753.237903436
tmp_01497,tmp,1497,2,24,12,0.000515383691682241,0.00496576175680468,0.00395398400996321,1435666409.81709,1167858316.99003,18948.1938430898,5466.53246068881,1972.06659822744,4388.30533237152,10483.2170353064,85283.3137436152
tmp_01498,tmp,1498,2,36,9,0.000542078633778921,0.00535291382738171,0.00170941598703676,4299865471.40482,2488808725.66852,50168.8311405976,4205.5242360498,349.587435820675,38252.149996176,57272.9474517723,145025.381351191
tmp_01499,tmp,1499,2,36,9,0.000583053422111164,0.00312886038608905,0.00345511808910824,1074387859.41705,3055770543.11502,10154.7377593404,1583.5327421855,211.941724804714,6785.21778594616,11459.8293474587,39141.3587806525
tmp_01500,tmp,1500,2,36,6,0.000663026513787765,0.00332285788511402,0.00292118531144101,1091370119.9793,3919805586.26629,11672.9786146714,953.972020666306,81.9478500523877,9790.52301114193,14083.7513930033,32933.0576701177
tmp_01501,tmp,1501,2,30,6,0.00052738550026033,0.00438435953537353,0.00255001327330698,2881092774.39561,4062766422.50691,38424.5933107316,3415.21203666293,279.789679580363,13211.0865887787,21070.8291902428,63075.9788768026
tmp_01502,tmp,1502,2,36,12,0.000547813503545522,0.00254440573087822,0.00365953683297681,1165518585.89834,2050051359.8645,3945.57819391082,1002.80811802795,265.974126493577,5921.32031857634,10343.438515245,40153.5216407853
tmp_01503,tmp,1503,2,24,6,0.000558441029515562,0.00139532322638786,0.00129261154747821,4764770388.5981,1371626375.47654,4114.19454424132,852.695488834033,156.464313619947,25677.4885737417,29864.8461517716,38139.4447013983
tmp_01504,tmp,1504,2,30,9,0.000563617215612221,0.00270603612786839,0.00320500065234607,2988024792.23488,2652116733.59972,8503.62640428739,1899.5779733933,408.944908158787,13949.8904946906,22902.1343512273,73405.1598054596
tmp_01505,tmp,1505,2,24,9,0.000627972458809349,0.00249446163946681,0.00305701972025498,1351387981.76632,4617189559.81645,15393.3455919874,4745.42761856945,1695.94865678248,8802.89528339771,16683.0220805408,78126.2521355641
tmp_01506,tmp,1506,2,36,12,0.000708329545907273,0.00216931269521504,0.00272619836676733,2948055423.74667,3110772420.14085,5814.0520338732,1466.33541156462,390.245971197562,36400.1814697061,56639.1461018009,157665.297082646
tmp_01507,tmp,1507,2,36,6,0.000534291233113663,0.0057780451141544,0.00180673708744462,1221167948.99492,2641877097.6738,23276.0771037363,1295.35352516811,93.0846311157169,9503.62107897001,14043.999975293,36630.1895377354
tmp_01508,tmp,1508,2,24,12,0.000581378449736364,0.00129888197035158,0.00361824300248733,3690300244.86974,3841081954.01927,2373.80254737362,1120.83694408566,1021.69083668216,12785.7522776529,22518.6645937079,108963.760814033
tmp_01509,tmp,1509,2,24,9,0.000718372714847394,0.00173691884661555,0.00289951797409537,4932946564.9577,3245669661.11658,6217.09363550796,2102.24871739471,885.134133058882,35287.6843984785,55801.79651589,165336.457849105
tmp_01510,tmp,1510,2,24,6,0.000567170411709339,0.00235372439916605,0.00244355389068479,3752802336.37487,2068700973.94097,7722.39400390111,1534.54099606046,273.619094107973,15298.4609037253,22373.8774590183,51829.086977001
tmp_01511,tmp,1511,2,36,9,0.000958548244406659,0.00338304474180229,0.00101734978933232,4309510092.16236,3614062215.56946,45396.476710014,5319.20023624687,601.065491334764,283706.208372166,284890.200906239,285445.266735308
tmp_01512,tmp,1512,2,36,12,0.000959532062918745,0.00485685742329009,0.00318411244566538,3967451772.27962,1353121750.71898,19231.1162492086,3212.44163429628,493.836857250696,97648.1208003655,135048.358850608,262538.905407177
tmp_01513,tmp,1513,2,36,9,0.000662172453847994,0.00191804790954846,0.00275793205978322,2199462620.16992,1001104695.14265,1767.80759975274,351.752631639926,67.3497672849255,18386.6511280638,22996.7357205674,35029.0606170314
tmp_01514,tmp,1514,2,30,12,0.000657319212244801,0.00563781609766565,0.00308288845384459,1972442865.72267,3973267696.77544,93378.2004139197,17698.362530776,3083.29340699672,19296.3724899324,43115.7339273403,254238.348067413
tmp_01515,tmp,1515,2,30,9,0.000807367679049753,0.00204215597594646,0.00194440870975844,4999952181.31713,2869131131.6702,10291.100171714,2263.0051089126,478.973407045129,87340.7030816515,113257.88914874,186517.670588453
tmp_01516,tmp,1516,2,24,9,0.000872621216356331,0.00589876108080572,0.00237124053836044,3992682353.34047,1113947274.15051,49544.5570585735,8738.8874140896,1376.11673964475,66102.6904014067,103005.098251103,269892.773522692
tmp_01517,tmp,1517,2,30,9,0.000540309865888295,0.00346114052034118,0.00173178152391446,2448344588.74278,2043047810.86492,20815.521362952,3258.72096923699,441.345079201993,18418.1023294813,30228.8566092696,93204.7886834095
tmp_01518,tmp,1518,2,24,9,0.000773603592058014,0.00391312986282986,0.00212339468447356,1701799601.28264,2758459999.49088,43074.0217145801,9272.56387239721,1928.47219706279,25787.3989253752,46875.5089392541,184296.349639199
tmp_01519,tmp,1519,2,30,12,0.000821884428406988,0.00419100778596104,0.0024119291573857,2387887538.71693,1712687313.29243,23285.8190918739,4938.85074335378,1037.53643577293,44451.2814016413,74066.6705610408,244711.122179079
tmp_01520,tmp,1520,2,30,9,0.000958045254853749,0.00229198063193229,0.00175060346292949,4460724827.37286,3591220146.2288,18286.520310785,3737.48673593305,714.267121695742,144138.527455821,181522.031875977,277932.694605535
tmp_01521,tmp,1521,2,24,12,0.000501324941222176,0.00150822636693299,0.00288307347439697,2595057599.61307,4855985648.15196,4472.32354946699,2018.57166473818,1623.85364663449,8214.26231154835,15213.4830818803,89296.7327701526
tmp_01522,tmp,1522,2,30,12,0.000663169025298066,0.00175312641910042,0.00296393183690433,4021813848.61265,1641745432.3252,2583.51143670777,863.013544023553,368.884453474214,28622.5950192018,44702.1326172984,125497.22485954
tmp_01523,tmp,1523,2,36,6,0.000855992922927932,0.00438439109293332,0.00364071251868832,2647963944.93962,2156757641.07165,10977.4176471415,946.603505883464,93.3025565705531,35269.6853767386,38300.0940539632,45217.7180500342
tmp_01524,tmp,1524,2,24,12,0.000671344932186865,0.00345546271821412,0.00336839754581738,4464179970.45003,3537610457.81404,25041.1732906942,8364.79160203919,3869.94820542869,28338.4791270572,52998.0616478573,287568.098951573
tmp_01525,tmp,1525,2,36,12,0.000709490233617639,0.00132405275206923,0.00151904693783364,3533294373.41369,2321362994.39276,3538.78253270159,891.901189617685,235.776746706615,65943.071889077,85552.0712185118,140663.064253644
tmp_01526,tmp,1526,2,36,9,0.000781646556896391,0.00248205623789741,0.0033741471293358,2580918025.90965,3338748965.67209,7123.3948291997,1312.14620600872,220.535573063487,32633.4225953304,46589.0749877734,102033.743790179
tmp_01527,tmp,1527,2,24,6,0.00050611647131978,0.00507963817342205,0.00236121865042644,2116798471.32911,1584347419.3804,36989.3914432324,4354.84287925232,419.31690870774,7865.38333924903,13996.5735083037,49846.8910543426
tmp_01528,tmp,1528,2,36,9,0.000998060078652199,0.00210316360955949,0.00328487472709081,4075606205.88402,2323763121.13634,6276.04246665106,1193.80407120803,200.112879980907,88186.509558942,95812.8865870851,107673.1279245
tmp_01529,tmp,1529,2,24,12,0.000902481090145273,0.00527128074811595,0.00386784458072015,1556032162.71276,2671717000.22302,52493.4198575595,14558.2222640355,4909.93947807399,22510.6717676986,46472.2029964046,297822.474667532
tmp_01530,tmp,1530,2,30,12,0.000659772888129338,0.00357345651839678,0.00249024508013606,4204816602.47132,1128414410.14268,10195.8431744144,2394.84979853865,592.53606331852,37447.9772490628,59590.9365291486,173004.845578117
tmp_01531,tmp,1531,2,36,9,0.000597512134751919,0.00487195828812626,0.00399064004599249,4040136878.15854,3554028604.99666,33197.0832696493,3957.98628644894,407.884339241125,22239.4803598276,36113.8694745698,112713.988055854
tmp_01532,tmp,1532,2,24,12,0.000691025140611573,0.00461667241427572,0.00235301736737302,1495294582.98419,3150971753.1133,66241.0833869756,17249.0516921668,5197.01002602588,16996.2740377178,38467.3888389863,282410.989120994
tmp_01533,tmp,1533,2,30,9,0.000611434906954537,0.00509357876403774,0.00324032814921556,2856972768.93596,4350317858.15409,71529.4478891991,10552.6711696075,1310.22201296034,19582.5137515552,36942.9254857501,152553.28620317
tmp_01534,tmp,1534,2,24,6,0.000569169531243974,0.00267077617971749,0.00207419064733426,2749254294.46051,1296744660.49568,7584.88894320197,1338.72497981272,206.151950363538,13274.1397021847,19030.85986286,41348.9268902739
tmp_01535,tmp,1535,2,24,6,0.000713765215995294,0.00239355860579708,0.00149712780228017,1859374121.80618,1873939158.34799,11098.35296017,1913.08640829841,286.582147334315,23606.2292656301,32380.4010527728,62441.1005699837
tmp_01536,tmp,1536,2,30,6,0.000623784115276233,0.0030448721076454,0.00376280641975673,3780931933.27028,4055786852.06624,13425.5456980068,1806.37651753708,208.572762729454,17737.7911199132,25746.149821227,59444.60127323
tmp_01537,tmp,1537,2,24,12,0.000683384778747505,0.00378147599162889,0.00256765671302191,4052608150.99796,2294146070.4167,26506.811433793,7858.23785202838,2982.58232416595,33900.8351911963,61817.2949188615,297951.25114484
tmp_01538,tmp,1538,2,24,12,0.000851208238586096,0.00110069375865831,0.00175320547157837,1281326206.19346,1604893900.95603,1803.8033317928,751.643302746534,515.426391569046,23484.7625643665,38331.5327918832,123284.790879427
tmp_01539,tmp,1539,2,30,12,0.000859564083949481,0.00197918512372067,0.00209982526808795,4914125773.59798,3513587649.07407,9900.98133568273,2910.37642118637,1019.36074630989,105082.784444451,157392.317601977,382336.133467683
tmp_01540,tmp,1540,2,30,9,0.000819943002971875,0.00194889075206872,0.00213825960295751,1647804016.37147,1755066995.17823,4402.05892676586,1030.62239468312,240.816783904543,29308.6464694276,41351.4240272,85884.7573273291
tmp_01541,tmp,1541,2,24,6,0.000928244440797299,0.00278593803864461,0.00126061468924241,2846689764.02744,4307846956.36117,42911.5672601612,6533.60536932854,854.754430939155,91858.083486633,118692.091336494,195881.28046142
tmp_01542,tmp,1542,2,36,9,0.000755336889666891,0.00534833037476202,0.00295909016269171,3380880918.555,3524143461.65411,51337.394754853,5191.48484447836,481.799731368115,47381.7189005048,71957.7662352257,187862.474772059
tmp_01543,tmp,1543,2,30,6,0.000812453370263161,0.00374676291223532,0.00221267901157353,3503956626.61259,1210807683.3623,11236.041449131,1319.69085102255,145.803107293769,49010.2561026444,48154.1926835276,46925.6486019749
tmp_01544,tmp,1544,2,36,6,0.000615321355623905,0.00419410021024488,0.00346189827990064,3357267611.8312,3572058259.29307,15777.0545072355,1214.93036885256,104.444349721907,19440.1296533411,25947.6013144248,49301.8692641983
tmp_01545,tmp,1545,2,36,12,0.000818386201722567,0.00471491619248392,0.0012013906996324,2895008233.09248,2958304816.71752,75450.8753599869,9029.05217512599,964.920134162485,123961.159233644,185066.325245445,446164.027300753
tmp_01546,tmp,1546,2,36,9,0.000739207465735127,0.00345588165887274,0.00284872960197763,4445579375.76616,4748942974.0934,25493.3764514305,3548.96264043682,436.854353868444,58038.9588804922,84296.1869362685,192852.699289689
tmp_01547,tmp,1547,2,36,6,0.000546040534329751,0.00429842406541876,0.00325787174151907,3517294890.81509,2692665857.8233,12766.4160194965,952.291202104375,82.1226604653685,15132.828624381,20178.4787544361,38321.4021452998
tmp_01548,tmp,1548,2,24,9,0.000799983943330733,0.00202941628312538,0.00140269358076047,4481154008.35071,4957770353.91129,22824.3856107451,6218.97975804838,1878.40988526101,92383.68425126,142571.764497372,378539.547053977
tmp_01549,tmp,1549,2,24,9,0.000691278305871784,0.00273849750956462,0.00148192109795076,2601902852.95589,1859917178.75752,16270.024766687,3881.97904606073,955.492599413264,34824.8198651269,55887.0099541515,163751.098802178
tmp_01550,tmp,1550,2,36,9,0.000742243241471873,0.00289562952217085,0.00310964423746918,4068560185.38406,3968491853.4733,13174.1745438139,2147.08594114583,312.84585874675,48013.2335236064,68159.2149405678,146390.131176081
tmp_01551,tmp,1551,2,30,9,0.000582321187678441,0.00199781823080226,0.00173088074862798,3325588401.80546,1089801950.16689,3609.95644386897,790.198224902044,168.265367262607,25473.806816952,34400.4012761693,63031.2236326931
tmp_01552,tmp,1552,2,24,12,0.000950360831174599,0.00254888642123537,0.00395152238171502,2334383396.70392,3499277239.64169,10289.0745414501,4061.45788976792,2498.28586906191,32983.2935340029,58251.127680397,272801.659679906
tmp_01553,tmp,1553,2,36,6,0.000773518576696142,0.00403672795804219,0.0027682755599353,2811113530.68756,3712629878.49411,17472.767134209,1383.31734950288,126.604045006811,38071.7123037749,45082.2652215116,63722.5708960541
tmp_01554,tmp,1554,2,36,12,0.00062193771540727,0.00568334596423194,0.00341769927629846,1209741725.7151,3519244772.34603,61999.0154790631,9103.49319014918,1136.04132874925,11364.4696892039,24164.0002710221,127746.806957386
tmp_01555,tmp,1555,2,24,12,0.000838260957636967,0.00344127410177431,0.00205279561602923,2824156432.5252,3219383735.29258,35195.4632332197,10328.307702243,3855.74410025045,53330.3860203542,95644.6746970277,435579.140648385
tmp_01556,tmp,1556,2,24,6,0.000877642805506869,0.00176724922151379,0.00275224549978178,4501936884.44822,3507589670.93937,8958.17889274991,2017.87084766751,422.406880816766,48367.4668356813,62204.2968869609,101722.226055516
tmp_01557,tmp,1557,2,36,6,0.000814629389153037,0.00147970012013174,0.00139911046245938,1966085825.04078,2026172279.81323,3403.37113902716,444.134861890214,55.2589808157388,40293.7361169867,28081.0344464417,18370.137656831
tmp_01558,tmp,1558,2,24,6,0.000703553834092692,0.0036879940566218,0.00135264773155481,3727659523.80856,3454670655.06926,58410.5351745503,7361.81854703212,792.320418260884,53551.9489799071,76478.1548058586,162385.19691666
tmp_01559,tmp,1559,2,24,12,0.000594076754895406,0.00353486247835819,0.00271427897938579,3770798847.40254,4498513502.07137,40176.6108062279,12562.2254769188,5201.33792692119,22286.1528840426,44953.0840740065,287279.102248797
tmp_01560,tmp,1560,2,36,6,0.000945138263348448,0.00569253185038949,0.00108864809845361,2580282486.59479,1918675171.23558,22227.7103221542,1836.40946768266,193.950887336912,127643.377378267,93339.2368036553,65543.6315342725
tmp_01561,tmp,1561,2,24,9,0.000611835151036704,0.00307768096628262,0.00287323939911652,1386463267.15901,4019559360.73061,24736.8016714577,6697.83397776598,1968.60128163903,9223.99694010625,18551.8965029473,90624.2684719774
tmp_01562,tmp,1562,2,30,9,0.000571233443608769,0.00597675842249799,0.00268606483138008,1452164401.40738,1360912182.13617,38672.5700315162,4778.08167020105,493.837445697803,9441.89573778554,17439.4727918848,71241.1840139386
tmp_01563,tmp,1563,2,30,9,0.00092919875154153,0.00133376163671354,0.00301436321442708,2821895317.95286,1346908933.90298,2705.39172490418,655.828725894547,156.632981390843,39466.1401747244,47399.1581450344,65107.7462865253
tmp_01564,tmp,1564,2,24,12,0.000519411408039923,0.00541841187519402,0.00303628342158463,2547865439.29101,3245577895.25129,84507.0533768405,21623.2030263023,6305.42660715967,11176.5137433018,30967.1809188117,285168.808735216
tmp_01565,tmp,1565,2,36,12,0.000836579267079649,0.00206681582838005,0.001336034691937,3864245651.18768,4847337677.94644,16421.4422766709,3484.88072943632,727.251561419805,147277.406348275,203717.519559628,396489.271058508
tmp_01566,tmp,1566,2,36,6,0.000948607483340518,0.00483114140308973,0.00296919491507724,1664564897.29767,2727972009.16903,17200.528425449,1289.00286873527,117.456964363117,38362.5753165966,44091.9415537533,58570.1882243934
tmp_01567,tmp,1567,2,30,9,0.000574559096902147,0.00209510362879346,0.00248161317437443,3199613311.93805,4585756533.83947,9348.64035952881,2248.14887507069,537.321056638464,20086.6358342728,32573.538845716,102452.380646582
tmp_01568,tmp,1568,2,36,9,0.00083279241606568,0.00378684753255198,0.00309082270001832,2602010424.85464,1150619364.07772,8203.01457182366,1157.95289182273,149.262240855627,40720.6629331227,51034.1911641434,78796.8290600817
tmp_01569,tmp,1569,2,36,6,0.000738746432973548,0.00118446231073313,0.00144419726416848,4947290163.66278,1799488125.36323,3282.91816203992,403.508012108521,50.6361666686758,48292.0310345589,25329.4544446701,13741.6997258776
tmp_01570,tmp,1570,2,36,6,0.000812996021149847,0.00417248069232484,0.00212928446649491,1735256834.31632,1752465994.7895,10085.8163999849,807.08393059256,79.7913302626722,33233.4007152722,34205.6785195813,36835.9561509129
tmp_01571,tmp,1571,2,30,12,0.000720665179859205,0.00126162698772489,0.00128940502530065,4112084151.57478,3777224596.93884,5859.97573798153,1821.54276436251,694.892725543979,81201.6970314868,119699.8990683,276798.090021881
tmp_01572,tmp,1572,2,30,6,0.000631395906619662,0.00468557061929221,0.00236720793625337,4515280084.62168,2568221594.05646,30129.9327894203,2675.13943451569,238.60536614793,33551.5515061474,44513.6054897471,81322.5878015159
tmp_01573,tmp,1573,2,24,6,0.000658132804545511,0.0015927953135117,0.00213164737928501,2846176893.88559,4055352610.35164,6653.14791339314,1557.41852202999,348.243113622459,19923.1385073382,28966.2522320631,67332.3877999812
tmp_01574,tmp,1574,2,30,12,0.00060211167901319,0.00288259296260056,0.00116135074692283,2494466597.9778,1282201409.35129,12222.0137284582,2613.10472870159,559.094539927683,36256.0149404373,57560.4582265945,164624.04006113
tmp_01575,tmp,1575,2,36,6,0.000986944525157585,0.00245821167632122,0.00370666172007887,2288917752.83989,1776515137.76903,3924.10933351677,512.343527596809,62.3748675938296,37082.5001374064,31502.712938633,25066.6718208051
tmp_01576,tmp,1576,2,30,12,0.000924569094396052,0.00563535527070364,0.00210055787421702,1293478583.68288,3379183774.66955,110301.569933484,18557.3373234264,2726.51928447252,44293.4490782514,84093.108555955,381706.553345646
tmp_01577,tmp,1577,2,36,9,0.000613347712853982,0.0010598240358395,0.00132410718456707,2666710518.97279,1490586955.75968,1887.4825044443,374.742617006473,68.9278793119956,31303.3217392594,33209.560549041,35671.7687143794
tmp_01578,tmp,1578,2,36,12,0.000804246378768843,0.00126452580356534,0.00127022245744957,4001219606.42598,2688999679.98603,5539.70675221617,1297.25142575816,303.200021517729,120684.839317153,140981.5971407,182829.342943994
tmp_01579,tmp,1579,2,36,9,0.000791515039262857,0.00168327858118593,0.00338455135191475,4635294907.28739,3960729288.4603,4585.7580448069,1001.46227001683,207.018665471868,53700.8015979042,69162.6921349034,113631.650339857
tmp_01580,tmp,1580,2,30,6,0.000944405239947539,0.00581853780347585,0.00157730678998862,3529943358.71372,2968473923.1594,62648.4165640466,5060.30792931754,466.864780671358,120699.880899586,132731.762052481,159792.87999146
tmp_01581,tmp,1581,2,24,12,0.000858416830702547,0.00501052271266213,0.00272516588736354,1177890978.15978,4747898008.74024,109812.845976027,28464.4141447774,8503.09116959391,23054.2446750672,54944.8677559481,432395.016732153
tmp_01582,tmp,1582,2,30,9,0.000835069609327058,0.00585954145995193,0.00276200592966096,1304388985.07032,4237557653.97866,112336.018275577,14208.0300432956,1498.55767179623,26141.7939822822,48904.1929808169,204111.219321586
tmp_01583,tmp,1583,2,36,12,0.000901226086393253,0.00529397854855614,0.00337102063655268,2685417620.15698,4607172387.04324,69362.8597901452,10725.8154810874,1443.54802676049,61394.2187547606,104819.188799786,365938.076054812
tmp_01584,tmp,1584,2,24,6,0.000764356563865653,0.00275921002505874,0.00344500365386367,1500692841.23977,4129009234.89788,15877.3501153948,3166.91603588759,555.129365446588,12387.3119046555,20254.1189917414,61961.126086435
tmp_01585,tmp,1585,2,36,9,0.000950862567071819,0.00297699884154777,0.00368966732277925,2996343607.56453,3007658618.83188,10295.4505533313,1760.58559761175,271.646899017548,59481.5545507242,79063.8013618985,141408.474736837
tmp_01586,tmp,1586,2,30,12,0.00067486538512977,0.00564344292096062,0.00216980681933363,1017262569.86432,4578774043.37858,144698.701675071,24520.1606728819,3617.28295567189,16583.8777024415,42181.6047744237,293222.265614427
tmp_01587,tmp,1587,2,30,9,0.000915038669740917,0.00513350077616494,0.0034750282896571,2798991819.59131,1987406013.61887,33170.0350821735,5088.2074149521,681.865864487735,47797.8825397575,73497.5870191219,190919.962041549
tmp_01588,tmp,1588,2,36,9,0.000518416960725014,0.00108849941548426,0.00255117337749043,4737023310.16739,4476107699.55285,1936.15360392441,488.148051900365,125.866362793867,21457.3171880851,30074.3850336784,63172.3802882459
tmp_01589,tmp,1589,2,24,6,0.000876320192722008,0.00558486716461514,0.00247885316884936,1732527796.5608,1743871522.44005,50293.4410345129,5792.50770306645,567.110232147595,27571.9188510031,41864.6245966924,103865.987936749
tmp_01590,tmp,1590,2,24,12,0.000787439921855778,0.00182841780230953,0.00382569733421066,2990320882.55003,1765058137.53175,2804.38688494117,1195.21045961487,857.264720680949,22276.9080848376,37863.4463690055,149174.213071604
tmp_01591,tmp,1591,2,36,9,0.000617901268355821,0.00435531831723644,0.00135904765197933,3475040748.00647,3214233484.50407,48257.14359854,4371.07634872905,388.21365249515,55806.8991337882,80055.115266328,178609.488627978
tmp_01592,tmp,1592,2,30,12,0.000682900488951987,0.00323854823083152,0.00131941292529285,1879834158.04528,4635583520.60854,50819.308483786,10461.2880801181,2081.11759603259,40230.1860306269,73126.8692153504,303386.447662199
tmp_01593,tmp,1593,2,24,9,0.000679092792004862,0.00211495699141369,0.0016172967429276,1549595671.29451,2752668652.20201,10793.6640398092,3044.4987435432,960.603905234099,19354.9021455247,32679.5198560729,114888.46782167
tmp_01594,tmp,1594,2,24,6,0.000701984357301793,0.00507949582711562,0.00270964821478212,3552518724.66741,1298359897.73228,29057.7746991576,3711.31936311849,403.184385650393,25516.7622689039,36891.8205385149,80863.256364577
tmp_01595,tmp,1595,2,24,9,0.00053361982825241,0.0041846055689972,0.00116545585294373,4587506605.58517,3805130340.80484,116512.645155789,20065.6507140852,2989.33078509862,41621.3507020021,77602.1300217299,315617.060961575
tmp_01596,tmp,1596,2,24,6,0.000697511500368254,0.00217806775424092,0.00207326809656049,4421444015.59024,1066368427.34713,5762.30205951423,1125.46342818178,191.424159635912,30715.4804053907,35782.6684186586,46005.9016435314
tmp_01597,tmp,1597,2,24,12,0.000529896824572608,0.0054357987877474,0.00335535789217015,3492371722.88287,1660108185.49723,40130.8092356308,10530.688904516,3217.92550479316,12208.9510719611,26625.1423635984,184891.93414323
tmp_01598,tmp,1598,2,30,9,0.000525613508219014,0.00226719674879723,0.00334853862111366,3858517574.42604,1305906524.92993,2876.58990125967,712.252649343872,180.20384895454,12540.7557220997,19138.1027367644,50473.7879111045
tmp_01599,tmp,1599,2,24,12,0.000594654737784177,0.00429329901269219,0.00322192409009506,2035211490.50547,2615842284.63124,34109.2307533486,10068.1231328415,3779.4895121663,10961.6201239528,24217.5170899121,178410.249146167
tmp_01600,tmp,1600,2,30,9,0.000982437297896988,0.0053071928310581,0.00377930888671284,2256872535.20737,2888691746.76623,48111.5720177747,7358.37885929121,971.428082844991,46029.5505634071,74474.4235463212,221340.610450928
tmp_01601,tmp,1601,2,30,9,0.000902818768913078,0.00548692530405593,0.0021948478250185,1354451126.87336,1232827071.81262,34028.159903922,4268.43141767934,465.953416086071,35127.2402089196,53583.4672889855,136279.237966425
tmp_01602,tmp,1602,2,24,12,0.000622308534296338,0.00398374246317365,0.00330479417860545,2264781328.83877,4535030760.27068,47011.835709808,14548.217446709,5914.05492444321,14157.0351206317,31997.3641212582,248762.921632013
tmp_01603,tmp,1603,2,36,9,0.000789229394813368,0.00503152701701844,0.00359932897776714,1271377652.87428,4969762258.88127,53605.3611504915,5962.43979860337,571.697432658386,19223.5816757272,32995.0953893656,119364.555559904
tmp_01604,tmp,1604,2,36,6,0.000877838832360004,0.00302563860485849,0.00101723939069799,3990086472.74906,1061032348.19319,8176.93853546617,905.425805194646,121.166802667623,98553.3531425002,42799.2201293175,21432.6849572049
tmp_01605,tmp,1605,2,30,9,0.000850355131105106,0.00468716961444135,0.00148888773573297,4680443076.60801,1747809847.22666,47047.7854131106,6143.30648526601,729.667891871771,133586.264564789,170379.600679023,271292.116339813
tmp_01606,tmp,1606,2,24,9,0.000675227711459382,0.00587882802781786,0.00368064290789291,2806661845.60471,2631892365.88789,76078.3601181775,15103.4752366818,2762.74588423796,18515.5888327884,38469.0766859287,186935.308501247
tmp_01607,tmp,1607,2,30,9,0.000518183073925861,0.00253626019793996,0.00226487858626235,2737663028.37441,1485766787.694,5583.93289600565,1168.93478847127,232.530502683733,13169.0499242625,20636.7963369741,57666.8841691404
tmp_01608,tmp,1608,2,24,6,0.000520648272692098,0.00246792966019083,0.00386498533043974,1080693624.54743,2072868041.24856,5222.38549235934,1154.58980925681,232.013517530936,2805.34464034786,4822.60668455315,16521.5825501264
tmp_01609,tmp,1609,2,24,6,0.000905384723685059,0.00448350318135427,0.00243975348460643,3053202199.70314,1498036150.2706,28489.3973996225,3952.40662365232,472.949470017659,48289.2283973352,63114.3896716603,107298.102351667
tmp_01610,tmp,1610,2,36,12,0.000903692735431955,0.0053523862698782,0.0037505902364966,4774479245.94341,4759618117.40726,68430.1504327337,10943.487581642,1545.79553723735,94739.5042620572,155425.109205793,488424.92978399
tmp_01611,tmp,1611,2,24,12,0.000712666875198551,0.00457198228050792,0.00366320235433529,2521468090.27166,3698973631.91992,51353.2434320332,15164.2029848985,5698.32942121837,19823.0889882106,42165.478424214,291930.977409174
tmp_01612,tmp,1612,2,30,9,0.000548261945289735,0.00297964508267722,0.00223964673771481,1675857794.11786,2954129506.36382,16095.8295937284,3020.23011635107,508.956781515481,11099.7168118637,19312.0732816705,68803.4883035851
tmp_01613,tmp,1613,2,24,12,0.00052847002600758,0.00114645228359232,0.00305878711513875,4917255979.20928,2875723943.4652,1720.04515092805,803.926284647891,714.950514465699,14099.1321999049,24345.7086125049,105474.006415183
tmp_01614,tmp,1614,2,24,12,0.00057217632458973,0.00364768762295604,0.00330400837266094,3614662865.19616,3476922566.52591,28508.1984492803,9235.42752172947,4055.1893314934,15882.2206102265,32147.8346136303,209963.07076574
tmp_01615,tmp,1615,2,36,12,0.000819176471551413,0.00248957010447762,0.00319101858968152,2136850085.66939,3935502592.77937,8715.21840895746,2140.57277733215,545.503543203711,36340.9503527172,58460.587172249,180129.738658293
tmp_01616,tmp,1616,2,24,9,0.0005650361535508,0.00533602628334332,0.00229172081799396,3136108751.41572,1883575035.43707,62694.3082661977,11431.601299509,1844.61242312321,18158.6501090671,35615.8480016694,158873.267370616
tmp_01617,tmp,1617,2,30,6,0.00099561303468367,0.00463586403055765,0.0017832431660719,3784310105.3968,4738285092.2908,65119.8397734111,5885.78649391274,560.422510509057,134976.17248956,153351.448426555,195777.767357046
tmp_01618,tmp,1618,2,24,6,0.000936549223516041,0.00271082725597438,0.00263538800626172,4453956657.52651,2729478684.83047,17137.3648035102,3242.01641171327,538.178935389493,65310.2282415929,82268.870440976,127329.172663326
tmp_01619,tmp,1619,2,30,6,0.000955374730469799,0.00594992820939473,0.00372692264502275,4716773429.29403,3745424877.31191,57079.0428372479,5124.77378486763,465.347096098553,75661.4707997782,97022.7752008403,162532.957686917
tmp_01620,tmp,1620,2,24,12,0.000695497786416212,0.00324217923470533,0.00182768645956927,2722435292.23474,2176515900.46402,22329.3179728134,6559.16236964524,2452.5172931318,33078.8094419137,59455.0597158916,272754.269815489
tmp_01621,tmp,1621,2,30,6,0.000825732871337643,0.00276712967210648,0.00209342494496421,4582062642.28362,1484920888.92559,9149.85098554181,1271.83362095865,151.800485574541,63110.1731720048,55410.8377666321,45575.852407608
tmp_01622,tmp,1622,2,36,6,0.000517886880253616,0.00286114917097482,0.00321572217235236,3778075134.17754,4812730046.67928,10089.1333674886,962.311706019457,91.1610574473552,14196.5864064842,19573.8973058294,40431.1390863651
tmp_01623,tmp,1623,2,24,6,0.00077463801801314,0.00308975232994675,0.00362438100620696,2712011254.02256,2687719276.31505,14157.8249257309,2688.67420272521,448.524849100225,19878.3525158502,30075.7525680976,75802.3673142477
tmp_01624,tmp,1624,2,30,12,0.000786113147593633,0.00130332238384439,0.00355082356821221,3949674890.60328,1654540053.23643,1883.59381224012,648.163513856866,290.366485863146,34532.7594026598,51101.8702061147,120075.789062107
tmp_01625,tmp,1625,2,24,12,0.000679984502846915,0.00354121615227414,0.00390101985607936,3487557058.56105,1315596070.22735,9042.53566664693,3083.27113287075,1478.77535744577,18590.4178507219,33214.4121135393,155982.888586012
tmp_01626,tmp,1626,2,24,9,0.000765496372303168,0.00301247052942338,0.00252509582121936,3296605315.77098,3498159575.02984,24177.2070299937,6355.09684393141,1802.70793783854,37735.0222703282,63843.3457861356,221645.780483375
tmp_01627,tmp,1627,2,36,9,0.000857621196656154,0.0036101686600914,0.00173854023627073,4615196422.57931,2011599281.59439,20736.3840131691,2659.07285660047,316.205508396026,130870.849630773,141413.381227822,159903.260547211
tmp_01628,tmp,1628,2,30,6,0.000955306215808733,0.00230589732486862,0.00310142515537262,4545684859.03209,1882989917.36585,7222.14499963283,1142.1735262004,148.512279233827,61858.277747096,56131.1539621029,47572.7733640699
tmp_01629,tmp,1629,2,30,6,0.000766965680808429,0.00108125279653759,0.00323306043569695,1237170232.56348,3510447285.9446,1455.9559943818,330.155203448869,72.7048854305962,10254.0619245711,13642.2600339124,25060.481693057
tmp_01630,tmp,1630,2,24,6,0.000636948997214403,0.00501563356065753,0.00385008303135491,1652129118.86911,4542597362.93908,72231.5329906555,10073.1737021412,1124.8434814092,9035.2768674945,18859.4013451011,82459.2567487313
tmp_01631,tmp,1631,2,30,6,0.000739300808172738,0.00496816487162077,0.00265390777982061,1822193565.34954,3313245152.0296,40033.6291012772,3385.5248067122,277.525110725046,20899.5664900213,31147.3303773653,77734.1591004748
tmp_01632,tmp,1632,2,24,9,0.000655367044080031,0.00428075805176715,0.00266774385733457,1973838795.46684,3594473091.07637,57970.3590745416,12651.5085685024,2675.86185229956,16603.0716154527,34076.4409176038,163774.819604751
tmp_01633,tmp,1633,2,24,12,0.000865308115733701,0.00148298643052429,0.00329595259897316,2071248290.25649,2775076561.83575,2948.630382543,1305.42118980762,1016.81181161586,23893.1788544292,40875.5189796403,167161.023055641
tmp_01634,tmp,1634,2,30,9,0.000592555505657687,0.00592631303029499,0.00380507652145861,2711599476.23951,2872568507.1235,61393.6433809308,8615.77634238088,1011.12726839479,14555.9241553445,27827.5438236496,118361.893765651
tmp_01635,tmp,1635,2,36,9,0.000908161854599697,0.0025180635410708,0.00151678211114618,3363651079.2458,4477394953.13392,21004.4805734565,3111.97582403925,413.557654492,134640.518926973,160697.582534571,220984.46254716
tmp_01636,tmp,1636,2,30,9,0.000716206156845138,0.00153061494153818,0.00154286351258689,2051819917.9838,1829095704.1669,3710.12997060887,883.200609580585,210.65591564359,32073.125008729,43404.0106991383,80155.2675532336
tmp_01637,tmp,1637,2,30,12,0.000842320733580209,0.00507621660233608,0.00275399991975804,2073090625.02518,4218863506.1412,82831.9866784679,16201.981413877,2971.69879149842,41651.471281805,79313.3146737907,362431.342086253
tmp_01638,tmp,1638,2,36,12,0.000773479965752876,0.00381497343259115,0.00314173712111953,3201274787.05525,2116215834.58105,14845.2824957969,2815.46960037127,500.876211572908,45379.6546241149,70985.7719735507,196414.59655805
tmp_01639,tmp,1639,2,36,9,0.000762435501601696,0.00147411189700966,0.00230934055193314,1255032530.22101,4878808796.77489,3711.67606280513,824.367695805444,176.148718669986,21668.4612437836,31741.1596482439,75873.0970323219
tmp_01640,tmp,1640,2,30,6,0.000786023462079929,0.0049537209950449,0.00165602706170124,1755941903.00343,3209234420.98365,48080.7397859413,3693.71947978865,301.74983552048,36812.8753327901,50343.8130600573,100000.043272907
tmp_01641,tmp,1641,2,24,6,0.000691401536965074,0.00301507917037165,0.00186924394721946,3331355434.84424,1751889407.54123,15564.7222957995,2508.01772175122,347.957911900435,30749.4455855751,41577.4637571343,77049.8830111711
tmp_01642,tmp,1642,2,30,6,0.000868210624334561,0.00229301774482864,0.00100405002308579,1747822125.98233,4995160894.10257,23318.0866752799,2694.48031841418,290.542659841234,71494.9865899986,81245.5777802434,102664.44333036
tmp_01643,tmp,1643,2,30,12,0.000745326338920523,0.00357807010881192,0.00287339489435501,2096827724.8536,1912765594.11262,14347.3123314531,3511.17364639391,918.559983295364,25557.7091358326,44143.2519977785,165198.0069153
tmp_01644,tmp,1644,2,30,12,0.000758248168434718,0.00362713155771361,0.00321131110529204,4797011744.91825,4559133794.98038,32150.1013797905,8060.78624394734,2187.61820774739,55617.7065341599,96685.8387128673,370282.781952437
tmp_01645,tmp,1645,2,24,12,0.000513779406801139,0.00351952706605102,0.00361366517747938,3559163751.04643,3270829328.17441,22447.3147423157,7585.41231175153,3568.8303315993,10806.5667330189,22481.2664316531,158052.395699697
tmp_01646,tmp,1646,2,24,12,0.000822904674459915,0.00366087842136795,0.00181594880085956,3225053003.25373,1255983075.36435,19190.7078110579,5255.8131393669,1750.02117640851,59147.83355313,98001.2067564757,331671.669156282
tmp_01647,tmp,1647,2,24,12,0.000959959136969212,0.0059059385941627,0.00229440644269087,3919979272.41425,2127008154.05659,92408.5479968377,20942.0871714554,4930.23617217117,96447.2175959742,170430.984577387,697885.567038832
tmp_01648,tmp,1648,2,30,9,0.00068735376304611,0.00433187757054007,0.00206685550511796,3550916723.0696,3292667585.14644,52186.1029962702,7462.92765638106,914.583096786243,45212.9845095128,72935.1188371362,214932.180972551
tmp_01649,tmp,1649,2,24,9,0.000566785157153777,0.00370726382320049,0.00308891673554666,3555589373.20358,2175907881.55617,21269.1192800859,5277.21572837838,1364.10870019733,14940.2783169057,27198.9204866418,110593.916109339
tmp_01650,tmp,1650,2,36,6,0.000846737416848463,0.00453280733945982,0.00260409175970149,2452469733.4171,3701575867.93526,21831.1865779507,1621.40208280373,145.52463996361,46116.8123110809,53666.0992772046,73160.5135631638
tmp_01651,tmp,1651,2,36,6,0.000670549024641714,0.00260915542222929,0.00161196846353932,2441322144.42067,1270648113.22656,4220.39588778746,448.012075460884,52.6927255597185,29789.2068157478,24579.8443093014,19229.0508082979
tmp_01652,tmp,1652,2,36,12,0.000792490452306395,0.00171673839872267,0.00263876496841806,3991954373.48505,2290706474.7777,3784.42012179076,988.047519136494,276.661269712022,62173.1891633757,84889.6388394908,159785.97887753
tmp_01653,tmp,1653,2,30,12,0.000916830176882401,0.00189776824102719,0.00108528003480556,2261075291.40578,3462432680.62469,13722.1981719253,3565.3228613199,1033.32755392303,114552.906294398,168876.778055992,389105.043777244
tmp_01654,tmp,1654,2,30,9,0.000761823395936769,0.00459696144991701,0.00300018210075738,1155647823.06266,1550858480.22712,21116.6415589062,3275.69110547577,436.801712428278,14512.9324137588,24475.2861100601,80579.3766569226
tmp_01655,tmp,1655,2,24,9,0.000966492141128983,0.00372684686291399,0.00328206697086938,4046132763.96491,3194508742.27848,32472.5324508262,8139.44046800383,2156.62350125174,67911.1363182402,110588.30182432,340912.317989379
tmp_01656,tmp,1656,2,30,9,0.000773364720876755,0.00288461754881795,0.0013372677748064,1452264396.25274,4270571205.32191,33706.8419086408,5488.48819759019,782.253683963714,40309.7292226387,64414.6831453477,185792.897499833
tmp_01657,tmp,1657,2,24,12,0.00090606550401961,0.00513651703411438,0.00394121351715105,2412228059.26802,4876364360.52997,87642.6752704991,24778.4279509326,8640.85971129768,35279.8527304882,73899.9469517276,490078.440720282
tmp_01658,tmp,1658,2,30,12,0.000532997365619409,0.0041699602164259,0.00166150545590378,3773926700.08382,4482251293.07725,79395.3859955007,14993.0900277358,2604.53414439526,32417.205199818,63141.4337117518,301242.934335983
tmp_01659,tmp,1659,2,30,9,0.000600952513416765,0.00314483114201275,0.00278470966488587,4386088937.30762,1683302166.67408,9676.40037074806,1896.42202384236,345.820333134326,25910.9445153141,39316.8417819174,99665.7903165779
tmp_01660,tmp,1660,2,30,6,0.000621102611749046,0.00543627259096253,0.00149080984214993,4536236147.3408,1002291109.80305,19632.2369588148,1663.52602894203,159.844273879661,45503.7223382877,47815.7738972142,52991.9859306062
tmp_01661,tmp,1661,2,36,6,0.000812019664007778,0.00292532273721007,0.00166475345589534,4941602135.35518,1170523885.79582,6583.47533474633,743.168378772386,90.2865710260227,73915.1243801004,39783.9167135633,22085.4649056275
tmp_01662,tmp,1662,2,24,12,0.00082768961712389,0.00101469540360869,0.00238554673284149,3927707331.02512,3262342606.10274,3026.81347627472,1297.63826967627,938.812520389415,45920.775268412,74566.8005586756,233548.464454013
tmp_01663,tmp,1663,2,36,12,0.000885139204186625,0.00439691381136486,0.00202666212844394,3395502429.04297,4321870595.90604,62040.9998687019,9264.65335830653,1219.57100828432,112318.731933474,175818.516065539,483811.862775443
tmp_01664,tmp,1664,2,24,9,0.000760798479305561,0.00162076213189982,0.00240064511772392,2398868017.792,2980363261.43905,5172.27514511071,1754.2180802338,740.404801588338,25387.7373596426,40693.6068042244,126509.909606417
tmp_01665,tmp,1665,2,36,6,0.00086665297693335,0.00545787070544192,0.00196173513823627,2934379863.45763,4097310068.84824,35157.5869584015,2379.40844037637,211.148122826468,77116.9325765621,85066.580291732,104234.789610749
tmp_01666,tmp,1666,2,24,12,0.000600845854032813,0.0015528560206793,0.00239753280406185,4410141328.71595,2847825348.63331,3915.1019275103,1655.95472711498,1166.5433674744,24200.2852052328,41639.3508059997,174884.055089268
tmp_01667,tmp,1667,2,24,9,0.000979252184569715,0.00454869013701818,0.00138748913829736,3497989582.42469,4606228239.66033,156774.142304644,27330.9468074681,4201.65886524348,145614.8107234,238139.005986003,710513.271289162
tmp_01668,tmp,1668,2,30,12,0.000554578014755289,0.00408611832327545,0.00118791984027473,3752296447.93503,1597177460.02808,36416.0912798962,6320.45484051272,984.216715107956,43604.797944564,72857.0010989305,239074.301356154
tmp_01669,tmp,1669,2,36,12,0.000930980171509747,0.001286388345988,0.00156830258053733,3560772287.20032,3920150064.68646,6601.3816688174,1627.92192881493,412.518574245834,139049.528671061,171749.668087154,251187.593988618
tmp_01670,tmp,1670,2,24,6,0.000549164994487266,0.00371013298480431,0.00298890546356153,2329904267.2208,1893474601.73819,17523.1588330668,2762.63655160353,360.470871811381,8319.17717239956,13899.7317167407,43155.5502084148
tmp_01671,tmp,1671,2,24,6,0.000871870105360134,0.00148792259585734,0.00254397877248947,4337081893.25249,1312540327.28139,4687.5849168527,967.763381982744,172.167280009291,36385.5416048068,39150.1873233922,42579.4956307169
tmp_01672,tmp,1672,2,36,12,0.000815978831238849,0.00505813487272145,0.00194452172320723,3312454201.37658,1323310870.95686,29080.4942561737,3984.29897892196,491.745779953581,84073.2858261386,119428.759232352,250071.363087217
tmp_01673,tmp,1673,2,24,6,0.000565060047244747,0.0057299821640728,0.00210221496637538,3676610278.24151,3919138132.59705,128167.260942031,13459.0440541396,1177.33398251665,21503.5160348742,38854.2964443208,145712.789770237
tmp_01674,tmp,1674,2,30,12,0.000611792660361071,0.00210283399512413,0.00272959995099283,1393051515.20425,3961750323.47274,7200.25952296147,2332.3567788823,931.343845152233,10932.4939356997,19771.171054415,89526.5219434846
tmp_01675,tmp,1675,2,24,9,0.000677934943734737,0.00477865940160556,0.00389537176242604,3214567698.01916,1682275621.07326,26898.0084679071,6156.9779134341,1407.44876775598,17957.5312804354,32531.3365574635,128488.157365944
tmp_01676,tmp,1676,2,30,6,0.000884881556516248,0.00391457086033064,0.00216102075016583,2567852082.2513,2099365740.53179,19453.372020673,2052.21977051211,211.247822037677,52116.9198515934,58927.3692446049,74082.1665559499
tmp_01677,tmp,1677,2,36,6,0.00072571515141003,0.00146260314153944,0.00337863879228438,3771928261.24987,3357506200.00021,2560.23255506953,403.579330456301,56.854223266773,27329.7246571642,27040.3866800063,26106.350393132
tmp_01678,tmp,1678,2,24,9,0.000536223164936853,0.00393177092471538,0.00277279698881943,2487389429.64051,3783885906.45722,46682.4971947496,10846.1831300383,2524.00403923472,11740.0600466313,25119.0801774756,127839.713833165
tmp_01679,tmp,1679,2,30,6,0.000535347472708006,0.00270005481244489,0.00134689295689673,2029146378.61383,1377314630.47136,7278.35193135406,794.577215301981,84.4414654180484,15328.0725409918,18999.7520490678,29268.2057967133
tmp_01680,tmp,1680,2,30,6,0.000525260759402783,0.00435273328900638,0.00119862611990542,4230847261.04716,2907814210.0165,39499.367677879,3036.28718859929,252.96374005213,35916.7754253634,47512.0740373364,86606.5547439587
tmp_01681,tmp,1681,2,24,6,0.000845532736214474,0.00331331449343257,0.00239662000605921,1516440599.20387,3286615946.83656,27793.9810106429,4426.89572704477,591.693717986658,22732.379383237,35377.6969988976,93836.0907547166
tmp_01682,tmp,1682,2,24,6,0.000891665522886016,0.00129882940071928,0.00276547305074679,4240707222.85506,4492150179.20012,6774.22827735898,1647.56125419363,384.163181819152,43797.7408221111,56642.5623115085,94157.354743052
tmp_01683,tmp,1683,2,30,12,0.00096569995243093,0.00481168081949498,0.00356093165881503,3533849009.4264,2924291770.78749,41166.735068162,9022.74056958881,1991.11533549613,73405.1442425475,124099.625506558,429436.04952247
tmp_01684,tmp,1684,2,36,6,0.000934995386657829,0.00304186134032004,0.00323289174328089,4041459530.34334,4446837115.68519,13014.4700485084,1415.54660852826,151.198352917077,73156.1747250221,71983.7289692335,70754.7213536209
tmp_01685,tmp,1685,2,36,12,0.000509374086155503,0.00489164753116308,0.00133693625300644,4454954508.02627,4515838886.80683,112896.399817,13260.4009081643,1325.88303494793,47646.3051161629,83789.44861651,321057.930409997
tmp_01686,tmp,1686,2,24,12,0.000977250612522789,0.00136672599093475,0.00271301394614137,3752352015.5491,4178404908.63132,5539.74760785263,2328.05552043296,1627.53118323741,68196.1003245952,112175.373469548,373826.616878027
tmp_01687,tmp,1687,2,24,9,0.000747571373031614,0.00491375513856951,0.00370142515080938,1197674574.18035,3707568632.39976,65291.6844579404,14474.7436975426,3131.06913725593,12125.1497308501,27808.3567660969,151270.463039157
tmp_01688,tmp,1688,2,30,6,0.000632212453556483,0.00325769569006857,0.00236614178740196,1586052444.41962,2343338150.25569,12469.2259383217,1359.76855553166,134.203961669281,12337.8416414275,17727.9620821853,39804.9376652736
tmp_01689,tmp,1689,2,30,12,0.00059542340167308,0.00403451484054351,0.00398598103182964,1828756104.17812,3098495917.7695,23312.1511137729,5859.84564860152,1586.43478327433,10104.7095934103,20665.8767987515,110043.053559765
tmp_01690,tmp,1690,2,24,9,0.000679092584359994,0.0027978722648656,0.0032342334474594,2114809392.17158,3481820031.72809,15382.9690063636,4520.94768368855,1508.4554835058,14721.920402674,26339.0388145384,108806.134883743
tmp_01691,tmp,1691,2,24,6,0.000517294532621936,0.00575604406572771,0.00299397342196141,4960157900.90731,2417792817.78241,64656.3490991129,7591.31885488735,730.53056496578,15221.4957445514,26585.1267006243,91191.7446726278
tmp_01692,tmp,1692,2,24,12,0.000854640435859237,0.00143833486115102,0.00352602728723335,2502988883.67408,4547786498.6135,3970.63587752457,1806.61984570523,1498.36054312709,26973.9117674382,46758.3695098705,206547.46734562
tmp_01693,tmp,1693,2,24,12,0.000865277431140739,0.0028346124459143,0.00257545194312604,3390352646.50721,1901221842.78391,11217.7778934287,3794.44792940971,1804.61013701064,51138.5089008377,86051.7121694226,317688.368460266
tmp_01694,tmp,1694,2,36,9,0.00096664333525031,0.00305715147193785,0.0032230497467354,1819412970.94475,1213208882.81928,5467.68158067943,897.99387069332,133.179533146218,41157.5149338862,49937.9060503717,71080.6878686694
tmp_01695,tmp,1695,2,24,12,0.000628570383778942,0.00581109963425455,0.00113653508362796,3768289368.7831,2572810808.36288,189231.04930794,35633.6630481142,5996.05138715524,57037.7339597633,112757.832201658,624467.064086906
tmp_01696,tmp,1696,2,36,12,0.000689548781221689,0.00596468045779806,0.00100681031835181,2016721736.14654,3984892448.72501,189450.14257386,17580.5509921494,1466.42544573219,68932.1039639179,117968.139546431,431587.539439073
tmp_01697,tmp,1697,2,30,12,0.000759571932836494,0.00336921398818452,0.0015973028835434,4347613611.9869,1180778511.38947,14557.9973989692,3135.58294692395,682.712057563885,85430.1779981968,122643.367133447,260254.073975244
tmp_01698,tmp,1698,2,36,9,0.00067402465550297,0.00260929424841845,0.00124853738203902,4285646303.97872,2533919814.82032,14650.4380926174,2009.65002485171,251.234521463177,85139.5173799588,99903.4548808147,132736.764729974
tmp_01699,tmp,1699,2,36,6,0.000798384199462647,0.0036409078279795,0.00289450700431478,2668534145.29729,2746182429.13437,10933.5135352808,977.224786224328,97.1580125732919,36288.0037645251,39696.3754875005,47442.340016476
tmp_01700,tmp,1700,2,30,6,0.000620436665721026,0.00555397586425438,0.00337525842696062,1254096341.8071,1573487043.0838,20827.7468439676,1743.5855738111,139.901122531269,7025.6852898886,11117.2279149553,32818.4651932004
tmp_01701,tmp,1701,2,24,12,0.000762042103439534,0.00148676618051553,0.00205299588096952,4225803701.48209,4615791711.8295,6912.53091079343,2850.75102205017,1916.53880768315,53013.4677770632,89675.0873230979,344427.451754716
tmp_01702,tmp,1702,2,30,12,0.000841605639265637,0.00566669892061019,0.00365470820366934,2808501876.58971,3083330151.46877,64253.7121532037,12821.6401061315,2428.23755388912,41306.3553395379,76488.6615299923,329944.779754609
tmp_01703,tmp,1703,2,30,9,0.000542652480420003,0.00390502144766114,0.00160305996637502,4391813852.04561,1112720470.82283,17240.6217103899,2485.90793761658,316.265222203304,32477.5266479917,47071.9108137226,104044.689272874
tmp_01704,tmp,1704,2,30,12,0.000697183933206372,0.00564118301765283,0.00191164884193222,2791026717.78448,3652844276.38163,129004.511062259,21037.588192731,2958.37978008469,45403.2661189642,87222.0458399747,406903.746931409
tmp_01705,tmp,1705,2,30,12,0.000522742770496576,0.0019352744879412,0.00379939344115939,4128322863.72113,2361015746.07111,2899.05864417135,1036.75481953905,486.976990408597,13008.2563931227,22129.7166141104,85746.035024997
tmp_01706,tmp,1706,2,30,9,0.000519582552160257,0.00395329010386978,0.00250419686152141,3595775336.49279,3412246946.26897,35904.4090925238,5786.43228038547,802.013633373098,18139.7254912031,31928.1477002572,115510.906618041
tmp_01707,tmp,1707,2,24,6,0.000540351569904813,0.00186183238514731,0.00375707525911478,3722812626.40749,1713592422.31565,2675.18176738309,667.00786073842,164.1798823389,8262.35332869001,12206.146716525,29976.1792258737
tmp_01708,tmp,1708,2,36,6,0.000663946715329428,0.00504088104065214,0.0012709495893465,3869347640.97988,2024209267.52982,17889.985194299,1319.50202073542,128.598679169749,64904.5241782512,60121.5842590876,55240.904346349
tmp_01709,tmp,1709,2,30,6,0.00057636014628678,0.00548947429674676,0.00148198999244052,3617477068.20084,1205609977.46591,22987.7998840446,1766.12276040555,155.549925194477,31295.6820488778,37620.735236047,54630.1296999727
tmp_01710,tmp,1710,2,36,12,0.000804929092724721,0.00379399999698906,0.00108629907954511,2051873506.77684,3848441234.69981,61412.9052448045,8190.305643939,956.806524916878,94737.2450865985,146999.740072847,394688.596655714
tmp_01711,tmp,1711,2,36,9,0.000865003502566182,0.00338039541279321,0.00321592454699297,2952907755.88913,3938594975.12158,18566.359171771,2752.99371420156,362.488220210863,53843.5403499271,76840.9824081521,167342.364259214
tmp_01712,tmp,1712,2,24,12,0.000807575669420357,0.00243985576755265,0.00144647175955907,4016436120.06623,2015399274.99278,13837.8884837481,4331.32716235612,1814.94012333216,83032.0227596802,133371.378292624,406839.779096993
tmp_01713,tmp,1713,2,30,9,0.000637410162410785,0.00134197959674872,0.00378672308617454,4399820801.90262,4705526715.01336,2915.67941162274,909.498375368313,325.821142112013,21757.3213359434,33385.651524871,92826.2841613461
tmp_01714,tmp,1714,2,30,9,0.000620260941448745,0.00175886185215667,0.00128135599945342,3683602331.78949,4174486138.87168,10729.7144894779,2345.5026389829,497.024646221965,49466.3879342168,72061.3105830521,163677.211484251
tmp_01715,tmp,1715,2,30,9,0.000582901810396457,0.00541828378265147,0.00294555172570753,2779487957.15952,1877631946.49221,39268.9074014817,5385.57414544573,621.956090544705,16519.7643449885,28866.5752234474,103389.37754732
tmp_01716,tmp,1716,2,24,12,0.000864918155016461,0.00103885709382781,0.00207476278583321,4671327949.11325,1023099084.1895,2672.68629547677,930.208190675961,435.425938718115,53702.39058288,74388.4273395874,139191.900618891
tmp_01717,tmp,1717,2,36,12,0.000991599477286374,0.00368930150461689,0.0038203412658532,4590504295.61001,3908406173.99621,22350.5788774303,4604.31693762554,920.669043295222,109094.239365243,164839.780453563,413599.025429694
tmp_01718,tmp,1718,2,30,9,0.000733218505416539,0.00350029893059896,0.00364739036025441,2647121934.2409,1418318462.25405,8592.2376577528,1711.3054777643,318.523039062189,21905.4107435012,33597.6426178397,87913.506525209
tmp_01719,tmp,1719,2,24,6,0.000762873758345548,0.00379043719955452,0.00213171225723969,2273585188.55858,2460845049.15879,32099.0594411585,4541.59627695021,538.606542852461,27279.0181689349,40906.323616633,98417.5671346589
tmp_01720,tmp,1720,2,36,12,0.000813606325979339,0.00582174724936392,0.0025380990601803,4610854626.31179,1152856455.85833,29581.0781248598,4041.8131336903,498.528896844507,88522.2757185145,124821.532812262,256152.750591743
tmp_01721,tmp,1721,2,24,6,0.000773397395381741,0.0010890816750139,0.00190799386194688,1390452715.7789,2387997152.73472,2531.59085020358,637.027966263172,158.687794322385,14651.2197319187,19780.8019423817,37151.5908017932
tmp_01722,tmp,1722,2,36,6,0.000750450018062319,0.0035130983954283,0.00321576806683356,2798713292.16539,2774450357.72563,9641.21513540571,883.320456344517,88.2209817232047,29037.3895619246,33288.5921176295,43682.0657983107
tmp_01723,tmp,1723,2,24,12,0.000904166675268403,0.00137181765128861,0.0033960162126276,1051749312.9244,2522451486.47005,2020.47778814074,926.066437243911,781.244529158579,13945.4128058599,24186.6703999066,107157.631563852
tmp_01724,tmp,1724,2,24,6,0.000740202578637191,0.00341766831317238,0.00129456328664597,3725920686.22503,3582548813.75938,53215.6464967386,7025.28735260865,794.880494208437,63392.4884668588,87563.9576977886,170868.402086891
tmp_01725,tmp,1725,2,30,9,0.000792605466066526,0.00575370019491867,0.00248204768075217,1037741878.7155,3859215641.02052,105556.082472396,13014.3605476615,1336.6377936977,20339.2779099939,39082.6219731396,172458.729473249
tmp_01726,tmp,1726,2,24,12,0.000660119383558518,0.00327164666304849,0.00153838445717092,2054779532.12293,3596477777.39258,42908.9273903781,11999.2339636362,4109.89653553834,27648.2440289941,53800.7411839592,304287.192288733
tmp_01727,tmp,1727,2,30,12,0.00098253237933396,0.00389618344519972,0.00210314742459914,1772424544.34363,1816569098.99673,23358.4190429593,4977.58997621242,1057.66689638135,62440.832697326,100291.044561121,297099.982455892
tmp_01728,tmp,1728,2,24,12,0.000709547567347665,0.00388658106134784,0.00177751748631,3286965316.2968,3714401726.68944,63021.4771145271,16690.5279531632,5196.23421072265,45952.7804390615,87278.0976655816,456820.198662725
tmp_01729,tmp,1729,2,24,9,0.00069167591484752,0.00213641397703162,0.00209025280115961,1680062229.3617,1791130911.01654,6123.35471803311,1824.42304466389,627.09068519456,16419.7688585284,27017.7497868172,89092.2482199846
tmp_01730,tmp,1730,2,24,9,0.000517103001483806,0.00490322886340562,0.00260963543862604,2517206723.83272,4256695871.0533,100297.165392865,20027.94734628,3686.3673795415,12604.0239372899,31715.285505253,187687.038359997
tmp_01731,tmp,1731,2,30,12,0.000731607873074557,0.00503830379126925,0.00386213947475699,4846880090.0685,2735395900.59819,39825.8314247058,8688.17609441565,1894.78597803211,42712.0429120079,75938.5949328459,300953.930241902
tmp_01732,tmp,1732,2,30,12,0.000950544824253698,0.00487709425412218,0.00104085858033929,3076091119.89041,2849338470.91761,116438.640052485,17555.5829941825,2318.27912559907,193209.327345313,296501.668040376,758765.130992354
tmp_01733,tmp,1733,2,24,6,0.00091299435862771,0.00105541598052542,0.002418147771596,3552242787.04993,3708304222.5902,5302.85772630171,1257.88103816781,277.632471121538,39028.7524055805,48118.9571178219,70409.2672136436
tmp_01734,tmp,1734,2,30,9,0.000634186245123008,0.00424047260501149,0.00172693097341753,1101236791.58083,3554696260.32988,59745.9162806232,8042.55791542226,904.228344650081,15480.0196001997,28872.1300064343,118438.369134143
tmp_01735,tmp,1735,2,36,9,0.000608296268444774,0.00597784418717684,0.00364753209558534,4682598471.9668,4113299232.87186,66445.8181193441,6569.97187179944,582.480384055805,30118.7481582865,49440.8355043765,161339.11919912
tmp_01736,tmp,1736,2,30,9,0.000694374866393498,0.00545994381223606,0.00226719279424415,2543748570.40869,2159140684.51348,56371.6722506948,7058.27625374117,750.910898317068,31244.1798044,51751.8131467254,163828.461561322
tmp_01737,tmp,1737,2,30,12,0.000874660778963763,0.00441881439510898,0.00303388054815709,1914686219.03216,2257194720.90752,28459.9882478428,6250.26739537759,1379.22883666348,36063.4308882044,63121.157477716,240479.964066822
tmp_01738,tmp,1738,2,24,6,0.00075012791630979,0.0018226079440908,0.00241993660668296,2301045763.16744,3635883907.53306,7527.66874549498,1703.48083721506,362.929453576587,21132.0094290897,30657.0431565556,70515.7214999747
tmp_01739,tmp,1739,2,24,9,0.000853942171138036,0.00514459174512198,0.00284862141384865,1019580260.63747,1277784424.83932,32409.6999001419,6464.59120734468,1196.12438971059,15602.7343923198,28789.8463332463,115400.358592427
tmp_01740,tmp,1740,2,30,6,0.000645136279174585,0.00578814495558882,0.00320783036906615,1734528227.04498,4184179803.32676,61012.882957557,4866.87069651942,369.104909650127,12209.0459227216,20585.4658901493,72859.3738549142
tmp_01741,tmp,1741,2,36,9,0.000734327538328119,0.00492286269524892,0.00159888030563868,1984626202.47426,1403148150.75269,25441.5608172124,2312.73484885539,213.811426569592,43692.6334287859,58521.8907649682,108274.918498938
tmp_01742,tmp,1742,2,36,9,0.000841245555079159,0.0055613345797841,0.00154112979962479,3608047591.18295,4073749111.31113,95432.9582002383,7846.45846311919,676.710551401277,125643.977882985,171790.265084365,336866.901210879
tmp_01743,tmp,1743,2,30,6,0.000615117264311733,0.00247689533129743,0.0021688677293844,4812719633.81913,1706674080.45834,6471.20007325729,911.895107372926,113.527784880569,30661.8435661367,33788.8944507377,39750.9085865648
tmp_01744,tmp,1744,2,24,12,0.000815528936513455,0.00319640562452973,0.00211535918129146,1531751928.86749,1188253670.26239,10612.0843854323,3254.57739173698,1311.60969630022,24899.9483522703,43365.6263486939,180066.734918932
tmp_01745,tmp,1745,2,30,12,0.000518659422649279,0.00342683082784616,0.00131599523949854,3728176160.8343,2344278569.88278,30344.4815194945,6040.10288274182,1145.12076655066,33399.2350983908,58176.0922057785,216108.888133164
tmp_01746,tmp,1746,2,36,12,0.000904875778955222,0.00237755681623186,0.00135216528521315,3479064193.60929,4099179763.82553,19697.3811015911,3899.24135672106,740.466438464323,164710.672448272,222939.303407549,409031.217226705
tmp_01747,tmp,1747,2,24,9,0.000592424891187017,0.00276352772409544,0.00397320496708382,4081401046.92226,2350567874.96807,8760.10703933438,2719.60216136283,988.684742058544,14367.3668401825,24688.3766225501,93995.2431206476
tmp_01748,tmp,1748,2,30,6,0.000916882431108981,0.00240167594364533,0.00211731390976633,3747138295.05021,2394755284.65448,10514.0114677603,1539.21758601244,190.013318748475,71916.0024018805,67953.21310093,61363.9624592138
tmp_01749,tmp,1749,2,24,6,0.000515473847225754,0.00153728949294407,0.00131075110389754,1099044029.33143,2088040558.74031,4045.6596490574,857.753189774503,166.769266582922,6593.00790826919,10068.9250798277,26452.3241487144
tmp_01750,tmp,1750,2,24,12,0.000561041758670294,0.00174396946017943,0.00103431841542343,4584373985.49627,2359005022.20521,8449.19041378127,2881.22117675617,1389.97464616906,45944.8144529186,76336.8302184738,267457.097866039
tmp_01751,tmp,1751,2,36,9,0.000621078305215003,0.00254363321370587,0.00164186035261785,1119443361.00137,2372716852.12438,8746.92908495163,1232.74620796145,153.497712309508,15507.5473742126,23368.5906413196,59353.7780283144
tmp_01752,tmp,1752,2,30,9,0.000634132969495206,0.00110636582688917,0.00348616882690798,2399732050.10845,3963470254.36316,1643.635850577,538.696520207649,210.297921880483,12757.69423062,19751.8671353883,57235.5437216044
tmp_01753,tmp,1753,2,30,6,0.000930977498579525,0.00130020687451428,0.00356054709573485,1243531603.42708,2233222361.08506,1775.13668245109,364.274652722942,68.7110092507779,15117.6516367542,18091.7668564935,24909.2298087623
tmp_01754,tmp,1754,2,36,6,0.000932425992232786,0.00121678432770197,0.00186653297516232,3994671447.81194,2904548354.3438,4589.49708308362,586.695963452518,69.2431763259108,67159.0586198734,39035.2175355548,22379.576222897
tmp_01755,tmp,1755,2,24,12,0.000576873252890092,0.00447202646877642,0.00259463889019947,2443048112.39832,1038186740.78482,18558.0593708536,5047.81539047979,1647.40571273069,12786.5792924104,24570.1783549144,133437.33809771
tmp_01756,tmp,1756,2,36,12,0.000710367539320446,0.00364176039847496,0.00127419448725775,3847958618.7594,2103912895.0013,28165.7984286631,4184.56928618333,561.642338239243,97892.9012687239,138648.820833756,287723.345970109
tmp_01757,tmp,1757,2,36,9,0.000753780120538596,0.00535092516602342,0.00346371931378906,1755660334.22517,3720102573.48067,48017.8108538022,5050.50079473487,467.935586397506,22781.118634427,37588.8569974704,123597.410940708
tmp_01758,tmp,1758,2,36,6,0.000936088088546826,0.0053130544043781,0.00199064881397036,1986884085.53951,3040984958.94177,25309.9503432628,1773.80273534671,161.77565952429,63766.8158074625,68012.8477573625,78207.9652311639
tmp_01759,tmp,1759,2,30,9,0.00051487604621327,0.00216836104852446,0.00108663655859218,4252905454.58607,1589549476.13116,8254.20409763691,1541.8817201092,266.069505652933,37280.2112655424,51026.2313319803,96754.7385636918
tmp_01760,tmp,1760,2,30,12,0.000783808809328891,0.00177967254218727,0.00277185895308139,2839681061.97087,1058620652.31806,2281.91085248867,714.795769413249,276.107852595278,33269.3557702998,48824.0429047101,111257.388754222
tmp_01761,tmp,1761,2,36,9,0.000557772131925456,0.00319942323006151,0.00196582767847591,3898325301.33652,4592158948.86543,26029.0596285349,3300.87809962845,366.394182948077,33220.4499836013,50861.2996916044,134981.09484319
tmp_01762,tmp,1762,2,30,6,0.000877440649857169,0.00555767579389258,0.00227151206052808,4294680702.70779,1220592092.15641,22569.5450397892,2196.25615245879,224.325230547363,75455.7312635326,73080.8987351397,70455.3823754925
tmp_01763,tmp,1763,2,36,9,0.00069107046467273,0.00514499507949197,0.00335957356104823,3565542922.77902,2015203948.00422,24924.9887261587,2740.97662776836,274.450781546291,32894.7508047751,48550.5894089415,116569.663921422
tmp_01764,tmp,1764,2,30,12,0.000987389777325043,0.00390438719245804,0.00146265934723658,3350323501.443,2691238782.19466,48824.6346333659,9410.67888188046,1732.02232579444,164308.155614313,247110.390800736,598218.279772229
tmp_01765,tmp,1765,2,24,6,0.000735868050207016,0.00485548562302991,0.00105908609997823,1014414940.94388,2515729127.3382,85169.1456991003,8149.23184522457,682.160635899842,23576.4116208101,38171.8750633781,112672.018302047
tmp_01766,tmp,1766,2,30,12,0.000900399008176312,0.00595273008395833,0.00237416921905615,3842355056.72313,3494923649.56545,120690.70792181,20480.3525161326,3070.7072169259,98948.4211947244,171887.609821139,627982.957550891
tmp_01767,tmp,1767,2,36,6,0.00070538706674951,0.00179793009124942,0.00167127491712173,1025843352.10658,2899162107.97953,3699.94959022671,426.688273149598,51.3135277166723,16517.2119764834,18760.1725278625,23926.3106880982
tmp_01768,tmp,1768,2,30,9,0.000756173632984888,0.00129519801625835,0.00340504615678247,3650086029.70057,4988493547.40472,3537.42960256503,1067.1240284517,363.898982702118,31840.2610627455,47452.5589228266,119113.742424624
tmp_01769,tmp,1769,2,30,12,0.000882817028304212,0.00319053733864127,0.00184714845538663,3380390742.87655,2750392211.50935,23934.0292524812,5509.63639954707,1322.44951011948,95823.1962544135,149921.821402513,412358.212776118
tmp_01770,tmp,1770,2,24,6,0.000647263161077792,0.00167842808528977,0.00299717200867677,2706508514.07853,1727560092.8051,2871.94914006236,697.73698066616,165.739838244668,11937.5266786949,16784.4503076124,35486.4202899532
tmp_01771,tmp,1771,2,24,9,0.000742542787286364,0.00410879761042261,0.00208673223653411,2572701271.91868,1383473612.79152,25858.3152181102,5398.08417230146,1079.67644622972,31493.5725063299,52236.9666173351,164409.557691369
tmp_01772,tmp,1772,2,30,12,0.000794630910602825,0.00264803986561651,0.00174470540783374,4345645002.50774,4821660260.16166,26123.4576171728,6563.07065874989,1799.19597593791,97821.7685217772,158215.689799394,487002.097013251
tmp_01773,tmp,1773,2,24,12,0.000704892816295469,0.00370724777542395,0.00165817459819472,2228964756.97339,1756456921.30181,28134.3439002505,7499.16698530409,2365.70160705928,31246.4035631785,56785.4870091502,262542.96105532
tmp_01774,tmp,1774,2,24,6,0.000950920256950021,0.0052818991363744,0.00167268626531609,1054265347.90496,2734715431.76069,87120.432115668,9116.00638527134,819.016911867753,32729.2826028668,51530.3290163536,140572.009905431
tmp_01775,tmp,1775,2,36,6,0.000671397205542716,0.00354826384594668,0.00237785766019832,4562109795.64201,4677715943.15944,18722.7469073079,1546.78129203772,144.417761067566,46469.0312344221,53918.0904936901,72759.4825154977
tmp_01776,tmp,1776,2,36,12,0.000973234365046417,0.00414685485092056,0.00292502216342569,1046348332.08922,4602999767.94149,40531.5388316513,7042.31160130202,1095.07503414834,35791.2596466073,62388.1100917278,229806.785992808
tmp_01777,tmp,1777,2,36,9,0.000596644081165771,0.00150098231115258,0.00337156044356186,4880788187.52513,4683666700.4892,3143.0567141411,749.463732665399,177.025047144752,26535.2071546425,37889.8396531666,84066.1453855688
tmp_01778,tmp,1778,2,30,9,0.000888560267283702,0.00185921867033423,0.00233125161446956,1769341429.6288,2664098881.09079,5497.04805241861,1344.64579867373,334.004956662069,37030.0752606439,53113.6325447712,116062.995138008
tmp_01779,tmp,1779,2,24,9,0.000704565427894736,0.00129878738431651,0.00240564737567739,3491759051.95275,3293430477.46736,3962.72799741402,1406.04474027716,643.617845170907,27411.6154673667,43106.159743928,126350.6791617
tmp_01780,tmp,1780,2,36,6,0.000926667311447894,0.00200070412750894,0.0014222346076739,1720595520.37398,1372051685.5909,4163.58501339467,501.413386508235,61.3551321877293,47928.6758941355,29124.4924837238,17328.9310609233
tmp_01781,tmp,1781,2,24,12,0.000787131979239901,0.00331081013066879,0.00199063587269616,1038905702.57126,2001491990.02491,19804.3869344154,5896.35160886849,2251.38482791248,17892.7509977262,33773.334566035,180381.296410383
tmp_01782,tmp,1782,2,36,9,0.00089496201147287,0.00496683540642344,0.00232930106287072,3644871727.21973,4426694630.92358,65003.8260980561,6545.01535879331,626.954729264373,102081.066607728,143316.817226056,299943.737560044
tmp_01783,tmp,1783,2,24,12,0.000730417719331464,0.00587951292950776,0.00271717168926383,2517317859.59385,4584692501.06011,165259.896520536,39219.7720232636,9971.61067928916,29883.6666624959,72046.5106484078,566845.855198879
tmp_01784,tmp,1784,2,30,6,0.000897425104887374,0.0019993218648232,0.00382979147348193,2717788618.4431,2395495177.67918,4263.00383119222,761.537137318063,117.518751755209,29054.1223349466,33549.911974449,42872.7853034404
tmp_01785,tmp,1785,2,36,6,0.000699822491574099,0.00164565010179396,0.00151452718804222,1984085274.27139,1200587240.00214,2227.41307588247,288.022889635425,39.5716871118988,24835.842284383,17881.7627598626,12046.5669333445
tmp_01786,tmp,1786,2,30,12,0.000968985301821618,0.00133473313539331,0.00270005091136715,2519094800.21941,3445014331.12697,3811.90653192292,1316.06947933996,594.341743527818,57777.9589039608,87985.5477603171,227010.314411951
tmp_01787,tmp,1787,2,30,9,0.000940064245321973,0.0054377723467743,0.00220048670360112,1931964152.70499,3865582650.98288,102272.5270611,12726.6235338306,1348.37350672297,60124.4189260167,98706.8270679665,305500.64644775
tmp_01788,tmp,1788,2,30,12,0.00058431622427218,0.00234350129372643,0.00183941947581367,3423538972.16972,4749176738.15372,16499.7631902753,4525.86409511142,1409.77334624094,32064.8472751295,55919.6302026812,220259.180678341
tmp_01789,tmp,1789,2,24,12,0.00057497035330415,0.00451749878104169,0.00311989541196821,3076033448.64535,2395803586.11198,37086.1649556057,10552.6498969706,3721.00682227548,14625.8307157766,30794.1088829388,206480.883686604
tmp_01790,tmp,1790,2,30,12,0.000951319752555174,0.00271856335008802,0.00290359351884654,2040161559.13878,3400352621.10048,12717.0658316743,3619.32132493884,1198.81384583831,48694.8229888924,80825.9637708477,275303.970818419
tmp_01791,tmp,1791,2,24,6,0.000642973755862409,0.00433674215175563,0.00350923123415301,3638543037.46447,4758528828.43685,57352.535186541,8574.5604113495,1045.33540836091,18611.6020805052,32497.170066769,109539.500221755
tmp_01792,tmp,1792,2,36,9,0.000908654307232871,0.00426857453176087,0.00203257174768087,4471285693.91479,2414349633.31385,30507.4375246542,3565.6693056908,397.782618773123,135171.533184858,157692.02280638,208092.873463912
tmp_01793,tmp,1793,2,30,9,0.000514242805264572,0.00166720028187759,0.00349155941226267,3951223807.35375,3265883351.72875,2985.56327090385,873.283817410394,279.210537603771,12161.0144493877,19325.678202549,59628.1853528243
tmp_01794,tmp,1794,2,36,12,0.000827004542292568,0.00502758444158306,0.00326166390463879,2342545256.18962,4927264813.00371,66081.2191048148,10443.4907191951,1436.92431093644,44511.1786858299,78505.5402044943,296693.324477202
tmp_01795,tmp,1795,2,24,12,0.000737402433119313,0.00186801762148001,0.00162268216539405,4564345589.6131,2004405633.98624,6994.28316081671,2485.12804453727,1285.01864667408,61949.0513433006,99507.9107329543,303245.868725779
tmp_01796,tmp,1796,2,36,9,0.000504844984809334,0.00414884693582906,0.00101867772016573,4110486987.31996,2672832011.3067,42470.347477006,3624.34218475764,313.115859722362,47782.0528166401,67818.6364060783,147241.168761566
tmp_01797,tmp,1797,2,24,12,0.000981731862492894,0.00461035698667273,0.00321244130699871,3558549582.57824,1154367695.37177,20193.9419896907,5688.20855281313,1988.32476979573,62985.8635971199,105022.231606936,365127.598621827
tmp_01798,tmp,1798,2,36,9,0.00066373810332399,0.00464498370039064,0.00201529983812752,2637906341.35211,2440095001.80973,33168.1839338114,3261.37770786825,301.207002452494,36055.0427581392,53246.595990479,128551.667626135
tmp_01799,tmp,1799,2,24,12,0.000555846548691377,0.00590948632594518,0.00113086037356279,1164075680.15325,4718861328.87941,360342.799831931,67098.2770535719,10994.7237431702,17684.4096043102,62107.961048227,707716.763128238
tmp_01800,tmp,1800,2,24,9,0.000651639277147277,0.00264886910394778,0.0020522374617529,4522227026.41603,2431145651.70939,14939.1370757344,3961.61119833117,1144.08056901934,36900.7151344873,59802.9193389529,183656.509762679
tmp_01801,tmp,1801,2,36,6,0.000934814834166995,0.00189151944912513,0.00179273311559077,2685398685.6452,1685141454.6986,4602.67170240678,572.339370739076,69.0534105313275,57618.7897701029,34387.3123642429,20152.6245593315
tmp_01802,tmp,1802,2,24,12,0.000870592206892367,0.00563198913338285,0.00317073560471789,1594174168.30564,3122764574.76824,87548.9794804016,22185.8407418727,6365.50762910768,25849.0790160111,56216.5995227349,385520.027819979
tmp_01803,tmp,1803,2,30,9,0.000615272684362449,0.00593773462776851,0.00395201238515409,4848361029.34534,4843575077.42181,101162.601862017,14374.7150254874,1711.69252414942,27443.0111353357,51416.2904381845,210941.68653761
tmp_01804,tmp,1804,2,24,6,0.000753407882505126,0.00344741167062655,0.00350684633266729,2363828266.54303,1012896305.10524,7726.19309639858,1373.6304341075,213.702667414884,15352.057924162,21597.2870251835,44632.3081464616
tmp_01805,tmp,1805,2,24,9,0.000971811765262675,0.00380996243602581,0.00253421975102415,4977932699.4067,3432698233.77013,46900.5035626803,10813.4467883508,2528.75573006031,106401.076463992,167896.450101379,466382.29539466
tmp_01806,tmp,1806,2,30,6,0.00089490786771446,0.00174495107758758,0.00363387204186416,3855708242.46135,2524011306.58038,4418.97100542014,798.409862557273,121.522975486669,38602.0379295665,40863.4235903236,43652.3199975424
tmp_01807,tmp,1807,2,30,6,0.000866408775014225,0.00501894162355126,0.00324508892927825,1830762006.93848,3656962438.76356,40966.9951313683,3692.51283722666,316.634540677176,27171.1667073777,39621.5643289302,92833.3692962619
tmp_01808,tmp,1808,2,30,9,0.00087864375518256,0.002167709819822,0.0037500467704451,4664779219.5826,3452281793.35427,7673.09950879408,1936.93639225161,502.95573337423,57835.8176887298,82536.4699507432,178049.28611033
tmp_01809,tmp,1809,2,36,9,0.000699954709571997,0.00589549378802959,0.00349654032409933,4070812589.25737,3145992408.48229,51164.3986504549,5092.98663005153,463.54540385669,39117.9869231666,60611.738101242,167707.8635125
tmp_01810,tmp,1810,2,24,6,0.000709045783385884,0.00473768589229279,0.00158151504081332,1165517642.21514,2546531053.33626,65630.7958485068,7136.43445592804,648.60206515734,16860.4448392532,28502.4757886085,91926.2568160794
tmp_01811,tmp,1811,2,36,12,0.000851668152163428,0.00536116343273428,0.00149656599298406,4106513630.2751,3536220312.46566,104972.738722518,12371.509402047,1300.84954765578,159842.014223154,240332.779371774,591409.264505619
tmp_01812,tmp,1812,2,30,12,0.000658526439069504,0.00283450321663314,0.00359579960902126,4153102048.37085,1707484059.19508,6060.77798982202,1781.75730139376,620.518102757516,26367.8879369641,43571.5796460343,146930.274370186
tmp_01813,tmp,1813,2,24,9,0.000962875307649504,0.00473513537735344,0.0013820113195003,2844309529.04665,1490229691.41475,59040.2077706448,10210.2786174751,1578.05860742724,104424.78533869,154236.45077057,348855.688584697
tmp_01814,tmp,1814,2,36,12,0.000623694129936091,0.00503101876907796,0.00342785291343481,2793479878.40946,1535033375.96499,19969.3789460686,3218.80900589423,457.090854803586,20654.388479613,34981.4457054153,119670.344639103
tmp_01815,tmp,1815,2,24,12,0.000877143518192974,0.00556620276721823,0.00296270537419709,3678988124.42156,3997825195.90243,115973.000845349,29035.1236414472,8160.61814857942,59775.7967754999,117510.400178361,659616.714874479
tmp_01816,tmp,1816,2,24,6,0.000998114527883752,0.00285265537682795,0.00328886041432084,4205109566.52848,4331483244.32374,23026.4453349594,4478.0617699993,776.607905955051,64656.0138854767,88494.8557661429,170521.829174229
tmp_01817,tmp,1817,2,24,12,0.000990172678999308,0.00313432832730104,0.00132273628732608,3855376874.22885,4439831481.05705,58090.683863801,15887.4687182832,5275.45128454374,170006.286454997,283057.971397437,975197.499140937
tmp_01818,tmp,1818,2,24,9,0.000661716253754858,0.00277856259542483,0.00278982796595539,3500806754.98897,3509897444.73152,17673.2356112429,4996.71103565167,1578.11888320802,24383.3663799837,42108.120281797,157660.323968095
tmp_01819,tmp,1819,2,36,9,0.000646134712210664,0.00224328114424468,0.00145017473573708,4067419846.57203,1529511421.7296,6404.3886580345,1016.19017340775,143.467988277886,57963.406920047,63905.8908292103,74376.1462808477
tmp_01820,tmp,1820,2,24,6,0.0009839334639973,0.00464416603082058,0.00170439298292603,4307859760.64811,3185825260.89412,82007.0928739436,10104.9041456239,1099.07940697507,124621.493900046,158197.725761151,251282.607902584
tmp_01821,tmp,1821,2,30,12,0.000710117213322069,0.00488562273300511,0.00366508609158155,3670615912.06955,1708951314.841,24074.310579042,5268.6472829641,1156.46554298954,30589.7454785172,53492.6001558451,203193.465982033
tmp_01822,tmp,1822,2,30,12,0.000990433860447971,0.00332688165811686,0.00128153776756606,3728046528.03449,4304205667.18385,57226.8366327789,11635.9632405288,2315.96371982947,211001.643477737,319471.531196644,790240.08038864
tmp_01823,tmp,1823,2,36,12,0.000769060603196304,0.00266541477006665,0.00328298093659827,1829661393.50195,3074142256.24599,7789.14221950932,1857.93669813501,453.101341613882,25548.7861803846,41731.1305772322,134135.900083287
tmp_01824,tmp,1824,2,36,9,0.000845312665722672,0.00258100920490364,0.00382412105912664,3352031469.05473,3184273633.07712,7351.32458111234,1376.08946453547,235.939142641706,45511.1584390506,62128.0665859049,119644.195441997
tmp_01825,tmp,1825,2,24,9,0.000791237611950459,0.00265592991232565,0.0015768086623378,2156365807.25167,2209130901.20383,17076.2836730352,4211.8320432008,1090.8299764801,40456.4468304756,64719.1043767534,188863.066165895
tmp_01826,tmp,1826,2,36,9,0.000600695594557772,0.00185404746899823,0.00259752810854918,1753822717.97692,1615469817.40549,2101.33557394575,425.553294765212,82.8978911321464,12826.7928181597,18110.0888691866,38505.7897148411
tmp_01827,tmp,1827,2,24,6,0.000719418011569388,0.00478747499228059,0.00274178407673145,4657210305.89967,4288531636.27857,80362.9156155994,10457.2218262646,1123.39770523458,38652.7730037618,61804.6131957273,173363.635860216
tmp_01828,tmp,1828,2,30,12,0.000556493333255072,0.00217954218370214,0.00266349517480095,3732138079.92092,4192147028.95376,8811.90174410414,2773.44759829153,1063.70513175787,21116.2399571522,36847.8875568358,150322.849510213
tmp_01829,tmp,1829,2,24,9,0.000886356191259519,0.00355348891100053,0.00178297256712703,1989102459.4662,4172012374.48193,59051.4911788743,12792.2875616279,2694.31277962888,51248.9354922498,89158.9361388963,318472.349121564
tmp_01830,tmp,1830,2,24,6,0.000798246210835552,0.00495693431428787,0.00383500242624842,4097232221.66424,3563871861.09754,57369.601125399,8159.14595898782,958.55060842107,33051.2194132763,52574.7206983617,145863.89587933
tmp_01831,tmp,1831,2,30,9,0.000923326445099448,0.00592387243342539,0.0022029307630882,1532287817.11421,1347464151.29095,44493.0375960547,5303.22290453002,553.006699236118,42340.9256479722,64463.020180795,163323.217606252
tmp_01832,tmp,1832,2,24,9,0.000920513081766535,0.00518670907060709,0.00395441857706413,4700185444.18288,2918474316.43597,58706.471669833,12873.9343827435,2766.68595063154,60021.9100885227,102727.717582028,353346.288596003
tmp_01833,tmp,1833,2,24,9,0.000649714138115474,0.00472950108783271,0.00299903379153829,3749871293.24321,2066887180.348,40145.700069126,8555.99720325655,1752.42478932343,23789.0546253333,43223.0823950404,169490.421876551
tmp_01834,tmp,1834,2,24,6,0.000754281431804189,0.00332286826734809,0.00157161048225224,1996115449.18188,3749536386.92116,43815.3348335089,6090.29830619008,705.897249904778,31936.0651081168,48792.8534993521,122856.920690944
tmp_01835,tmp,1835,2,30,9,0.000659305308288599,0.0054844454601695,0.00267822372686443,1423947767.87266,1331631594.97822,30892.2167960782,4066.76523620108,451.201839817604,13283.5192643813,22959.8789535488,80437.7396534168
tmp_01836,tmp,1836,2,24,6,0.000925014233910723,0.0028800755278752,0.00155876262466948,1292879152.46503,4719831510.50539,39453.4873002959,6023.76397592906,773.295571079051,37786.6245315374,56846.2449584018,138300.755858756
tmp_01837,tmp,1837,2,30,12,0.000647912028492514,0.00303523868163872,0.00233576422078728,3039061457.04217,2068872501.39733,12068.0138663124,3056.19967971977,844.802134864557,29170.1608099002,49313.3106405157,174413.088830139
tmp_01838,tmp,1838,2,36,9,0.000771551013019341,0.0033073158339371,0.00243197816391001,1178137535.40186,4861380066.77064,25079.5446086961,3324.89727331831,378.892806745265,22575.8636740554,36200.5945472351,108973.149259995
tmp_01839,tmp,1839,2,24,12,0.000536552129006087,0.00498853766502527,0.0019462057185838,1739595466.03337,2833692572.70598,86916.9154261662,20601.3949946592,5223.44171461074,12155.7862149167,31850.7109993045,275280.537523723
tmp_01840,tmp,1840,2,24,12,0.00090426212446061,0.00351581242113036,0.00150848482600171,1239524424.62368,1412070086.64543,21697.0025612439,5796.42243672913,1840.76742647492,38347.3473900015,66688.3884949559,267063.625020982
tmp_01841,tmp,1841,2,30,9,0.000566002683794653,0.00452222822113472,0.00320376840348659,4463322841.7392,4957096689.60158,60498.3216862632,9662.36955080964,1320.30831968247,23649.006608396,42953.3909356889,165044.740647397
tmp_01842,tmp,1842,2,30,6,0.000855086276599824,0.00372697654665923,0.00256032917336784,3734719615.91946,4899313107.30512,35153.6944321833,3770.58247853323,378.954811338685,61814.1149536859,79344.8318855812,132555.257076372
tmp_01843,tmp,1843,2,24,12,0.000843602841057997,0.00251470535685368,0.00125195925025073,3056170756.21438,2928787003.9356,22653.9406049193,6819.64236051802,2672.14183230812,87298.0552661456,145053.703418177,502168.63341974
tmp_01844,tmp,1844,2,24,12,0.00065303901611347,0.00516906573443249,0.00327217192686635,4396368026.58881,3388571862.09369,73053.5687422737,19565.5580365888,6203.6526737172,28505.0900706197,59429.2737826095,383929.592663052
tmp_01845,tmp,1845,2,24,9,0.000531164504453941,0.00455455088269403,0.00225713349929264,4945290394.23794,4941900468.86981,108656.712229663,21712.009596224,4010.33227823125,26049.1019566034,54392.7349527063,266106.041311223
tmp_01846,tmp,1846,2,36,9,0.000874316777856812,0.00330876610090537,0.00141153572975997,1403708571.29247,4125540668.00068,33062.0691961341,3715.99928783007,384.252251539326,60507.3893044169,85479.3115448314,181460.307550992
tmp_01847,tmp,1847,2,36,9,0.000887144845847822,0.00340593505419409,0.00304870039224917,2767278983.3158,2444357620.37089,12975.2719564652,1917.55383205036,254.824833221276,54800.5304314346,72966.2552592415,131281.457462544
tmp_01848,tmp,1848,2,24,6,0.000543273642701194,0.00565838937017391,0.00265666489443709,3532424229.85291,4110135874.09164,112995.307093093,12855.179309113,1190.87314409828,15511.5942303137,29831.7633518152,123262.092378449
tmp_01849,tmp,1849,2,30,9,0.000875810123085222,0.00373407673983979,0.00328467168416037,3199561811.96221,1908384943.89055,15516.3752866733,2892.03050307509,495.325715310695,48114.1160783526,70354.0101213592,160135.127117126
tmp_01850,tmp,1850,2,24,9,0.000781600060069466,0.00397621156489562,0.00276877305608346,2488434814.18903,4090902444.80784,52974.9975094029,12218.6948247326,2822.57813310464,30715.230841336,56694.2821885771,232796.099155801
tmp_01851,tmp,1851,2,30,12,0.000953680888309915,0.00331442094348138,0.00141180438351989,2539711663.54376,4751276666.51372,54747.5443371903,11402.5451451302,2334.87480766656,123415.22718194,200929.556078811,618832.915854106
tmp_01852,tmp,1852,2,24,6,0.000929437258350726,0.00536701587451148,0.00154104853612867,1126207190.78711,2227629622.31024,77151.2678124729,7870.14875853514,702.33736031708,34518.0317003641,52449.9198347287,131052.912822166
tmp_01853,tmp,1853,2,24,12,0.000763620777649506,0.00273664448218723,0.00214454967917605,3122251859.53747,3599865036.67704,20558.6520246824,6862.48712062293,3179.0461966853,42583.5045546286,75824.7666367163,349746.78432666
tmp_01854,tmp,1854,2,36,12,0.000791741635973479,0.00472301208412849,0.00372215412083802,3820143101.55027,2811373317.14108,29337.1553588003,5094.50316572904,800.046062606094,51050.7143253473,83203.61067794,257604.379773169
tmp_01855,tmp,1855,2,24,6,0.000915831931489256,0.00394706487686876,0.0020376352033148,1374537674.07843,1544399374.22373,23605.4465155923,3266.40919708661,385.212912555459,28356.7429067768,39802.3216190622,80973.7888950747
tmp_01856,tmp,1856,2,36,6,0.000602965874419715,0.00226673613403108,0.0016219749807961,2841081875.74658,3494522550.0336,7391.17480630089,740.220271169704,78.3072063962162,29322.8510942979,31990.6687233556,37857.0186037491
tmp_01857,tmp,1857,2,30,9,0.000655971527301032,0.00217213520137975,0.00249196845313053,4950062527.39185,4761457349.85841,11582.8833834289,2715.60653049296,631.794692292559,42484.0717883682,65154.0533740192,173383.049357803
tmp_01858,tmp,1858,2,30,6,0.000695390126495903,0.00388766255802278,0.00313681402957932,3539711302.43263,3161187071.32466,21355.3746617426,2308.99620256623,228.268624439173,26844.630926382,36970.5491230738,74054.3131696886
tmp_01859,tmp,1859,2,24,9,0.000992146327358409,0.00383609779522735,0.00149164702319249,1205545451.39947,3794797603.38251,76309.8508501373,14975.8681733762,2712.51973373459,52188.1400175246,91564.8634310549,328881.014360421
tmp_01860,tmp,1860,2,30,6,0.000600053596659886,0.00449536784581813,0.00308015860834687,2412959846.59549,1325798259.15429,12307.707276623,1191.51340484342,110.958847910988,12131.5549799857,16903.9086228518,35076.4893385624
tmp_01861,tmp,1861,2,24,6,0.000566179135457143,0.0037695521585567,0.00216008681689605,2176214726.3179,4277972000.81195,52033.4302542849,7251.35075220986,817.303121242265,12715.972356916,22930.7610811424,82040.6214477024
tmp_01862,tmp,1862,2,24,6,0.000879994076077596,0.00180025856466382,0.00200513285125142,3569267780.0749,2222922635.57982,8458.9972686873,1747.15796678389,318.636654714535,49889.0622668634,58872.6949874005,77730.6644257557
tmp_01863,tmp,1863,2,24,6,0.000625829563412588,0.00472151304792364,0.00394084360390713,4287013603.64872,4279943729.76775,58479.4048255639,8584.57577163429,1025.3668388828,18059.4015040728,31663.8628173407,107557.878990445
tmp_01864,tmp,1864,2,24,12,0.000946819748103422,0.0026439580504349,0.00258301561159562,3383735916.57726,4266759887.45767,19936.5759663306,7027.38064611674,3570.53640464601,69595.884306101,120355.88361857,501892.30974103
tmp_01865,tmp,1865,2,24,9,0.000769652401836615,0.00518003760917951,0.00191265985019652,3325221569.58281,1974414650.42327,71986.9708113475,12728.0464930857,1984.78202827087,50648.0853751603,86335.7208493722,286808.521072374
tmp_01866,tmp,1866,2,24,12,0.000907472214332026,0.00284572581023579,0.00310647665503906,3281746341.2854,1679379006.31144,8812.67315594409,3094.7409841987,1566.80793384561,46802.2983424365,78447.9551035211,285972.308419522
tmp_01867,tmp,1867,2,24,6,0.000624423680421994,0.00167954264107781,0.00378201108081146,2871251940.78639,1299575796.51891,1919.13138890654,486.245792096301,123.558942365664,8827.92070279003,12432.9762076626,26483.7174813389
tmp_01868,tmp,1868,2,30,6,0.000959747047073855,0.00527891099361207,0.0031516046204975,2644698614.78806,3210726393.79113,41695.2805458992,3784.19149795502,342.879248813007,51378.338863788,67206.5750078963,118288.610570561
tmp_01869,tmp,1869,2,36,6,0.000877105045300121,0.0048475036560401,0.00143524593041379,1605183918.21073,1567643669.16385,13070.8065718504,1014.85404355057,101.903408827976,53787.2239063262,48081.3401042348,42067.5418822371
tmp_01870,tmp,1870,2,24,9,0.000824010897763706,0.00184374495911813,0.00178096208754361,4318756803.83648,3157208047.01573,11212.7187761444,3284.15555153462,1107.53414652573,71489.9939120334,106436.605119235,254664.228141545
tmp_01871,tmp,1871,2,24,12,0.000653534490494481,0.00456136631721296,0.00213909448790713,1514391563.02603,1130109411.50277,25221.5699289249,6440.76801647995,1876.91904485734,14062.8751438474,27461.6852500902,152374.232740179
tmp_01872,tmp,1872,2,36,12,0.000714434576673076,0.00365501570675551,0.00136607562323156,1963081391.22423,3267786543.85365,39261.959027472,5777.60972702141,741.994623098017,52148.6131543487,84404.1398415098,255177.811469013
tmp_01873,tmp,1873,2,36,12,0.000550236811242064,0.00339702454034974,0.00372931757521865,3808519268.68326,3562890361.61697,14854.1908404337,3180.90416777754,659.571421994446,18705.9660954157,32530.7266707929,121535.228833112
tmp_01874,tmp,1874,2,24,9,0.000519505169435988,0.00219557939765184,0.00160294440884404,2731320312.64823,1098151387.4817,5109.26899656396,1399.82561653914,425.243537688627,14326.7822474321,23091.1463000486,70115.3512506594
tmp_01875,tmp,1875,2,30,6,0.000621731328631287,0.00391072035095045,0.00259327167240239,3353507458.51256,2503950463.61922,19170.9997865108,1936.96095795537,183.911313022158,22013.3327586529,30205.5557083889,60029.3330047262
tmp_01876,tmp,1876,2,24,9,0.000574662192484947,0.00287294435804607,0.00308634752283977,4861323444.02938,4904602539.64131,24154.4147136277,6912.43425309919,2215.76974979224,21535.513377731,38719.4951844476,160228.951010052
tmp_01877,tmp,1877,2,24,9,0.000677804231950153,0.00188424819803692,0.00356824662383597,2188918209.6977,3231281054.20763,5044.43133596936,1799.27952855577,815.660245314901,12564.3757823689,21226.0718136213,80753.3195237331
tmp_01878,tmp,1878,2,30,9,0.000713317761487394,0.0032853094493132,0.00237895779060053,2036838144.67302,1229182453.10569,9049.1244943996,1648.44080261715,274.19746596158,23291.9388203833,34758.0529815657,83680.859567768
tmp_01879,tmp,1879,2,24,6,0.000744915181892073,0.00184077137762428,0.00281820298691506,2172897343.15077,2293254529.29493,4652.48761218084,1079.57086033486,239.102923555149,16114.2222822018,22882.0667857354,49614.1452650353
tmp_01880,tmp,1880,2,24,12,0.000524377475054883,0.00100819245707113,0.00230991941435827,1863384956.54973,3432725051.70802,1538.31168837223,733.659837538689,686.729748514581,7551.12335682666,13376.3279864969,66607.0545394165
tmp_01881,tmp,1881,2,30,9,0.000970906804457913,0.00259659348542564,0.00354804209403465,1197855523.42936,4953662957.60304,13184.30881457,3107.25717648946,720.89403504896,25592.9742791387,41730.2817033789,132722.07961373
tmp_01882,tmp,1882,2,30,12,0.000632243405084411,0.00390111088637101,0.00299940442050013,1261149838.72858,3696445196.92682,32484.874026032,7653.68964246974,1872.57613742326,11253.8691443782,23736.9685883773,130550.44992171
tmp_01883,tmp,1883,2,36,9,0.000870722545074548,0.00140880215030831,0.00181598247089865,2564132134.21355,1979871411.22384,3874.78037956906,736.685275954219,123.235816249795,62481.0449280007,63942.7048187541,64689.9500485697
tmp_01884,tmp,1884,2,36,12,0.000777033685197783,0.00348345920376229,0.00281340120790887,1659398995.80854,4795597464.3434,27300.9025804741,5256.49391931267,939.334042885242,30038.2269362145,52100.5843174525,191070.265451584
tmp_01885,tmp,1885,2,30,9,0.000788911459684733,0.00361907661507726,0.0010310968521792,4778761638.25435,2480682725.07495,47345.6589732407,6520.99149989682,812.172936596137,155627.051048942,196178.409094882,303383.826853677
tmp_01886,tmp,1886,2,36,12,0.000958444289525173,0.00413347415557035,0.00264111427224225,3981689395.4454,3605851011.82395,36853.0885294956,6320.78703796617,991.887423912176,123824.485161011,185698.461038719,452926.277409192
tmp_01887,tmp,1887,2,36,6,0.000849421993573607,0.00536975319134882,0.00213935503610178,1045492867.19651,1581732431.65205,12827.7222898446,857.527877063495,77.3522981871182,24197.3207722848,27922.7953255173,37623.9000344589
tmp_01888,tmp,1888,2,24,12,0.00076219175901024,0.00477044921964147,0.00253381966671537,3945304377.33788,2224860536.18857,48987.1871563307,12779.4706489058,3877.05315395647,46299.8939360353,85209.1300862231,406890.429611021
tmp_01889,tmp,1889,2,36,9,0.000985730871821143,0.00490428784410178,0.00256391204326196,3921400293.80788,3771519723.23278,52192.3882861455,5644.82378719647,581.375033973725,128337.12678997,169347.28244259,299565.291691943
tmp_01890,tmp,1890,2,30,9,0.000501221703420729,0.00253851070194286,0.00290350491501141,4783736460.85027,2998308780.83285,8909.7608688071,2006.80026163178,437.792734939785,17016.4648613821,27601.6487679339,85808.574738388
tmp_01891,tmp,1891,2,36,12,0.000916914793396903,0.00243037468022514,0.00277918682494967,3787085003.43301,1010787381.80672,4534.5801871466,1009.11980161907,221.097795144062,81106.5272235936,96424.1462724447,129609.136655062
tmp_01892,tmp,1892,2,24,6,0.000637792321016726,0.00131974484068035,0.0016787168304218,3882374947.42621,2085389887.01736,4185.62945321114,942.07020094077,196.3228905932,25051.5447192552,31425.8979146613,48071.6307205937
tmp_01893,tmp,1893,2,30,9,0.000711010013553391,0.00385900646984431,0.0037150373126806,1750832761.93457,3088657107.53802,22010.449366869,4115.05130738249,689.769345750797,15217.4626589228,26452.8220508631,94054.8732563412
tmp_01894,tmp,1894,2,30,12,0.000738077247494121,0.00486638777643121,0.0030079420486637,4546131453.1591,3203083633.40258,52642.1120076285,10876.3494584293,2179.8332577531,52457.6524328152,93038.7766350521,363771.089716424
tmp_01895,tmp,1895,2,36,12,0.000667164576985665,0.00441667538068357,0.00258545848386195,4217002379.9184,1893222438.19387,22656.9028990539,3662.27526915738,529.45113285327,46930.8425795463,73755.2643062244,205497.467882706
tmp_01896,tmp,1896,2,24,12,0.000627763903702882,0.00581555018364442,0.00317530462479893,2361830429.01366,1634190548.62769,49983.4986218648,12452.1184336719,3463.45680886337,14312.6685676784,31194.8503039023,213802.708319378
tmp_01897,tmp,1897,2,24,6,0.000683357475220459,0.005149767408549,0.00231207021379376,2846683200.75378,2943593368.68141,72706.0503636531,8491.44698638456,822.714104326249,24619.5428646048,40484.2486007397,121690.393408482
tmp_01898,tmp,1898,2,30,6,0.000599421740228495,0.0017424799156606,0.00162585035625614,1908527151.81594,4111609921.65315,6788.35127365674,1023.21956664614,134.881571398129,17189.4310149067,23281.1055519623,44676.339923881
tmp_01899,tmp,1899,2,36,12,0.000904278537201307,0.00103426327319864,0.00140773883916114,4388028331.55169,2934176518.66724,5789.59011719634,1314.08837055894,289.025574754345,149790.950783041,160362.053668305,177262.368314642
tmp_01900,tmp,1900,2,36,6,0.000572558169192417,0.00319744407138364,0.00292805255674597,2791205459.79179,1159553351.66718,3608.73738012982,351.006851416421,41.6717000345226,13708.876953641,14973.7930877499,17823.4545277766
tmp_01901,tmp,1901,2,36,6,0.000963827858151283,0.00177511734429219,0.00304837278735545,2573181389.96227,1754312237.45398,3080.66994982707,422.637740808799,53.701686340635,39216.2486264206,28257.0078747614,18923.8505543916
tmp_01902,tmp,1902,2,36,6,0.000651838441035549,0.00310016947279831,0.00350324397782297,1815158167.57254,4536926239.77612,10682.5125811648,984.380916595901,90.6008051660944,12650.5031441307,17765.725914292,38652.9866164356
tmp_01903,tmp,1903,2,36,6,0.000704686324342753,0.00559668256127731,0.00284977637256212,1236063412.63416,3890308152.33751,29480.7100584889,1794.95045732154,131.135122125152,13931.7754900762,20499.1172974532,52189.6703280966
tmp_01904,tmp,1904,2,30,12,0.000832247238816094,0.0020478598999208,0.00205777019032649,2580763726.25087,3663370876.2349,9267.36965558184,2762.6248263028,985.560894180327,55692.9708686431,89654.8926653324,277151.365430458
tmp_01905,tmp,1905,2,24,9,0.000701571185085241,0.00582495069109367,0.00130158435215429,4921303917.81605,2007939336.51635,132875.645138921,19499.5656877053,2392.57271165437,80992.3746719504,133717.555009337,408413.408336187
tmp_01906,tmp,1906,2,36,6,0.000763815498977456,0.00230351044242994,0.00213791376452279,1854855146.70522,4849551743.10704,8832.19932531189,922.323030261743,96.8913453542009,30481.0789898782,35672.5956678847,48653.5369038826
tmp_01907,tmp,1907,2,24,6,0.000836633810436482,0.00558606592926159,0.00279781837501401,2814523094.2977,4359096165.00162,114576.889350541,13489.503597792,1313.25133041476,37198.158769066,61684.5775610647,188895.996740943
tmp_01908,tmp,1908,2,24,12,0.000865484293819095,0.00379347939720556,0.00122754460132502,2961804680.201,4981648534.01489,110341.945719859,26795.7110936845,7144.19381717339,102990.225476289,187135.925152458,845986.205960988
tmp_01909,tmp,1909,2,30,9,0.000987228393372014,0.00250065275968097,0.00267949190049043,1624818613.26545,2798786847.70982,9775.77326092952,2158.49320245038,463.594623820475,42534.645485798,62713.9092752211,147646.979233466
tmp_01910,tmp,1910,2,24,6,0.000569586879889282,0.00533443158363529,0.00130409451776678,2772949802.33574,3079205980.5372,112866.319181257,10801.6089318016,895.675214510125,25023.7755968504,42052.8793193953,136164.54338172
tmp_01911,tmp,1911,2,30,9,0.000903397609685884,0.00404170521871122,0.00342476782703379,1387411043.90369,2383911076.27297,21070.0779730724,3736.51500408921,590.124027909873,24556.6635858033,40075.6349424617,122694.026420225
tmp_01912,tmp,1912,2,24,12,0.000578040464573727,0.00268314971362944,0.00160870127752652,1234308665.60907,4915539177.67552,32333.3211332633,10193.6820988108,4275.8735479778,12203.5143029147,26330.4447299286,191772.58526929
tmp_01913,tmp,1913,2,30,9,0.000559896069385507,0.00521829748923209,0.0032896452094568,2271146294.18358,1902347850.54415,33000.6525728419,4817.62175194503,593.114210047216,11282.6652933708,20529.750090254,79560.674369505
tmp_01914,tmp,1914,2,24,12,0.000744225289525795,0.00559548796610353,0.00146911772671206,4901879662.84877,1794022165.01633,98211.591907579,20326.9841817438,4065.50406987541,87094.9028099262,153112.877558386,610141.525226122
tmp_01915,tmp,1915,2,24,6,0.000527000620146348,0.00480482288296509,0.00298905140689502,4326402970.76829,4438299581.68464,77080.1476614077,10168.2264679798,1081.21321997685,15092.9851540265,27999.6347041006,105699.601436538
tmp_01916,tmp,1916,2,30,6,0.000666977121972506,0.00377140757465028,0.00201360472970737,2527347717.80406,1871403997.75024,15708.527662786,1552.15808739317,150.425333661592,25253.9307657434,32100.5666409043,52596.7135891354
tmp_01917,tmp,1917,2,24,9,0.000875564442173251,0.00480210780299165,0.00142776569248729,4453002139.55044,4801247555.62932,182119.239125376,30894.8043085549,4555.28687931463,131803.524752212,221334.481379252,706755.284726472
tmp_01918,tmp,1918,2,36,9,0.000622408482459612,0.00578400242672308,0.00391836156433544,3625562581.8133,2535591044.03833,36359.9547158658,3798.13020245688,353.795651357293,22588.5758735009,36161.9932806543,109427.728821868
tmp_01919,tmp,1919,2,24,12,0.000997452444027098,0.00466911596249314,0.00312413586020386,2245568735.57335,4549914757.3688,77714.2810942671,21713.2805539998,7426.17962069509,51153.4193570155,99245.7475250854,557318.530062024
tmp_01920,tmp,1920,2,30,6,0.000845512058235136,0.00254760474963973,0.00277822304643092,3156899382.94522,4289686013.06289,13085.5919270521,1880.70843090222,236.462317552649,44145.7061816552,54989.3099711324,84729.9658307716
tmp_01921,tmp,1921,2,30,6,0.000539824383654646,0.00101715006082336,0.00254293083900088,1788914990.49208,3139781915.49095,1163.18070183324,263.519195971862,59.3873287791792,6919.81622011834,9471.7925293083,18965.9355975694
tmp_01922,tmp,1922,2,30,9,0.000915850889675565,0.00545205883646304,0.0036905581678954,4169593582.68776,2404755829.36348,44834.4785271787,6753.17317946366,888.287021347715,66716.4186515945,101612.06373755,257100.880319324
tmp_01923,tmp,1923,2,24,9,0.00081245353986695,0.00149487018964329,0.00316492708890046,1806430747.67294,2548566979.83335,3101.30784149432,1127.15347368989,535.535715829075,17482.4892475776,28125.6001086344,90041.2266218413
tmp_01924,tmp,1924,2,24,9,0.000936338311379878,0.00246937705377399,0.00366240161279237,3873755844.38304,1819753384.96993,7562.35482567156,2294.17290936869,816.383693043174,46514.6845228691,70529.8282654162,179190.654773429
tmp_01925,tmp,1925,2,24,12,0.000875655576144861,0.00118556865188568,0.0018113667836617,4556749951.76368,2343016643.3202,4577.3162004599,1732.30406555714,979.30523225055,77816.3041399018,118137.561219775,287845.85743201
tmp_01926,tmp,1926,2,36,12,0.000828456078542535,0.00426697959038625,0.00389884532665834,2256199163.37219,3037834557.34471,22940.7479330031,4311.72908916241,748.688474409573,34202.5137714007,57467.9615588965,194282.637373734
tmp_01927,tmp,1927,2,30,12,0.000922190980232048,0.00334880952900519,0.00236213414117341,1155070384.59082,1811909501.30423,13676.1858641857,3285.0696591233,836.98577552503,31369.5425062324,52742.5788111553,181919.984845974
tmp_01928,tmp,1928,2,36,9,0.000817588237490558,0.00549382609975075,0.00135821894822959,1090247764.93114,3818871097.86432,90117.6045434507,6832.54419904658,527.233843983603,43345.2245266718,67529.803539439,194166.439107226
tmp_01929,tmp,1929,2,30,6,0.000919487410120465,0.00282632558171739,0.00128751774122933,2297013225.55975,2765876951.9102,18986.311578578,2229.2267185131,244.303058559777,80664.8458179884,80334.3679644934,79883.6221499663
tmp_01930,tmp,1930,2,36,6,0.000994793496113484,0.00154116962149258,0.00221103268258936,4003445368.67806,4338353440.96756,6994.09759726956,944.320919434822,110.178415059733,90064.2089651912,62708.6148134346,40789.3782382075
tmp_01931,tmp,1931,2,30,6,0.000942434467559934,0.00187685277163062,0.00343482729300643,2760988134.08066,1703894081.07934,3793.3659228646,657.446779928765,95.8196913020822,33441.608963025,33671.4779776581,33052.4348137608
tmp_01932,tmp,1932,2,30,9,0.000625148115105962,0.0038368089822887,0.00214086469053761,4332192253.91119,4028537464.07945,45319.280057251,7111.19114610687,964.764842901904,40750.96020285,66778.9720189231,205132.807182299
tmp_01933,tmp,1933,2,36,12,0.00094325977111472,0.00346635998680465,0.0012122472759448,3960214739.53882,2851070629.9138,38066.2736456797,5930.99369771863,849.289843156685,233798.714740194,297895.432552976,470921.523696123
tmp_01934,tmp,1934,2,24,12,0.000970877291428226,0.00290545111191222,0.00126398196353556,2867215418.02698,1239432673.81218,16176.1237042912,4478.2410553206,1525.02081349484,112174.877656701,168200.92070133,403125.445997318
tmp_01935,tmp,1935,2,24,12,0.000999685361789874,0.00143327855213042,0.00359763169198284,1474253806.79626,4646031944.18761,3893.55223825844,1781.9547271066,1498.65922186366,25161.8254918908,43755.6373531672,196877.958847251
tmp_01936,tmp,1936,2,24,6,0.000629423794692233,0.00515722435795625,0.00255128108810943,2118928609.42299,2332960264.71064,53822.8710311541,6447.7212851258,632.294503278621,13655.2084239088,23661.8639474408,79655.5391526247
tmp_01937,tmp,1937,2,24,12,0.000571750369537355,0.00466358184548832,0.00383383655322687,1328725677.88402,2127944623.9715,29805.2114378245,8822.9913134429,3325.62340477938,6033.41716532984,15087.7940093244,130943.609928283
tmp_01938,tmp,1938,2,24,9,0.000664336991520174,0.00516194138671225,0.00380082774280621,2443333976.93156,2836665539.18953,56100.4056032735,12168.4701308524,2549.02230977895,15170.8198709951,31476.4739150558,153307.258143306
tmp_01939,tmp,1939,2,30,12,0.0005449136095783,0.00291333610235284,0.0035802011429987,3750688990.48269,3246379805.73024,11272.3397213571,3303.29322045927,1134.32173839114,15576.5644762796,28143.1871608771,123669.477365713
tmp_01940,tmp,1940,2,24,12,0.000974075078419794,0.00520023319752357,0.00218516122241682,4964410094.99478,3756539187.23711,120347.157590268,28812.834946794,7495.91554980629,134999.128389709,239811.135412986,1007896.59935418
tmp_01941,tmp,1941,2,30,6,0.000548061017892437,0.00345755057230202,0.00379557680360324,1004818054.67518,3834513515.40858,16217.7277907749,1940.06667031632,191.957139200808,3936.5967031501,6930.18058932763,25135.2424279284
tmp_01942,tmp,1942,2,30,12,0.000813989192813636,0.00472355041382975,0.00210906418421009,1219412471.19581,1844040484.9183,37681.4233995741,7106.27854305528,1237.33380809717,27256.0302283816,49195.3405609322,199091.84351943
tmp_01943,tmp,1943,2,24,9,0.000966412580947803,0.00492080097919078,0.00118044343767078,2902725658.2272,3481397310.71125,164169.111618242,26016.0950855184,3526.19673658736,135309.650210247,218717.254552977,630993.193533782
tmp_01944,tmp,1944,2,30,9,0.000790654410626782,0.00438281638004237,0.0038700479559362,2181745913.64692,1445053112.74478,14554.2117387418,2556.6451274035,401.573829313826,22107.184912683,34957.6549036458,98498.219177165
tmp_01945,tmp,1945,2,24,9,0.000789758583423879,0.00597033952412563,0.00163018128474773,3281401353.69659,2087116515.25179,123522.12287056,19048.7021565539,2467.71972985727,63535.3281011371,109021.269148608,367524.269791916
tmp_01946,tmp,1946,2,24,12,0.000847805776036479,0.00338212991033758,0.00242421945958508,4886754170.15962,3638181026.9663,33669.3802983974,10387.0178508215,4227.36709243341,78061.3525455269,136198.50416641,570586.005876491
tmp_01947,tmp,1947,2,30,12,0.000618234271517191,0.00348849979903651,0.0019092444224344,2807000839.40169,1554907481.36886,15612.5875976239,3442.36468470458,767.150166384783,28512.360581689,48154.0165811868,166223.651869754
tmp_01948,tmp,1948,2,36,12,0.000656162789157737,0.00276564865170644,0.00251022048464159,4816728788.684,1460382063.87687,6082.69258272318,1309.30072816012,279.559001480555,48120.8522911129,68630.7370710927,145585.845187461
tmp_01949,tmp,1949,2,30,6,0.000569564752915812,0.00181653648588043,0.00356312890184934,4398212668.33552,3260534512.55738,3589.41812570455,668.290703851448,111.409547660551,14841.7753932494,19941.0976564549,37610.0611213636
tmp_01950,tmp,1950,2,36,6,0.000512193640037632,0.00587085518666191,0.00349898596453218,2217660853.49218,4148211894.83089,31559.1970363658,1929.99887078709,135.555907933418,8317.67594035375,13163.96238972,42534.1948429379
tmp_01951,tmp,1951,2,24,9,0.00052292732976961,0.00389541070868024,0.00290827269488574,3856690835.38947,3663127264.58379,42482.8029124277,10064.6754089265,2416.18864053257,15026.1386547758,30037.6594320213,141046.720943247
tmp_01952,tmp,1952,2,30,12,0.00070518562155212,0.00431448650310245,0.00156850582753991,4422525496.1481,2926075447.17081,61306.7709909943,11212.6245168258,1880.99295760737,80254.1643044338,134469.4668448,445918.332795944
tmp_01953,tmp,1953,2,36,6,0.000717194122585324,0.00300244520379977,0.00243736746873837,1213731466.23815,3116007108.7761,8616.33333231231,747.525407969025,71.2868593260982,15412.9986404472,19808.3908213135,34027.4874100802
tmp_01954,tmp,1954,2,30,12,0.000663288770117051,0.00365228412388511,0.00202382836652625,4468294231.60375,3813293063.37354,40674.8853065708,8871.11651011395,1937.47463481961,54552.518240001,94812.7155435263,354172.866975891
tmp_01955,tmp,1955,2,36,9,0.000939643889363234,0.0048842997464006,0.00228523392799569,1470733982.44167,3067694448.12668,43255.2889670948,4301.83915934514,400.9682120702,50054.3375202061,73458.8557932742,174131.871711826
tmp_01956,tmp,1956,2,24,12,0.000816166800313842,0.00383749479827919,0.00116808186246709,3558084426.04655,4048288367.67589,97199.6325831244,23155.5240696993,5969.0334146639,106587.498454729,189581.850359322,799232.18438152
tmp_01957,tmp,1957,2,24,6,0.000556779991070613,0.00241730804621767,0.00264026431682954,1855389699.92626,2200060776.77472,7541.15801713246,1504.8016911016,265.93929996001,7437.9593403379,11864.3316786479,34363.3888745735
tmp_01958,tmp,1958,2,30,6,0.00051019165037583,0.00304878798825147,0.00361027272826519,1419617131.40639,3947341961.74245,12767.8234972037,1647.80178346896,175.44083652618,4510.95167777386,7628.48457331854,25479.7604148819
tmp_01959,tmp,1959,2,36,12,0.000947471705043421,0.00345610114639656,0.00201441269547301,3616963982.33391,4677343285.10323,37584.9218308047,6637.08590586499,1081.86930124965,141595.101517959,210850.120098046,504208.295403845
tmp_01960,tmp,1960,2,30,9,0.000696631084150414,0.00567282445193242,0.00225015153695072,4389575804.73447,2258703545.38432,65770.220824879,8072.59920094022,854.664841474931,52307.9916152827,82292.6824049084,227644.157642816
tmp_01961,tmp,1961,2,36,9,0.000857331835353573,0.00390492504854308,0.0031056897537554,3825521769.88579,4593599843.15017,31501.8756376778,4160.82396755863,489.290067461728,70912.1748732752,101615.562795527,223844.288080837
tmp_01962,tmp,1962,2,36,6,0.000967147662686897,0.00244362122684421,0.00302833835081845,4506438993.12809,3620970547.82784,8879.63854535405,1117.1144469954,126.613830687431,82907.4216787839,67559.7990840417,51368.6886604275
tmp_01963,tmp,1963,2,30,6,0.000683518932560154,0.00337108213781446,0.00280444047691637,2925437187.11974,1056044665.86968,6260.93796159172,777.892906699731,90.1478214324622,20873.1664992333,24109.9485537424,31491.5963574038
tmp_01964,tmp,1964,2,24,12,0.000553115845874958,0.00346173581712474,0.0015122319236935,4059430246.63176,2848813612.20039,40524.049171215,10937.2167561081,3522.03171386156,31541.6460776074,59647.7206049955,310288.941225986
tmp_01965,tmp,1965,2,36,9,0.000562518381036782,0.00356800581551458,0.00220180496609066,1669950768.29251,1692185955.86623,11517.3236917138,1402.77402184495,151.471417930831,13112.5802479222,20183.973455368,54410.4816214503
tmp_01966,tmp,1966,2,30,6,0.000601246042647038,0.00477029860197351,0.00116433709506226,3922317743.99394,4082386671.57412,65077.4248800295,4738.43635353377,382.565245276154,51806.2206579064,69274.2388937947,130019.098679676
tmp_01967,tmp,1967,2,36,6,0.000603072772894016,0.00599055108894918,0.00247057707834748,1995513489.06596,1635565407.81454,14589.9263784797,893.12626541688,73.6750827650977,15140.5708395299,19651.317544738,35031.9748012965
tmp_01968,tmp,1968,2,36,6,0.000842731747617788,0.00182531859790125,0.00232435720927754,1763229270.07393,1066489181.69212,2076.35558418638,276.650566491721,38.7314158625751,24528.6924139152,17666.6409189183,11871.4341091374
tmp_01969,tmp,1969,2,30,9,0.000765227412099533,0.00521734750765097,0.00244800057025144,3429853248.24818,2508609651.18397,56049.3014253128,7498.6046857504,861.209097946869,49986.977118211,79093.9629486181,221683.041498576
tmp_01970,tmp,1970,2,36,12,0.00092816405902622,0.00164066857397394,0.00101258908143061,4865442570.31491,3303760691.98286,14104.7521240127,2920.44608523031,569.660728976185,278490.161071553,295321.601323539,320647.714793046
tmp_01971,tmp,1971,2,30,6,0.000645962915419932,0.00591475319458559,0.00313415372881228,3219204487.59774,4723131291.00032,73129.2732589266,5769.21874855981,442.884599843647,21981.3840944401,34927.0043737628,104945.594095425
tmp_01972,tmp,1972,2,30,6,0.000902669853816431,0.00126164511944167,0.00260533750823678,2710773791.09774,1888946521.77963,3007.22316957838,524.608433354705,76.846992533229,32012.9725489826,29838.6206539546,25951.910534875
tmp_01973,tmp,1973,2,36,9,0.000518955575564431,0.00481312569403965,0.00209329734402644,4152133617.06019,1087957127.62412,15917.517696132,1580.43551241968,152.015449784696,25170.4439580104,35169.3790742224,72723.2631517884
tmp_01974,tmp,1974,2,30,6,0.00060005537544777,0.00120610445177595,0.00103661420283111,2026780573.1026,4807137095.39546,5299.29331867102,886.289187526953,129.320595668079,25922.1491717008,31758.3609490582,46807.7726347056
tmp_01975,tmp,1975,2,24,12,0.000770270163755479,0.00304837461045143,0.00212533953096094,1943040059.30785,2234853970.81553,17025.8855971317,5374.7275072742,2268.63251267476,27808.8691815561,50079.041865179,236276.420135962
tmp_01976,tmp,1976,2,36,9,0.000565338327726408,0.00251524492209232,0.00310313868639351,3816008190.80269,1639092953.30177,3956.69555963742,706.833244455827,116.268386972341,19537.8411840625,27265.8389818671,55870.6587624247
tmp_01977,tmp,1977,2,36,12,0.000883040309567104,0.00502799066511162,0.00161793693005231,3986862329.90024,4599850545.808,110043.38213054,13871.5231940277,1537.31744549378,162276.785076243,249607.318966873,654342.692503605
tmp_01978,tmp,1978,2,24,12,0.000756211549596029,0.00578861587644204,0.00332462192806393,1645623469.93109,2088127418.4436,60532.8562170211,15309.0831797819,4376.10503060294,16845.117840153,37101.2670988687,259510.889031071
tmp_01979,tmp,1979,2,30,9,0.000991831358323171,0.00364650628405098,0.00292289621622917,4947929807.56365,1502881001.66286,15847.7854679684,2946.75990484814,499.506488809653,107022.194419916,131908.575799712,192189.089630915
tmp_01980,tmp,1980,2,30,9,0.000574816477815881,0.00233962937434039,0.00380781958714845,3193034734.44725,4444192395.02513,8263.26546342529,2111.70174219812,547.433259665604,13796.9193451778,22965.0227264232,78536.7817469063
tmp_01981,tmp,1981,2,30,6,0.000574478464702666,0.00405986564233665,0.00179480170332929,1163877300.95254,4838857190.78411,46579.8754900933,3863.82635587381,299.934703509487,10275.840143564,17206.0042879671,59303.6927170753
tmp_01982,tmp,1982,2,24,6,0.000669025659730007,0.00178862061126649,0.00380234415106225,4214024349.53374,2898376770.44061,4433.10698605562,1112.75262120662,276.078637589395,16714.7656685367,24118.0680514911,55294.3992321258
tmp_01983,tmp,1983,2,24,9,0.000826523601118825,0.00196306852594824,0.0022842149845212,4981764972.67359,4215445887.44934,12983.1791592086,3984.10692272856,1441.4749115098,68314.7125275402,105973.88347269,290182.115714552
tmp_01984,tmp,1984,2,36,9,0.000710122288381646,0.00174988981541019,0.00131579438266284,2712376839.64287,4278639372.84408,8889.55843461486,1540.68929677389,240.870375368904,61325.5049866304,78760.0698494589,128646.874967234
tmp_01985,tmp,1985,2,30,9,0.000839332800267698,0.00210254295842461,0.00387471960453373,2875459678.55479,1713255026.81406,3609.80435650084,923.844353981906,245.196174267335,29653.1003348812,41978.3527631692,88456.939148955
tmp_01986,tmp,1986,2,24,12,0.00059731666557482,0.00323619330638322,0.00265003092947124,3913563394.32342,1670806578.52005,12396.1928091624,4016.89893473802,1770.58230755988,21007.5832492231,37847.9492838911,180262.157768155
tmp_01987,tmp,1987,2,36,9,0.000998121880777295,0.00596466165766283,0.00195454640280356,3085638640.86262,4156218393.5516,99736.1887935027,8472.21251900782,744.613978540551,141080.02473051,192130.319063106,372261.330494942
tmp_01988,tmp,1988,2,24,12,0.000901385236322018,0.0029042925011745,0.00298456101922282,2914018172.11669,1807513101.55801,9958.35503945927,3454.6808300125,1712.1474739752,43385.4068511811,73645.2365969151,282966.768375289
tmp_01989,tmp,1989,2,36,12,0.000692855868579406,0.00115859707551715,0.00336120767521539,2101328778.24015,2355704802.51277,1126.23448301266,365.759575736286,144.548409070481,18152.6628053217,27461.5969561482,71314.8686649938
tmp_01990,tmp,1990,2,30,9,0.000681812581562431,0.00275103088924897,0.00382147113518238,1360163414.62094,1418539224.60212,4191.6043011624,976.378191894685,224.253041638867,9172.01021744836,14782.4056115092,45400.7086060514
tmp_01991,tmp,1991,2,30,9,0.000768560260500996,0.00550844638438871,0.00131019984609588,3883531395.72604,4577385985.42897,177208.744335258,18454.5299683852,1703.148374428,106837.624998166,167843.876527458,466529.465420432
tmp_01992,tmp,1992,2,36,9,0.000961757400475409,0.00125018127802225,0.00362782623643217,4956794979.44603,3183872028.88898,4093.1548274974,846.870441346319,156.48069831484,75838.622290235,81209.7110465813,88749.5482179945
tmp_01993,tmp,1993,2,30,12,0.000771631950996658,0.00334211338437424,0.00173390543094682,3941077934.82587,4493769078.03443,43805.0575855417,9629.81556158525,2136.80780649334,85042.251932378,142620.408922795,482315.300679683
tmp_01994,tmp,1994,2,30,9,0.000512006917007629,0.00539057582479029,0.00324985920793606,3252262721.80944,1459743316.13481,27911.5473271227,3974.13191121473,477.847425455854,11968.6576865681,21019.4767003336,75928.596874153
tmp_01995,tmp,1995,2,30,6,0.000726500703976133,0.00183839838101566,0.00225364169879992,3428258368.76038,1731658545.60614,4111.8154620879,676.038494679375,94.4375776254996,30914.0175430006,31725.8019630384,32331.2816930543
tmp_01996,tmp,1996,2,24,12,0.000795779965705209,0.00484480464623958,0.0023774692323725,4089390379.56607,4020174730.8016,96797.1377761564,24615.8847774859,7121.71675227141,60632.8469462132,116460.079300091,620531.916526813
tmp_01997,tmp,1997,2,24,6,0.000671431582989195,0.00553206020233746,0.00309031890480866,2008782713.1835,4986765864.38332,117691.359750716,14274.4926974819,1394.38698872931,14941.1898478646,29803.1736179847,128018.92164663
tmp_01998,tmp,1998,2,24,9,0.000695053675258077,0.00483240502070366,0.00348093570043569,4826354759.64028,2879851486.85986,52230.0030041488,11487.6262384967,2469.13030504654,32413.983430866,58867.8795518354,231911.434901624
tmp_01999,tmp,1999,2,24,6,0.000978320607767099,0.00345477756391783,0.00345683961961338,2311577988.85901,4428136007.77839,31904.1864199535,5576.1664617318,835.686365052579,36237.1168246118,55186.4277046389,139983.270461726
tmp_02000,tmp,2000,2,36,6,0.000886744510804618,0.00444436745329678,0.00254192063231147,3333793518.80351,3562920852.14152,21440.8070551024,1725.82698570771,164.873135167531,69659.0301371512,72306.8991163233,78801.3440117349
