epoch,train_total,train_noise,train_x0,train_param,train_closed_loop,val_total,val_noise,val_x0,val_param,val_closed_loop,val_select
1,1.4191399812698364,0.9805411219596862,1.2961159706115724,0.4329251766204834,0.4930299997329712,1.0854779005050659,0.7490492224693298,0.8837228536605835,0.3320022761821747,0.42543434500694277,1.641159474849701
2,0.9994952082633972,0.7213998436927795,0.6725221753120423,0.271546071767807,0.30873298048973086,0.8491741180419922,0.6599442005157471,0.41033836007118224,0.18512091040611267,0.19741261303424834,0.7928718835115434
3,0.8548593997955323,0.6460772037506104,0.45983071327209474,0.20301227867603303,0.16058220267295836,0.8007684826850892,0.6144444942474365,0.401507169008255,0.18156566619873046,0.12529725432395936,0.7083700895309448
4,0.8166730999946594,0.6156471014022827,0.43977434039115904,0.19404723942279817,0.13842247426509857,0.7320684194564819,0.5517841458320618,0.39699618220329286,0.17472691535949708,0.09525555372238159,0.6669786512851715
5,0.7539517641067505,0.5637171626091003,0.4098673164844513,0.18279686570167542,0.10685047209262848,0.6707817316055298,0.4971692800521851,0.36845958828926084,0.16782025396823883,0.06744356453418732,0.603723406791687
6,0.7442192196846008,0.5601089239120484,0.3943205773830414,0.17607410550117492,0.08811515271663665,0.6941702246665955,0.5252026081085205,0.3563541233539581,0.16212673783302306,0.06839010268449783,0.586870963871479
7,0.7255719065666199,0.554466712474823,0.3566052198410034,0.16235579252243043,0.08587221950292587,0.6794861912727356,0.5163854002952576,0.3356109380722046,0.15510737001895905,0.07531118988990784,0.5660294979810715
8,0.6997534990310669,0.5296102285385131,0.3503098011016846,0.16042465567588807,0.08227339088916778,0.6447860121726989,0.5060510993003845,0.28105544447898867,0.13120953738689423,0.060569413006305695,0.4728343948721886
9,0.6899267077445984,0.5294954597949981,0.3233747065067291,0.15024440884590148,0.0776195228099823,0.6569708943367004,0.5085294902324676,0.30122430324554444,0.13967741578817366,0.05941217467188835,0.5003138937056064
10,0.6881395578384399,0.5230141699314117,0.3344015419483185,0.1537071079015732,0.07568396031856536,0.6359024047851562,0.49173341393470765,0.2875811278820038,0.13434673547744752,0.06512923762202263,0.4870571009814739
11,0.6707717657089234,0.5010004937648773,0.339224374294281,0.1571694165468216,0.07474782168865204,0.6164827823638916,0.47632539868354795,0.27610319554805757,0.1307146355509758,0.04899630397558212,0.4558141350746155
12,0.6607823967933655,0.49965455532073977,0.3209574222564697,0.14862908720970153,0.06394361630082131,0.6141759753227234,0.47514957189559937,0.27395498752593994,0.1287742465734482,0.049029961228370667,0.45175919532775877
13,0.6294732928276062,0.4807796597480774,0.2907536864280701,0.13613002896308898,0.06158766821026802,0.6125694632530212,0.4614832758903503,0.2997547030448914,0.13932866752147674,0.04878645464777946,0.4878698252141476
14,0.6205821514129639,0.4649413049221039,0.30494711399078367,0.1420620232820511,0.057603183388710025,0.602893054485321,0.4647377789020538,0.2679755300283432,0.12711665630340577,0.04040313363075256,0.43549531996250146
15,0.6308616399765015,0.4721066415309906,0.3095537543296814,0.1444257229566574,0.05378852337598801,0.5742672681808472,0.4371721386909485,0.2640416920185089,0.1259754478931427,0.034116807579994204,0.4241339474916458
16,0.6113674879074097,0.45651845932006835,0.2983482241630554,0.14044466018676757,0.04857228323817253,0.582963740825653,0.44117189645767213,0.27334584295749664,0.12995738983154298,0.030873870849609374,0.434177103638649
17,0.5937116622924805,0.4434504508972168,0.2893628478050232,0.1356434106826782,0.044983350485563275,0.5850830554962159,0.4474469840526581,0.26382181644439695,0.1255110889673233,0.02969418130815029,0.41902708671987055
18,0.5980099201202392,0.44490166902542116,0.2962923049926758,0.13726145029067993,0.04604684635996818,0.5476331949234009,0.41353431940078733,0.25525030195713044,0.12133274078369141,0.03179655075073242,0.4083795934915543
19,0.593018651008606,0.44895535707473755,0.2728724777698517,0.12865646183490753,0.04242256209254265,0.5563179135322571,0.4325597107410431,0.2326944351196289,0.11164612919092179,0.02753417454659939,0.3718747388571501
20,0.5957499980926514,0.4481025516986847,0.27727076411247253,0.13124496340751649,0.04249327853322029,0.5347570538520813,0.3909311413764954,0.27287153005599973,0.1296827733516693,0.025826331600546835,0.4283806350082159
21,0.5989740490913391,0.45057090520858767,0.27967321276664736,0.1313937097787857,0.040100031346082685,0.574787712097168,0.439091819524765,0.2565143793821335,0.12169560939073562,0.02458430454134941,0.40279429331421857
22,0.5926700711250306,0.4461120367050171,0.2734890043735504,0.1290823772549629,0.03957924470305443,0.59109445810318,0.4600905776023865,0.24738696217536926,0.11646396964788437,0.026581098884344102,0.39043203070759774
23,0.5944309830665588,0.4458889663219452,0.2752819716930389,0.12976115196943283,0.042559145390987395,0.5569995522499085,0.4119710445404053,0.26748509109020235,0.12847120314836502,0.029586000367999077,0.42554229460656645
24,0.5785810470581054,0.4291211783885956,0.27584927082061766,0.12991860508918762,0.04200336411595344,0.5709519863128663,0.4360510230064392,0.25205889344215393,0.11969695091247559,0.020700901746749878,0.3924567461013794
25,0.5722236275672913,0.4278363883495331,0.26443090736866,0.12543001174926757,0.03670840188860893,0.5376962542533874,0.40260355472564696,0.252022585272789,0.11890371888875961,0.022962186858057974,0.39388849101960655
26,0.571320366859436,0.42404494285583494,0.26845393478870394,0.12748542577028274,0.03587932661175728,0.5585133075714112,0.4180968523025513,0.2598171830177307,0.12359882593154907,0.020351459085941315,0.4037674680352211
27,0.5585698962211609,0.41590769290924073,0.2607195258140564,0.12310954928398132,0.0324373934417963,0.4922264575958252,0.36939323544502256,0.22421168088912963,0.107383993268013,0.01980324313044548,0.3513989172875881
28,0.5760336518287659,0.43523392677307127,0.25501193702220915,0.12093152552843094,0.031928745284676555,0.5506365060806274,0.41306197047233584,0.254148405790329,0.12042688131332398,0.01665900759398937,0.3912342946976423
29,0.5710787773132324,0.425859671831131,0.26138744652271273,0.12394504398107528,0.03373003825545311,0.540422546863556,0.40595285296440126,0.2464619219303131,0.11694580316543579,0.017815764248371124,0.38122348934412004
30,0.5682111024856568,0.4224019467830658,0.2621186852455139,0.12405553311109543,0.032141422107815745,0.5172806322574616,0.3785240828990936,0.2527371346950531,0.11906680017709732,0.024136092513799667,0.3959400273859501
31,0.566593873500824,0.41838437914848325,0.2675986081361771,0.12573383897542953,0.030371956527233124,0.5913232922554016,0.4411149024963379,0.2732213377952576,0.1290062129497528,0.021999814733862876,0.42422736547887324
32,0.5548027873039245,0.40773093700408936,0.2631547451019287,0.12395107001066208,0.03139436058700085,0.5155559420585633,0.3808910667896271,0.24039430618286134,0.11510686129331589,0.020863908901810647,0.3763650763779879
33,0.5500848650932312,0.4022091329097748,0.2630909740924835,0.12430877685546875,0.03007480762898922,0.5428907752037049,0.41355623602867125,0.2324383705854416,0.11064485758543015,0.016236452013254167,0.3593196801841259
34,0.5488069415092468,0.4047088325023651,0.25462167263031005,0.12063926607370376,0.02891554683446884,0.5066377282142639,0.374078106880188,0.23601053953170775,0.11220115572214126,0.020281168445944787,0.3684928636997938
35,0.5545300245285034,0.405159193277359,0.26356363892555235,0.12423735707998276,0.03055553063750267,0.5170327544212341,0.39014461636543274,0.2247937351465225,0.10796700567007064,0.014562612399458885,0.347323353216052
36,0.5420614004135131,0.40161673426628114,0.24573050439357758,0.11682184487581253,0.026356604322791098,0.4903730869293213,0.3574810206890106,0.23651880621910096,0.11277924180030822,0.013704342395067215,0.3630023904144764
37,0.5573802828788758,0.40972580909729006,0.2577459901571274,0.12234555780887604,0.02696526311337948,0.49014406800270083,0.36327182650566103,0.22461502254009247,0.10679293125867843,0.014952622912824154,0.3463605767115951
38,0.5402785420417786,0.39736685156822205,0.24598270058631896,0.11766119450330734,0.027603499218821527,0.5109073460102082,0.38425620794296267,0.22188917994499208,0.10580372363328934,0.01677401512861252,0.34446691870689394
39,0.5510643482208252,0.40668724179267884,0.24982587099075318,0.11850923895835877,0.02618042267858982,0.5129051327705383,0.37447577714920044,0.24290687143802642,0.11605656296014785,0.014055609330534935,0.3730190437287092
40,0.5399602651596069,0.39256884455680846,0.2546204268932343,0.12017287611961365,0.027395611628890038,0.5470393300056458,0.40355861783027647,0.25202766954898836,0.11954282373189926,0.015102624893188477,0.3866731181740761
41,0.5464602589607239,0.40551682114601134,0.24112411439418793,0.11470497846603393,0.025234288722276687,0.5313027620315551,0.3953439176082611,0.23724380433559417,0.11271612793207168,0.01478530429303646,0.36474523656070235
42,0.5460820078849793,0.4029296636581421,0.24439404904842377,0.11609009355306625,0.024888278916478157,0.5116610109806061,0.3686709046363831,0.2479805052280426,0.11860619187355041,0.013537349179387093,0.3801240462809801
43,0.5379943311214447,0.390908420085907,0.25036911964416503,0.11843908876180649,0.02647467851638794,0.5186299324035645,0.3826547861099243,0.23547470271587373,0.11164767295122147,0.015168952010571956,0.36229132767766714
44,0.5310916304588318,0.38759549260139464,0.24195955991744994,0.11489445567131043,0.026579107716679574,0.5326261401176453,0.38267697095870973,0.258367520570755,0.12317108660936356,0.0146971819922328,0.39623578917235136
45,0.5539265632629394,0.4034450113773346,0.2535991072654724,0.12037100046873092,0.025907992199063302,0.5421533465385437,0.4070195138454437,0.22977682650089265,0.11046871244907379,0.014169467985630036,0.35441500693559647
46,0.5330111265182496,0.3885804831981659,0.24108461737632753,0.11493716835975647,0.025438883900642396,0.5304846584796905,0.38332401514053344,0.25087803304195405,0.11907320320606232,0.017414396069943903,0.3873656323179603
47,0.5312150239944458,0.3866218030452728,0.2395818293094635,0.1138505756855011,0.027989646419882774,0.5051781535148621,0.35986717939376833,0.2415076494216919,0.11542534232139587,0.024455827474594117,0.3813888192176819
48,0.5370770335197449,0.3921321630477905,0.23931456208229065,0.11414338797330856,0.0260909516364336,0.5088127851486206,0.37089976072311404,0.2331804394721985,0.11081677973270417,0.015703063830733298,0.35970028303563595
49,0.5384551525115967,0.3918029248714447,0.2439954847097397,0.11539245247840882,0.023994144052267075,0.5121423780918122,0.3769018232822418,0.22669076025485993,0.10825476050376892,0.015575803071260452,0.35052132382988926
50,0.5384505748748779,0.3910967350006104,0.24283847510814666,0.11508618295192719,0.025548198819160463,0.5202487111091614,0.3734398424625397,0.24213505089282988,0.11543420404195785,0.022915733978152275,0.38048498891294
51,0.5366835594177246,0.38430875539779663,0.24909045398235322,0.11820643693208695,0.02748596519231796,0.5223864436149597,0.3872677445411682,0.22305412590503693,0.10629810094833374,0.019040341302752496,0.3483925681561232
52,0.5257830083370209,0.38662911057472227,0.22471220493316652,0.10786369889974594,0.024369660392403604,0.5315763115882873,0.38838457465171816,0.23907212913036346,0.11387429684400559,0.013704406470060349,0.36665083244442936
53,0.5343100190162658,0.3894944071769714,0.23514846563339234,0.11230295151472092,0.022903933003544808,0.5155548810958862,0.3739033639431,0.2364627778530121,0.11219424456357956,0.013259505294263363,0.361916527710855
54,0.527764642238617,0.3804484963417053,0.24000002741813659,0.1137981191277504,0.02251264937222004,0.5203118562698364,0.38105444312095643,0.2323503315448761,0.10997750759124755,0.012403187900781631,0.3547310270369053
55,0.5282876014709472,0.38268897533416746,0.23567109405994416,0.11244540512561799,0.021030935645103454,0.5233020186424255,0.38722307085990904,0.22418323159217834,0.10699084252119065,0.012881233543157577,0.34405530765652653
56,0.5255332469940186,0.3814399778842926,0.2308189630508423,0.11054091900587082,0.022001809999346734,0.519750964641571,0.38696890473365786,0.216741082072258,0.10365130454301834,0.013873618468642235,0.33426600508391857
57,0.5326815366744995,0.38931102156639097,0.23008783161640167,0.10937991589307786,0.021784094348549842,0.5239210784435272,0.38741936087608336,0.2237829804420471,0.10684552043676376,0.011634937301278115,0.34226343818008903
58,0.5226618707180023,0.37371737957000734,0.23869872689247132,0.11403125375509263,0.01992874629795551,0.5026134133338929,0.3626444935798645,0.22793227732181548,0.10938888937234878,0.011420359276235104,0.3487415259703993
59,0.5464603304862976,0.39014993906021117,0.2515497475862503,0.11880702674388885,0.021208067238330842,0.5047290205955506,0.3740792810916901,0.21045922935009004,0.10154460668563843,0.011582255735993386,0.3235860917717218
60,0.5305041253566742,0.38082789778709414,0.23984493911266327,0.11340290307998657,0.019978470727801324,0.5309542775154114,0.39201311469078065,0.22532256543636323,0.10775337070226669,0.011064163222908974,0.3441400993615389
61,0.5228693783283234,0.37259371280670167,0.23837688863277434,0.11336653232574463,0.020530272647738455,0.48270689249038695,0.3424934148788452,0.2260437488555908,0.10816502273082733,0.011727483943104744,0.3459362555295229
62,0.5194337904453278,0.3728824853897095,0.23151977658271788,0.10992453992366791,0.02043440006673336,0.4939398944377899,0.3547337770462036,0.2244109481573105,0.10717039108276367,0.010861342214047909,0.34244268145412204
63,0.5225814938545227,0.37208439111709596,0.23622103929519653,0.11249598413705826,0.020920069143176078,0.5087549388408661,0.37290053367614745,0.21734846830368043,0.10411914288997651,0.011045933328568935,0.3325135445222259
64,0.5350902676582336,0.37736677527427676,0.24627981185913086,0.11770313680171966,0.021241355687379837,0.48810012340545655,0.33817416429519653,0.2392638236284256,0.11488872468471527,0.01102865170687437,0.36518120002001525
65,0.5292825818061828,0.3770681440830231,0.23878512680530548,0.11312624663114548,0.019805849343538285,0.5162627696990967,0.38181192278862,0.2146986484527588,0.10261266678571701,0.009667375311255454,0.3269786905497312
66,0.5263211011886597,0.3736507296562195,0.2388050675392151,0.11338400244712829,0.018822066113352777,0.48982309103012084,0.3492542922496796,0.22395384311676025,0.10602095574140549,0.012087130919098854,0.3420619297772646
67,0.5517473816871643,0.39736166000366213,0.24044876396656037,0.1138863891363144,0.019771223515272142,0.520959609746933,0.37720980048179625,0.223245707154274,0.1062304586172104,0.01815987080335617,0.3476360365748406
68,0.5295894265174865,0.3750767707824707,0.23741113543510436,0.11254376918077469,0.022778745740652084,0.5238209128379822,0.3611434042453766,0.25953594744205477,0.12255387157201766,0.011357026360929012,0.39344684537500146
69,0.5208151459693908,0.36654210090637207,0.23905899822711946,0.11299359947443008,0.019221575185656547,0.5341429471969604,0.3787366271018982,0.24795616567134857,0.11704207509756089,0.009614602103829384,0.3746128428727388
70,0.5414706945419312,0.3890125513076782,0.23370051980018616,0.11128547787666321,0.01932482570409775,0.5173235416412354,0.3693206191062927,0.23148955404758453,0.1105259820818901,0.01158486194908619,0.35360039807856086
71,0.5508215665817261,0.3920754075050354,0.24243521094322204,0.11499846279621125,0.02100709527730942,0.4869904756546021,0.33958771228790285,0.22833636105060579,0.1095393106341362,0.012258444540202617,0.3501341162249446
72,0.5327901363372802,0.3787191271781921,0.23303189277648925,0.11132069677114487,0.020430443808436394,0.4923744320869446,0.3407308757305145,0.23344115912914276,0.11214320659637451,0.013077417388558388,0.35866178311407565
73,0.510878711938858,0.35900498628616334,0.22966162264347076,0.10969658493995667,0.018951309099793433,0.5146513462066651,0.3714599907398224,0.2207716464996338,0.10577851235866546,0.011353838071227074,0.33790399692952633
74,0.5043310165405274,0.35457749366760255,0.22536327242851256,0.10719168484210968,0.01990933232009411,0.4876109719276428,0.33544058799743653,0.23672539591789246,0.111483134329319,0.012220320664346218,0.36042885091155763
75,0.5182633697986603,0.36109634637832644,0.2354443997144699,0.1126081719994545,0.01971667669713497,0.5227162957191467,0.38049731850624086,0.218490931391716,0.10448202043771744,0.010588398575782776,0.3335613504052162
76,0.5296982169151306,0.37183409333229067,0.23759185075759887,0.11251335740089416,0.019445944204926492,0.506738817691803,0.36255220174789426,0.2202409029006958,0.10545862168073654,0.01105549857020378,0.33675502315163613
77,0.5213237762451172,0.37139511704444883,0.22259852886199952,0.10649046301841736,0.019029671140015126,0.5011806011199951,0.3538114786148071,0.22516768872737886,0.10830035209655761,0.009128230437636376,0.3425962712615728
78,0.5343416094779968,0.37796958684921267,0.23367405831813812,0.11089171767234803,0.018517230078577994,0.54198237657547,0.40026301741600034,0.21296577751636506,0.10172398388385773,0.013892763108015061,0.3285825245082378
79,0.5341017723083497,0.3770785450935364,0.2344343364238739,0.11081653982400894,0.01856421269476414,0.48972818851470945,0.35036406517028806,0.2106501042842865,0.10121062695980072,0.009864844381809235,0.32172557562589643
80,0.5223761081695557,0.373598712682724,0.22055107951164246,0.10480499118566514,0.01736847572028637,0.4891964614391327,0.3466845154762268,0.2141394466161728,0.10284759402275086,0.01080408301204443,0.3277911236509681
81,0.5296098351478576,0.37594748139381406,0.22574304342269896,0.10786830931901932,0.01844732165336609,0.49484738111495974,0.34707780480384826,0.22286337614059448,0.10684521496295929,0.009641016647219659,0.33934960775077344
82,0.5318409442901612,0.3725337266921997,0.23494646847248077,0.1116214632987976,0.018309115245938302,0.5145229220390319,0.35849444270133973,0.2326764166355133,0.11165299117565156,0.012433050200343132,0.35676245801150797
83,0.5193139731884002,0.3636164665222168,0.22874538898468016,0.10917577892541885,0.017100010812282563,0.4884488105773926,0.34385365843772886,0.21696701645851135,0.1037477895617485,0.009661683812737465,0.33037648983299733
84,0.5253769159317017,0.36694747805595396,0.23336573839187622,0.1106458306312561,0.01715632192790508,0.5073369860649108,0.3515068471431732,0.2328980654478073,0.11158662289381027,0.010233298875391483,0.3547179872170091
85,0.5173193573951721,0.35977400541305543,0.23140743970870972,0.10957919657230378,0.017253804951906204,0.494920951128006,0.35216798186302184,0.21187807917594909,0.10218505859375,0.00909727718681097,0.32316041495651004
86,0.520429265499115,0.3711995124816895,0.21438180804252624,0.10293249785900116,0.01884716600179672,0.5065229177474976,0.3620071053504944,0.21350522637367247,0.10266312509775162,0.010259544104337692,0.3264278955757618
87,0.5131957411766053,0.3656661629676819,0.2132486432790756,0.10186403095722199,0.01712056826800108,0.5237571597099304,0.3754037797451019,0.2195546358823776,0.10499609857797623,0.010309523344039917,0.33486025780439377
88,0.5168338775634765,0.3645411849021912,0.22044605910778045,0.10484934002161025,0.01728967800736427,0.5055377721786499,0.3636400878429413,0.2090175986289978,0.10029671341180801,0.009627808444201946,0.3189421204850078
89,0.5236093401908875,0.36622765064239504,0.2269619256258011,0.10830458253622055,0.017355770617723466,0.5031875729560852,0.35566715598106385,0.21613196432590484,0.1042572170495987,0.009583422914147377,0.3299726042896509
90,0.5282576203346252,0.3737202167510986,0.22321687936782836,0.10636291056871414,0.015990920551121234,0.5562358617782592,0.40375748872756956,0.22302593886852265,0.10689956545829774,0.010868312790989876,0.34079381711781026
91,0.5338914513587951,0.36925777792930603,0.23612333238124847,0.11290030181407928,0.017517905682325363,0.5251452803611756,0.3736563384532928,0.22208291888237,0.10597512573003769,0.010189332067966461,0.33824737668037413
92,0.5227558135986328,0.3657990872859955,0.22514739036560058,0.10742886662483216,0.016201502084732054,0.482364809513092,0.33373059034347535,0.21909987628459932,0.10392321348190307,0.008793282881379127,0.33181637264788155
93,0.5235772967338562,0.36125901341438293,0.23100969791412354,0.11066629141569137,0.017368362471461295,0.5056219339370728,0.36356807947158815,0.20731813311576844,0.09931632727384568,0.008352741971611977,0.31498720236122607
94,0.5213620901107788,0.36689876914024355,0.2180929809808731,0.10443576127290725,0.01805215924978256,0.5318688154220581,0.36737143993377686,0.23802970647811889,0.11355971395969391,0.012376209907233714,0.36396563034504653
95,0.5078862547874451,0.35375218987464907,0.2179016053676605,0.1039963111281395,0.017472915723919867,0.5159403085708618,0.363539457321167,0.22283185720443727,0.10538081377744675,0.009363959170877933,0.33757663015276196
96,0.5205072402954102,0.3622554183006287,0.2245082139968872,0.10710596591234207,0.01608056537806988,0.5060566544532776,0.3546984314918518,0.21913151144981385,0.10444450229406357,0.009680886007845401,0.33325689975172285
97,0.5262544393539429,0.37415301203727724,0.21537846624851226,0.10276165455579758,0.015112723596394062,0.4925165295600891,0.3521705508232117,0.20158993899822236,0.09702471941709519,0.00842556906864047,0.307040227483958
98,0.5259436011314392,0.3737697958946228,0.21376702189445496,0.10232961922883987,0.015891724824905397,0.5138109207153321,0.3452690362930298,0.24375730454921724,0.11605206727981568,0.009426788426935673,0.3692361602559686
99,0.5116476535797119,0.3571059763431549,0.21643622517585753,0.10379242151975632,0.01578976884484291,0.5000504493713379,0.3539188325405121,0.20816385447978974,0.10047044605016708,0.008889429084956647,0.3175237296149135
100,0.5013107359409332,0.35028712153434755,0.20996719598770142,0.10080132633447647,0.016457702778279782,0.48870220184326174,0.34145128130912783,0.21017175614833833,0.10052801966667176,0.009377163276076317,0.32007693909108637
101,0.5184725284576416,0.35977827906608584,0.2213822603225708,0.10541581213474274,0.0171184279024601,0.5190329194068909,0.3627984464168549,0.2218110293149948,0.10566233545541763,0.011532585881650449,0.3390059506520629
102,0.5103756129741669,0.35215415358543395,0.2205968141555786,0.10526841431856156,0.015902580320835115,0.49702697396278384,0.341537207365036,0.22125050723552703,0.1058555468916893,0.008998246677219868,0.3361043008044362
103,0.5261366248130799,0.3694746971130371,0.21812125146389008,0.10402343571186065,0.015411076694726944,0.537335741519928,0.38035189509391787,0.22177023589611053,0.10602575093507767,0.010546787083148957,0.33834277391433715
104,0.5373634457588196,0.375543349981308,0.22374774515628815,0.10629620999097825,0.01796871293336153,0.4985805869102478,0.3431569695472717,0.21922522485256196,0.10470457524061202,0.010240410268306733,0.3341702103614807
105,0.5244445323944091,0.35785932540893556,0.22928427755832673,0.10944509506225586,0.017980813421308993,0.4864524304866791,0.3381031394004822,0.20645066797733308,0.09951224625110626,0.010964816808700562,0.3169277310371399
106,0.5092305302619934,0.3455109417438507,0.22669141590595246,0.10766839683055877,0.015985232964158057,0.5191347002983093,0.37075228691101075,0.20756091177463531,0.10017114728689194,0.008416695892810822,0.31614875495433803
107,0.5120278477668763,0.3498655140399933,0.222356578707695,0.10645666867494583,0.016242702677845954,0.5001348972320556,0.3511136472225189,0.20898807644844056,0.10028686225414277,0.008021891117095947,0.31729682981967927
108,0.5046928942203521,0.34119013547897337,0.2244422107934952,0.1067714050412178,0.016503660753369332,0.5262930750846863,0.36792696118354795,0.22143028676509857,0.1061276376247406,0.008819082286208868,0.33637700667604803
109,0.5172686219215393,0.36037555932998655,0.214093479514122,0.10241573005914688,0.015609952248632908,0.5127198100090027,0.36773056983947755,0.202073872089386,0.09697835892438889,0.007917482685297728,0.3069697136990726
110,0.519262146949768,0.35210774540901185,0.22887692153453826,0.10900001227855682,0.015602928027510643,0.5080694317817688,0.34673091769218445,0.22300131022930145,0.10771937519311905,0.00911768777295947,0.33983837319537996
111,0.5371317148208619,0.3744678258895874,0.2230416089296341,0.10630246549844742,0.01369239091873169,0.5129439115524292,0.35130320191383363,0.22506940960884095,0.10754353553056717,0.008263516426086425,0.3408764615654945
112,0.5139840304851532,0.3561528444290161,0.2142023414373398,0.10227803885936737,0.015143604017794132,0.49878235459327697,0.34469454884529116,0.21135756969451905,0.1017994225025177,0.009888636320829392,0.3230456285178661
113,0.527954387664795,0.3667314350605011,0.2181593269109726,0.10447695553302765,0.014883995242416858,0.48945735692977904,0.33595010638237,0.21221940219402313,0.1012023076415062,0.008686704747378825,0.3221084145829081
114,0.5152629137039184,0.3555608928203583,0.21619226634502411,0.10308777987957,0.014644794538617134,0.5279752016067505,0.3615383684635162,0.2291812151670456,0.1091268464922905,0.01011335700750351,0.34842141866683957
115,0.5388611316680908,0.37759307622909544,0.21806573867797852,0.1039046198129654,0.014416590332984924,0.512867134809494,0.3512116432189941,0.2216841995716095,0.10583265274763107,0.009670881740748882,0.3371877340599894
116,0.5382782459259033,0.374813175201416,0.21920620799064636,0.1047586441040039,0.015701179578900337,0.5139508843421936,0.3539111495018005,0.22070508897304536,0.10465750098228455,0.008357288222759962,0.33371987817808985
117,0.5225473821163178,0.3627068519592285,0.21428619623184203,0.10257606059312821,0.014242957159876824,0.5065987825393676,0.3410979151725769,0.22666430175304414,0.10831066519021988,0.008301570173352956,0.343276537116617
118,0.5149711906909943,0.35387552380561826,0.21574483513832093,0.10303497016429901,0.01428984310477972,0.5132559537887573,0.34312490820884706,0.23339793384075164,0.11085425615310669,0.00838969424366951,0.35264188423752785
119,0.5188459515571594,0.3551541745662689,0.21898482739925385,0.10457427948713302,0.013998215086758137,0.5108251452445984,0.3588735282421112,0.2051166921854019,0.09920198917388916,0.007863730378448962,0.31218241173774003
120,0.5254445672035217,0.355696702003479,0.2263976365327835,0.10781835913658142,0.015188178606331348,0.5090773701667786,0.34465024471282957,0.22302442491054536,0.10665372908115386,0.008495084755122662,0.33817323874682187
121,0.5060790300369262,0.34441025257110597,0.21373372077941893,0.1026245415210724,0.014641371369361878,0.5387080252170563,0.37864944338798523,0.2182198643684387,0.10376977920532227,0.006959141604602337,0.3289487851783633
122,0.502804946899414,0.33750470280647277,0.21899573802947997,0.10467595905065537,0.014378643222153186,0.5100543856620788,0.3670222401618958,0.1930166780948639,0.09249300211668014,0.006886188685894012,0.29239586889743807
123,0.5227095603942871,0.3597878932952881,0.21496550142765045,0.10327497124671936,0.01353033073246479,0.5394206643104553,0.3668562412261963,0.23383548259735107,0.11106264293193817,0.007956478744745255,0.3528546042740345
124,0.502553403377533,0.34510375261306764,0.20645817816257478,0.09938961565494538,0.013716814666986465,0.4893906354904175,0.33954358100891113,0.20025312006473542,0.09630116671323777,0.00776625145226717,0.30432053823024036
125,0.520224416255951,0.3526846349239349,0.22171948552131654,0.1055574044585228,0.013105030730366707,0.5123493373394012,0.3527119100093842,0.21270762681961058,0.10226594060659408,0.008389146998524666,0.3233627144247293
126,0.523634934425354,0.3555364429950714,0.22141740024089812,0.10542291551828384,0.01375676728785038,0.49711690545082093,0.3346732139587402,0.21574296653270722,0.10434049814939499,0.007471961807459593,0.32755542648956176
127,0.5115975677967072,0.3480034351348877,0.21304188668727875,0.10250120311975479,0.013960634358227253,0.4875749349594116,0.3193889379501343,0.22379183769226074,0.1072833240032196,0.00811905339360237,0.3391942150890827
128,0.5170319676399231,0.35126004815101625,0.2153319627046585,0.10307316035032273,0.015147507190704346,0.5226992130279541,0.36857064962387087,0.2031778633594513,0.09773923903703689,0.008751577883958816,0.309668680280447
129,0.5046032786369323,0.3373293697834015,0.2170702487230301,0.10346439927816391,0.015610755421221256,0.48641157150268555,0.332308954000473,0.20133612155914307,0.09728066772222518,0.009754501841962337,0.3083712911233306
130,0.5144280016422271,0.3456542670726776,0.2186513513326645,0.10449204742908477,0.014864701218903065,0.5234747171401978,0.3555979073047638,0.21977465152740477,0.10592764914035797,0.009615428373217582,0.33531772904098034
131,0.4973899364471436,0.3349485039710999,0.20853848457336427,0.10023442506790162,0.015139861218631267,0.5326525688171386,0.36637659668922423,0.21736266314983368,0.10442304760217666,0.009807801805436611,0.33159351255744696
132,0.5116549909114838,0.3441326081752777,0.21636420786380767,0.10329662412405013,0.014211236126720905,0.5193516373634338,0.3682333409786224,0.19596786499023439,0.09492159485816956,0.008922403119504452,0.2998118629679084
133,0.5169279217720032,0.3509420394897461,0.21467814445495606,0.10213596969842911,0.013491080887615681,0.5315727233886719,0.36728662848472593,0.21619949340820313,0.10236102044582367,0.00883200354874134,0.32739251740276815
134,0.5206232368946075,0.34881393909454345,0.22154090106487273,0.10559905767440796,0.013674570061266423,0.4918448984622955,0.3355270743370056,0.20290295779705048,0.09842247664928436,0.007034750934690237,0.3083601853810251
135,0.5137047290802002,0.3448819756507874,0.21626510918140412,0.1035405308008194,0.013781257532536983,0.49008008241653445,0.336284863948822,0.20003031194210052,0.09590446799993516,0.007765127345919609,0.30369990728795526
136,0.523812210559845,0.3547007977962494,0.2166370302438736,0.10337046831846237,0.013631285354495048,0.5189925551414489,0.36237272024154665,0.20282923877239228,0.09773519486188889,0.007430107425898313,0.30799454106017954
137,0.514639961719513,0.3479904532432556,0.21191076338291168,0.10138766169548034,0.014396570809185504,0.5021966874599457,0.34125320315361024,0.20643462836742402,0.09944244921207428,0.00987597219645977,0.31575304977595803
138,0.508924686908722,0.33735374808311464,0.21725217401981353,0.10412282794713974,0.014973003976047039,0.5453367471694947,0.36351617574691775,0.23747465014457703,0.1118791401386261,0.008796844445168973,0.3581506347283721
139,0.5109228551387787,0.33753806352615356,0.21982284784317016,0.10537307858467101,0.013801917620003223,0.5264001250267029,0.35397133231163025,0.2240539014339447,0.10623226165771485,0.007819062285125255,0.33810522537678483
140,0.5130110263824463,0.3458940923213959,0.21063557863235474,0.10125535726547241,0.013767246343195438,0.5174930095672607,0.3486184060573578,0.21578075587749482,0.10291188210248947,0.011088274419307709,0.32978091239929197
141,0.5055197060108185,0.3365690648555756,0.21278080046176912,0.10188864767551423,0.014115639217197894,0.4957001268863678,0.3417766273021698,0.19625728130340575,0.09430519640445709,0.008547523990273476,0.2991100016981363
142,0.530468225479126,0.3601231276988983,0.21488019227981567,0.10219725370407104,0.01424374133348465,0.540480637550354,0.37377905249595644,0.21095330715179444,0.10148541331291198,0.010610853135585786,0.32304957360029224
143,0.517835283279419,0.3499817669391632,0.21014718413352967,0.10051416754722595,0.0144744873046875,0.5234708786010742,0.3604319214820862,0.2072208493947983,0.09948445707559586,0.008578727953135967,0.31528403442353015
144,0.5033686518669128,0.33241329789161683,0.21316122710704805,0.10243183374404907,0.01426620241254568,0.49720072746276855,0.3264993250370026,0.2188148558139801,0.10418615490198135,0.006993172224611044,0.3299941829405725
145,0.5358102560043335,0.3620858728885651,0.21710948050022125,0.10372010171413422,0.014085067249834538,0.5257454514503479,0.35357914566993714,0.2182611793279648,0.10458436608314514,0.008572444133460522,0.33141798954457047
146,0.5052651166915894,0.3435278058052063,0.2014046937227249,0.09645548313856125,0.012943279929459095,0.5528178691864014,0.37847623229026794,0.22273585200309753,0.105563485622406,0.007478567026555538,0.3357779046520591
147,0.5207365810871124,0.35087554454803466,0.21200133860111237,0.1011306256055832,0.012804049625992775,0.5173948049545288,0.33461283445358275,0.231132635474205,0.11074681282043457,0.008164358884096145,0.35004380717873573
148,0.518433952331543,0.34057977199554446,0.2213875323534012,0.10594917088747025,0.012748545221984386,0.5005476653575898,0.3396823287010193,0.20270696580410003,0.09761541336774826,0.006497267633676529,0.3068196468055248
149,0.5026326179504395,0.33387827277183535,0.20893193185329437,0.09987533837556839,0.013234561309218407,0.5043165564537049,0.33696656227111815,0.20927631258964538,0.10082281678915024,0.008325641602277755,0.3184247709810734
150,0.5145193576812744,0.34158310294151306,0.21333165168762208,0.10221321880817413,0.013447105698287488,0.5047471344470977,0.3314474880695343,0.21753128468990326,0.10464657992124557,0.0067873639985918995,0.32896522860974076
151,0.5152914643287658,0.3470865786075592,0.20818067491054534,0.09929065406322479,0.012087333761155606,0.5331311702728272,0.35459914803504944,0.22495245337486267,0.10676715821027756,0.007658395729959011,0.33937800731509926
152,0.5103265464305877,0.3430735170841217,0.20567818880081176,0.09823832362890243,0.012977121025323867,0.5213399410247803,0.366695374250412,0.19153066575527192,0.09286555498838425,0.0071073914878070354,0.2915036122314632
153,0.5086918532848358,0.33778607845306396,0.20895340144634247,0.10014590620994568,0.013640238530933857,0.5328595995903015,0.3678074777126312,0.20444154143333435,0.09857855290174485,0.007828917261213065,0.31084901159629225
154,0.5222063183784484,0.3468877196311951,0.2138230174779892,0.10243465304374695,0.014052928052842617,0.505483877658844,0.33885012865066527,0.20639737844467163,0.09895033091306686,0.008226101100444794,0.3135738104581833
155,0.5232747972011567,0.34961413145065307,0.21139242947101594,0.10112068355083466,0.01401662714779377,0.5149975299835206,0.3543228983879089,0.1983083337545395,0.09539012759923934,0.007617874443531037,0.3013163357973099
156,0.5171401381492615,0.34617230892181394,0.20694496631622314,0.099168661236763,0.014464655332267285,0.5215787768363953,0.345458060503006,0.21731295585632324,0.10381627678871155,0.009005538001656533,0.33013477064669133
157,0.5185641527175904,0.3423498451709747,0.21368800699710847,0.10228564441204072,0.013661248050630093,0.5365916967391968,0.36569735407829285,0.21115763187408448,0.10103130489587783,0.007119039632380008,0.3193079764023423
158,0.5251573026180267,0.3491718113422394,0.21403769552707672,0.1017992377281189,0.013100656308233738,0.5072346687316894,0.34079588651657106,0.20428729057312012,0.09792404472827912,0.007919885963201524,0.31013122126460074
159,0.5102799117565155,0.34143262505531313,0.2035324215888977,0.09763301312923431,0.012981910444796085,0.4914416968822479,0.33210811018943787,0.19418683052062988,0.09391647577285767,0.007331360038369894,0.29543466633185744
160,0.5213918089866638,0.348458468914032,0.20826658308506013,0.09998211413621902,0.012611840851604939,0.5269262194633484,0.3442661464214325,0.2238655686378479,0.1067989557981491,0.008448331616818905,0.33911285605281594
161,0.5179177522659302,0.34136606454849244,0.21281974017620087,0.10134397894144058,0.013359508849680424,0.5068961262702942,0.3378541529178619,0.2047608345746994,0.09834297597408295,0.009532028436660766,0.3126358389854431
162,0.5048894226551056,0.3388195216655731,0.1973673075437546,0.09529905319213867,0.01364771593362093,0.5470283985137939,0.36431722044944764,0.2235182613134384,0.10589413046836853,0.008794166147708893,0.3382065579295158
163,0.5231181979179382,0.34577199816703796,0.21093235313892364,0.10135810673236847,0.01444829422980547,0.5428439378738403,0.35567628741264345,0.22820822298526763,0.10863219201564789,0.008279167860746384,0.34511958286166194
164,0.5275462925434112,0.34928463101387025,0.2128864049911499,0.10188408195972443,0.013101675361394883,0.5472007691860199,0.35934196710586547,0.22751375138759614,0.10942848473787307,0.007611619960516691,0.3445538560859859
165,0.5155593574047088,0.3404848396778107,0.20839352905750275,0.09982449412345887,0.012960314936935901,0.5119307637214661,0.3324222445487976,0.217837393283844,0.10383421033620835,0.007575857639312744,0.32924746125936505
166,0.5138549447059632,0.3419690251350403,0.20401912033557892,0.09752807170152664,0.013246994651854038,0.5537155032157898,0.3809538960456848,0.20698845982551575,0.0998837485909462,0.008315410278737546,0.3151876186951995
167,0.5183958888053894,0.33612690567970277,0.21674565076828003,0.1035044327378273,0.012742993980646133,0.5225077390670776,0.3458790838718414,0.21271152794361115,0.10202740579843521,0.007111186906695366,0.32185012064874174
168,0.506003612279892,0.33316431045532224,0.20324055552482606,0.09800112545490265,0.013098670169711113,0.49874881505966184,0.32984982132911683,0.2017826557159424,0.0970646470785141,0.008070728834718465,0.30691803162917497
169,0.5257017970085144,0.34551942348480225,0.21368860304355622,0.10177039504051208,0.01237044744193554,0.523559319972992,0.35582639575004577,0.20045124590396882,0.09678415507078171,0.006392508652061224,0.30362790962681174
170,0.5189912259578705,0.3432902812957764,0.20638250410556794,0.09900606721639633,0.013049647398293018,0.517967802286148,0.33920407891273496,0.21383473575115203,0.10248689502477645,0.007145968079566955,0.3234675988554954
171,0.4990350782871246,0.32648659944534303,0.20270229279994964,0.09728071987628936,0.011887137219309807,0.5480697154998779,0.3629119336605072,0.22249309718608856,0.10531198829412461,0.007506353314965963,0.3353114387951791
172,0.5076903283596039,0.32769336104393004,0.21069037914276123,0.10090949088335037,0.013219961151480674,0.5243600189685822,0.350365138053894,0.2067468523979187,0.09879050701856613,0.008166899904608727,0.3137042593210936
173,0.5183369755744934,0.33229583501815796,0.2182591289281845,0.10398300588130951,0.013080974481999874,0.5109935164451599,0.3316554009914398,0.2124384254217148,0.10212410390377044,0.007420607097446919,0.32198313642293214
174,0.5041418254375458,0.3284871757030487,0.20475279092788695,0.09843539893627166,0.01193055957555771,0.4631023287773132,0.29327794909477234,0.19968966543674468,0.09659347385168075,0.007477805763483047,0.3037609450519085
175,0.5134282529354095,0.3382496416568756,0.2046399623155594,0.09749988466501236,0.012109458446502686,0.48818144798278806,0.32672563195228577,0.1898462563753128,0.09167333096265792,0.006672560703009367,0.2881921480409801
176,0.502403336763382,0.3299522340297699,0.1994954138994217,0.09593548178672791,0.012586489878594875,0.5092378497123718,0.3210469186306,0.2228304237127304,0.10637032836675644,0.006768583506345749,0.3359693355858326
177,0.5200475692749024,0.3471603035926819,0.2008757323026657,0.09610262364149094,0.01134928036481142,0.5219018816947937,0.3467401504516602,0.20474121868610382,0.09863907545804977,0.008088541682809591,0.31146883582696316
178,0.5199316740036011,0.34491326212882994,0.20123720169067383,0.09683754444122314,0.013080901838839054,0.5218323647975922,0.3364641547203064,0.2183096945285797,0.10378914326429367,0.00772165535017848,0.3298204931430519
179,0.5043151378631592,0.33340023159980775,0.19650317132472991,0.09433725774288178,0.012459023855626583,0.5297173380851745,0.3413194417953491,0.22090491652488708,0.10520586371421814,0.008216087333858013,0.33432686757296326
180,0.5256625175476074,0.3402402222156525,0.21342374682426452,0.102198626101017,0.012782281450927257,0.4952721238136292,0.31854976415634156,0.2066256195306778,0.09863768070936203,0.007398983091115951,0.3126622833311558
181,0.5104623377323151,0.3365189075469971,0.1991395652294159,0.0955336719751358,0.012642467021942138,0.5008261561393738,0.32318641543388366,0.2048911362886429,0.09954415261745453,0.007849977910518646,0.31228526681661606
182,0.5292702913284302,0.3417270302772522,0.2153748244047165,0.10278048366308212,0.012732680141925811,0.5228124260902405,0.327309650182724,0.22672788798809052,0.10894317477941513,0.008061341010034084,0.3437324037775397
183,0.5173474073410034,0.3362362563610077,0.2066884607076645,0.0992425262928009,0.012441329285502433,0.5339269757270813,0.34643822312355044,0.21831929087638854,0.1043587476015091,0.006450300198048353,0.32912833867594604
184,0.5170172929763794,0.3368423402309418,0.20495197772979737,0.09855230152606964,0.012400660663843155,0.5068126261234284,0.3334542214870453,0.19945491552352906,0.0956280618906021,0.008661871775984764,0.3037448491901159
185,0.5251072943210602,0.3447214365005493,0.20468661785125733,0.09831118881702423,0.01268121786415577,0.513609254360199,0.32754690647125245,0.21566841900348663,0.10309383124113083,0.00634238738566637,0.32510463763028385
186,0.5110245883464813,0.334217768907547,0.20093297958374023,0.09623856097459793,0.011642366647720337,0.5134658813476562,0.3422614812850952,0.19682884216308594,0.0949251487851143,0.0061177991330623625,0.2978717900812626
187,0.5047596752643585,0.3239478230476379,0.20425621569156646,0.09836214929819107,0.012115785293281079,0.5217683792114258,0.34281596541404724,0.20597478449344636,0.09856388866901397,0.00670792143791914,0.31124659460037946
188,0.5139245629310608,0.3294605195522308,0.20973817110061646,0.09970411509275437,0.011796762980520726,0.5506643414497375,0.37867916822433473,0.19705210924148558,0.0950486645102501,0.0056898146867752075,0.2977905884385109
189,0.5012028872966766,0.3178933262825012,0.2071082264184952,0.09928649365901947,0.01147230975329876,0.513761568069458,0.32756412625312803,0.21297674775123596,0.10254341065883636,0.00629764050245285,0.32181779891252515
190,0.5023155927658081,0.32431923151016234,0.20045410394668578,0.09614061415195466,0.011366380378603935,0.514316338300705,0.3239182412624359,0.21813694834709169,0.10363364219665527,0.00774479303508997,0.3295153835788369
191,0.5089890837669373,0.329512345790863,0.20127010643482207,0.0966900110244751,0.011803092435002327,0.5387838959693909,0.3492569148540497,0.21700989902019502,0.10346449911594391,0.006329348683357239,0.32680374681949614
192,0.5334819793701172,0.35063445568084717,0.20548231303691863,0.09837935268878936,0.011125882901251317,0.5558334589004517,0.3534229934215546,0.2311173439025879,0.11018051356077194,0.006961747165769338,0.3482596046291292
193,0.49197360277175906,0.31870749592781067,0.19304744601249696,0.09312021434307098,0.01125916950404644,0.5272890567779541,0.36323618292808535,0.18474401533603668,0.0894853338599205,0.006512697972357273,0.28074204716831447
194,0.5029214978218078,0.3236262321472168,0.20012866854667663,0.09623788744211197,0.010814901068806648,0.5141030788421631,0.33672158122062684,0.20023304224014282,0.09629901349544526,0.006784042995423079,0.3033160987310111
195,0.5149965882301331,0.33178295493125914,0.2039522796869278,0.09796609878540039,0.011412321776151656,0.5119983792304993,0.31345675587654115,0.2235577940940857,0.10755201280117035,0.007604094594717026,0.33871390148997305
196,0.5177080631256104,0.3314243495464325,0.20720006227493287,0.0990578517317772,0.012006860598921776,0.5031347751617432,0.32876999378204347,0.19598096013069152,0.09337214678525925,0.008336160331964493,0.2976892672479153
197,0.5241208493709564,0.34153634309768677,0.2025435358285904,0.09690259099006653,0.011759504117071629,0.5363428711891174,0.3390126168727875,0.22165000736713408,0.10649155229330062,0.00701718358322978,0.33515874324366446
198,0.5181995749473571,0.3324909806251526,0.2054332584142685,0.09809054732322693,0.012533002160489559,0.5125222325325012,0.31517245769500735,0.22247497737407684,0.10583239048719406,0.0068346051499247554,0.33514197301119564
199,0.5359144091606141,0.34222893714904784,0.2149833619594574,0.10232102870941162,0.011602145060896874,0.5258247196674347,0.34310226440429686,0.2033733069896698,0.09858712553977966,0.006385510787367821,0.3083459433168173
200,0.5232515275478363,0.3368409931659698,0.2051683098077774,0.09849168956279755,0.011703012138605117,0.5333959341049195,0.3551530301570892,0.19872941970825195,0.09562628418207168,0.006249758880585432,0.30060546277090905
201,0.5226319313049317,0.33356154561042783,0.20889246761798858,0.09965359270572663,0.011719562113285065,0.5262739062309265,0.3422048270702362,0.20587194859981536,0.09836541265249252,0.006709794327616691,0.3109471555799246
202,0.5116133153438568,0.3308049440383911,0.19851908683776856,0.09567779451608657,0.011445893906056881,0.526235568523407,0.3376579165458679,0.21215761303901673,0.1001870334148407,0.007055137865245342,0.31939978431910276
203,0.5069865584373474,0.332855087518692,0.19132612645626068,0.09180619269609451,0.011589656583964825,0.5089379608631134,0.3227327048778534,0.20753278732299804,0.09988296627998353,0.006618355121463537,0.3140341087244451
204,0.5217441439628601,0.33323612809181213,0.20780960023403167,0.09973665028810501,0.01129507701843977,0.5342865109443664,0.3549656391143799,0.19945989847183226,0.09639428853988648,0.006285302992910147,0.30213949000462886
205,0.5199210703372955,0.33090823888778687,0.20845196545124053,0.09967081695795059,0.011922441236674786,0.5216086328029632,0.3294937789440155,0.2134984016418457,0.1027867242693901,0.007857514172792434,0.32414264008402827
206,0.5241913974285126,0.3341639399528503,0.20973921716213226,0.10033470839262008,0.011594129353761673,0.5101384282112121,0.32435410022735595,0.2072879046201706,0.09952318519353867,0.006691950745880604,0.3135030405595899
207,0.5172856092453003,0.33317973613739016,0.20249451100826263,0.09693153649568557,0.012353027239441872,0.517884349822998,0.33707889914512634,0.20006332099437713,0.0968279018998146,0.007904486916959285,0.304795709811151
208,0.4939403414726257,0.3159034788608551,0.1956586331129074,0.09402734339237213,0.011492123641073704,0.5022276997566223,0.3196047008037567,0.20392566323280334,0.09771528095006943,0.006674914993345738,0.3083158591762185
209,0.5175958395004272,0.3342106580734253,0.20268868505954743,0.0967208132147789,0.01117781549692154,0.5144661128520965,0.342697411775589,0.19077000319957732,0.09244692325592041,0.0060275204479694365,0.2892444469034672
210,0.5129994690418244,0.327458930015564,0.20454075336456298,0.09785946011543274,0.011729551292955876,0.5049687623977661,0.32760651111602784,0.19841646850109101,0.09462644457817078,0.006738397385925054,0.29978131046518686
211,0.5126863598823548,0.33300352096557617,0.19744216799736022,0.09481498450040818,0.011781985498964786,0.52159184217453,0.3333049833774567,0.21004288494586945,0.10008146166801453,0.00837648119777441,0.3185008278116584
212,0.5112259685993195,0.3290133237838745,0.2002285897731781,0.09657887667417527,0.011084632575511932,0.5259643435478211,0.3455403745174408,0.20131959319114684,0.09630693048238755,0.007178427651524544,0.3048049513250589
213,0.5059053063392639,0.32705185413360593,0.1967836946249008,0.0946244552731514,0.01103104930371046,0.5061941385269165,0.32026357054710386,0.2088181585073471,0.09922164529561997,0.006363279931247234,0.31440308373421433
214,0.5207719564437866,0.33730648159980775,0.2028713494539261,0.09671221524477006,0.01120947878807783,0.5180046796798706,0.3240754544734955,0.2164772629737854,0.1035611554980278,0.007554318755865097,0.3275927372276783
215,0.5082245528697967,0.3292441129684448,0.19644191563129426,0.09457005262374878,0.011667249538004399,0.5371710896492005,0.3396260738372803,0.220001021027565,0.10559346079826355,0.007902232091873884,0.33349671391770247
216,0.4919727623462677,0.31375601291656496,0.19649378955364227,0.09408897906541824,0.011060485802590846,0.5345943212509155,0.32905768752098086,0.23125419914722442,0.10919302701950073,0.007683823816478252,0.34813104998320343
217,0.5057022631168365,0.32731871008872987,0.19656829833984374,0.09412268549203873,0.01126710083335638,0.5469940781593323,0.36574736833572385,0.20260545313358308,0.09734392315149307,0.005721176229417324,0.30567055251449343
218,0.5134856343269348,0.3377696931362152,0.19368889331817626,0.0929714098572731,0.010537994280457496,0.526878297328949,0.34473130106925964,0.20217027366161347,0.09748956561088562,0.007578638195991516,0.3072384774684906
219,0.4995711505413055,0.3154064118862152,0.2031900852918625,0.09716329723596573,0.011450831033289432,0.5355881214141845,0.34306177496910095,0.21558357477188111,0.10325627624988556,0.006073186825960875,0.32491303784772757
220,0.5016657292842865,0.3244295001029968,0.19557527601718902,0.09374534338712692,0.010521549172699452,0.5103826403617859,0.3276123106479645,0.20401883423328399,0.09783580750226975,0.006654008291661739,0.3085086500272155
221,0.49139769077301027,0.3122922956943512,0.19684228003025056,0.09470738917589187,0.011322169564664364,0.543928074836731,0.3563755989074707,0.20971974432468415,0.1004771575331688,0.0063748168759047985,0.3165717187337578
222,0.519864535331726,0.3452518403530121,0.1926999270915985,0.09252385199069976,0.010017729364335537,0.5211025595664978,0.33495607376098635,0.20840806961059571,0.09987181425094604,0.005822819098830223,0.31410270296037196
223,0.5109588623046875,0.3332577168941498,0.19589249789714813,0.09400210827589035,0.010684079863131047,0.5276114344596863,0.34585356116294863,0.20242717266082763,0.09744430035352707,0.006685402058064937,0.30655687507241963
224,0.5092705130577088,0.3302208185195923,0.19681388437747954,0.09484677314758301,0.010954728350043297,0.5211930990219116,0.33890690207481383,0.20421487987041473,0.09786542356014252,0.005469714011996985,0.3075500174425542
225,0.521630871295929,0.33561484813690184,0.20524561703205108,0.098354172706604,0.011127191409468652,0.54400674700737,0.35535568594932554,0.2111205369234085,0.10086476057767868,0.006676151417195797,0.31866144891828296
226,0.505299425125122,0.32859830260276796,0.19455440938472748,0.0935718297958374,0.010615078918635844,0.5205778360366822,0.34373331665992735,0.19663954973220826,0.09509970247745514,0.0061779551208019255,0.29791720733046534
227,0.4954373002052307,0.3155547618865967,0.19835756421089173,0.0950462505221367,0.0109865453094244,0.49473177790641787,0.31943495869636535,0.19544229209423064,0.09416302889585496,0.0059137893840670586,0.2955191103741527
228,0.5080248594284058,0.32365972399711607,0.2047672003507614,0.09729199558496475,0.010332543961703777,0.5123505353927612,0.3225631654262543,0.2130368322134018,0.1011454775929451,0.0068543808534741405,0.321036690659821
229,0.49269810914993284,0.31997804045677186,0.19053746461868287,0.09112489223480225,0.010760368220508099,0.5347319662570953,0.35371758937835696,0.20202638804912568,0.09768694490194321,0.005033779889345169,0.30474711284041406
230,0.513484799861908,0.33082103729248047,0.2017631322145462,0.09664465487003326,0.010627679340541363,0.53609299659729,0.35289466977119444,0.20536052584648132,0.09779200106859207,0.0065242059528827666,0.30967673286795616
231,0.4982654392719269,0.3218029081821442,0.19426687061786652,0.0934585377573967,0.0105944799259305,0.555636715888977,0.36006104946136475,0.21921469867229462,0.10473130792379379,0.006316925771534443,0.33026293236762283
232,0.5079786300659179,0.3225283920764923,0.20518433153629304,0.09786148816347122,0.01103002466261387,0.5205705761909485,0.34024614095687866,0.20024792850017548,0.09638327658176422,0.007683941163122654,0.30431514624506234
233,0.49530406594276427,0.3174094557762146,0.1958261102437973,0.09403031766414642,0.011067689023911953,0.5177404463291169,0.33953177332878115,0.19946840405464172,0.0955273762345314,0.005787808075547218,0.30078358836472036
234,0.48897488713264464,0.3169763803482056,0.18908123075962066,0.09100658297538758,0.010718840733170509,0.518950617313385,0.34557069540023805,0.19330544173717498,0.09315185248851776,0.005811735056340694,0.29226902928203347
235,0.5036790132522583,0.32914537787437437,0.19290501177310942,0.09244421720504761,0.009854809753596783,0.5116418957710266,0.33785860538482665,0.19380689561367034,0.09336002320051193,0.005801089666783809,0.2929680084809661
236,0.5133248746395112,0.33807345032691954,0.19353776574134826,0.09258216619491577,0.010508297011256218,0.5154924035072327,0.3316596031188965,0.2061491549015045,0.09848573058843613,0.005774773191660643,0.3104096586816013
237,0.5113852679729461,0.33241105675697324,0.1979030430316925,0.0947362869977951,0.010153407603502274,0.5286621809005737,0.33920940160751345,0.21182898581027984,0.10135251879692078,0.0067373750731348995,0.3199188796803355
238,0.5082120835781098,0.32366871237754824,0.20323411822319032,0.09759033173322677,0.011318759433925152,0.5253901839256286,0.3364469826221466,0.2113086313009262,0.10166251361370086,0.005514499545097351,0.31848564445972444
239,0.49909521341323854,0.32570244669914244,0.19054121673107147,0.09202376157045364,0.010305022634565831,0.5141336381435394,0.3342239499092102,0.2004308819770813,0.09637803137302399,0.006718595884740353,0.3035275092348456
240,0.5146914303302765,0.3399062633514404,0.1928955763578415,0.09243152439594268,0.010390834696590901,0.5212730169296265,0.3462213933467865,0.19468903839588164,0.09431541860103607,0.005721159465610981,0.29472561646252865
241,0.4913260996341705,0.31238871812820435,0.19683174192905425,0.09477003663778305,0.010869273543357849,0.48313873410224917,0.30300325751304624,0.2016587495803833,0.09636742770671844,0.006209107115864754,0.3042352844029665
242,0.5014081478118897,0.3265723466873169,0.1931283324956894,0.09226664155721664,0.010635647922754288,0.5287569880485534,0.35485543608665465,0.193887397646904,0.09355470538139343,0.005583763681352138,0.2930258667096496
243,0.49231982231140137,0.3172640860080719,0.19251832365989685,0.09261495620012283,0.010866899974644184,0.5035106420516968,0.32106976509094237,0.2038644552230835,0.09745593965053559,0.006878298707306385,0.30819869358092544
244,0.49813966155052186,0.3225273907184601,0.19326923787593842,0.0929902046918869,0.01062871254980564,0.5146957635879517,0.33120580315589904,0.20613711476325988,0.09842729270458221,0.005215607024729252,0.3097800144925713
245,0.5029847860336304,0.32568868398666384,0.19581497609615325,0.09365576654672622,0.010628652200102806,0.48493492603302,0.3142619550228119,0.19110817611217498,0.09144922941923142,0.005560929793864489,0.28811833532527087
246,0.5011261105537415,0.32474434971809385,0.19440636336803435,0.09355134814977646,0.010135720483958721,0.5185194849967957,0.3432317912578583,0.19644300639629364,0.09389154314994812,0.00563784297555685,0.29597239252179863
247,0.4957811415195465,0.3211859166622162,0.19246603846549987,0.09234919250011445,0.010519235581159591,0.49025997519493103,0.318380868434906,0.1917245239019394,0.09198309928178787,0.006412400584667921,0.2901200237683952
248,0.48953417539596555,0.31550389528274536,0.19217332303524018,0.09207061827182769,0.01018067542463541,0.5092510938644409,0.3324963808059692,0.19777979850769042,0.09465724229812622,0.005971047095954418,0.2984080879017711
249,0.492613422870636,0.3148268938064575,0.19641884565353393,0.09423471987247467,0.009968511573970319,0.4959352672100067,0.314627081155777,0.20303885042667388,0.0973276063799858,0.005530063062906265,0.30589651986956595
250,0.48984606862068175,0.31406397819519044,0.19400498569011687,0.09315734654664994,0.010045486502349377,0.5180000782012939,0.3254003942012787,0.21597618758678436,0.10327419638633728,0.00586994718760252,0.3251203311607242
251,0.4897806763648987,0.31196204423904417,0.19590829014778138,0.09408637583255768,0.010737874545156956,0.5231093287467956,0.3423274278640747,0.20151761472225188,0.09651117026805878,0.007327415980398655,0.3053562009707093
252,0.5002231657505035,0.32542107701301576,0.19234079718589783,0.09244058281183243,0.010850382968783379,0.5341529726982117,0.346001011133194,0.21107761859893798,0.10055723041296005,0.006327334605157375,0.3179621836170554
253,0.49398836493492126,0.3242434024810791,0.18706124722957612,0.08974122107028962,0.010358461178839207,0.5181120872497559,0.33933655023574827,0.19988470375537873,0.09592707306146622,0.005789177678525448,0.3016009544953704
254,0.4998678922653198,0.3291546106338501,0.1877239912748337,0.09061227738857269,0.010022804699838161,0.5304731607437134,0.3531008303165436,0.19844164252281188,0.09500580281019211,0.005979736521840096,0.29942718185484407
255,0.47614355087280275,0.2995909571647644,0.19479784667491912,0.09342550188302993,0.010415908321738243,0.4944343566894531,0.3247602343559265,0.18918599486351012,0.09059751778841019,0.006804428808391094,0.2865879414603114
256,0.5054917454719543,0.3291999638080597,0.19365639984607697,0.09324314147233963,0.01117217969149351,0.5346838116645813,0.3559014558792114,0.19936178028583526,0.09615736901760101,0.005760525120422244,0.3012796744238585
257,0.5023699462413788,0.32823590040206907,0.19222188591957093,0.09219543784856796,0.010099698416888713,0.5164564967155456,0.33948801159858705,0.1976376712322235,0.09524848014116287,0.005329864379018545,0.2982160157524049
258,0.4869480311870575,0.31425969004631044,0.1900562673807144,0.09161621034145355,0.010099266469478608,0.5277433156967163,0.34249001145362856,0.20700353085994722,0.09936765134334564,0.006168466806411743,0.3125396490097046
259,0.5027342855930328,0.3212461471557617,0.20000928938388823,0.09601553976535797,0.010937756672501565,0.5075730919837952,0.31919742822647096,0.209934264421463,0.10086055099964142,0.0070827859453856945,0.3178776013664901
260,0.48051724433898924,0.30502046942710875,0.1929335981607437,0.0928444281220436,0.010957803018391133,0.5298156857490539,0.3402243673801422,0.21436240375041962,0.1007044181227684,0.006283919699490071,0.32135074157267807
261,0.49859378337860105,0.3204076409339905,0.19616977274417877,0.09401433318853378,0.01140777487307787,0.5356354355812073,0.3351545214653015,0.2249278962612152,0.10755468606948852,0.005910126026719809,0.3383927083574235
262,0.5001733779907227,0.3223128080368042,0.19559043645858765,0.09428140372037888,0.010685979016125202,0.52317955493927,0.33662391901016236,0.20859354436397554,0.09990930259227752,0.006417807191610336,0.3149206541478634
263,0.49246603846549986,0.31307449340820315,0.19855241775512694,0.09519238173961639,0.00955638699233532,0.5095938801765442,0.3240139424800873,0.2075684130191803,0.09951834082603454,0.006068414356559515,0.31315516820177436
264,0.4912401795387268,0.31668919920921323,0.1925315737724304,0.09247180223464965,0.010133094526827336,0.5201037406921387,0.3241575360298157,0.2191167801618576,0.10503535717725754,0.006528207845985889,0.33068034518510103
265,0.4975216627120972,0.3242577791213989,0.1908995807170868,0.09170555025339126,0.010396945290267467,0.49478472471237184,0.3124583959579468,0.20387594103813172,0.09796565026044846,0.005620633717626333,0.3074622250162065
266,0.48746457695961,0.31504579186439513,0.1899512827396393,0.09149217754602432,0.009892175905406475,0.5322417199611664,0.33441300988197326,0.22371684908866882,0.10569981783628464,0.005284247640520334,0.3347009145654738
267,0.48224841952323916,0.3093652129173279,0.1905209332704544,0.09162115156650544,0.01010735221207142,0.5166737377643585,0.3413076639175415,0.19572385251522065,0.09419781267642975,0.005757507029920816,0.29567917222157125
268,0.4906044602394104,0.3115247547626495,0.19760852456092834,0.09490979015827179,0.010252984799444675,0.49323925375938416,0.302050518989563,0.21444812417030334,0.10242053717374802,0.005977913551032543,0.3228465748950839
269,0.5032522976398468,0.324706095457077,0.19720999002456666,0.09442012310028076,0.010484157130122185,0.5348798513412476,0.3345359444618225,0.22486126124858857,0.10795300900936126,0.004892765264958143,0.337707035522908
270,0.5021273136138916,0.32255945801734925,0.19866005182266236,0.09531265050172806,0.009582344070076942,0.5181658625602722,0.33399847745895384,0.20617473423480986,0.09882522523403167,0.005744527280330658,0.31074448674917216
271,0.4972972393035889,0.323862761259079,0.19122456312179564,0.0919205904006958,0.010048101283609867,0.5139964640140533,0.33666087985038756,0.19863319098949433,0.09538864195346833,0.004987346194684506,0.2990091791376472
272,0.4756443977355957,0.30635825991630555,0.18568125367164612,0.089743871986866,0.010539524629712105,0.4914346277713776,0.3100228011608124,0.20525228679180146,0.09638528674840927,0.005851232260465622,0.30748880580067633
273,0.49642195701599123,0.32171693444252014,0.19288428127765656,0.09249740391969681,0.010107799433171749,0.5109101235866547,0.33587866425514223,0.19531314373016356,0.09396179616451264,0.005888786725699901,0.29516372662037615
274,0.49385719895362856,0.3179756999015808,0.19465524554252625,0.09309969544410705,0.00983943622559309,0.5105575621128082,0.3207194685935974,0.21299917697906495,0.10187382847070695,0.005529174953699112,0.320402180403471
275,0.4819445490837097,0.3048736572265625,0.1953589826822281,0.09382308274507523,0.010208405368030072,0.47220513224601746,0.3055212914943695,0.18533338010311126,0.08955240249633789,0.005996158253401518,0.2808819408528507
276,0.4989550292491913,0.32330575585365295,0.19406920671463013,0.09308003187179566,0.009883121214807033,0.5010878801345825,0.3204889953136444,0.20223234295845033,0.09671441316604615,0.005983063206076622,0.3049298193305731
277,0.4958093106746674,0.3124124050140381,0.20297968685626983,0.09716614186763764,0.010077773965895176,0.53347749710083,0.34869142174720763,0.20737600326538086,0.09926548451185227,0.005140331573784351,0.31178181935101745
278,0.49076218008995054,0.32039501070976256,0.1879906326532364,0.090435329079628,0.0094711534678936,0.5111053228378296,0.3374387860298157,0.1932154953479767,0.0936475619673729,0.0054656054824590685,0.2923286627978086
279,0.4818215548992157,0.3114554286003113,0.187875834107399,0.09044399261474609,0.009543582424521446,0.5463484764099121,0.35148987770080564,0.21876112818717958,0.10418002605438233,0.006348264496773481,0.3292894187383354
280,0.49627238512039185,0.3269835412502289,0.18590344190597535,0.08988686054944992,0.010081207565963268,0.48869835734367373,0.3154781341552734,0.1934691220521927,0.09280984252691268,0.0060454802587628365,0.29232444483786824
281,0.49149399995803833,0.3146911561489105,0.1953678697347641,0.0939726933836937,0.009366015158593654,0.5101255536079407,0.3256994426250458,0.2069347769021988,0.09931997060775757,0.004664483852684498,0.3109192313626409
282,0.4843135952949524,0.31440313458442687,0.1878652662038803,0.09011076986789704,0.00930714625865221,0.48565288782119753,0.31266369223594664,0.1925160527229309,0.09339349269866944,0.005178544390946627,0.29108808981254697
283,0.4903692126274109,0.31365817189216616,0.1953311800956726,0.09376315176486968,0.009630833379924297,0.5012935757637024,0.32947575449943545,0.19164998233318328,0.0925155058503151,0.005284644942730665,0.2894501331262291
284,0.48771512508392334,0.3051048517227173,0.20192142724990844,0.09665121734142304,0.010380995087325573,0.5383184313774109,0.34951174855232237,0.21071596145629884,0.10154174417257308,0.005957095138728619,0.3182148007676005
285,0.4861706972122192,0.32185318470001223,0.1807584285736084,0.08729366660118103,0.009440953470766544,0.5113078474998474,0.3243311643600464,0.21010428965091704,0.10005959421396256,0.005750678665935993,0.31591456253081557
286,0.4866207897663116,0.31687629222869873,0.18706199228763581,0.08961469829082488,0.010609982721507549,0.5134189665317536,0.33762213587760925,0.1958246648311615,0.09438303411006928,0.00616783406585455,0.2963755330070853
287,0.4861935436725616,0.31107417345046995,0.19327324628829956,0.09283526092767716,0.009949623979628086,0.5164016544818878,0.3437302649021149,0.19187068045139313,0.09316437542438508,0.005517414025962353,0.29055246990174055
288,0.48769928216934205,0.31543970108032227,0.19013107419013978,0.09141907095909119,0.009576169960200786,0.5099305093288422,0.33401798009872435,0.19761210381984712,0.09425770044326783,0.0052199531346559525,0.2970897573977709
289,0.4780690550804138,0.3065647065639496,0.1888742059469223,0.09114743322134018,0.00961443204432726,0.5346534371376037,0.33537023663520815,0.22477077841758727,0.10688445419073105,0.004980877414345742,0.336636110022664
290,0.4900166094303131,0.3166720688343048,0.19107941091060637,0.09196852594614029,0.00988846831023693,0.4900253891944885,0.3088251054286957,0.20208546817302703,0.09702501446008682,0.006682182010263204,0.30579266464337707
291,0.48049970269203185,0.3057078838348389,0.19274596273899078,0.09267962425947189,0.010027575306594372,0.5270873785018921,0.35857242345809937,0.18861182928085327,0.09056557118892669,0.005009288527071476,0.28418668899685146
292,0.4776475191116333,0.306019926071167,0.1890726715326309,0.09109541475772857,0.009806220792233944,0.5469882845878601,0.35748849511146547,0.21259727478027343,0.10146839618682861,0.005984972417354584,0.3200506433844566
293,0.49510178565979,0.3184486150741577,0.19606612920761107,0.0935629740357399,0.009327509813010693,0.530029022693634,0.3297930836677551,0.22520491778850554,0.10706043690443039,0.006187025364488364,0.3384523800574243
294,0.4836570262908936,0.317758584022522,0.1824347734451294,0.08804206103086472,0.009764969907701015,0.523070228099823,0.34748734831809996,0.19575096368789674,0.09424301236867905,0.006079020164906979,0.29607299622148275
295,0.47337578535079955,0.30344541668891906,0.18676359653472902,0.09020980298519135,0.010030259564518928,0.48825209140777587,0.30062814354896544,0.21039475798606871,0.10049667954444885,0.0059387490153312685,0.3168301865458488
296,0.48168557286262514,0.3144214153289795,0.1845474511384964,0.08881182223558426,0.009266692958772183,0.4861020028591156,0.31288936734199524,0.19448616802692414,0.09297183901071548,0.004892668314278125,0.2923506753519178
297,0.4798786461353302,0.3065231263637543,0.19140204191207885,0.09212573319673538,0.009337939694523812,0.49566456079483034,0.31415375471115115,0.20430636405944824,0.0971961960196495,0.005184044502675534,0.30668660458177327
298,0.47625831365585325,0.3095522463321686,0.18351069390773772,0.08844958543777466,0.009704389236867427,0.5114939570426941,0.34040109515190126,0.1894975036382675,0.09251728653907776,0.0055531634017825125,0.2875679535791278
299,0.4957523703575134,0.3322064518928528,0.17940907776355744,0.08684015572071076,0.009884255938231945,0.5384661436080933,0.34371490478515626,0.21902110874652864,0.10461795926094056,0.005049664340913296,0.32868873234838253
300,0.4870792806148529,0.3113958537578583,0.19401289224624635,0.09311424195766449,0.009928053431212901,0.4873516023159027,0.3061938345432281,0.20233254432678222,0.09739363789558411,0.00566219687461853,0.3053883790969849
301,0.49654495120048525,0.3228508234024048,0.19171667695045472,0.09234724640846252,0.00932039823383093,0.5039405226707458,0.32889379262924195,0.1952900320291519,0.09411606937646866,0.005629344191402197,0.29503544559702277
302,0.4792351484298706,0.30582977533340455,0.19125252664089204,0.09192076325416565,0.009967197850346565,0.5107601761817933,0.3324702322483063,0.2002088248729706,0.09578103274106979,0.004850792419165373,0.30084065003320576
303,0.479545795917511,0.3021751821041107,0.19564685821533204,0.09414372444152833,0.009936307556927204,0.5308478713035584,0.33871238231658934,0.21619063913822173,0.10272900909185409,0.00586040299385786,0.32478005122393366
304,0.4672557234764099,0.3043614745140076,0.1795686036348343,0.08647532314062119,0.009182938747107983,0.49945786595344543,0.32146419286727906,0.1993215411901474,0.09587539583444596,0.004779327986761927,0.2999762650113553
305,0.48455938696861267,0.3104423642158508,0.19338250756263733,0.09226342439651489,0.009001209773123265,0.5261775970458984,0.33715968728065493,0.21226755380630494,0.10164395570755005,0.004933841153979301,0.3188453506678343
306,0.47338661551475525,0.30447325110435486,0.18617211580276488,0.08979651182889939,0.009296010620892048,0.509712678194046,0.33939808011054995,0.19125609397888182,0.0912504494190216,0.005123438499867916,0.28762998189777134
307,0.49122118949890137,0.315732741355896,0.19388934969902039,0.09317084699869156,0.009523733332753182,0.5098717689514161,0.33183321356773376,0.1996462345123291,0.09559625238180161,0.005167587567120791,0.30041007446125145
308,0.47164565324783325,0.30501282811164854,0.18419721722602844,0.08821764886379242,0.00947257485240698,0.47867180705070494,0.3170464813709259,0.18068476617336274,0.08669303953647614,0.005316755920648575,0.27269456163048744
309,0.46869478821754457,0.3040552020072937,0.18092790246009827,0.0875157818198204,0.009505278058350086,0.5095450818538666,0.33035768866539,0.20180026590824127,0.09594681560993194,0.005040959361940623,0.3027880408801138
310,0.48306597471237184,0.30876246094703674,0.1928781419992447,0.09249499291181565,0.009314516372978688,0.4995133697986603,0.3047948658466339,0.21909155547618867,0.10418561398983002,0.005792555306106806,0.3290697247721255
311,0.4575643420219421,0.2947920083999634,0.1789461076259613,0.08641763925552368,0.009552500024437905,0.5319172739982605,0.3393183708190918,0.21626133620738983,0.10313591510057449,0.005916895251721144,0.32531414655968544
312,0.476055896282196,0.3093667387962341,0.18354541361331939,0.08860634714365005,0.009329276159405708,0.5105697274208069,0.3353933751583099,0.1949194222688675,0.09439548254013061,0.005626209080219269,0.2949411138892174
313,0.46849009990692136,0.3042745888233185,0.18050960302352906,0.08720919638872146,0.00960494987666607,0.500880753993988,0.32966396808624265,0.1919531524181366,0.0920770063996315,0.004717022459954023,0.28874718127772214
314,0.47583299279212954,0.30472131371498107,0.18848502933979033,0.09094306975603103,0.009549197368323803,0.5129790484905243,0.32985166907310487,0.20509900748729706,0.09793449938297272,0.006306510325521231,0.30934001719579096
315,0.4825500905513763,0.3155502676963806,0.18369792103767396,0.08862984627485275,0.009781617857515811,0.4989224553108215,0.3208084166049957,0.1985730618238449,0.0960291489958763,0.005311313085258007,0.2999135239049792
316,0.48005051612854005,0.3141748011112213,0.1828416705131531,0.08827721029520035,0.008923651464283467,0.5243731021881104,0.3411150574684143,0.20504359900951385,0.09829568862915039,0.00588984452188015,0.3092291321605444
317,0.47662214636802674,0.3122636675834656,0.18031542599201203,0.08743014633655548,0.009604312106966972,0.4831290602684021,0.3125563621520996,0.19135347306728362,0.0915535032749176,0.004955598711967468,0.2878625750541687
318,0.47956172227859495,0.31610655784606934,0.17983698844909668,0.08683509081602096,0.009370564855635167,0.5341066598892212,0.36036643385887146,0.1950814038515091,0.09334318488836288,0.00472900066524744,0.29315358940511943
319,0.4728283166885376,0.309091192483902,0.18092837631702424,0.08693390339612961,0.008863731659948826,0.5212301135063171,0.34629496932029724,0.19523244798183442,0.0942265436053276,0.00523129254579544,0.2946902841329575
320,0.4813188314437866,0.3125626266002655,0.18594786524772644,0.089537113904953,0.009679884277284145,0.5268869400024414,0.34234930872917174,0.20706867575645446,0.09912102818489074,0.005178233794867993,0.3113679377362132
321,0.49302878975868225,0.31581430435180663,0.19589355289936067,0.09409399181604386,0.009526157192885876,0.5063507080078125,0.3286983370780945,0.19835749864578248,0.09539564549922944,0.005827471148222685,0.2995806152932346
322,0.48295226097106936,0.31198301911354065,0.18884196877479553,0.09064660668373108,0.00957170147448778,0.49369025230407715,0.31317877769470215,0.2018634170293808,0.09698590934276581,0.005560417380183935,0.30440974375233054
323,0.4825549960136414,0.31185489892959595,0.18833809494972228,0.09072045683860779,0.009288797155022621,0.5196758568286896,0.32110643982887266,0.22451285719871522,0.10602274239063263,0.0054830703884363174,0.3360186699777842
324,0.47922868132591245,0.3085110068321228,0.18894698917865754,0.09035358875989914,0.009570548310875893,0.5254205584526062,0.3376264274120331,0.21111091375350952,0.10068536847829819,0.005328711122274399,0.3171249933540821
325,0.4742590129375458,0.308322548866272,0.18288772702217101,0.08820347487926483,0.00915578417479992,0.4856748402118683,0.30737960934638975,0.20111250579357148,0.09518711119890214,0.005326200556010008,0.30162581754848367
326,0.48221307396888735,0.307713121175766,0.1927473783493042,0.09245688170194626,0.009888243861496449,0.5110198557376862,0.33771206736564635,0.19370067715644837,0.0930796056985855,0.005495823174715042,0.2922761060297489
327,0.4758713901042938,0.30833277106285095,0.1856494963169098,0.08886510282754898,0.008827401604503394,0.5062355279922486,0.32584344744682314,0.20299073457717895,0.09664917439222336,0.005093233846127987,0.30473314281553027
328,0.46531036496162415,0.30024378895759585,0.1821598470211029,0.08769606500864029,0.009013153426349164,0.5188126564025879,0.3453260242938995,0.194016432762146,0.09303657412528991,0.005687003768980503,0.2927400106564164
329,0.46502270102500914,0.30179253220558167,0.1798977792263031,0.08672212064266205,0.00909784883260727,0.5076348304748535,0.33122220635414124,0.19678456485271453,0.0950588658452034,0.005279903952032328,0.2971233346499503
330,0.4823109328746796,0.319664740562439,0.17940099835395812,0.0864198461174965,0.008931881189346314,0.5095619678497314,0.3294656991958618,0.2004317820072174,0.09713164418935775,0.005583818163722753,0.30314724436029794
331,0.4698973298072815,0.3030109405517578,0.1845609188079834,0.08861705064773559,0.008889936096966266,0.47349185943603517,0.3054757952690125,0.18721024692058563,0.0908436045050621,0.004576754942536354,0.2826306063681841
332,0.47647370100021363,0.30041531324386594,0.19482021331787108,0.09354834109544755,0.009163939766585827,0.4682884216308594,0.3038280427455902,0.18433511555194854,0.088441301882267,0.0045700384303927425,0.27734645586460827
333,0.4898817777633667,0.323484343290329,0.18364624679088593,0.08832211047410965,0.009233650937676429,0.5268775463104248,0.32754766941070557,0.2242778331041336,0.10680956095457077,0.005618384946137667,0.336705779004842
334,0.4657812356948853,0.3013852536678314,0.1811007648706436,0.0873205989599228,0.00927013885229826,0.507863050699234,0.3178084135055542,0.2141694575548172,0.10180058628320694,0.0051725092343986034,0.32114255307242273
335,0.47174330353736876,0.30853604674339297,0.18091401755809783,0.08647978454828262,0.0087237149477005,0.5075600504875183,0.3331124007701874,0.19471178948879242,0.09386653751134873,0.0053927313536405565,0.2939710583537817
336,0.4661301612854004,0.29550695419311523,0.18885772824287414,0.09075043499469757,0.008659370802342891,0.5020162880420684,0.330338317155838,0.19142315089702605,0.0928101047873497,0.004597231186926365,0.2888304868713021
337,0.48382124304771423,0.31476897597312925,0.1870645821094513,0.08988627195358276,0.008680317550897598,0.4956079423427582,0.33240286111831663,0.18168334662914276,0.08838506042957306,0.004293348267674446,0.2743617553263903
338,0.46827409863471986,0.29670015573501585,0.18907500207424163,0.09141167402267455,0.009064515866339207,0.4770074665546417,0.31826522946357727,0.17663179337978363,0.08580464869737625,0.0045697296969592575,0.2670061717741191
339,0.4514495074748993,0.28724690675735476,0.18106223344802858,0.08726629018783569,0.00902284011244774,0.5068011343479156,0.32990599870681764,0.19891151487827302,0.09510201513767243,0.00445708236657083,0.29847061238251626
340,0.46670334339141845,0.3025333881378174,0.18094977140426635,0.08733702003955841,0.008906024694442748,0.48814586400985716,0.3198850333690643,0.18773853182792663,0.09083394706249237,0.004662962444126606,0.28323544133454565
341,0.4738060116767883,0.31242401003837583,0.17803134620189667,0.0856485441327095,0.009041829407215119,0.49071289896965026,0.3240025579929352,0.18655289113521575,0.08960340172052383,0.004971582256257534,0.28112787511199716
342,0.47348310351371764,0.3064756691455841,0.18415531218051912,0.08894604444503784,0.008798507042229176,0.49596384167671204,0.31546502709388735,0.20181043446063995,0.0973523274064064,0.004844631999731064,0.30400739386677744
343,0.4798428058624268,0.3071984648704529,0.19144672453403472,0.09147444367408752,0.0091824134811759,0.4959695219993591,0.3173073410987854,0.20061472356319426,0.09595910757780075,0.00491437865421176,0.30148820979520674
344,0.4652667880058289,0.30414029359817507,0.17749910950660705,0.08586920350790024,0.008515285048633813,0.501824152469635,0.33644369840621946,0.18469667434692383,0.08886683881282806,0.005269849114120007,0.2788333622738719
345,0.4614356279373169,0.3039234161376953,0.17304430902004242,0.08382830321788788,0.008932367619127034,0.526776111125946,0.33953343629837035,0.21054121851921082,0.10066837221384048,0.0047156086191535,0.3159251993522048
346,0.4713116228580475,0.3039188027381897,0.18439000546932222,0.0890297457575798,0.009214149229228497,0.49875742197036743,0.3165692567825317,0.20458635985851287,0.09824146628379822,0.004224314447492361,0.30705214058980346
347,0.4689510464668274,0.3039040923118591,0.18245406746864318,0.08757771104574204,0.008975234162062407,0.4958779692649841,0.3063287019729614,0.2129258006811142,0.10178409963846206,0.005189709272235632,0.31989960959181185
348,0.475562059879303,0.3055250644683838,0.18770428001880646,0.09038898199796677,0.009132602252066135,0.49324263334274293,0.31047381162643434,0.2053551822900772,0.09801799952983856,0.00521743968129158,0.30859062150120736
349,0.4621679663658142,0.3021938681602478,0.17620790302753447,0.08503759056329727,0.008906655199825763,0.5036622762680054,0.3159619867801666,0.21196167171001434,0.10063585937023163,0.004559507034718991,0.31715703811496493
350,0.45738610029220583,0.2974068343639374,0.1761551171541214,0.0852050542831421,0.008624324388802052,0.5244398534297943,0.336237370967865,0.21311378479003906,0.10025151371955872,0.005410863365978002,0.3187761618755758
351,0.4563526093959808,0.29795598387718203,0.17435575127601624,0.08429718911647796,0.008714275248348714,0.5031052827835083,0.32751325964927674,0.19750093817710876,0.09400368481874466,0.00517589058727026,0.2966805135831237
352,0.4656753182411194,0.2929203867912292,0.19161847829818726,0.09161863178014755,0.008977802656590938,0.4827390253543854,0.2981294929981232,0.2071702688932419,0.09939888119697571,0.0046850452199578285,0.3112541953101754
353,0.4622786343097687,0.2938186228275299,0.18537649810314177,0.0897006407380104,0.009217526577413083,0.4930717170238495,0.32758820056915283,0.1855371594429016,0.08905902355909348,0.004419241193681955,0.27901542419567704
354,0.4730571508407593,0.31458582878112795,0.17474858462810516,0.08444976806640625,0.008244224544614553,0.5000174760818481,0.32681885957717893,0.19487485587596892,0.09291168302297592,0.004673947952687741,0.29246048685163256
355,0.46523491740226747,0.30409236550331115,0.17803371250629424,0.0857260063290596,0.008406097069382668,0.484650719165802,0.3036243677139282,0.2034739851951599,0.0971179649233818,0.005037585273385048,0.3056295353919268
356,0.46593302488327026,0.2973072111606598,0.18621647655963897,0.08956246823072433,0.009153522923588753,0.48445155620574953,0.317289274930954,0.18749584555625914,0.08970893323421478,0.004910006001591682,0.2821147847920656
357,0.46652303338050843,0.29970611333847047,0.18420663774013518,0.08859050869941712,0.009087515436112881,0.5121473550796509,0.32234746813774107,0.21391746401786804,0.10164478421211243,0.005176208820194006,0.32073845705017445
358,0.47615936398506165,0.3071541965007782,0.18681851029396057,0.08983037322759628,0.00889477077871561,0.4984989523887634,0.32615078091621397,0.19338793754577638,0.09254139363765716,0.004903198406100273,0.2908325295895338
359,0.4631855607032776,0.3035349130630493,0.17628377974033355,0.08492887169122695,0.008416549023240804,0.48895423412322997,0.3099271237850189,0.19957542717456817,0.09692237973213196,0.004549090936779976,0.3010468978434801
360,0.4697623670101166,0.30503149032592775,0.18185975253582,0.08742973804473878,0.00911445040255785,0.4982416212558746,0.32053309082984927,0.20021006762981414,0.09541293978691101,0.0044230720028281215,0.30004607941955325
361,0.4598932445049286,0.30108754634857177,0.17496655285358428,0.08449495881795883,0.008648211136460304,0.49391189217567444,0.3111496388912201,0.20524337589740754,0.09798226207494735,0.005365230143070221,0.30859086811542513
362,0.47413877844810487,0.3106133222579956,0.18074811100959778,0.08703536242246628,0.008381688594818115,0.5087304592132569,0.3219302177429199,0.21051736772060395,0.10023524016141891,0.00471612773835659,0.31546873562037947
363,0.46542109847068786,0.2981352865695953,0.18471986651420594,0.08888619095087051,0.009023347962647676,0.5232572138309479,0.34139522910118103,0.20324004888534547,0.09813298732042312,0.004865941032767296,0.3062389772385359
364,0.47727071642875674,0.3127578139305115,0.18149320185184478,0.08771285861730575,0.008405530825257301,0.4872336149215698,0.3061032950878143,0.20334030985832213,0.09746623784303665,0.004655881132930517,0.3054624288342893
365,0.46433751583099364,0.3025061905384064,0.178598752617836,0.08588870614767075,0.009006231278181075,0.4757035732269287,0.3000853955745697,0.19627489447593688,0.09462947100400924,0.004957497399300337,0.2958618628792465
366,0.47409729957580565,0.3125636875629425,0.1780143052339554,0.08592976331710815,0.008796248771250247,0.5227457284927368,0.34903270602226255,0.1954052895307541,0.09328278452157975,0.004536229558289051,0.29322430361062285
367,0.4605193257331848,0.29976598620414735,0.17748939096927643,0.08540673702955245,0.008701671473681926,0.5055657982826233,0.3200442373752594,0.20723323822021483,0.09941049665212631,0.006435549817979336,0.3130792846903205
368,0.4757247745990753,0.30325390100479127,0.1905199944972992,0.09174125194549561,0.00904325321316719,0.5116814255714417,0.33149874210357666,0.20176769495010377,0.09694940894842148,0.005052382592111826,0.30376948649063706
369,0.46285802125930786,0.3053450882434845,0.17319956421852112,0.08383897691965103,0.008788276463747025,0.5261892795562744,0.3415040850639343,0.2091462045907974,0.09888156950473785,0.004290296044200659,0.31231807013973595
370,0.46392964124679564,0.30215807557106017,0.17825495600700378,0.08603694587945938,0.008865284360945224,0.49281816482543944,0.31299025416374204,0.2022956758737564,0.09639965444803238,0.005019986443221569,0.30371531676501035
371,0.4596787393093109,0.2984724223613739,0.17782446444034578,0.08591762334108352,0.008317813836038112,0.5159476280212403,0.3359295964241028,0.201970112323761,0.0967165932059288,0.005026832409203053,0.30371353793889283
372,0.46675015091896055,0.3059299409389496,0.1771346777677536,0.08572486788034439,0.00848292075097561,0.5044935345649719,0.31494874954223634,0.2135240465402603,0.10133774429559708,0.005594823602586984,0.3204566144384444
373,0.4594450056552887,0.295113617181778,0.18126098513603212,0.08729852437973022,0.009056919999420644,0.47024282813072205,0.29246568083763125,0.2000786691904068,0.09510788768529892,0.005275562591850758,0.30046211946755647
374,0.4558197021484375,0.2964473605155945,0.1753242552280426,0.08477791100740432,0.008929444663226604,0.48573493361473086,0.30452572703361513,0.20247384309768676,0.09771397113800048,0.005011393129825592,0.3051992073655128
375,0.4665199339389801,0.29941277503967284,0.18549087047576904,0.08880228847265244,0.008217037841677665,0.5146687269210816,0.3235522985458374,0.21622121036052705,0.10218587517738342,0.00488410796970129,0.32329119350761176
376,0.4550349533557892,0.29581612944602964,0.1756111353635788,0.08491542488336563,0.008117905911058187,0.4951202929019928,0.32363022565841676,0.19226472675800324,0.09236752688884735,0.004433256760239601,0.28906551040709016
377,0.4713132977485657,0.30492714047431946,0.18423547744750976,0.08838033825159072,0.008623258583247662,0.517121160030365,0.33786930441856383,0.20112964808940886,0.09651485234498977,0.00457030301913619,0.3022148034535348
378,0.4511005401611328,0.2916823625564575,0.17579305768013,0.08479066342115402,0.008620593324303627,0.48512537479400636,0.3292286813259125,0.17360969483852387,0.08412903696298599,0.0046475260518491265,0.262386257853359
379,0.4718910038471222,0.3101661503314972,0.17889481782913208,0.08592664152383804,0.008480586111545563,0.4854797005653381,0.30975764989852905,0.1972298502922058,0.09455134719610214,0.00455747228115797,0.29633866976946593
380,0.44777525663375856,0.29565358757972715,0.16715734601020812,0.0811900407075882,0.008137372322380543,0.4694922685623169,0.3037939310073853,0.18475017249584197,0.08939194530248643,0.004812631290405989,0.2789547490887344
381,0.4603713035583496,0.2918677866458893,0.18638328909873964,0.08965996503829957,0.008580477349460125,0.4680696725845337,0.2925532639026642,0.19648335874080658,0.09452039450407028,0.004805324878543615,0.2958090781234205
382,0.4673487186431885,0.30076847672462464,0.18381769061088563,0.08853082805871963,0.00904467012733221,0.5135952949523925,0.3232199907302856,0.21320530772209167,0.10202735513448716,0.006131638959050179,0.32136430181562897
383,0.46018187403678895,0.2969801425933838,0.18090518712997436,0.08655360043048858,0.008572110533714294,0.47161197662353516,0.29776106476783754,0.19437119662761687,0.09373176991939544,0.00474136583507061,0.2928443323820829
384,0.45901588797569276,0.29825509786605836,0.17638118863105773,0.08561214506626129,0.009192336164414883,0.48838959336280824,0.312466686964035,0.1977612107992172,0.09455493539571762,0.004526994936168194,0.29684314113110305
385,0.46550068259239197,0.2999935567378998,0.18335736393928528,0.08805551677942276,0.008217326179146767,0.48991695046424866,0.30626417994499205,0.20475147068500518,0.09876756519079208,0.0059692149981856344,0.3094882508739829
386,0.4580265939235687,0.29281691908836366,0.18297114968299866,0.08760149329900742,0.008839448727667332,0.4656185507774353,0.2968211889266968,0.1895180970430374,0.09061359465122223,0.004753061011433602,0.28488475270569324
387,0.4520223379135132,0.2887803494930267,0.179651615023613,0.08689905852079391,0.008964551985263825,0.5212333559989929,0.3340634524822235,0.21115303933620452,0.10047081559896469,0.004475726187229157,0.31609958112239833
388,0.4683256208896637,0.3062476277351379,0.17950766682624816,0.08617587387561798,0.008198114298284053,0.487999027967453,0.3165053308010101,0.19176720678806305,0.09244452118873596,0.004684582818299532,0.28889631079509853
389,0.4651956856250763,0.29378697872161863,0.18925369679927825,0.09123158156871795,0.008951288647949696,0.48836941719055177,0.31656338572502135,0.19204373955726622,0.09282129257917404,0.004334450792521238,0.2891994829289615
390,0.46298527121543886,0.3017370641231537,0.17769785821437836,0.08583696186542511,0.008664175122976302,0.5185250878334046,0.33338249921798707,0.2074989289045334,0.09924186617136002,0.00580231687054038,0.3125431119464338
391,0.45442803502082824,0.2970471203327179,0.1734425902366638,0.08371463865041733,0.008578470908105373,0.5128893911838531,0.3364066481590271,0.1985272914171219,0.09473020285367965,0.004683229140937328,0.2979407234117389
392,0.4589476525783539,0.29902361035346986,0.17644486129283904,0.08500890582799911,0.00867436956614256,0.49789645075798034,0.3153988212347031,0.2043357402086258,0.09823919236660003,0.005048296134918928,0.30762322871014475
393,0.464022558927536,0.2991700410842896,0.18219947218894958,0.0876148447394371,0.008715766575187444,0.5063977718353272,0.31977874636650083,0.210111340880394,0.1001382514834404,0.0048724435269832615,0.3151220358908176
394,0.46167469024658203,0.30567161440849305,0.17229451835155488,0.08325461000204086,0.007661307696253061,0.5254192113876343,0.34430612325668336,0.2029885619878769,0.09758943319320679,0.00465648639947176,0.30523448158055544
395,0.46057809591293336,0.2989953815937042,0.17823711931705474,0.08593276590108871,0.008710192702710628,0.47019068598747255,0.30584720969200135,0.18396832942962646,0.08863810449838638,0.004236055165529251,0.27684248909354214
396,0.4696836590766907,0.30844706296920776,0.17755810022354127,0.08587357550859451,0.008679569698870182,0.5055671513080597,0.3172398805618286,0.21052304208278655,0.10167176127433777,0.0048925928771495816,0.31708739623427395
397,0.4567777454853058,0.287889564037323,0.1868498831987381,0.09000988900661469,0.008276695571839809,0.49210304021835327,0.3147255122661591,0.19873370826244355,0.0952928826212883,0.005182351171970368,0.2992089420557022
398,0.45157434344291686,0.3009481132030487,0.16618427336215974,0.07977832704782487,0.008748368546366691,0.4707559168338776,0.3070133447647095,0.1823877900838852,0.08843747079372406,0.0046999755315482615,0.27552523640915755
399,0.4495156407356262,0.29092504382133483,0.1745408743619919,0.08438846617937087,0.008771556988358497,0.505690586566925,0.323994505405426,0.20439181327819825,0.09730917066335679,0.005260350089520216,0.30696133403107523
400,0.4606791317462921,0.30140056610107424,0.17584386765956878,0.0846716359257698,0.008538762852549554,0.5033632278442383,0.33289610743522646,0.1900733768939972,0.09172643572092057,0.0054226027801632885,0.28722241539508103
401,0.4445247769355774,0.28952001333236693,0.170719975233078,0.08272666186094284,0.007980231195688248,0.5105388760566711,0.33162323832511903,0.20036593377590178,0.09682652205228806,0.003885509818792343,0.3010779656469822
402,0.4789756953716278,0.3112976014614105,0.1860838383436203,0.08915287405252456,0.008183368667960166,0.5118746757507324,0.3368884682655334,0.19612533450126649,0.0943890392780304,0.004294123314321041,0.29480849709361795
403,0.45799524188041685,0.29852898716926574,0.17511224150657653,0.08489654511213303,0.009049618616700172,0.4882083237171173,0.31452412009239195,0.1945400506258011,0.09354893118143082,0.004638483002781868,0.29272746481001377
404,0.4533461630344391,0.2888267695903778,0.18224114775657654,0.08752287179231644,0.008200118597596884,0.4784523069858551,0.31681484580039976,0.1811473101377487,0.08721681237220764,0.003923454321920872,0.2722875768318772
405,0.459598171710968,0.2995134353637695,0.17679835557937623,0.08533930778503418,0.008052169345319271,0.4998288035392761,0.3197128474712372,0.20168251991271974,0.09727963209152221,0.004326606309041381,0.3032887583132833
406,0.46360936760902405,0.30362234711647035,0.17684308290481568,0.0851440891623497,0.008211389929056168,0.500508451461792,0.32840136885643006,0.1925736039876938,0.09270709604024888,0.004741089139133692,0.2900217891670764
407,0.44306320548057554,0.2889202892780304,0.16992303133010864,0.08208692073822021,0.00817357636988163,0.4704341650009155,0.30421826243400574,0.1852739691734314,0.08957458436489105,0.005063454713672399,0.27991200825199486
408,0.4547904133796692,0.2946298122406006,0.17702059149742128,0.08517343401908875,0.008357840683311224,0.5181121110916138,0.3234863460063934,0.21980919539928437,0.10425430536270142,0.004895480908453464,0.32895898167043924
409,0.4707614541053772,0.3081869602203369,0.18023877143859862,0.08655019700527192,0.007857565488666295,0.5175910532474518,0.33991674780845643,0.1993576020002365,0.0958604022860527,0.004141753166913986,0.2993597574532032
410,0.460738068819046,0.3049486756324768,0.17219411730766296,0.08296246379613877,0.007898551039397716,0.517707884311676,0.3523597061634064,0.18498301208019258,0.08899551779031753,0.004718882031738758,0.27869741190224884
411,0.46628289818763735,0.30465781688690186,0.17846949994564057,0.08582688570022583,0.008820793312042951,0.5158982574939728,0.3338472545146942,0.2051607698202133,0.09786594361066818,0.004241511691361666,0.30726822512224317
412,0.45063374638557435,0.28839474320411684,0.17920250296592713,0.08635369092226028,0.008408598788082599,0.498490983247757,0.3200134813785553,0.19991020560264589,0.09596282094717026,0.005101161729544401,0.30097418827936057
413,0.4560938239097595,0.29534717798233034,0.17762865126132965,0.08571193665266037,0.00796647435054183,0.5031033039093018,0.3284923374652863,0.19600562751293182,0.09414698928594589,0.004123410349711776,0.29427602714858947
414,0.4622614622116089,0.3072177588939667,0.17092053592205048,0.08249640315771103,0.008358167298138142,0.4953222990036011,0.32705894112586975,0.1885213226079941,0.09080169647932053,0.004106267541646958,0.28342928662896155
415,0.4587471127510071,0.29331780672073365,0.18272157609462739,0.08802971392869949,0.00862193051725626,0.46548808217048643,0.30087539553642273,0.18419588208198548,0.08881455957889557,0.0042395336553454396,0.2772499753162265
416,0.45247718691825867,0.2924010157585144,0.17700733840465546,0.0852598026394844,0.008026866614818573,0.5319061636924743,0.3524853587150574,0.20061559677124025,0.09682360738515854,0.004701907373964786,0.3021411115303636
417,0.4520496666431427,0.29077848196029665,0.17844298183918,0.08578864634037017,0.008210675232112408,0.47812761664390563,0.3091943979263306,0.18987599909305572,0.09060770720243454,0.004750214796513319,0.2852339210920036
418,0.43855113387107847,0.2844033479690552,0.16939107477664947,0.08233632743358613,0.00811003679409623,0.5200368463993073,0.32926819324493406,0.2156184583902359,0.10208613574504852,0.004870277270674706,0.3225748714059591
419,0.4379374623298645,0.2812573194503784,0.1733206808567047,0.08344562202692032,0.007812488172203302,0.4807580828666687,0.2917761325836182,0.21227161288261415,0.1017607495188713,0.004625105299055576,0.31865746770054104
420,0.4469612181186676,0.286486554145813,0.17720650434494017,0.0855409786105156,0.008102145977318287,0.5067721545696259,0.33046125769615176,0.19764115810394287,0.09499385207891464,0.004521135054528713,0.29715614523738626
421,0.44937987327575685,0.2862003207206726,0.18073454797267913,0.08681017905473709,0.00815112367272377,0.4935744285583496,0.31254358887672423,0.20441986322402955,0.0972842201590538,0.003957336861640215,0.3056614202447236
422,0.4582906186580658,0.3050361037254333,0.1694969803094864,0.081607486307621,0.0076964650303125385,0.5092864036560059,0.3165596067905426,0.21630554497241974,0.10376783013343811,0.004873438365757465,0.32494681347161536
423,0.4494363009929657,0.2935190975666046,0.1720815122127533,0.08312808871269226,0.007913018576800823,0.559465515613556,0.3631294250488281,0.2218172639608383,0.10536200851202011,0.004494384955614805,0.33167365742847327
424,0.45227961540222167,0.29298788905143736,0.17687095701694489,0.08435157984495163,0.008383515663444996,0.49902546405792236,0.32526504397392275,0.19613222181797027,0.09322924613952636,0.004156577493995428,0.29351804545149207
425,0.45808305144309996,0.2945477724075317,0.18161019682884216,0.08676995038986206,0.008242502994835376,0.49214359521865847,0.316258043050766,0.19714373350143433,0.09505102187395095,0.00395408682525158,0.29614884220063686
426,0.4514778733253479,0.2982658684253693,0.16866885721683503,0.08188577592372895,0.007717359531670809,0.5422045707702636,0.3502166926860809,0.21699450314044952,0.1031153827905655,0.004149381257593632,0.32425926718860865
427,0.45845662951469424,0.29800933599472046,0.1781682163476944,0.08527974337339402,0.0078005088493227955,0.4677110373973846,0.2900162935256958,0.1999792456626892,0.0954599678516388,0.004486164264380932,0.2999253777787089
428,0.4460399806499481,0.28843337297439575,0.17442506849765776,0.08385026156902313,0.007972616888582706,0.4891299843788147,0.3162039935588837,0.1946020931005478,0.09290019124746322,0.004369914066046476,0.2918721984140575
429,0.469477242231369,0.30360027551651003,0.18320609629154205,0.08835806250572205,0.008472912758588792,0.46878504753112793,0.3082082688808441,0.18073710501194,0.08629165440797806,0.003980553150177002,0.2710093125700951
430,0.45071288347244265,0.2928381383419037,0.1743770271539688,0.08404550105333328,0.008156841434538365,0.4825855493545532,0.30255002379417417,0.20196311175823212,0.09712291210889816,0.004254773817956447,0.30334079768508676
431,0.4567138910293579,0.3001142919063568,0.173378586769104,0.08358879685401917,0.007318743783980608,0.48523581624031065,0.3109409987926483,0.19477346539497375,0.0942042350769043,0.004362330492585898,0.2933400309644639
432,0.43971083760261537,0.28430903553962705,0.17153189778327943,0.08279272317886352,0.007992621511220932,0.49107409715652467,0.318116158246994,0.19321107268333435,0.09365354627370834,0.004039886128157377,0.29090450508520005
433,0.44725950360298156,0.2958565831184387,0.1668034851551056,0.08079189360141754,0.007779254764318466,0.5130556523799896,0.3407891452312469,0.19402645528316498,0.09262428283691407,0.004063249845057726,0.29071398796513676
434,0.45098423957824707,0.2853357195854187,0.18407787680625914,0.08819372355937957,0.00764727545902133,0.5112909257411957,0.335312420129776,0.19718749821186066,0.09506914466619491,0.004068714193999767,0.2963253570720554
435,0.4548350751399994,0.2984167873859406,0.17286757230758668,0.08314821273088455,0.008246076386421919,0.4906631410121918,0.32085389494895933,0.19012269973754883,0.09158489555120468,0.004350534547120333,0.2860581298358738
436,0.4497089207172394,0.29205936193466187,0.1741277813911438,0.08404962867498397,0.007897647283971309,0.5200077950954437,0.3430734872817993,0.19807682931423187,0.09539521634578704,0.004616734199225902,0.29808877985924487
437,0.4532879114151001,0.29726877212524416,0.17177118062973024,0.08327926844358444,0.008062778785824776,0.5159479796886444,0.33354321122169495,0.20465025603771209,0.0982924148440361,0.004504554159939289,0.3074472250416875
438,0.44556137919425964,0.2949239373207092,0.16594453155994415,0.08033970296382904,0.007839848473668098,0.47738956212997435,0.3081149756908417,0.18981176018714904,0.09105360954999923,0.004592550545930862,0.28545792028307915
439,0.4511878311634064,0.29556798934936523,0.1719287097454071,0.08287499248981475,0.007946709357202052,0.48423901200294495,0.3108669400215149,0.19541910886764527,0.09314105808734893,0.004126700665801763,0.292686867620796
440,0.46169989705085757,0.30778191089630125,0.17025698125362396,0.0817051038146019,0.008220162987709046,0.5137735843658447,0.3319125235080719,0.20459197461605072,0.0977516457438469,0.004545258264988661,0.30688887862488623
441,0.4412453830242157,0.2770478785037994,0.18180373609066008,0.0872713103890419,0.008409377373754977,0.5039193153381347,0.32826327681541445,0.19736189246177674,0.0943594142794609,0.004703724198043347,0.29642503093928096
442,0.43750268816947935,0.28368889093399047,0.1696982890367508,0.08187217563390732,0.008124597650021315,0.48346303701400756,0.31163408160209655,0.19262242019176484,0.09261294007301331,0.004334066063165665,0.2895694263279438
443,0.4419428050518036,0.29290947914123533,0.16420321464538573,0.07924013584852219,0.008223805855959655,0.5455577135086059,0.3468604564666748,0.2242918848991394,0.10665420889854431,0.004652576707303524,0.3355986705049872
444,0.43348888754844667,0.28467777967453,0.1641010284423828,0.07903212159872056,0.008277123048901557,0.5013131320476532,0.3390568971633911,0.1818181723356247,0.08767806738615036,0.003701825812458992,0.27319806553423404
445,0.431558632850647,0.28409023880958556,0.16205640137195587,0.07874219417572022,0.007807257771492005,0.4788066506385803,0.3126591920852661,0.18578774631023406,0.08977324813604355,0.0041182158049196,0.27967921025119724
446,0.4527116358280182,0.2966748595237732,0.1716650664806366,0.0832084745168686,0.008324534818530082,0.49545450806617736,0.3269155204296112,0.1890554040670395,0.09086156040430068,0.0041104844771325585,0.28402744894847276
447,0.44187370538711546,0.2921624481678009,0.1651558458805084,0.07983522117137909,0.007627388928085566,0.4821343421936035,0.30377995371818545,0.20178148448467254,0.09558987468481064,0.004103833995759487,0.3014751931652427
448,0.4454575955867767,0.28135989904403685,0.18167416751384735,0.08745715022087097,0.00794177558273077,0.47118239998817446,0.3046026051044464,0.18698471486568452,0.08999578356742859,0.0035802464000880716,0.2805607448332012
449,0.4397342324256897,0.2880790293216705,0.16707763671875,0.08086959123611451,0.007909109722822905,0.4845086932182312,0.3063842117786407,0.20133972465991973,0.0955967828631401,0.003983581718057394,0.30092008924111724
450,0.44136351346969604,0.28842836022377016,0.168950417637825,0.08125756680965424,0.008194820675998925,0.487957501411438,0.3129271328449249,0.1957613557577133,0.09466761201620102,0.004116414859890938,0.2945453826338053
451,0.45520040988922117,0.2951124131679535,0.17771380841732026,0.08518884629011154,0.007627264596521854,0.47235270738601687,0.29863765835762024,0.194327649474144,0.09388105124235153,0.004205879103392362,0.2924145798198879
452,0.43255090713500977,0.2809275507926941,0.167146173119545,0.0808804452419281,0.007768877409398555,0.500975638628006,0.3214477956295013,0.20345031023025512,0.09620789289474488,0.003879621997475624,0.3035378251224756
453,0.43896429538726806,0.28725258111953733,0.16772620379924774,0.08072463870048523,0.007793162576854229,0.49984884858131406,0.3159767508506775,0.20706437826156615,0.09887856543064118,0.004335585609078407,0.31027852930128574
454,0.442587149143219,0.29042147397994994,0.16783892512321472,0.08101648837327957,0.008027244079858064,0.47769579887390134,0.29773969650268556,0.202496799826622,0.09685442000627517,0.004205921199172735,0.3035571410320699
455,0.424750554561615,0.2749499648809433,0.16537993550300598,0.07986307442188263,0.0075710885226726535,0.4687573850154877,0.2919513940811157,0.19886468052864076,0.0953908234834671,0.0037386095151305198,0.29799411352723837
456,0.4459035873413086,0.293451988697052,0.1684574544429779,0.08132782727479934,0.007481577806174755,0.4853111207485199,0.3025528371334076,0.2061459392309189,0.09836016297340393,0.003879480203613639,0.30838558240793645
457,0.4513603329658508,0.2986465275287628,0.16791609823703765,0.08157999366521836,0.007934743538498878,0.4715355813503265,0.3194338381290436,0.16990145146846772,0.0820469781756401,0.004188348166644573,0.2561367778107524
458,0.44618194103240966,0.29194568991661074,0.17092947363853456,0.08203220814466476,0.007664499618113041,0.4917302429676056,0.3107678174972534,0.20469046831130983,0.09674216508865356,0.0046881349757313725,0.3061207683756948
459,0.4465590059757233,0.291951447725296,0.17082529366016388,0.08223944753408433,0.008075980469584465,0.4507302582263947,0.2775414168834686,0.1938762366771698,0.0932820126414299,0.004712689854204655,0.2918709391728043
460,0.44833618998527525,0.2912653684616089,0.17318931519985198,0.0837454304099083,0.008099290542304516,0.5155993938446045,0.333418208360672,0.2043123036623001,0.09813965111970901,0.004633263498544693,0.30708521828055385
461,0.43859137296676637,0.282234126329422,0.17264991402626037,0.08328923135995865,0.008016076870262623,0.5111734092235565,0.3420964479446411,0.18859289586544037,0.09147566109895706,0.00432827016338706,0.28439682712778447
462,0.4428735911846161,0.2865146517753601,0.17263661921024323,0.08310863226652146,0.008391314558684826,0.4584716260433197,0.29174193143844607,0.18611109852790833,0.08997592180967331,0.004618654353544116,0.2807056746911258
463,0.44705005884170534,0.2885600388050079,0.17527256309986114,0.08436826467514039,0.008025436755269766,0.4856047868728638,0.314402312040329,0.19155841171741486,0.09263501167297364,0.003888191096484661,0.28808161448687314
464,0.45375906825065615,0.292113322019577,0.17897795140743256,0.0863266795873642,0.007455742731690407,0.5234006881713867,0.34174442291259766,0.2048036575317383,0.09736747592687607,0.004734570253640413,0.3069057037122548
465,0.44368228912353513,0.2885406970977783,0.1711029589176178,0.08275080472230911,0.007899204455316066,0.486532860994339,0.30990070700645445,0.19872134625911714,0.09487030059099197,0.004546673968434334,0.2981383208185434
466,0.4428816020488739,0.2867644190788269,0.17250607013702393,0.0832463338971138,0.007736844476312399,0.4919768810272217,0.3163108050823212,0.19711496829986572,0.09486862868070603,0.003902932070195675,0.2958865290507674
467,0.4627290010452271,0.30074570178985593,0.17941976189613343,0.08627840280532836,0.007873941399157047,0.4981884121894836,0.3243232011795044,0.19617463350296022,0.09339491575956345,0.004000983014702797,0.29357053227722646
468,0.4489130139350891,0.29130061268806456,0.17348450422286987,0.08404820710420609,0.008340776897966862,0.4712748944759369,0.3008534610271454,0.1914771556854248,0.09173964262008667,0.004181852703914047,0.2873986510094255
469,0.42306644916534425,0.2720469683408737,0.16648872196674347,0.08056275099515915,0.007722463831305504,0.499109810590744,0.31733362674713134,0.20504482090473175,0.09765791893005371,0.004200721066445113,0.30690346090123055
470,0.4367727279663086,0.29099817872047423,0.16086500883102417,0.07767069041728973,0.007515719346702099,0.4748146414756775,0.30222418904304504,0.1942775696516037,0.09290898591279984,0.003940859716385603,0.2911274152807891
471,0.4285644948482513,0.27454390525817873,0.16975753009319305,0.08212842047214508,0.007978305872529744,0.48780316710472105,0.31722824573516845,0.19250687956809998,0.09154101312160492,0.004062299802899361,0.2881101924926042
472,0.4622692227363586,0.2986171543598175,0.18228747546672822,0.08697079271078109,0.007532557751983404,0.4595535576343536,0.30607752203941346,0.1715204894542694,0.08300698846578598,0.0037217479199171065,0.25824922583997245
473,0.4246521532535553,0.2739416420459747,0.16638884246349334,0.08032155632972718,0.0076668386347591875,0.49111791849136355,0.3120724856853485,0.20216134786605836,0.09626325517892838,0.0038352507166564465,0.3022598537616432
474,0.4446523904800415,0.29390340447425845,0.1669209420681,0.08021566420793533,0.007529863342642784,0.4929013609886169,0.32736708521842955,0.186336487531662,0.08916124552488328,0.0036768440157175066,0.27917457707226273
475,0.43656747341156005,0.28870618939399717,0.16315792202949525,0.07892663180828094,0.007342969905585051,0.505125766992569,0.330860847234726,0.19624289274215698,0.09379918426275254,0.003937122784554959,0.29397919978946446
476,0.43736968040466306,0.28441166281700136,0.16886598169803618,0.08141138106584549,0.0080004814080894,0.4887388527393341,0.3176481187343597,0.19158945083618165,0.09240224808454514,0.0041053625755012035,0.288097061496228
477,0.44178925156593324,0.2894863784313202,0.16807381212711334,0.08110612332820892,0.007934447843581438,0.4738798975944519,0.30024821162223814,0.19550942480564118,0.09344598799943923,0.003963888576254249,0.29291930138133465
478,0.44904314279556273,0.2884664714336395,0.17721096575260162,0.08568441718816758,0.00801572147756815,0.48835750818252566,0.3234306752681732,0.18505370914936065,0.08898323029279709,0.003844215162098408,0.27788115460425616
479,0.42950209975242615,0.28413220643997195,0.15971766114234925,0.07781682312488555,0.007331990171223879,0.47932605147361756,0.30534610748291013,0.1955443799495697,0.0938729003071785,0.0037785363383591175,0.2931958165951073
480,0.43268791437149046,0.2837771952152252,0.16418673396110534,0.07947188913822174,0.0075282626785337925,0.4869698703289032,0.32570067048072815,0.18055440485477448,0.08711770027875901,0.0038594641722738744,0.27153156930580735
481,0.4392539918422699,0.28485752940177916,0.17044624984264373,0.08230113536119461,0.007833638414740562,0.47096370458602904,0.30278414487838745,0.18966021239757538,0.09050508588552475,0.003620777651667595,0.2837860759347677
482,0.4428040385246277,0.29101102948188784,0.16850999295711516,0.08070422112941741,0.007369560841470957,0.4973318576812744,0.3316082537174225,0.18576289415359498,0.08969841301441192,0.00344006884843111,0.278901376016438
483,0.4391941249370575,0.28631932735443116,0.1687178760766983,0.08161788582801818,0.007539513520896435,0.47989084124565123,0.312993711233139,0.18713463246822357,0.09030300825834274,0.0034805367700755595,0.28091817749664183
484,0.4351352334022522,0.28628712296485903,0.1642302989959717,0.07956900298595429,0.007173962332308293,0.4909200668334961,0.32067163586616515,0.1914616823196411,0.09171805083751679,0.003891397826373577,0.2870711309835315
485,0.45056240558624266,0.29546473622322084,0.1720137357711792,0.08234096020460129,0.007902438007295131,0.49461758732795713,0.31710858941078185,0.19999984800815582,0.09567326754331588,0.003671559039503336,0.299344674590975
486,0.4334910988807678,0.2807110071182251,0.16884292662143707,0.0814204290509224,0.007644972205162049,0.4771086037158966,0.2878802716732025,0.21221496164798737,0.10222564786672592,0.00423337435349822,0.31867398386821155
487,0.46126568913459776,0.3008493959903717,0.17811897099018098,0.08537827879190445,0.007580837234854698,0.5037956535816193,0.3292336881160736,0.19522430300712584,0.09448465704917908,0.003975174948573112,0.29368413500487806
488,0.434591805934906,0.2813502073287964,0.16901486814022065,0.08177696764469147,0.007717357575893402,0.4686624765396118,0.30069626569747926,0.18876382410526277,0.09052526950836182,0.003870772756636143,0.28315986637026075
489,0.443106609582901,0.2921915829181671,0.16701495051383972,0.08031913191080094,0.0075798315927386286,0.496443498134613,0.32790845036506655,0.19019449651241302,0.09070927947759629,0.0034959390293806793,0.28439971501939
490,0.4355888843536377,0.28236042857170107,0.16887391805648805,0.0818032130599022,0.007751352898776531,0.4932034075260162,0.3156078040599823,0.19931823909282684,0.09594380706548691,0.003848996479064226,0.299111042637378
491,0.4591822922229767,0.2957393705844879,0.18143847286701204,0.08713768422603607,0.0074596857652068135,0.4799708425998688,0.32325122952461244,0.17491638660430908,0.08487916886806487,0.00374774681404233,0.2635433022864163
492,0.4366517126560211,0.27690975069999696,0.17690350413322448,0.0851504698395729,0.00766018545255065,0.4929076790809631,0.29678511023521426,0.2216804802417755,0.10539721250534058,0.0041063852608203884,0.3311840780079365
493,0.44252440333366394,0.28108091950416564,0.17878772914409638,0.08610116988420487,0.007654436491429805,0.4754450500011444,0.30507943630218504,0.1921047568321228,0.09176323562860489,0.003520933911204338,0.28738892637193203
494,0.42949458360672,0.27759031653404237,0.16727014482021332,0.0809363454580307,0.008119747135788202,0.4863826811313629,0.30425108075141905,0.20553718507289886,0.09817855805158615,0.0034763325937092306,0.30719207571819424
495,0.4388229250907898,0.2806854426860809,0.17556348741054534,0.08415006846189499,0.00752401752397418,0.47986679077148436,0.30814566016197203,0.19276105761528015,0.09271303117275238,0.0038073395378887655,0.2892814283259213
496,0.4238430023193359,0.27795580625534055,0.1604117453098297,0.07801890969276429,0.007407157402485609,0.48781728744506836,0.3152470290660858,0.1938416600227356,0.09310608953237534,0.0038550000637769697,0.2908027496188879
497,0.45502991080284116,0.2929887413978577,0.17927574813365937,0.08639477640390396,0.007872160244733094,0.49770572781562805,0.3275669515132904,0.19044063687324525,0.09212684333324432,0.0036713258363306523,0.28623880604282026
498,0.4262875854969025,0.27222771048545835,0.17014192938804626,0.08217440098524094,0.007657384872436524,0.4827366292476654,0.3081229329109192,0.19672032296657563,0.09397721737623214,0.0038966502994298934,0.29459419064223763
499,0.44790475964546206,0.29139913320541383,0.17319487333297728,0.0836301475763321,0.007195014134049415,0.46539306640625,0.31450705528259276,0.1689383029937744,0.08163317143917084,0.0033550193067640064,0.25392649373970927
500,0.4274160325527191,0.28169119358062744,0.16049121916294098,0.07776442319154739,0.007527855131775141,0.4715593934059143,0.29926645159721377,0.19320656657218932,0.09329762458801269,0.003425411880016327,0.2899296030402183
501,0.4499102234840393,0.2974355936050415,0.16924693286418915,0.08118707686662674,0.007177577540278435,0.4644162058830261,0.301622086763382,0.18181978166103363,0.08826699107885361,0.003598462790250778,0.273685235530138
502,0.4461712896823883,0.29446284770965575,0.16765004992485047,0.0809987649321556,0.0072993188165128235,0.4806928992271423,0.3107175290584564,0.19101531207561492,0.09184089452028274,0.003456660360097885,0.28631286695599556
503,0.42913389205932617,0.2760541677474976,0.1694856435060501,0.08157291114330292,0.007425130717456341,0.4929987132549286,0.3070004224777222,0.20928292870521545,0.10018340945243835,0.004203454218804836,0.31366979237645864
504,0.4339774906635284,0.2826119542121887,0.1673836499452591,0.08065506517887115,0.007514009159058333,0.49434822201728823,0.31130754947662354,0.20519423186779023,0.0991694912314415,0.0035869821440428495,0.3079507052432746
505,0.4396810710430145,0.2899713754653931,0.16568549871444702,0.07978512346744537,0.0073007380589842795,0.49607118368148806,0.3259710371494293,0.19046016037464142,0.09202195852994918,0.0037882656790316103,0.28627038458362225
506,0.43014565110206604,0.2808287024497986,0.16512661874294282,0.07969878762960433,0.007135016471147537,0.4908436298370361,0.3289851427078247,0.18112840056419371,0.08761934638023376,0.0035755833610892295,0.2723233303055167
507,0.43476657271385194,0.2838297367095947,0.16673140823841096,0.08049967139959335,0.0074891852214932445,0.48481179475784303,0.31965509057044983,0.18607887923717498,0.0890296146273613,0.0033910702913999557,0.27849956415593624
508,0.4346538305282593,0.28684073090553286,0.16338957846164703,0.07886635214090347,0.007181814964860677,0.4846558392047882,0.3206021964550018,0.18366355895996095,0.08875924944877625,0.0036579215433448554,0.2760807299520821
509,0.4400185286998749,0.2897053897380829,0.16565200984477996,0.08005874305963516,0.00798716712743044,0.5003045201301575,0.33610320687294004,0.18348271548748016,0.08892290443181991,0.0037706105969846247,0.2761762305162847
510,0.44392539858818053,0.28848564624786377,0.1716746360063553,0.08298408091068268,0.007571631483733654,0.5024994850158692,0.3295367121696472,0.19437821805477143,0.09314140230417252,0.004140137694776058,0.29165975805372
511,0.4321042597293854,0.28072733283042905,0.16770475804805757,0.08066220581531525,0.007265639677643776,0.45128650665283204,0.29113009572029114,0.17852711379528047,0.08689101189374923,0.003709078161045909,0.2691272038500756
512,0.4322386920452118,0.2811742126941681,0.16692795753479003,0.08055292367935181,0.007480723597109318,0.459587424993515,0.29807239174842837,0.18051290214061738,0.0874121516942978,0.003795422613620758,0.2717204764485359
513,0.4318940043449402,0.2799279510974884,0.16801147162914276,0.08119672685861587,0.0071294867433607575,0.49567087888717654,0.32327505946159363,0.19542571306228637,0.09251786023378372,0.003415375901386142,0.29135894919745625
514,0.42681666612625124,0.27607386112213134,0.1665453314781189,0.08033196032047271,0.007585412357002497,0.4771673917770386,0.3087984323501587,0.18768777847290039,0.09122494459152222,0.004137771390378475,0.28305049445480107
515,0.43902971148490905,0.2879030704498291,0.166684028506279,0.08054323792457581,0.007819583546370268,0.5007442712783814,0.3171679377555847,0.20688410997390747,0.09868005365133285,0.004285301268100739,0.30984946489334103
516,0.4226478934288025,0.26992844939231875,0.1685752183198929,0.08146013468503951,0.007658415753394365,0.4931677162647247,0.32370148301124574,0.189980348944664,0.09154846370220185,0.0038512756116688253,0.28538008825853467
517,0.4188277363777161,0.2739559680223465,0.15957482457160949,0.07731016427278518,0.0074633205309510234,0.5115697741508484,0.33674676418304444,0.1971469134092331,0.09429063200950623,0.003347194567322731,0.2947847399860621
518,0.433898264169693,0.28468016982078553,0.16440870761871337,0.07971768081188202,0.007473847176879644,0.46642475128173827,0.29962674975395204,0.18717199563980103,0.09004589319229125,0.003766656992956996,0.2809845458250493
519,0.4281073212623596,0.274039751291275,0.1707354724407196,0.08205716907978058,0.007432423532009125,0.47877987027168273,0.2948183476924896,0.20699698328971863,0.09916968792676925,0.003986072633415461,0.3101527438499033
520,0.4263573169708252,0.28052849769592286,0.160189425945282,0.07805260866880417,0.007400888949632645,0.4774791121482849,0.3096247613430023,0.18931469321250916,0.09037979394197464,0.0034973615780472755,0.28319184873253106
521,0.4277054607868195,0.275935435295105,0.16794201731681824,0.08099221587181091,0.007201992254704237,0.4584331393241882,0.3077968776226044,0.16714366972446443,0.08211637139320374,0.003324837889522314,0.2525848790071905
522,0.42446701526641845,0.2772921144962311,0.16239185333251954,0.07869803458452225,0.00704025374725461,0.5017258822917938,0.33270896673202516,0.18981184661388398,0.0913938194513321,0.0033967775758355855,0.28460244364105164
523,0.431196802854538,0.27792389392852784,0.1693800389766693,0.08192769885063171,0.007186398189514875,0.500385981798172,0.3263542115688324,0.1955942004919052,0.09393921941518783,0.003709685057401657,0.2932431049644947
524,0.43621556758880614,0.2800704002380371,0.17331250607967377,0.08326005339622497,0.007120202854275703,0.48228590488433837,0.3305451989173889,0.1694348782300949,0.08226494640111923,0.0034036077093333008,0.2551034323405474
525,0.4290834069252014,0.272853696346283,0.17306669056415558,0.08332774639129639,0.007350584212690592,0.47015217542648313,0.29660157561302186,0.19563066363334655,0.09357576370239258,0.0034451288171112537,0.2926515561528504
526,0.4311035692691803,0.28246877193450926,0.1632670432329178,0.07959893196821213,0.0074580956250429155,0.48806524872779844,0.318770170211792,0.18967826068401336,0.091561359167099,0.0037248509936034678,0.2849644708447158
527,0.43036861419677735,0.2784919500350952,0.16795748174190522,0.0809087723493576,0.007569802552461624,0.4919072151184082,0.31408438086509705,0.19982663094997405,0.09621116518974304,0.003362020943313837,0.29939981708303093
528,0.42525259256362913,0.2797972559928894,0.16032934188842773,0.07758801132440567,0.007471155375242233,0.4617653965950012,0.3028180569410324,0.17784254550933837,0.08584077507257462,0.003939096443355083,0.2676224170252681
529,0.4235291838645935,0.2777400016784668,0.1607886403799057,0.07784684896469116,0.007253767736256122,0.46208690404891967,0.2963017106056213,0.1853549897670746,0.08993660658597946,0.0034132037311792375,0.2787048000842333
530,0.4353447496891022,0.28569655418395995,0.16494955420494078,0.07990796864032745,0.00752079151570797,0.43721449971199033,0.28239676356315613,0.17349993884563447,0.08378619998693466,0.0032631073147058485,0.260549246147275
531,0.4404438018798828,0.28908454179763793,0.16745676398277282,0.08086114376783371,0.007030793838202954,0.479067450761795,0.30006785988807677,0.20100261270999908,0.09652464538812637,0.004147806670516729,0.3016750647686422
532,0.4203726887702942,0.2741887629032135,0.161137393116951,0.07795102447271347,0.007555885333567857,0.4904156267642975,0.3191334784030914,0.1917765825986862,0.09269583076238633,0.0037513574585318565,0.2882237708196044
533,0.4204734921455383,0.27779465913772583,0.15691312849521638,0.07611398100852966,0.00759919872507453,0.47699964642524717,0.3039326429367065,0.19541500210762025,0.09308078587055206,0.003640450909733772,0.2921362388879061
534,0.42613725066185,0.28004397749900817,0.16116050481796265,0.07800138294696808,0.007255391869693995,0.4744292676448822,0.3070798099040985,0.18795604407787322,0.09036587327718734,0.003602346684783697,0.2819242640398443
535,0.43360388875007627,0.28563885688781737,0.16350583136081695,0.07907758951187134,0.006970196310430765,0.4782326459884644,0.32065706253051757,0.17699068486690522,0.08496306389570236,0.0036324698477983473,0.26558621861040593
536,0.42446198463439944,0.2782321751117706,0.16160379648208617,0.07786403447389603,0.007448515016585588,0.47104700207710265,0.31258792877197267,0.17714119851589202,0.0856759712100029,0.003853206429630518,0.2666703761555254
537,0.44410855770111085,0.2894616425037384,0.17114378213882447,0.08234204947948456,0.007694690953940153,0.4614979803562164,0.299604731798172,0.18225151002407075,0.08723897337913514,0.0035073782317340376,0.27299786163493994
538,0.42475595474243166,0.27436975240707395,0.16591545939445496,0.0801433652639389,0.007753297127783299,0.45934475064277647,0.2864686846733093,0.19425835311412812,0.09340921491384506,0.0035270428285002708,0.2911946108564734
539,0.43309223651885986,0.2845123946666718,0.1643500804901123,0.0792497456073761,0.007180123124271631,0.489654415845871,0.3160164415836334,0.19533584713935853,0.09380656331777573,0.0033941966947168114,0.2925366071518511
540,0.42924795746803285,0.2764370381832123,0.16895466148853303,0.08163882941007614,0.007180470880120993,0.48808395862579346,0.3193541467189789,0.18988190293312074,0.09113409370183945,0.0032859161496162415,0.28430191278457645
541,0.43432856202125547,0.2833510458469391,0.16719215214252472,0.08073659390211105,0.006728095561265945,0.4907861232757568,0.3278132021427155,0.18363650441169738,0.08785744458436966,0.0033217127434909343,0.27481566173955796
542,0.43366817235946653,0.2857241094112396,0.1632205903530121,0.07904467284679413,0.007222304493188858,0.4816805601119995,0.31474902033805846,0.1880512535572052,0.08994420617818832,0.0035336992703378202,0.28152915900573133
543,0.43660717010498046,0.2937775611877441,0.157699316740036,0.07626182287931442,0.0069760696962475775,0.4724166750907898,0.3020950496196747,0.19158177077770233,0.09206419438123703,0.003249434195458889,0.28689539935439823
544,0.4319482445716858,0.28198174834251405,0.16584513783454896,0.08018025755882263,0.006896336283534765,0.4858339548110962,0.30360386371612547,0.20471607148647308,0.09821992814540863,0.004247485008090734,0.30718348463997247
545,0.4304550886154175,0.27947659492492677,0.1669587552547455,0.0805743932723999,0.007241213507950306,0.4898061990737915,0.3013316929340363,0.21236326694488525,0.10153675824403763,0.003984847851097584,0.3178848730400205
546,0.43533334136009216,0.2815642774105072,0.16975190937519075,0.08189177513122559,0.007953037973493338,0.4900323271751404,0.3142715632915497,0.19834378957748414,0.09462022632360459,0.0036060146521776915,0.2965700305532664
547,0.4253245651721954,0.28327486515045164,0.15703069269657136,0.07596398144960403,0.006546905729919672,0.4815386474132538,0.30827897787094116,0.19453324973583222,0.09366805404424668,0.0035566076170653106,0.29175791139714424
548,0.41885451674461366,0.27476571798324584,0.15890330374240874,0.07673403173685074,0.007586878631263972,0.46685094237327573,0.30800716280937196,0.1788758009672165,0.08564337342977524,0.0033001746982336045,0.26781934909522537
549,0.42954543232917786,0.2787112772464752,0.16741396784782409,0.08040075302124024,0.006935606244951487,0.4795821368694305,0.30327496528625486,0.19890705347061158,0.09512330740690231,0.0032420605421066284,0.2972724214196205
550,0.43773636817932127,0.2909905254840851,0.16229781210422517,0.07839121967554093,0.006870970223098993,0.49115511775016785,0.32923794388771055,0.1808967709541321,0.08784150928258896,0.003433921141549945,0.27217220137827103
551,0.4394475340843201,0.29024977087974546,0.1648403972387314,0.07961343228816986,0.007296311482787132,0.46350294947624204,0.29529968500137327,0.18867273926734923,0.09099287241697311,0.0034825542941689493,0.2831481659784913
552,0.43356925845146177,0.28147259950637815,0.16769840121269225,0.08131372332572936,0.007407133188098669,0.516733992099762,0.3282568097114563,0.21252754628658294,0.10158976912498474,0.003752775490283966,0.31787009090185164
553,0.424160897731781,0.2744555979967117,0.16530986428260802,0.07983165383338928,0.007499400153756141,0.49664045572280885,0.3101935565471649,0.21003938019275664,0.10049176067113877,0.0038787954952567818,0.3144099363591522
554,0.4245440125465393,0.2764497518539429,0.16387551426887512,0.07887736111879348,0.007333401124924421,0.45285773277282715,0.2869684934616089,0.18566859662532806,0.08955506533384323,0.004133453499525786,0.27935711545869707
555,0.42386960983276367,0.27882733941078186,0.16005280017852783,0.07752020806074142,0.007001868449151516,0.49123017191886903,0.3171337306499481,0.19583761990070342,0.0940450295805931,0.0034326544962823393,0.2933153039775788
556,0.4345767259597778,0.283243465423584,0.1674155741930008,0.08072091937065125,0.007292200624942779,0.4833540618419647,0.32696461081504824,0.17601984441280366,0.08439349830150604,0.0031760454177856444,0.26358938813209537
557,0.42951523065567015,0.2799002110958099,0.1652632623910904,0.07993621677160263,0.0071469699032604694,0.4716539144515991,0.3059686303138733,0.18551566898822786,0.0897272452712059,0.003503517946228385,0.27874643220566214
558,0.4450590431690216,0.2953080415725708,0.16601375341415406,0.07968080192804336,0.007329393271356821,0.4915066480636597,0.33041086196899416,0.18198350667953492,0.08662716448307037,0.003350429888814688,0.27196110105141996
559,0.4342351496219635,0.28375962376594543,0.1672770321369171,0.08020569831132889,0.006718030758202076,0.47184911370277405,0.30694891810417174,0.18462872207164766,0.08925033360719681,0.0035967799834907056,0.2774758356623352
560,0.4244345426559448,0.27531813383102416,0.16476086676120758,0.07970825582742691,0.0070076027885079386,0.46139320731163025,0.2933022379875183,0.1884837716817856,0.09095176011323929,0.003491386119276285,0.2829269179143012
561,0.42449733018875124,0.27664183378219603,0.16391970813274384,0.078929702937603,0.00671581644564867,0.4786914050579071,0.3209730327129364,0.17615494430065154,0.08539592623710632,0.0037209415808320046,0.26527181211858986
562,0.43930227756500245,0.29020494818687437,0.1651756078004837,0.07939248234033584,0.0072692078538239,0.49597620964050293,0.3182358741760254,0.20045489072799683,0.09584958255290985,0.0034175714012235404,0.29972204468213026
563,0.4257570803165436,0.2787557005882263,0.16231284737586976,0.07857296913862229,0.007006531115621328,0.5054995536804199,0.3293695032596588,0.19842952191829683,0.09505780190229415,0.0034008958376944066,0.2968882196582854
564,0.42686609029769895,0.2803075462579727,0.1623089075088501,0.07823565751314163,0.006798641476780176,0.4943960249423981,0.31722599267959595,0.19908476173877715,0.09580592960119247,0.0034603874664753675,0.29835107880644496
565,0.446197098493576,0.29503718614578245,0.16713848412036897,0.08072654157876968,0.007155925966799259,0.48207828402519226,0.3062669217586517,0.19668985903263092,0.09531421214342117,0.0036423991434276102,0.2956464703194797
566,0.42336841821670534,0.27507630586624143,0.16373785138130187,0.07927134335041046,0.007051242608577013,0.47380483746528623,0.29723202586174013,0.1992264211177826,0.09514960050582885,0.003465291764587164,0.2978413133881986
567,0.4197730362415314,0.27795308232307436,0.15642829835414887,0.07570708096027375,0.00708309905603528,0.46969870328903196,0.30337975025177,0.1871650367975235,0.0896937295794487,0.0035184020176529883,0.2803771683946252
568,0.4356489419937134,0.28380692601203916,0.16744253039360046,0.08124830573797226,0.0072333644144237045,0.48385635018348694,0.31062871515750884,0.1941245824098587,0.09383733719587325,0.003480829671025276,0.2914427492767572
569,0.4326466381549835,0.2862380862236023,0.1621113657951355,0.07813554853200913,0.006856915634125471,0.5006444752216339,0.33025338053703307,0.19138526618480683,0.09190752357244492,0.0038588651455938815,0.2871516549028456
570,0.4208341360092163,0.2739861488342285,0.16244657039642335,0.07833717912435531,0.007064349204301834,0.4722399652004242,0.30656310319900515,0.18599486947059632,0.08965702056884765,0.0032437807880342008,0.2788956708274782
571,0.42518292665481566,0.276152628660202,0.16430593729019166,0.07953702211380005,0.007541804481297732,0.4770305633544922,0.31434916257858275,0.1831037998199463,0.08782676905393601,0.003226236905902624,0.2741568057797849
572,0.43929662704467776,0.29048373699188235,0.16409614384174348,0.07948485761880875,0.007379143312573433,0.45863608717918397,0.2885976850986481,0.19186659753322602,0.09163891822099686,0.0033056996297091247,0.286811215383932
573,0.43091838955879214,0.28084147572517393,0.16598774790763854,0.08017115592956543,0.007021299563348293,0.4451337993144989,0.2834551513195038,0.18083714544773102,0.08766840547323226,0.0033507981803268193,0.2718563491012901
574,0.41599977016448975,0.2695568919181824,0.16180542707443238,0.07812885493040085,0.0071836885064840315,0.47263299822807314,0.31411013603210447,0.1781849354505539,0.08554823696613312,0.003401289088651538,0.2671344615053386
575,0.4214956521987915,0.27584872841835023,0.16139798164367675,0.07769648432731628,0.006782501935958862,0.45896227955818175,0.29532132744789125,0.18503328263759614,0.0881880983710289,0.0028790622018277645,0.2761004432104528
576,0.4315903842449188,0.28612348437309265,0.16019189357757568,0.07760712802410126,0.007566019054502248,0.48102849125862124,0.2989522695541382,0.2043835014104843,0.09859461933374405,0.0034564013592898847,0.30643452210351824
577,0.4426989138126373,0.29326624274253843,0.16489068567752838,0.07996709197759629,0.007018593419343233,0.4842032015323639,0.32169541120529177,0.18264575600624083,0.08789066523313523,0.003117631562054157,0.2736540528014302
578,0.4249427795410156,0.2754685401916504,0.1653818219900131,0.07966827750205993,0.007306463923305273,0.5200114369392395,0.3312156438827515,0.21357758045196534,0.10164293497800828,0.0034435994923114775,0.31866411492228514
579,0.42922194600105285,0.2807249426841736,0.16422248780727386,0.07942426055669785,0.006767465732991695,0.47862576246261596,0.3128658175468445,0.18601281940937042,0.08983585089445115,0.003037960920482874,0.2788866312243044
580,0.42425147294998167,0.2731247037649155,0.16684077084064483,0.08075499385595322,0.0072709303349256516,0.49203513860702514,0.3256558537483215,0.1869434803724289,0.09003343433141708,0.003136900346726179,0.2801138150505722
581,0.4210487902164459,0.27500551342964175,0.1614629715681076,0.07794242054224014,0.007031313981860876,0.48950313329696654,0.3183184564113617,0.19361115396022796,0.09191619902849198,0.003648046124726534,0.2891753991134465
582,0.4300059676170349,0.285965633392334,0.15884174406528473,0.0770059883594513,0.006995286606252193,0.46073896884918214,0.2866738259792328,0.19557192027568818,0.09399175941944123,0.0036892469506710768,0.2932529266458005
583,0.43319563269615174,0.28617740273475645,0.16245455145835877,0.07845821827650071,0.007156380917876959,0.4845005452632904,0.3102488458156586,0.1967645525932312,0.09381090253591537,0.003469987539574504,0.29404544266872107
584,0.4218667566776276,0.2817598581314087,0.154751518368721,0.07482641339302062,0.006759749539196491,0.4739602029323578,0.302166748046875,0.19258047342300416,0.0931501567363739,0.0032221909146755933,0.2889528210740536
585,0.416718190908432,0.27071537375450133,0.16133572161197662,0.07798452824354171,0.006968000531196594,0.47325522899627687,0.3175811469554901,0.174382084608078,0.08433078676462173,0.0031808992847800256,0.26189377065747976
586,0.4205895006656647,0.27727227210998534,0.15762227773666382,0.07675403952598572,0.007028554938733578,0.47544816732406614,0.31064545512199404,0.1855366200208664,0.08888427317142486,0.0034075671806931495,0.27782846037298436
587,0.42779678106307983,0.27694481015205386,0.16647478938102722,0.08035487532615662,0.007814370468258858,0.47833276987075807,0.3125769317150116,0.18625071048736572,0.08964665979146957,0.003217755164951086,0.2791151254437864
588,0.42669486403465273,0.27460900545120237,0.16794517934322356,0.08114358633756638,0.007528411783277988,0.4705230176448822,0.2976470649242401,0.19437015950679778,0.09357933402061462,0.0030970653519034387,0.29104655887931585
589,0.42535586953163146,0.27850704193115233,0.1627813994884491,0.07826324999332428,0.00694603631272912,0.5088814973831177,0.33999223113059995,0.1895589917898178,0.09137136787176132,0.0033885962329804897,0.28431895589455963
590,0.42401177287101743,0.27487408816814424,0.16511113941669464,0.07961201071739196,0.006962436623871327,0.4796224534511566,0.3089354008436203,0.19223540127277375,0.09181070923805237,0.003964335238561034,0.28801044574938717
591,0.42111130952835085,0.2714281380176544,0.16562875509262084,0.07970270663499832,0.007457954995334149,0.48912895917892457,0.3118045091629028,0.1993664652109146,0.09596310406923295,0.003229539003223181,0.29855910828337073
592,0.42713639736175535,0.2799795627593994,0.16243441700935363,0.07870638072490692,0.006953365262597799,0.4838699996471405,0.32089478969573976,0.1828886777162552,0.08817111700773239,0.003297221101820469,0.274357015825808
593,0.42232745885849,0.27130843997001647,0.16684469878673552,0.08036141097545624,0.007839445024728775,0.47427058815956114,0.3081916332244873,0.1862997144460678,0.08983056843280793,0.003456976590678096,0.2795872594695539
594,0.42706156373023985,0.27973514795303345,0.16262734830379486,0.07877924591302872,0.006992451008409261,0.46916729807853697,0.3076948463916779,0.18098928928375244,0.0873202845454216,0.0035129094030708075,0.27182248323224484
595,0.41938860416412355,0.27644104361534116,0.15752158761024476,0.07620158493518829,0.0074746859259903434,0.4669297099113464,0.3014140784740448,0.18693024218082427,0.08912356942892075,0.0032398789189755917,0.2792936905287206
596,0.4397417545318604,0.29533029198646543,0.15965427160263063,0.07699541002511978,0.007108678575605154,0.4480832636356354,0.2903846114873886,0.1768212229013443,0.08527492731809616,0.0033904537092894317,0.26548660392872986
597,0.4072843611240387,0.2618070304393768,0.16068233251571656,0.07756272405385971,0.007283333409577608,0.4753335535526276,0.30828857421875,0.18768343329429626,0.09031257480382919,0.003318054974079132,0.2813140630722046
598,0.4269051790237427,0.28107190132141113,0.16089871525764465,0.07802655696868896,0.006894451938569546,0.46483216881752015,0.30955238938331603,0.17374802529811859,0.08431506305932998,0.002931022364646196,0.2609941107220948
599,0.43068854212760926,0.2804657518863678,0.16594130992889405,0.08031024038791656,0.007072033919394016,0.4636498987674713,0.3059863805770874,0.17623976171016692,0.08551817685365677,0.0032988657243549825,0.2650568042881787
600,0.4303844332695007,0.28087433576583865,0.16575389504432678,0.0797120526432991,0.006992981489747763,0.4906806230545044,0.318171888589859,0.1935600757598877,0.09344138652086258,0.0032865564338862897,0.2902880187146366
601,0.42035887837409974,0.27516229152679444,0.16042093336582183,0.07765016257762909,0.006756078638136387,0.48327513933181765,0.32748555541038515,0.17410102784633635,0.08453937023878097,0.003219640534371138,0.2618600386194884
602,0.42761104106903075,0.2816814064979553,0.161168572306633,0.07801903933286666,0.006886318698525429,0.49225807189941406,0.3269407212734222,0.18574846386909485,0.08931761234998703,0.003400725685060024,0.27846680190414186
603,0.41610210537910464,0.2729214608669281,0.15796502828598022,0.07654454410076142,0.0069001706317067145,0.4747209370136261,0.31711474657058714,0.176657098531723,0.08541583567857743,0.003055003471672535,0.26512793768197296
604,0.42948480844497683,0.27358542680740355,0.17256887257099152,0.08316182643175125,0.007420006394386292,0.4884114444255829,0.32290382981300353,0.1856324315071106,0.0895648255944252,0.0033796496223658322,0.2785769067239016
605,0.424357533454895,0.27890496850013735,0.16037717461585999,0.07772886455059051,0.007145654410123825,0.49233577847480775,0.33747961521148684,0.17402272522449494,0.08368310332298279,0.003127925610169768,0.2608337541576475
606,0.4180071532726288,0.27138233184814453,0.16198793649673462,0.07810008376836777,0.00745910620316863,0.45955742597579957,0.30027438402175904,0.17887124717235564,0.08612079471349716,0.0032274819910526275,0.2682195238769054
607,0.4217633485794067,0.27457563281059266,0.162644562125206,0.07845679074525833,0.007346190325915813,0.5044972419738769,0.3240875244140625,0.2031665176153183,0.09750085920095444,0.0032845193054527044,0.30395189612172546
608,0.41108611822128294,0.2686905175447464,0.1568481594324112,0.0761868566274643,0.006938950810581446,0.45532053112983706,0.294939386844635,0.17972083985805512,0.08688585758209229,0.0032138350419700147,0.26982053248211746
609,0.4191864669322968,0.27025741040706636,0.16463348865509034,0.07960651814937592,0.006938278675079346,0.4785845994949341,0.31242424845695493,0.18637451231479646,0.0900663435459137,0.0030884170439094303,0.2795292729046196
610,0.41960017681121825,0.27232513427734373,0.16258715093135834,0.07871538698673249,0.007049585692584515,0.48671444654464724,0.3131467342376709,0.19599875211715698,0.09357329607009887,0.0031898322980850936,0.29276188048534096
611,0.4237744450569153,0.27886741161346434,0.1603229522705078,0.07735620737075806,0.006843302585184574,0.47652941942214966,0.31091400384902956,0.18527158200740815,0.08977004736661912,0.0034734643064439296,0.27851509368047117
612,0.4232085943222046,0.2748213768005371,0.16428689658641815,0.0792291522026062,0.006886587291955948,0.48821012377738954,0.3136185586452484,0.1967847913503647,0.09433362036943435,0.003088049590587616,0.29420646131038664
613,0.41032181978225707,0.2624948710203171,0.16275110542774202,0.0787874698638916,0.007878056913614272,0.4786540985107422,0.3016344130039215,0.1999395251274109,0.09546533823013306,0.003157051466405392,0.29856191482394934
614,0.42139114141464235,0.27412081360816953,0.16267001926898955,0.07872388809919358,0.006956881936639547,0.49247050285339355,0.3227579176425934,0.19070496261119843,0.09179377853870392,0.0032735584303736688,0.28577229958027606
615,0.4288699865341187,0.2839893937110901,0.1597893238067627,0.07742657363414765,0.007076575979590416,0.4604502856731415,0.3047237992286682,0.1741662174463272,0.0843998447060585,0.0033202869817614555,0.26188634913414716
616,0.43239936232566833,0.2812766432762146,0.16691692173480988,0.08083107322454453,0.0070497594773769375,0.46047465205192567,0.2938301801681519,0.18701951205730438,0.09026826024055482,0.0031368314288556577,0.28042460372671485
617,0.4176037430763245,0.26909940242767333,0.16405592262744903,0.0793823167681694,0.006999294552952051,0.4710581421852112,0.2951806247234344,0.1977632611989975,0.09517940133810043,0.0031856173649430276,0.296128279902041
618,0.41193161010742185,0.27646941542625425,0.14952884316444398,0.07227747440338135,0.00674636997282505,0.4825880408287048,0.3062523931264877,0.1984839230775833,0.09520009607076645,0.0034839586820453405,0.29716797783039506
619,0.42769832611083985,0.2839139819145203,0.15873444676399232,0.07686046659946441,0.006860197242349386,0.48665910959243774,0.30907693803310393,0.1992315173149109,0.09603596776723862,0.0037071614526212214,0.29897464653477074
620,0.42923596501350403,0.28442965149879457,0.15993791818618774,0.07736584842205048,0.0069305823184549805,0.47972822189331055,0.30719236731529237,0.19453291594982147,0.09289118647575378,0.0036630057729780674,0.2910871081985533
621,0.42906067371368406,0.28089821338653564,0.163606196641922,0.0793257549405098,0.00678844740614295,0.49072580337524413,0.3189325392246246,0.1938904792070389,0.09261807352304459,0.003237980976700783,0.28974653370678427
622,0.4300610840320587,0.2829066336154938,0.16261874735355378,0.07857774198055267,0.007058420497924089,0.48154128789901735,0.3088613450527191,0.19413165152072906,0.09344760924577714,0.003159322356805205,0.2907385831233114
623,0.4003052651882172,0.25901672542095183,0.15570665001869202,0.07545820474624634,0.007095374260097742,0.49977606534957886,0.32992775440216066,0.19148007929325103,0.09165501445531846,0.0032025226857513188,0.2863376164343208
624,0.4223542094230652,0.2753359079360962,0.16294821202754975,0.07842569947242736,0.006826640106737614,0.4659706115722656,0.3028731942176819,0.18481419682502748,0.08764099031686783,0.0030614993534982204,0.2755166864953935
625,0.43413316607475283,0.2917990446090698,0.1573891520500183,0.07615831941366195,0.006440292019397021,0.4634875297546387,0.30683550238609314,0.1753644824028015,0.08481636494398118,0.0033796833362430335,0.26356053068302576
626,0.4256399989128113,0.2799467146396637,0.16113297045230865,0.0776650607585907,0.007150056026875973,0.48115206956863404,0.3146003186702728,0.187500062584877,0.08977365344762803,0.0035561471246182918,0.2808298631571233
627,0.4177353262901306,0.2735451698303223,0.158450186252594,0.07708735316991806,0.0074454559944570065,0.48650131225585935,0.30643017292022706,0.202546164393425,0.09749897569417953,0.0031073700170964,0.3031525101047009
628,0.43742877840995786,0.29218665361404417,0.16058087050914766,0.07745475023984909,0.007110052835196256,0.5147405624389648,0.33901381492614746,0.1973675847053528,0.09515903443098069,0.0032414024230092765,0.2957680215593428
629,0.4313779413700104,0.2839468777179718,0.1630354791879654,0.07877513915300369,0.006883441936224699,0.4616225004196167,0.293761146068573,0.18875701427459718,0.09082015156745911,0.0030767721589654686,0.28265393800102173
630,0.4235635817050934,0.27688934206962584,0.16177668869495393,0.07834753096103668,0.007232074532657862,0.4810901641845703,0.30890071392059326,0.19425547420978545,0.09288690388202667,0.00320074581541121,0.2903431239072233
631,0.4209385871887207,0.2733700215816498,0.1631222039461136,0.07892611771821975,0.006787136755883693,0.5080734968185425,0.3340932786464691,0.19542473256587983,0.094134820997715,0.003351067379117012,0.29291062094271186
632,0.43815224170684813,0.28572182059288026,0.1683017909526825,0.0816211998462677,0.006976984906941652,0.4825315892696381,0.3069950073957443,0.19855003356933593,0.09455438554286957,0.0031243547797203063,0.2962287738919258
633,0.4369040489196777,0.2863527059555054,0.16652459502220154,0.08051555454730988,0.0068518824875354765,0.48304458856582644,0.3121791839599609,0.19154018759727479,0.0926132470369339,0.0032721247524023058,0.28742555938661096
634,0.4314726829528809,0.2855341017246246,0.161331707239151,0.07776416540145874,0.007283445261418819,0.47258421778678894,0.3106983006000519,0.18129929006099701,0.08768267631530761,0.003367089293897152,0.2723490556702018
635,0.4250201225280762,0.27412784695625303,0.1674456238746643,0.08029092997312545,0.007246188074350357,0.4910495221614838,0.3121319949626923,0.20249199867248535,0.09630217850208282,0.0032371131237596273,0.3020312902983278
636,0.419711834192276,0.2731011092662811,0.16229525208473206,0.07806657999753952,0.007252059411257505,0.4763332545757294,0.30526902079582213,0.19223282635211944,0.0924440547823906,0.0034540988504886626,0.2881309799849987
637,0.41358092427253723,0.2725325345993042,0.1557564526796341,0.07534006685018539,0.006811496894806623,0.48042733669281007,0.3148659110069275,0.18625324368476867,0.08938843309879303,0.0033433721400797367,0.27898504892364145
638,0.42615997791290283,0.27752922773361205,0.16451435089111327,0.0792376458644867,0.007174724340438842,0.5012225866317749,0.3313213050365448,0.19033079445362092,0.09218109399080276,0.0031757285352796314,0.2856876169797033
639,0.41530938148498536,0.2774807810783386,0.15137865245342255,0.07378947734832764,0.006975308153778314,0.4665883004665375,0.3146357238292694,0.17015598714351654,0.08208031207323074,0.003619726188480854,0.2558560254052281
640,0.42998456954956055,0.28453618884086607,0.16036881804466246,0.07756634652614594,0.007469029352068901,0.5054330110549927,0.3343625068664551,0.19379237294197083,0.09180730134248734,0.0034924769774079324,0.2890921512618661
641,0.4186636507511139,0.26747464537620547,0.16776174902915955,0.08058188855648041,0.00700483238324523,0.4963510692119598,0.32191653847694396,0.19710861444473265,0.09395641982555389,0.0032693549990653993,0.2943343892693519
642,0.42597073316574097,0.2783916413784027,0.16296834945678712,0.0788440003991127,0.007095521502196789,0.4919550895690918,0.32026565074920654,0.19339800775051116,0.09287630170583724,0.0029078910127282144,0.2891822004690766
643,0.409983366727829,0.2661936491727829,0.1579174280166626,0.07694940418004989,0.007346672937273979,0.4758829057216644,0.3085542142391205,0.18887429535388947,0.09025333523750305,0.00305126435123384,0.2821788949426263
644,0.42259243726730344,0.27412328124046326,0.1637573480606079,0.07929060161113739,0.007351216208189726,0.4420971155166626,0.2878012120723724,0.17212342619895935,0.08381692618131638,0.003259238414466381,0.25919959079474214
645,0.41958909630775454,0.2768135637044907,0.15741761922836303,0.07630813419818878,0.0070006889291107655,0.4637674570083618,0.30745089054107666,0.1746329188346863,0.08502417057752609,0.0028784444089978932,0.26253553382121025
646,0.4220024585723877,0.2778943955898285,0.1593195229768753,0.07700282037258148,0.006754856370389461,0.4628712058067322,0.2951256811618805,0.18878399729728698,0.09067726582288742,0.003109280671924353,0.2825705437920987
647,0.4191692531108856,0.27241172194480895,0.16204888224601746,0.07822018414735794,0.007435569819062948,0.4679813265800476,0.2997905194759369,0.18905368745326995,0.09085788875818253,0.003422874910756946,0.2833344511222094
648,0.4290942490100861,0.28389759063720704,0.16022239327430726,0.07755119502544403,0.007113009691238403,0.49653356075286864,0.33196148872375486,0.18473767042160033,0.08904835879802704,0.0032572702039033175,0.2770432994235307
649,0.43195168375968934,0.2813740223646164,0.1668175756931305,0.08034407496452331,0.007013117242604494,0.45863719582557677,0.2916290760040283,0.18811325132846832,0.09022480249404907,0.0030760329216718675,0.2814140867441893
650,0.4266330122947693,0.27602279782295225,0.16611344516277313,0.08032730668783188,0.007675064727663994,0.46745831370353697,0.2945824921131134,0.19453528821468352,0.09364858567714691,0.002826240286231041,0.29101011417806144
651,0.41918463706970216,0.27715962529182436,0.15674641132354736,0.07600838840007781,0.006636097747832537,0.48543162941932677,0.3213325321674347,0.18465591371059417,0.08850346952676773,0.003466532099992037,0.2766259153373539
652,0.4272988080978394,0.2857976794242859,0.15556420683860778,0.07572063207626342,0.0071096433326601986,0.4789191663265228,0.3048433244228363,0.19551536738872527,0.09422473162412644,0.0032899338286370037,0.2930300328414887
653,0.41903930306434634,0.267838841676712,0.16685650050640105,0.08078470081090927,0.007346311304718256,0.4760618805885315,0.2988836467266083,0.20001979172229767,0.09546442031860351,0.003411795198917389,0.2988960072398186
654,0.420099675655365,0.27809849977493284,0.1564168870449066,0.07587990164756775,0.007109021861106157,0.4738364040851593,0.3059401214122772,0.18901849389076233,0.09084043204784394,0.0028968739323318006,0.2827557998709381
655,0.43102704286575316,0.2867046296596527,0.15916618704795837,0.07720427066087723,0.006903333123773336,0.4646880030632019,0.3002511918544769,0.18497474789619445,0.089059878885746,0.0027740717865526675,0.2768086985684931
656,0.4261426210403442,0.28217766880989076,0.1589152306318283,0.07693485468626023,0.006928006652742624,0.49417380094528196,0.3241217792034149,0.19144267141819,0.09196947962045669,0.0030109483748674394,0.2864230994135141
657,0.4261011898517609,0.2836918532848358,0.156984144449234,0.07605789750814437,0.007115564588457346,0.49928378462791445,0.3207311570644379,0.20190544724464415,0.09595499336719512,0.0036709928419440983,0.30153143345378336
658,0.42962883710861205,0.2842592716217041,0.1603339672088623,0.07771803587675094,0.007035881094634533,0.46233977675437926,0.2938504755496979,0.18986425697803497,0.09088815003633499,0.003310894127935171,0.28406330114230516
659,0.43497524261474607,0.2854583919048309,0.16564378440380095,0.0798553243279457,0.006808015424758196,0.47724554538726804,0.3167519927024841,0.17913958728313445,0.0873243659734726,0.0030266303103417156,0.26949058356694877
660,0.4388123691082001,0.286147940158844,0.16902728676795958,0.08138688951730728,0.0073332319036126135,0.49622530937194825,0.3310138940811157,0.18587385416030883,0.0893204689025879,0.0030828529968857767,0.27827717605978247
661,0.4203828155994415,0.27872384190559385,0.1561393618583679,0.07565952092409134,0.007087401486933232,0.4646929740905762,0.29900317788124087,0.18615900576114655,0.08955360054969788,0.003345157112926245,0.2790577634237707
662,0.4126294910907745,0.26515155732631684,0.1631127953529358,0.0787748008966446,0.006916049029678106,0.4738582491874695,0.31629948019981385,0.17722212970256807,0.0851811945438385,0.002977436315268278,0.2653807605616748
663,0.4167581558227539,0.26905912160873413,0.16345526576042174,0.07874199450016021,0.0071498406119644645,0.4798251152038574,0.30205816924571993,0.20114602744579316,0.09575659036636353,0.003103888314217329,0.300006506126374
664,0.4227179646492004,0.27677211761474607,0.16072983145713807,0.07810868918895722,0.007090447656810284,0.4791614174842834,0.3075914978981018,0.19309161305427552,0.09264709353446961,0.0033723590429872276,0.28911106563173233
665,0.41725935935974123,0.2725132584571838,0.15940504372119904,0.07748438864946365,0.00699938228353858,0.49023550748825073,0.32175291776657106,0.18962156474590303,0.09104331284761429,0.003181341476738453,0.28384621907025576
666,0.4212793171405792,0.27773961424827576,0.15844664275646209,0.07685694843530655,0.006608203239738941,0.4567883968353271,0.28370190858840943,0.19403380453586577,0.09381260871887206,0.0033207034226506948,0.2911671166773885
667,0.4318634390830994,0.27835425138473513,0.16982006132602692,0.08207616209983826,0.0070099784061312675,0.4853485345840454,0.32083859443664553,0.18458594381809235,0.08929845094680786,0.0027541860938072203,0.27663858085870746
668,0.4230786144733429,0.27394149601459505,0.16513403058052062,0.07969406694173813,0.00677886214107275,0.4785625457763672,0.2977679431438446,0.20352231562137604,0.09757880419492722,0.003613728191703558,0.30471484800800686
669,0.41212247014045716,0.26605754494667055,0.1613880306482315,0.07801818996667861,0.00698302760720253,0.48980400562286375,0.32335445284843445,0.18689271211624145,0.09003808796405792,0.0033087351359426974,0.28023953521624206
670,0.4112298905849457,0.26867333650588987,0.15745481252670288,0.07619934529066086,0.006750546302646399,0.46047272682189944,0.2910987436771393,0.19074273705482483,0.09142275005578995,0.003308273246511817,0.2854737603571266
671,0.4259464979171753,0.2858235239982605,0.15467193722724915,0.07469427436590195,0.007119849137961864,0.4866634666919708,0.3048620641231537,0.20426169633865357,0.09853381961584091,0.003125814627856016,0.3059213305823505
672,0.4228884279727936,0.27412359714508056,0.16441949009895324,0.07936495840549469,0.0072641483508050445,0.4572412073612213,0.2962360978126526,0.1802319258451462,0.08715312331914901,0.0035184768959879873,0.2709035260602832
673,0.4112580895423889,0.2643924355506897,0.16221606433391572,0.0784451499581337,0.0070681536570191385,0.4546900153160095,0.28574329018592837,0.18956918120384217,0.09167624861001969,0.002885613776743412,0.28413104359060526
674,0.41991896629333497,0.273871111869812,0.16127917766571045,0.07803876250982285,0.006994837336242199,0.456928151845932,0.2860280454158783,0.19191177189350128,0.09251710027456284,0.0032365683000534773,0.2876654404681176
675,0.4243575632572174,0.27407011985778806,0.16652006208896636,0.08028492629528046,0.006788992509245873,0.4836765110492706,0.3107657253742218,0.19511496722698213,0.09324280172586441,0.003243963699787855,0.2916017326526344
676,0.40543320775032043,0.2658169329166412,0.15341862738132478,0.07460327446460724,0.007291080802679062,0.4924296259880066,0.3172743797302246,0.19733069837093353,0.09464194625616074,0.003162025846540928,0.2951346704736352
677,0.4317019283771515,0.28421674370765687,0.1630798786878586,0.0787071406841278,0.007092201616615057,0.48055092096328733,0.29647027850151064,0.20829101502895356,0.09910062551498414,0.003327216347679496,0.3107188568916172
678,0.42551401257514954,0.27665061950683595,0.1643083930015564,0.07945251911878586,0.007375020813196897,0.4987162113189697,0.32851540446281435,0.1910765528678894,0.09217217564582825,0.003196075512096286,0.2864448040258139
679,0.42593550086021426,0.28111920356750486,0.15991109907627105,0.07743246257305145,0.006838771235197783,0.4382523655891418,0.27816798686981203,0.17964381575584412,0.08676259368658065,0.0029284856282174587,0.26933489507064223
680,0.42538203597068786,0.2811849474906921,0.15904510021209717,0.07719997614622116,0.006758106034249067,0.46835768818855283,0.29192999601364134,0.1991083562374115,0.09527501910924911,0.00301862764172256,0.29740200298838315
681,0.4292128920555115,0.28294435143470764,0.16145717203617097,0.07812966704368592,0.0071120173670351505,0.47147534489631654,0.308629983663559,0.18298047482967378,0.08796872943639755,0.0033688594587147234,0.27431806372478607
