epoch,train_total,train_noise,train_x0,train_class,train_param,train_closed_loop,val_total,val_noise,val_x0,val_class,val_param,val_closed_loop,val_select
1,2.192007613182068,72.91308631896973,0.7894197821617126,3.5517404556274412,0.40333041548728943,0.4702712118625641,1.0595205068588256,44.1369873046875,0.5857470035552979,1.4747035026550293,0.31357902884483335,0.20285274386405944,2.57688227891922
2,0.9897545456886292,71.1959213256836,0.5813528537750244,1.325446081161499,0.3099034667015076,0.2075369745492935,0.7952285885810852,44.532525634765626,0.5175751447677612,1.0537267684936524,0.2537416577339172,0.13473058640956878,1.9597741574048997
3,0.8800451397895813,43.76111488342285,0.5317242741584778,1.2059277534484862,0.25438933074474335,0.14678723514080047,0.6746416568756104,26.281398010253906,0.4950313687324524,0.8876215934753418,0.2106345474720001,0.0870726153254509,1.6803601250052451
4,0.6825719833374023,38.43803062438965,0.4456376194953918,0.8903435587882995,0.21250257194042205,0.1046296402812004,0.5961110591888428,22.750831604003906,0.3842350959777832,0.7994845271110534,0.17506033182144165,0.08386853933334351,1.442648494243622
5,0.6195240974426269,26.35610179901123,0.38902066349983216,0.8207735896110535,0.18194090723991393,0.09224413633346558,0.5971893787384033,17.351885986328124,0.37092779874801635,0.8313690662384033,0.1564220070838928,0.060794761031866075,1.4195136331021785
6,0.5998816967010498,15.534102058410644,0.34524968862533567,0.8153550624847412,0.16337565183639527,0.07826082855463028,0.4948902249336243,10.875269317626953,0.3099998891353607,0.6490638017654419,0.1451050579547882,0.053420867025852206,1.157589615881443
7,0.5459430158138275,13.66252269744873,0.32517114877700803,0.7011965751647949,0.1639667272567749,0.06686897426843644,0.4916143178939819,8.738804244995118,0.3138433814048767,0.6138635039329529,0.15504403710365294,0.04976584538817406,1.1325167678296566
8,0.5462354898452759,13.841176414489746,0.30713280439376833,0.7062098503112793,0.15924632847309111,0.0634186953306198,0.49941669702529906,14.48425350189209,0.2750015020370483,0.6606667041778564,0.13956884741783143,0.04028686136007309,1.1155239149928093
9,0.5176778733730316,8.782717609405518,0.28355276584625244,0.6666641116142273,0.14939480423927307,0.05424567312002182,0.4680253446102142,9.369977951049805,0.25863587856292725,0.6029665350914002,0.135215625166893,0.03964277654886246,1.036460815370083
10,0.5120135188102722,14.039538764953614,0.2720701456069946,0.6541801691055298,0.14769228398799897,0.05155831053853035,0.49565722942352297,4.594035911560058,0.26543003916740415,0.6300825476646423,0.14510999917984008,0.03723545670509339,1.07785804271698
11,0.4594517707824707,8.2320387840271,0.2560474514961243,0.5543262362480164,0.14386449456214906,0.046801885962486266,0.4453516662120819,7.059989643096924,0.23545680940151215,0.5592509508132935,0.13132261633872985,0.029501719027757646,0.9555320955812932
12,0.4495944619178772,9.593090724945068,0.24703334271907806,0.5375636339187622,0.14053672850131987,0.04294549375772476,0.3832866370677948,4.756900644302368,0.22551776170730592,0.43802499771118164,0.12826617658138276,0.029070713371038438,0.8208796493709086
13,0.46531044244766234,7.401048278808593,0.24992375671863556,0.558193027973175,0.1422564685344696,0.041167352348566055,0.37882697582244873,4.665930938720703,0.22016996145248413,0.4283794820308685,0.12663765251636505,0.027347223460674287,0.802534319460392
14,0.4519049823284149,7.0221504211425785,0.24494424760341643,0.5299625635147095,0.14070749580860137,0.03829668238759041,0.3746426224708557,4.840598297119141,0.23471065163612365,0.3872384548187256,0.1373800128698349,0.029360373318195344,0.7886894926428795
15,0.4355679452419281,8.796385192871094,0.24064538180828093,0.4956084847450256,0.13915728330612182,0.03717774897813797,0.358603698015213,3.5318894386291504,0.2154423028230667,0.3760507583618164,0.1281881719827652,0.0212767094373703,0.7409579426050186
16,0.4106937527656555,7.2568769454956055,0.2291858971118927,0.4539094567298889,0.1343520313501358,0.035498255491256715,0.3507119655609131,5.2103376388549805,0.20753127634525298,0.36585475206375123,0.12418812215328216,0.020902274549007414,0.7184764251112937
17,0.4170670986175537,7.5898850440979,0.22904170155525208,0.4597827196121216,0.13490693867206574,0.033858202397823334,0.4528520941734314,5.269009399414062,0.22102164328098298,0.5487432241439819,0.12921890318393708,0.021595243737101553,0.9205790143460034
18,0.4163143515586853,6.5463179588317875,0.223908132314682,0.46136263608932493,0.13168984651565552,0.0316786989569664,0.4238660573959351,5.992297744750976,0.21402682662010192,0.49929932355880735,0.1237930029630661,0.02015441581606865,0.857273568958044
19,0.42711958289146423,8.32622470855713,0.23038477301597596,0.4680786669254303,0.13460635840892793,0.031642071157693866,0.38176257014274595,5.856935119628906,0.21506739854812623,0.4035030961036682,0.12660356760025024,0.01961236447095871,0.7647864267230035
20,0.395770663022995,5.62082347869873,0.22414540350437165,0.4046759307384491,0.1336899995803833,0.029650674760341646,0.34287031292915343,7.376212334632873,0.19476496279239655,0.3504252791404724,0.11671105176210403,0.018043060228228568,0.6799443539232015
21,0.41892629861831665,5.48944354057312,0.22558337450027466,0.44595770835876464,0.1330433666706085,0.028102488443255424,0.3616424560546875,4.453475761413574,0.19903428554534913,0.37375407218933104,0.12034545242786407,0.016559616103768347,0.7096934262663126
22,0.40439866185188295,9.98726806640625,0.21644966900348664,0.4260992407798767,0.12803578227758408,0.02756073363125324,0.35561609268188477,7.967654800415039,0.19971733689308166,0.35458399057388307,0.1212501809000969,0.015648318454623222,0.6911998268216848
23,0.3937165319919586,6.112876892089844,0.2173629730939865,0.3943394303321838,0.13017300069332122,0.027004922181367873,0.3554741680622101,3.3485546112060547,0.19902650713920594,0.3502155542373657,0.12073268145322799,0.016790280863642693,0.6867650236934423
24,0.3803799271583557,5.803346920013428,0.21696375906467438,0.35963807702064515,0.13139802515506743,0.02715817466378212,0.35882670879364015,8.146076536178589,0.207657590508461,0.33743064403533934,0.12536970674991607,0.01629606857895851,0.686754009872675
25,0.3843408405780792,8.59780912399292,0.20833445191383362,0.378474223613739,0.12612945586442947,0.02476646713912487,0.32594738006591795,2.431546688079834,0.1892675757408142,0.29442753791809084,0.1174355074763298,0.013772763125598431,0.6149033842608332
26,0.3754322588443756,4.964177751541138,0.20748295187950133,0.35280715227127074,0.12760370820760727,0.02457243986427784,0.3289832830429077,3.8374326705932615,0.1925361931324005,0.2929482102394104,0.11742462813854218,0.015447888895869255,0.6183569204062224
27,0.3972564101219177,6.335570049285889,0.21459917426109315,0.3803937673568726,0.13047017455101012,0.02466448023915291,0.36075603365898135,3.051920509338379,0.19323129951953888,0.3492214024066925,0.11841651052236557,0.014893415197730065,0.675762627646327
28,0.37413997054100034,7.851825428009033,0.20142143368721008,0.355355966091156,0.12190425544977188,0.023201414942741395,0.31963974237442017,6.373290252685547,0.1935959279537201,0.2556684225797653,0.12188992798328399,0.012325958162546159,0.5834802366793155
29,0.354808908700943,6.142139339447022,0.19936732649803163,0.312483149766922,0.12221111804246902,0.02254096418619156,0.31589353680610655,5.141879463195801,0.1821619987487793,0.267009299993515,0.11395703256130219,0.013230968080461026,0.5763592993840575
30,0.3657137334346771,4.944928169250488,0.20061294734477997,0.32675560712814333,0.12325607687234878,0.020533273369073866,0.31019518375396726,3.617806243896484,0.18782166838645936,0.2397308111190796,0.1176780492067337,0.011832541599869729,0.5570630703121424
31,0.36970495581626894,3.981521224975586,0.2018618643283844,0.3264011800289154,0.12418678998947144,0.02114117257297039,0.32034705877304076,2.868274211883545,0.18036612272262573,0.2686406850814819,0.11398009806871415,0.011121285334229469,0.5741081912070513
32,0.3814927816390991,6.22231707572937,0.19879948496818542,0.3508194923400879,0.1222826138138771,0.021403130143880844,0.37572147250175475,7.232413864135742,0.18501165211200715,0.3720532298088074,0.11358279138803482,0.010537055507302284,0.6811847288161518
33,0.3772260069847107,7.296543025970459,0.19857057332992553,0.3367845952510834,0.12293166071176528,0.01935366876423359,0.31077381372451784,3.8758006572723387,0.17079413533210755,0.2637427389621735,0.10623457729816436,0.010740837827324868,0.5515122894197702
34,0.3745082914829254,4.044781589508057,0.1974726915359497,0.32769213914871215,0.1226125031709671,0.019406243786215784,0.35461931228637694,3.8583635330200194,0.1856178343296051,0.31674149036407473,0.1147941380739212,0.01207925882190466,0.6292327215895057
35,0.36144567728042604,5.56560115814209,0.1895398736000061,0.3136195123195648,0.11748718619346618,0.01931449957191944,0.3231037974357605,5.346879959106445,0.17272047996520995,0.27025300860404966,0.11015545427799225,0.010316117852926254,0.5634450607001782
36,0.3518815517425537,4.5208581447601315,0.19062256217002868,0.2874342560768127,0.11841234117746353,0.01765301451086998,0.2883881688117981,1.8796102046966552,0.16506372690200805,0.21172192692756653,0.10602026730775833,0.009903455898165704,0.4927093770354986
37,0.3667257368564606,4.823095893859863,0.19244246184825897,0.3054472148418427,0.12072247862815857,0.018486533686518668,0.2829832673072815,2.7296499252319335,0.16148746609687806,0.20340850353240966,0.1044203445315361,0.009386965446174145,0.47870327960699793
38,0.3595085144042969,4.175576496124267,0.1920933187007904,0.28649709522724154,0.12107261270284653,0.016602311097085477,0.2910088121891022,2.5579460144042967,0.17149473130702972,0.1917974352836609,0.11155804991722107,0.008808624744415284,0.483658841252327
39,0.348086953163147,6.203649616241455,0.18155657351017,0.2829649865627289,0.11400596052408218,0.016778115183115005,0.2964947044849396,2.9574906826019287,0.16694572567939758,0.21009867191314696,0.10748073607683181,0.010578818619251251,0.4951039522886276
40,0.3472355842590332,5.750392293930053,0.1895014762878418,0.2586519718170166,0.11896532773971558,0.016774171218276023,0.3137953817844391,4.166221809387207,0.17732433080673218,0.2151769816875458,0.11545850932598115,0.008344888687133789,0.5163047105073929
41,0.36008402705192566,5.000953626632691,0.18600040078163146,0.28551903963088987,0.11780575215816498,0.01636507287621498,0.30266379117965697,4.185915446281433,0.1654617577791214,0.21837234497070312,0.1064008429646492,0.008888292871415616,0.49912323858588936
42,0.35730594396591187,5.939177513122559,0.1850678652524948,0.2784216791391373,0.11680692583322524,0.015724035911262035,0.3383252024650574,4.426156735420227,0.1765250086784363,0.2618425786495209,0.1126097172498703,0.008070754818618298,0.5590480593964458
43,0.36105847358703613,5.608755397796631,0.18748657405376434,0.2735831916332245,0.1190474808216095,0.016540879011154176,0.3445178151130676,2.4404844522476195,0.171567302942276,0.28620431423187254,0.10676370710134506,0.009058648347854614,0.5735939726233482
44,0.3517894268035889,4.349613380432129,0.17896028757095336,0.2738993316888809,0.11213469803333283,0.01555238403379917,0.31022526025772096,2.988612246513367,0.16416332125663757,0.22284773588180543,0.10639801025390624,0.007685696613043547,0.5010947640053928
45,0.3459510326385498,4.350676012039185,0.1756623774766922,0.2632264196872711,0.11118428409099579,0.01544338297098875,0.32274422645568845,2.4590291500091555,0.16287978887557983,0.24726139307022094,0.1053564116358757,0.0075990910641849044,0.5230966846458613
46,0.3566836595535278,3.7109230279922487,0.1858774185180664,0.25232854187488557,0.11903789937496186,0.01600684430450201,0.3294961333274841,2.9521217346191406,0.16739648580551147,0.24758347272872924,0.1070503130555153,0.00835166946053505,0.530381941050291
47,0.34731167554855347,5.366990995407105,0.17749930620193483,0.24961485862731933,0.11367784291505814,0.015474244207143783,0.32433357238769533,2.152299404144287,0.17484477460384368,0.2104894757270813,0.11422857046127319,0.007281618751585483,0.5068444395437837
48,0.34150495529174807,4.156234169006348,0.17712584137916565,0.23515535593032838,0.1134064882993698,0.014150925911962986,0.3101988911628723,2.7921610355377195,0.16619978845119476,0.20020464062690735,0.10825711339712143,0.007065242901444435,0.48172678537666797
49,0.3427771866321564,3.657503128051758,0.17378698587417601,0.23989937603473663,0.11190022379159928,0.014637516997754573,0.30949774384498596,3.367917704582214,0.1606195479631424,0.2024207293987274,0.1071508452296257,0.009002658352255822,0.47919378094375137
50,0.3529251515865326,3.6182869911193847,0.17595639526844026,0.24960305392742158,0.11355313956737519,0.014712720550596714,0.31645910143852235,1.7441649436950684,0.1593155086040497,0.22254172563552857,0.10365471094846726,0.006276249885559082,0.4917881950736046
51,0.33255892992019653,3.743109178543091,0.1703945904970169,0.21773559749126434,0.1108879029750824,0.013103321753442287,0.3142019331455231,4.209786379337311,0.16048989295959473,0.2065088152885437,0.10635450333356858,0.007155199721455574,0.4805084113031625
52,0.3560992419719696,2.1674605131149294,0.1779526025056839,0.2405056983232498,0.11563321202993393,0.013981513120234013,0.2950354814529419,1.550997543334961,0.15089499652385713,0.18875981271266937,0.10017907917499543,0.0073684281669557095,0.4472023165784776
53,0.33200799822807314,4.033170557022094,0.16937525272369386,0.20825351178646087,0.11125092804431916,0.013341029919683934,0.329668927192688,1.3969922065734863,0.16284309327602386,0.22606662511825562,0.10657083988189697,0.006584849767386913,0.5020654080435634
54,0.3486284136772156,3.0199865341186523,0.17271637916564941,0.2300549864768982,0.11227694898843765,0.014045679941773415,0.3366703987121582,2.417631721496582,0.17036621868610383,0.21761413514614106,0.10974263399839401,0.009254803881049156,0.506977791711688
55,0.3481974065303802,4.164215183258056,0.17222892343997956,0.22577050924301148,0.11237148642539978,0.013187708519399165,0.33580697178840635,3.2155871391296387,0.16410450339317323,0.22090054154396058,0.10969822853803635,0.008252031169831753,0.5029553046450019
56,0.3551886737346649,3.618165397644043,0.1772795170545578,0.2199845492839813,0.11623811423778534,0.013893180713057517,0.3327267229557037,1.929305362701416,0.1685072273015976,0.199515637755394,0.11289754360914231,0.006046597193926573,0.4869670058600604
57,0.3519175946712494,4.784548091888428,0.1688335657119751,0.23333762288093568,0.11032377779483796,0.012999597564339637,0.32478851079940796,2.1202444076538085,0.16010289490222931,0.20617770850658418,0.10535797625780105,0.006367354467511177,0.4780059341341258
58,0.3472857058048248,3.0310452938079835,0.16928500235080718,0.21952527165412902,0.11034968197345733,0.012253098003566266,0.31123621463775636,1.6977529287338258,0.16004621386528015,0.16998491883277894,0.10790029466152191,0.006372254621237516,0.4443036819808185
59,0.3435210645198822,4.271555995941162,0.1663646638393402,0.2150246262550354,0.10899962782859803,0.011702226474881172,0.2999712586402893,0.9780852556228637,0.15071679949760436,0.1694816455245018,0.10178158581256866,0.006224315240979194,0.42820434607565405
60,0.3530046284198761,2.9268959760665894,0.17065549492836,0.21505650579929353,0.11274837851524352,0.012630305625498295,0.3244664430618286,1.96113920211792,0.16049109697341918,0.18913258314132692,0.10692844539880753,0.006942321732640267,0.4634944472461939
61,0.35028735995292665,3.269187593460083,0.16840473115444182,0.21264370977878572,0.11089261025190353,0.012234208546578884,0.3535241425037384,2.498284435272217,0.16426295638084412,0.2315012812614441,0.10986821353435516,0.006963355466723442,0.5125958066433668
62,0.36469789147377013,2.8309121131896973,0.1725967824459076,0.22611375749111176,0.11333399713039398,0.011727792397141456,0.35191105008125306,2.241179275512695,0.16022935509681702,0.24191637635231017,0.104179048538208,0.00669946689158678,0.5130242468789219
63,0.35128750205039977,3.8282561779022215,0.1676114946603775,0.20775100886821746,0.11068546175956726,0.012019012309610843,0.3554047405719757,4.468424606323242,0.17169738411903382,0.20406043231487275,0.11569302678108215,0.00627250736579299,0.49772335058078176
64,0.346780389547348,3.1686132907867433,0.16387479305267333,0.2061851441860199,0.1079252153635025,0.011656913720071316,0.3174325466156006,1.7321331977844239,0.15788681507110597,0.1627250134944916,0.10709085315465927,0.006674325093626976,0.4343770068138838
65,0.367030930519104,4.093437242507934,0.16972961127758027,0.225045046210289,0.11184557676315307,0.011710809171199798,0.3168949246406555,1.4759410858154296,0.15370655357837676,0.1726227581501007,0.10281592905521393,0.0070917091332376005,0.43623694991692896
66,0.3367271959781647,3.833142852783203,0.1635320097208023,0.1767927199602127,0.10900828689336776,0.010687601938843726,0.33409551382064817,2.7266796350479128,0.1599184274673462,0.18322250247001648,0.10822940915822983,0.005629464797675609,0.4569998038932681
67,0.3690473437309265,3.3039541721343992,0.16810044944286345,0.22520782351493834,0.11113339215517044,0.010808156058192252,0.3324310839176178,1.5271777153015136,0.15791915655136107,0.1818615674972534,0.10682750344276429,0.0057683994993567465,0.4523766269907355
68,0.3497983455657959,2.565435552597046,0.166714408993721,0.18253853023052216,0.1120729386806488,0.011173847690224647,0.33151304721832275,2.0934588432312013,0.15295796394348143,0.19307863414287568,0.10246692150831223,0.005864790361374617,0.45436830995604394
69,0.3580849051475525,3.124709367752075,0.164886012673378,0.2042311280965805,0.10913028419017792,0.010724331252276897,0.36789609789848327,1.946932029724121,0.16045292615890502,0.24089893698692322,0.1067346304655075,0.005382798053324223,0.5134692916646599
70,0.35221285223960874,3.101514482498169,0.1622948318719864,0.19570986330509185,0.1074763759970665,0.011139561422169209,0.34167006611824036,4.40538182258606,0.1599709689617157,0.17772436439990996,0.10969748347997665,0.007167539559304714,0.45456035640090703
71,0.34590697288513184,4.286269164085388,0.15866305828094482,0.1873573660850525,0.10652219951152801,0.01102560367435217,0.3692838788032532,1.3789258241653441,0.16595082283020018,0.2140386074781418,0.11239260733127594,0.005838000308722257,0.4982200379483402
72,0.36791293025016786,4.044499397277832,0.16682746708393098,0.20166636109352112,0.11106669306755065,0.013040747866034508,0.34650402665138247,2.2357281684875487,0.16809513568878173,0.15496819615364074,0.1151050016283989,0.005842939298599958,0.4440112727694214
73,0.33930782675743104,2.8890964508056642,0.15974910259246827,0.16063744723796844,0.1079084500670433,0.011637481860816479,0.3056091606616974,1.9777926445007323,0.14639534950256347,0.13751205801963806,0.10068216025829316,0.005666259583085776,0.39025582736358044
74,0.33609743118286134,4.027396583557129,0.15434798896312713,0.170517697930336,0.10337627232074738,0.010141416266560555,0.3188417136669159,1.6261518955230714,0.1430551677942276,0.17469856142997742,0.09666410386562348,0.005410366971045732,0.41982820006087423
75,0.34972222447395324,3.381375455856323,0.15750583708286287,0.18399447202682495,0.10520701408386231,0.010359996743500233,0.38482500314712526,2.6292841911315916,0.16453914642333983,0.23535062074661256,0.10984347760677338,0.006508336961269378,0.5162415817379952
76,0.3498634874820709,2.4591173410415648,0.1612683802843094,0.1670130044221878,0.10814239978790283,0.010546579025685787,0.39451523423194884,1.0949504137039185,0.16726287007331847,0.2417321026325226,0.11175771057605743,0.006298420112580061,0.5270511033944786
77,0.36717489957809446,1.9680520057678224,0.16127674281597137,0.20022730827331542,0.10708740949630738,0.009859699569642544,0.3642993152141571,1.2705094337463378,0.1680496633052826,0.17194102853536605,0.11415482014417648,0.005041445046663285,0.45918695703148843
78,0.36679158806800843,3.9641802310943604,0.16083825826644899,0.1958318382501602,0.10718771815299988,0.009991048462688923,0.359689462184906,1.8129270553588868,0.1566248744726181,0.1965508759021759,0.10537723749876023,0.006825701426714658,0.4653786893002689
79,0.37582483887672424,2.81420042514801,0.160699263215065,0.20960562229156493,0.10683800876140595,0.011126073263585567,0.38565301299095156,1.5333196640014648,0.1702823370695114,0.19639630019664764,0.11591914594173432,0.006849427428096533,0.48944721063598984
80,0.3731370508670807,2.657254123687744,0.16455954313278198,0.1850218206644058,0.11102263033390045,0.010087916068732739,0.3638485074043274,0.9797932624816894,0.15469578504562378,0.20242966413497926,0.10534204691648483,0.005191686004400254,0.46765918210148816
81,0.36375482082366944,3.549898147583008,0.15914297699928284,0.18580704629421235,0.10679199993610382,0.009832661785185336,0.3354608416557312,1.6344638347625733,0.14933173656463622,0.16541949957609176,0.10092569589614868,0.004987346194684506,0.42066427823156116
82,0.34750124216079714,4.239462232589721,0.1564561754465103,0.1626347452402115,0.10511800348758697,0.009219387546181679,0.3326350569725037,2.713204097747803,0.15354394614696504,0.14570051431655884,0.10373899042606353,0.005003722570836544,0.40798717346042396
83,0.36653426885604856,2.3809908866882323,0.15865691602230073,0.1948818564414978,0.10577544420957566,0.009321971423923969,0.33667402267456054,1.3117972373962403,0.15225012302398683,0.15435407757759095,0.10460662692785264,0.00528046190738678,0.4164912894368172
84,0.3543022871017456,2.4477783203125,0.15686600506305695,0.17387272119522096,0.1057889699935913,0.00942190233618021,0.39422932267189026,2.5197972297668456,0.16080698668956755,0.24812414050102233,0.10649126172065734,0.005738002248108387,0.5211603911593556
85,0.3638079345226288,2.709115195274353,0.15909890234470367,0.18647419214248656,0.10701027065515518,0.008923310227692128,0.30464368462562563,1.5655694961547852,0.14198349714279174,0.1238840788602829,0.09863684624433518,0.004162565898150205,0.36866698814556004
86,0.3578360199928284,2.656410074234009,0.16120818853378296,0.16602180600166322,0.10915741175413132,0.008919009566307068,0.34831772446632386,1.5647997975349426,0.15443230271339417,0.17295111417770387,0.10492615699768067,0.004967445507645607,0.4372770193964243
87,0.3405001938343048,2.6281585454940797,0.1564554750919342,0.14572071135044098,0.10676403045654297,0.008840665873140096,0.34392218589782714,1.3220465898513794,0.15395162105560303,0.16497401744127274,0.10498806089162827,0.00499098589643836,0.4289046852849424
88,0.36444151401519775,3.1838213443756103,0.15917553007602692,0.18709900975227356,0.1073326364159584,0.008767679333686829,0.33261617422103884,1.6268282294273377,0.15306627750396729,0.14228927791118623,0.1060166284441948,0.004777294956147671,0.40614947881549596
89,0.34174610376358033,2.603196883201599,0.15070404410362243,0.16962867379188537,0.10195550471544265,0.00854444019496441,0.3415630280971527,1.5056578159332275,0.14947648644447326,0.1750383973121643,0.10233969539403916,0.004455272480845452,0.43130985163152213
90,0.3540530264377594,3.5150227546691895,0.1543567180633545,0.1829141139984131,0.10405699461698532,0.008364509232342244,0.36231151819229124,1.2006697416305543,0.15969462394714357,0.17959635853767394,0.11038862615823745,0.004860127251595259,0.4545397358946502
91,0.3623889684677124,3.015210247039795,0.15810784995555877,0.1871335655450821,0.10629962533712387,0.008829411864280701,0.35892544984817504,1.7256594181060791,0.15500037968158722,0.18979800641536712,0.10691060423851013,0.0042309085838496685,0.45593989891931413
92,0.35015782713890076,3.503945541381836,0.15624745488166808,0.16574472188949585,0.10673629641532897,0.008603431843221187,0.3081192851066589,1.5342728912830352,0.14518894255161285,0.11762099713087082,0.10178379267454148,0.004672113945707679,0.3692658463027328
93,0.3688786387443542,3.051900768280029,0.16250486373901368,0.18391168713569642,0.110059754550457,0.008716371469199657,0.32902339696884153,2.414719271659851,0.1425569772720337,0.17217050194740297,0.09843252450227738,0.003897290211170912,0.41705729393288493
94,0.35432907938957214,3.016510248184204,0.15690939724445344,0.17395605742931367,0.10627087652683258,0.008341553993523121,0.36505225896835325,0.7014665484428406,0.15930498242378235,0.19259004592895507,0.10722089409828187,0.004462724830955267,0.46357864728197457
95,0.3497354984283447,3.2199988842010496,0.15585182309150697,0.16709961891174316,0.10597954839468002,0.00870865974575281,0.3361019790172577,0.7289551138877869,0.1449585050344467,0.18097491860389708,0.09847620874643326,0.004359616618603468,0.4287692490033805
96,0.3411237716674805,2.268735384941101,0.15321061611175538,0.16056559681892396,0.10362924486398697,0.00800220649689436,0.3345116913318634,1.3689118504524231,0.15561438500881195,0.13682311475276948,0.10836525708436966,0.004241006448864937,0.405043763294816
97,0.34637290239334106,2.855933141708374,0.1542050689458847,0.1660137355327606,0.10508823990821839,0.008145453780889511,0.3375691890716553,2.457681894302368,0.14604645371437072,0.17782738208770751,0.1005916103720665,0.004034879757091403,0.4285003259312361
98,0.347269606590271,3.002698016166687,0.15239504873752593,0.17510395646095275,0.10342215597629548,0.007800864987075329,0.3336641311645508,1.4906642436981201,0.15055085122585296,0.15362932682037353,0.10410408824682235,0.004389066528528929,0.41267333282157775
99,0.36589592695236206,2.844804525375366,0.16157248318195344,0.18131098747253419,0.10967718809843063,0.00798150934278965,0.30233932137489317,2.869469165802002,0.1429553747177124,0.11369862258434296,0.10044593214988709,0.004177372297272086,0.3612773017492146
100,0.3479597568511963,2.4966896533966065,0.15706782639026642,0.15865948796272278,0.1074930414557457,0.00813831463456154,0.3123222887516022,1.6862693309783936,0.14226711988449098,0.13819266557693483,0.09878244698047638,0.004352780431509018,0.3835950128734112
101,0.34434279799461365,2.4347890853881835,0.15446386933326722,0.16067720651626588,0.10530266910791397,0.00847530160099268,0.2995558261871338,1.4190016269683838,0.1421935439109802,0.11124272346496582,0.0992437481880188,0.004994374886155129,0.35767439045011995
102,0.3362870395183563,3.532338762283325,0.153426855802536,0.14664409011602403,0.10535022616386414,0.00837582740932703,0.3229698181152344,1.8851455688476562,0.13707130551338195,0.18175832629203797,0.09273643642663956,0.0045658105053007604,0.4161318787373602
103,0.3496257722377777,3.431695985794067,0.15476531982421876,0.1717160314321518,0.10472484678030014,0.008555188775062561,0.30891881585121156,0.5170682072639465,0.1437373161315918,0.12353778779506683,0.10125330537557602,0.0043185838963836435,0.3728469931986183
104,0.33673667907714844,3.250221300125122,0.1513405978679657,0.15753966569900513,0.10244285464286804,0.008366783149540424,0.31476466059684755,1.0008312821388246,0.14437154531478882,0.13778626024723054,0.0991658553481102,0.004668253287672996,0.3859919141978026
105,0.3144669830799103,2.2548012733459473,0.1475385457277298,0.12301644086837768,0.1013751670718193,0.00809010025113821,0.3809466540813446,0.7325486063957214,0.16841857731342316,0.18995927572250365,0.11480520814657211,0.005486425291746855,0.47866948647424584
106,0.3266704440116882,2.670545196533203,0.14824794232845306,0.14647571444511415,0.10113077759742736,0.008107727579772472,0.301487934589386,2.5788004875183104,0.13158990144729615,0.1540156215429306,0.09077179133892059,0.004236856009811163,0.38061417033895856
107,0.32593135833740233,2.6204870700836183,0.15067705810070037,0.13530408293008805,0.10341083407402038,0.008382849022746086,0.3337490499019623,2.730422115325928,0.1498446524143219,0.1555634021759033,0.1035083368420601,0.0052287083119153975,0.4141450997442007
108,0.32720502018928527,1.8025275468826294,0.15100497901439666,0.13725135773420333,0.10336453765630722,0.008419651724398135,0.3016449987888336,1.5184402942657471,0.13578080832958223,0.1391501635313034,0.09387836754322051,0.004821495804935694,0.3736308352090419
109,0.3225768327713013,2.3744680404663088,0.14639828205108643,0.14457159042358397,0.09987920671701431,0.00802708389237523,0.33250629901885986,2.5526826858520506,0.15611359775066375,0.13079155683517457,0.10876435488462448,0.0044651243835687636,0.4001346338540316
110,0.3429186522960663,2.459446334838867,0.15314698219299316,0.16330240964889525,0.10414985716342925,0.007941200770437718,0.3247352182865143,2.339723086357117,0.13967617154121398,0.1751893103122711,0.09557557553052902,0.0037776125129312275,0.41421866989694534
111,0.3289132535457611,1.8992847442626952,0.1460222840309143,0.15993860960006714,0.098933844268322,0.007975645735859871,0.3504327952861786,1.162997341156006,0.15181591510772705,0.18245420455932618,0.10518912822008133,0.0044012860860675575,0.4438605339732021
112,0.3224474430084229,3.3167917251586916,0.1472043961286545,0.14156732857227325,0.10065515786409378,0.007608476188033819,0.3556198477745056,3.359719181060791,0.15333385169506072,0.1898697942495346,0.10531458705663681,0.004072993528097868,0.45259122652933
113,0.33303385972976685,2.4811155796051025,0.1499645382165909,0.15483338236808777,0.10185187160968781,0.007601511850953102,0.35372610092163087,1.1303324222564697,0.15593856573104858,0.17600368708372116,0.1075291469693184,0.004513111244887113,0.44398451102897524
114,0.3223309099674225,3.6836510181427,0.1476636588573456,0.1395145684480667,0.10116383731365204,0.00749225951731205,0.2931460738182068,0.87916579246521,0.13636721968650817,0.11740369200706482,0.09608401209115983,0.003986047115176916,0.35384097089990973
115,0.3270761489868164,2.525869274139404,0.1471596658229828,0.1513466253876686,0.10032213181257248,0.007842084206640721,0.3140363395214081,1.1478144764900207,0.14232733845710754,0.13986820727586746,0.09966959655284882,0.00421060505323112,0.3860757473390549
116,0.33428955674171446,2.256842517852783,0.1475519508123398,0.1652389198541641,0.10029595941305161,0.007644361164420843,0.2964035153388977,2.8347782135009765,0.1397528827190399,0.11398651897907257,0.09796670526266098,0.003381319670006633,0.35508742663078013
117,0.3283130884170532,2.6672119140625,0.15180396139621735,0.1362207427620888,0.10455329567193986,0.007690907642245293,0.3256630480289459,1.1380615234375,0.14898253381252288,0.1429056152701378,0.10307757705450057,0.004300258448347449,0.39926598458550877
118,0.32043536901474,2.3332687854766845,0.14773067831993103,0.13535332083702087,0.10142431110143661,0.00720743490383029,0.3437099397182465,1.0900528192520142,0.15509589910507202,0.15922537744045256,0.10688712447881699,0.004228421440348029,0.42543682246468956
119,0.3158035159111023,2.389851927757263,0.14551796913146972,0.13293315917253495,0.10010166466236115,0.007434615492820739,0.2961935520172119,1.3895502090454102,0.13702962398529053,0.12115351557731628,0.09683057367801666,0.0035132193472236393,0.3585269325878471
120,0.32013886570930483,2.0491886854171755,0.14429088830947875,0.14611561447381974,0.09926992356777191,0.007040487043559552,0.3162029623985291,1.0129796028137208,0.14554023146629333,0.13446909189224243,0.10138330161571503,0.004089782387018204,0.385482407361269
121,0.32158761024475097,1.8981602430343627,0.14391524195671082,0.15110804587602616,0.09845358580350876,0.00732951071113348,0.3054781436920166,1.5876841068267822,0.14168424606323243,0.12451550364494324,0.09955029785633088,0.003971663862466812,0.3697217114269734
122,0.31587326526641846,2.4873435258865357,0.14562152922153473,0.1324848785996437,0.10031227767467499,0.007394051179289818,0.33366243839263915,1.1325283288955688,0.14366687536239625,0.1773095890879631,0.09890576153993606,0.004870008118450642,0.424752234108746
123,0.3222206950187683,2.5638080835342407,0.1459541141986847,0.14438840746879578,0.10029086619615554,0.007563022337853909,0.334948742389679,1.216100937128067,0.1478508949279785,0.16790030598640443,0.10122044235467911,0.003854524437338114,0.42082616770640013
124,0.31759715676307676,1.945868980884552,0.14387358129024505,0.14252298772335054,0.09858903735876083,0.007746103778481483,0.2899726450443268,2.2383275985717774,0.13410118222236633,0.12110124230384826,0.09333997219800949,0.0039617280475795266,0.35250412477180365
125,0.2998402714729309,2.126486325263977,0.1395152509212494,0.12205980718135834,0.0955873116850853,0.0074156269431114195,0.33847689628601074,1.4847572088241576,0.15094731450080873,0.16319023072719574,0.10398284792900085,0.003903237171471119,0.42202363032847645
126,0.320811128616333,2.208962845802307,0.14581501483917236,0.14301098585128785,0.09975377321243287,0.00747369434684515,0.3307478964328766,1.6620537281036376,0.14144613742828369,0.18112343549728394,0.09696878045797348,0.0035425408743321894,0.4230808942578733
127,0.3344167470932007,2.4003786563873293,0.14666802883148194,0.1685447484254837,0.09960077404975891,0.007751139812171459,0.34453237652778623,1.6348466873168945,0.14672793745994567,0.1935364305973053,0.09927371144294739,0.003525029867887497,0.44306310936808585
128,0.3244961857795715,2.6955989360809327,0.14413539469242095,0.15727016627788543,0.0981458842754364,0.007159629836678505,0.3162151277065277,1.0420942783355713,0.14474706053733827,0.13808031678199767,0.1004430592060089,0.003969702776521445,0.3872401393018663
129,0.3038408994674683,2.018697774410248,0.13686439096927644,0.1391651913523674,0.09365688860416413,0.007474042661488056,0.2920447051525116,1.418112587928772,0.13418249487876893,0.12325227856636048,0.09343808591365814,0.005595957022160291,0.3564688163809479
130,0.3187386512756348,2.1415959119796755,0.14243968427181244,0.15002115368843078,0.09729263037443162,0.007991506718099117,0.36615447998046874,1.0529853463172913,0.15421336889266968,0.20934340953826905,0.10473995804786682,0.005058918334543705,0.47335565481334924
131,0.30679936408996583,2.787844014167786,0.1401407390832901,0.1327229142189026,0.09641892164945602,0.007756483647972346,0.3394968330860138,0.8804030895233155,0.15174975693225862,0.1621500164270401,0.10447313189506531,0.00439784824848175,0.4227707535028458
132,0.31489272117614747,2.690319776535034,0.14540190100669861,0.1320918470621109,0.09980204552412034,0.007285703532397747,0.3068459272384644,2.464896488189697,0.13949363827705383,0.1387512505054474,0.09610365480184554,0.003746025264263153,0.3780945688486099
133,0.3035938322544098,2.106171751022339,0.1382498949766159,0.13424842059612274,0.09478535056114197,0.006868730392307043,0.31774088740348816,0.9043429732322693,0.13812828660011292,0.1684669017791748,0.09343281388282776,0.0038926459848880766,0.4039206482470036
134,0.3205128014087677,2.2071931838989256,0.14660224914550782,0.1389445811510086,0.1009245827794075,0.007027355767786503,0.28846176266670226,2.533290410041809,0.12336750626564026,0.15478260219097137,0.08586693853139878,0.0036720050498843192,0.3676890520378947
135,0.3132788598537445,2.8786596775054933,0.1432727247476578,0.13518006205558777,0.09862129092216491,0.0075896247290074825,0.31547763347625735,0.6386798858642578,0.14483798742294313,0.13338596224784852,0.10202331244945526,0.0038467259146273136,0.38409398803487427
136,0.31120826601982116,2.4943294525146484,0.14222534298896788,0.13450577706098557,0.09831878691911697,0.006822513043880462,0.28933088183403016,1.5053499817848206,0.13256705403327942,0.12420274615287781,0.09305096119642257,0.003223013086244464,0.3530437744688243
137,0.3093124687671661,2.077115201950073,0.14111887216567992,0.13501508086919783,0.09706901609897614,0.007234069146215915,0.31631448268890383,1.3639026999473571,0.14952476918697358,0.12064043283462525,0.1043750911951065,0.004188793059438467,0.3787290862761438
138,0.3235367476940155,1.9251852750778198,0.14520128667354584,0.1502723976969719,0.09968151301145553,0.007035481370985508,0.277696293592453,2.1226825952529906,0.1286077007651329,0.11457725167274475,0.09018206149339676,0.003235812019556761,0.33660282595083113
139,0.30510217547416685,2.5979498863220214,0.14076098799705505,0.12819986939430236,0.09699025303125382,0.00650201290845871,0.30295729637145996,1.9810113430023193,0.13910663723945618,0.12894324362277984,0.09757871925830841,0.0036006126552820205,0.36922921277582643
140,0.30147897601127627,2.3474781990051268,0.136590313911438,0.13533400595188141,0.09402597099542617,0.006391372811049223,0.31039989590644834,1.6071077346801759,0.14063785672187806,0.1422190248966217,0.09707419723272323,0.0031566746067255734,0.3830877534579486
141,0.2984379708766937,2.707207369804382,0.14028365314006805,0.1157177060842514,0.09700332283973694,0.006584273651242256,0.29328341484069825,2.305131220817566,0.13315120041370393,0.13087452501058577,0.09289811700582504,0.0035937150940299036,0.36051755752414466
142,0.29115092754364014,2.3558780670166017,0.13236135840415955,0.12925383299589158,0.09089243412017822,0.006540422607213259,0.2773870587348938,1.9184571504592896,0.1375603586435318,0.08199185058474541,0.0971104472875595,0.0034406626131385566,0.3201033191289753
143,0.3082646012306213,2.2354097604751586,0.1420608639717102,0.1314633756875992,0.09699165374040604,0.00696079358458519,0.35624693632125853,1.1376805305480957,0.1509394407272339,0.2021808683872223,0.10254649966955184,0.003341097291558981,0.45900790607556696
144,0.29899839758872987,1.5071075677871704,0.1375124126672745,0.12751964777708052,0.0944122090935707,0.006627905834466219,0.2934649646282196,1.3777541875839234,0.1336427688598633,0.1308276653289795,0.0926341786980629,0.0035483799874782562,0.3606529928743839
145,0.3062211811542511,1.7839682340621947,0.14210981726646424,0.12459819614887238,0.09847862720489502,0.006667294725775719,0.2897713899612427,0.9582221031188964,0.13523954153060913,0.11730582416057586,0.09421633929014206,0.0033251946326345204,0.3500868996139616
146,0.2948767960071564,2.15305643081665,0.13903167545795442,0.11122862994670868,0.09700819700956345,0.006445205770432949,0.2607509821653366,1.5309603929519653,0.1216746598482132,0.10368417948484421,0.08573183566331863,0.003004817059263587,0.3140954920556396
147,0.3039478540420532,2.510715091228485,0.1403951495885849,0.12755219638347626,0.0965418592095375,0.006469503045082092,0.3022609233856201,1.9635427474975586,0.13476329445838928,0.1448391020298004,0.09323152452707291,0.003693106584250927,0.3765270275995135
148,0.30395014882087706,1.7673636436462403,0.14012792110443115,0.1283896178007126,0.09638046324253083,0.006493908911943435,0.284678590297699,1.6093358516693115,0.13340861201286316,0.11060907542705536,0.09411553740501404,0.003699772246181965,0.34183299709111453
149,0.3021482348442078,2.123257207870483,0.13996754288673402,0.12374269217252731,0.09701509475708008,0.006588493566960096,0.3068457245826721,2.0778974056243897,0.13748494982719422,0.14298622608184813,0.09630856513977051,0.0031182048842310905,0.37989794593304393
150,0.2967754304409027,2.922036075592041,0.14054953455924987,0.11076645255088806,0.09754319787025452,0.006598949152976275,0.28119240403175355,1.1715846538543702,0.1343208909034729,0.09976708590984344,0.09536907523870468,0.003237781208008528,0.3326948332600296
151,0.31056761741638184,2.02820942401886,0.14197356402873992,0.13572316318750383,0.09748810976743698,0.006488715577870607,0.3362374871969223,1.3464080333709716,0.15323728322982788,0.15262485295534134,0.105169016122818,0.0030374947004020215,0.41406864700838925
152,0.2773060977458954,1.7799369931221007,0.13115984499454497,0.104488305747509,0.09079366624355316,0.006216866802424193,0.2744349420070648,0.8495882987976074,0.13457980751991272,0.08485625088214874,0.0956192895770073,0.003615437261760235,0.318670785240829
153,0.2978736639022827,1.839389705657959,0.1361646294593811,0.12943027168512344,0.09376737922430038,0.0064530189149081705,0.30423287153244016,1.5835222363471986,0.13894398808479308,0.1331913113594055,0.09674446880817414,0.0038975082337856294,0.3727772764861583
154,0.29455159306526185,1.9205486536026002,0.13769867718219758,0.11625997424125671,0.09550806730985642,0.0064297100529074665,0.2815150320529938,1.6404286324977875,0.13478598594665528,0.0998870700597763,0.09502326399087906,0.0035245110280811786,0.3332208310253918
155,0.2943966448307037,2.8732664823532104,0.1385873168706894,0.11251498460769653,0.09639718234539033,0.0063093073666095735,0.3099540114402771,0.8197469711303711,0.13540236353874208,0.15780932903289796,0.09406757652759552,0.0031587794423103333,0.3904380485415459
156,0.31200534105300903,2.538042497634888,0.14355801939964294,0.13338184505701065,0.09853314757347106,0.006446485780179501,0.30065264105796813,1.5874444961547851,0.13673565089702605,0.1352219194173813,0.09477906376123428,0.0030539507977664472,0.3697905848734081
157,0.297230464220047,2.301158571243286,0.13332986384630202,0.13852003514766692,0.09152674227952957,0.006227659061551094,0.29818859696388245,1.4465651273727418,0.13824404180049896,0.12271891087293625,0.09681751430034638,0.003535145614296198,0.3613156125880778
158,0.2850246548652649,1.970025897026062,0.13603079617023467,0.1018116220831871,0.09500727653503419,0.006161524262279272,0.3146026492118835,1.8660973966121674,0.14504991769790648,0.13319317996501923,0.10141840428113938,0.0030754562467336655,0.3827369581907988
159,0.2888266026973724,2.1355905532836914,0.13596562147140503,0.11066630184650421,0.09462943375110626,0.005796762462705374,0.2706524729728699,1.2713872909545898,0.12435246109962464,0.11539861559867859,0.08723472952842712,0.0027319395914673804,0.32971774581819774
160,0.2824944019317627,1.9541902184486388,0.13252301514148712,0.10991493761539459,0.09196139425039292,0.006105013657361269,0.2988368809223175,1.4989271879196167,0.14064400494098664,0.11610625684261322,0.09876842796802521,0.002742643188685179,0.3582613329403102
161,0.29380945563316346,2.293156552314758,0.13810333013534545,0.1137695550918579,0.09587789177894593,0.005886917933821678,0.2841478556394577,1.7269622325897216,0.1373794659972191,0.0955050140619278,0.09744294732809067,0.0031458395533263683,0.3334732669405639
162,0.298490035533905,2.3599669456481935,0.13865219354629515,0.12242625653743744,0.09550030827522278,0.006248808093369007,0.2706480860710144,0.9150243759155273,0.1284223258495331,0.10085444897413254,0.09020041674375534,0.0031961903907358645,0.3226733819581568
163,0.29125638008117677,2.0474566221237183,0.1360006958246231,0.11542342603206635,0.09440291374921798,0.00628211060538888,0.27549325227737426,3.112563896179199,0.12782513499259948,0.1156335711479187,0.08833809345960617,0.0030265003442764282,0.33482329994440074
164,0.3009055495262146,1.999470067024231,0.13462519347667695,0.14141156077384948,0.0925962433218956,0.00595668638125062,0.30875160098075866,0.9295263290405273,0.13768658339977263,0.14688114821910858,0.09593985825777054,0.003369189938530326,0.3838767798151821
165,0.2972806453704834,1.9029305219650268,0.13698967397212983,0.12541412711143493,0.09449262470006943,0.0061825461685657505,0.28326165974140166,1.2338159084320068,0.13338068574666978,0.1094288855791092,0.09370826035737992,0.0029165617655962706,0.33943439344875515
166,0.2969617247581482,2.125488257408142,0.13849784135818483,0.12010401487350464,0.09536179006099701,0.006100168265402317,0.311018043756485,1.0353631496429443,0.14075918197631837,0.14061472415924073,0.09825175255537033,0.003399505978450179,0.38302516466937964
167,0.292864191532135,1.4355770587921142,0.13520958423614501,0.12074034810066223,0.09412720501422882,0.0063144535757601265,0.28974068760871885,1.7775522828102113,0.14127197861671448,0.09249654710292816,0.10051805227994919,0.003404781362041831,0.33769135936163364
168,0.28442261219024656,1.9090306282043457,0.13368095457553864,0.10813874900341033,0.09349357187747956,0.006357419025152922,0.2914331674575806,1.95598623752594,0.13464502692222596,0.12182193994522095,0.0943748414516449,0.003004643879830837,0.3538464521989227
169,0.29725470542907717,2.5375866651535035,0.1372279018163681,0.12409949898719788,0.09492426812648773,0.006105553824454546,0.3100063443183899,1.4742870092391969,0.14311545491218566,0.1305241823196411,0.09990562796592713,0.0034463478252291678,0.37699161302298306
170,0.27336634397506715,1.4585535526275635,0.13337137103080748,0.08682466968894005,0.09336169511079788,0.006441885605454445,0.2849604249000549,1.0386582136154174,0.13192114531993865,0.11583793014287949,0.09332349449396134,0.0035936450585722923,0.3446762150153518
171,0.2856825768947601,1.721098041534424,0.13411143124103547,0.11116890460252762,0.09289345294237136,0.00618648212403059,0.29664320349693296,2.1005985736846924,0.14608729183673858,0.09202074110507966,0.10294252783060073,0.0032060516998171805,0.34425661247223616
172,0.28361778855323794,1.345464324951172,0.13049518465995788,0.11902793496847153,0.09052247107028961,0.006172314379364252,0.3185899019241333,1.1154422402381896,0.14120348393917084,0.15645157396793366,0.09752144068479537,0.0032783877104520798,0.39845488630235193
173,0.28652281165122984,2.016089153289795,0.1353719115257263,0.10770554989576339,0.09415463209152222,0.006286977790296078,0.300213623046875,1.281383228302002,0.13875114917755127,0.12772312760353088,0.0960135966539383,0.0031745956744998693,0.36566246910952027
174,0.2923345685005188,2.276087784767151,0.13151144981384277,0.13520869314670564,0.09027022421360016,0.005897072236984968,0.28025504350662234,1.0665011405944824,0.12723251283168793,0.12489620447158814,0.08910406082868576,0.002940719109028578,0.34417349724099044
175,0.2819627344608307,2.098876404762268,0.12991933375597,0.11829427778720855,0.0898002952337265,0.006191915459930896,0.28602498173713686,1.6158803462982179,0.13627773523330688,0.10468765795230865,0.09592148959636689,0.0029638381209224464,0.33985072090290486
176,0.2751812756061554,1.4840593814849854,0.1286041647195816,0.10892108827829361,0.08913825154304504,0.005956622771918774,0.3074421763420105,1.2735229015350342,0.14129188060760497,0.13077147603034972,0.09934165328741074,0.0028458233457058666,0.3742508332710713
177,0.29355897307395934,1.832757592201233,0.13569141626358033,0.12231076657772064,0.09376724064350128,0.005889871530234814,0.3104866027832031,0.7106719255447388,0.14196385443210602,0.13452906310558319,0.09977428317070007,0.002967908326536417,0.37923510903492574
178,0.2790891766548157,1.1676743507385254,0.13232222199440002,0.10288120955228805,0.09243032783269882,0.005792059563100338,0.2890902519226074,0.873324191570282,0.1307696893811226,0.13079433441162108,0.09157814979553222,0.002690475946292281,0.3558326495345682
179,0.2848437547683716,1.7015684962272644,0.13355636596679688,0.11028995513916015,0.0933129221200943,0.00565895987674594,0.309054559469223,1.5634078502655029,0.14253198206424714,0.13137319386005403,0.09945723712444306,0.0027574801351875067,0.37611989318393174
180,0.2824819445610046,2.3456102132797243,0.13479025959968566,0.10185022205114365,0.09383347779512405,0.005866200756281614,0.307838237285614,1.5871257781982422,0.14287611246109008,0.1275314658880234,0.09955381006002426,0.0032851878553628922,0.37324657626450064
181,0.29508724212646487,2.41824631690979,0.13594801127910613,0.12458690851926804,0.09392202049493789,0.005847524013370275,0.2963868141174316,0.9900528907775878,0.13645220994949342,0.12710736840963363,0.0947745069861412,0.00321283470839262,0.36154692005366085
182,0.30024699568748475,2.1405593872070314,0.1378784656524658,0.12947778403759003,0.09458903521299362,0.006081199925392866,0.2980638682842255,1.9458333373069763,0.13984192609786988,0.11524295657873154,0.09909065663814545,0.0030196120031178,0.35719515131786467
183,0.28240785002708435,2.2729663610458375,0.13196706622838975,0.11118772476911545,0.09180266112089157,0.006088508944958449,0.31131393313407896,1.3278120040893555,0.14169198870658875,0.13808078169822693,0.09918827712535858,0.0027865606360137464,0.38174760816618797
184,0.28138219714164736,2.1043331146240236,0.1338803917169571,0.10164460241794586,0.093765227496624,0.00582854775711894,0.3017915070056915,1.1671687126159669,0.1425192415714264,0.11454919576644898,0.1004380688071251,0.0031191698741167783,0.3606256760191172
185,0.274044394493103,2.2015963554382325,0.1289345294237137,0.10430452972650528,0.08995806127786636,0.0059990609996020796,0.2741564214229584,0.5763334512710572,0.12822103798389434,0.10641005337238311,0.09129121154546738,0.0028782658278942107,0.32880056872963903
186,0.28166315853595736,1.7875566005706787,0.12885229140520096,0.12149738073348999,0.08916189074516297,0.005800568591803312,0.2678097516298294,2.241946077346802,0.12991731911897658,0.08860739469528198,0.09204740226268768,0.0030826548114418983,0.3136547708883881
187,0.2912700653076172,1.6330156087875367,0.13208989500999452,0.13047795444726945,0.09124263525009155,0.005397123098373413,0.29331122636795043,1.0511865258216857,0.13848130404949188,0.10897323787212372,0.0988461896777153,0.002994210738688707,0.3492949423380196
188,0.276023143529892,1.7529417514801025,0.1287092834711075,0.11051741391420364,0.08905329257249832,0.0060037289746105674,0.26800207495689393,1.3517348647117615,0.12530770599842073,0.10504987835884094,0.08879883289337158,0.0027411905117332934,0.32189760776236653
189,0.2730607748031616,2.0180792808532715,0.1303204044699669,0.09706801176071167,0.09140686392784118,0.005598987638950348,0.2604375958442688,1.1863248109817506,0.12535170316696168,0.08988162130117416,0.08893081396818162,0.0024285052670165895,0.30659264370333406
190,0.27417280375957487,1.9205923795700073,0.1315937876701355,0.09457731693983078,0.09228025823831558,0.006020195968449116,0.26198565363883974,1.7319637775421142,0.1260375738143921,0.08916972875595093,0.09023762792348862,0.002251162147149444,0.3076960926409811
191,0.27367823123931884,1.440360677242279,0.1300795465707779,0.099919131398201,0.09089212119579315,0.005494010075926781,0.2905788064002991,0.9920048952102661,0.1318877637386322,0.13069454282522203,0.09206951707601548,0.0025485238991677763,0.35720034753903745
192,0.2926172256469727,1.9305948495864869,0.13543984889984131,0.12042895257472992,0.09403052926063538,0.005864748358726501,0.33108616471290586,1.8210211038589477,0.1466722697019577,0.1615125298500061,0.10218507051467896,0.0029451197944581507,0.41331498986110093
193,0.27845627069473267,2.0364367246627806,0.13081057071685792,0.10759043097496032,0.09110652208328247,0.005487928353250027,0.2981843948364258,1.8025790095329284,0.1345743417739868,0.13777191638946534,0.09331348240375519,0.0028212317265570164,0.36848097229376436
194,0.2791534423828125,2.0993281602859497,0.13298141360282897,0.10083509236574173,0.09290124624967575,0.00570645909756422,0.3061473906040192,1.8856926918029786,0.14264553785324097,0.1266348958015442,0.09885379523038865,0.0026612340472638605,0.37079546293243765
195,0.2706365048885345,1.6733548402786256,0.130355629324913,0.09351775050163269,0.09067233353853225,0.005699336249381304,0.30460049510002135,1.5034887790679932,0.1426400899887085,0.12034654021263122,0.10043128579854965,0.002711699157953262,0.36612961515784265
196,0.278423535823822,1.6144183158874512,0.13145288825035095,0.10498931258916855,0.09160638451576233,0.005739217065274716,0.2563287913799286,1.193489706516266,0.1269088566303253,0.07475589513778687,0.0907023549079895,0.002679266594350338,0.295046373270452
197,0.27733715772628786,2.156102728843689,0.1310819298028946,0.10360626280307769,0.09147414565086365,0.005955898389220238,0.2802795052528381,0.7735844910144806,0.13458491563796998,0.09589994996786118,0.09635717570781707,0.0027748617343604566,0.3296169030480087
198,0.25795201063156126,2.555633783340454,0.1262979432940483,0.08020336925983429,0.08878893554210662,0.005526877194643021,0.2966683804988861,0.8939909696578979,0.13981299102306366,0.11543079912662506,0.0977908045053482,0.0026983551681041716,0.35573294982314113
199,0.2869270980358124,1.5270678520202636,0.13696849644184111,0.1030450478196144,0.09548873156309128,0.005894696526229382,0.2870078504085541,2.2074331283569335,0.13608295619487762,0.10629757046699524,0.09645647406578065,0.0026392494328320026,0.34147625016048555
200,0.2760418295860291,2.6184179306030275,0.13009603768587114,0.1051302507519722,0.09045021831989289,0.005860905349254608,0.2972695529460907,1.2624108076095581,0.14217962622642516,0.10675584077835083,0.10036301463842393,0.0026979430578649042,0.3519964247010648
201,0.2709702432155609,1.7261932134628295,0.13173928260803222,0.08757437020540237,0.09266020208597184,0.0055671407841146,0.26585020422935485,0.7151040434837341,0.130207622051239,0.08267499208450317,0.09297038465738297,0.002669374831020832,0.3085223736241459
202,0.26726163029670713,1.826914870738983,0.13208789378404617,0.07878382056951523,0.09292363077402115,0.005716390535235405,0.2661216795444489,0.9578917860984802,0.1271624282002449,0.09413141608238221,0.09062696099281312,0.0025331813376396894,0.3144539866130799
203,0.2756521224975586,2.137557768821716,0.12799407988786698,0.11148356497287751,0.08909298479557037,0.005646532308310271,0.30705989003181455,0.7448651194572449,0.14684333503246308,0.1113381713628769,0.10328809171915054,0.0025187376886606216,0.36398833580315115
204,0.279969310760498,2.2582647800445557,0.1318716138601303,0.10774049460887909,0.09162151664495469,0.005211864039301873,0.2768753945827484,2.7388869285583497,0.13150036782026292,0.10053662657737732,0.09370037168264389,0.002812687214463949,0.32855005329474807
205,0.2732050120830536,1.9707828998565673,0.12937458455562592,0.10144958347082138,0.09044539332389831,0.005320511385798454,0.29416132569313047,0.9545179009437561,0.1365885317325592,0.1216169998049736,0.09520984590053558,0.0031088592018932103,0.3565242366399616
206,0.2760446786880493,1.3951119661331177,0.13122785985469818,0.10023912340402603,0.09191964566707611,0.005555230099707842,0.2541136682033539,1.2498600840568543,0.1268521875143051,0.06933805495500564,0.09132840037345887,0.002528095617890358,0.29004673846066
207,0.2756188541650772,2.0404202580451964,0.13249677270650864,0.09530582427978515,0.09278198778629303,0.005374360084533692,0.2663970410823822,1.4652983665466308,0.12820802330970765,0.09184883683919906,0.0910272479057312,0.002474680822342634,0.3135587888769806
208,0.2738732695579529,1.7669209122657776,0.1325718492269516,0.09088589102029801,0.09317853450775146,0.005359893012791872,0.2925693213939667,1.3694711208343506,0.13616276681423187,0.11898364424705506,0.09566713273525237,0.0024952329229563476,0.3533087767194956
209,0.2854285776615143,1.8008292198181153,0.13540183305740355,0.10640443116426468,0.09399196356534958,0.0056651228107511995,0.2973326861858368,1.100128960609436,0.13703834712505342,0.12695627212524413,0.0953981801867485,0.0028360044118016957,0.36222880384884776
210,0.2767425000667572,2.212130069732666,0.12967329025268554,0.10772673189640045,0.09018107503652573,0.006049534864723682,0.2569238841533661,1.6343919277191161,0.12856906950473784,0.06863371580839157,0.09280188083648681,0.002472136914730072,0.2924768030643463
211,0.25147116780281065,2.253419017791748,0.12452690005302429,0.07346023172140122,0.08738654702901841,0.005655202735215426,0.28612537384033204,1.8602341651916503,0.13769001066684722,0.09814401119947433,0.09808905571699142,0.0025486025493592023,0.33647168013267215
212,0.2700520634651184,1.849534034729004,0.1314622461795807,0.08625022917985917,0.09267335087060928,0.005582704208791256,0.2839587092399597,2.691971445083618,0.12910584211349488,0.12457015216350556,0.09112416207790375,0.002887263800948858,0.347687420155853
213,0.2726150035858154,2.137659287452698,0.13068197369575502,0.09393659085035325,0.09213592857122421,0.005657597910612822,0.27729314267635347,1.0366014957427978,0.13335880488157273,0.094630865752697,0.09529333561658859,0.002651148196309805,0.3259341544471681
214,0.27220281958580017,2.1616866827011108,0.13188599646091462,0.09027372971177101,0.09233481287956238,0.005690295714884996,0.2947380244731903,1.3834213256835937,0.14387507289648055,0.09473495185375214,0.10201847106218338,0.0029539838433265686,0.3435824796557426
215,0.2755044877529144,1.3503512144088745,0.13325319886207582,0.09311594665050507,0.09293326288461685,0.0055200872011482716,0.2796055912971497,1.819909691810608,0.13765660524368287,0.08484121561050414,0.09830756932497024,0.002441646717488766,0.323247036896646
216,0.27582686543464663,2.150132942199707,0.13348929584026337,0.09222042411565781,0.09346951395273209,0.005515686329454183,0.2745305120944977,1.5941630363464356,0.13609035611152648,0.0794708713889122,0.09734767824411392,0.0027140689082443712,0.315622974652797
217,0.2656830310821533,1.6437094330787658,0.12612031102180482,0.09636407047510147,0.08862805962562562,0.005505227297544479,0.2679217278957367,1.569843053817749,0.12796273529529573,0.09562562108039856,0.09075524061918258,0.0027818876784294843,0.31712548467330637
218,0.27555137872695923,2.450318789482117,0.13005159497261048,0.10467547625303268,0.09034054428339004,0.00564300287514925,0.29261426329612733,1.7699122428894043,0.13487269282341002,0.12422947883605957,0.09438370764255524,0.002486229268833995,0.3559721085708588
219,0.26926865577697756,1.455435538291931,0.13010967075824736,0.08965287655591965,0.09158249199390411,0.005500116106122732,0.2745346128940582,0.9514191150665283,0.13404408991336822,0.08768917918205262,0.09547665864229202,0.0023385269567370416,0.31954845469444987
220,0.2685517370700836,1.6033730506896973,0.1308697819709778,0.0866510421037674,0.09165666997432709,0.0053995192050933834,0.2811801493167877,1.4560837745666504,0.13061676323413848,0.11281450688838959,0.09286407679319382,0.0025841122027486564,0.33887945911847056
221,0.2789615988731384,1.7345323801040649,0.13323061764240265,0.09951050132513047,0.09300480484962463,0.005941843986511231,0.2648592621088028,1.1738404750823974,0.13260668516159058,0.0708020195364952,0.09560531228780747,0.002492527989670634,0.3015065449755639
222,0.2783935904502869,1.7933547735214233,0.1301742225885391,0.10874953120946884,0.09109345525503158,0.0055023075081408026,0.26830599904060365,1.314417290687561,0.13156211674213408,0.08270741701126098,0.09403893053531646,0.002702470403164625,0.3110109346918762
223,0.26214051246643066,2.1022266387939452,0.12797858119010924,0.08273263275623322,0.09001560807228089,0.005560003872960806,0.2747277766466141,1.4664988040924072,0.13188792765140533,0.09788399338722228,0.0926828771829605,0.0024299603886902333,0.3248847586102784
224,0.2590708494186401,2.0571840524673464,0.12916525453329086,0.07089783027768135,0.0917414590716362,0.005430442746728659,0.27912577986717224,1.2234885811805725,0.13180547952651978,0.10404282808303833,0.09404427856206894,0.0025092325638979675,0.332401818735525
225,0.2553820550441742,2.0028128385543824,0.1262223467230797,0.07380211651325226,0.08944675326347351,0.005623806547373533,0.23514673709869385,1.7863477230072022,0.11961036622524261,0.05544773042201996,0.08668105155229569,0.0022629127837717534,0.26400206098333
226,0.2564534604549408,1.34463472366333,0.12540533393621445,0.0798610731959343,0.08850487619638443,0.0052254308946430685,0.2594017505645752,0.9146374940872193,0.12383328080177307,0.0925384670495987,0.08809567540884018,0.0024071046151220798,0.306874527875334
227,0.2694703221321106,2.0974229335784913,0.1316617965698242,0.08503374606370925,0.09259279519319534,0.005397699307650328,0.27066726982593536,0.5891703724861145,0.13318215161561966,0.08398233652114868,0.09423415511846542,0.0025196148082613943,0.3139182580634952
228,0.25798759162425994,1.9676304578781127,0.12550441175699234,0.08430137485265732,0.08764070123434067,0.005383575335144997,0.3039725661277771,0.7337261438369751,0.14048235416412352,0.1256967306137085,0.099241004884243,0.002801680751144886,0.36822177041321996
229,0.2655904710292816,2.0202811479568483,0.12840195894241332,0.08792994767427445,0.09034545421600342,0.0057561639696359634,0.29306607246398925,1.8721559762954711,0.1431804597377777,0.09522978663444519,0.10089538693428039,0.002750700432807207,0.34205633373931055
230,0.25491527020931243,1.8048041105270385,0.12801965028047563,0.0665892243385315,0.09090330302715302,0.005395420547574759,0.2835089862346649,0.8492433071136475,0.1380620539188385,0.09082587510347366,0.09876544922590255,0.0025370954535901546,0.3301904737018049
231,0.2475131094455719,1.7715970039367677,0.12132828086614608,0.07530458718538284,0.08595594316720963,0.005153185036033392,0.27107694149017336,0.9103067517280579,0.13634777069091797,0.07165481075644493,0.09767708033323289,0.002449415158480406,0.3081290769390762
232,0.25524396598339083,1.971756672859192,0.1269308567047119,0.07177867591381074,0.08965312540531159,0.0055412925779819485,0.2525274455547333,0.939059829711914,0.12777271568775178,0.06323659569025039,0.09203481376171112,0.002203210163861513,0.28524733530357477
233,0.252929162979126,2.09559485912323,0.12159582376480102,0.08674270957708359,0.08534139841794967,0.005241171270608902,0.285657075047493,0.8655592799186707,0.13453517109155655,0.10825213491916656,0.09561074823141098,0.002770158601924777,0.34116821284405885
234,0.2503963053226471,3.1231291770935057,0.12126639187335968,0.0826591283082962,0.08512266874313354,0.0053553501144051555,0.24560680985450745,1.053475284576416,0.1188114583492279,0.0822279468178749,0.08443233221769333,0.002498082909733057,0.2879698202945292
235,0.2561943054199219,2.0085140466690063,0.12238232195377349,0.09081383496522903,0.08556745797395707,0.005675218347460031,0.2587795317173004,0.6783494472503662,0.12349512279033661,0.09178430289030075,0.0881781354546547,0.0024282514583319425,0.30588581259362396
236,0.2626564383506775,2.405483913421631,0.12759971469640732,0.08623016700148582,0.08928621262311935,0.005310872755944729,0.2759449243545532,1.1100916028022767,0.1291375517845154,0.1076256662607193,0.09170946329832078,0.002570159221068025,0.33104284056462346
237,0.27237935066223146,1.5476707458496093,0.13028704226017,0.09575333446264267,0.09157291799783707,0.005285466089844704,0.26021841168403625,1.3944039344787598,0.12735034078359603,0.08238822668790817,0.09040046632289886,0.00254698172211647,0.3026860155165196
238,0.2662348210811615,2.033105707168579,0.1306953474879265,0.0808916449546814,0.09229720234870911,0.005592894181609154,0.2575375556945801,1.485060489177704,0.12289091944694519,0.09154678285121917,0.08768684715032578,0.00237278388813138,0.30449733333662155
239,0.24954927563667298,1.7052180767059326,0.12255781888961792,0.07648389488458633,0.08609894961118698,0.005301107000559568,0.24765530824661255,1.084680962562561,0.12325074672698974,0.06903809010982513,0.0887072965502739,0.0023564385250210763,0.28335257191210983
240,0.2501139998435974,1.5258906602859497,0.12654348611831664,0.06236702650785446,0.08980077505111694,0.005172441340982914,0.2963711142539978,1.1902401447296143,0.13684720396995545,0.12356262505054474,0.09628976434469223,0.0029056317638605834,0.359605225129053
241,0.2611162096261978,1.668456220626831,0.12977997660636903,0.07375979125499725,0.09180469959974288,0.005303282011300326,0.248498398065567,0.607262659072876,0.12236925661563873,0.07305168733000755,0.0881054937839508,0.002995610050857067,0.28652204778045415
242,0.2583014130592346,1.6551621913909913,0.1250725045800209,0.08507544994354248,0.08789009898900986,0.005602165125310421,0.2503489702939987,1.7384849309921264,0.12616581320762635,0.06515302956104278,0.09021963477134705,0.002774022473022342,0.2843125000130385
243,0.2504267543554306,1.5001891493797301,0.1233252078294754,0.07435635775327683,0.08727485239505768,0.0052970340475440025,0.2599359810352325,1.1877981185913087,0.13083262145519256,0.06883718371391297,0.09338342994451523,0.002602692460641265,0.29565592757426207
244,0.24908433854579926,1.2131418704986572,0.12283643335103989,0.07365043386816979,0.0868401661515236,0.00516505166888237,0.2599086582660675,0.858462142944336,0.12669023424386977,0.08480721637606621,0.08967124670743942,0.0022871233988553284,0.30345582072623073
245,0.23842945992946624,1.5913331508636475,0.1209212526679039,0.058108816295862196,0.08584397584199906,0.005219641048461199,0.2648351818323135,0.9601040601730346,0.13327041864395142,0.07228047996759415,0.094080850481987,0.0026873388327658177,0.3023190879262984
246,0.25253874957561495,1.9681979656219482,0.12562138736248016,0.07047872468829156,0.08901207149028778,0.0053318685851991175,0.26484140157699587,0.9413692831993103,0.13209946155548097,0.07350159287452698,0.09467720836400986,0.0026278670877218245,0.30290612988173965
247,0.24008535146713256,1.9996870160102844,0.11996608227491379,0.0639075830578804,0.0855504885315895,0.005229976680129767,0.24330893456935881,0.7440572619438172,0.12525591254234314,0.050285819172859195,0.09169716387987137,0.0024258970748633145,0.269664792669937
248,0.24430799186229707,2.028627562522888,0.12371249943971634,0.0602180726826191,0.08777526021003723,0.005422389321029186,0.2486754834651947,1.2133614540100097,0.12486479580402374,0.0654367208480835,0.08993027061223983,0.0023241309449076653,0.28255591820925474
249,0.24579770863056183,1.4579111337661743,0.12446940541267396,0.0599226675927639,0.08879109472036362,0.005151747260242701,0.2424684226512909,1.5464391708374023,0.12184870839118958,0.06428137719631195,0.0871954545378685,0.0025671546813100577,0.2758926948066801
250,0.24637481868267058,2.3348896980285643,0.12382291108369828,0.06449599340558052,0.0876312404870987,0.005345352552831173,0.2592211335897446,1.2272267282009124,0.12730450481176375,0.08014970421791076,0.09065756946802139,0.002368414821103215,0.3004801933187991
251,0.24034950137138367,2.131966304779053,0.11995516568422318,0.06471528857946396,0.08538130074739456,0.005310785304754972,0.27581157684326174,1.0008326292037963,0.13942391872406007,0.06954016685485839,0.10046497136354446,0.002305207587778568,0.3117342645302415
252,0.25687466859817504,1.6662218809127807,0.12780782878398894,0.0712211474776268,0.090915946662426,0.005080641154199839,0.26657581329345703,1.1301187515258788,0.1312171369791031,0.08196009397506714,0.09332440197467803,0.002108492236584425,0.3086101251654327
253,0.2507414549589157,1.6535133361816405,0.12246613502502442,0.07848182320594788,0.08654864728450776,0.0049715165980160235,0.24082445204257966,1.2724055051803589,0.12046454399824143,0.06471159756183624,0.08667150437831879,0.0026651871390640735,0.2745128330774605
254,0.27440168857574465,2.170850324630737,0.1298200786113739,0.10098548084497452,0.09139908701181412,0.0053795441053807735,0.25698227286338804,1.5533743500709534,0.12696125507354736,0.07542791068553925,0.09098347127437592,0.0026471530087292193,0.2960197900421917
255,0.2586552560329437,2.180067610740662,0.12625364661216737,0.08235622197389603,0.0886579692363739,0.005131053924560547,0.2815019190311432,1.6215353429317474,0.13792550265789033,0.08628381788730621,0.09935473352670669,0.002159524103626609,0.3257235781755299
256,0.24699913263320922,1.4671654462814332,0.12227835953235626,0.07109447121620179,0.08663066029548645,0.0050857413560152056,0.2382181167602539,1.544547927379608,0.12269122004508973,0.05017227530479431,0.08928751647472381,0.0023065028712153436,0.26445751469582324
257,0.23622784316539763,1.5272595286369324,0.12141111493110657,0.05169439092278481,0.08648559898138046,0.004967861156910658,0.2605660051107407,1.204815673828125,0.13440314531326295,0.05594157502055168,0.096856127679348,0.00267188623547554,0.28987273424863813
258,0.23746825754642487,1.5967353582382202,0.11900111883878708,0.0626867838203907,0.08450650423765182,0.005234461836516857,0.2384743869304657,2.182000160217285,0.11799174845218659,0.06887384355068207,0.08489906638860703,0.002293273899704218,0.2740579322911799
259,0.2390120208263397,1.4494972229003906,0.12018978148698807,0.06208147779107094,0.08536098599433899,0.004841027688235045,0.24693689942359925,1.2675408840179443,0.12271973490715027,0.06866555511951447,0.08869602233171463,0.0023767276667058467,0.2824580400250852
260,0.2481079012155533,1.6027984619140625,0.12490153908729554,0.06340798661112786,0.08897506892681122,0.005054601095616817,0.24760475158691406,0.6378844976425171,0.12208399623632431,0.07182058840990066,0.088496133685112,0.0022286679595708847,0.28462938629090784
261,0.2326412171125412,1.4613970279693604,0.12061164826154709,0.046651691198349,0.08625669479370117,0.0048940621316432955,0.237776318192482,1.7331753015518188,0.12162097990512848,0.05401052534580231,0.08801342844963074,0.002273284364491701,0.2659182180650532
262,0.25405718088150026,2.887239408493042,0.12881553471088408,0.06233775541186333,0.09152107238769532,0.005103378370404243,0.24641222059726714,1.1177600383758546,0.1267346829175949,0.05461718365550041,0.09114348143339157,0.0024509471841156483,0.27494629519060254
263,0.24004991054534913,1.9071293830871583,0.12261058539152145,0.05459023416042328,0.08759291768074036,0.005102588050067425,0.23602682650089263,1.3944892883300781,0.12214735150337219,0.048404871672391894,0.08848370462656022,0.0023866828996688128,0.26142261070199313
264,0.24320145845413207,1.8968107938766479,0.1245165377855301,0.05469894111156463,0.08877285867929459,0.0051251729018986225,0.22533276081085205,1.6032061100006103,0.11660797595977783,0.0463480994105339,0.08453983962535858,0.0020217510405927896,0.2495176660362631
265,0.2347431778907776,1.3795841574668883,0.12181898504495621,0.04652344658970833,0.08716167360544205,0.0050015877932310104,0.24180917143821717,1.1428483784198762,0.12273696660995484,0.0571279376745224,0.08937672823667527,0.002263008011505008,0.27150464053265755
266,0.23983084559440612,1.8787919998168945,0.12412905097007751,0.048063284158706664,0.08907375782728195,0.005192790552973748,0.2473771572113037,1.2038338661193848,0.12574001848697663,0.05773263834416866,0.09167389273643493,0.002193870162591338,0.27734041973017154
267,0.23989042937755584,1.6651267290115357,0.12242233455181122,0.05461588799953461,0.08765302449464799,0.0050142486579716206,0.2473509430885315,0.8456288576126099,0.13088004887104035,0.03966137319803238,0.09533494114875793,0.00261055426672101,0.2684869174845517
268,0.2460605353116989,1.8445886850357056,0.12444551289081573,0.06096507161855698,0.08867154717445373,0.00492187449708581,0.2319279670715332,1.590539312362671,0.11909805238246918,0.04919486492872238,0.08700602799654007,0.002452897932380438,0.2577518432401121
269,0.23621447384357452,2.2109328269958497,0.12121154218912125,0.052367697656154635,0.08622578084468842,0.0051865953020751475,0.2651856392621994,1.2867091178894043,0.13371080607175828,0.06930475085973739,0.09544009417295456,0.002764732390642166,0.3012203834950924
270,0.24432921707630156,1.8385648488998414,0.12555313855409622,0.0534174881875515,0.08940521776676177,0.0053242363035678865,0.24286631345748902,1.1504263162612915,0.12691559195518493,0.04520754590630531,0.09215937703847885,0.00237511876039207,0.2666576336603612
271,0.22754992544651031,1.5272549510002136,0.1182221606373787,0.04551960751414299,0.08409152030944825,0.004952895082533359,0.2523235082626343,1.1382035434246063,0.12906859517097474,0.06033003851771355,0.0917317032814026,0.002716378681361675,0.28384671565145253
272,0.237124103307724,1.9413822650909425,0.12150643467903137,0.05215449929237366,0.08702511191368104,0.005030620843172073,0.24084144830703735,1.6869306564331055,0.1249902993440628,0.045949557423591615,0.09179282635450363,0.0021670819260179996,0.26489976504817603
273,0.23448860943317412,2.3463688135147094,0.11944030076265336,0.05447611138224602,0.08540449142456055,0.004811538849025965,0.23946431279182434,1.5680562257766724,0.12384693622589112,0.05021601915359497,0.08944613635540008,0.002126471092924476,0.2656355628278106
274,0.2376541703939438,2.130853700637817,0.12285581529140473,0.04957915470004082,0.08740950226783753,0.005198540911078453,0.2442356675863266,0.9849842309951782,0.12437828630208969,0.058282145857810976,0.08966080546379089,0.0021110101137310267,0.2744322477374226
275,0.22984400391578674,2.1987704038619995,0.11789315193891525,0.050257039815187456,0.0843793198466301,0.004886025562882423,0.2396334856748581,0.5583061575889587,0.12395291179418563,0.048900841176509856,0.09012652486562729,0.002207258413545787,0.26518753624986857
276,0.22895511984825134,2.7957762241363526,0.11677574962377549,0.05219415798783302,0.0834807351231575,0.0052031009458005425,0.2447313606739044,0.8747258186340332,0.12734613716602325,0.047722126543521884,0.09223778247833252,0.0025727404281497,0.2698787866160274
277,0.2411195933818817,1.8171093940734864,0.1233777403831482,0.05313183069229126,0.08855576366186142,0.005240354873239994,0.2540379106998444,1.0451099872589111,0.13069689273834229,0.054012763500213626,0.0950969859957695,0.002475310117006302,0.2822819523513317
278,0.23529836237430574,2.3203156709671022,0.12230412364006042,0.045784680545330046,0.08768439143896103,0.0048350121825933455,0.24451263546943663,1.0941101551055907,0.12573609352111817,0.05367169380187988,0.09092959314584732,0.0020222321152687074,0.27235961258411406
279,0.23252060413360595,1.505787181854248,0.12065242975950241,0.04557069838047027,0.08653118312358857,0.005103299301117659,0.24805197715759278,0.9221027851104736,0.1283123731613159,0.050284700095653535,0.0934585988521576,0.0022773035336285828,0.27433297564275566
280,0.22840205132961272,1.5766301512718202,0.11807491928339005,0.04574156329035759,0.08496236354112625,0.00498798480257392,0.25212466418743135,0.7038124680519104,0.13069951832294463,0.05058644711971283,0.09500204771757126,0.002259731013327837,0.27854774417355654
281,0.23203665614128113,1.872508955001831,0.11991354078054428,0.047187084704637526,0.08608296662569045,0.004893211554735899,0.23593488931655884,2.33621826171875,0.12336142659187317,0.04122531935572624,0.0907706692814827,0.0023802760988473892,0.2577376913279295
282,0.21761158406734465,1.801047396659851,0.11356780976057053,0.0395940288901329,0.08185995072126388,0.004773631691932678,0.23412635326385497,1.6082141160964967,0.1223299115896225,0.04331929162144661,0.08904819041490555,0.002177195390686393,0.25687458901666105
283,0.22869114577770233,1.5136434316635132,0.11935827732086182,0.04258769005537033,0.08555960357189178,0.004958850424736738,0.25770126581192015,1.1155282080173492,0.13376670479774475,0.05123526602983475,0.0971487358212471,0.0023363970685750246,0.2844871037174016
284,0.2293704628944397,2.385457444190979,0.11929554343223572,0.04385517314076424,0.08565997034311294,0.004974711779505014,0.23908472955226898,1.0049894809722901,0.12339583933353424,0.04978118687868118,0.08961648792028427,0.0023636284051463006,0.265157142537646
285,0.22940631508827208,2.083021855354309,0.1204951673746109,0.04016718901693821,0.0864067628979683,0.004841572605073452,0.24519118070602416,0.9383918523788453,0.12716525197029113,0.0502046748995781,0.09184107631444931,0.002165040420368314,0.27137604360468687
286,0.22823978960514069,1.7374992847442627,0.11976996958255767,0.03944041915237904,0.0863546147942543,0.004789990186691284,0.23902050852775575,1.337433123588562,0.12485265731811523,0.04257717579603195,0.09170955866575241,0.002339406730607152,0.26147879851050676
287,0.22098592817783355,1.6231912970542908,0.11620233058929444,0.03752819634974003,0.08359610289335251,0.004846787173300981,0.24974330067634581,1.9480688095092773,0.1296718806028366,0.04897040277719498,0.09437922388315201,0.002413981035351753,0.2754354882985353
288,0.22659740447998047,1.5804098844528198,0.11747718155384064,0.04408399909734726,0.08468070477247239,0.004795028641819954,0.22842446565628052,0.8173610031604767,0.119204181432724,0.04254318177700043,0.08668946176767349,0.002518443390727043,0.250955268368125
289,0.2218670129776001,1.752438759803772,0.11601626724004746,0.03912845179438591,0.08385107666254044,0.00487088980153203,0.2260296255350113,1.3819248676300049,0.1216588169336319,0.02692531272768974,0.08986381143331527,0.002088652830570936,0.24053659392520785
290,0.22786404490470885,1.4122637510299683,0.11958176791667938,0.039251500740647316,0.08622289597988128,0.0048672533594071865,0.24658644795417786,0.9122070431709289,0.13288438469171523,0.029735974967479706,0.097706900537014,0.002254369808360934,0.26258163000456985
291,0.23046975135803222,1.5765969038009644,0.12096897661685943,0.040346402674913406,0.08684999197721481,0.004955160059034824,0.2291230946779251,0.9540901422500611,0.12124567478895187,0.03681898713111877,0.08848552107810974,0.0019648145884275437,0.24851499758660792
292,0.2208201617002487,1.5190783977508544,0.11532987654209137,0.040411177650094034,0.0827383816242218,0.005092634726315737,0.21269700825214385,1.2834349632263184,0.1118690550327301,0.03429025411605835,0.08256992697715759,0.0022257778793573378,0.23095501400530338
293,0.23205766081809998,1.801601529121399,0.12094801664352417,0.0435487799346447,0.0868660718202591,0.004938367288559675,0.2396108627319336,0.8385671496391296,0.12498477399349213,0.0453797422349453,0.09086622446775436,0.0021399995079264046,0.2633707402041182
294,0.22455174922943116,1.2950807332992553,0.11752204596996307,0.040393612906336786,0.0843261644244194,0.005013463646173477,0.24240334033966066,1.3988616228103639,0.12771184146404266,0.04121091067790985,0.09292802512645722,0.0023160573095083238,0.26416683457791806
295,0.22494390308856965,1.260622215270996,0.11661961525678635,0.04426462315022946,0.08386678546667099,0.004650381114333868,0.23734855353832246,1.3618817925453186,0.12509243786334992,0.03858586549758911,0.09183775335550308,0.0022508612601086497,0.25776691797655077
296,0.22764478921890258,1.8482611417770385,0.11986990422010421,0.037598373368382454,0.08665418177843094,0.004643034096807242,0.23349981904029846,0.8043500900268554,0.12760063707828523,0.02215561494231224,0.09377901554107666,0.0020847255829721687,0.24561999314464633
297,0.2240755319595337,1.824836266040802,0.11774364560842514,0.038086223602294925,0.08493013381958008,0.004717285837978124,0.21988649368286134,1.3064633846282958,0.11654803007841111,0.032975251972675326,0.08583581894636154,0.0020300415344536304,0.23738914253190163
298,0.2247805804014206,1.5741526365280152,0.11843896210193634,0.03629065901041031,0.08580486476421356,0.004782859142869711,0.24684207737445832,1.141965913772583,0.12188623547554016,0.0695471003651619,0.08912333995103836,0.0021179148461669683,0.28267459063790734
299,0.22982421815395354,2.0872930526733398,0.11877701729536057,0.04691536724567413,0.08515248596668243,0.004874064680188894,0.23709564805030822,0.5624863386154175,0.1256083905696869,0.038851702213287355,0.09108017981052399,0.001962460344657302,0.2575027329381555
300,0.2290455311536789,1.1247534155845642,0.11829384863376617,0.04669280461966992,0.08495866805315018,0.004893220495432615,0.22260283827781677,0.944986891746521,0.11850229799747466,0.03141350820660591,0.08734443485736847,0.0020986963994801045,0.23935893746092915
301,0.23398958146572113,1.7850738286972045,0.12012326270341873,0.051030950620770454,0.08591671139001847,0.004868264403194189,0.23279094696044922,0.9676105678081512,0.1235579490661621,0.03404730670154095,0.09098052382469177,0.002457644743844867,0.2510434243362397
302,0.22333573400974274,2.050830101966858,0.11728260815143585,0.03767836317420006,0.0848144456744194,0.004798991046845913,0.23421671688556672,1.0978968620300293,0.12630101889371873,0.02869720682501793,0.09255573153495789,0.002022733772173524,0.24957669102586805
303,0.22187537848949432,2.0721867799758913,0.11589273810386658,0.039586567878723146,0.0837063506245613,0.0049660298973321915,0.21585143506526946,1.5718569040298462,0.11129368245601653,0.04340317100286484,0.08183040171861648,0.002051544655114412,0.23857879983261226
304,0.23034008145332335,1.8076881289482116,0.12079596817493439,0.04002365991473198,0.08716129660606384,0.004741953499615192,0.2414146602153778,1.1743990898132324,0.12350107729434967,0.05315025970339775,0.09022760093212127,0.0022216969635337593,0.26910063489340247
305,0.22056254148483276,1.4636554837226867,0.11247381120920182,0.04953983500599861,0.08101106137037277,0.004615483898669481,0.2688126802444458,0.9310045063495636,0.13454788327217101,0.07233508527278901,0.09683870673179626,0.0025170880369842054,0.3062387633137405
306,0.23617874085903168,1.8285847902297974,0.1208274781703949,0.05247444808483124,0.08663466572761536,0.004958756268024445,0.23485152125358583,0.7461907863616943,0.11842008233070374,0.05981866419315338,0.08557901233434677,0.0018862013705074788,0.2657039602287114
307,0.228512179851532,2.03292236328125,0.11865606009960175,0.04406553581357002,0.08532366305589675,0.004999389685690403,0.2389342665672302,0.5897961258888245,0.1235477477312088,0.0484697662293911,0.09012293368577957,0.002057403209619224,0.2641978508559987
308,0.2164008468389511,1.713964545726776,0.11281753331422806,0.03988019041717052,0.08134625405073166,0.004593930300325155,0.23536688089370728,1.2604512214660644,0.12296319901943206,0.04472482167184353,0.0889099344611168,0.002262694202363491,0.25886064935475583
309,0.21712317168712617,1.8472319841384888,0.11135688126087188,0.04604830667376518,0.08034175038337707,0.004800771735608578,0.22035391330718995,0.8487732589244843,0.11281480491161347,0.04852416515350342,0.08209738880395889,0.0023592777317389844,0.24579563660081477
310,0.21202932596206664,1.653262686729431,0.11309346109628678,0.02896348126232624,0.08212863206863404,0.004650997091084718,0.23421904742717742,0.7484293937683105,0.1217043474316597,0.045292234420776366,0.08871808350086212,0.0023009818978607655,0.25801564725115894
311,0.22125109136104584,1.364148783683777,0.11835386008024215,0.02999778278172016,0.08568747043609619,0.004421739093959332,0.24204419255256654,1.5751771450042724,0.1254064679145813,0.04797421917319298,0.091611610352993,0.0020780042512342336,0.26707030169200147
312,0.22233033180236816,1.536811923980713,0.11646459996700287,0.03899211809039116,0.08397994488477707,0.0047794637270271775,0.2330242395401001,1.2733908653259278,0.12240055203437805,0.04031987339258194,0.08952275216579438,0.0018819818971678615,0.25412515948992226
313,0.21991187930107117,1.671461582183838,0.11501384973526001,0.039808323979377745,0.08273755013942719,0.004512626770883798,0.2339978337287903,2.150508189201355,0.1233218103647232,0.03837928101420403,0.09037991613149643,0.002212919993326068,0.25429392750374974
314,0.22807769775390624,1.4885340213775635,0.12029580175876617,0.03660939149558544,0.08720724880695344,0.0045399140566587445,0.2165214717388153,0.6174750685691833,0.11588893234729766,0.026390637457370757,0.08638814836740494,0.0020981445675715806,0.23076586273964492
315,0.2179589569568634,1.3923185825347901,0.115888112783432,0.03150119297206402,0.08409788012504578,0.0044447328895330426,0.2399688959121704,1.5393412947654723,0.12334534078836441,0.05087093412876129,0.09010618925094604,0.0021637876285240053,0.26648625179659574
316,0.22288089096546174,3.0197932958602904,0.11800558567047119,0.033704090118408206,0.08569924384355546,0.004648028966039419,0.25919742584228517,1.2430336952209473,0.13661600053310394,0.044032507389783856,0.09950518161058426,0.002120012138038874,0.2822737016715109
317,0.22412900626659393,1.7274975180625916,0.11803048551082611,0.03748235777020455,0.08505194634199142,0.004610797856003046,0.23236836791038512,1.2224906921386718,0.1233714610338211,0.03401944637298584,0.09084381610155105,0.0022867176681756972,0.2505214411765337
318,0.22374686300754548,1.7388364315032958,0.11766630560159683,0.03766678795218468,0.08490745574235917,0.004679408017545938,0.21384964883327484,0.8128453493118286,0.11555644869804382,0.0248198077082634,0.08483774214982986,0.0020911017432808875,0.22730510029941797
319,0.21821781098842621,1.4895992517471313,0.11547600030899048,0.03407934010028839,0.08344305902719498,0.004518149886280298,0.20592822432518004,0.7116716384887696,0.11089534759521484,0.023924392461776734,0.08214101344347,0.0018593436805531382,0.2188200971810147
320,0.22559569776058197,1.9582654356956481,0.11908050328493118,0.03689720965921879,0.08579410910606385,0.004544985014945269,0.23362767100334167,1.2137308597564698,0.12376105785369873,0.03782207667827606,0.08997090309858322,0.001969338650815189,0.25352337628137317
321,0.22253353297710418,2.0531462669372558,0.11689940690994263,0.03788461983203888,0.08440271466970443,0.0045782034285366535,0.24093814492225646,1.4973724365234375,0.12428956925868988,0.05061784833669662,0.09029489010572433,0.0020895426627248526,0.26729185036383574
322,0.2217019498348236,1.7621660232543945,0.11794275492429733,0.03151503317058087,0.08570719510316849,0.004588952474296093,0.2473315864801407,0.9114043235778808,0.12886242121458052,0.04790901243686676,0.09333382397890091,0.0023616918362677096,0.2724669494666159
323,0.2264404594898224,1.4649317264556885,0.11882786750793457,0.03914047032594681,0.08564996123313903,0.0047847781330347065,0.21558714807033538,1.1751012682914734,0.11131450384855271,0.043318749964237215,0.08158515691757202,0.002056212816387415,0.23827462354674933
324,0.21144651472568513,1.398756754398346,0.11205760836601257,0.03129192404448986,0.08144413977861405,0.004597615357488394,0.2410063326358795,1.978897601366043,0.12407759428024293,0.051272378861904146,0.09014494121074676,0.0022952012717723847,0.26779011562466626
325,0.22085099518299103,1.6621087312698364,0.11492348611354827,0.041343406587839124,0.08288672417402268,0.004738156776875257,0.22995001077651978,1.749476432800293,0.11965823471546173,0.04364203065633774,0.08753823339939118,0.0018650712445378304,0.2527035700157285
326,0.2198853850364685,1.2216317534446717,0.11739777773618698,0.029256809502840042,0.08545074015855789,0.004816909786313772,0.23769864737987517,0.7937839269638062,0.12425564229488373,0.04115584790706635,0.09176140427589416,0.0022073620930314064,0.2593802565708756
327,0.22524485290050505,1.5093645811080934,0.11886788159608841,0.034205766022205354,0.0867918685078621,0.004964428022503853,0.22354685962200166,1.4759185314178467,0.11957439035177231,0.028835759684443473,0.08846216797828674,0.0021848521661013364,0.23905717018060385
328,0.22090757191181182,1.610080850124359,0.11546591222286225,0.03923597186803818,0.08338385373353958,0.004879629053175449,0.22053248286247254,1.4258424758911132,0.11612359136343002,0.03825189396739006,0.08424663990736007,0.002072580624371767,0.24069470586255193
329,0.21867757439613342,1.8854177236557006,0.11446792036294937,0.03833448365330696,0.08270789384841919,0.004669028241187334,0.2205825239419937,0.5837857961654663,0.1210930436849594,0.018031538091599943,0.08933222591876984,0.0022829621564596893,0.23073976985178885
330,0.2190936714410782,1.9328328013420104,0.11530265361070632,0.03576297648251057,0.08352766335010528,0.004763727262616158,0.2517541885375977,1.6209924340248107,0.13113681972026825,0.04752173125743866,0.09583762288093567,0.0020377644337713718,0.2765339382924139
331,0.2199228972196579,2.012620735168457,0.11808320879936218,0.027633000537753104,0.08577576428651809,0.004494845401495695,0.22428835034370423,0.8426156878471375,0.12211750745773316,0.02283473890274763,0.08975913226604462,0.00198868359439075,0.23670006222091616
332,0.2120738744735718,1.6208783745765687,0.11355222910642623,0.027944859117269516,0.08231647461652755,0.00446548629552126,0.21155180633068085,0.7092313647270203,0.11306424289941788,0.02888849042356014,0.0830291748046875,0.002028287900611758,0.2270101960282773
333,0.21715610921382905,1.5518970251083375,0.11471171975135804,0.03447090461850166,0.08294294327497483,0.004531987197697163,0.2501474142074585,1.090337085723877,0.1309949904680252,0.04477286785840988,0.09564779847860336,0.0022363933501765134,0.27365205015521493
334,0.21695032119750976,1.7132735967636108,0.11563563048839569,0.0302686233073473,0.08386814892292023,0.0046244579367339615,0.23746388256549836,0.6425759494304657,0.12643710970878602,0.033746850490570066,0.09302657693624497,0.002253540325909853,0.2554640774615109
335,0.21653178036212922,2.046636772155762,0.1145603135228157,0.0330447219312191,0.08319243639707566,0.004513339418917894,0.22172402143478392,0.992913293838501,0.11936227232217789,0.027212321758270264,0.08771964758634568,0.002071877452544868,0.2363661191193387
336,0.205101478099823,2.319086694717407,0.1082311987876892,0.0318567767739296,0.07872305959463119,0.004437651578336954,0.22479082345962526,0.990626049041748,0.11698455661535263,0.04052405580878258,0.08649455159902572,0.0020993776153773068,0.24610254163853826
337,0.21026736497879028,1.515113615989685,0.11139300018548966,0.031842795014381406,0.08066292703151703,0.004580078925937414,0.24073188304901122,1.5203417539596558,0.12491194009780884,0.04653966277837753,0.09143606275320053,0.002228112192824483,0.2651157778222114
338,0.2150333046913147,1.5852953672409058,0.113551826775074,0.03385685086250305,0.0823131263256073,0.004479861166328192,0.23163576126098634,0.6020774722099305,0.12205868363380432,0.03831537142395973,0.08921518325805664,0.0024083913303911686,0.25199762964621186
339,0.21992726027965545,1.3950459480285644,0.1164258673787117,0.033771791681647303,0.08430718034505844,0.004616616293787956,0.23005664348602295,0.6398517608642578,0.11759823560714722,0.05135525688529015,0.08577447086572647,0.002012599026784301,0.25674056238494813
340,0.22713496685028076,1.3972531914711,0.1189294382929802,0.039607837423682214,0.0861218586564064,0.00455952687188983,0.2487051010131836,0.9801660060882569,0.12972303926944734,0.046764115989208224,0.09444434046745301,0.0023113574599847196,0.27324285318609326
341,0.21562609374523162,1.9948695182800293,0.1119910091161728,0.04144001938402653,0.08061935156583785,0.004591440781950951,0.22508321106433868,2.2780465602874758,0.11654158234596253,0.04530381821095943,0.08477972149848938,0.0022199694998562337,0.24884509155526754
342,0.21901674270629884,1.8344758987426757,0.11336948424577713,0.04264298863708973,0.08196905255317688,0.004713429603725672,0.2343820810317993,1.1273360133171082,0.1164110392332077,0.0638502597808838,0.08492250144481658,0.002246810379438102,0.2674306108383462
343,0.20765892267227173,1.6095170974731445,0.10893242955207824,0.03512628376483917,0.07899128198623658,0.004344139341264963,0.23912131786346436,1.0073403120040894,0.1279748037457466,0.03273947201669216,0.09377273321151733,0.002008095243945718,0.25649510421790184
344,0.21751927137374877,2.109147047996521,0.1156410202383995,0.03144750110805035,0.08396519273519516,0.004378619696944952,0.23241827487945557,0.7741513729095459,0.12458318769931793,0.030630673468112945,0.09146591871976853,0.002107663406059146,0.24878744329325855
345,0.2137532651424408,2.88375039100647,0.11286332607269287,0.03375154882669449,0.08170666545629501,0.004614994395524263,0.2297835171222687,1.1388990521430968,0.12344771921634674,0.02876773104071617,0.09083601087331772,0.002231871522963047,0.24528333265334368
346,0.223820698261261,1.3533295035362243,0.11609228402376175,0.04269679859280586,0.08404486775398254,0.004670292884111404,0.2535414040088654,0.7091312170028686,0.13279125094413757,0.045616450160741805,0.09671000689268112,0.0024638472124934195,0.27758155521005395
347,0.21892010271549225,1.7009123325347901,0.11525759100914001,0.03617068454623222,0.08323361575603486,0.004687113314867019,0.22362140417099,1.4244252264499664,0.11994564682245254,0.028255290538072585,0.08839349299669266,0.0023092282004654407,0.23890365855768322
348,0.21853398978710176,1.4795730829238891,0.11488191783428192,0.036703478544950485,0.08297734856605529,0.004645946715027094,0.21828266978263855,1.5657623052597045,0.11625646352767945,0.03277412354946137,0.08454025536775589,0.0021977690048515797,0.23576861144974828
349,0.21221639811992646,1.9111814737319945,0.11284752041101456,0.030147020146250723,0.08208243399858475,0.004425862804055214,0.23097901344299315,0.6263464689254761,0.12329299300909043,0.033802331611514094,0.08971216529607773,0.0021453727036714553,0.2489528626203537
350,0.20823993384838105,1.6430962324142455,0.11122321337461472,0.02735091224312782,0.08115441501140594,0.004373703803867102,0.23207006454467774,1.018436574935913,0.12579324543476106,0.025352580845355986,0.09273011684417724,0.0017408153507858515,0.24561675847508013
351,0.2058786153793335,2.0503783941268923,0.11183634996414185,0.020576230809092523,0.08160743564367294,0.004293417511507869,0.22034380733966827,0.959114933013916,0.11228564977645875,0.04950862154364586,0.08228442221879959,0.0020388472359627484,0.24611754077486694
352,0.20697035491466523,1.3430165886878966,0.1105308324098587,0.027460263669490816,0.08062080144882203,0.004177179653197527,0.2197987139225006,0.745276415348053,0.11362060755491257,0.04262452721595764,0.0838351309299469,0.0020614175591617823,0.2421416832599789
353,0.21825859546661378,1.2261934757232666,0.1167959064245224,0.028960632905364037,0.08482424020767212,0.004316268395632506,0.22392213344573975,2.154650020599365,0.12061281800270081,0.024574023485183717,0.09010810106992721,0.0018284051213413477,0.2371233476791531
354,0.20984514951705932,1.5350631117820739,0.11202920228242874,0.02842714563012123,0.08141144812107086,0.004381848871707917,0.2341127038002014,0.5034613132476806,0.12272250652313232,0.04150993078947067,0.08973248302936554,0.0018054925370961429,0.2557704128790647
355,0.20155945420265198,1.8349005699157714,0.10765489041805268,0.027789393439888954,0.07780457586050034,0.004410583339631557,0.23261186480522156,1.2224772572517395,0.12198778390884399,0.04024592787027359,0.08953662812709809,0.001928973151370883,0.25369931305758653
356,0.20100077688694,2.1345107793807983,0.108261938393116,0.02380606606602669,0.07866745293140412,0.004336711019277573,0.23329093158245087,1.277523946762085,0.12648032307624818,0.027726319059729575,0.09203064292669297,0.001833618013188243,0.24807090307585897
357,0.21173750162124633,1.1898981571197509,0.11210033595561981,0.03223770409822464,0.08129199147224427,0.004452650900930166,0.22405683994293213,0.9217891931533814,0.12187849879264831,0.02247885875403881,0.08998596519231797,0.0019058897625654936,0.2362492125015706
358,0.2127532035112381,1.6790846347808839,0.11319622099399566,0.03067263402044773,0.0820654883980751,0.004310369305312633,0.23741862773895264,0.8049040079116822,0.1265973776578903,0.03531898967921734,0.09229487627744674,0.001733752223663032,0.2559449958382174
359,0.2111010044813156,1.6736632704734802,0.11315130591392517,0.027247174829244613,0.08222499787807465,0.0042022211942821745,0.2485010325908661,0.8157761573791504,0.12660160958766936,0.05726514160633087,0.09231820553541184,0.0018973070662468671,0.2780822637956589
360,0.19833754003047943,1.724911665916443,0.1067423939704895,0.02344195395708084,0.07772214263677597,0.004304052796214819,0.22300849854946136,0.7788232207298279,0.11734498888254166,0.03710746131837368,0.08610250651836396,0.002014554012566805,0.24256951073184613
361,0.20914094746112824,1.9872410297393799,0.11214267313480378,0.02647607885301113,0.08155469447374344,0.004411085788160562,0.23441509008407593,0.8834703147411347,0.1269790545105934,0.024575597792863845,0.09423864930868149,0.0018191697541624307,0.24761247136630118
362,0.20443783402442933,2.138170337677002,0.10924812257289887,0.027954130619764327,0.07907213121652604,0.004281025752425194,0.2123347133398056,1.3490263223648071,0.113389652967453,0.028563737496733667,0.08375357836484909,0.0018192257266491652,0.22752619455568493
363,0.20659307837486268,1.5657074451446533,0.1089730754494667,0.033238143846392634,0.07883203476667404,0.004337789304554462,0.2306589126586914,0.820883059501648,0.12235182821750641,0.03540961891412735,0.08968213051557541,0.0018402901943773032,0.2492838678415865
364,0.21422069668769836,1.1367677807807923,0.11412247419357299,0.02964949794113636,0.08310527801513672,0.004336390737444162,0.2226075381040573,0.7891104221343994,0.11750891208648681,0.03597393035888672,0.08626607954502105,0.0016911684535443783,0.24144009044393897
365,0.21214410960674285,1.66703143119812,0.11165180802345276,0.03440717868506908,0.08109046816825867,0.004396488703787327,0.21486976444721223,0.942545485496521,0.11459666341543198,0.0301872163079679,0.08410374224185943,0.00215149475261569,0.231039116717875
366,0.20995895564556122,1.6968582630157472,0.11267010569572448,0.025507327541708945,0.08234289288520813,0.004384589940309524,0.2400412768125534,0.7666600584983826,0.1289147049188614,0.029962822794914246,0.09517202377319336,0.0019462633645161986,0.2559958148514852
367,0.2001171737909317,1.5435473203659058,0.10714652091264724,0.025346673652529718,0.07820047438144684,0.004193699173629284,0.21997392773628235,0.6751702070236206,0.11640813052654267,0.03343644738197327,0.08599689453840256,0.0017013636883348227,0.23754283613525332
368,0.2064930260181427,1.4374485731124877,0.1100471407175064,0.028459126502275466,0.08001009821891784,0.004412450455129146,0.21955955624580384,0.984023642539978,0.11526362001895904,0.0375478982925415,0.08450456708669662,0.0020348054822534323,0.23935089088045058
369,0.20409137904644012,1.8338962554931642,0.10805120170116425,0.029708272218704222,0.07896208018064499,0.004447927139699459,0.2232026368379593,0.5807278275489807,0.11920777559280396,0.031099706888198853,0.0874836191534996,0.0019227742683142423,0.23971387590281665
370,0.20322710871696473,1.743341088294983,0.10836028009653091,0.02698375880718231,0.07918795347213745,0.004373990651220083,0.22152178287506102,1.1450407266616822,0.12074017524719238,0.0216263547539711,0.08898669332265854,0.0019634618191048505,0.23331668514292686
371,0.2106640249490738,1.2653637170791625,0.11252754777669907,0.028789036348462103,0.08158710747957229,0.004309700615704059,0.24515722095966339,1.3221474885940552,0.12674490213394166,0.052081529051065445,0.09146684557199478,0.0018094263970851899,0.2721027031540871
372,0.21324657201766967,1.5851757168769836,0.11438681930303574,0.027193738892674447,0.08302381038665771,0.004478143155574798,0.21646410822868348,1.209821617603302,0.11465737223625183,0.03360590040683746,0.08406046479940414,0.0018866468919441104,0.23421038433443758
373,0.20310753285884858,2.4846230030059813,0.10858744233846665,0.027037671580910683,0.07888436764478683,0.004233772773295641,0.22259922623634337,1.0859869480133058,0.12083603143692016,0.021885103732347488,0.08986182808876038,0.001917616161517799,0.23450057941954583
374,0.20681312382221223,1.9077508926391602,0.10966639220714569,0.03021298684179783,0.07986818850040436,0.004344105347990989,0.2386426419019699,1.1442387700080872,0.1275850921869278,0.03229041025042534,0.09400183409452438,0.0018210096983239054,0.2556983462302014
375,0.19957514703273774,1.8455658674240112,0.1053546741604805,0.03052739202976227,0.07676793783903121,0.0043776723556220535,0.24339806735515596,1.4274460792541503,0.12824764400720595,0.04170540273189545,0.09321355074644089,0.0021683551371097566,0.26533495262265205
376,0.21604022681713103,1.4487510204315186,0.11476722359657288,0.03148754183202982,0.08331707566976547,0.004424325190484524,0.22985669672489167,1.0435776948928832,0.12263833582401276,0.03214745074510574,0.09026790708303452,0.0017534706741571427,0.24680716432631017
377,0.2060522437095642,1.9300883769989015,0.10971124917268753,0.029280968010425568,0.07961851805448532,0.004163986351341009,0.2336742699146271,1.507187795639038,0.12355616390705108,0.03819428831338882,0.0900607630610466,0.0019203957868739962,0.2537316110683605
378,0.1998345822095871,1.7658480405807495,0.10696611851453781,0.02554706484079361,0.07793933153152466,0.0043111898936331276,0.24027210474014282,1.3464678287506104,0.12666518241167068,0.03814639709889889,0.09357518404722213,0.0019170622806996107,0.2603038258384913
379,0.21066268384456635,1.7510798215866088,0.11060036718845367,0.03558325059711933,0.08020839393138886,0.0041245834436267614,0.2154041826725006,0.5709540367126464,0.1132218986749649,0.035778289660811424,0.08336142152547836,0.0018634211272001266,0.23422503098845482
380,0.21722754538059236,1.3183809876441956,0.11575895994901657,0.030743543058633804,0.08398849815130234,0.004216630198061466,0.22126953899860383,0.7551580309867859,0.11760747134685516,0.030583181977272035,0.08748534172773362,0.0017702572513371706,0.237446252303198
381,0.19627412855625154,1.290377712249756,0.10635384172201157,0.020506033301353456,0.07758340388536453,0.004167732270434499,0.224642413854599,0.9680014371871948,0.11705045253038407,0.04295115917921066,0.08532717376947403,0.001578414998948574,0.24690720047801734
382,0.19843224585056304,1.261817741394043,0.10651334375143051,0.024244802072644234,0.07771308869123458,0.004166817385703325,0.24930880069732667,0.5868120193481445,0.1347787469625473,0.029765181243419647,0.09873852580785751,0.0018178848549723625,0.2651003388687968
383,0.19881779253482817,1.787490963935852,0.10875876247882843,0.017851360887289048,0.07914536744356156,0.003975964989513159,0.23947483897209168,0.7670898914337159,0.12763209640979767,0.03512735813856125,0.09340603202581406,0.0017460820032283663,0.25791156857740133
384,0.20378699004650117,1.3735222578048707,0.10744474679231644,0.03267507217824459,0.0779668390750885,0.004075738601386547,0.23602523803710937,1.4916194200515747,0.12722258567810057,0.028925476595759392,0.09344670623540878,0.0017864268273115158,0.25138119533658027
385,0.21713396310806274,1.577904260158539,0.11675860583782197,0.026384740695357324,0.08507347404956818,0.004219019040465355,0.2202311396598816,1.5766666650772094,0.11689214557409286,0.033083452470600606,0.08582751601934432,0.0019394852221012115,0.237742599286139
386,0.2005417138338089,1.495596992969513,0.1085041344165802,0.020200807973742484,0.07976566702127456,0.00434302045032382,0.22654258012771605,1.11897052526474,0.12114308774471283,0.029400866478681564,0.08969310969114304,0.0020118941320106387,0.24224895804654806
387,0.19860929250717163,1.578413462638855,0.10679411888122559,0.02295637093484402,0.07823488563299179,0.004204206448048353,0.22971248924732207,1.4358699798583985,0.12203922271728515,0.03277845270931721,0.09016835987567902,0.00223133722320199,0.24721737252548334
388,0.2010513186454773,1.8406492710113525,0.10699620693922043,0.02729913555085659,0.0782006025314331,0.00440988801419735,0.23299337327480316,1.1633480370044709,0.12615993320941926,0.025599610805511475,0.09301086813211441,0.002045548474416137,0.24681596062146127
389,0.2103138357400894,1.7824322938919068,0.1105116456747055,0.03449499569833279,0.08030733466148376,0.004494725912809372,0.22989266216754914,1.9201239109039308,0.12422915399074555,0.025961729139089583,0.09158182591199875,0.002201660885475576,0.24397436992730948
390,0.20176211893558502,1.337315320968628,0.10716160386800766,0.028400447592139243,0.07814072072505951,0.004519152361899615,0.22509683966636657,0.9724607229232788,0.1173858717083931,0.04248495250940323,0.0854555532336235,0.0020258580800145863,0.24735223553143443
391,0.20781105160713195,1.9219504594802856,0.10919600874185562,0.03524065613746643,0.07882377505302429,0.00434188786894083,0.22811018228530883,1.1218680143356323,0.1203440010547638,0.03495029807090759,0.08923870921134949,0.002104628039523959,0.24663763637654484
392,0.1984596759080887,1.5674216032028199,0.10624086111783981,0.02462821565568447,0.0777333363890648,0.004342749249190092,0.22729548513889314,1.296456265449524,0.12132833302021026,0.031580770015716554,0.08915451169013977,0.002044522063806653,0.24410813678987323
393,0.2065027356147766,1.5217499136924744,0.11033555865287781,0.027201268821954727,0.08043163269758224,0.004269827529788018,0.2450211226940155,1.370027869939804,0.12811036705970763,0.04519738256931305,0.09331732243299484,0.001989474380388856,0.2686145464424044
394,0.21117133796215057,1.2671536922454834,0.11221630573272705,0.030622598528862,0.08143924921751022,0.0044089827686548235,0.2486991047859192,0.6329440593719482,0.1246054157614708,0.06655339747667313,0.08989706188440323,0.0018398591317236423,0.2828957342542708
395,0.206923246383667,1.7829319953918457,0.10837706923484802,0.0359639298170805,0.07833405435085297,0.004460316058248282,0.2144151896238327,1.5862124681472778,0.11256470084190369,0.03745342306792736,0.08215294182300567,0.001941689639352262,0.23411275537218898
396,0.19602431058883668,1.8092212677001953,0.10321585237979888,0.03113364577293396,0.07507752329111099,0.004328212514519691,0.20457828640937806,0.996918773651123,0.11186684966087342,0.017045648023486137,0.08320856243371963,0.001960093039087951,0.21408115315716714
397,0.2052382230758667,1.5784502029418945,0.10770878195762634,0.03454807996749878,0.07808962017297745,0.004331560805439949,0.23621978461742402,0.9425894796848298,0.12631482779979705,0.03186648488044739,0.09302957504987716,0.001884258515201509,0.2530951462453231
398,0.1969266802072525,1.527058756351471,0.10381443798542023,0.03020799346268177,0.07591796815395355,0.004180551320314407,0.21946000754833223,0.6086984395980835,0.11580014526844025,0.03481779061257839,0.08543167561292649,0.0016385984141379594,0.23768820990808306
399,0.20995903611183167,1.3662514448165894,0.11371874511241913,0.022650108113884924,0.08278708904981613,0.004256311431527137,0.2229570686817169,0.6803468883037567,0.11807871758937835,0.03298385590314865,0.08736085742712021,0.0020511570386588574,0.24047458795830606
400,0.1964096188545227,1.922535490989685,0.10525584369897842,0.024769402295351028,0.07669444531202316,0.004149256926029921,0.20883359909057617,1.7205373048782349,0.11058332771062851,0.03217843547463417,0.08138810247182846,0.0015458869514986874,0.22569575260858982
401,0.2085525780916214,1.5579334855079652,0.11092250049114227,0.030246220901608466,0.08043421059846878,0.004145495081320405,0.21365099251270295,0.6041307210922241,0.11402016282081603,0.02816108763217926,0.08468127697706222,0.0017380384495481848,0.2286005658796057
402,0.19921340942382812,1.0856791853904724,0.1072230264544487,0.02259235791862011,0.07863633781671524,0.004115738207474351,0.23339482843875886,1.5597015857696532,0.12106158435344697,0.044920719042420384,0.08899101018905639,0.0017637577606365086,0.25673707134556023
403,0.1981104612350464,1.6735812544822692,0.10664729326963425,0.02356294859200716,0.07761173397302627,0.004139924515038728,0.1998365730047226,0.6117308020591736,0.10414739102125167,0.03485309481620789,0.07723872512578964,0.002047823439352214,0.21828703440260142
404,0.20372296571731568,1.0740563035011292,0.10833630412817001,0.028728723153471948,0.07876780033111572,0.004508991912007332,0.21895958483219147,1.4308451652526855,0.11436389088630676,0.0377563513815403,0.08468064367771148,0.0020737537648528813,0.23887463971041142
405,0.20324758291244507,1.1643927216529846,0.11041799485683441,0.020146317407488824,0.08069398552179337,0.004124896693974733,0.22233512103557587,1.1900190830230712,0.11854211986064911,0.030828171968460084,0.08739885538816453,0.0019601381151005625,0.23872928533237428
406,0.20553322434425353,1.6242651104927064,0.10901399105787277,0.0293420422822237,0.07975093722343445,0.004194569401443004,0.2288551449775696,0.7625626027584076,0.12037163376808166,0.03893464617431164,0.08813408315181732,0.0017642382066696883,0.24920460130088032
407,0.19371136724948884,1.9257997512817382,0.10390284210443497,0.0236013475805521,0.07583212256431579,0.004351466335356236,0.2463322639465332,0.7198434591293335,0.13151083290576934,0.03488292060792446,0.09640347808599473,0.0019529909593984484,0.2647502225590869
408,0.1994505673646927,1.6266269207000732,0.10720242410898209,0.02385358214378357,0.07822450995445251,0.0041936867404729124,0.22513896226882935,1.312951683998108,0.11919593065977097,0.03518075495958328,0.08745711892843247,0.0017910754773765802,0.2436248800251633
409,0.20210593044757844,1.435124933719635,0.10714647620916366,0.029178473725914957,0.07825406342744827,0.004232307150959969,0.2164147436618805,0.834043824672699,0.11818669140338897,0.01935587525367737,0.08772793859243393,0.0016443579224869609,0.22691486317198722
410,0.1980227380990982,1.4449057579040527,0.1076378956437111,0.018603212013840676,0.07912009954452515,0.003926267987117172,0.2109624922275543,1.0430881977081299,0.11419653445482254,0.02237943857908249,0.08459067791700363,0.0019711143104359508,0.2231377652613446
411,0.207715967297554,2.039988708496094,0.1114093542098999,0.02517332248389721,0.0816115379333496,0.004216824658215046,0.21712381839752198,0.855930233001709,0.11625856757164002,0.028780943341553213,0.08562512248754502,0.0016992980614304542,0.2323639314621687
412,0.19401580095291138,1.3411453485488891,0.10582568794488907,0.016918086633086204,0.07766570448875428,0.004130740370601416,0.21524609625339508,0.9269463300704956,0.11769157648086548,0.017866292968392372,0.0877678632736206,0.0017070071306079626,0.2250327398534864
413,0.19879755973815919,1.5609364271163941,0.10716074258089066,0.021995500288903715,0.0785741776227951,0.004129791632294655,0.2061619907617569,1.0991875171661376,0.11119642853736877,0.024223104864358903,0.08207837790250778,0.001551261218264699,0.21904917252250017
414,0.1965104192495346,1.235699713230133,0.1047522097826004,0.025162303075194358,0.07704638689756393,0.004261341318488121,0.2066972941160202,0.7006909132003785,0.10954218208789826,0.028865784406661987,0.08184044808149338,0.0017635482363402843,0.2220119628123939
415,0.19231938421726227,1.3648552894592285,0.10406804978847503,0.020588952116668224,0.0759879931807518,0.003937733778730035,0.2306441456079483,0.7027127265930175,0.12324273288249969,0.031753933429718016,0.09068888127803802,0.0016711228294298054,0.24735667041968554
416,0.19595937430858612,1.2333941102027892,0.10581050217151641,0.020535579323768614,0.07782949954271316,0.004103172570466995,0.22315671443939208,1.203397309780121,0.11807518303394318,0.03419991135597229,0.08710827231407166,0.0017466058023273944,0.24112997250631452
417,0.20307408571243285,1.334431266784668,0.11009218096733094,0.020722563937306406,0.08059343993663788,0.004054371453821659,0.21366117894649506,1.6192653894424438,0.11514907479286193,0.025787544995546342,0.08472788333892822,0.001780894584953785,0.22744539771229028
418,0.19985416233539582,1.8677719354629516,0.10749411433935166,0.022622568160295488,0.07896291613578796,0.0041716938838362696,0.22878018915653228,1.0740075588226319,0.12369385063648224,0.026130452752113342,0.09104718416929244,0.0019478556467220187,0.24281934320461004
419,0.2028752237558365,1.2097829580307007,0.10879258662462235,0.024396562948822975,0.07972445338964462,0.004319815523922443,0.22421276569366455,0.6952980995178223,0.1211103543639183,0.02357421666383743,0.09044288843870163,0.0017448139376938343,0.23687227340415118
420,0.19718819558620454,1.707939124107361,0.10724417716264725,0.01890089362859726,0.07837756276130677,0.00423202239908278,0.20753560364246368,1.0524662017822266,0.11048998683691025,0.02769850045442581,0.0824357733130455,0.0015211935853585601,0.22214545418974013
421,0.19638324081897734,1.3544541478157044,0.10555429309606552,0.023328135907649993,0.07720794677734374,0.003913854574784636,0.23354929387569429,0.9767408967018127,0.12739262878894805,0.022704480215907097,0.09396669715642929,0.0016754834912717342,0.24573928965255615
422,0.2047268956899643,1.2024602174758912,0.11106234192848205,0.020878544077277184,0.08117924779653549,0.0040920662693679334,0.20099224746227265,0.7725824236869812,0.10707894265651703,0.027654726803302766,0.07938507497310639,0.001401746436022222,0.2155204908689484
423,0.20037128627300263,1.044467681646347,0.1078161746263504,0.023413779959082604,0.07891840934753418,0.0038596236612647773,0.22264193892478942,1.694911575317383,0.11754621267318725,0.035234185308218,0.08655818551778793,0.0018409049604088067,0.241179488459602
424,0.19225883185863496,1.0971418499946595,0.10418036878108979,0.01985191088169813,0.07611382454633712,0.004077359987422824,0.20448674261569977,0.7141473293304443,0.10729733258485794,0.0331318125128746,0.07980699837207794,0.0016329901060089468,0.22186913357581942
425,0.1952742248773575,1.2514169692993165,0.10409272015094757,0.0266245536506176,0.0759449377655983,0.0038485715165734293,0.22623105049133302,0.9768835783004761,0.1182942345738411,0.04031244069337845,0.08691053241491317,0.0017401252640411257,0.24725733294617386
426,0.18990557193756102,1.2645960450172424,0.10274448841810227,0.019403106160461904,0.07547392994165421,0.003971199505031109,0.21133891344070435,0.9259199619293212,0.11371901333332061,0.02325785607099533,0.08518413603305816,0.001613672124221921,0.22377467756159602
427,0.19771974980831147,1.3412832021713257,0.10691148787736893,0.021196640469133853,0.0781993180513382,0.004021241841837764,0.21764063835144043,0.589596939086914,0.11388788521289825,0.0388890877366066,0.08339665234088897,0.0018230876652523876,0.2379967129556462
428,0.1933137595653534,1.8794831871986388,0.10442919731140136,0.020991672575473786,0.07635387778282166,0.0040696942247450355,0.202005273103714,1.6474847793579102,0.10634305775165558,0.032696614414453505,0.07829830348491669,0.0020312199834734202,0.21936919563449916
429,0.19746151566505432,1.1534071087837219,0.10511440932750701,0.02731114625930786,0.07663967460393906,0.004103723168373108,0.22614338397979736,0.5504436731338501,0.12159334123134613,0.02906648740172386,0.08916593343019485,0.0017017184756696225,0.24152748053893447
430,0.19603003263473512,1.5858141422271728,0.10597819536924362,0.021628056466579438,0.07733174711465836,0.0038121270015835764,0.23238015472888945,0.9671061754226684,0.12285412400960923,0.03488709330558777,0.09128579944372177,0.0015933546237647533,0.2506203713826835
431,0.19487315118312837,1.5583013653755189,0.10586401969194412,0.019050379656255244,0.07748351842164994,0.0040008464828133585,0.21639057099819184,0.9714209854602813,0.11555892825126649,0.028897174820303916,0.08562404960393906,0.0015180244809016585,0.23159817715641112
432,0.19832835495471954,1.982759165763855,0.10772818475961685,0.019316617213189603,0.07900979220867158,0.0038641366641968488,0.22150893211364747,0.924959659576416,0.11421645879745483,0.04521784000098705,0.08378099650144577,0.0018051290884613992,0.24502042438834906
433,0.18666428029537202,1.0841706037521361,0.10136961191892624,0.017770149745047092,0.07447804361581803,0.0038630963768810033,0.21323603987693787,0.5459212332963943,0.11405420303344727,0.027589533105492593,0.08442085236310959,0.0019324308261275292,0.22799701932817698
434,0.18337501883506774,1.6330293655395507,0.09858046770095825,0.020865932665765287,0.07233709394931793,0.004048980446532369,0.21251915395259857,1.9325416803359985,0.11268836706876754,0.03056943565607071,0.0835455060005188,0.0020011384738609196,0.22880444719921797
435,0.18967305421829223,1.9419715404510498,0.10245799869298935,0.02003950923681259,0.07518454939126969,0.004021507641300559,0.228583624958992,0.8087172865867615,0.1199721023440361,0.037753774970769885,0.0888595625758171,0.0017501317663118244,0.24833557165693493
436,0.1871006518602371,1.3761204719543456,0.10151119977235794,0.01885715629905462,0.07422524839639663,0.003871247172355652,0.22053196430206298,1.1752311706542968,0.11712578535079957,0.031635633856058124,0.08686398118734359,0.0014487492619082332,0.23707414965610954
437,0.19620915353298188,1.4781328082084655,0.10614620000123978,0.020806093886494636,0.07770975828170776,0.003900301083922386,0.2194610744714737,0.515475583076477,0.11529354304075241,0.036669354885816574,0.08510728329420089,0.0014511585934087635,0.23852133981417864
438,0.19796620607376098,1.552831768989563,0.10756284147500991,0.01912516839802265,0.07884439677000046,0.003992760879918933,0.21988406777381897,1.3312986254692079,0.11598429977893829,0.03440500125288963,0.08571292310953141,0.001968667423352599,0.23807089156471192
439,0.18869026601314545,1.554474663734436,0.1031085044145584,0.015593113750219345,0.07578254789113999,0.0040053147822618484,0.22513692378997802,1.0860543251037598,0.11578697711229324,0.04655630588531494,0.08525517135858536,0.0016332359053194522,0.24923169026151298
440,0.1856648325920105,1.578843355178833,0.1013456255197525,0.015510976687073708,0.07457685470581055,0.003973735542967915,0.21168126165866852,0.98885178565979,0.11308666616678238,0.026922250911593438,0.08431050032377244,0.0016459162114188075,0.22596533361356705
441,0.18690232038497925,1.590803861618042,0.10134805291891098,0.018100118823349477,0.07459341436624527,0.0038215885404497387,0.22134194970130922,1.2036461353302002,0.118597811460495,0.028124310076236725,0.0879553124308586,0.001453321217559278,0.23613075518514962
442,0.19334748685359954,1.219035816192627,0.10454918891191482,0.020574846491217613,0.07653020024299621,0.003961338102817536,0.24932660460472106,0.998905348777771,0.1337204858660698,0.03353530168533325,0.09794493466615677,0.0017870807088911534,0.26698780292645097
443,0.20087593793869019,1.219662356376648,0.10718445777893067,0.02692466638982296,0.07815238833427429,0.0041535085998475555,0.22162970006465912,1.7832836627960205,0.11729473769664764,0.03488449901342392,0.0859886348247528,0.0018081677611917258,0.23997603929601607
444,0.19603039026260377,1.3686671733856202,0.10623806565999985,0.02021298184990883,0.07779262363910674,0.0037864165846258403,0.22460236847400666,1.583083724975586,0.12142489850521088,0.025566907972097395,0.08965783715248107,0.0014723449479788543,0.2381219885777682
445,0.17889679968357086,1.128172552585602,0.09592706114053726,0.02122318260371685,0.07049831002950668,0.003719665016978979,0.22602266669273377,1.0829345464706421,0.1208577960729599,0.031804283149540424,0.08847331106662751,0.0015788175165653228,0.24271420780569317
446,0.1854368507862091,1.2310607194900514,0.10106062293052673,0.016042228788137436,0.07442972809076309,0.0038507741410285234,0.21450527906417846,0.7193952798843384,0.1168701857328415,0.019561021775007247,0.08699414134025574,0.001720868144184351,0.22514621699228882
447,0.19398462772369385,1.533089828491211,0.10580272525548935,0.01732612419873476,0.07748057991266251,0.0040765298064798115,0.213915878534317,1.7397130489349366,0.11254611909389496,0.03442610315978527,0.08318792283535004,0.0019375796895474196,0.23209772477857768
448,0.18477134704589843,1.5428250670433044,0.10001050680875778,0.01829570662230253,0.07354463636875153,0.004136701626703143,0.1944209963083267,0.8662408351898193,0.10326224714517593,0.02729257009923458,0.07677817195653916,0.001468599122017622,0.2088015883229673
449,0.18930986225605012,1.7695716619491577,0.10201219767332077,0.02075177598744631,0.07489023655653,0.004063071217387915,0.21511599123477937,0.839450204372406,0.11346975713968277,0.031882235407829286,0.0849011167883873,0.0016079893801361322,0.23186109871603547
450,0.2007154643535614,1.4062495946884155,0.10723870098590851,0.025600333139300345,0.078652885556221,0.004047431889921427,0.21434064209461212,0.8836567878723145,0.11627916097640992,0.020069538056850432,0.0872348815202713,0.0015836426988244056,0.22516722325235608
451,0.18401454389095306,1.7421917080879212,0.10027144104242325,0.015743735432624816,0.07396575808525085,0.0038109668530523777,0.20873671472072602,0.8560896039009094,0.10967441946268082,0.033770736306905746,0.08149787038564682,0.001358099328354001,0.22630112548358738
452,0.1928190290927887,1.2852258086204529,0.10420824587345123,0.02126303669065237,0.0760628566145897,0.0038328292779624463,0.20832441449165345,0.9162036538124084,0.1111405462026596,0.028483033925294877,0.08225853890180587,0.0013676353264600039,0.22324975435622035
453,0.18096490502357482,0.9759901523590088,0.09855809211730956,0.01643500421196222,0.07231270968914032,0.003753212187439203,0.22535869479179382,0.7494474411010742,0.11950676441192627,0.032490722462534906,0.08879314661026001,0.001626850850880146,0.24241748433560134
454,0.1976523518562317,1.3782824993133544,0.10633935630321503,0.023010188713669777,0.07785325348377228,0.00390928965061903,0.22329694628715516,0.5674619674682617,0.11999335587024688,0.027518022060394286,0.08873441070318222,0.0016203137813135982,0.237866102415137
455,0.1818938970565796,1.4761637449264526,0.09939024299383163,0.014244153723120689,0.07352500408887863,0.003713157773017883,0.21858280301094055,1.09527587890625,0.11763376593589783,0.02578957937657833,0.08723574876785278,0.0016370221739634872,0.23229611625429245
456,0.1882571130990982,1.2857050895690918,0.10213267654180527,0.018380530551075934,0.07505484372377395,0.003758642170578241,0.23555403649806977,0.7204253196716308,0.11998406201601028,0.05233755707740784,0.08873683661222458,0.0013286997564136982,0.2623871554620564
457,0.1926894396543503,1.0861342191696166,0.10466742068529129,0.018827647529542448,0.07673217207193375,0.0037520455196499826,0.22157708704471588,1.222679615020752,0.11459310650825501,0.04211573377251625,0.08521823137998581,0.001415772456675768,0.24334284411743282
458,0.18557365238666534,1.23064044713974,0.10065265446901321,0.018238756619393826,0.07394519448280334,0.003712855698540807,0.20805695354938508,0.798205429315567,0.1114724799990654,0.025842926930636168,0.08289901465177536,0.0015279854647815227,0.22174240704625844
459,0.19021885097026825,1.3488608598709106,0.10308828055858613,0.01889729090034962,0.075773224234581,0.003817407973110676,0.21886510848999025,1.1432531833648683,0.1140325427055359,0.03871855810284615,0.08455864638090134,0.0018292761407792569,0.23913902333006265
460,0.19494693279266356,1.2746171593666076,0.10557979345321655,0.020190351642668247,0.07732689380645752,0.003890141053125262,0.2167851746082306,0.936440110206604,0.11504481136798858,0.030435871705412863,0.08581502586603165,0.0014147902838885784,0.23271049922332168
461,0.18715695142745972,1.7768051385879517,0.10058479905128478,0.022437180392444134,0.07342650443315506,0.0038541154470294716,0.21105915307998657,1.272166657447815,0.11498669981956482,0.0210512263700366,0.08462785929441452,0.0018379677552729846,0.22250375323928892
462,0.18858420550823213,1.3466846466064453,0.10120709091424943,0.022808201611042023,0.07395415306091309,0.004037724016234279,0.23660853803157805,0.5750671863555908,0.12427757084369659,0.04023294374346733,0.09136665016412734,0.0016957002459093927,0.25757286499720067
463,0.1862616181373596,1.0562306880950927,0.10167703926563262,0.016459408961236478,0.07437437325716019,0.003960999473929405,0.22169791758060456,1.0146000146865846,0.11911665201187134,0.02716243974864483,0.08819199502468109,0.00161609451752156,0.23608718130271883
464,0.19013220965862274,1.3048120975494384,0.10296920388936996,0.018721909448504447,0.07590794116258621,0.003788206959143281,0.2104768455028534,0.8385834217071533,0.11352536380290985,0.02368052564561367,0.08427103608846664,0.001680373656563461,0.22315729919355362
465,0.18904711306095123,0.927004623413086,0.102085380256176,0.019969350844621658,0.07489366233348846,0.0041667805053293705,0.22217983603477479,0.7653112292289734,0.1152603954076767,0.04062792509794235,0.08581229150295258,0.001586364209651947,0.24328697621822357
466,0.20009804964065553,1.6174649238586425,0.11016870737075805,0.014107240177690984,0.08093860745429993,0.0038742330856621266,0.22469296753406526,1.1926237106323243,0.12005867958068847,0.031731792539358136,0.08806462436914445,0.0014075034065172075,0.24126259989570825
467,0.19035903215408326,0.9981454730033874,0.10321150720119476,0.018857375159859656,0.075806824862957,0.0038240441121160985,0.2361126571893692,0.40141168534755706,0.12473279237747192,0.038162662088871,0.09152447283267975,0.0015481297625228763,0.2559680570615456
468,0.19215814173221588,1.4270949602127074,0.10281741023063659,0.024321840330958366,0.07530154287815094,0.0037565370090305804,0.2199316143989563,0.5657763957977295,0.11616506725549698,0.033861631900072096,0.08609647154808045,0.0014785060659050942,0.23760167676955463
469,0.18377548456192017,1.4799221992492675,0.10007892847061158,0.015751798823475837,0.07400190532207489,0.003637506812810898,0.21019119024276733,0.8564748287200927,0.11003805845975875,0.03554989099502563,0.08160528838634491,0.0015457997797057033,0.22873903762083497
470,0.18445746302604676,1.2746764302253724,0.10077339708805085,0.015455472469329833,0.07404114603996277,0.0038303607143461704,0.23275723457336425,1.1052396774291993,0.12340160012245179,0.03549906238913536,0.09081228524446487,0.0015876534162089229,0.25130060117226094
471,0.18178732693195343,1.5834635019302368,0.09937655329704284,0.014694890566170215,0.07320923805236816,0.0037081906106323005,0.21168023347854614,0.7931698679924011,0.11420878618955613,0.021717293560504912,0.08580974340438843,0.0016060973051935435,0.22334192045964302
472,0.1919003039598465,1.3077311396598816,0.10431195944547653,0.01825321801006794,0.07661036998033524,0.003702726727351546,0.2072194904088974,0.4565155327320099,0.10958900451660156,0.030240958929061888,0.08170794993638993,0.001604111958295107,0.22314202534034847
473,0.18615714311599732,1.2831080079078674,0.10090943872928619,0.018875571712851525,0.07392355501651764,0.003772729681804776,0.22181959748268126,1.3954276084899901,0.11771877408027649,0.031919658184051514,0.0873855397105217,0.0015108868246898055,0.2385348587995395
474,0.1867798775434494,1.0108357191085815,0.10137608051300048,0.018149606138467788,0.07448839545249938,0.0036812035366892816,0.2172193318605423,1.0298343181610108,0.11610545217990875,0.029730241000652313,0.0855168417096138,0.001463838736526668,0.23281637362670152
475,0.18692394196987153,1.3771134853363036,0.10117655396461486,0.019261921104043723,0.07420084476470948,0.0038311681244522335,0.22831152975559235,0.8726823329925537,0.1230454072356224,0.027231952548027037,0.0909068152308464,0.001486667012795806,0.24267084202729167
476,0.186847123503685,1.1921171188354491,0.10147776454687119,0.017536243610084056,0.07469522207975388,0.003812025021761656,0.21614743769168854,1.1629953145980836,0.11722708344459534,0.02223114501684904,0.0870749220252037,0.0014597232220694423,0.22799287370871751
477,0.18141418397426606,1.2740748643875122,0.09856095761060715,0.01605725325644016,0.07298962026834488,0.003669959958642721,0.19796020686626434,0.8962340235710144,0.10658322870731354,0.02325184252113104,0.07902181297540664,0.001458507007919252,0.21031539121177048
478,0.1880301207304001,1.6651308059692382,0.10330312997102738,0.013747071102261543,0.07596752941608428,0.003771865414455533,0.21457907557487488,0.9055630207061768,0.11423947215080262,0.030150216817855836,0.08449526429176331,0.0015384622383862734,0.23042341549880802
479,0.18710468709468842,1.936323070526123,0.10181905776262283,0.017007484287023544,0.0749869242310524,0.003589933179318905,0.22846821546554566,1.2423389911651612,0.1239443764090538,0.02277623973786831,0.0923800840973854,0.001511258538812399,0.24061195878311992
480,0.18292112350463868,1.2922426223754884,0.0995779201388359,0.015278290398418904,0.07383859008550644,0.0037309440318495034,0.2131384938955307,1.7485489249229431,0.11398881077766418,0.02740996368229389,0.08473144322633744,0.0014265168691053986,0.2275567345554009
481,0.19070427119731903,1.2223984599113464,0.10306663066148758,0.019820068776607514,0.07581614404916763,0.003822922892868519,0.2328452080488205,1.5607397556304932,0.12130046039819717,0.0440063551068306,0.08867779821157455,0.0017275460762903095,0.25571215979289263
482,0.18988899886608124,1.0922520995140075,0.10097435265779495,0.02634531110525131,0.07396532595157623,0.0035533354617655276,0.21228384971618652,0.7176425695419312,0.11182555258274078,0.03274042345583439,0.08326392322778702,0.0016483511542901396,0.22947825042065234
483,0.1910571575164795,1.6543980598449708,0.10204929560422897,0.02493939585983753,0.07464483231306077,0.0037866683211177587,0.22393223643302917,0.7226445764303208,0.11940830647945404,0.029389861971139908,0.08899414390325547,0.0016697197919711471,0.23946203214582057
484,0.18577992916107178,1.7271693468093872,0.10029515326023102,0.020248614810407163,0.07349812239408493,0.0037246900610625744,0.21570795476436616,0.4629733502864838,0.11577941626310348,0.026903782784938813,0.08574328571557999,0.0014667012728750706,0.22989318603649736
485,0.18941860795021057,1.4535674810409547,0.10198317170143127,0.022167986258864403,0.07450003772974015,0.0037028145510703326,0.1968684732913971,0.5799692571163177,0.10552919209003449,0.022088265232741832,0.07960682958364487,0.0013766325544565916,0.20860091946087778
486,0.1847854495048523,1.6617681503295898,0.10096097737550735,0.01553095579147339,0.0743005022406578,0.003516995906829834,0.22039317488670349,1.6608053207397462,0.11740896999835967,0.028717386350035668,0.08791651874780655,0.0014179746154695748,0.2354608497116715
487,0.190064737200737,1.4242253422737121,0.10214152783155442,0.021778651885688304,0.07522007077932358,0.0036276199389249086,0.23175006210803986,0.690537965297699,0.12191556990146638,0.03913031481206417,0.08952632397413254,0.001486019603908062,0.2520582282915711
488,0.18444800972938538,1.1916326403617858,0.10078653544187546,0.015440384112298488,0.07403953671455384,0.003803488053381443,0.2023313969373703,1.5102302789688111,0.10910354554653168,0.022143979370594025,0.0814335286617279,0.0014446742832660675,0.21412572786211967
489,0.1919079154729843,1.3210423231124877,0.10417134165763856,0.018780122324824334,0.07655697911977768,0.003579072840511799,0.22657085359096527,1.0678030014038087,0.12227332890033722,0.02620541974902153,0.09038182646036148,0.0016259680967777967,0.24048654320649804
490,0.18743689060211183,1.3057744264602662,0.1018192246556282,0.018481976352632046,0.07460221201181412,0.003548931423574686,0.23970444798469542,2.0294699668884277,0.12864497005939485,0.03229058980941772,0.09406421482563018,0.0016999235143885017,0.2566996982088313
491,0.1933092474937439,1.8550195455551148,0.10298788994550705,0.025711549818515776,0.07554659992456436,0.0038379734847694635,0.21613380908966065,1.0143701314926148,0.11583156138658524,0.027237158548086882,0.08591737300157547,0.001532578282058239,0.23051867121830585
492,0.18964776396751404,1.4609312176704408,0.10234423130750656,0.020272746309638025,0.07527106553316117,0.003792185243219137,0.22681349515914917,1.4067509591579437,0.12017503529787063,0.035526401549577716,0.0881484255194664,0.001453679660335183,0.24530354202724994
493,0.17615434527397156,1.6272058963775635,0.09491477161645889,0.01911978479474783,0.0698647677898407,0.0036298338789492847,0.21910300552845002,1.1844144344329834,0.11715219616889953,0.029942114278674124,0.08606008738279343,0.0018393196864053608,0.23499371751677242
494,0.1932636559009552,1.2906811475753783,0.10450521558523178,0.019951860420405865,0.07685586512088775,0.003853293741121888,0.21646417379379274,0.5738277196884155,0.11532167196273804,0.03055061846971512,0.08512755483388901,0.0014792683301493525,0.23247911359649154
495,0.1985148400068283,1.5038437604904176,0.10784682035446166,0.020021644607186317,0.0787219226360321,0.0038705524057149887,0.1956108808517456,0.7903057217597962,0.10357955992221832,0.029483960941433907,0.07653531283140183,0.0015080589568242432,0.2111068926518783
496,0.18674964010715484,1.7824693679809571,0.10071091651916504,0.020360932499170304,0.0739946037530899,0.00372732225805521,0.21570033431053162,0.5266150414943696,0.11417262852191926,0.03283848315477371,0.08435653001070023,0.001503883837722242,0.23287152552511542
497,0.179986834526062,1.3100995302200318,0.09800485819578171,0.016393810883164404,0.07199365198612213,0.003582838084548712,0.23086099028587342,0.8965227603912354,0.12188790142536163,0.03688804693520069,0.08977598398923874,0.0015061393845826388,0.2500580717343837
498,0.18528308868408203,1.5776830911636353,0.10139227956533432,0.015391347371041775,0.07442962378263474,0.0035310315899550913,0.22123082280158995,0.9172986745834351,0.11817382574081421,0.029747793078422548,0.08748861402273178,0.001388969155959785,0.23679920199792834
499,0.18023987412452697,1.7769680738449096,0.0977178767323494,0.01765288170427084,0.07185488045215607,0.0036813557147979737,0.2121894031763077,2.903755760192871,0.11390177458524704,0.024884043261408806,0.0851928487420082,0.0013055089861154557,0.2252841755747795
500,0.18285225033760072,1.428247046470642,0.09991043955087661,0.014365082792937755,0.07394522875547409,0.0036280777305364607,0.21633552610874177,2.196737587451935,0.11641647666692734,0.02667255662381649,0.08576311022043229,0.0016393116442486645,0.23049145515542477
501,0.1823784351348877,1.1149385929107667,0.0991173267364502,0.016453823633491994,0.07325559705495835,0.003557190950959921,0.23347650170326234,1.1317509174346925,0.12464387863874435,0.03190565221011639,0.09214315563440323,0.0014732809271663428,0.25016596741043035
502,0.17692887783050537,1.570186448097229,0.09712192118167877,0.012552901543676854,0.07174075841903686,0.0035794929601252077,0.2257341742515564,1.024294137954712,0.12354060411453247,0.01833283416926861,0.09230441451072693,0.001445480133406818,0.23562333292793483
503,0.18323293328285217,1.6337890386581422,0.1000629797577858,0.01492554135620594,0.07381733506917953,0.003779692156240344,0.2218015819787979,0.9194247484207153,0.12190031856298447,0.0155549556016922,0.09142821580171585,0.0013911533635109663,0.2302746433299035
504,0.18212709128856658,1.568164587020874,0.09815178215503692,0.0197279317304492,0.07224455624818801,0.0037335779052227736,0.22611109018325806,0.8674839735031128,0.12264281809329987,0.023145930841565132,0.09116539061069488,0.0014598240843042732,0.23841396362986417
505,0.1855546861886978,1.44448401927948,0.10151636600494385,0.014903555251657962,0.0747529461979866,0.0036671807058155535,0.22009640336036682,0.921418309211731,0.11933054625988007,0.02121191844344139,0.08947796672582627,0.001363847265020013,0.23138427869416775
506,0.18341904282569885,1.5436718702316283,0.09937808811664581,0.01809479258954525,0.0732085108757019,0.0035700852051377295,0.20382436811923982,1.2497992038726806,0.11079437136650086,0.018893643096089364,0.0827840581536293,0.001598245883360505,0.21407031849958003
507,0.18468382358551025,1.1017256259918213,0.1001210331916809,0.017620664462447165,0.07394430786371231,0.0036162990145385265,0.22909188866615296,0.910138976573944,0.12059570550918579,0.03811305984854698,0.08875521570444107,0.0013688858598470688,0.2488328669220209
508,0.1845683068037033,1.156822919845581,0.10056567639112472,0.015825621224939822,0.07425290197134018,0.0036738408263772724,0.22339697182178497,0.760902214050293,0.11975433677434921,0.029358505830168725,0.08820352405309677,0.001519725169055164,0.23883609182666984
509,0.1810179889202118,1.4246607542037963,0.09892166256904603,0.015015654265880585,0.07270212322473527,0.003772755432873964,0.21584417819976806,0.7842841148376465,0.11513819992542267,0.027379295229911803,0.0862876906991005,0.0014572735643014311,0.23026245941873638
510,0.18409755527973176,1.4078940629959107,0.10014684498310089,0.016585389152169228,0.07392425090074539,0.0034675223287194967,0.2068748027086258,1.041538619995117,0.11151430904865264,0.023256521299481393,0.08301693946123123,0.0014305938500910997,0.21921836365945635
511,0.18111949861049653,1.513974165916443,0.09812215119600295,0.017948085442185402,0.07220418453216552,0.0036382523830980062,0.21033471524715425,1.323688453435898,0.11253254115581512,0.026075243577361108,0.084117391705513,0.001294331206008792,0.22401950764469802
512,0.18376396894454955,1.1646706581115722,0.0998386412858963,0.016667854599654676,0.0739006295800209,0.0033815417904406787,0.21428721249103547,1.6649674773216248,0.11250596195459366,0.03424868956208229,0.08396319299936295,0.0013874367577955127,0.2321052812738344
513,0.1807721495628357,0.973208200931549,0.09916917830705643,0.013558685034513473,0.07299351543188096,0.003660220839083195,0.2440639019012451,0.6584072470664978,0.1281466469168663,0.04109298773109913,0.09474834948778152,0.0012448379304260016,0.265232822066173
514,0.18562016785144805,1.2596349358558654,0.10102183520793914,0.016941344551742076,0.07438057959079743,0.0034941680263727904,0.21607816219329834,0.7424260139465332,0.1153964027762413,0.027888234332203866,0.0860074669122696,0.0014603436226025223,0.2307524476433173
515,0.177543506026268,1.0558487892150878,0.09688045233488082,0.01484693754464388,0.07145737260580062,0.0035644181072711943,0.2052641749382019,1.093878936767578,0.10847998410463333,0.029901421070098876,0.08100710958242416,0.001652737194672227,0.2210412519518286
516,0.18512279391288758,1.4680981040000916,0.10006099045276642,0.01890869699418545,0.07374037057161331,0.0037341575138270856,0.22146774530410768,0.9683934867382049,0.11969471424818039,0.025148775801062583,0.08854132443666458,0.0013146524084731936,0.23469946689438073
517,0.19203127920627594,1.2595227718353272,0.10368746817111969,0.021327681839466095,0.0759404793381691,0.0034789783880114556,0.214279705286026,1.4780953764915465,0.11603446304798126,0.022332672402262686,0.08639470338821412,0.0013684032950550319,0.2261302421335131
518,0.17975034117698668,1.3676474571228028,0.09831274896860123,0.014510165341198445,0.07235543876886368,0.003654142376035452,0.21937547922134398,0.5059919357299805,0.11588247120380402,0.03436907827854156,0.0855736717581749,0.001469606044702232,0.23729482728522272
519,0.17859688103199006,1.4305039286613463,0.0971302330493927,0.016013434156775475,0.0717400148510933,0.003439829405397177,0.21800572276115418,0.38839887380599974,0.11638339161872864,0.027502748370170593,0.08713380247354507,0.001474297558888793,0.2324942400213331
520,0.17782041430473328,1.57282612323761,0.09657475203275681,0.016283908858895302,0.07128258496522903,0.0036422531586140392,0.2008055955171585,0.8092606663703918,0.10689775198698044,0.026638545840978623,0.0798975646495819,0.001382013992406428,0.2148158764699474
521,0.18098708391189575,1.3716053366661072,0.09839610457420349,0.016926731914281845,0.07233087420463562,0.003593492042273283,0.22289640903472902,0.9211363315582275,0.11829766184091568,0.03165755346417427,0.08804334849119186,0.0014532708097249269,0.23945183460600675
522,0.17786016762256623,2.0817654848098757,0.09782872051000595,0.011827825382351876,0.07232585549354553,0.0035833684727549554,0.21266414523124694,0.6452206611633301,0.11326271295547485,0.028751420974731445,0.08429792374372483,0.0014555958099663258,0.22776765348389744
523,0.1816178947687149,1.2537115216255188,0.0988618403673172,0.01638610679656267,0.07278071790933609,0.0035645551513880493,0.21510427594184875,0.7817949533462525,0.11428387761116028,0.030129358172416687,0.08503165245056152,0.0014481204329058529,0.23089300866704432
524,0.18764554262161254,1.2699872970581054,0.10277128368616104,0.013787242770195007,0.07609996795654297,0.0037613452412188055,0.200966739654541,0.8991834640502929,0.10910468399524689,0.018555384129285812,0.08182715028524398,0.0015144187724217772,0.21100163718219847
525,0.1871480941772461,1.005722987651825,0.10053019225597382,0.02146085910499096,0.07410268634557723,0.0035695696249604227,0.21410031020641326,0.6690191745758056,0.11614483594894409,0.02111007533967495,0.08668422549962998,0.0014324389863759278,0.22537157577462497
526,0.18015214204788207,0.8367027044296265,0.0987603634595871,0.013098299782723189,0.07301813662052155,0.003648987878113985,0.2164948731660843,0.6936281204223633,0.11484739780426026,0.029967716336250304,0.08586729913949967,0.001592650613747537,0.23227506389375777
527,0.18250129222869874,1.3994446277618409,0.09999490827322007,0.014484337717294692,0.07359000742435455,0.003348405845463276,0.2114104747772217,0.7858433723449707,0.11419556736946106,0.021901823207736017,0.08556122034788131,0.0014055362436920405,0.22306414716877043
528,0.18758193552494049,1.2558419823646545,0.10294326543807983,0.013735357951372863,0.07595729231834411,0.0036274042446166276,0.22095199823379516,2.52285475730896,0.11879325062036514,0.02662709802389145,0.08811734467744828,0.0014557027025148273,0.2349933960242197
529,0.17838844656944275,1.4198007583618164,0.09734452068805695,0.01458620298653841,0.07201701402664185,0.0034676236566156147,0.2214847356081009,1.7337996125221253,0.12055346071720123,0.022217316925525664,0.08911516964435577,0.0014148722402751446,0.23330081952735782
530,0.17494202256202698,1.3296398997306824,0.09606728851795196,0.012183063384145498,0.07116802334785462,0.003230361035093665,0.22729037404060365,0.6510880708694458,0.12192037403583526,0.025712555274367332,0.0917147696018219,0.0015979258343577385,0.24094562474638226
531,0.17762089967727662,1.4329606771469117,0.09676397889852524,0.015914944279938937,0.07117996364831924,0.0034389729611575604,0.20918357074260713,0.8687867403030396,0.11179814040660858,0.02719767838716507,0.08308223932981491,0.0014087230898439883,0.22348678121343254
532,0.18033378422260285,0.9546297073364258,0.09860657602548599,0.013891434483230113,0.07302834689617158,0.0035062859300523997,0.21204517185688018,0.8433689594268798,0.11081686615943909,0.036507343500852586,0.0822178766131401,0.0015135237481445074,0.23105561002157626
533,0.1753394901752472,1.4905518531799316,0.0957844078540802,0.013949117064476014,0.07080278992652893,0.0035554668866097927,0.24395546913146973,1.0496103763580322,0.13013553619384766,0.033817849680781366,0.09620926976203918,0.0014034990686923265,0.2615661547053605
534,0.19124624133110046,1.0414434552192688,0.10282216370105743,0.02150438167154789,0.07592051923274994,0.0035027199890464546,0.2146835744380951,0.7685350239276886,0.11500663459300994,0.02499755993485451,0.08633442521095276,0.0016874909400939942,0.22802611067891118
535,0.18805985450744628,1.1186548709869384,0.10284323990345001,0.015394676290452481,0.07569920271635056,0.0036401349119842053,0.21826712191104888,0.8952595233917237,0.11435787230730057,0.03710032775998116,0.08462980389595032,0.001458586729131639,0.23754659069236367
536,0.18119612336158752,1.4577154397964478,0.09841735363006592,0.01695479415357113,0.07255394607782364,0.0034948581364005805,0.23649865090847016,0.6617764234542847,0.12550219893455505,0.03543383702635765,0.09249830693006515,0.0015624773688614369,0.25499682025983933
537,0.17807653844356536,1.7204416990280151,0.09788156300783157,0.012445916794240475,0.07227685004472732,0.003390335151925683,0.21854498088359833,1.132700228691101,0.1176841676235199,0.024171984195709227,0.08806208670139312,0.0014254698995500802,0.23134370842017232
538,0.1823457211256027,1.1661128878593445,0.09944019615650176,0.014803729951381683,0.07365088611841202,0.003705543978139758,0.2304144650697708,1.7626014709472657,0.12623136341571808,0.019636085256934166,0.09363056272268296,0.001468960358761251,0.24096697175409648
539,0.17644736766815186,1.7453795433044434,0.09656650125980377,0.014408523216843605,0.07090682685375213,0.00353955733589828,0.21134476065635682,0.7657371044158936,0.11340979784727097,0.024525395408272744,0.08496805727481842,0.0014084138674661517,0.2243116643978283
540,0.18139681816101075,0.804427033662796,0.09902385622262955,0.015536127798259258,0.07283512428402901,0.003539554076269269,0.2082424968481064,0.7732639074325561,0.10933326780796052,0.03343623094260693,0.08143439888954163,0.0015134413726627827,0.22571733901277186
541,0.18492818772792816,1.588934063911438,0.10057965368032455,0.01706100646406412,0.07408148050308228,0.0034731191117316484,0.2103657305240631,0.5489096760749816,0.11436826884746551,0.01945686861872673,0.08552215248346329,0.0014937444357201457,0.22084103438537567
542,0.1722308188676834,1.6297518014907837,0.09366603791713715,0.015614531934261322,0.069087153673172,0.0033407135866582393,0.22054367363452912,1.191811776161194,0.11839383840560913,0.027017418295145035,0.08798433393239975,0.0013136013178154827,0.2347091919509694
543,0.17596067786216735,1.456337332725525,0.09692568033933639,0.011550714634358883,0.07148059010505677,0.003558105556294322,0.19513889253139496,0.8873023748397827,0.1047822579741478,0.021548718865960836,0.07890847623348236,0.0013476159889250993,0.2065870690625161
544,0.17860520184040068,1.4442299365997315,0.0967429056763649,0.017662300355732442,0.07128400802612304,0.0034942748490720986,0.21843642890453338,1.333239245414734,0.11638900339603424,0.029455806128680706,0.08671738505363465,0.0012042858405038714,0.23376648041885345
545,0.18160140216350557,1.381752073764801,0.09814145863056183,0.019372055865824224,0.07211198061704635,0.0033238564617931845,0.20304416120052338,0.7862305402755737,0.10770420432090759,0.030014480650424957,0.07962988018989563,0.001405688072554767,0.21875425323378295
546,0.17960085570812226,1.5338852405548096,0.09703843295574188,0.018375903926789762,0.07158820331096649,0.003572537982836366,0.22547332644462587,0.7543676912784576,0.12097207307815552,0.028626253828406334,0.08945710808038712,0.0014620317146182061,0.24051746670156718
547,0.18087949156761168,1.3624428629875183,0.09934444427490234,0.01421239785850048,0.07267523407936097,0.003507218137383461,0.22576294839382172,0.9083594799041748,0.12198644578456878,0.023730405420064927,0.09125977009534836,0.0013030649162828923,0.23827968621626497
548,0.1760849893093109,1.1124700665473939,0.09567543119192123,0.015725612454116345,0.07083910405635833,0.0034153040032833815,0.21559110879898072,1.4509003162384033,0.11539163589477539,0.027144274115562438,0.08596716523170471,0.0013203323353081942,0.22982340757735076
549,0.16707665622234344,1.5027675867080688,0.09120571017265319,0.013454076461493969,0.06747296899557113,0.003341878345236182,0.21418653130531312,1.121371364593506,0.11011880040168762,0.04205225706100464,0.08238269090652466,0.0013178210705518723,0.2358715694397688
550,0.17910487055778504,1.1823377728462219,0.0966234028339386,0.01859104633331299,0.07143837362527847,0.00349515019915998,0.22115223705768586,1.5178435087203979,0.11820585429668426,0.029910816997289657,0.08732055276632308,0.0013408428058028221,0.2367780668660998
551,0.17722853720188142,1.2774905681610107,0.09706155955791473,0.013572591543197631,0.07168402373790742,0.0033933162223547695,0.20955069065093995,0.5525038659572601,0.11325510144233704,0.023203198984265327,0.08402002602815628,0.0013479204615578055,0.22182624691631644
552,0.18360830545425416,1.245804238319397,0.10089162439107895,0.012674145214259625,0.07469217181205749,0.0033748664893209932,0.21665372252464293,0.8348713517189026,0.11740834712982177,0.022188446298241616,0.08751013576984405,0.0012820496689528228,0.22838897886686024
553,0.17168301045894624,1.3927387118339538,0.09306737631559373,0.016224627569317817,0.06885726004838943,0.0032921218778938057,0.22175860404968262,1.5207299590110779,0.11837610006332397,0.02854597717523575,0.08851250112056733,0.001194015215151012,0.23662859357427804
554,0.1739137887954712,1.6836359262466432,0.09496981501579285,0.014017412252724171,0.07026275098323823,0.0033450345043092968,0.2022023469209671,0.8047711193561554,0.10899599343538284,0.021330489590764046,0.08193327635526657,0.0012156737968325615,0.21347543317824602
555,0.1797029674053192,1.6578803062438965,0.09813501387834549,0.014303557388484479,0.07279424518346786,0.003243854967877269,0.21193252503871918,0.677884578704834,0.11500562727451324,0.020020465925335885,0.08628860414028168,0.0012561105890199543,0.22257080792915077
556,0.1778235137462616,1.2162927746772767,0.0968789055943489,0.014966931939125062,0.07178986221551895,0.003342557046562433,0.20393551588058473,0.8527703285217285,0.11059462428092956,0.019999600388109683,0.0827339917421341,0.0012141973711550236,0.21454241378232836
557,0.182015061378479,1.3063407063484191,0.10021193772554397,0.012500643357634544,0.07386043816804885,0.0033847307320684196,0.2190989226102829,1.352801150083542,0.11742422729730606,0.028248154371976853,0.08689417690038681,0.0013128581922501326,0.23387941676191987
558,0.1688834995031357,1.653835701942444,0.09236904978752136,0.013441498950123787,0.06810051202774048,0.003386377915740013,0.21903790533542633,1.0547082543373107,0.12000115215778351,0.0187701940536499,0.08903810679912567,0.0012271116022020579,0.22903656461276117
559,0.18567865788936616,1.1657443284988402,0.10069323480129241,0.017700671777129175,0.0744078814983368,0.0034543984569609166,0.19456519782543183,0.957836925983429,0.10109805315732956,0.03429650217294693,0.07572426646947861,0.0011892670299857855,0.2123080888297409
560,0.16760508120059966,1.3513351678848267,0.09121827632188798,0.014648916944861413,0.0673809677362442,0.0033627697732299565,0.20428069829940795,0.586082911491394,0.11143506467342376,0.016079016029834747,0.08419797867536545,0.0012162964791059493,0.21292835585772993
561,0.17933290898799897,1.3467702269554138,0.09891056269407272,0.011350531596690416,0.07309377938508987,0.003306606970727444,0.20285503268241883,1.003519105911255,0.10805118232965469,0.026091209799051284,0.08113286197185517,0.0012507746927440167,0.21652602879330515
562,0.17418640851974487,1.140504503250122,0.0959029033780098,0.011284517869353295,0.07093374878168106,0.003414997924119234,0.20188699662685394,0.7538139343261718,0.10909905731678009,0.021409308537840843,0.08144186437129974,0.001282865647226572,0.21323309587314726
563,0.17993668615818023,1.2722463250160216,0.09864011704921723,0.013148856721818447,0.07303104400634766,0.0033821944147348405,0.20810343623161315,1.1161417007446288,0.11215196400880814,0.024252746626734732,0.08320866823196411,0.0012328654993325472,0.22084624436683953
564,0.18074936270713807,1.2110234498977661,0.09794330447912217,0.017426435835659504,0.07238921970129013,0.003407243499532342,0.2046339064836502,1.4773252964019776,0.10732724368572236,0.033622977696359156,0.07992141097784042,0.0011475058970972895,0.22201913825701922
565,0.18031941056251527,1.5588089108467102,0.09887742549180985,0.012381267920136451,0.07354157865047455,0.0034195444080978633,0.22337240278720855,1.0198030948638916,0.11908593624830247,0.03010687530040741,0.08861036896705628,0.0012452946975827217,0.23904847521334888
566,0.1830316424369812,1.251717746257782,0.09906559139490127,0.01796043887734413,0.07326375395059585,0.003444152418524027,0.20305100381374358,1.1631546020507812,0.11096517443656921,0.017786836251616478,0.08257730156183243,0.0012302080169320107,0.21255952026695016
567,0.17074288725852965,1.4716054677963257,0.09399555921554566,0.010998271591961383,0.0695693850517273,0.003357614250853658,0.21817943155765535,0.9544872999191284,0.1187358945608139,0.022447919566184284,0.08752398639917373,0.0013911664485931397,0.23009896697476503
568,0.1684113085269928,1.0883212685585022,0.09180292189121246,0.014666954148560762,0.06757134273648262,0.0034071363508701323,0.2024044007062912,0.8889392733573913,0.10550722181797027,0.03561222106218338,0.07848176211118699,0.001218610443174839,0.22081981543451548
569,0.17867166101932525,1.2231446623802185,0.09833966046571732,0.012390565685927868,0.07244110405445099,0.003391227312386036,0.20463439226150512,0.6577091574668884,0.10963841676712036,0.026088507473468782,0.08124439120292663,0.001414675358682871,0.21838599080219864
570,0.18076183497905732,1.3990310192108155,0.09885307103395462,0.01418064720928669,0.07305226624011993,0.003532350342720747,0.20918064415454865,0.9904086232185364,0.11115716099739074,0.02882892042398453,0.08296563923358917,0.0012867679353803397,0.2242384885903448
571,0.180037721991539,1.5763195276260376,0.09826833307743073,0.014304780028760433,0.07287194728851318,0.003490084642544389,0.21602029204368592,0.6687895774841308,0.11362689137458801,0.032876545935869216,0.08528659790754319,0.001337086595594883,0.2331271218135953
572,0.17895493507385254,1.68265061378479,0.09859254807233811,0.011805401742458343,0.07277059853076935,0.0033781819045543672,0.2107301265001297,0.796382474899292,0.11066003441810608,0.03375202845782042,0.08251938372850418,0.0013494031503796578,0.22828084975481033
573,0.1672278255224228,1.2004962801933288,0.09116398841142655,0.01331121353432536,0.06770107373595238,0.003414319036528468,0.19796493649482727,1.2941056489944458,0.10498245954513549,0.02697114795446396,0.0788374736905098,0.0013188597513362765,0.21210994094144553
574,0.1807417243719101,1.6169454097747802,0.0984221190214157,0.01598083842545748,0.0726092204451561,0.0034399252384901048,0.22124332785606385,1.027948760986328,0.11833900511264801,0.027165745943784715,0.08867684453725815,0.0012892035068944097,0.2354707991005853
575,0.1719269037246704,1.2821069717407227,0.09377126395702362,0.0141061469912529,0.0693775087594986,0.003450130904093385,0.21786576211452485,0.8740205287933349,0.1179675355553627,0.022490133345127106,0.08800267279148102,0.0013009822461754084,0.22976132393814624
576,0.17490098476409913,1.5448811411857606,0.09554262161254883,0.013762266840785742,0.07081801146268844,0.003318435372784734,0.20229192078113556,1.123130202293396,0.10960182249546051,0.019898072257637976,0.08205825090408325,0.0013656306080520153,0.21292377626523373
577,0.178786501288414,1.0937124967575074,0.09922967702150345,0.008558409474790096,0.07352992594242096,0.0034953927155584098,0.21615052819252015,0.6427740573883056,0.11553333699703217,0.02795853912830353,0.08600765466690063,0.001260520936921239,0.2307600517291576
578,0.1712943822145462,1.4203417778015137,0.09373031854629517,0.012108215503394604,0.06979776471853257,0.0034243789035826922,0.21878893077373504,0.6369962215423584,0.11771253794431687,0.026520433276891707,0.08720596432685852,0.0012204475700855256,0.23265938311815262
579,0.1855737954378128,1.2813590884208679,0.1025623083114624,0.011206661630421878,0.07566710710525512,0.003482101345434785,0.2047103762626648,1.047197264432907,0.10976493656635285,0.02645387277007103,0.08112460672855377,0.001187812490388751,0.21853122855536639
580,0.17268609404563903,1.5527309894561767,0.09443121403455734,0.01352600809186697,0.0698473796248436,0.003288980992510915,0.21902455985546113,1.0011717915534972,0.11854546666145324,0.021934497356414794,0.08887783139944076,0.0012680309824645518,0.23062582639977333
581,0.1756203442811966,1.1460927844047546,0.09570362716913224,0.01465841755270958,0.07098202854394912,0.0032109507359564305,0.21134766340255737,1.1622735977172851,0.11093974709510804,0.03470956087112427,0.08239100575447082,0.0013242334127426148,0.22936454713344578
582,0.18156131207942963,1.0478617131710053,0.10001226961612701,0.011553397960960865,0.07407832145690918,0.003388046100735664,0.2162946105003357,0.933032751083374,0.11537384390830993,0.027222134917974473,0.08663845211267471,0.001342480257153511,0.23057691119611262
583,0.17005356550216674,1.0029743909835815,0.09282236397266388,0.013308108225464821,0.06888438761234283,0.00338552501052618,0.23727176785469056,1.044489574432373,0.1281879276037216,0.026889085397124292,0.09497861266136169,0.0013213989790529014,0.2513770246412605
584,0.17437321245670317,1.6603466272354126,0.09540151208639144,0.013331565447151661,0.0706511914730072,0.003309442941099405,0.21497426331043243,0.3867397904396057,0.11423578262329101,0.0298241775482893,0.08516333401203155,0.001326107932254672,0.23054940211586655
585,0.1702556073665619,1.5231648445129395,0.09342846423387527,0.011980473063886166,0.06916606426239014,0.0033416873309761288,0.22133536338806153,0.8560506105422974,0.12040946185588837,0.022059348225593568,0.08924245238304138,0.001307579455897212,0.23301884192042052
586,0.17336177229881286,0.9397038340568542,0.09403393119573593,0.016904311813414098,0.06918921470642089,0.003372936649248004,0.22057264149188996,1.3253865242004395,0.11663173139095306,0.03248057924211025,0.08703261464834214,0.0013360097538679839,0.23748093503527345
587,0.17437722980976106,1.0347555518150329,0.09534018635749816,0.013270743004977704,0.07067506015300751,0.0034532272722572087,0.21980637013912202,0.5261923968791962,0.11751896142959595,0.027480213344097136,0.08786149024963379,0.0013716137735173106,0.23423227879684416
588,0.16256316304206847,1.6720983624458312,0.08839422017335892,0.014283771719783544,0.06534621194005012,0.0033616912085562946,0.19768470525741577,0.8314613461494446,0.10627051144838333,0.02395916301757097,0.07873873561620712,0.0013917631935328246,0.21036017327569423
589,0.17377932965755463,1.344818890094757,0.09543499499559402,0.012618083320558072,0.07040204703807831,0.003266487969085574,0.21893669068813323,0.8595987558364868,0.11747645735740661,0.02705332189798355,0.08724234402179717,0.0013824547408148647,0.23315457801800218
590,0.179376420378685,1.2096745252609253,0.09715470075607299,0.017443161644041538,0.07187631130218505,0.003247664775699377,0.22194007337093352,0.8394698321819305,0.1198403924703598,0.02254823297262192,0.09022103846073151,0.0012090652249753474,0.2338187291286886
591,0.17157821953296662,1.6325412273406983,0.09344643205404282,0.015015874803066254,0.06895016729831696,0.0033473745454102753,0.2275707960128784,0.46060759425163267,0.12128458470106125,0.03081757128238678,0.09026004523038864,0.0012347754091024399,0.2435969766229391
592,0.1801731437444687,1.4104248046875,0.09740753322839737,0.01887563578784466,0.07164432406425476,0.0033669429365545513,0.20672047436237334,1.3840391159057617,0.11192717552185058,0.021866803243756294,0.08325651437044143,0.001206780388019979,0.21825727352406826
593,0.17294910550117493,1.1122286558151244,0.09456669688224792,0.013213373720645905,0.07005116492509841,0.0034491251688450577,0.20771327316761018,0.8793424308300019,0.11297683119773864,0.01973848696798086,0.08423776924610138,0.001258855452761054,0.21821194286458195
594,0.17640167474746704,1.2756552696228027,0.09623229801654816,0.01444590762257576,0.07126300632953644,0.0033668139949440956,0.2019243985414505,0.7854867219924927,0.10848948955535889,0.024513083696365356,0.08054903298616409,0.001258668629452586,0.21481027486734092
595,0.1680702894926071,1.1390942454338073,0.09136453568935395,0.014968495629727841,0.067571721971035,0.0032995700370520354,0.22556187808513642,1.3097460269927979,0.12114861905574799,0.027075906470417976,0.09028027355670928,0.0011900842655450106,0.23969488334842026
596,0.1702125996351242,1.157195806503296,0.0934714987874031,0.01199396587908268,0.06904733031988144,0.003393572149798274,0.21818576753139496,1.3388707637786865,0.11633067429065705,0.02862238958477974,0.08692831993103027,0.0012311503756791352,0.2331125341821462
597,0.1686513364315033,1.6791685342788696,0.09287569224834442,0.010556990653276444,0.06894717365503311,0.0030999349895864726,0.21559946835041047,0.8391870021820068,0.11661642491817474,0.02230777721852064,0.08726194053888321,0.0011344067053869367,0.22732054938096552
598,0.1779346913099289,1.3793711900711059,0.09785031229257583,0.01199406199157238,0.07245637774467469,0.0032619351986795664,0.22300868034362792,0.5848834276199341,0.11846416890621185,0.03075459524989128,0.0885649412870407,0.001204537507146597,0.23898824295029045
599,0.16795278191566468,1.3359576344490052,0.09265650808811188,0.008590173162519931,0.06936395913362503,0.00327446055598557,0.22311648428440095,0.4530258536338806,0.12085327804088593,0.021980007737874986,0.09065577387809753,0.001234861183911562,0.23472392084077
600,0.17290897369384767,1.1542431950569152,0.0948224276304245,0.012142500188201667,0.07036116421222686,0.0033082683105021713,0.2269845187664032,1.2255148947238923,0.12208395600318908,0.02542561963200569,0.09155783504247665,0.0012598509900271892,0.24032726166769858
601,0.17092001736164092,1.289045023918152,0.09358910173177719,0.01307691354304552,0.0691470056772232,0.0032909083180129527,0.21262421905994416,0.8466262221336365,0.11435515433549881,0.02517385557293892,0.08509110510349274,0.0011820702813565731,0.22580218529328705
602,0.16752890944480897,1.487983500957489,0.0926254227757454,0.008749613538384438,0.06886787712574005,0.003321611974388361,0.23028985559940338,1.6484324097633363,0.12360011935234069,0.02768813632428646,0.09226588755846024,0.001159552950412035,0.24471369618549943
603,0.173348268866539,1.074566161632538,0.09631872028112412,0.00833763862028718,0.07121065258979797,0.0033001442905515434,0.232932049036026,1.2995675563812257,0.12466486990451812,0.030463796108961105,0.0923534795641899,0.0013636054005473851,0.24884575097821654
604,0.17561283111572265,1.2137909173965453,0.09582766145467758,0.014171235077083112,0.07113831043243408,0.0031224781181663276,0.20545293986797333,0.8903825640678406,0.11257089674472809,0.016483781300485133,0.0840699702501297,0.0011403825832530857,0.21426503087859602
605,0.17368943989276886,1.3141193151474,0.09629119485616684,0.009304271545261145,0.07109794616699219,0.003296327264979482,0.2007054567337036,0.47128056883811953,0.11027279049158097,0.013784113526344299,0.08291746228933335,0.0012462892569601535,0.2082206555642188
606,0.17642461955547334,1.5066551089286804,0.09712505340576172,0.010884622856974602,0.07224228531122208,0.0032299560960382225,0.21857393085956572,0.5882086753845215,0.11792089194059371,0.023414288088679312,0.0883146271109581,0.0012625331059098245,0.23091234024614096
607,0.17170118391513825,1.179772412776947,0.09335146099328995,0.01458113119006157,0.06948009580373764,0.0031581249553710223,0.2306997448205948,0.600657320022583,0.12240338027477264,0.03352891653776169,0.09092997163534164,0.0012038573157042265,0.2480661257635802
608,0.1724562019109726,1.0509689092636108,0.09417995512485504,0.013994309306144714,0.0696734756231308,0.003211230784654617,0.21407198309898376,0.5684298276901245,0.11546729505062103,0.02240321785211563,0.08671016991138458,0.0013858127407729627,0.2259664955548942
609,0.17145394682884216,1.0979992866516113,0.09475164264440536,0.009294216893613339,0.0703623965382576,0.0033856072928756475,0.23554280698299407,0.583344453573227,0.12445966303348541,0.03694368116557598,0.09193033128976821,0.0013619381003081798,0.2546956135891377
610,0.1669607162475586,1.158349072933197,0.09199327528476715,0.009829937294125558,0.06834873557090759,0.003407474886626005,0.21148939430713654,0.7223177909851074,0.11425519585609437,0.022482656687498093,0.08539663702249527,0.0011924666701816022,0.22332695623626933
611,0.17932370007038118,1.1105617165565491,0.0992244228720665,0.01051271753385663,0.07324439287185669,0.0031970394775271416,0.20715875327587127,0.8633782923221588,0.10907444953918458,0.032416395097970965,0.08133181482553482,0.0010885748080909253,0.2239112342707813
612,0.1638973742723465,1.0897628962993622,0.08941126465797425,0.012701517064124345,0.06649824678897857,0.003274206863716245,0.22588762044906616,0.8111982941627502,0.12076656222343445,0.02812180332839489,0.09037002325057983,0.001380273187533021,0.2406386619899422
613,0.1719341069459915,1.0788168430328369,0.09492187649011612,0.009710168093442917,0.07054095268249512,0.0032323735766112806,0.2198889285326004,0.6114522397518158,0.1171949952840805,0.030016308277845384,0.08706259876489639,0.001246357336640358,0.23552025966346263
614,0.1654864102602005,1.1777295351028443,0.09090793579816818,0.011144548654556274,0.06732968538999558,0.0033530395943671466,0.1912068486213684,0.9468245506286621,0.10068553537130356,0.027044737339019777,0.07630458623170852,0.0013887096894904972,0.20542356863152236
615,0.17736290395259857,0.9948040604591369,0.09699588567018509,0.013876119069755078,0.07177808433771134,0.0033017458859831094,0.20521719753742218,0.9570340275764465,0.10884452760219573,0.029292529448866844,0.08114608973264695,0.0011606349144130945,0.22044378169812262
616,0.16068559288978576,1.1154324173927308,0.08812168687582016,0.011136172153055669,0.06527662053704261,0.003438398661091924,0.19762799739837647,1.4605172216892242,0.10650263428688049,0.020868321880698204,0.08014389127492905,0.0010946163325570523,0.2086094637750648
617,0.17541466355323793,0.7999094009399415,0.09432729035615921,0.019296891614794733,0.06980409622192382,0.0032696610316634176,0.20924826860427856,0.7917970299720765,0.11166439354419708,0.026511978730559348,0.0837947279214859,0.0010663208551704884,0.22303742105141283
618,0.17558394372463226,1.7009912252426147,0.09660832136869431,0.011664681602269411,0.07149930894374848,0.003287939913570881,0.20488404333591462,1.2962118625640868,0.11079127788543701,0.021561551094055175,0.08267977088689804,0.0012644255999475717,0.2162970254663378
619,0.17781366109848024,1.3376331090927125,0.09752412885427475,0.01266127061098814,0.07232371270656586,0.003270359942689538,0.2071410357952118,0.6052677869796753,0.11139334440231323,0.023087570816278456,0.08359870761632919,0.0012103963177651166,0.219290019152686
620,0.17033102512359619,1.3801698207855224,0.09285340905189514,0.013648068718612193,0.06901358366012574,0.003279993776232004,0.21967701911926268,0.8492766380310058,0.1158844769001007,0.032597866281867026,0.08690978735685348,0.001167621137574315,0.23655975167639554
621,0.16968024373054505,0.9714774370193482,0.0926186427474022,0.013644962944090367,0.0686223104596138,0.003233614470809698,0.20851556062698365,0.8825658798217774,0.11329748928546905,0.019314851611852646,0.08499641865491867,0.0011284774169325828,0.21873723696917297
622,0.1650389015674591,1.1101911783218383,0.09040450006723404,0.011953307501971721,0.06702588200569153,0.0032637285999953746,0.20993217825889587,1.8503457903862,0.11453894376754761,0.01876794397830963,0.08533872812986373,0.0013410482089966536,0.21998666408471765
623,0.1776884227991104,1.342193639278412,0.09737923145294189,0.013281937502324582,0.0719993144273758,0.0033378196880221368,0.21160233318805693,1.418235683441162,0.11259546726942063,0.02861652746796608,0.08410916179418564,0.0011788706993684172,0.2265000272309408
624,0.15999737977981568,1.6104599475860595,0.08788874745368958,0.01046090703457594,0.06534558460116387,0.003065179428085685,0.21547224521636962,0.9651200771331787,0.11384574323892593,0.03288104385137558,0.08456688672304154,0.0012381637934595346,0.23253183760680257
625,0.16723590791225434,1.5089475631713867,0.0922113224864006,0.00960020599886775,0.06865946799516678,0.0031300244852900507,0.210812571644783,1.0569518566131593,0.11433190554380417,0.020839420706033708,0.08548495024442673,0.0011519915889948607,0.22180826808325949
626,0.17212969958782195,1.0703316569328307,0.09504358619451522,0.009774186834692954,0.07057308554649352,0.0032518723513931037,0.20736564993858336,0.899255907535553,0.11200661063194275,0.022143207490444183,0.08370836526155472,0.001158150564879179,0.2190163339488208
627,0.16615186929702758,1.1486312389373778,0.09153905063867569,0.009998860768973827,0.06793674156069755,0.0033532902132719757,0.22407966256141662,0.7365172803401947,0.11970301270484925,0.028526362404227255,0.08945265114307403,0.001321639446541667,0.2390036656986922
628,0.16995804011821747,1.6234260320663452,0.09383514970541,0.009371075313538313,0.0698378324508667,0.0031990368384867906,0.21561734974384308,0.8752635955810547,0.1143994927406311,0.02981521226465702,0.08574655503034592,0.001127382880076766,0.23108864291571082
629,0.17443424463272095,0.8065143942832946,0.09563943445682525,0.011901245266199113,0.07124370783567428,0.0032009600661695005,0.221338152885437,1.011692476272583,0.11760881543159485,0.02919773608446121,0.08854021281003951,0.0011805370915681124,0.2365273014176637
630,0.17248580753803253,1.2260656595230102,0.09570989906787872,0.008081954251974822,0.07107988297939301,0.0033100921660661697,0.20948684811592103,0.5535494923591614,0.11078114956617355,0.030331200920045376,0.08299347907304763,0.0010932516306638718,0.22519908118993043
631,0.17748284637928008,1.2720308303833008,0.09758623093366622,0.011669875867664815,0.0723921611905098,0.0033390234224498273,0.2116571009159088,0.6094939291477204,0.11143111884593963,0.03200127296149731,0.08362669646739959,0.0011972891865298153,0.22825637746136634
632,0.1747344970703125,1.3956500053405763,0.0962375521659851,0.010640166234225035,0.07157344371080399,0.003206841880455613,0.21418787837028502,1.1637681007385254,0.11822667717933655,0.013195532187819482,0.08873407691717147,0.001258750492706895,0.22141503677703442
633,0.16483984291553497,1.1559072852134704,0.09012293666601182,0.011976766772568226,0.06710450351238251,0.003248042333871126,0.21444377899169922,0.6989912271499634,0.1154947429895401,0.0238901405595243,0.08636181801557541,0.0012842822819948197,0.22703098384663462
634,0.17271745204925537,1.1859617590904237,0.09491118639707566,0.011727290600538254,0.0702793076634407,0.0033266236539930107,0.18917170464992522,0.5985861897468567,0.10025909841060639,0.025027149356901646,0.07581444531679153,0.001169174863025546,0.2022698679473251
635,0.17449912130832673,1.0018363833427428,0.09583051204681396,0.012418907135725021,0.07084494084119797,0.003228422626852989,0.20931471288204193,0.9189307689666748,0.11045968532562256,0.03150061443448067,0.08238533586263656,0.0014387818053364753,0.22578441742807626
636,0.16968125998973846,1.339232325553894,0.09268283694982529,0.013578083831816912,0.06860418319702148,0.0032103937584906815,0.20669287145137788,0.5167122125625611,0.10994692742824555,0.026481106132268905,0.08289222717285157,0.0012263208394870163,0.22054658157285303
637,0.16781272292137145,1.2336443424224854,0.09239252954721451,0.0098445238545537,0.06890521645545959,0.0031854272820055485,0.22310718297958373,0.6422770261764527,0.11966690123081207,0.027846968732774258,0.08892445266246796,0.001184683619067073,0.23762300624512137
638,0.1704481363296509,1.1277783513069153,0.09272684901952744,0.014662387780845165,0.06871324926614761,0.0033536960370838644,0.22552407085895537,0.679299259185791,0.12083370387554168,0.02712407037615776,0.09049458354711533,0.0012674763798713683,0.23971983417868617
639,0.17284847795963287,1.055314040184021,0.09443739652633668,0.01350702829658985,0.07000204026699067,0.003311050636693835,0.20918287038803102,0.8738751173019409,0.11380559206008911,0.01870716121047735,0.08545316904783248,0.0011410437989979982,0.21910696611739694
640,0.17413643896579742,1.1558141469955445,0.09591816067695617,0.010967161878943444,0.07113398462533951,0.003201427822932601,0.21809668838977814,0.42145107984542846,0.11735834777355195,0.026347618922591208,0.08696655631065368,0.0011959558818489314,0.23186847888864578
641,0.17026639878749847,1.348295474052429,0.09297299981117249,0.013361543044447899,0.06904151514172555,0.0031422283034771683,0.22350873947143554,0.6218887090682983,0.12116829156875611,0.02094384878873825,0.09122288823127747,0.0012912554433569313,0.23462628403212876
642,0.1683714747428894,1.290858519077301,0.09303665608167648,0.008702802238985896,0.06935497522354125,0.003256883565336466,0.2220783054828644,0.4734320819377899,0.11936140656471253,0.0245380025357008,0.08988585025072098,0.0011241097468882798,0.2349093690980226
643,0.16885835230350493,1.0089361190795898,0.09342598766088486,0.009154611360281706,0.06932693421840667,0.003056263877078891,0.2059594750404358,1.132384181022644,0.1110052838921547,0.02201473116874695,0.08339202255010605,0.0011095896363258362,0.21752162724733354
644,0.17187554836273194,1.2291231870651245,0.09447990357875824,0.0108416092582047,0.07037464082241059,0.0032004108652472496,0.23073021471500396,0.7686322450637817,0.12549974620342255,0.02032402567565441,0.09441703110933304,0.0013028489192947745,0.24154365190770477
645,0.1692446768283844,1.1001824855804443,0.09351578950881959,0.009757125005125999,0.06935380399227142,0.0029930340591818095,0.22332870662212373,0.8905581951141357,0.12000737488269805,0.027286260016262533,0.08907934129238129,0.001197692658752203,0.23757066885009406
646,0.15903552770614623,1.1990692853927611,0.08691157251596451,0.011895581893622876,0.06457744166254997,0.0031974551267921923,0.2276928037405014,0.7393031299114228,0.12334829568862915,0.024562861397862436,0.09147294908761978,0.0011802682653069495,0.24056437443941833
647,0.16901112496852874,1.2671801805496217,0.09255970567464829,0.013498345017433166,0.06813812404870986,0.0031282472889870407,0.21109844744205475,0.8062551021575928,0.11439830362796784,0.02086750343441963,0.08562911450862884,0.0012745691230520606,0.22216949069406838
648,0.1654173403978348,1.3117522716522216,0.09026399701833725,0.012913945317268371,0.06710131615400314,0.0031901060603559015,0.22173683643341063,0.8130573809146882,0.11847379803657532,0.0295888333581388,0.08782871812582016,0.0012797934468835592,0.23717114296741784
649,0.16982259154319762,0.8779273509979248,0.09360747039318085,0.010088362358510494,0.06959927231073379,0.0031433367170393468,0.2010936141014099,0.725783896446228,0.1081804245710373,0.022316869255155324,0.08115581572055816,0.0011978721478953958,0.2128509816946462
650,0.16451431512832643,1.2576020240783692,0.09017469435930252,0.012663491070270538,0.06635091975331306,0.003313906816765666,0.22064495086669922,0.5249482095241547,0.1212779477238655,0.01616239417344332,0.09071387499570846,0.0011438490822911263,0.2292980659753084
651,0.16831788122653962,1.387108612060547,0.09284631460905075,0.009847299382090568,0.06894261986017228,0.0032105890568345785,0.20866275131702422,1.075635266304016,0.11330347061157227,0.01937645599246025,0.08506787866353989,0.0012063405942171813,0.2189541458617896
652,0.16615358889102935,1.1179060518741608,0.0912653386592865,0.010843678843230009,0.06790457367897033,0.003123679617419839,0.22014936804771423,0.8108056426048279,0.11504535675048828,0.03700651191174984,0.08602828830480576,0.001144935842603445,0.23922509280964732
653,0.1587665408849716,1.291920006275177,0.08790247589349746,0.008146101236343383,0.06522433459758759,0.0031333563849329947,0.2192334294319153,0.5270975768566132,0.1175757184624672,0.02710939645767212,0.08752600401639939,0.001154010440222919,0.23336512937676165
654,0.15415638983249663,1.0687273263931274,0.08484332263469696,0.009440034069120884,0.06302370354533196,0.0031386832240968944,0.23607418835163116,0.9254212617874146,0.12587418258190156,0.03193435743451119,0.09355313926935196,0.0013593600131571292,0.2527210392989218
655,0.17107036709785461,1.0919188141822815,0.09441915303468704,0.009722154587507248,0.07018395960330963,0.003212354378774762,0.20822620987892151,0.56676464676857,0.11143437176942825,0.025278396531939508,0.08357897400856018,0.001147339935414493,0.22143908224534242
656,0.17010965645313264,1.242296576499939,0.09386595934629441,0.01051342450082302,0.06938191130757332,0.0032101459335535766,0.21728967726230622,0.7148982882499695,0.11494939923286437,0.03057658104225993,0.08644604384899139,0.0012118872720748187,0.23318391139619055
657,0.17244825065135955,1.3029951333999634,0.09426221698522567,0.013000550772994756,0.07011672556400299,0.003138067340478301,0.2120099037885666,0.8436557650566101,0.11611263751983643,0.01816149279475212,0.08626270145177842,0.0011076335795223713,0.22164446534588933
658,0.17562934160232543,1.2747489929199218,0.09660325944423676,0.011642211582511663,0.0715705469250679,0.003268863819539547,0.2219640076160431,0.6763524293899537,0.11706638634204865,0.03348139226436615,0.08760172575712204,0.00111042819917202,0.23925993256270883
659,0.17296625077724456,1.2509754300117493,0.09567606300115586,0.009174702595919371,0.071075339615345,0.0032550014089792966,0.20143215954303742,1.9907913088798523,0.10958270728588104,0.017455408722162245,0.08254696875810623,0.0011495734099298716,0.2107346581760794
660,0.16368956565856935,1.1257670164108275,0.0899873986840248,0.010534246172755956,0.0668418511748314,0.003186375088989735,0.2296725332736969,1.335700511932373,0.1252289056777954,0.02232168838381767,0.09274793714284897,0.0010696691926568747,0.24136820039711893
661,0.1624310940504074,1.1600717663764955,0.08959443122148514,0.009700793400406837,0.066452556848526,0.0030674304347485305,0.21710135340690612,0.4494194030761719,0.11953802406787872,0.014371841680258512,0.08977637737989426,0.0012020539259538054,0.22488829705398528
662,0.1697271227836609,0.992765748500824,0.09420282393693924,0.007789493538439274,0.07002273201942444,0.003213631361722946,0.22412558794021606,0.669759726524353,0.12011726349592208,0.0266676289960742,0.09007344096899032,0.0012021623086184263,0.23806049576960503
663,0.17341029942035674,0.7031500816345215,0.0956574410200119,0.010445596743375063,0.07090689241886139,0.003246321063488722,0.20935747623443604,1.315641188621521,0.11382850408554077,0.019487253576517104,0.08523089736700058,0.0011088985484093428,0.2196555535774678
664,0.16855476200580596,1.2025434732437135,0.09333857893943787,0.008911821153014898,0.06919058412313461,0.0031393789686262608,0.2062636524438858,1.5035207271575928,0.11276641190052032,0.016883473098278045,0.08449800610542298,0.0011149824364110827,0.21526287354063242
665,0.16659282743930817,1.1653895854949952,0.09114326536655426,0.012589596211910248,0.06760244071483612,0.003104649716988206,0.21385303437709807,0.5933428525924682,0.11822441518306732,0.013554274290800094,0.0883127585053444,0.001077448483556509,0.22116889646276833
666,0.16786102950572968,0.8305718302726746,0.0926791936159134,0.0093596076592803,0.06893579363822937,0.003132476145401597,0.22650704383850098,0.789102840423584,0.12011126279830933,0.03340945839881897,0.08915725201368332,0.001067603938281536,0.24374557714909315
667,0.1707852691411972,0.977311372756958,0.0940068781375885,0.010388623271137477,0.07003008276224136,0.0031080018728971482,0.21649789810180664,0.7605934619903565,0.11731278151273727,0.022234783880412577,0.08750803023576736,0.0011193740647286177,0.22817496969364584
668,0.16422394514083863,1.0866084814071655,0.09081715792417526,0.008546340838074684,0.06759680062532425,0.0030736235436052083,0.20191519558429719,1.2960797667503356,0.10682589113712311,0.02870790772140026,0.08019451349973679,0.001081678457558155,0.21680999081581834
669,0.1599760353565216,0.8489140868186951,0.08852399289608001,0.007595979049801827,0.06607207506895066,0.0031639528926461933,0.2105632096529007,0.5246523022651672,0.11280223429203033,0.0258488193154335,0.08430826663970947,0.0010566129814833403,0.22401593322865665
670,0.16039302051067353,1.1526803374290466,0.08884501457214355,0.0064146390184760095,0.066761714220047,0.0031579493079334497,0.2312857985496521,1.3939634323120118,0.12490682005882263,0.025452600419521333,0.09301431030035019,0.0012767255073413252,0.2446504562860355
671,0.16471218466758727,1.2086177825927735,0.09065561294555664,0.010502485651522874,0.06717580705881118,0.0032590483780950306,0.20876608788967133,0.9178223848342896,0.11260752677917481,0.023355355020612478,0.0839686632156372,0.001024450990371406,0.22095599600579588
672,0.1710503339767456,0.9792771577835083,0.09447993785142898,0.01034210342913866,0.06984189748764039,0.0031148992478847505,0.2288956254720688,1.670156764984131,0.12524033337831497,0.018713906221091748,0.09371542185544968,0.001165840565226972,0.23883550202008338
673,0.17223673462867736,1.021185290813446,0.0949958935379982,0.010256762057542801,0.07053956389427185,0.0031457892153412105,0.2105415254831314,0.836293387413025,0.11279792189598084,0.026493510231375694,0.08393509238958359,0.0011235180194489659,0.2243500425363891
674,0.166184663772583,1.1705475926399231,0.09196771830320358,0.009254828840494157,0.06801473051309585,0.0031496049370616673,0.21242330372333526,1.0583223104476929,0.11398289799690246,0.02415162995457649,0.08578404039144516,0.001161125861108303,0.22507969420403243
675,0.16848505139350892,1.454449677467346,0.0930819034576416,0.009474372956901789,0.06917165815830231,0.002988613350316882,0.22022056579589844,1.675596284866333,0.11860235333442688,0.02581847608089447,0.08813469111919403,0.0011485754046589136,0.2337040959391743
676,0.16951163113117218,0.7902059435844422,0.092800273001194,0.012331295479089021,0.06898128837347031,0.0031288369093090294,0.2259797841310501,0.99838285446167,0.12213277518749237,0.024255016446113588,0.09112644642591476,0.001186119206249714,0.23870035726577044
677,0.16143665611743926,1.4418883800506592,0.08878237307071686,0.010864410921931267,0.06567596793174743,0.0030922246631234886,0.20704639554023743,0.7882192134857178,0.1114047959446907,0.023768383264541625,0.08320319056510925,0.0011084692319855093,0.2194848390063271
678,0.17062391340732574,1.3576903223991394,0.09332049638032913,0.013345475308597088,0.06900070756673812,0.0032599452417343853,0.22470129430294036,0.4187862992286682,0.12033536434173583,0.027665040642023086,0.08998061269521714,0.0011055869981646538,0.2390866046771407
679,0.16163432002067565,1.4010396361351014,0.08837551027536392,0.012104261480271817,0.06565317288041114,0.0031070143450051546,0.21749870777130126,1.113082367181778,0.11676673293113708,0.027022653073072434,0.08667548298835755,0.0010903344489634037,0.23155520344153047
680,0.15841284692287444,1.5775429010391235,0.08793942332267761,0.007027385104447603,0.06546297743916511,0.002993518952280283,0.21659262478351593,1.6908855438232422,0.11659442633390427,0.02467864826321602,0.08716108947992325,0.0009955504327081143,0.22942971450975164
681,0.1720982849597931,1.2689692735671998,0.09513579308986664,0.009752664808183908,0.0704599067568779,0.0032524996437132358,0.210398530960083,0.718924605846405,0.11400672793388367,0.022082350309938194,0.0847762405872345,0.001148779597133398,0.22201409842818975
682,0.16615384221076965,1.1272871136665343,0.09130630940198899,0.010248148813843727,0.06811657696962356,0.003213754016906023,0.21915557086467743,0.42938005924224854,0.1170874685049057,0.029551447555422782,0.08668737262487411,0.0012100231368094682,0.23453631182201204
683,0.16376643776893615,0.9085334777832031,0.0895133450627327,0.011558689177036285,0.06692472621798515,0.0030980458483099937,0.2085823118686676,1.6202927589416505,0.11245664656162262,0.02175150252878666,0.0847228392958641,0.001054129598196596,0.21998511798446999
684,0.16685699224472045,1.028172540664673,0.09184516072273255,0.009642788022756577,0.06864690333604813,0.0030870637856423855,0.20157966613769532,0.7383435487747192,0.1074010580778122,0.02494296357035637,0.08119913041591645,0.0010159945813938975,0.2145591466454789
685,0.1641449362039566,1.3333500027656555,0.0908613994717598,0.008434292674064637,0.06754899248480797,0.0030348051339387895,0.20330037474632262,0.7690536797046661,0.10902353823184967,0.02323512826114893,0.08215529024600983,0.0010079806670546532,0.21542193740606308
686,0.16059505343437194,1.3956407308578491,0.08845615983009339,0.009381891787052154,0.0659461572766304,0.003003583988174796,0.2084902435541153,0.5057028353214263,0.10990760922431946,0.030981208384037017,0.08255120217800141,0.0010816399357281626,0.22452165972208604
687,0.16681900918483733,1.3260181427001954,0.09204834252595902,0.009640624467283487,0.06843993663787842,0.003020832361653447,0.2113603562116623,0.9673437088727951,0.11311068087816238,0.0250613272190094,0.08516610860824585,0.0011058054864406587,0.2244439221918583
688,0.1682168185710907,1.1790690779685975,0.09263546764850616,0.009940111637115478,0.06900819092988968,0.0032062090933322905,0.21701028048992158,0.5241950392723084,0.11899539530277252,0.01569422669708729,0.08958318680524827,0.0011691552121192218,0.2254419640172273
689,0.16165463328361512,1.2782516360282898,0.08936674892902374,0.008064109180122615,0.06672901660203934,0.00305363186635077,0.2122153788805008,0.6751069307327271,0.11539054811000823,0.01926975017413497,0.08661425858736038,0.0011513879289850593,0.22242594480048863
690,0.16670275926589967,1.0278380274772645,0.09192142337560653,0.009542640019208192,0.06846141368150711,0.003097212081775069,0.22454054653644562,0.7462759852409363,0.12003890424966812,0.02909455858170986,0.08929272294044495,0.0013232937082648278,0.2397494794800878
691,0.16713913381099701,1.1542167663574219,0.09191253185272216,0.011103999428451061,0.06812794059515,0.0030933153815567494,0.22397733330726624,0.8539703845977783,0.12042208909988403,0.026079567149281502,0.08997236639261245,0.0010861807502806186,0.23756020339205858
692,0.16803230047225953,0.9199179530143737,0.09341297000646591,0.006585562415421009,0.06975646466016769,0.0031401713844388724,0.23600993752479554,0.7077079772949219,0.12812604904174804,0.024729309231042863,0.09494675695896149,0.001144974329508841,0.24894708956126121
693,0.1646030455827713,1.6694360017776488,0.09114766120910645,0.008046535309404135,0.06787381470203399,0.0031165996566414832,0.21627343595027923,1.2305840134620667,0.11653531491756439,0.026141394674777985,0.08609116077423096,0.0011525425827130676,0.22992041294928642
694,0.1613726407289505,1.364590334892273,0.08913932293653488,0.008206815645098686,0.0666106604039669,0.003038497269153595,0.21812729835510253,0.5503004550933838,0.11914589703083038,0.018537822365760803,0.08918757140636444,0.001049831509590149,0.22792112231254577
695,0.1654551714658737,1.2484377026557922,0.09082515388727189,0.01184886358678341,0.06727423816919327,0.0028627022169530393,0.20377146303653718,0.7023633480072021,0.1107166513800621,0.019288989529013634,0.082896988093853,0.0010266480734571815,0.2139292770763859
696,0.16354819238185883,1.1730884671211244,0.08947590738534927,0.011833322793245315,0.06660605669021606,0.00309914443641901,0.20996638536453247,0.5447897136211395,0.11444080770015716,0.01913670226931572,0.08542440235614776,0.0010656248196028173,0.22006753714522345
697,0.15926527976989746,1.3287563800811768,0.08810556083917617,0.007939963508397341,0.06566113755106925,0.00305719799362123,0.2184454917907715,0.5241860836744309,0.11672607064247131,0.028389868140220643,0.08691744655370712,0.001214081421494484,0.23324746675789357
698,0.16289145350456238,1.0991427063941956,0.08986384272575379,0.008859731256961823,0.06708617657423019,0.0030231422279030085,0.22152226865291597,0.4749332904815674,0.1160072386264801,0.03820121213793755,0.08582166880369187,0.001185511122457683,0.24121563069056717
699,0.16993690133094788,1.2313444137573242,0.09375429898500443,0.009148688055574894,0.07008975595235825,0.003037003008648753,0.21879682838916778,0.5589346647262573,0.11803714334964752,0.02437855154275894,0.08799247741699219,0.0011558493133634329,0.23156402162276207
700,0.1655458390712738,1.1290558099746704,0.09147984236478805,0.00880570849403739,0.0680920273065567,0.0031422318425029516,0.22764531075954436,0.4148907423019409,0.12106770873069764,0.031952055729925634,0.09007197469472886,0.0010592075064778327,0.24415094666182996
701,0.17479005157947541,1.0668156266212463,0.09710985273122788,0.007677675317972898,0.07230892032384872,0.003064874466508627,0.21044946908950807,0.5939215898513794,0.11271522641181946,0.02476385496556759,0.08482552617788315,0.0010535923531278968,0.22335819990839811
702,0.16987132132053376,1.3426490426063538,0.09409983307123185,0.009164797328412532,0.06969137787818909,0.0029954100959002973,0.22780317664146424,0.6147832870483398,0.12039656788110734,0.035280521214008334,0.08919586092233658,0.001140967570245266,0.24601391758769753
703,0.16790222227573395,1.1362695455551148,0.09299422949552535,0.008577732928097248,0.06908104121685028,0.003076177276670933,0.21716803312301636,0.5995721042156219,0.11587269306182861,0.027619388327002524,0.08692994862794876,0.0011113775428384543,0.23153340755961835
704,0.16954559683799744,0.9591345429420471,0.09362758696079254,0.01017042649909854,0.06928200125694275,0.003101571463048458,0.22466825544834138,0.49427429437637327,0.12046381533145904,0.029216983169317246,0.08907958269119262,0.0010327300988137722,0.23979311129078268
705,0.16632163822650908,1.0058380484580993,0.09183326661586762,0.00915380883961916,0.06838463097810746,0.0030536632053554057,0.2236934036016464,0.774370539188385,0.12107551097869873,0.024162983894348143,0.0900272473692894,0.0010183160891756415,0.2362840583315119
706,0.16486808359622956,1.4260645985603333,0.09077944755554199,0.010249287728220225,0.06747017577290534,0.0029876364395022394,0.21366667747497559,1.1796966552734376,0.11517182290554047,0.024127599596977235,0.08588025420904159,0.0011016021016985178,0.22628127881325782
707,0.1672086924314499,1.1355121374130248,0.09235173612833023,0.008936689235270023,0.068863245844841,0.003050733543932438,0.2154502511024475,0.729303503036499,0.11528649628162384,0.027512943744659422,0.08590971976518631,0.000995146785862744,0.2297043065773323
708,0.1642027258872986,1.003482985496521,0.09058977961540222,0.009626771043986081,0.06731383353471757,0.0029714468866586683,0.22156521081924438,0.9855895519256592,0.11731964349746704,0.032393602281808855,0.08750468343496323,0.0010881907073780894,0.2383061199216172
709,0.1662689596414566,1.4529660224914551,0.09209528267383575,0.00825573392212391,0.06851063966751099,0.003070341097190976,0.21213085651397706,0.5534194707870483,0.11602788269519806,0.016904654912650585,0.08711647689342499,0.0010683325468562543,0.22111734704812988
710,0.16184688210487366,1.0754646062850952,0.08934749364852905,0.009080407675355673,0.06643575727939606,0.0030468638520687818,0.2214761883020401,0.5847938239574433,0.11929836273193359,0.02542878743261099,0.08888776153326035,0.0011513346340507268,0.23476624633185564
711,0.17559788525104522,1.0664700627326966,0.09685522317886353,0.010530916508287191,0.07192632108926773,0.003101761918514967,0.21473325788974762,0.43349055051803587,0.11582108736038207,0.02338426262140274,0.08667535185813904,0.0010893859434872866,0.22697008778341116
712,0.1630651831626892,1.5608629703521728,0.09034566581249237,0.007900216151028872,0.06723594665527344,0.0030669262632727623,0.23072709739208222,0.5326846957206726,0.12380080819129943,0.02811557799577713,0.09232237786054612,0.0010922263842076062,0.2453309904318303
713,0.15842560529708863,1.2010390520095826,0.08790847510099412,0.006440866366028785,0.06575297862291336,0.00308743161149323,0.20549739003181458,0.7538445711135864,0.10908184349536895,0.029386727325618266,0.08111819326877594,0.0012079866603016854,0.22079475075006483
714,0.1613338530063629,1.3167502284049988,0.08912416994571686,0.008018007874488831,0.06668573915958405,0.0030298864003270864,0.19695474803447724,0.49719690084457396,0.10466070771217346,0.02652132399380207,0.07849610894918442,0.0010745330713689328,0.21075267372652887
715,0.15900114476680755,0.8577546238899231,0.08764127492904664,0.00943143256008625,0.0651493638753891,0.002989585604518652,0.2247249960899353,1.396848487854004,0.12253720164299012,0.02028726562857628,0.09150909930467606,0.0010701392777264119,0.23540370585396886
716,0.15969858169555665,1.0841679215431212,0.08825388848781586,0.008472459157928824,0.06567363888025284,0.003069653594866395,0.21781699359416962,0.8492481708526611,0.11696040034294128,0.02528652399778366,0.08770045936107636,0.0010257433867082,0.23097312708850948
717,0.16143083274364473,1.2309515595436096,0.0892851933836937,0.008841695543378592,0.06619220972061157,0.0030651603359729052,0.22546036243438722,1.0664589405059814,0.12161123156547546,0.02500400897115469,0.09078275859355926,0.0011287494911812247,0.2385267486213706
718,0.155027574300766,0.8463088989257812,0.08607022613286971,0.006516348384320736,0.0641705796122551,0.0030571953393518925,0.23010175228118895,1.670918446779251,0.12270291447639466,0.030439634621143342,0.0916158065199852,0.001126443175598979,0.24588479879312217
719,0.16186149120330812,1.1326318025588988,0.08907477855682373,0.010747789405286312,0.06591908931732178,0.00298745590262115,0.20565026998519897,0.6063143491744996,0.10873106420040131,0.029383985325694084,0.0816858634352684,0.0010826744372025132,0.22088358739856628
720,0.15989568829536438,1.4622785210609437,0.08777107298374176,0.01078824745491147,0.06522804871201515,0.0030048854649066927,0.22310261726379393,1.0162365436553955,0.11862833946943283,0.030131268501281738,0.08880947083234787,0.0011983333621174096,0.23876741216517985
721,0.1617961585521698,1.254213809967041,0.0889209270477295,0.01107003428041935,0.06581107079982758,0.0030582786537706854,0.22465305030345917,0.5545828878879547,0.12063522785902023,0.026390008628368378,0.09022962003946304,0.001186396973207593,0.23844125350005924
722,0.16832897663116456,1.2319422960281372,0.09290813505649567,0.010071292333304883,0.06888830810785293,0.002993774879723787,0.20331840515136718,0.6304285109043122,0.10776123702526093,0.027646495960652828,0.08119298666715621,0.0010818752693012358,0.2176825949223712
723,0.1696108728647232,1.0428348541259767,0.09365345984697342,0.009823845140635968,0.06955199986696244,0.0029869840480387213,0.21406235098838805,0.7538230657577515,0.11309952884912491,0.0318728044629097,0.08449698388576507,0.00105885264929384,0.23052816984709354
724,0.16102356016635894,1.0558816909790039,0.08904161155223847,0.008264384977519513,0.06631704345345497,0.003065417241305113,0.21633948981761933,2.404672157764435,0.11705897450447082,0.022613488137722015,0.08739787191152573,0.0011517977342009544,0.22822213228791954
725,0.16422710418701172,1.1139867544174193,0.09064326286315919,0.009155500680208206,0.06742388010025024,0.003164428286254406,0.21819667518138885,1.0700663089752198,0.11821434795856475,0.021386857330799102,0.08870989382266999,0.0011580324266105891,0.22946913153864443
726,0.16157030761241914,1.1546311736106873,0.08879424184560776,0.010283771622925996,0.06605043783783912,0.003167481906712055,0.22741159200668334,1.2178290843963624,0.12349227666854859,0.021916863322257996,0.09240074008703232,0.0011202670517377555,0.2389301471295767
727,0.1596079021692276,2.133141589164734,0.0882491946220398,0.008140936400741339,0.06571557298302651,0.003145334264263511,0.21250408589839936,1.3437904834747314,0.11505197882652282,0.02084469683468342,0.08654138892889023,0.0009767268085852266,0.2234147913986817
728,0.15521172881126405,0.985794973373413,0.08557597249746322,0.00862880265340209,0.06382151767611503,0.0029996734112501143,0.2128409445285797,0.6954225301742554,0.11451757848262786,0.023982418328523637,0.08582114279270173,0.0010220393422059714,0.22534317894605918
729,0.16373391151428224,1.0738320469856262,0.0906946375966072,0.007817229442298412,0.06761718839406967,0.003026945563033223,0.21686578094959258,1.3231412291526794,0.1185106247663498,0.017315434664487837,0.08920157253742218,0.000991735968273133,0.22601936793653293
730,0.15471791326999665,1.3271624326705933,0.08539618402719498,0.008174715284258127,0.06371228471398353,0.003044174425303936,0.21915249526500702,1.6025799036026,0.1174193024635315,0.027189080044627188,0.0875846728682518,0.0011079370509833098,0.2333009924273938
731,0.1570589065551758,1.0319201588630675,0.08668993413448334,0.008520046062767506,0.0645798921585083,0.003058119351044297,0.21321948170661925,0.4906367063522339,0.11378803253173828,0.0283272672444582,0.08477678596973419,0.000982065126299858,0.22787415087223054
732,0.15636709630489348,0.9825953006744385,0.0867825210094452,0.006787260435521603,0.06472029462456703,0.002941291546449065,0.23038038313388826,0.9683040618896485,0.12566630244255067,0.02097920994274318,0.09373546242713929,0.000978030520491302,0.24135900533292445
733,0.16064099967479706,1.445063304901123,0.08846118450164794,0.009809170383960009,0.06583237275481224,0.002885714219883084,0.2157529503107071,0.5289662480354309,0.114499032497406,0.0305339939892292,0.08546828925609588,0.0010372376418672502,0.23153855338459833
734,0.1598895251750946,1.1424605131149292,0.08889344036579132,0.006367870140820742,0.0663452610373497,0.002933787973597646,0.21862547993659973,0.9880423784255982,0.11613691002130508,0.028765565901994705,0.08759568482637406,0.0010201922850683331,0.23351835303474217
735,0.15857960283756256,1.189814281463623,0.08759666383266448,0.00890956148505211,0.06500226408243179,0.0030517912469804286,0.21313250064849854,0.5257131159305573,0.11481566429138183,0.02345951125025749,0.08605888783931732,0.0010563909541815518,0.22539045433513819
736,0.15967940390110016,1.1945664048194886,0.08850869238376617,0.0072625276632606985,0.06605241447687149,0.002974061714485288,0.23592710196971894,1.5464702486991881,0.12772705554962158,0.02603327892720699,0.09460102617740632,0.0011647624429315328,0.24952612309716643
737,0.16299360990524292,1.049673843383789,0.08937500119209289,0.011646510474383831,0.0663021333515644,0.0029864458832889796,0.22995416820049286,0.6510773360729217,0.12434518337249756,0.02346576452255249,0.09330060929059983,0.0011509712552651764,0.24226252844091506
738,0.16803902089595796,1.090803062915802,0.09352778047323226,0.006622373918071389,0.06968425959348679,0.003031586809083819,0.22628434002399445,0.34163385033607485,0.1227282389998436,0.02137828804552555,0.09229805618524552,0.0011378136230632662,0.2375423968536779
739,0.16461872160434723,1.0830552220344543,0.09060360491275787,0.010284886881709098,0.06728801429271698,0.003169324714690447,0.24299232363700868,0.433585399389267,0.12905261516571045,0.03534739427268505,0.09571483731269836,0.0011023706756532192,0.2612172174267471
740,0.16108643114566804,1.2363332271575929,0.08803768157958984,0.012196886539459228,0.0654218167066574,0.003056984767317772,0.21008050441741943,0.6942254781723023,0.11041277945041657,0.03317767158150673,0.08252054005861283,0.0011166884563863278,0.22722767954692244
741,0.16182149946689606,1.0826003193855285,0.08949135839939118,0.008653206937015056,0.06651100814342499,0.0029850608669221403,0.22751988768577575,0.648184847831726,0.12152221947908401,0.029409518092870714,0.09075738489627838,0.0010710692964494227,0.24276019176468253
742,0.158850035071373,1.1315977811813354,0.08764619082212448,0.00921737439930439,0.06514148116111755,0.0029073567129671574,0.19572027921676635,0.8942165613174439,0.10370607525110245,0.027839085832238198,0.07759237885475159,0.0010045600589364766,0.21014209999702874
743,0.16805694699287416,1.0843532800674438,0.09185824692249298,0.012988271377980708,0.06825299859046936,0.00290312017314136,0.21856705248355865,1.4746354341506958,0.11721382737159729,0.02524634711444378,0.08819611370563507,0.001067889924161136,0.23172417811583726
744,0.1744271695613861,0.9873587250709533,0.09638873636722564,0.010083172284066678,0.0714956909418106,0.0030023115687072277,0.21555793285369873,0.5308464527130127,0.11608601361513138,0.02425813488662243,0.08678889125585557,0.00110793731873855,0.2282409770763479
745,0.16323111951351166,1.0942547798156739,0.09044735878705978,0.00762600488960743,0.06744792312383652,0.003045673295855522,0.22454304695129396,1.31068115234375,0.11980521529912949,0.029700750857591628,0.08936356008052826,0.001047794462647289,0.23991732069989669
746,0.1583613634109497,1.1527796268463135,0.08782774358987808,0.00712802167981863,0.06547183245420456,0.002995552634820342,0.21707550585269927,0.43396499156951907,0.11620761901140213,0.026432856917381287,0.08706121742725373,0.0011804867302998901,0.23088218008633704
747,0.16311017274856568,1.0235774993896485,0.08998945951461793,0.008737369067966938,0.0672509491443634,0.0030021505430340768,0.22135774195194244,0.7970500469207764,0.11558737009763717,0.04004930183291435,0.08523708581924438,0.001017279177904129,0.24189103692770003
748,0.168586865067482,1.3411887526512145,0.09323502033948898,0.009082784969359636,0.06934396028518677,0.0029329937882721425,0.186177533864975,0.9002694368362427,0.09885968863964081,0.02433145996183157,0.07465384155511856,0.0009965510107576847,0.19884154116734865
749,0.16308013200759888,0.982894492149353,0.09010404646396637,0.008245480433106422,0.06737395226955414,0.002958793891593814,0.2155836582183838,1.4608460903167724,0.11620639860630036,0.02646999042481184,0.08562229722738265,0.001039937324821949,0.2293386235833168
750,0.16845616400241853,0.9717710375785827,0.09311207234859467,0.010272867046296597,0.06864221394062042,0.0031308944802731276,0.20437245965003967,0.5153403878211975,0.10828737020492554,0.02756352350115776,0.08176979571580886,0.0010670616757124662,0.21868775109760463
751,0.16106213331222535,1.3870496153831482,0.08928193598985672,0.007649985700845718,0.0664578527212143,0.0029947000555694105,0.22149254083633424,0.40728211402893066,0.12064012885093689,0.020528210327029228,0.09009906500577927,0.0009784881956875324,0.2322458923794329
752,0.15880345702171325,1.1331813335418701,0.08791875690221787,0.007682654727250338,0.06552892178297043,0.0030288963112980126,0.20440949201583863,1.0707563161849976,0.1097258061170578,0.022339344769716264,0.08299776762723923,0.0010324671864509582,0.21609538570046424
753,0.16160076558589936,1.199441909790039,0.08942922353744506,0.007937447261065244,0.06663184463977814,0.003141952631995082,0.21967465281486512,0.7674563527107239,0.11970041692256927,0.021072459407150745,0.08890194594860076,0.0010720974765717982,0.2307469197548926
754,0.16210708320140838,1.0654330015182496,0.0898685947060585,0.0075767689384520056,0.0669422134757042,0.0030157839879393577,0.21646666824817656,1.4990895092487335,0.1172664776444435,0.02079375684261322,0.08823722898960114,0.001132170739583671,0.22742963421624152
755,0.16050693690776824,0.824986457824707,0.08857490122318268,0.009041229356080293,0.06587026789784431,0.003082299325615168,0.23128151297569274,0.43256075382232667,0.12455464601516723,0.02733237948268652,0.0925319567322731,0.0010574279120191931,0.24547641014214605
756,0.1596737265586853,0.7960959434509277,0.08871642053127289,0.00716107552871108,0.06586898714303971,0.003015558794140816,0.21309806704521178,0.9625771462917327,0.11640158593654633,0.01612457251176238,0.08808796256780624,0.0010924666537903249,0.22170658766990525
757,0.16123596727848052,1.031769573688507,0.08913488537073136,0.008340558875352145,0.06641442477703094,0.003032757109031081,0.22080255448818206,0.6172056674957276,0.11760746240615845,0.029258145950734615,0.08805507570505142,0.0010218601091764867,0.23594254417112095
758,0.16281950771808623,1.500637412071228,0.0900637924671173,0.008925593458116055,0.06681602373719216,0.0029537925496697427,0.22201458215713502,0.5958263635635376,0.11878672540187836,0.027128070965409277,0.08912792652845383,0.0010717682889662683,0.23611449118470773
759,0.1522969275712967,1.1581546068191528,0.08397321403026581,0.00855197748169303,0.06257517710328102,0.0029450930189341305,0.2209136813879013,0.49744012355804446,0.11848645657300949,0.02590072751045227,0.08888842612504959,0.0011768735013902188,0.23445248370990157
760,0.16257303357124328,1.2969961643218995,0.0894859790802002,0.010261738579720259,0.06647679358720779,0.0029587836936116217,0.23171985745429993,0.32962502241134645,0.1252704977989197,0.024184168502688407,0.09383739829063416,0.0010397464735433458,0.24433181106578558
761,0.1586627334356308,1.0148229837417602,0.08738310784101486,0.008783596009016037,0.06536663174629212,0.0030423963442444803,0.20468614399433135,0.5522161185741424,0.10964645445346832,0.024725330621004106,0.08214115053415298,0.0010717464610934258,0.21758468206971882
762,0.16710298955440522,1.0852236449718475,0.09236337691545486,0.009100384265184402,0.06876066476106643,0.0028575163334608076,0.21224694550037385,0.8275814056396484,0.11168668270111085,0.03353127837181091,0.08323353081941605,0.0011221949243918061,0.22957368681672963
763,0.1548032909631729,1.25205500125885,0.08578337281942368,0.006984497234225273,0.06393846794962883,0.0031784042250365017,0.2241516202688217,0.708822762966156,0.1219391256570816,0.02120983451604843,0.09109209030866623,0.0010309938807040453,0.23527204436250032
764,0.16100217998027802,1.3955211877822875,0.08933767229318619,0.007440204732120037,0.06643794029951096,0.0030129316728562117,0.23031681776046753,0.8014623880386352,0.1250103622674942,0.023017510026693343,0.09326071441173553,0.0010739712975919246,0.242362558003515
765,0.15603536665439605,1.2439702510833741,0.08605466485023498,0.009100232925266027,0.06397957727313042,0.002902016369625926,0.21391532123088836,0.41933068037033083,0.11417627185583115,0.02724464498460293,0.08563093096017838,0.000971578573808074,0.22802342637442055
766,0.16521945893764495,1.2973613739013672,0.0908515840768814,0.01026567043736577,0.06778159439563751,0.0029068926349282266,0.2249889224767685,0.5357732534408569,0.1196232944726944,0.03123034816235304,0.08921396285295487,0.0010729885194450616,0.2411405940074474
767,0.17078351378440856,1.0217722296714782,0.09497664123773575,0.006753795500844717,0.07091305404901505,0.0030338382348418236,0.21987029910087585,0.971955007314682,0.11791536211967468,0.025769592449069022,0.08856901079416275,0.001002250867895782,0.23325621623080223
768,0.16431595683097838,1.4977779865264893,0.09063045680522919,0.009259956516325473,0.06753201633691788,0.003047012444585562,0.21415532529354095,0.8700826644897461,0.11645354330539703,0.019693417847156523,0.08729880303144455,0.0011125542223453522,0.22455831840634347
769,0.16274433135986327,0.8422476768493652,0.09003946334123611,0.008574937283992768,0.06690425723791123,0.003026297828182578,0.20098513960838318,0.9239801406860352,0.10903755128383637,0.018053759168833495,0.08242661356925965,0.0009882031008601189,0.21050612712278963
770,0.15702112317085265,1.0145056247711182,0.08642699122428894,0.009255911596119404,0.06450489833950997,0.0029225663747638464,0.22905831933021545,0.8573718070983887,0.12388664484024048,0.025188233703374863,0.09205716699361802,0.0010407543159089983,0.24217279985314236
771,0.15873544812202453,1.4993991136550904,0.08775422424077987,0.008675512298941613,0.06516424044966698,0.002958462806418538,0.2237901955842972,0.7373300313949585,0.12117480039596558,0.024614765867590906,0.08981971144676208,0.0009765960043296219,0.2365858737146482
772,0.16005592942237853,1.1350881695747375,0.08853032886981964,0.00757268276065588,0.06624317914247513,0.002992154099047184,0.20862382054328918,1.0846250772476196,0.11081925630569459,0.02811588570475578,0.08322670757770538,0.0010398353217169643,0.22320168490987274
773,0.1700715035200119,1.1724352717399598,0.09407346695661545,0.009715433139353991,0.06965053528547287,0.0029795730020850896,0.22623825073242188,0.6825515866279602,0.1219206064939499,0.026166750490665434,0.09073399305343628,0.0010005463380366563,0.23982189637608825
774,0.16312744617462158,1.1405441284179687,0.08988761603832245,0.009583723824471235,0.06696463227272034,0.0029666848480701447,0.21518526673316957,0.4925429880619049,0.11603563874959946,0.023257453367114066,0.08700434863567352,0.0010331125813536346,0.2273305533337407
775,0.15803226232528686,1.2829566240310668,0.08729735314846039,0.007768079452216625,0.06534522920846939,0.0030112792272120716,0.22875880300998688,0.6923615217208863,0.1227819949388504,0.026776802167296408,0.09208385348320007,0.0010091086616739631,0.24265175925102084
776,0.15773851573467254,1.3656589269638062,0.08747508078813553,0.007174941804260015,0.06520118489861489,0.002949559735134244,0.2220587372779846,0.49082966446876525,0.11993733793497086,0.023230637609958648,0.08996490240097046,0.001082348613999784,0.23421522655989974
777,0.15926767587661744,1.2734374284744263,0.08754561692476273,0.009849315881729126,0.06531400009989738,0.0029668058734387158,0.23419075608253478,0.602884566783905,0.12354100346565247,0.0371323823928833,0.09161557257175446,0.0009359876858070493,0.25322494611609725
778,0.16023191809654236,1.2409168601036071,0.0884652316570282,0.009213778655976057,0.06571437865495681,0.0028908304404467343,0.20906124413013458,0.6733880788087845,0.11366167962551117,0.019618388265371323,0.08509571999311447,0.0009893122012726962,0.21936510008526963
779,0.1675933063030243,1.3065360546112061,0.0923405945301056,0.010355677921324968,0.06858745664358139,0.002974830102175474,0.22022135257720948,0.8705897927284241,0.11947402507066726,0.020637789741158485,0.08987789005041122,0.0011010888731107116,0.2310907937353477
780,0.16565533876419067,0.9659915804862976,0.09222457855939865,0.006575207365676761,0.06871488243341446,0.0028565517626702786,0.22975648045539857,1.5096548318862915,0.12475968003273011,0.02218117266893387,0.09337622374296188,0.0010599914006888867,0.24137706784531474
781,0.15846650302410126,1.0117153644561767,0.08806722313165664,0.006744315288960934,0.06553113386034966,0.0029919834807515143,0.20853225290775299,0.7379452228546143,0.11113972067832947,0.027761781215667726,0.08302316963672637,0.000976950430776924,0.22290162196150048
782,0.16015590131282806,0.9746195197105407,0.08888748735189438,0.007171934563666582,0.06624874919652939,0.002867395197972655,0.20163715183734893,0.678479278087616,0.10837109386920929,0.023523953557014466,0.08099978715181351,0.0010085930116474628,0.21390342758968472
783,0.1599838614463806,1.3160175323486327,0.0880093201994896,0.010188312828540802,0.0654014952480793,0.002957785315811634,0.22635412812232972,0.6289820194244384,0.12015533149242401,0.03132238946855068,0.08999291211366653,0.001089367631357163,0.2425600007059984
784,0.16370270252227784,0.9401509881019592,0.09068190604448319,0.00811975859105587,0.0674638219177723,0.0029941913671791553,0.22022545635700225,1.658611571788788,0.1176592618227005,0.02857559621334076,0.08776702731847763,0.0010227541322819888,0.23502463948680088
785,0.15914182662963866,0.9836297631263733,0.08830973953008651,0.006760407797992229,0.06591996401548386,0.003063830314204097,0.2208892285823822,0.6280702650547028,0.11750566065311432,0.029721879959106447,0.08804697692394256,0.0009512952878139913,0.2362258128239773
786,0.16349515020847322,0.9714265823364258,0.09065133929252625,0.00829427558928728,0.06724788695573806,0.0028975771740078924,0.21913332045078276,0.7880903005599975,0.12015508711338044,0.01754973977804184,0.08970622271299362,0.0009942714357748627,0.22840532104019073
787,0.16477454900741578,1.3361247599124908,0.09158018529415131,0.006564366444945335,0.06837415099143981,0.0030760488007217646,0.21934460401535033,0.4825135827064514,0.11911977529525757,0.0206511277705431,0.08937389403581619,0.0010507580242119729,0.23019555512582884
788,0.15825129747390748,1.3857259035110474,0.08738615810871124,0.008316892478615046,0.06522819101810455,0.0029570023994892835,0.2115376114845276,1.1904476523399352,0.11251221597194672,0.029362937062978746,0.08383885324001313,0.0010101414052769541,0.22672414768021554
789,0.15362952649593353,0.9277617931365967,0.0849549800157547,0.008122646249830723,0.06321032121777534,0.002805814100429416,0.20301347970962524,0.698244595527649,0.1074902892112732,0.0297185231000185,0.08014517724514007,0.0010375019861385225,0.2183914915425703
790,0.1615988075733185,1.2385421395301819,0.0892618641257286,0.00800894908607006,0.06682973057031631,0.0030054810456931593,0.21257219314575196,0.4426912784576416,0.11620942354202271,0.01752917468547821,0.08709087073802949,0.0010146133601665497,0.22184408232569697
791,0.1613157033920288,1.0223437130451203,0.08942937403917313,0.0073714341502636675,0.06673149913549423,0.002938232896849513,0.22744763791561126,0.8689476847648621,0.12204912602901459,0.027127498388290407,0.09130486696958542,0.0010598020860925316,0.24154129347298295
792,0.15876865684986113,0.7548935830593109,0.08779651671648026,0.0074314182624220845,0.06575638130307197,0.0030000999104231596,0.22867325246334075,0.9805635452270508,0.12476298063993455,0.021798891574144365,0.09249241054058074,0.0010368062066845596,0.2400910889613442
793,0.15600573420524597,1.2331504464149474,0.08613922148942947,0.008306018076837063,0.06421302333474159,0.003000956913456321,0.22056665122509003,0.6251969575881958,0.11977490931749343,0.021634265407919885,0.0894591435790062,0.0010309174074791371,0.23189923571189863
794,0.16036430299282073,1.1074132680892945,0.08891461342573166,0.007299876399338245,0.06630432233214378,0.002990854438394308,0.2075073391199112,0.40143582224845886,0.11286611109972,0.018577687442302704,0.08483010232448578,0.0010445614345371724,0.21731846230104568
795,0.15939947962760925,1.3238929510116577,0.08825145065784454,0.007262210175395012,0.06601161807775498,0.0030106077902019024,0.20514296889305114,0.7249896943569183,0.10927650481462478,0.026747969537973405,0.0819816991686821,0.0010215612826868891,0.21902773480396714
796,0.1578833281993866,0.7966268420219421,0.08699813783168793,0.009185219602659344,0.06481478959321976,0.0029555731918662785,0.20766851902008057,0.7427772998809814,0.11297860741615295,0.018352992832660675,0.08500004261732101,0.001026764209382236,0.2173584070755169
797,0.16195223331451417,1.753989815711975,0.08920262604951859,0.009847203269600868,0.06640974432229996,0.0028325187508016826,0.22370073199272156,0.6500931739807129,0.12043655216693878,0.02692660354077816,0.08933982700109482,0.0009221167303621769,0.23762509943917393
798,0.15517948269844056,0.9088020324707031,0.08522041589021682,0.009785063844174147,0.06359961032867431,0.002933840500190854,0.21018473207950591,0.7000020503997803,0.1119381383061409,0.02811750639230013,0.08364586681127548,0.0010839260998182,0.2247854376095347
799,0.15843394994735718,0.9907030820846557,0.0878855362534523,0.007285828050225973,0.0654243141412735,0.0029623840004205705,0.2192117154598236,0.33944820165634154,0.11842063963413238,0.02391531877219677,0.08830565959215164,0.0010555115062743426,0.23169712950475513
800,0.1644495964050293,1.0735195994377136,0.09106747210025787,0.007850291579961777,0.06790692508220672,0.003100103419274092,0.22069717943668365,0.5007811188697815,0.1210258275270462,0.016742375493049622,0.09076994508504868,0.0010604256181977688,0.22959857372334228
801,0.15831618010997772,1.0563933968544006,0.08694272190332412,0.00970944920554757,0.06503511667251587,0.0029672333505004643,0.2107725590467453,0.8133708834648132,0.11247449666261673,0.027049338817596434,0.08429623246192933,0.0009543342515826225,0.2247744021937251
802,0.1626533180475235,1.1705931425094604,0.09006208181381226,0.007074835151433945,0.06754816249012947,0.0030113146640360355,0.2257290542125702,0.8187618255615234,0.12037692368030548,0.03004632368683815,0.08984883278608322,0.0009602541103959084,0.24123233426362276
803,0.15553705990314484,1.6982413172721862,0.08602968752384185,0.007819636724889278,0.0641435943543911,0.002907921327278018,0.2287948191165924,0.6981493949890136,0.12267098128795624,0.028743484988808632,0.09124491661787033,0.0010143341729417442,0.24367371706757693
804,0.15297303199768067,1.2455437064170838,0.08494768589735031,0.006619798112660646,0.0632794365286827,0.002872024243697524,0.19376868903636932,0.8755545318126678,0.10450277030467987,0.019506847858428954,0.0790268674492836,0.0009712590370327234,0.20400774464942512
805,0.15560382604599,0.9123996257781982,0.08645642101764679,0.006628622859716415,0.06428201496601105,0.003102155681699514,0.2024510145187378,0.38249889612197874,0.10695219337940216,0.03044360615313053,0.0797174870967865,0.0011190633755177259,0.21823235000483693
806,0.15627934038639069,0.9699834704399108,0.08632917702198029,0.007994105760008096,0.06447333693504334,0.0029595461674034595,0.21005340814590454,0.5781263709068298,0.11137629449367523,0.029506199061870575,0.08346190303564072,0.0009242224856279791,0.2252686190768145
807,0.16539826691150666,0.8044206976890564,0.09175665527582169,0.007295231893658638,0.06857429444789886,0.0028393893036991356,0.21164534986019135,0.6915764451026917,0.1127203494310379,0.026607032492756845,0.08510104566812515,0.0010408445028588175,0.2254692720947787
808,0.15327505767345428,1.4514466524124146,0.08489826768636703,0.006977223232388497,0.06348362565040588,0.0028091110289096832,0.21744990050792695,0.7886191844940186,0.11569353193044662,0.028818993270397185,0.08686009347438813,0.0009735564701259137,0.23234617514535788
809,0.15578064620494841,0.9514476418495178,0.08669402450323105,0.005981580168008804,0.0646442212164402,0.0029032207559794186,0.201849502325058,0.5878995537757874,0.10756398141384124,0.025950507447123527,0.08079645335674286,0.0010276212124153972,0.21533856343012303
810,0.165828737616539,1.0398027420043945,0.09172050207853318,0.008725679852068425,0.0682385504245758,0.003013689862564206,0.22049295902252197,0.7139399945735931,0.11967205554246903,0.020515045523643492,0.09004150927066804,0.0010437155491672457,0.2312723258859478
811,0.1636202812194824,0.9639623522758484,0.09034349620342255,0.009092717990279197,0.06720008105039596,0.003060686867684126,0.20740453004837037,0.6120532572269439,0.10979903936386108,0.02899951785802841,0.08262871950864792,0.0009540102328173816,0.2223812869633548
812,0.15875529050827025,1.1170040965080261,0.08820769190788269,0.0065581744071096185,0.06577768176794052,0.0029816551133990286,0.21427003741264344,0.7795340299606324,0.11397878676652909,0.029239913821220397,0.08513714522123336,0.0010682964697480203,0.22942414227873087
813,0.1603474199771881,1.05734726190567,0.08897949904203414,0.006832610536366701,0.06651144325733185,0.0028803457971662283,0.20839754939079286,0.4950042486190796,0.10906850099563599,0.03402090445160866,0.08184084743261337,0.0009554691379889846,0.225885722017847
814,0.15832121968269347,1.270581841468811,0.08786295950412751,0.0072162987664341925,0.06540156155824661,0.0028970958199352028,0.21783750951290132,0.40178680419921875,0.11537097245454789,0.03195389211177826,0.08597470372915268,0.0010297788307070733,0.2343293471261859
815,0.16084060370922088,1.3296162247657777,0.08921932131052017,0.007253116369247437,0.06658514887094498,0.0028191525489091873,0.2251893013715744,0.7609341025352478,0.12218255996704101,0.022763687185943127,0.09112267941236496,0.0010044388007372617,0.23707336536608636
816,0.16214107871055602,1.0945236563682557,0.08931273818016053,0.009433858096599579,0.06661227345466614,0.0029982812236994507,0.20255627930164338,1.0650612354278564,0.10851434469223023,0.024345770478248596,0.08138428777456283,0.0009695144253782928,0.21521391737041995
817,0.1626705676317215,0.9082008600234985,0.09005531966686249,0.00792431915178895,0.06710572838783264,0.003094712644815445,0.22708952724933623,1.2931804597377776,0.12204185724258423,0.027323351800441743,0.09086073487997055,0.001050537172704935,0.24127648109570143
818,0.15363858342170716,1.5329763174057007,0.08456702381372452,0.009023151732981205,0.06310894414782524,0.0029020831454545258,0.22556377351284027,0.4400187492370605,0.12053438127040864,0.02905728742480278,0.09000703543424607,0.0009874130482785404,0.24058611717773604
819,0.15665898621082305,0.9607446789741516,0.08647115528583527,0.008445245306938886,0.06450157910585404,0.002927254280075431,0.21255202293395997,0.9851710379123688,0.11364459991455078,0.026059341430664063,0.08537889122962952,0.000997700239531696,0.22608053281437607
820,0.16383983790874482,1.45763840675354,0.0913288027048111,0.00583512345328927,0.0681271344423294,0.002932673133909702,0.2261480212211609,1.0919095993041992,0.1201273262500763,0.03227786626666784,0.08939642757177353,0.000970658368896693,0.2427722784574144
821,0.15587916374206542,1.2685267090797425,0.08604745119810105,0.008388324547559023,0.06419470459222794,0.0028856904711574314,0.21298202574253083,0.7147542119026185,0.1135473221540451,0.0279451385140419,0.08500317335128785,0.0009179210988804698,0.22741355511825534
822,0.16192594170570374,1.2356798887252807,0.08960583508014679,0.008198040258139371,0.066767568141222,0.0029070368502289055,0.21320485472679138,0.6163605332374573,0.11452491581439972,0.02403949052095413,0.08617398589849472,0.0009723948314785957,0.22571078706532716
823,0.15604789555072784,1.0068389892578125,0.08665368109941482,0.006176745798438787,0.06479310169816017,0.003025477798655629,0.2201347291469574,1.3714613497257233,0.11930402219295502,0.020514227636158466,0.09010152071714402,0.0009441549773328006,0.2308639255235903
824,0.16077512204647065,1.0208193778991699,0.08895976692438126,0.007733497675508261,0.06648228541016579,0.00293263653293252,0.21432239711284637,1.385934066772461,0.1169542908668518,0.01880231872200966,0.08751621097326279,0.0009014722192659975,0.22417429278139026
825,0.16154170036315918,0.8675876677036285,0.08923534154891968,0.008750381693243981,0.06646324470639228,0.002935837302356958,0.2456523060798645,0.5123398333787919,0.13273493945598602,0.027132127806544303,0.09888377487659454,0.0009350585052743555,0.2596859006443992
826,0.15672559142112732,1.2646467685699463,0.08689545691013337,0.007363582029938698,0.06467510461807251,0.002946470817551017,0.2139188289642334,1.0871224880218506,0.11704970002174378,0.017717766016721724,0.08752844035625458,0.0009636183967813849,0.22325952479150146
827,0.15233751833438874,1.1644214510917663,0.08393434584140777,0.0084502506069839,0.06269970387220383,0.0029566876124590634,0.22035084664821625,0.41012129187583923,0.11729421317577363,0.02795528993010521,0.08861008435487747,0.0009378136950545013,0.2347974011558108
828,0.15559034347534179,1.0814388751983643,0.08664811551570892,0.005309641454368829,0.06479583084583282,0.0029831443447619677,0.2121344417333603,0.7644685745239258,0.11388214826583862,0.024802287109196186,0.08535553514957428,0.000991213764064014,0.2250311842886731
829,0.16334424912929535,0.8595808029174805,0.09079020023345948,0.007022757921367884,0.06761975213885307,0.0028458258137106897,0.21504225730895996,0.5630054950714112,0.11555634140968322,0.024787795543670655,0.08663852512836456,0.0009069949737749994,0.22788965705549344
830,0.15967321395874023,1.424141025543213,0.08829237520694733,0.008144299685955047,0.06587274149060249,0.0028718868270516396,0.22841039896011353,0.4732478976249695,0.12386221587657928,0.022442891821265222,0.09284656643867492,0.000960313412360847,0.24011198754888027
831,0.1560707300901413,1.1495258331298828,0.08678941279649735,0.005956458393484354,0.06489488184452057,0.0028164055664092304,0.20626624524593354,0.9231962859630585,0.11073825806379319,0.02395654544234276,0.08306871354579926,0.00096200070111081,0.218725517753046
832,0.14929099082946778,1.00184063911438,0.08291525691747666,0.0058712813071906565,0.06195047274231911,0.0029792440123856067,0.22292935848236084,0.4322227299213409,0.11904780566692352,0.029091363400220872,0.08882886618375778,0.0010139862424694002,0.23798202149337155
833,0.15651316642761232,1.3938867330551148,0.08636192679405212,0.008116737753152848,0.06464743614196777,0.002890874072909355,0.19729880392551422,0.8200464367866516,0.10801146328449249,0.01638443898409605,0.08063542693853379,0.0009193717734888196,0.20595070098061116
834,0.16232188940048217,1.272199821472168,0.08974755108356476,0.00861118407920003,0.06681368723511696,0.002910110540688038,0.22716527581214904,0.4492065191268921,0.12103847414255142,0.03007566146552563,0.0905947208404541,0.000988499482627958,0.2426973559311591
835,0.15488220155239105,1.1195559620857238,0.08525163382291794,0.008836274780333043,0.06368421241641045,0.003056432958692312,0.21947972178459169,0.708921754360199,0.11849942803382874,0.023632187396287918,0.0886898934841156,0.0009486264083534479,0.2317701353225857
836,0.15255122184753417,1.1238405227661132,0.08437397330999374,0.00724592600017786,0.06311248019337654,0.0028836049139499666,0.20664426684379578,1.265365594625473,0.11023774445056915,0.025943535193800927,0.08293854147195816,0.000992461759597063,0.22011228287592527
837,0.15507034957408905,0.8442730903625488,0.08566431254148484,0.008147495239973069,0.06385983973741531,0.002944895485416055,0.2149164855480194,0.6053428173065185,0.11476157605648041,0.027463994547724725,0.0859363168478012,0.0009731836384162307,0.22913507109042255
838,0.156000617146492,1.0005461692810058,0.08654953092336655,0.007072995509952306,0.06445775255560875,0.002913661580532789,0.20287512242794037,0.4911597967147827,0.1099832683801651,0.019197799265384674,0.08281564116477966,0.0009546393295750022,0.21295134813990443
839,0.1528897076845169,1.0431456446647644,0.08404295295476913,0.009066759888082743,0.06279742866754531,0.00303189717233181,0.21967781484127044,0.36586198806762693,0.11652363538742065,0.030758650228381156,0.08725869953632355,0.0010323064401745797,0.23557329159229992
840,0.16133247911930085,1.337730062007904,0.08956840932369232,0.006475130748003721,0.06708524823188781,0.002882523275911808,0.2252744972705841,0.5487021207809448,0.12102646827697754,0.02761549949645996,0.08995741307735443,0.0009657313814386726,0.2395651122322306
841,0.15413932204246522,0.7913140177726745,0.08533127903938294,0.007200807193294167,0.06378661543130874,0.002842046832665801,0.2099677175283432,0.6170046091079712,0.11225325167179108,0.02575521725229919,0.08439802378416061,0.0008776505244895815,0.22328414323274046
842,0.15242595970630646,0.9882637619972229,0.084470833837986,0.006535993097350002,0.06315545439720154,0.003063357900828123,0.2260459005832672,0.9215991497039795,0.12217842638492585,0.024567513912916183,0.09106674641370774,0.0010339407017454505,0.2388466274132952
843,0.15765325129032134,1.146261215209961,0.08693567365407943,0.00856734742410481,0.06495969146490096,0.0029484205413609745,0.2161298930644989,0.28380824327468873,0.11642534285783768,0.023915557097643612,0.08726506680250168,0.0009634003974497319,0.22856936715543272
844,0.15887259244918822,1.0501465201377869,0.08826654702425003,0.006280243583023548,0.06602445542812348,0.002882938785478473,0.20442091226577758,0.9613945007324218,0.1085823580622673,0.02727789878845215,0.08170278519392013,0.0009936376474797726,0.21855667969211937
845,0.15505359172821045,1.5801960051059722,0.0858658954501152,0.007878896780312061,0.0638474129140377,0.002801667945459485,0.2234680473804474,0.39697871208190916,0.11916720867156982,0.03115840218961239,0.08811232745647431,0.00121860234066844,0.23965654065832498
846,0.15632269084453582,1.0245521187782287,0.08699249923229217,0.005542081221938134,0.065114676207304,0.0028889420442283153,0.21806299686431885,0.9254511833190918,0.11706089675426483,0.02601984404027462,0.08750122636556626,0.0009819174418225884,0.23156388460192828
847,0.15942054986953735,1.250230348110199,0.08823428452014923,0.007597872801125049,0.06598605811595917,0.002802531514316797,0.2223048835992813,0.4848086595535278,0.1184043675661087,0.030461595207452775,0.08819166719913482,0.0009560880134813488,0.23801371798617765
848,0.16222477257251738,1.2970737218856812,0.08996157348155975,0.007705787988379597,0.06697897464036942,0.0028626660350710154,0.21794857382774352,0.3990318775177002,0.1172463670372963,0.024519176781177522,0.08790172189474106,0.0010818011593073606,0.23074906687252225
849,0.15951617062091827,1.0662928581237794,0.08858204931020737,0.006743769813328982,0.06607846766710282,0.0029675442725419997,0.21569091975688934,0.4687466621398926,0.11675877571105957,0.021828976459801197,0.08752179145812988,0.000991715572308749,0.22710125920129942
850,0.16000468730926515,1.438856053352356,0.0885228231549263,0.008701054006814956,0.06567125990986825,0.002920149825513363,0.2353683292865753,0.6378704309463501,0.12585642635822297,0.029966362565755845,0.09399336576461792,0.0010707076406106352,0.25088686232920737
851,0.15650164783000947,1.304554033279419,0.08640018254518508,0.0083843310829252,0.06445456370711326,0.002909483388066292,0.22250907123088837,0.767017376422882,0.11903288662433624,0.027690812945365906,0.08912839144468307,0.0010047739138826727,0.2368568649282679
852,0.17197218239307405,1.1723274111747741,0.09466490000486374,0.01090185260400176,0.07037320137023925,0.0029663044027984143,0.21564536690711975,0.6666356682777405,0.11548319160938263,0.028731271624565125,0.08532497137784958,0.0009431109181605279,0.23048254552995787
853,0.1574663758277893,0.9617759943008423,0.08732132762670516,0.007390743680298328,0.06500530242919922,0.0028887448366731404,0.22220067381858827,0.9070991158485413,0.11816022247076034,0.031941703706979754,0.08761649578809738,0.000906218378804624,0.2386246403446421
854,0.1617126077413559,0.9033567547798157,0.08978894203901291,0.007475208817049861,0.06674006581306458,0.002891992451623082,0.2173229992389679,0.37538387775421145,0.11662982255220414,0.02531898282468319,0.08757781237363815,0.0009117517154663801,0.23043836946599186
855,0.15695366859436036,0.7786270618438721,0.08700398951768876,0.006780801573768258,0.06514072939753532,0.0028371024411171673,0.23745186626911163,0.6045330047607422,0.1265295624732971,0.03291792422533035,0.0939618170261383,0.0010030469624325634,0.25441235068719836
856,0.1601783275604248,1.1288800835609436,0.08913305848836899,0.006831805687397718,0.06620559692382813,0.0028475310187786817,0.22836188673973085,0.7116143465042114,0.11997558772563935,0.037288304418325424,0.08928835839033127,0.0009075976675376296,0.24745984820183364
857,0.15755509436130524,1.1102770447731019,0.08704903274774552,0.008073629485443235,0.06499623507261276,0.002946014842018485,0.22247841358184814,0.5023469865322113,0.11860125809907913,0.03016125112771988,0.0882959246635437,0.0010011965758167207,0.2380596304661594
858,0.1607009083032608,0.8315462827682495,0.08896916508674621,0.0074193132109940056,0.06653824001550675,0.0029676885809749366,0.2132660835981369,0.4823060154914856,0.11434676796197892,0.02610791623592377,0.08538379073143006,0.0009631307795643807,0.22680160570889712
859,0.15768950879573823,1.005878734588623,0.08784963786602021,0.006225951667875052,0.06530775129795074,0.002838283125311136,0.21063029766082764,1.4388349533081055,0.11244139820337296,0.028228526562452318,0.08354182839393616,0.0010656293365173043,0.22527738249627874
860,0.15818870961666107,1.2007270634174347,0.08761173337697983,0.007359597086906433,0.06546538397669792,0.002863590233027935,0.214901801943779,0.5883305907249451,0.11457239389419556,0.02766144536435604,0.08602127432823181,0.0009548175381496549,0.22920993112493307
861,0.1589962661266327,1.2278030395507813,0.08830059915781022,0.006808458641171455,0.06580099314451218,0.0029808977153152226,0.2426351010799408,0.8984860897064209,0.1301977515220642,0.029571407288312913,0.09715489149093628,0.0009935366339050232,0.2579175869352184
862,0.15464677214622496,1.0861263990402221,0.0855492189526558,0.007949918042868376,0.0637117199599743,0.0028217512182891367,0.2237412840127945,1.0712913155555726,0.11949182152748108,0.028495492413640022,0.08955097645521164,0.0009015122894197702,0.2384398026857525
863,0.15731804370880126,1.2014015674591065,0.08705905079841614,0.007959632389247417,0.06487571522593498,0.00280692046508193,0.21432458758354186,1.4223425745964051,0.11552228331565857,0.02334977760910988,0.08662407994270324,0.0010066641727462411,0.22650280504021794
864,0.15241604447364807,0.7665886998176574,0.08403199017047883,0.00862865224480629,0.06266439557075501,0.0028106741607189178,0.236672106385231,0.544903165102005,0.12659743130207063,0.03170525580644608,0.09378883391618728,0.0008664206834509969,0.252957941708155
865,0.1557542622089386,1.0674991965293885,0.08611512780189515,0.008152234740555287,0.06411700472235679,0.002892022393643856,0.21875429451465606,0.7068299531936646,0.11963261514902115,0.018898726254701615,0.08918614238500595,0.0009723611874505877,0.22868984497617934
866,0.15689739286899568,0.8364449262619018,0.08693006038665771,0.006765393912792206,0.0651675820350647,0.0028341148979961874,0.2190353125333786,1.4640722155570984,0.11784308850765228,0.02507883533835411,0.08814527988433837,0.0010150380781851708,0.23208224180852993
867,0.15403412282466888,0.9124073266983033,0.0848299503326416,0.008333936566486955,0.06355464458465576,0.0029651175253093244,0.2014083296060562,0.9403733015060425,0.10825355798006057,0.02402278985828161,0.08063870519399643,0.001009330409578979,0.2139243834419176
868,0.1528517037630081,1.0268364906311036,0.0843651458621025,0.008682777360081672,0.06266873776912689,0.0029528597835451363,0.21730155050754546,0.6853576183319092,0.11770293414592743,0.02162165641784668,0.08830070793628693,0.000974157708697021,0.22859945620875805
869,0.15595683455467224,1.1322911858558655,0.08653576970100403,0.007078874949365854,0.06444497406482697,0.0028733066748827694,0.21538186371326445,0.9028730511665344,0.11661249101161957,0.02289342787116766,0.08682971149682998,0.0009858920937404036,0.22732152247335763
870,0.1552698403596878,1.2663728237152099,0.08646155893802643,0.0053898569662123915,0.06460570767521859,0.0030152908526360988,0.2002744495868683,1.1768003940582275,0.10714088082313537,0.023012835532426834,0.08114324659109115,0.000967825809493661,0.21226478875614704
871,0.14732294380664826,1.0352614521980286,0.08109374046325683,0.007996977679431439,0.060788017511367795,0.002885402599349618,0.22065693140029907,0.8164989948272705,0.11929917335510254,0.022178666852414607,0.08980228900909423,0.0009322763420641422,0.2322124055586755
872,0.16131145060062407,0.86868976354599,0.08976669013500213,0.005868577724322676,0.06714081913232803,0.0029393093660473823,0.208903032541275,0.46099233627319336,0.11050820499658584,0.029674215242266655,0.0830779030919075,0.0009596528485417366,0.22421997617930176
873,0.1576908141374588,1.4027828454971314,0.08782854378223419,0.005825790483504534,0.06556294783949852,0.0027728568762540816,0.22917043268680573,0.4745471656322479,0.12292953729629516,0.028205758333206175,0.09165268540382385,0.000970661104656756,0.24375864213798196
874,0.15985007882118224,1.0913888454437255,0.08900747448205948,0.00587826082482934,0.06642461568117142,0.002957716817036271,0.22359468936920165,0.8499851703643799,0.12151008546352386,0.020152221620082855,0.0914909765124321,0.0010350406169891357,0.23418832421302796
875,0.15585075318813324,0.803680169582367,0.08670278489589692,0.005798045871779322,0.06479807123541832,0.0029017393477261066,0.21603222489356994,0.4562472224235535,0.11712219119071961,0.02132090926170349,0.08779193311929703,0.0009153203805908561,0.22715035395231098
876,0.151043102145195,1.6851053476333617,0.08341123312711715,0.007597323507070541,0.0623814508318901,0.002903506765142083,0.21090685725212097,0.5796893954277038,0.11411303281784058,0.023511687666177748,0.08458719700574875,0.0009015657473355531,0.22311348323710264
877,0.1509550005197525,1.1012348294258119,0.08326636552810669,0.0076820490881800655,0.06237655505537987,0.002942106407135725,0.211563041806221,0.8181322097778321,0.11643825620412826,0.01330086514353752,0.08797013759613037,0.0010084405541419983,0.21871769949793815
878,0.15401265323162078,0.9409494996070862,0.0856374204158783,0.00550839388743043,0.06415759176015853,0.002926894463598728,0.23033902049064636,0.6435135841369629,0.12531445175409317,0.022701290249824525,0.09322254061698913,0.0009027588530443609,0.2421410414739512
879,0.14954397082328796,1.2071263313293457,0.08265680819749832,0.007448713388293981,0.061706730723381044,0.002912142500281334,0.20452071130275726,0.8037186861038208,0.11003445684909821,0.02159486636519432,0.08324924856424332,0.0008791605941951275,0.21575773237273096
880,0.15793228447437285,1.0917249917984009,0.08676532655954361,0.009649395849555731,0.06491350829601288,0.002857503900304437,0.2186478704214096,0.6320249915122986,0.11870108246803283,0.01986262872815132,0.08954231292009354,0.0009463308728300035,0.2290523549891077
881,0.15611988604068755,1.2258933305740356,0.08706297874450683,0.0058455264661461115,0.06467874124646186,0.0029108117334544657,0.21540813744068146,0.49844071865081785,0.11657017469406128,0.022291265800595282,0.08721482604742051,0.0009550132788717746,0.22703127982094884
882,0.1519928216934204,1.1871157169342041,0.08431319743394852,0.00642175180837512,0.06298836395144462,0.002960767550393939,0.22083792984485626,0.6044007539749146,0.12012059986591339,0.019862954132258893,0.09026828706264496,0.0010351436911150813,0.23128698475193232
883,0.14773591756820678,0.9674092173576355,0.08190633505582809,0.006380296871066093,0.06124452948570251,0.0027898138388991354,0.1970316469669342,1.4355046212673188,0.10413900911808013,0.028589025884866715,0.07810151278972625,0.0009932463057339192,0.211822794098407
884,0.15778529942035674,1.3001309633255005,0.08756701052188873,0.007318534329533577,0.0651101142168045,0.002897806977853179,0.21269193887710572,0.7070190489292145,0.11550381034612656,0.022077108174562453,0.08567768782377243,0.0009437872446142137,0.22420239358907565
885,0.16512856185436248,1.4191046595573424,0.09172386974096298,0.0072140350006520745,0.06838411390781403,0.0028271226212382315,0.22778146862983703,1.4902993321418763,0.12251545190811157,0.02693653404712677,0.09130483716726304,0.0009858249686658382,0.24174264809116722
886,0.15210891664028167,0.9852159976959228,0.08426002264022828,0.00657231155782938,0.06304528638720512,0.0030349076725542544,0.21739624738693236,0.38516299724578856,0.11517137289047241,0.03110561817884445,0.08618381768465042,0.000976478704251349,0.23343728745821862
887,0.16254132091999055,1.3005303144454956,0.09006672501564025,0.008169680647552014,0.06695844009518623,0.002862628409639001,0.21878136992454528,0.9895977318286896,0.1180347740650177,0.025542883621528744,0.0874969944357872,0.0009563387255184352,0.23203099084785206
888,0.15984367728233337,1.2216732978820801,0.08920839428901672,0.004969028662890196,0.06670542955398559,0.002890685852617025,0.21023848950862883,1.1731140851974486,0.11254523694515228,0.025678983703255654,0.08439801782369613,0.0009114864049479365,0.223533724877052
889,0.1542952388525009,0.9499383211135864,0.0851843535900116,0.00801371424458921,0.06365251541137695,0.0029030310455709697,0.23425321280956268,0.623296594619751,0.12339046448469163,0.0350925337523222,0.09286326318979263,0.0009064404177479446,0.25225270184455445
890,0.15403607487678528,0.9436945855617523,0.08532841503620148,0.0069302580319345,0.06377498134970665,0.0029350923374295234,0.2213504433631897,1.0699347257614136,0.11900092661380768,0.02541269063949585,0.08913231641054153,0.0010217148228548467,0.23456764848669992
891,0.15410756766796113,1.1539040327072143,0.08497573286294938,0.00831409366801381,0.06359372511506081,0.002762129157781601,0.22461336553096772,0.580357825756073,0.11919998824596405,0.03155180886387825,0.08915386348962784,0.0009672231390140951,0.24087288373848423
892,0.158149790763855,0.8301077365875245,0.0877659112215042,0.007063127541914582,0.06546275690197945,0.0027791210915893315,0.2338712215423584,0.955404394865036,0.12621891498565674,0.025554845854640008,0.09440204352140427,0.0009456874686293304,0.24712149183033036
893,0.1574747681617737,1.0497443914413451,0.08740402907133102,0.00655437670648098,0.06534575000405311,0.002895599324256182,0.22762168645858766,0.4204269230365753,0.12242479920387268,0.027561397664248942,0.09089981913566589,0.001032754685729742,0.24191877068951725
894,0.16077452003955842,1.0769306242465972,0.08899641782045364,0.007725215330719948,0.06639327630400657,0.0030444373842328787,0.22251325249671935,2.3056936979293825,0.12243402302265168,0.014785111695528031,0.09223289340734482,0.0009075548965483904,0.2303595830220729
895,0.15484301149845123,0.6980974555015564,0.08550359308719635,0.0077899529598653315,0.06400114744901657,0.002886606892570853,0.2186327189207077,0.7370011925697326,0.11853311806917191,0.021964228339493276,0.08865882754325867,0.0009173249127343297,0.23007349886465817
896,0.1542233109474182,1.2151368260383606,0.08547813892364502,0.007187134865671396,0.06364866495132446,0.0030058716889470815,0.22425820231437682,1.3558512210845948,0.11967000365257263,0.03014066591858864,0.088997121155262,0.001041492447257042,0.23984928317368032
897,0.15855866372585298,0.9325566053390503,0.08770890831947327,0.007831728458404541,0.06547773256897926,0.0029123129323124887,0.20031943023204804,0.625698471069336,0.10897357612848282,0.01764960363507271,0.08209077119827271,0.0008605516399256885,0.20957450260175392
898,0.14905631244182588,0.8852262496948242,0.08256132304668426,0.006178058404475451,0.061985307931900026,0.0028413085732609034,0.20332015454769134,0.4329960823059082,0.10724589228630066,0.03033394366502762,0.08044633120298386,0.0009219228057190775,0.2189480899600312
899,0.15826845467090606,1.2796944797039032,0.08795827180147171,0.006714249262586236,0.06550526767969131,0.0028955907095223666,0.21868817806243895,0.5035923719406128,0.11776776313781738,0.02475907988846302,0.08809229284524918,0.0008971648756414651,0.23151630074717106
900,0.15174437165260315,1.0166278600692749,0.08465442955493926,0.00469510518014431,0.06332373395562171,0.0028373165987432003,0.217774960398674,0.3290875434875488,0.1165998637676239,0.0251481419429183,0.0881307527422905,0.0009405487566255033,0.23081930720945823
901,0.15076763927936554,1.488345694541931,0.08388533145189285,0.005168296117335558,0.06283347681164742,0.0029293609783053397,0.21136046051979065,0.9816244125366211,0.11376283317804337,0.023044344037771225,0.08560894578695297,0.0009330272441729903,0.22334915024694055
902,0.16031328439712525,1.0937011122703553,0.08871053159236908,0.007132703624665737,0.06661587357521057,0.0028410614933818577,0.2130363702774048,0.8340303540229798,0.11589939296245574,0.01922164224088192,0.08705517947673798,0.00094196762656793,0.22311818230664357
903,0.15404092669487,1.075786030292511,0.08522354364395142,0.006888590287417173,0.06389341205358505,0.002959348727017641,0.21115880012512206,0.4220133781433105,0.11260665953159332,0.028314250521361828,0.08393500596284867,0.0009200126631185412,0.22577592867892235
904,0.15434482395648957,0.9971285700798035,0.08501306325197219,0.009096168633550405,0.06334320828318596,0.0028809428680688144,0.20814907252788545,0.4393322229385376,0.11071457415819168,0.02833863254636526,0.08280394077301026,0.000922478805296123,0.22277962628286332
905,0.15285958349704742,0.9258759975433349,0.08451462239027023,0.00784168029204011,0.06295332238078118,0.002941607730463147,0.20732955634593964,0.6058121085166931,0.11311722248792648,0.017028360068798064,0.08525534719228745,0.0008856312255375087,0.21628656097454949
906,0.16038388311862944,1.2864088416099548,0.08869547545909881,0.0074826768599450585,0.0664502963423729,0.00299354768358171,0.2235714912414551,0.5119884729385376,0.12103082090616227,0.022930654045194388,0.09058028161525726,0.0009900963865220546,0.23553185295313597
907,0.15152167081832885,1.4245731353759765,0.0838412493467331,0.0068555018864572045,0.06280831918120384,0.0028886990156024696,0.215842542052269,0.6170958518981934,0.11676979959011077,0.0203913651406765,0.08839737623929977,0.0009593964787200093,0.22651793744880705
908,0.1582660585641861,0.9592631220817566,0.08764672875404358,0.006726585887372493,0.06582307815551758,0.0028659169096499682,0.2286403626203537,0.6588188409805298,0.12177715599536895,0.030492006242275237,0.09111349433660507,0.0010074512334540485,0.24439010780770332
909,0.15782336592674256,1.2341032385826112,0.08701624721288681,0.009058779291808605,0.06487266793847084,0.0028101226314902307,0.21636258959770202,2.463826969265938,0.11771042048931121,0.01916213296353817,0.08862493932247162,0.0008923297747969628,0.22638982255011797
910,0.1605076789855957,1.3904558897018433,0.08874360769987107,0.007944339606910943,0.06633288264274598,0.00291803777217865,0.21586347818374635,0.5879008531570434,0.1166883498430252,0.022287730872631074,0.08755744993686676,0.0009476299863308668,0.2274811606388539
911,0.15670106410980225,0.6917621195316315,0.08711115419864654,0.0066397711634635925,0.06479629278182983,0.0029474465642124414,0.22230112552642822,1.1207708358764648,0.12072400152683258,0.02102532722055912,0.0905466303229332,0.0010356621351093054,0.2333316212054342
912,0.16030814945697786,0.9071664214134216,0.08891145288944244,0.007065998669713735,0.06642274260520935,0.002881903341040015,0.23226011991500856,0.3714484333992004,0.12506161630153656,0.026413069665431978,0.09349435418844224,0.000995229184627533,0.2459642693400383
913,0.15416181087493896,0.9761538505554199,0.0854963406920433,0.006073152925819158,0.06418497636914253,0.0028878449462354182,0.2118895620107651,0.9573398232460022,0.11380881518125534,0.023537326976656912,0.08583564907312394,0.0009528859751299024,0.2241346772061661
914,0.1510964035987854,1.1377302646636962,0.08380719721317291,0.006260850047692656,0.06269479095935822,0.0029279815033078195,0.21607110500335694,1.4534053802490234,0.11702412962913514,0.020821940526366232,0.08816819339990616,0.0009356118156574666,0.226949875371065
915,0.16104716062545776,1.005003309249878,0.08886262029409409,0.00896324571222067,0.06628392487764359,0.0028379795141518114,0.21351093351840972,0.8298403263092041,0.1151423692703247,0.023311318643391133,0.08621603846549988,0.00099373459815979,0.22566346097737552
916,0.1584211766719818,1.2849475502967835,0.08785466998815536,0.007300576753914356,0.0654666468501091,0.0028991521801799537,0.2028804302215576,0.484521484375,0.11152178943157195,0.01467451136559248,0.08353141248226166,0.000979970651678741,0.2107076839311048
917,0.1564537078142166,0.9500155568122863,0.08680051118135453,0.007497819699347019,0.06444058939814568,0.0029273950960487126,0.21629945039749146,1.5112479209899903,0.11734853386878967,0.020446497574448587,0.08823292702436447,0.000989471038337797,0.22701742950594053
918,0.15888016819953918,1.3788437128067017,0.08856580257415772,0.005481868237257004,0.06615103930234909,0.002844777749851346,0.21492400765419006,0.48564389944076536,0.11834330260753631,0.01765234712511301,0.08731164336204529,0.0008857637527398765,0.22419305684743449
919,0.16406912803649903,1.1302385568618774,0.09024952054023742,0.009378195460885762,0.06772070080041885,0.002819608338177204,0.21393515765666962,0.9889386177062989,0.11370321363210678,0.02948913387954235,0.08500644564628601,0.0009618564974516631,0.22916064965538682
920,0.15657285153865813,0.9810899794101715,0.08706974238157272,0.006381113361567259,0.06487016454339027,0.0028847828973084686,0.2203457087278366,0.8715468168258667,0.1197234645485878,0.020496614649891852,0.08989381194114685,0.0009602528996765613,0.23107414403930304
921,0.1574851930141449,1.292488431930542,0.08714483380317688,0.007999374903738499,0.06486102789640427,0.0029592916369438173,0.22307028174400328,0.6333425045013428,0.12118713706731796,0.021422292105853558,0.0906654492020607,0.001013084384612739,0.23428796275984493
922,0.1578778237104416,1.0494262337684632,0.08740577697753907,0.007273565884679556,0.06537885144352913,0.002912826230749488,0.23304952979087828,0.7463623046875,0.12318941056728364,0.03356024995446205,0.09262772649526596,0.0009045342332683504,0.25028192125028
923,0.15210191309452056,1.1707529306411744,0.08422716110944747,0.007148740068078041,0.06289658546447754,0.0028075916692614556,0.21339226961135865,0.4268773436546326,0.11643889248371124,0.017970247194170952,0.08748480826616287,0.000966913893353194,0.22286086183739826
924,0.15385538041591645,1.2180233240127563,0.08550197780132293,0.0062943496741354465,0.06378910318017006,0.0028342474717646835,0.20723479390144348,0.675554347038269,0.11135618090629577,0.022942570969462395,0.08391863256692886,0.0009774025878868998,0.21919478703057393
925,0.15716676115989686,1.249614429473877,0.0867857277393341,0.008052257262170315,0.06488402411341668,0.0029417504090815784,0.22910776734352112,0.32720099687576293,0.12415335178375245,0.025009433180093764,0.091974376142025,0.0009506515110842883,0.2420878126169555
926,0.15655286312103273,0.900586998462677,0.08643994480371475,0.009027247875928878,0.06421996653079987,0.0027586546260863543,0.22717400789260864,0.5511264324188232,0.12196122705936432,0.026769470423460007,0.09136819690465928,0.000919712265022099,0.2410186066525057
927,0.15996320843696593,0.8047938585281372,0.08777011036872864,0.01056058518588543,0.06544525623321533,0.0029350980184972286,0.21508339643478394,0.8294623494148254,0.11542751044034957,0.024894516542553903,0.08676244765520096,0.0008923514746129513,0.22797682611271738
928,0.15056106746196746,1.041660237312317,0.08330108374357223,0.007221876084804535,0.06222840994596481,0.0028412689920514823,0.21834180355072022,0.6536269426345825,0.11626678109169006,0.02955535463988781,0.0868019476532936,0.0009908223990350961,0.23361490578390656
929,0.15664038956165313,0.940298855304718,0.08686528205871583,0.006778447469696402,0.06493751630187035,0.002896731346845627,0.19342402517795562,0.8322512626647949,0.10509738773107528,0.01696096919476986,0.07935331910848617,0.0009856706717982888,0.20239734670612958
930,0.15957317054271697,0.6580601274967194,0.08849289268255234,0.006781731452792883,0.06625876054167748,0.0028613168746232987,0.2364399254322052,0.7681693315505982,0.12727344036102295,0.02751094214618206,0.09495601803064346,0.0009099905379116535,0.2506503910757601
931,0.15678542852401733,1.2356801748275756,0.08672341406345367,0.008286895975470544,0.06445465385913848,0.0029278295580297707,0.22418894171714782,0.45917879343032836,0.11906716376543044,0.031183993071317674,0.08908479660749435,0.0008899714332073927,0.24022592487744987
932,0.1564885199069977,0.9244108319282531,0.08718262016773223,0.005397611204534769,0.06517561674118041,0.0028629531152546406,0.2221216470003128,0.36351650953292847,0.1215687483549118,0.016802691295742987,0.09166401475667954,0.0009750682744197548,0.2310105226817541
933,0.1673075646162033,1.1183979749679565,0.09271630644798279,0.008367122989147902,0.06897669285535812,0.0028620022814720867,0.21037338972091674,0.5526231288909912,0.11111291646957397,0.03158935457468033,0.08300413638353348,0.0009233204415068031,0.2266297278692946
934,0.15940815806388856,0.8969081997871399,0.08874798268079757,0.0058316228911280635,0.06631816625595092,0.0028523937333375217,0.19679740071296692,0.5068234205245972,0.10744716376066207,0.01522456631064415,0.08125969767570496,0.0009565024054609239,0.2048879301524721
935,0.16131155490875243,1.0643022298812865,0.08978758603334427,0.005990561423823237,0.06710277199745178,0.0028518259059637785,0.22145167887210845,0.789002799987793,0.12013066858053208,0.020381353795528412,0.09065903574228287,0.0009426151751540601,0.2321136732934974
936,0.16261935830116273,1.2531358480453492,0.09021813422441483,0.007416697032749653,0.06726169437170029,0.0028623515740036965,0.2212790071964264,0.7830339789390564,0.1198929101228714,0.023048495454713703,0.08940391689538955,0.0009158432483673095,0.23326116572134198
937,0.1539967656135559,0.9032148718833923,0.08525450080633164,0.007564108492806554,0.06349247395992279,0.0029354731552302836,0.19997909665107727,0.6144255220890045,0.10616762340068817,0.027044984698295593,0.07984128445386887,0.0008953819517046214,0.21394927450455725
938,0.1556374818086624,1.0101495862007142,0.08620212078094483,0.008173141907900573,0.06391500383615493,0.0028675754088908433,0.22810550034046173,0.5917855739593506,0.12347586750984192,0.025589592382311822,0.09135979413986206,0.0009500921471044422,0.24137534617912026
939,0.14875949621200563,1.0152170062065125,0.08237332403659821,0.0065650766715407375,0.06170894205570221,0.0027893814258277416,0.2300808072090149,0.5512014389038086,0.12366411685943604,0.026360880210995676,0.09278788417577744,0.0008967071189545095,0.24370958836516365
940,0.15435692965984343,1.3014965176582336,0.08586950004100799,0.006213742308318615,0.0639818213880062,0.0027974766679108145,0.2231240838766098,0.8434554457664489,0.11944891810417176,0.029776963219046593,0.08836011737585067,0.0008531286148354411,0.23843912731390446
941,0.14815843403339385,0.8570273041725158,0.08256226181983947,0.005424692062661052,0.061539492756128314,0.0026886613573879003,0.22345593571662903,0.4067915678024292,0.12185335755348206,0.019177016615867615,0.09153848141431808,0.0009511814685538411,0.2335200370522216
942,0.15735129714012147,1.4345720291137696,0.0865474060177803,0.009176640305668116,0.06479450762271881,0.002842120639979839,0.21237336993217468,0.7009962677955628,0.11258690357208252,0.02998793125152588,0.0843200922012329,0.000944836251437664,0.22783976327627894
943,0.156579852104187,1.0931154847145081,0.08719776719808578,0.005528688710182905,0.06516928151249886,0.00289691761136055,0.22432713508605956,0.4408442735671997,0.12170721888542176,0.022742136474698783,0.09075765460729598,0.0009824112290516495,0.23618942119646819
944,0.1603698819875717,1.388659930229187,0.08907207101583481,0.0067023904994130135,0.06651081144809723,0.0028716156724840403,0.21184245944023133,1.5586138725280763,0.11322091817855835,0.026598301902413368,0.08487170785665513,0.0009013790520839393,0.22559230698971078
945,0.1548370748758316,1.1853831887245179,0.08647530674934387,0.004673636704683304,0.06458108723163605,0.0028877300675958393,0.20110717713832854,0.8596673965454101,0.10875527709722518,0.01949661523103714,0.08213649690151215,0.0009341727010905743,0.21132256193086504
946,0.15848977565765382,0.9485336601734161,0.08843427002429963,0.005065173329785466,0.06603623926639557,0.002973350789397955,0.2219984710216522,0.306530573964119,0.11722971200942993,0.03314070962369442,0.087668177485466,0.001060456410050392,0.23909905552864077
947,0.1580311119556427,1.290367317199707,0.08716701716184616,0.00854523917660117,0.06508869528770447,0.003005557181313634,0.21620639860630037,0.44376603960990907,0.1142545372247696,0.03229906633496284,0.08534972816705703,0.0009051996632479132,0.23280853139003738
948,0.15713259875774382,1.1414369583129882,0.08760418891906738,0.005678006913512945,0.06523454412817956,0.0029097126796841623,0.229066926240921,0.823010516166687,0.12366590648889542,0.023744102194905282,0.09305611103773118,0.0009457329055294394,0.2414118526270613
949,0.15557361841201783,1.1513382196426392,0.08621818572282791,0.006642676284536719,0.06460475772619248,0.002858680859208107,0.20229986310005188,0.7740581035614014,0.10610216110944748,0.031384587101638314,0.0800495058298111,0.0009118025656789542,0.21844805660657587
950,0.15450855493545532,1.2652993202209473,0.08550261706113815,0.007689075637608766,0.06374047920107842,0.002841847809031606,0.21429182291030885,0.4509821057319641,0.11532024443149566,0.02406032271683216,0.08645952194929123,0.0009637756040319801,0.22680386470165104
951,0.15649380683898925,1.1442274451255798,0.08669177889823913,0.007100628223270178,0.06483376324176789,0.0028359003365039824,0.23620203137397766,0.6993534684181213,0.12526967525482177,0.03404581397771835,0.09344780743122101,0.0009232689160853624,0.2536865655798465
952,0.16366947889328004,0.9034735202789307,0.09026961773633957,0.00897243982180953,0.06750253438949586,0.00282221594825387,0.21460120677947997,0.9301717758178711,0.11656931936740875,0.020502955466508866,0.08731397539377213,0.0009328952059149742,0.22531914543360473
953,0.1614513099193573,1.0364831924438476,0.08956425338983535,0.007520309835672379,0.06670472100377083,0.0028443656861782073,0.21102367639541625,0.553722333908081,0.11087218523025513,0.03224036954343319,0.0835418850183487,0.000978864764329046,0.22763330455636607
954,0.1555963546037674,1.023435401916504,0.08630754798650742,0.006924116425216198,0.0643705315887928,0.002912431489676237,0.23324189484119415,1.7639963150024414,0.12536009550094604,0.02707206904888153,0.09384120851755143,0.0010090860538184642,0.24728245912119748
955,0.15324495136737823,0.9291212558746338,0.08484528064727784,0.006896853353828192,0.06349181681871414,0.0029188540298491716,0.21146571338176728,0.3414774060249329,0.1131638914346695,0.026869264245033265,0.0843607485294342,0.001012873277068138,0.2254067774862051
956,0.16285569965839386,1.0034143447875976,0.09009409546852112,0.008440441638231277,0.0671037718653679,0.0028752172365784645,0.20883695781230927,1.4638362646102905,0.11211579591035843,0.023380565270781518,0.08458631634712219,0.0008891269098967314,0.22097180443815886
957,0.15548451840877534,1.3897951126098633,0.08615959286689759,0.0070427642203867435,0.06440483033657074,0.0027974271215498447,0.20579797625541688,0.4053849935531616,0.10810531079769134,0.03199812062084675,0.08124279081821442,0.0009016026160679758,0.2222478248528205
958,0.1535378098487854,0.853931975364685,0.08557399362325668,0.005235233716666699,0.0638555720448494,0.002981251152232289,0.20731182992458344,0.5189764738082886,0.11298858523368835,0.018861545622348784,0.08441049456596375,0.0009639333351515233,0.2172245587571524
959,0.15007344484329224,1.1653505206108092,0.08355176448822021,0.005566078703850508,0.06229481250047684,0.0028876591473817824,0.21041244268417358,0.4538791060447693,0.11374100595712662,0.020422765240073203,0.08599500507116317,0.0009300781413912774,0.2210888544097543
960,0.1585698515176773,1.33470618724823,0.08866912573575973,0.004984860587865114,0.0659580335021019,0.002900522667914629,0.22941824793815613,1.358229160308838,0.1240523636341095,0.025624993070960046,0.09205800741910934,0.0009907537489198149,0.24272611787309872
961,0.15429057478904723,1.2890435218811036,0.08522177040576935,0.007429796643555165,0.06391018182039261,0.002887438517063856,0.21331769824028016,0.6599313080310821,0.1148536205291748,0.024513113498687743,0.08568554967641831,0.001043946563731879,0.22609623026801273
962,0.1565576195716858,0.7645691871643067,0.08664652109146118,0.007662489311769605,0.06462056562304497,0.0029185819905251263,0.22059704065322877,0.594523698091507,0.11822796761989593,0.024792171269655227,0.08949905633926392,0.0009478550171479582,0.233467050245963
963,0.15755105912685394,0.9563504099845886,0.08738346248865128,0.00797612639144063,0.06473231315612793,0.002894455520436168,0.23765718936920166,0.5109458863735199,0.12935477048158645,0.02112492173910141,0.09723573625087738,0.001008409820497036,0.2487238382920623
964,0.15961240530014037,0.9389024138450622,0.08882388174533844,0.006274564703926444,0.06617802307009697,0.0029464422725141047,0.21861512064933777,0.9749339044094085,0.1177676260471344,0.02503333007916808,0.0878536120057106,0.0009544405969791114,0.23160900872899218
965,0.15356634855270385,0.9711269617080689,0.0846784994006157,0.008597199991345405,0.06314099729061126,0.00289649935439229,0.2273528665304184,0.4700538754463196,0.12130022644996644,0.028673873469233512,0.09122509211301803,0.0009812195552513004,0.24218041158746925
966,0.1507401645183563,1.0166496276855468,0.08365394771099091,0.005860553123056889,0.06274913102388383,0.0028136109467595816,0.22345758974552155,1.6770378649234772,0.1207328736782074,0.023790168575942516,0.09035153239965439,0.0009561879094690084,0.2358307625632733
967,0.15629527270793914,1.1068126440048218,0.08684324324131013,0.0059648603200912476,0.06502854600548744,0.00288210129365325,0.21344585120677947,0.6899852752685547,0.11561309397220612,0.0218193918466568,0.08643572628498078,0.0009746457915753126,0.224842857895419
968,0.15372297465801238,1.3228381395339965,0.08498321026563645,0.007231639930978417,0.06372454538941383,0.0027988004963845014,0.22003699243068695,0.9886743068695069,0.11783060282468796,0.028910884633660316,0.08725901693105698,0.0009838555823080241,0.23498435997171327
969,0.1570630520582199,1.264216673374176,0.0870291069149971,0.006321983644738793,0.06534928902983665,0.0030473117716610433,0.24582594633102417,0.5097311019897461,0.13266794085502626,0.02882080599665642,0.09827128648757935,0.0009526141919195652,0.26071264753118156
970,0.1583162784576416,1.0738842844963075,0.0877297893166542,0.007239778153598308,0.06552793309092522,0.002877344423905015,0.22319612205028533,0.45935675501823425,0.1205325409770012,0.024736813455820083,0.08983964920043945,0.0009110287181101739,0.23602003235137087
971,0.16118142902851104,0.992930781841278,0.08966755419969559,0.00630465466529131,0.06695123314857483,0.0028206379618495704,0.22686464190483094,1.0120619535446167,0.12236430943012237,0.024438341706991197,0.09181361645460129,0.0009350859560072422,0.2395513535477221
972,0.15825974345207214,1.2420635938644409,0.08758619874715805,0.007804467156529426,0.06532275006175041,0.0028971314895898104,0.20809993743896485,0.5105249404907226,0.11278776228427886,0.020453889295458792,0.08464744687080383,0.0008755610673688352,0.21876465951791033
973,0.15369857847690582,1.0242751121520997,0.08550256043672562,0.0055603170301765205,0.06403042748570442,0.0027708610985428097,0.20062461197376252,0.5046054124832153,0.1078967034816742,0.022315852157771588,0.08111483752727508,0.0009102897485718131,0.21223768291529269
974,0.15381614863872528,1.383220362663269,0.08554600775241852,0.006115482375025749,0.06376665532588958,0.0028914839029312136,0.2128472089767456,0.5315122604370117,0.11574612557888031,0.018597983941435813,0.0873155102133751,0.0009731472819112241,0.22263276701560242
975,0.15060123503208162,0.8602771759033203,0.0834036871790886,0.006912687513977289,0.06227244660258293,0.002937511168420315,0.20471927225589753,0.5664903402328492,0.10888672769069671,0.028394502773880958,0.08117610663175583,0.000918370601721108,0.2193757076980546
976,0.1552087128162384,1.2884601593017577,0.08632383346557618,0.005494468053802848,0.06466370150446892,0.0029478888027369976,0.20932179391384126,0.4589739561080933,0.11422126293182373,0.016897649690508842,0.08616909980773926,0.0009652239037677646,0.2182532363338396
977,0.15988024771213533,1.1603421688079834,0.08848712891340256,0.007439633738249541,0.06622710973024368,0.002892380999401212,0.21610662639141082,0.6404644012451172,0.11713452190160752,0.021759268641471863,0.08761496990919113,0.0009549888782203197,0.22746374933049082
978,0.1527729034423828,1.023079228401184,0.0850159466266632,0.005497577833011746,0.06361165717244148,0.0027930133044719698,0.20574097633361815,0.7329075336456299,0.1093065544962883,0.028601351380348205,0.08164175599813461,0.0009839862585067749,0.2205336481332779
979,0.15449399054050444,1.1695875883102418,0.0862096220254898,0.004798277141526341,0.0644004449248314,0.002969561517238617,0.231737020611763,1.1586382389068604,0.1241800457239151,0.029332818835973738,0.09241497367620469,0.0009512027259916067,0.24687904096208513
980,0.16367489993572235,0.9052497506141662,0.09030603915452957,0.010408192873001099,0.06672336310148239,0.0028828029986470937,0.20196863114833832,0.653882622718811,0.10968354940414429,0.019365350157022475,0.0821556180715561,0.0008935944526456297,0.2120981120853685
981,0.16187014877796174,1.0135613679885864,0.08986579179763794,0.00737609937787056,0.06687824726104737,0.002876131376251578,0.22050563395023345,1.9052655220031738,0.11869691908359528,0.024602050334215163,0.08903189152479171,0.0009515928104519844,0.23328245375305415
982,0.15694073140621184,1.0760050177574159,0.08682838827371597,0.00735063967294991,0.06505058631300926,0.002772883092984557,0.22786728143692017,0.9622792840003968,0.12197549194097519,0.026560521870851516,0.0921542763710022,0.0009145165095105767,0.24160480669233947
983,0.15216576159000397,0.9707059502601624,0.08427319526672364,0.0064419926144182686,0.06317590624094009,0.0029913276433944703,0.21435071527957916,0.5906390309333801,0.1160586878657341,0.020670077204704283,0.08750378787517547,0.0009064140147529542,0.22513896696036678
984,0.1557512104511261,1.0019124150276184,0.08659166544675827,0.006400858331471681,0.06452838480472564,0.0028614629525691273,0.21455093324184418,1.8038837909698486,0.11689412593841553,0.019740407913923265,0.0873133659362793,0.0009464741684496403,0.2248943739570677
985,0.15559516251087188,0.9678297996520996,0.08635048866271973,0.006431905413046479,0.06455285027623177,0.0029517428949475287,0.20348249971866608,0.6651047468185425,0.11230746358633041,0.012502920255064965,0.08448319435119629,0.0008807767182588578,0.21017435491085054
986,0.15230242609977723,1.1308571815490722,0.08430257439613342,0.006992854084819556,0.06309495866298676,0.0028169302269816397,0.23634241223335267,0.6711832523345947,0.12631238698959352,0.03227977957576513,0.0934086874127388,0.0009628972853533924,0.25296375126345083
987,0.1530656099319458,0.856427013874054,0.08462247997522354,0.006718482077121735,0.06368267014622689,0.002802440430969,0.21238713562488556,1.2647438883781432,0.11718505918979645,0.01237749494612217,0.08853994458913803,0.0009467673720791936,0.21904926609713582
988,0.1598270684480667,0.9914510726928711,0.08901512026786804,0.005960189504548907,0.06641462594270706,0.0028344671241939067,0.2021880030632019,0.6203722298145294,0.10943495631217956,0.019419844448566436,0.08259324580430985,0.0008997399825602769,0.2123477865476161
989,0.15557624995708466,1.2878516554832458,0.08599281460046768,0.007608794420957565,0.06431231647729874,0.0029334424529224635,0.1982207715511322,0.657021450996399,0.10616256445646285,0.02199556604027748,0.08063005805015563,0.000860732642468065,0.209648921189364
990,0.15861530005931854,0.8621454954147338,0.08779600709676742,0.0070738749578595165,0.06586707681417465,0.0028305661864578722,0.20855354368686677,0.8816346406936646,0.11399735808372498,0.016731840185821058,0.08576108515262604,0.0008583576185628772,0.21734864104073495
991,0.1516063392162323,1.0052754044532777,0.08400935977697373,0.0069524748250842094,0.06272644624114036,0.0027885840740054847,0.2052576631307602,0.5762583255767822,0.11147201657295228,0.01959414519369602,0.0835560455918312,0.0008650781819596887,0.21548728554043917
992,0.16200273633003234,0.9252259850502014,0.08937447220087051,0.009753018897026778,0.06631933897733688,0.00286484113894403,0.21306013464927673,0.6115776062011719,0.113617804646492,0.028593580424785613,0.08468175679445267,0.000927564816083759,0.22782070668181403
993,0.14836902916431427,0.9484996438026428,0.08165882080793381,0.00842234045267105,0.06105049252510071,0.00289709004573524,0.21565623283386232,2.1802486419677733,0.11582196056842804,0.025316360965371133,0.08672969788312912,0.0008927764720283449,0.22876079588895665
994,0.1644527018070221,0.9111232757568359,0.0912222683429718,0.008328811638057232,0.06761254146695136,0.002906983345746994,0.2175564855337143,0.33862823247909546,0.116367107629776,0.024927691742777824,0.08820895701646805,0.0010331529541872443,0.2305369093432091
995,0.15441213250160218,0.8112707316875458,0.08584654331207275,0.005183138698339462,0.06456211283802986,0.002823822293430567,0.21406312584877013,0.7921801567077636,0.11563540697097778,0.02245944645255804,0.0867175117135048,0.0009609720204025507,0.22577333715744316
996,0.1564058780670166,0.9293744683265686,0.08645899444818497,0.007750855665653944,0.06464893072843551,0.0028450376354157924,0.2029840111732483,0.5161120414733886,0.10889237523078918,0.02384873926639557,0.08170064389705659,0.0009332366636954248,0.21537499505793678
997,0.1532884031534195,1.363587534427643,0.08500038534402847,0.006801686994731426,0.06349768862128258,0.0027789861429482698,0.22797858119010925,1.4689839720726012,0.12533935606479646,0.016661828756332396,0.09379388093948364,0.0010288673918694257,0.2368239331524819
998,0.1613825350999832,0.9010030031204224,0.0895035520195961,0.007307636924088002,0.06682740449905396,0.0027955257799476387,0.19901156127452851,1.3738790988922118,0.1075361430644989,0.02046121172606945,0.08074882477521897,0.0009919535368680954,0.20973813310265543
