epoch,train_total,train_noise,train_x0,train_class,train_param,train_closed_loop,val_total,val_noise,val_x0,val_class,val_param,val_closed_loop,val_select
1,3.901028347015381,1.187954044342041,1.6716741800308228,4.454977560043335,0.47891104221343994,0.6667187511920929,2.865454578399658,1.0189574718475343,1.2303285360336305,2.8922849178314207,0.39552236795425416,0.4778793752193451,4.996015197038651
2,2.4967596530914307,0.8935604929924011,1.0785727620124816,2.426920986175537,0.3803716659545898,0.49050137400627136,1.842694139480591,0.7103748798370362,0.7681349515914917,1.6359344244003295,0.3071427822113037,0.3923957824707031,3.103607940673828
3,1.935325264930725,0.728788435459137,0.7661425590515136,1.773615837097168,0.30906611680984497,0.3848076343536377,1.580685830116272,0.6361330032348633,0.6554649114608765,1.3551103353500367,0.25885254740715025,0.2770967364311218,2.5465245306491853
4,1.584743571281433,0.6435515761375428,0.5832687497138977,1.3596549034118652,0.2510016471147537,0.2745299458503723,1.3854093551635742,0.5943793177604675,0.3907588720321655,1.197410762310028,0.185390904545784,0.18356448113918306,1.9571250200271606
5,1.3499560356140137,0.5906598091125488,0.4545267403125763,1.0743983030319213,0.21161274015903472,0.22641170620918274,1.1569738626480102,0.5693554162979126,0.3561388492584229,0.8192843675613404,0.17149470150470733,0.12193715423345566,1.4688550725579264
6,1.265886402130127,0.5722172379493713,0.41226893067359927,0.9959771990776062,0.18603982627391816,0.15814199149608613,1.0887359380722046,0.5162068247795105,0.33893448710441587,0.8263405561447144,0.15237561166286467,0.10487595051527024,1.4225266054272654
7,1.2529818773269654,0.5375512480735779,0.3990891695022583,1.0345844149589538,0.18726040422916412,0.15285874754190446,1.10302232503891,0.5060552000999451,0.328384268283844,0.8505236327648162,0.16370150744915007,0.10413289964199066,1.446742308139801
8,1.1547046184539795,0.5271169662475585,0.3780443727970123,0.8701698184013367,0.18130480349063874,0.1332283541560173,1.0816632986068726,0.5076229453086853,0.3398944795131683,0.8124458193778992,0.1589222550392151,0.09632870554924011,1.4075912594795228
9,1.1303022861480714,0.525122606754303,0.3554576635360718,0.8521459221839904,0.16710504591464997,0.12805339097976684,1.0197317600250244,0.5026561796665192,0.3134427547454834,0.7040583491325378,0.1557381719350815,0.09025363624095917,1.263492912054062
10,1.1332357406616211,0.51146240234375,0.34519739747047423,0.8768571972846985,0.17050683498382568,0.12255959212779999,0.9972265481948852,0.45919976234436033,0.3202829957008362,0.7375533580780029,0.1596174269914627,0.07725479900836944,1.2947085797786713
11,1.0534520149230957,0.5089293122291565,0.3253548741340637,0.7409378051757812,0.16171005368232727,0.1014600619673729,0.9507109761238098,0.4581127643585205,0.2945523202419281,0.6771802186965943,0.14446553587913513,0.06810847073793411,1.1843065455555917
12,1.0470064401626586,0.4992479681968689,0.33128204345703127,0.7466056108474731,0.16070789396762847,0.10379623472690583,0.8415661931037903,0.47506710290908816,0.26311625838279723,0.4358826518058777,0.13906511068344116,0.06342100724577904,0.9014850281178951
13,1.0378840446472168,0.49787113070487976,0.3204032421112061,0.7360869407653808,0.15772581696510315,0.09840889871120453,0.9576646208763122,0.4616407871246338,0.2893447756767273,0.6861498594284058,0.1411327451467514,0.07598620057106018,1.1926135808229446
14,1.0479018688201904,0.4832386314868927,0.3273854613304138,0.7815727591514587,0.15836534798145294,0.09870262742042542,0.8447868466377259,0.46748063564300535,0.2817810595035553,0.4345370173454285,0.14876769185066224,0.061173123121261594,0.9262588918209076
15,0.9721759676933288,0.48665316104888917,0.29868786334991454,0.6312723159790039,0.15498649179935456,0.08724965006113053,0.8840733289718627,0.48430981040000914,0.26178576946258547,0.5061652541160584,0.13596372902393342,0.05148751884698868,0.9554022714495659
16,0.9660172700881958,0.4821457028388977,0.2994679570198059,0.6303394436836243,0.15281196534633637,0.08702655583620071,0.8304880142211915,0.4413806915283203,0.27324825525283813,0.47178725004196165,0.14013585448265076,0.0651988886296749,0.9503702484071255
17,0.9743923425674439,0.4707786738872528,0.2990787386894226,0.6719940781593323,0.15079078078269958,0.08658208847045898,0.920631718635559,0.41752190589904786,0.28468732833862304,0.6935996055603028,0.1424605816602707,0.06202232763171196,1.1827698431909084
18,0.9393166184425354,0.47507305145263673,0.29404993653297423,0.594180428981781,0.14888262748718262,0.09183433502912522,0.8916929721832275,0.4453399062156677,0.28165475130081175,0.5909096240997315,0.13678615987300874,0.057843557000160216,1.0671940922737122
19,0.9453894615173339,0.4726353406906128,0.3068735599517822,0.6088131308555603,0.15031202137470245,0.07822822034358978,0.8501057505607605,0.4398665189743042,0.28266372084617614,0.5174529552459717,0.137345789372921,0.05146121382713318,0.988923679292202
20,0.9393133282661438,0.4622373580932617,0.29941062331199647,0.623705780506134,0.14692018628120423,0.07456461489200591,0.7720335364341736,0.4206709623336792,0.24623464345932006,0.4225345730781555,0.12639455497264862,0.05050976276397705,0.8456735342741012
21,0.9391557812690735,0.46287051439285276,0.2891322493553162,0.6171364665031434,0.14857299327850343,0.07646754235029221,0.7936640620231629,0.41911462545394895,0.23631181716918945,0.4588422060012817,0.13132764548063278,0.048433318734169006,0.874914987385273
22,0.9235923767089844,0.46688647866249083,0.271976912021637,0.5890230178833008,0.1435750812292099,0.07013880610466003,0.7794129014015198,0.4128296434879303,0.23339633345603944,0.44736212491989136,0.12879492342472076,0.046582984179258345,0.8561363659799098
23,0.8575654864311218,0.4396977126598358,0.26431183218955995,0.5186147212982177,0.1400734454393387,0.06517011523246766,0.7348134279251098,0.39346194863319395,0.2390729784965515,0.39451166391372683,0.13041431754827498,0.037796984612941745,0.8017959445714951
24,0.8650478243827819,0.43015379905700685,0.27530900835990907,0.540499997138977,0.14486053287982942,0.06581608355045318,0.8155929565429687,0.44005534052848816,0.2374776303768158,0.45623025894165037,0.13291536271572113,0.03971945345401764,0.8663427054882049
25,0.8713544845581055,0.4416636645793915,0.2523986607789993,0.5492950677871704,0.1359071046113968,0.06189581155776978,0.7816533207893371,0.3950673222541809,0.22457600831985475,0.49118107557296753,0.1263989806175232,0.039519137144088744,0.8816752016544341
26,0.865807032585144,0.43003212809562685,0.2628602921962738,0.5426109850406646,0.14295026063919067,0.06933911442756653,0.7384941458702088,0.4218613624572754,0.21852763891220092,0.3609191238880157,0.1221626192331314,0.033772557973861694,0.7353819400072098
27,0.8651301383972168,0.4317658066749573,0.26991344690322877,0.5440643489360809,0.14028695225715637,0.05993320718407631,0.7254890084266663,0.3796276807785034,0.23416182398796082,0.4024982452392578,0.1281151846051216,0.04156105518341065,0.8063363090157509
28,0.8424323439598084,0.4215273976325989,0.256753134727478,0.5302656769752503,0.1343400374054909,0.06084819361567497,0.7500949978828431,0.4172179937362671,0.22450100481510163,0.3839143872261047,0.12518762946128845,0.036018093675374986,0.7696211151778698
29,0.831405508518219,0.4159627199172974,0.24693658351898193,0.524159598350525,0.13186499923467637,0.05934484153985977,0.692847728729248,0.38107007145881655,0.21228024661540984,0.35334573984146117,0.12064785659313201,0.028815248236060142,0.7150890912860632
30,0.8146068811416626,0.4054612934589386,0.2467782974243164,0.5100852072238922,0.13222010284662247,0.05748186931014061,0.7538041234016418,0.382021963596344,0.21929217875003815,0.4643006563186646,0.12365290522575378,0.032590588182210924,0.8398363284766674
31,0.8332018971443176,0.4148232042789459,0.243526092171669,0.5275194764137268,0.13250695168972015,0.055680079758167265,0.7407034397125244,0.4069769024848938,0.20674561560153962,0.40013628005981444,0.11853593438863755,0.028432559967041016,0.7538503900170326
32,0.8225667238235473,0.39140323996543885,0.2507260024547577,0.5488232731819153,0.1336504265666008,0.055332791060209274,0.7709628820419312,0.38646974563598635,0.21303720474243165,0.5032738447189331,0.1168530449271202,0.02888675183057785,0.8620508462190628
33,0.8279457211494445,0.4126989483833313,0.2390724778175354,0.5236290574073792,0.13109736740589142,0.05091283991932869,0.6795736789703369,0.38347620368003843,0.19015050828456878,0.34465192556381224,0.1093087688088417,0.024486156180500984,0.6685973588377236
34,0.7991458415985108,0.3939629554748535,0.2396904408931732,0.4934008061885834,0.13511671721935273,0.05243071466684342,0.7103511333465576,0.38675020933151244,0.1977331042289734,0.3860507130622864,0.11496497094631195,0.026005885004997252,0.7247546732425689
35,0.7826021790504456,0.3996983110904694,0.23994719684123994,0.46220146417617797,0.12825020998716355,0.050083038955926897,0.6723181128501892,0.3800446927547455,0.19775561690330506,0.3243724226951599,0.11435138732194901,0.024473994597792627,0.6609534215182067
36,0.7583911776542663,0.3867120504379272,0.23917202055454254,0.43342198729515075,0.13057555258274078,0.051010110229253766,0.6814884543418884,0.3910917162895203,0.19699040949344634,0.32317492365837097,0.11238774955272675,0.025706643983721734,0.6582597266882658
37,0.8034439563751221,0.3949589133262634,0.2371721088886261,0.5037027895450592,0.13196740448474883,0.04974349960684776,0.6564630031585693,0.37187973260879514,0.18317705690860747,0.3189775884151459,0.10981727838516235,0.022101061046123506,0.6340729847550391
38,0.7427577972412109,0.36959332823753355,0.23108285367488862,0.4396806061267853,0.12877099812030793,0.04792182669043541,0.6149449586868286,0.3401605486869812,0.1989981174468994,0.2771283686161041,0.11925590634346009,0.023669084906578063,0.6190514773130417
39,0.7445092678070069,0.38935533761978147,0.2194149911403656,0.41634302139282225,0.12355308532714844,0.04346069619059563,0.5826795339584351,0.3504601836204529,0.18345726430416107,0.2091612309217453,0.11069431602954864,0.025485771894454955,0.52879858314991
40,0.7516695618629455,0.3864637494087219,0.23007079660892488,0.42166378498077395,0.12937179952859879,0.04479144215583801,0.6316115140914917,0.3607761383056641,0.19823971688747405,0.2657051652669907,0.12092467844486236,0.0206547811627388,0.6055243417620658
41,0.7443462491035462,0.3800564169883728,0.22380550503730773,0.42180333733558656,0.1285835713148117,0.04308512806892395,0.635163176059723,0.35600353479385377,0.19108904600143434,0.2960084080696106,0.11370420604944229,0.022241058945655822,0.6230427190661431
42,0.7385880827903748,0.37658690810203554,0.22669220566749573,0.41860105395317077,0.12702646404504775,0.04340025559067726,0.6781766891479493,0.36129945516586304,0.21026265621185303,0.35794289112091066,0.1180878832936287,0.02503359578549862,0.7113270264118909
43,0.7359315633773804,0.3760449826717377,0.22726080417633057,0.41033258438110354,0.1282215818762779,0.04405723139643669,0.6408984303474426,0.3450074434280396,0.18955300152301788,0.33618475794792174,0.11039098352193832,0.019279956817626953,0.6554086998105049
44,0.706247079372406,0.377522611618042,0.21483637094497682,0.3613140344619751,0.12222556471824646,0.04240970462560654,0.5931294679641723,0.32397926449775694,0.18973548412323,0.27637481689453125,0.11295022368431092,0.019963755458593368,0.5990242801606656
45,0.7209395885467529,0.380371630191803,0.21515138447284698,0.3859124183654785,0.12202358990907669,0.03934379145503044,0.6357184171676635,0.3543768048286438,0.18682062923908233,0.3027732133865356,0.11225357800722122,0.01810152195394039,0.6199489425867796
46,0.7239800572395325,0.37636789083480837,0.22959747910499573,0.3771298944950104,0.13157263696193694,0.040460335463285445,0.6190380334854126,0.3486163139343262,0.18491047322750093,0.2817000985145569,0.11067800968885422,0.021338631957769395,0.5986272133886815
47,0.7095587015151977,0.3661633312702179,0.21435985267162322,0.3872388482093811,0.12277771681547164,0.04046245291829109,0.6782583832740784,0.3725778579711914,0.20266209840774535,0.33681878447532654,0.11704570353031159,0.02021375149488449,0.676740337908268
48,0.7151943564414978,0.3717449545860291,0.21581582725048065,0.3846802592277527,0.12330407649278641,0.04088820889592171,0.617853581905365,0.3415839195251465,0.18628577291965484,0.2893595933914185,0.11190968006849289,0.020891983062028885,0.6084470294415951
49,0.6871379494667054,0.36358621120452883,0.20956354439258576,0.35313960313797,0.11946541965007781,0.03955463990569115,0.6111693978309631,0.3236037135124207,0.18784085810184478,0.31373019218444825,0.1120700255036354,0.015752743184566497,0.629393818974495
50,0.6860887408256531,0.36232640147209166,0.2088721513748169,0.3529936671257019,0.11994359940290451,0.03730071634054184,0.6103538513183594,0.34001930356025695,0.17849498391151428,0.2869714438915253,0.1074598714709282,0.01920582093298435,0.5921321202069522
51,0.6729908347129822,0.3615528106689453,0.2052381306886673,0.32726040482521057,0.12041136622428894,0.036692533642053604,0.6112080097198487,0.3419265985488892,0.18915096521377564,0.2678852200508118,0.11516391038894654,0.01789756529033184,0.5900976609438658
52,0.694887638092041,0.36003645062446593,0.21334617733955383,0.3632777512073517,0.12426558434963227,0.03786381408572197,0.5947667837142945,0.34912770986557007,0.1733292818069458,0.24310322403907775,0.10537604391574859,0.015974598377943038,0.5377831481397152
53,0.6692037463188172,0.36048259735107424,0.20508950352668762,0.3236869156360626,0.11876857280731201,0.03563626036047936,0.6212322592735291,0.3132718622684479,0.1969790816307068,0.3431809663772583,0.11445156335830689,0.018893691152334212,0.6735053025186062
54,0.6860557079315186,0.35991588830947874,0.21726059019565583,0.34628480672836304,0.12390194982290267,0.0340661495923996,0.6178042411804199,0.32810487747192385,0.19748178124427795,0.3093135952949524,0.1137252002954483,0.01576701756566763,0.6362875944003463
55,0.6736830830574035,0.36050079464912416,0.20985278189182283,0.32547529339790343,0.12110803872346879,0.0349781658500433,0.5867343425750733,0.3130748927593231,0.18555928766727448,0.2810467004776001,0.11120270639657974,0.019272078573703767,0.5970807731151581
56,0.6725390195846558,0.35093045234680176,0.21230513453483582,0.3280363857746124,0.12633522748947143,0.03834710493683815,0.5876625061035157,0.3222154378890991,0.19306371510028839,0.2487821877002716,0.11912473887205124,0.016325287520885468,0.5772959291934967
57,0.6489098310470581,0.34400086402893065,0.20539189279079437,0.3116078019142151,0.11966529488563538,0.03334390670061112,0.5789909124374389,0.3162869572639465,0.1857255816459656,0.2614364504814148,0.11047534942626953,0.01580593939870596,0.573443320952356
58,0.6610840559005737,0.3543694317340851,0.21558335423469543,0.3105519413948059,0.12077414393424987,0.032851706445217135,0.5986815810203552,0.3297356367111206,0.19437059462070466,0.2651892304420471,0.11462646722793579,0.0132817342877388,0.5874680265784263
59,0.6557621359825134,0.35194809436798097,0.20108075439929962,0.31654618978500365,0.11598754078149795,0.03188542611896992,0.5647699475288391,0.31401942372322084,0.17845848500728606,0.24229509830474855,0.10873574614524842,0.013758990168571471,0.5432483196258545
60,0.6676973819732666,0.34700663685798644,0.21217010021209717,0.32818153500556946,0.12443827688694001,0.034843632578849794,0.5825854659080505,0.32576202750205996,0.19254639744758606,0.2370134174823761,0.11549790501594544,0.014639053121209144,0.5596967730671167
61,0.6490613102912903,0.3556914210319519,0.20771566033363342,0.2814597308635712,0.12221255898475647,0.029957929626107216,0.5988925695419312,0.3192212462425232,0.19701518416404723,0.27672221064567565,0.11674363911151886,0.017153313010931016,0.6076343469321728
62,0.6511053919792176,0.3462285816669464,0.20891655683517457,0.3012026250362396,0.12268464416265487,0.031384913623332976,0.6513388276100158,0.33351359367370603,0.18291034698486328,0.3771155595779419,0.10668507516384125,0.014378706738352776,0.6810896884649992
63,0.6611368417739868,0.3482178270816803,0.2079222470521927,0.3192045569419861,0.12095563262701034,0.032285554334521294,0.622421669960022,0.33527020215988157,0.192874076962471,0.2863335371017456,0.12057941257953644,0.013152260705828667,0.6129392873495817
64,0.6425052762031556,0.3496981978416443,0.19723501205444335,0.2896187901496887,0.11752579212188721,0.028843261674046515,0.5397304654121399,0.30681060552597045,0.1806035578250885,0.19300737082958222,0.11408773511648178,0.012476275488734246,0.5001749392598868
65,0.6390403151512146,0.32721280455589297,0.20361259281635286,0.31413190364837645,0.12204734832048417,0.03166029192507267,0.5374191284179688,0.3041056752204895,0.1798807144165039,0.19739576280117035,0.1114306852221489,0.013899126648902893,0.5026062890887261
66,0.6468798518180847,0.3495840013027191,0.19506683349609374,0.2948327362537384,0.11830057352781295,0.029738954082131386,0.5853867888450622,0.31619830131530763,0.1761303037405014,0.26706288754940033,0.11251205205917358,0.013837829604744912,0.5695430729538202
67,0.645389723777771,0.33467994928359984,0.20011013746261597,0.315279483795166,0.12071645706892013,0.029235830157995225,0.5260223507881164,0.2894599914550781,0.1705188751220703,0.20514021515846254,0.10968739241361618,0.017116984724998473,0.5024634674191475
68,0.6139953970909119,0.3282041966915131,0.19551908373832702,0.26812915205955506,0.11922366321086883,0.02955300435423851,0.5906460285186768,0.31355583667755127,0.17114166617393495,0.29665171504020693,0.10576899498701095,0.013032769970595836,0.5865951461717487
69,0.6426732778549195,0.33066763877868655,0.1945018947124481,0.32371670603752134,0.11739504784345627,0.029266797378659247,0.5952788472175599,0.30611422657966614,0.17701556384563447,0.30335474014282227,0.11211404949426651,0.016352638974785803,0.608836992457509
70,0.6358555436134339,0.34679271578788756,0.19232091605663298,0.27677791714668276,0.11788495182991028,0.028789127990603448,0.5344959974288941,0.2869374930858612,0.17225783467292785,0.22078412473201753,0.11293231695890427,0.014050390385091305,0.5200246667489409
71,0.6220241904258728,0.3386387169361115,0.18569951355457306,0.2726797640323639,0.11437637954950333,0.029052876681089402,0.5647711038589478,0.292295777797699,0.18528336584568023,0.2608038306236267,0.11673347800970077,0.01263610329478979,0.5754567777737976
72,0.61885986328125,0.32049057483673093,0.19210476875305177,0.2956972360610962,0.11680753082036972,0.028812963142991067,0.577999722957611,0.316386079788208,0.18206447660923003,0.24036115407943726,0.11598316878080368,0.012859784439206124,0.5512685839086771
73,0.6130295634269715,0.3261720299720764,0.1892918735742569,0.27441978752613067,0.11587712168693542,0.0285875353962183,0.5165781378746033,0.28336666226387025,0.16397519409656525,0.2037953794002533,0.10592599362134933,0.016290384531021117,0.489986951649189
74,0.60172358751297,0.3320844411849976,0.18132408261299132,0.25235179960727694,0.11099526137113572,0.02668326161801815,0.5175503671169281,0.3075690984725952,0.15272179245948792,0.17460411489009858,0.099955253303051,0.012479580007493496,0.439760740660131
75,0.6115464806556702,0.3347649037837982,0.18531249463558197,0.25912213027477266,0.11366569697856903,0.027108609676361084,0.6146431565284729,0.31302028298377993,0.18695950806140899,0.3212176918983459,0.11464580744504929,0.011381943337619304,0.6342049507424234
76,0.6132694244384765,0.32529547810554504,0.1932058095932007,0.27269047796726226,0.11676325798034667,0.02703154757618904,0.5847386002540589,0.30742979049682617,0.1808653563261032,0.27299498319625853,0.11454086899757385,0.011898470669984817,0.5802996791899204
77,0.6056283831596374,0.3161731004714966,0.1894952565431595,0.2784185290336609,0.11627156883478165,0.02511744201183319,0.5260792315006256,0.2743674159049988,0.19504732191562651,0.1993608295917511,0.12314668148756028,0.013208860531449318,0.5307636935263872
78,0.6311261415481567,0.33592221736907957,0.18814257383346558,0.29018643498420715,0.11466086208820343,0.02756343372166157,0.5597006559371949,0.3030481219291687,0.17306371331214904,0.24071178436279297,0.11022356301546096,0.01194793712347746,0.5359469978138804
79,0.6083073854446411,0.317760968208313,0.19025546312332153,0.27716303467750547,0.11617127507925033,0.026832105219364168,0.5892525792121888,0.31984729766845704,0.18851672112941742,0.24060140252113343,0.12125175446271896,0.011166755110025406,0.5615366332232952
80,0.5984734296798706,0.3111629068851471,0.19272194802761078,0.2660514205694199,0.11788722574710846,0.026541894674301146,0.5594895839691162,0.3058443307876587,0.1658802330493927,0.24259636402130128,0.10709617584943772,0.010690550506114959,0.5262633234262467
81,0.5995581984519959,0.3205216765403748,0.18210228979587556,0.2625755101442337,0.11328181326389312,0.02468308322131634,0.5582845568656921,0.30987290740013124,0.1619991570711136,0.24267591834068297,0.10274812877178192,0.009285351634025574,0.5167085558176041
82,0.5993210434913635,0.33094760179519656,0.1814855992794037,0.24388469755649567,0.11219712048768997,0.02382252998650074,0.5198449075222016,0.3075022339820862,0.1638646602630615,0.16306587904691697,0.10588979572057725,0.00952921323478222,0.44234954826533796
83,0.6220644593238831,0.3272452116012573,0.18768334686756133,0.2900333344936371,0.11405654102563859,0.024758917093276978,0.5354737877845764,0.29512227773666383,0.16563359498977662,0.21430240869522094,0.10792430639266967,0.009309291280806065,0.4971696013584733
84,0.6082972407341003,0.33008127212524413,0.18305387794971467,0.2626641899347305,0.1125038206577301,0.022630539909005164,0.5765572190284729,0.3116213083267212,0.17155981063842773,0.26015143394470214,0.1083350270986557,0.009817320667207242,0.5498635923489927
85,0.593262505531311,0.3141378879547119,0.18603161573410035,0.2555381298065186,0.11512697488069534,0.025019072368741034,0.5006201028823852,0.275568300485611,0.1596841335296631,0.19755485653877258,0.10113747715950012,0.009554298967123032,0.4679307661950588
86,0.6111723899841308,0.3259385943412781,0.1940136045217514,0.2546722024679184,0.12064446210861206,0.024450968205928802,0.5535940170288086,0.29869399666786195,0.1733690083026886,0.2372281789779663,0.10898685604333877,0.009868991002440453,0.5294530343264341
87,0.5819892525672913,0.3073547661304474,0.18898789286613465,0.24245152175426482,0.11619635969400406,0.025098878890275955,0.5504237651824951,0.2847238600254059,0.16914606392383574,0.25889434218406676,0.108430677652359,0.011497066542506217,0.5479681503027678
88,0.6169118762016297,0.3222635090351105,0.19210556149482727,0.27512862980365754,0.11907506734132767,0.025302103906869888,0.5190796613693237,0.2953859567642212,0.16605737805366516,0.17284989058971406,0.10994503647089005,0.010808341018855572,0.45966064613312485
89,0.5836985349655152,0.31765220165252683,0.17613999247550965,0.24145868122577668,0.11008199900388718,0.023440610989928244,0.551194167137146,0.29210602641105654,0.167512446641922,0.24860771894454955,0.10727843493223191,0.010285814665257931,0.5336844151839614
90,0.5966715931892395,0.3140513479709625,0.18217566311359407,0.2674340546131134,0.11266469210386276,0.02328961603343487,0.5561293840408326,0.2836722731590271,0.18114373385906218,0.25161290168762207,0.11486742943525315,0.014657650142908096,0.5622817151248455
91,0.5938969254493713,0.30829423666000366,0.1849855214357376,0.26874054968357086,0.11411508619785309,0.023733631148934363,0.5545202612876892,0.2830184042453766,0.16702860593795776,0.2708765983581543,0.10907590687274933,0.008376475051045417,0.5553575862199068
92,0.5805954217910767,0.30873948335647583,0.1814408004283905,0.24396009743213654,0.11401851326227189,0.02163708135485649,0.5130859792232514,0.2995024561882019,0.16220209300518035,0.1581416755914688,0.10650447010993958,0.011248677968978882,0.4380969166755676
93,0.6005797028541565,0.3041120946407318,0.19118844270706176,0.2775449275970459,0.11896755993366241,0.0241135835647583,0.5112539172172547,0.2794674277305603,0.1527122974395752,0.21205509901046754,0.09955104887485504,0.009809042513370513,0.4741274878382683
94,0.5872165441513062,0.31826184391975404,0.18031854629516603,0.23569006025791167,0.11363784372806549,0.024093831330537795,0.5279320001602172,0.2704219460487366,0.17290894091129302,0.23586633205413818,0.11026348918676376,0.009866493195295334,0.5289052553474903
95,0.5750085711479187,0.3155080258846283,0.1791577160358429,0.21958001852035522,0.11223829537630081,0.023884530737996103,0.5069600820541382,0.2699574887752533,0.15544410347938536,0.21844692826271056,0.10093463808298112,0.009387427754700185,0.4842130975797772
96,0.5805479884147644,0.3107545912265778,0.1810190349817276,0.24149630069732667,0.11265432834625244,0.020648404955863953,0.5451271891593933,0.30649312138557433,0.17049019634723664,0.19464336335659027,0.11184328645467759,0.009837023913860321,0.48681387007236476
97,0.5954452753067017,0.3201138019561768,0.18251866102218628,0.24507194459438325,0.11459795087575912,0.023282112926244734,0.5307969927787781,0.2882662355899811,0.15927874445915222,0.2212889164686203,0.10354921668767929,0.010324106924235821,0.4944409845396876
98,0.5778702855110168,0.30070719718933103,0.17906381487846373,0.25717507004737855,0.11147272437810898,0.021560882031917573,0.5572701334953308,0.2895382881164551,0.16889515221118928,0.2583470940589905,0.10805029273033143,0.01136084459722042,0.5466533835977316
99,0.6085642814636231,0.31361748576164244,0.18880259096622468,0.27492755055427553,0.1169707641005516,0.024950172752141953,0.488789838552475,0.27351731061935425,0.15676592588424682,0.16644882559776306,0.10370294898748397,0.010130845010280609,0.43704854547977445
100,0.5993949770927429,0.3133707344532013,0.18240987956523896,0.2655536562204361,0.11467314213514328,0.022425563260912895,0.569650661945343,0.31847018003463745,0.16104986369609833,0.23396821916103364,0.1035963773727417,0.012885016947984695,0.5114994771778584
101,0.6028832077980042,0.31609695553779604,0.18600094616413115,0.2595038414001465,0.11658867448568344,0.024533047899603845,0.48747859001159666,0.2738905906677246,0.15795302987098694,0.15890920758247376,0.10546784400939942,0.009471353888511658,0.4318014353513718
102,0.5689184784889221,0.3073794960975647,0.17727274894714357,0.21967332065105438,0.11344252526760101,0.022274151816964148,0.5474256992340087,0.3179859220981598,0.1450742483139038,0.21789400577545165,0.09389174431562423,0.008809340745210647,0.4656693391501904
103,0.5913963913917542,0.3127381205558777,0.18306840658187867,0.25096999704837797,0.11370913237333298,0.02236012928187847,0.5154305696487427,0.2808900475502014,0.15940206050872802,0.19644936323165893,0.10625937134027481,0.010857631824910641,0.47296842690557234
104,0.5888430953025818,0.30982484817504885,0.1789172500371933,0.25688664317131044,0.11178050637245178,0.02176665924489498,0.5019327282905579,0.2796528160572052,0.16091097593307496,0.17268607020378113,0.1054859533905983,0.010697598196566105,0.4497805977240205
105,0.5638937711715698,0.3054711401462555,0.17638085782527924,0.21761771738529206,0.11092135608196259,0.021824880316853524,0.5627757906913757,0.27314809560775755,0.18416608273983,0.27182234525680543,0.11895969063043595,0.011501336842775345,0.5864494554698467
106,0.5931784033775329,0.30821608304977416,0.18147014677524567,0.2667199820280075,0.11187400817871093,0.021749135851860047,0.5521337270736695,0.3265412449836731,0.14969667196273803,0.20367264449596406,0.09592394977807998,0.00806083418428898,0.45735410042107105
107,0.5842877745628356,0.3025187075138092,0.18441193103790282,0.2573494702577591,0.11294205337762833,0.021108345687389375,0.573258376121521,0.29024510979652407,0.172077414393425,0.28314110040664675,0.10825624912977219,0.01113603301346302,0.574610796943307
108,0.5955959677696228,0.31380221247673035,0.18225257992744445,0.2552067577838898,0.11341315656900405,0.02250458039343357,0.5084385871887207,0.27859948873519896,0.15360239744186402,0.2069501757621765,0.09772250801324844,0.007515807449817657,0.46579088866710666
109,0.5568788766860961,0.30525176525115966,0.17318195402622222,0.20863960385322572,0.10895287990570068,0.0200783584266901,0.5102418303489685,0.27862703800201416,0.1675887942314148,0.1772952377796173,0.11125122457742691,0.008630355447530746,0.4647656120359898
110,0.5724051594734192,0.29983710050582885,0.18089271783828736,0.2349963217973709,0.1145388588309288,0.021367446333169938,0.5157317101955414,0.2835197389125824,0.15164811313152313,0.20405474305152893,0.10012112706899642,0.010083010047674179,0.46590699329972274
111,0.5528277039527894,0.304925000667572,0.16870710551738738,0.20164730548858642,0.10773160457611083,0.022515448182821272,0.5585883736610413,0.27359613180160525,0.1705470472574234,0.2816966146230698,0.11057257503271103,0.010350566729903221,0.5731668036431073
112,0.5621718764305115,0.3078611969947815,0.17545756697654724,0.2158277601003647,0.10723672062158585,0.01936640590429306,0.5650821685791015,0.3161324679851532,0.1730894148349762,0.2152142584323883,0.1076839655637741,0.00915919579565525,0.5051468346267939
113,0.5725642085075379,0.30335543155670164,0.1790173590183258,0.23672958016395568,0.10905216038227081,0.02289680428802967,0.5412596940994263,0.27256089448928833,0.1784573793411255,0.24253938794136048,0.11180095374584198,0.01075918711721897,0.5435569081455469
114,0.5552033185958862,0.2945099949836731,0.18177946507930756,0.22065843939781188,0.10878259688615799,0.020994462817907334,0.47653762102127073,0.25980108976364136,0.15656538009643556,0.16986699104309083,0.10017074644565582,0.009719236008822917,0.4363223535940051
115,0.581266212463379,0.31049720048904417,0.17821125984191893,0.2437455654144287,0.10813629925251007,0.020036979392170907,0.4829307675361633,0.2528753221035004,0.16300620436668395,0.1845245748758316,0.10588372200727462,0.007581724785268307,0.46099622603505847
116,0.5912025928497314,0.309952312707901,0.17409802675247193,0.2687660813331604,0.10736488103866577,0.0184186365455389,0.522075891494751,0.30322669744491576,0.15389865636825562,0.17375606298446655,0.10086841732263566,0.008648794703185558,0.4371719313785434
117,0.5620454311370849,0.3043204128742218,0.17910483181476594,0.20754158198833467,0.11292515993118286,0.019192336499691008,0.534411883354187,0.30075517296791077,0.1634323000907898,0.18902499079704285,0.10635464340448379,0.008214404620230199,0.46702633891254663
118,0.5465604662895203,0.29754878282547,0.17300410866737365,0.1984369695186615,0.11026557087898255,0.017811790853738785,0.5482028484344482,0.2785171151161194,0.16710995733737946,0.2528085470199585,0.10979768931865692,0.00781062301248312,0.537526816688478
119,0.5435462355613708,0.29152572751045225,0.16882313489913942,0.20723920464515685,0.10838174521923065,0.01976843997836113,0.48517727851867676,0.28255118131637574,0.15003262162208558,0.14021673202514648,0.10184988379478455,0.007773992791771889,0.39987323023378846
120,0.553665030002594,0.2925122737884521,0.17088237404823303,0.2245766669511795,0.10828654915094375,0.019638122618198396,0.5170531392097473,0.27237138748168943,0.16334185898303985,0.20928118228912354,0.10648504793643951,0.008309192955493927,0.48741728216409685
121,0.5585771918296814,0.2920539379119873,0.17171483039855956,0.23619561791419982,0.10767178386449813,0.019174838066101076,0.5103466868400574,0.270451682806015,0.16188246607780457,0.19811384677886962,0.10712024867534638,0.008672321401536464,0.47578888293355703
122,0.552803909778595,0.29837983250617983,0.17157389223575592,0.2063322812318802,0.11035641431808471,0.019006988033652306,0.5124191582202912,0.2647989630699158,0.16101627051830292,0.2179080903530121,0.10522211045026779,0.00795613257214427,0.49210260389372706
123,0.5657770037651062,0.2990117907524109,0.1727062791585922,0.23212834298610688,0.10908306241035462,0.019507336616516113,0.5229666113853455,0.28123568296432494,0.160402375459671,0.20274875164031983,0.10557480603456497,0.010374988988041877,0.47910092212259775
124,0.5540584921836853,0.29447196125984193,0.17061839401721954,0.21767204105854035,0.1087842807173729,0.020462379977107047,0.5281489968299866,0.2823501765727997,0.15437571406364442,0.22165400981903077,0.1016092523932457,0.009297308325767518,0.4869362846016884
125,0.5481741070747376,0.2908116698265076,0.16747407019138336,0.21764440536499025,0.10673867017030716,0.0208003256469965,0.5043166995048523,0.26059802770614626,0.16815925836563111,0.19619656205177308,0.11019269824028015,0.007795613259077072,0.48234413191676145
126,0.5497108936309815,0.29277687072753905,0.171290722489357,0.2112596720457077,0.10949472337961197,0.018871017545461655,0.5194760084152221,0.2938946604728699,0.15480270981788635,0.17946650683879853,0.10253675282001495,0.008107235096395016,0.4449132045730948
127,0.5464209914207458,0.29140121936798097,0.16876594126224517,0.20923439264297486,0.10832506865262985,0.01985517852008343,0.521151089668274,0.2815990447998047,0.15652868747711182,0.20599255561828614,0.10339222997426986,0.0066896572709083555,0.47260313034057616
128,0.547465980052948,0.29729148745536804,0.1705684632062912,0.19764535427093505,0.10910317003726959,0.018999020010232924,0.5226363420486451,0.28411126136779785,0.16220539212226867,0.1915069580078125,0.10716297924518585,0.008930379897356034,0.46980570927262305
129,0.5348749995231629,0.29379311203956604,0.16084319055080415,0.19531297385692598,0.10263238698244095,0.01933969520032406,0.48448652029037476,0.2792276978492737,0.14817500710487366,0.1467803329229355,0.09956935346126557,0.007254866044968366,0.4017795595340431
130,0.540889322757721,0.2887804388999939,0.1659119427204132,0.20925995707511902,0.1061066746711731,0.01803879961371422,0.5171727061271667,0.2731106549501419,0.1653583288192749,0.1945216953754425,0.10992385894060135,0.009264946356415749,0.4790688294917345
131,0.5606530189514161,0.30533007979393006,0.1695162296295166,0.20723754465579985,0.10908686071634292,0.018614709749817847,0.528459620475769,0.2778903603553772,0.1695358693599701,0.20064198970794678,0.11082983613014222,0.012209267541766166,0.49321696273982524
132,0.5481790542602539,0.2927297592163086,0.17017610371112823,0.21056448817253112,0.10786046385765076,0.01722347252070904,0.5238060355186462,0.28477340936660767,0.15650129616260527,0.20429539680480957,0.10215178579092025,0.00749175762757659,0.4704402363859117
133,0.5506919860839844,0.30123400688171387,0.16363534927368165,0.20982407331466674,0.10350119024515152,0.016799004375934602,0.519685709476471,0.28399489521980287,0.15209124386310577,0.20690879821777344,0.0981583222746849,0.007471764460206032,0.46463012881577015
134,0.5506052851676941,0.29156848788261414,0.17312584519386293,0.2086177796125412,0.11037264615297318,0.019113928824663163,0.4985131025314331,0.2940040647983551,0.13988712430000305,0.16617239713668824,0.09015569388866425,0.006299629993736744,0.40251484531909226
135,0.5294116258621215,0.28473780751228334,0.170548740029335,0.1910405218601227,0.10592862814664841,0.017377638071775437,0.4869433581829071,0.25828579664230344,0.16782506108283995,0.16758366227149962,0.10779488384723664,0.00617252653464675,0.4493761337362229
136,0.5580674529075622,0.2965421140193939,0.1751939743757248,0.21533636450767518,0.10905004292726517,0.018135039135813713,0.4793208122253418,0.2616044282913208,0.155302232503891,0.1618847519159317,0.10123375058174133,0.007717152591794729,0.4261378875933588
137,0.5517234206199646,0.2944194734096527,0.17125669121742249,0.21012949347496032,0.10813076347112656,0.017830318957567214,0.5112646579742431,0.2605895698070526,0.17382110953330993,0.19437491297721862,0.11342770755290985,0.008679354935884476,0.49030308499932285
138,0.5613989949226379,0.29189843535423277,0.17680011689662933,0.22557131052017212,0.11105165481567383,0.018131263181567193,0.4892408549785614,0.2837740361690521,0.1512724220752716,0.1435018390417099,0.09822347164154052,0.008358028531074525,0.40135576128959655
139,0.5556291341781616,0.2918653726577759,0.17240777015686035,0.21761422157287597,0.10966280996799468,0.01869365945458412,0.5095743656158447,0.27131643891334534,0.15676131546497346,0.19697385430335998,0.10306868106126785,0.00803522691130638,0.46483907774090766
140,0.5488469362258911,0.2975679516792297,0.16645860373973848,0.20411787331104278,0.10521886795759201,0.018089782819151877,0.5198459327220917,0.2892223417758942,0.1551303744316101,0.18418246507644653,0.10197285413742066,0.007964159827679396,0.4492498534731567
141,0.5353978395462036,0.284045946598053,0.16810840964317322,0.1995688259601593,0.1076014369726181,0.016822227463126182,0.4793753206729889,0.2736443281173706,0.14437084794044494,0.14949299097061158,0.09680611789226531,0.007287966832518577,0.3979579236358404
142,0.5341533422470093,0.29029913544654845,0.15758087038993834,0.20295237004756927,0.10004040151834488,0.017545774951577185,0.4835765242576599,0.2683963060379028,0.149063640832901,0.1590179055929184,0.09911188781261444,0.009617647528648377,0.4168110817670822
143,0.5389323830604553,0.28809354901313783,0.16794686913490295,0.1969166874885559,0.1072378158569336,0.01823612190783024,0.5085114717483521,0.2699321866035461,0.1644721210002899,0.17851152122020722,0.11077782958745956,0.006532840803265572,0.4602943126112223
144,0.5325389862060547,0.293850177526474,0.15979070961475372,0.1847496211528778,0.10343163460493088,0.01673518680036068,0.5065736413002014,0.2804360747337341,0.15188034474849701,0.17897650599479675,0.09986905306577683,0.007948174979537726,0.43867407878860826
145,0.5523280382156373,0.29073888063430786,0.16827724277973174,0.21659047901630402,0.10764277875423431,0.018101710081100463,0.4654823660850525,0.266979718208313,0.14500005841255187,0.12897477746009828,0.09870924204587936,0.007537027727812529,0.38022110564634204
146,0.520035570859909,0.285501104593277,0.1612727999687195,0.1723894238471985,0.10460239052772521,0.016837216913700104,0.46943857669830324,0.26732043623924256,0.13772546648979186,0.15139679312705995,0.09307291209697724,0.006369856093078852,0.3885650278069078
147,0.539858615398407,0.28608579039573667,0.16661967635154723,0.20353506207466127,0.10717832148075104,0.01617467850446701,0.49447064399719237,0.27509340047836306,0.1496720314025879,0.16580468267202378,0.10033953338861465,0.006265344005078078,0.4220815914683044
148,0.5348045468330384,0.2857464075088501,0.16732786297798158,0.19087222814559937,0.10839840918779373,0.016153693571686743,0.5061042487621308,0.28090696334838866,0.1532628655433655,0.1733544200658798,0.10133062154054642,0.006330228131264448,0.43427813528105613
149,0.5276632905006409,0.2767256677150726,0.16464220881462097,0.20154451727867126,0.10511771291494369,0.016500227712094785,0.48774495124816897,0.2626196950674057,0.1447246789932251,0.18287088871002197,0.09757982939481735,0.007528086006641388,0.4327034831047058
150,0.5164237558841706,0.28262741565704347,0.16440084278583528,0.1614912509918213,0.1074508011341095,0.01721947230398655,0.44167145490646365,0.2527150422334671,0.14470527470111846,0.10535241812467575,0.10066863000392914,0.006105801835656166,0.35683212466537956
151,0.5349134922027587,0.28138036131858823,0.16644346415996553,0.19946762323379516,0.10784638077020645,0.016506969928741455,0.5095878720283509,0.2660165697336197,0.1649321883916855,0.1826507866382599,0.11091623902320862,0.007945087552070618,0.46644430160522465
152,0.5098666191101074,0.2797661006450653,0.15525029003620147,0.1714734196662903,0.10066950470209121,0.016594474390149116,0.44781509041786194,0.25064379870891573,0.1471891701221466,0.11849365234375,0.09996132254600525,0.008807958476245404,0.3744521034881472
153,0.5204989552497864,0.2812580823898315,0.15840568244457245,0.184014692902565,0.10215675681829453,0.017445337399840354,0.49276821613311766,0.2672366499900818,0.16035811901092528,0.15318262577056885,0.10762385576963425,0.009028415195643902,0.43019301574677227
154,0.5326523661613465,0.28789708614349363,0.16010023951530455,0.19183247089385985,0.1031716838479042,0.017368367686867715,0.4721833884716034,0.2672472298145294,0.1492981880903244,0.1324564665555954,0.10052300542593003,0.007394054532051086,0.38967171460390093
155,0.5305241227149964,0.28803822994232176,0.16678283512592315,0.1745364934206009,0.10796596556901931,0.016949304565787315,0.4750449419021606,0.24672635793685913,0.14726388454437256,0.18118529319763182,0.09941082000732422,0.008152467012405396,0.436012464761734
156,0.5311795592308044,0.28167741894721987,0.1663963496685028,0.18694568872451783,0.10796031951904297,0.0182644996792078,0.49983160495758056,0.27368736267089844,0.14972095489501952,0.17589898109436036,0.09906321167945861,0.00819361312314868,0.4328767607919872
157,0.5347052812576294,0.2857587933540344,0.1614679664373398,0.19851325154304506,0.10271603614091873,0.01789623200893402,0.48126586675643923,0.2620970457792282,0.1553758203983307,0.1505873829126358,0.10294488668441773,0.008678437769412994,0.4175865277647972
158,0.5142435908317566,0.2831878662109375,0.16012027561664582,0.15993928909301758,0.10461448729038239,0.017046191543340684,0.46886672377586364,0.25688262581825255,0.15749689638614656,0.1279410183429718,0.10702887624502182,0.007315904833376408,0.39978269580751663
159,0.5300832509994506,0.2919501006603241,0.15945473909378052,0.17638539671897888,0.10418224930763245,0.015456469170749188,0.4714887857437134,0.2774434149265289,0.13792460262775422,0.12902263402938843,0.09307714402675629,0.007123775687068701,0.36714815637096765
160,0.5185485661029816,0.28520074486732483,0.15896072685718537,0.1706327885389328,0.10200356543064118,0.01575457416474819,0.4730285942554474,0.2546504497528076,0.15574690997600554,0.14518343210220336,0.1052640974521637,0.006286188494414091,0.4124806280247867
161,0.531776225566864,0.28672524690628054,0.1625601679086685,0.18532298505306244,0.10517419576644897,0.015914031490683555,0.47050272226333617,0.2645335614681244,0.15187661051750184,0.12515718787908553,0.10305027961730957,0.007324211113154888,0.38740828912705183
162,0.5309825301170349,0.2823176980018616,0.16386682093143462,0.19073760509490967,0.10501440167427063,0.016923988237977028,0.4475203216075897,0.251224148273468,0.14228123426437378,0.12460024654865265,0.09628924578428269,0.0062649458646774295,0.3694356724619865
163,0.5223529756069183,0.28223742842674254,0.15934434831142424,0.17945204079151153,0.10382153391838074,0.015216576121747493,0.4804415464401245,0.26529359817504883,0.14182883501052856,0.16422769725322722,0.09467856287956238,0.007356782536953687,0.4080918776802719
164,0.5277197480201721,0.2794627666473389,0.15730518102645874,0.20061447322368622,0.10116233378648758,0.016180669516325,0.45874693989753723,0.2502477288246155,0.14649862349033355,0.13893296718597412,0.09945555478334427,0.007077059894800186,0.3919642053544521
165,0.5378328323364258,0.2856149017810822,0.16358889043331146,0.19654376804828644,0.10494877099990844,0.017018038034439086,0.4581023931503296,0.24450830221176148,0.149465149641037,0.14338778257369994,0.10173147171735764,0.006352224014699459,0.4009366279467941
166,0.5164619207382202,0.2789838969707489,0.1613840252161026,0.1700379282236099,0.10485178679227829,0.014845324493944646,0.4870619773864746,0.25317070484161375,0.15465931296348573,0.17537091970443724,0.10439369529485702,0.006603906583040953,0.44102783454582095
167,0.5241346538066864,0.2802280247211456,0.15915435254573823,0.18462016582489013,0.10394487082958222,0.015567011386156081,0.4888109028339386,0.27347012758255007,0.15353031158447267,0.13758436143398284,0.10468943566083908,0.00679961908608675,0.40260372776538134
168,0.5064067423343659,0.27572118639945986,0.1577252447605133,0.15812844932079315,0.10344623923301696,0.01685666497796774,0.49077801704406737,0.2722622036933899,0.145202374458313,0.159929096698761,0.09806085526943206,0.007798809185624122,0.4109911356121302
169,0.5280513882637023,0.2809150218963623,0.16111636459827422,0.18576503098011016,0.1048717126250267,0.017078233137726783,0.4987340450286865,0.2575011134147644,0.15520260334014893,0.18574809432029724,0.10487537384033203,0.008279270492494106,0.4541053419932723
170,0.5035248041152954,0.271874675154686,0.1605265259742737,0.152595916390419,0.10559909641742707,0.017637604847550392,0.4819550156593323,0.27921673059463503,0.14226123094558715,0.13219363689422609,0.0971040740609169,0.006521543860435486,0.3780804857611656
171,0.49928869009017945,0.2695294260978699,0.15568049550056456,0.15945954918861388,0.10219969004392623,0.015795505419373513,0.4839553236961365,0.26232197880744934,0.1591261386871338,0.13605471551418305,0.10832599997520446,0.008928257506340742,0.41243511168286207
172,0.5175243198871613,0.27400264143943787,0.15422210097312927,0.18882060647010804,0.10096854269504547,0.016707054153084756,0.5028721511363983,0.2707254886627197,0.1505342274904251,0.17692964673042297,0.10134121775627136,0.007005535811185837,0.4358106277883053
173,0.5296899676322937,0.28018568754196166,0.16204726099967956,0.18927933275699615,0.1051356092095375,0.015355498343706132,0.4933240652084351,0.26406325697898864,0.15281140208244323,0.16724937856197358,0.10136403739452363,0.009235013090074063,0.43065983112901446
174,0.5266988039016723,0.2860755205154419,0.1573179543018341,0.17807783782482148,0.10175839960575103,0.017531953006982803,0.48548861742019656,0.2533429503440857,0.1408829629421234,0.19366761445999145,0.09489480704069138,0.007293201982975006,0.43673858642578123
175,0.5086257815361023,0.26329201459884644,0.15545251667499543,0.18913504481315613,0.10146427601575851,0.01699137091636658,0.4996084809303284,0.2829622507095337,0.15337541997432708,0.1371021717786789,0.10423804223537445,0.007192061841487884,0.4019076958298683
176,0.4849677741527557,0.2575449049472809,0.15348386764526367,0.15826556980609893,0.09957571774721145,0.016389263793826103,0.490102082490921,0.26955227851867675,0.1547379434108734,0.13995776176452637,0.10640558153390885,0.006629112549126149,0.40773039925843474
177,0.514340215921402,0.2696046769618988,0.16307803988456726,0.17354178726673125,0.10594675242900849,0.01744132600724697,0.5030020713806153,0.2605683922767639,0.15660718977451324,0.1804891884326935,0.10674316734075547,0.007733449153602123,0.4515729947015643
178,0.5076124966144562,0.2761162340641022,0.1572825700044632,0.15554753839969634,0.10381541252136231,0.01582525260746479,0.4843213438987732,0.2543158054351807,0.14735384285449982,0.1765708029270172,0.09900931268930435,0.006734729185700417,0.4296686876565218
179,0.5204307615756989,0.27594141364097596,0.16075425446033478,0.17841436862945556,0.10473957657814026,0.014760106056928634,0.4743838310241699,0.24448413252830506,0.1585326611995697,0.15222737193107605,0.1080457791686058,0.006348401866853237,0.4251542141661048
180,0.5033510327339172,0.277940434217453,0.15799988508224488,0.14081978797912598,0.10462729185819626,0.01542687714099884,0.4782769441604614,0.24818768501281738,0.1580331563949585,0.1545368731021881,0.1068266361951828,0.006650488264858723,0.4260471539571881
181,0.5175505638122558,0.2738446474075317,0.16151442229747773,0.1731931358575821,0.10559079349040985,0.015334777347743512,0.49886488914489746,0.2581891119480133,0.1515653908252716,0.18943093419075013,0.10098590105772018,0.007648837100714445,0.4496310631744564
182,0.51574147939682,0.2719279408454895,0.15953322052955626,0.17643243819475174,0.10341331362724304,0.01726286020129919,0.4854154109954834,0.2494010806083679,0.15573884546756744,0.16786816120147705,0.10489459484815597,0.009337899088859559,0.4378395006060601
183,0.4994895875453949,0.26966884136199953,0.15646909475326537,0.15360157340765,0.10166679918766022,0.016804774478077888,0.5043277978897095,0.25583054423332213,0.15753833055496216,0.19385648369789124,0.10515995621681214,0.006329612247645855,0.46288438271731136
184,0.49948753118515016,0.2673956662416458,0.15708046555519103,0.15788086056709288,0.10252174884080886,0.014550962299108506,0.46963822841644287,0.23723653852939605,0.15990688502788544,0.15480935275554658,0.10732192695140838,0.007081594876945018,0.4291197596117855
185,0.49095250964164733,0.2728384852409363,0.15008602142333985,0.13972862660884858,0.09929186701774598,0.014617962762713432,0.4410703480243683,0.24020681381225586,0.14524301290512084,0.11665031313896179,0.0990809217095375,0.00630503399297595,0.36727928174659613
186,0.5075206816196441,0.2692783951759338,0.15398865640163423,0.17716481983661653,0.09898501634597778,0.015424043685197831,0.47101421356201173,0.26109613180160524,0.14738384485244752,0.13480923175811768,0.09835936427116394,0.006068028882145882,0.386620469763875
187,0.5006964385509491,0.26385109424591063,0.15763067305088044,0.167973992228508,0.10109391212463378,0.015098041109740733,0.4874056279659271,0.2582849651575089,0.15363069772720336,0.1580979645252228,0.10407705754041671,0.005802436359226703,0.4216081561520696
188,0.5166535377502441,0.28015425205230715,0.1561457097530365,0.16876555383205413,0.10078475177288056,0.014597330987453461,0.4551204562187195,0.2572315812110901,0.13844383955001832,0.12167988717556,0.09444489926099778,0.0071257524192333225,0.3616943784058094
189,0.5000063717365265,0.27577760219573977,0.1553882986307144,0.14146272242069244,0.10231962651014329,0.014250390604138375,0.4331321597099304,0.24659518003463746,0.13349545001983643,0.11044074296951294,0.09099026024341583,0.004960769042372704,0.3398872222751379
190,0.5209292650222779,0.289252781867981,0.15744655430316926,0.1527234748005867,0.10308302193880081,0.01471889615058899,0.4442936837673187,0.23936118483543395,0.14190872609615326,0.12968274354934692,0.09669611901044846,0.005902034789323806,0.37418962344527246
191,0.5024440228939057,0.2735676348209381,0.15756821036338806,0.14807704091072083,0.10250621885061265,0.014376702345907688,0.45805667638778685,0.24834497570991515,0.15124087929725646,0.12980082631111145,0.09837171882390976,0.006218052469193935,0.38563147690147165
192,0.5090360164642334,0.27656303644180297,0.1631689578294754,0.1472349911928177,0.10385326892137528,0.01601914707571268,0.5044938564300537,0.2479407548904419,0.16631773114204407,0.1931549996137619,0.10802916884422302,0.008093871269375085,0.47559577086940413
193,0.5146811485290528,0.27076061964035036,0.1607422113418579,0.1717368632555008,0.10303792506456375,0.016958580538630485,0.5075068235397339,0.26039459705352785,0.15206425487995148,0.1981031835079193,0.10095150917768478,0.006173146050423383,0.457292093615979
194,0.5114912688732147,0.2754797101020813,0.15997245907783508,0.1565934509038925,0.10392412394285203,0.014477475360035897,0.4948261857032776,0.2526622086763382,0.16020346581935882,0.17254246175289153,0.10611933320760727,0.00630831066519022,0.4451735714450479
195,0.4933526039123535,0.27327258586883546,0.15095997750759124,0.14001510590314864,0.09864463657140732,0.014544065669178962,0.48457350730896,0.257214879989624,0.1521395266056061,0.15274088680744172,0.10354655832052231,0.005881642084568739,0.4143086138181389
196,0.4998309910297394,0.2671778738498688,0.15381516218185426,0.15678201317787172,0.10172951519489289,0.014621870405972005,0.45287525057792666,0.2575009226799011,0.14421673119068146,0.10071728080511093,0.09973632246255874,0.005759288556873798,0.35042962301522496
197,0.5087416529655456,0.2704239130020142,0.1568009674549103,0.16251482367515563,0.10302014499902726,0.015411006845533847,0.44439696669578554,0.22651782631874084,0.14693219363689422,0.1383005902171135,0.10178810358047485,0.007044590264558792,0.3940654776990414
198,0.49553391337394714,0.27031107544898986,0.1534330129623413,0.14245276302099227,0.10100226402282715,0.014849166013300419,0.47202051877975465,0.24133805334568023,0.1547377198934555,0.1556560218334198,0.10381309241056443,0.006168532744050026,0.42037536688148974
199,0.5107847332954407,0.27235038578510284,0.160296231508255,0.15551870465278625,0.10548710972070693,0.014678923226892949,0.48986201286315917,0.248833167552948,0.151576167345047,0.18173882663249968,0.10196886509656906,0.0058901838958263395,0.4411740429699421
200,0.5057218730449676,0.2802615225315094,0.15039789080619811,0.1485510677099228,0.09899969100952148,0.014131512306630612,0.4633821666240692,0.23624461889266968,0.15796883702278136,0.13771414756774902,0.10773177742958069,0.0063161316327750685,0.4097308936528861
201,0.49191831350326537,0.25963860750198364,0.15392087101936341,0.1543743059039116,0.10190590173006057,0.01402074210345745,0.4508867979049683,0.2431387186050415,0.14139321744441985,0.13054555058479309,0.09712334424257278,0.005867953225970268,0.374930065497756
202,0.48460636734962464,0.26070370376110075,0.15593518912792206,0.1333128660917282,0.10338852405548096,0.014154315367341042,0.4594167470932007,0.25469642877578735,0.140546315908432,0.12674065232276915,0.09598973840475082,0.006392669677734375,0.36966937631368635
203,0.5041870653629303,0.2701430022716522,0.15214630961418152,0.16387107372283935,0.09936898946762085,0.014191306754946708,0.48195072412490847,0.23337482511997223,0.16298643946647645,0.1719031661748886,0.11081117838621139,0.00583437541499734,0.4515351594425738
204,0.4910552680492401,0.262932562828064,0.15562008321285248,0.1443854570388794,0.10235157757997512,0.013784769736230374,0.48769248127937315,0.2715038418769836,0.14204871356487275,0.14575668275356293,0.09716065227985382,0.007070053368806839,0.3920361019670964
205,0.49826924204826356,0.2643528401851654,0.15152780413627626,0.16358973383903502,0.09935977905988694,0.014606790989637375,0.467786979675293,0.2445141166448593,0.1440938949584961,0.15894711911678314,0.09768120348453521,0.005779867433011532,0.4065020849928259
206,0.4965547680854797,0.2622341185808182,0.15372828543186187,0.1593091979622841,0.10151076465845107,0.014073600620031356,0.43793283104896547,0.2445783495903015,0.13713456988334655,0.10911355018615723,0.0949136659502983,0.00548731405287981,0.3466491000726819
207,0.5013574242591858,0.26618754863739014,0.15525941848754882,0.15723468959331513,0.10270972549915314,0.01452995538711548,0.4520259082317352,0.26303160190582275,0.1355311930179596,0.10432945787906647,0.09377301633358001,0.004794386588037014,0.33842805381864305
208,0.49268274903297427,0.26636592149734495,0.15444990396499633,0.1423429071903229,0.1020054429769516,0.013609928078949451,0.4767682671546936,0.2491644263267517,0.1460741341114044,0.16312072277069092,0.09971505552530288,0.005012357234954834,0.4139222696423531
209,0.5100775003433228,0.27025011777877805,0.1562922090291977,0.16604866981506347,0.10293755680322647,0.013955642841756344,0.5257204651832581,0.2650469124317169,0.15309239327907562,0.2206154704093933,0.10144571512937546,0.0059847461991012095,0.4811383250169456
210,0.5109164655208588,0.27158898711204527,0.1551821917295456,0.16778147518634795,0.10155632495880126,0.014651554450392724,0.465482759475708,0.2705885350704193,0.13853270411491395,0.10926908850669861,0.09582421481609345,0.005751282721757889,0.3493772901594639
211,0.5017671644687652,0.2749813854694366,0.15073916912078858,0.15017870366573333,0.09868134707212448,0.015586609952151775,0.45283542275428773,0.24468867480754852,0.15081825256347656,0.1096155285835266,0.10544290691614151,0.00530121149495244,0.3711778995580971
212,0.4977068483829498,0.27209522724151614,0.154589381814003,0.1389704942703247,0.10251081585884095,0.014477473124861718,0.4540951013565063,0.2379017412662506,0.13787534236907958,0.15350722372531891,0.09467882066965103,0.006796643882989883,0.39285803064703945
213,0.4881215274333954,0.2644670158624649,0.15198216140270232,0.13940774500370026,0.10134848952293396,0.014014994353055954,0.48008554577827456,0.2615881562232971,0.1466967284679413,0.14333715438842773,0.100180222094059,0.005279123317450285,0.39549322826787825
214,0.5033199489116669,0.2715398550033569,0.1542738050222397,0.15407736152410506,0.10171898305416108,0.013480539619922637,0.484859025478363,0.24937321841716767,0.15722144842147828,0.15787508487701415,0.10675158947706223,0.005260449647903442,0.42710857242345807
215,0.4997398674488068,0.2524217665195465,0.15792669355869293,0.17915851175785064,0.10299559980630875,0.01473045013844967,0.454553484916687,0.23632969260215758,0.14846743941307067,0.13792621493339538,0.10221867114305497,0.00500358659774065,0.3936159120872616
216,0.5005930244922638,0.26859096586704256,0.15112794935703278,0.159404656291008,0.1000054731965065,0.013911740481853485,0.4410802125930786,0.24047788083553315,0.14803271293640136,0.10107575654983521,0.10251964032649993,0.006269992887973785,0.3578981027007103
217,0.4960911750793457,0.2595292031764984,0.14916556179523469,0.1748126119375229,0.0973866418004036,0.014038687944412232,0.45026946663856504,0.24763885736465455,0.13924641013145447,0.1245486557483673,0.09579278379678727,0.005579163879156112,0.3651670135557652
218,0.4931198537349701,0.26941509246826173,0.14933461844921112,0.14699708819389343,0.09841299653053284,0.013985666818916798,0.4863795042037964,0.26269633769989015,0.1442011773586273,0.16061230301856994,0.0976967379450798,0.004839894734323025,0.40735011305660007
219,0.48322665095329287,0.25992250740528106,0.1511722981929779,0.14311493635177613,0.09950434863567352,0.013781255669891834,0.44369168281555177,0.24618183970451354,0.14178901314735412,0.10741207525134086,0.09849463999271393,0.005544944107532502,0.3532406724989414
220,0.4846052289009094,0.2640333265066147,0.15409081280231476,0.13021754920482637,0.1024538442492485,0.013564045913517475,0.44312103986740115,0.2540245145559311,0.13495580852031708,0.10326249897480011,0.09434295147657394,0.005271173547953367,0.3378324325196445
221,0.488630473613739,0.2587222963571548,0.15021843314170838,0.15710099637508393,0.0994337484240532,0.013716813176870346,0.44355430603027346,0.24148590564727784,0.13794996440410615,0.12671023607254028,0.09465654492378235,0.005343496939167381,0.3646602423395961
222,0.4907830536365509,0.2620655119419098,0.14665643572807313,0.16130351275205612,0.09720486998558045,0.013727985695004464,0.4545875608921051,0.2551520824432373,0.14067831933498381,0.11301260888576507,0.0976782739162445,0.006094813719391823,0.3574640158563852
223,0.46903932094573975,0.2644720673561096,0.1449727237224579,0.11565730571746827,0.09700820744037628,0.01247715186327696,0.4428524076938629,0.24254385828971864,0.13997579365968704,0.11862424314022064,0.09654470980167389,0.004917950369417667,0.36006269697099924
224,0.46660435795783994,0.259213861823082,0.14841186106204987,0.11428388208150864,0.09946526736021041,0.012519457563757896,0.4773135483264923,0.2626251757144928,0.14335848093032838,0.14152011573314666,0.09844838827848434,0.004944735579192639,0.388271720521152
225,0.48498849868774413,0.27125445008277893,0.14717575907707214,0.1301666110754013,0.0980144515633583,0.012967106886208057,0.4227230191230774,0.2537646174430847,0.12934548258781434,0.07324588596820832,0.09107378870248795,0.00491601163521409,0.2985811688937247
226,0.4658633768558502,0.2476687729358673,0.1488271176815033,0.13618460595607756,0.09876803457736968,0.01337228324264288,0.43224404454231263,0.2467936873435974,0.12989409565925597,0.10938826501369477,0.08938377499580383,0.0048084061592817305,0.3334745418280363
227,0.5061694204807281,0.2680443048477173,0.15430308282375335,0.16670523285865785,0.10175571590662003,0.01345169059932232,0.45194277763366697,0.24094075560569764,0.1454691469669342,0.13051771521568298,0.09897190779447555,0.006260953657329082,0.3812197236344218
228,0.49284863471984863,0.2689506471157074,0.14944847524166108,0.14702691435813903,0.09814877808094025,0.01480243019759655,0.4697167694568634,0.23333611488342285,0.15451618432998657,0.16458894908428193,0.10494877994060517,0.0055651234462857245,0.42961903680115937
229,0.4935992419719696,0.25859337747097016,0.15383733212947845,0.16078793108463288,0.10117467343807221,0.014572051353752613,0.4644099950790405,0.2429414987564087,0.15102878510951995,0.13888515084981917,0.10361455529928207,0.006205476261675358,0.39973396752029655
230,0.4844719707965851,0.2694413363933563,0.14929797649383544,0.12674174457788467,0.09977102130651475,0.014198707044124603,0.46938519477844237,0.2486608773469925,0.15157108306884765,0.13629154860973358,0.10444368124008178,0.005327016487717629,0.39763332940638063
231,0.47744247913360593,0.25760875940322875,0.1422032117843628,0.1522436559200287,0.09404368847608566,0.014014455489814281,0.45281426310539247,0.24528951048851014,0.14942961037158967,0.11130214184522629,0.10333239883184434,0.007424844335764647,0.3714889953844249
232,0.4766379177570343,0.25390214920043946,0.15133579969406127,0.14057119488716124,0.10003267675638199,0.01403349284082651,0.4298543393611908,0.22974358201026918,0.13848040699958802,0.11768366694450379,0.0960508793592453,0.007347794994711876,0.35956274829804896
233,0.4844891130924225,0.26009370684623717,0.14446695148944855,0.15840075612068177,0.09513905942440033,0.013431761041283607,0.49036396741867067,0.2732064604759216,0.14219489991664885,0.14603676795959472,0.09775192588567734,0.007457446958869696,0.39344104072079056
234,0.49228420853614807,0.27793189883232117,0.14380847811698913,0.13978497684001923,0.09512560665607453,0.012383360788226128,0.43674023151397706,0.2471437931060791,0.1307847172021866,0.11595184504985809,0.08994338810443878,0.004883414227515459,0.34156336458399894
235,0.4759352207183838,0.2634718120098114,0.1432103306055069,0.1365430697798729,0.0948369860649109,0.012783553265035153,0.4642128527164459,0.2600805163383484,0.1324198842048645,0.14298519492149353,0.09062690287828445,0.0045737380161881445,0.37060572002083064
236,0.48361902236938475,0.25699534118175504,0.14922234714031218,0.15296255946159362,0.09907415062189102,0.012603068351745605,0.43505083322525023,0.24223817586898805,0.13692035675048828,0.10724076032638549,0.0951907366514206,0.005850900243967771,0.34520275397226213
237,0.4722543001174927,0.24868162870407104,0.14960109889507295,0.14495989382267,0.09949357062578201,0.013437670096755028,0.42295950651168823,0.24057795405387877,0.13148876279592514,0.09771030396223068,0.09186154454946518,0.004436416737735272,0.32549702804535624
238,0.4699829339981079,0.2567316174507141,0.14872041940689087,0.12442844659090042,0.10007062703371047,0.012700649350881577,0.4582657337188721,0.2549595832824707,0.1344503402709961,0.13627413809299468,0.09244675487279892,0.004774445854127407,0.3679456790909171
239,0.4742211639881134,0.2590909481048584,0.1449773758649826,0.13891131579875945,0.09593734741210938,0.01248800903558731,0.43234366178512573,0.23842939138412475,0.1386987864971161,0.10656479448080063,0.09604756087064743,0.005949354078620672,0.34726049592718483
240,0.4878857135772705,0.2725073158740997,0.15117934644222258,0.12618629038333892,0.10007010251283646,0.01372267697006464,0.4959095001220703,0.24353217482566833,0.15817193686962128,0.191840523481369,0.10653451085090637,0.004941948130726815,0.4614889193326235
241,0.4907359182834625,0.2608387768268585,0.1572167992591858,0.14554732143878937,0.10317212492227554,0.013572630658745765,0.42228586673736573,0.22651325762271882,0.13730904459953308,0.11193813383579254,0.09519664347171783,0.0068283392116427425,0.3512721611186862
242,0.4837989091873169,0.25682832598686217,0.15037753880023957,0.15109177380800248,0.09908683001995086,0.014449199102818966,0.46350985765457153,0.26906160116195676,0.13901903331279755,0.10999820828437805,0.09503341615200042,0.005420036613941193,0.3494706943631172
243,0.4668743371963501,0.2564501941204071,0.14487628340721131,0.1269253134727478,0.09644034504890442,0.014116508886218071,0.42833788990974425,0.2326611638069153,0.14074715673923494,0.10844573676586151,0.09627866595983506,0.005902067851275205,0.3513736273162067
244,0.4581133723258972,0.2477820634841919,0.14523310363292694,0.12676701098680496,0.09631749391555786,0.014120770245790481,0.4339143216609955,0.23857004642486573,0.13521998822689058,0.11887051165103912,0.09265702217817307,0.005371992103755474,0.35211951415985826
245,0.4769727110862732,0.2610279142856598,0.1455826610326767,0.1361218810081482,0.09670252352952957,0.015013051591813565,0.4492506802082062,0.2307845175266266,0.14990358352661132,0.13846832811832427,0.10141161382198334,0.005698594637215138,0.395482120104134
246,0.47229135036468506,0.25380200445652007,0.14870933592319488,0.13653914630413055,0.09901280105113983,0.013188353180885315,0.4474454879760742,0.2334694266319275,0.14904468655586242,0.12789793610572814,0.102268186211586,0.00609100041911006,0.3853018092922866
247,0.4667273163795471,0.25853443443775176,0.1439383625984192,0.1276925176382065,0.0947517767548561,0.012826639786362648,0.42396857738494875,0.23577705025672913,0.1410039931535721,0.09079874604940415,0.09774487763643265,0.005492158979177475,0.33503977581858635
248,0.4736903429031372,0.26045686900615694,0.14939606785774232,0.12542623281478882,0.09886828958988189,0.013666507229208947,0.45959787368774413,0.25862869024276736,0.13781287670135497,0.12644268870353698,0.09387428909540177,0.005059358105063439,0.3631892126053571
249,0.472301584482193,0.25978177785873413,0.14857710897922516,0.1251528725028038,0.09895622730255127,0.012828006036579609,0.45561387538909914,0.24271628260612488,0.13771359324455262,0.15191293358802796,0.09289259910583496,0.005468913540244103,0.3879880394786597
250,0.4699183821678162,0.2514874219894409,0.14663115739822388,0.14136905074119568,0.09717159420251846,0.013170972466468811,0.4443957209587097,0.2433580368757248,0.13646984994411468,0.12757071256637573,0.09379505813121795,0.005032651126384735,0.3628682717680931
251,0.46680572628974915,0.256471312046051,0.14332084357738495,0.1310346856713295,0.09573486596345901,0.012171883508563042,0.45420957207679746,0.2392598271369934,0.15111134052276612,0.12449012696743011,0.10435926020145417,0.006024023797363043,0.3859847514890134
252,0.46115305423736574,0.24842298924922943,0.14753170311450958,0.12494938373565674,0.09885528534650803,0.01428114715963602,0.4522509932518005,0.24554600715637206,0.14187740981578828,0.12690713703632356,0.09816114157438278,0.005054164677858353,0.37199985310435296
253,0.4782248556613922,0.2629502505064011,0.14205701053142547,0.14163183569908142,0.0949855700135231,0.013711979612708092,0.44167370200157163,0.24496473073959352,0.13430697619915008,0.12205657064914703,0.09270561784505844,0.005365935154259205,0.35443509984761473
254,0.4724672198295593,0.2564340144395828,0.15212123095989227,0.12338662743568421,0.10210630595684052,0.013194434717297554,0.4547751545906067,0.25980018377304076,0.13780157566070556,0.11299780011177063,0.0944596603512764,0.005351897235959769,0.35061093335971233
255,0.47021815180778503,0.2616575598716736,0.14573814272880553,0.12334152311086655,0.09666068106889725,0.013015391491353511,0.4560023546218872,0.24568585753440858,0.14759007692337037,0.11959313154220581,0.10371937602758408,0.005047019012272358,0.3759496035054326
256,0.4661038160324097,0.26017158627510073,0.14161721765995025,0.12592924237251282,0.09445004165172577,0.012064819224178791,0.4457611083984375,0.2544801950454712,0.13486135601997376,0.10704233646392822,0.0945707231760025,0.005461233481764793,0.3419356491416693
257,0.4599893093109131,0.25461743772029877,0.14452045857906343,0.11879684925079345,0.09596727788448334,0.013300070725381374,0.44442279934883117,0.24386848211288453,0.14661987125873566,0.10505091845989227,0.10163822174072265,0.004809399321675301,0.35811841078102585
258,0.47592839002609255,0.2669480562210083,0.1410747855901718,0.13118844628334045,0.09481447041034699,0.012498395517468452,0.437539154291153,0.2426121175289154,0.12669566422700881,0.1342143326997757,0.08737601190805436,0.004870277270674706,0.35315628610551353
259,0.46806561946868896,0.25074021220207215,0.14377640783786774,0.14444276988506316,0.09528709203004837,0.013368017040193081,0.43405053615570066,0.23849896788597108,0.1375307708978653,0.11205648183822632,0.0949443981051445,0.006639359053224325,0.35117100989446043
260,0.48035539984703063,0.25937259793281553,0.14790213704109192,0.14116102904081346,0.09896460473537445,0.014134064875543117,0.43970102071762085,0.22239635288715362,0.13855916261672974,0.15460408926010133,0.09585486650466919,0.005160055216401815,0.3941781735979021
261,0.45839319825172425,0.2519984096288681,0.14644868075847625,0.1172368660569191,0.09758687913417816,0.012509742006659507,0.4238167226314545,0.25182870030403137,0.1313245490193367,0.07667278796434403,0.09173574894666672,0.005037017539143563,0.30477010346949096
262,0.4769352674484253,0.25337374210357666,0.1526465117931366,0.14048162698745728,0.10118746757507324,0.012678582966327668,0.4232580602169037,0.23762261271476745,0.137645161151886,0.09233830273151397,0.09571967273950577,0.004906156472861767,0.3306092930957675
263,0.46170600652694704,0.25141954720020293,0.1451592892408371,0.126798777282238,0.09739439487457276,0.011889772489666939,0.4408669412136078,0.25271637439727784,0.1344916433095932,0.10270485132932664,0.09346753358840942,0.005966219492256642,0.3366302477195859
264,0.46548431515693667,0.2437029719352722,0.1487787425518036,0.1436004728078842,0.09886927008628846,0.012956438027322293,0.3960260272026062,0.2197615385055542,0.12627004981040954,0.0971317633986473,0.08762611597776412,0.004382973723113537,0.3154109029099345
265,0.45163367986679076,0.25229828953742983,0.14313626289367676,0.10875442028045654,0.09542976021766662,0.01317509189248085,0.4389846920967102,0.2420605629682541,0.13801550269126892,0.1156391441822052,0.09532447457313538,0.004750857874751091,0.3537299793213606
266,0.4642901599407196,0.2557631582021713,0.14627678394317628,0.12146722972393036,0.09818161875009537,0.011457469873130321,0.43280136585235596,0.23552223443984985,0.13663196861743926,0.11804133951663971,0.09494100511074066,0.004655720945447683,0.3542700341902673
267,0.4587681770324707,0.25494649112224577,0.14389268755912782,0.1157962515950203,0.09625566899776458,0.013000147603452205,0.447870671749115,0.2584892809391022,0.14370472431182862,0.08578896820545197,0.10081664770841599,0.005117684602737427,0.335428024828434
268,0.46200628876686095,0.24929787814617158,0.14654957354068757,0.12927018404006957,0.09800928384065628,0.012198329530656337,0.422435063123703,0.2287472665309906,0.13352791368961334,0.11550441384315491,0.09377317428588867,0.004208074789494276,0.3470135766081512
269,0.46472529172897337,0.2608594179153442,0.14342790246009826,0.11727313697338104,0.09600587636232376,0.012390103377401828,0.4449700891971588,0.2363691210746765,0.14292471408843993,0.12937464714050292,0.09866684824228286,0.004738725908100605,0.3757049353793263
270,0.45609983801841736,0.2476177304983139,0.1461747705936432,0.12129755169153214,0.097626431286335,0.012708936259150505,0.43184996843338014,0.24257458448410035,0.14163849353790284,0.09056665152311325,0.09871449172496796,0.0055719871073961254,0.33649162389338017
271,0.44702895283699035,0.24886176884174346,0.13888000547885895,0.11482462435960769,0.09293517917394638,0.012311376072466374,0.4332178354263306,0.2329950898885727,0.1420007288455963,0.11505506634712219,0.0972019761800766,0.005786044150590896,0.360043815523386
272,0.4642848789691925,0.2605891525745392,0.1432328999042511,0.11743108332157134,0.09540783315896988,0.013204943761229515,0.4515798270702362,0.262698096036911,0.13629531264305114,0.0993837594985962,0.09577419459819794,0.005054115038365126,0.33650738177821043
273,0.4752648115158081,0.2540407806634903,0.14322514235973358,0.15272064805030822,0.09544079005718231,0.01291074212640524,0.43338866233825685,0.2300902634859085,0.13731475472450255,0.13073171079158782,0.09391651004552841,0.005643161293119192,0.367606136854738
274,0.46644446849822996,0.2525823384523392,0.14474919438362122,0.13430440574884414,0.09663694500923156,0.01329643651843071,0.4207179367542267,0.22700231075286864,0.13833960890769958,0.10751839876174926,0.09564098566770554,0.005627107061445713,0.3471261003986001
275,0.4607603669166565,0.2505806475877762,0.14313333332538605,0.13042878359556198,0.09554479718208313,0.012961061485111714,0.42694730758666993,0.24546257257461548,0.13505191206932068,0.08719239234924317,0.09496626108884812,0.00481342040002346,0.3220239859074355
276,0.45854965448379514,0.25301678478717804,0.14109936654567717,0.12368862330913544,0.09546094834804535,0.011795576848089694,0.42456941604614257,0.24665021300315856,0.13403120934963225,0.08158086240291595,0.09451446682214737,0.004809846542775631,0.3149363851174712
277,0.4560982286930084,0.2535311937332153,0.14375236630439758,0.11191502511501313,0.0972768634557724,0.012413915060460568,0.4487511456012726,0.24173666834831237,0.14570474326610566,0.1197363942861557,0.10138635486364364,0.004096992267295718,0.3709244846832008
278,0.4588020920753479,0.25040464401245116,0.14564583003520964,0.12115033119916915,0.09800437539815902,0.0122483029961586,0.43585211634635923,0.24073854684829712,0.13895975947380065,0.10857689082622528,0.09680127203464509,0.004671828541904688,0.34900975087657565
279,0.45415827035903933,0.24880066215991975,0.14466885328292847,0.11621344834566116,0.09757953584194183,0.012541399896144867,0.4339803159236908,0.23193436861038208,0.14316239655017854,0.11290740370750427,0.10027526319026947,0.0047365671023726465,0.3610816305503249
280,0.4619833827018738,0.2515155881643295,0.14056707322597503,0.13568235039711,0.09464417845010757,0.011624608375132083,0.4434869647026062,0.2330903172492981,0.14416877031326295,0.12919185161590577,0.09940617382526398,0.006287794467061758,0.37905459022149446
281,0.45470725893974306,0.24507921636104585,0.14269095659255981,0.13151615262031555,0.09514696896076202,0.011831407994031906,0.4469898879528046,0.2550368010997772,0.13916604667901994,0.09990347474813462,0.09777959287166596,0.0049438802525401115,0.3417929945513606
282,0.44741920828819276,0.25713385045528414,0.13632594645023347,0.10372001677751541,0.09140666574239731,0.01224179957062006,0.4095227599143982,0.22610292136669158,0.13455390334129333,0.09422691762447358,0.09354190826416016,0.004796548932790756,0.3271192781627178
283,0.4554612100124359,0.24939315617084504,0.14319469928741455,0.12153444439172745,0.09608341306447983,0.012517999857664108,0.4370018541812897,0.23792661726474762,0.149012491106987,0.09538759589195252,0.10386615246534348,0.005623062886297703,0.3538893023505807
284,0.45295125246047974,0.24720460474491118,0.14163652658462525,0.12293701022863388,0.09509134739637375,0.01339169666171074,0.40459381341934203,0.22514564394950867,0.1342412620782852,0.08449969738721848,0.09443005621433258,0.004991841129958629,0.31816285680979495
285,0.445669561624527,0.250519797205925,0.14290374219417573,0.10171408951282501,0.09572845697402954,0.011386272124946117,0.4337334394454956,0.22493108212947846,0.14064138233661652,0.1332363247871399,0.0974934846162796,0.004996551480144262,0.3763677432201803
286,0.4431092798709869,0.24179908335208894,0.1426322877407074,0.11374133229255676,0.09601616859436035,0.011267358250916005,0.44133216738700864,0.2502154618501663,0.1366685599088669,0.10288240164518356,0.09620780646800994,0.004934269469231367,0.34069303749129176
287,0.44446057081222534,0.25141687989234923,0.13864928483963013,0.10386479496955872,0.09364403188228607,0.011744949780404568,0.41985760927200316,0.22909297943115234,0.14300596714019775,0.09062349200248718,0.10010555386543274,0.004891107510775328,0.338626120518893
288,0.45689666271209717,0.24940012097358705,0.14236440658569335,0.12696732878684996,0.09546009749174118,0.01168692223727703,0.4455412566661835,0.24858103692531586,0.13526097536087037,0.12108899652957916,0.09361841082572937,0.0044379954691976305,0.3544063781853765
289,0.453565376996994,0.24527086019515992,0.14025322198867798,0.1311206489801407,0.09439020454883576,0.012536038644611835,0.4364823639392853,0.24929446578025818,0.13646402359008789,0.09719637632369996,0.09536920189857483,0.004562598932534456,0.33359220074489715
290,0.4619567632675171,0.253716316819191,0.1432327449321747,0.12679072022438048,0.09580233097076415,0.01214582696557045,0.4422188937664032,0.23654054403305053,0.146025213599205,0.1144525796175003,0.1019061639904976,0.005476691946387291,0.3678606491535901
291,0.4574073553085327,0.24855139553546907,0.1449649840593338,0.12311778664588928,0.09742888212203979,0.012757380679249763,0.42399574518203736,0.22998260855674743,0.1389259397983551,0.10613179206848145,0.09660473465919495,0.0053293989971280094,0.3469918655231595
292,0.45378814935684203,0.2561446726322174,0.1380179077386856,0.11607176661491395,0.09268641769886017,0.011031587608158588,0.41682649254798887,0.2418436050415039,0.1231550008058548,0.09787399470806121,0.08681832998991013,0.00456207524985075,0.3124094007536769
293,0.4488293766975403,0.24649371206760406,0.1440522253513336,0.11068049669265748,0.0976677730679512,0.01222395095974207,0.4205749869346619,0.24219520688056945,0.13824639618396758,0.0745134636759758,0.0975872442126274,0.004123795358464122,0.31447089943103496
294,0.44672597050666807,0.24979910850524903,0.13955881595611572,0.10997468531131745,0.09398605227470398,0.01217164620757103,0.4429246723651886,0.24796147644519806,0.14130466282367707,0.10370958745479583,0.09799830764532089,0.00543736107647419,0.348449919000268
295,0.45695666074752805,0.257552769780159,0.14211445450782775,0.11032056957483291,0.09567167460918427,0.01187516376376152,0.42355727553367617,0.2321724474430084,0.14037347137928008,0.09446141719818116,0.09937452226877212,0.005335167981684208,0.33954457882791755
296,0.4479429006576538,0.2448522448539734,0.14536223709583282,0.11091756224632263,0.09778151661157608,0.012483323737978936,0.404127824306488,0.2304562509059906,0.13915120661258698,0.06306002363562584,0.0983196809887886,0.004153079353272915,0.3046839905902743
297,0.4548501968383789,0.26307200491428373,0.14075362384319307,0.09610270261764527,0.09541587978601455,0.012169774994254113,0.42344560027122496,0.24131057262420655,0.1286935657262802,0.10404197871685028,0.08948363810777664,0.004044711031019688,0.3262638935819268
298,0.45085266828536985,0.2499315172433853,0.14259738624095916,0.1129047617316246,0.09613254368305206,0.011114020459353923,0.41610308885574343,0.23036541938781738,0.1329998180270195,0.10008659213781357,0.09373354762792588,0.004121708776801824,0.3309416665695608
299,0.4641761779785156,0.2627143979072571,0.1419657737016678,0.1149481326341629,0.09581146836280822,0.01117305476218462,0.4129448652267456,0.2252437949180603,0.14068403244018554,0.09059430360794067,0.09785474985837936,0.004687855020165443,0.33382094092667103
300,0.45142768025398256,0.24613975286483764,0.1432793289422989,0.12037282437086105,0.09628076404333115,0.01167390514165163,0.41517536640167235,0.23438554108142853,0.13172151297330856,0.09194712638854981,0.09237785339355468,0.005843855999410152,0.32189034875482325
301,0.45351640582084657,0.2525442063808441,0.1415262371301651,0.11348643004894257,0.0957824394106865,0.011977381072938442,0.42498055696487425,0.24201118052005768,0.13246649503707886,0.09571144133806228,0.09339470714330673,0.003958004340529442,0.32553064785897734
302,0.4402347803115845,0.24935393631458283,0.13663658052682875,0.10393306165933609,0.09221459031105042,0.011417493037879468,0.4240324258804321,0.24064314365386963,0.13615671396255494,0.08942812383174896,0.09530365318059922,0.005049120727926492,0.32593761170282964
303,0.4508142113685608,0.24624966382980346,0.14078829288482667,0.12423251420259476,0.0938075140118599,0.012808553688228131,0.4372636556625366,0.2436166524887085,0.12607235312461854,0.13473719358444214,0.08613981008529663,0.00463381102308631,0.3515831678174436
304,0.451819634437561,0.24750894904136658,0.14617105722427368,0.1118992656469345,0.09853335022926331,0.011952782236039638,0.42237424850463867,0.22553658485412598,0.1423843264579773,0.1067933827638626,0.09850356876850128,0.0044441897422075275,0.3521254677325487
305,0.4449902713298798,0.25043064951896665,0.13441830277442932,0.11564339250326157,0.09046536684036255,0.011894138902425766,0.4369215667247772,0.23137947916984558,0.14694152474403382,0.11513807475566865,0.10122487992048264,0.005331449676305056,0.3686359290964902
306,0.45292606949806213,0.25038485825061796,0.14240722358226776,0.11712523102760315,0.09556342661380768,0.011385999992489815,0.3969038128852844,0.22420255243778228,0.12432733774185181,0.09171373844146728,0.0873539462685585,0.00438451711088419,0.3077795395627617
307,0.44382029175758364,0.2528523564338684,0.1414324551820755,0.094566211104393,0.09562790393829346,0.011254367046058178,0.42006676197052,0.22482153475284578,0.14142501950263978,0.10500023812055588,0.09774139374494553,0.005152433738112449,0.34931908510625365
308,0.4422536551952362,0.2479458272457123,0.1370956778526306,0.10993350744247436,0.09200122356414794,0.01242229100316763,0.4183914303779602,0.24966611564159394,0.12867920398712157,0.07590527236461639,0.08988557010889053,0.004566697124391794,0.29903674358502025
309,0.44637436866760255,0.2568293511867523,0.13399479985237123,0.10872253030538559,0.08936811536550522,0.01123438011854887,0.4080508530139923,0.23157700896263123,0.12226495146751404,0.10640270113945008,0.08442908972501754,0.004327845713123679,0.3174245880451053
310,0.4329327166080475,0.24892476499080657,0.13504158556461335,0.0917532578110695,0.09186943769454955,0.011498809419572353,0.4252352178096771,0.244299054145813,0.1322948604822159,0.0942404329776764,0.09199495166540146,0.004265050729736685,0.3227952958550305
311,0.45159388780593873,0.25243366360664365,0.14360094964504241,0.1064969465136528,0.09700963795185089,0.01164366938173771,0.41536879539489746,0.21944600343704224,0.1391629159450531,0.10784709751605988,0.09785492867231368,0.0047908943146467205,0.3496558364480734
312,0.44108171463012696,0.24332183003425598,0.14291499555110931,0.10654855221509933,0.09579207152128219,0.011638062261044978,0.4054552733898163,0.22509591579437255,0.13512817919254302,0.08607726991176605,0.09471765011548997,0.004129272978752851,0.32005237219855187
313,0.43717519044876096,0.24155512750148772,0.14122003614902495,0.10677463859319687,0.09404732584953308,0.011638802103698253,0.43192580342292786,0.2472585678100586,0.1370305597782135,0.08929217979311943,0.09645712971687317,0.004909698572009802,0.3276895678602159
314,0.4465352535247803,0.2514564454555511,0.14487063586711885,0.09525413513183593,0.09810436964035034,0.011772354878485203,0.4000307559967041,0.22308562099933624,0.13275981843471527,0.08158169388771057,0.09416975677013398,0.0043131408747285604,0.31282440996728833
315,0.4391544759273529,0.244448658823967,0.14024247080087662,0.10344540625810623,0.09467438459396363,0.01247200034558773,0.3986121952533722,0.21953704059123993,0.13404125571250916,0.08403590917587281,0.09489579200744629,0.0038980212062597274,0.316870978102088
316,0.442478346824646,0.2513063907623291,0.14103988111019133,0.09513941556215286,0.0954372987151146,0.011705959960818291,0.4275754511356354,0.231452077627182,0.14720439314842224,0.09243107289075851,0.10357768684625626,0.0043376905377954245,0.3475508434232324
317,0.4361754596233368,0.2409702479839325,0.14241353571414947,0.10068182647228241,0.09605309963226319,0.01217427309602499,0.4179031491279602,0.23616506457328795,0.13718367218971253,0.08349544256925583,0.09618690460920334,0.005296682845801115,0.3221627022139728
318,0.43987005949020386,0.23786749541759492,0.14486708641052246,0.1105730265378952,0.09699128419160843,0.012529260478913784,0.4089623212814331,0.24996330142021178,0.12408506125211716,0.06376424431800842,0.08734841197729111,0.005085925757884979,0.28028364330530164
319,0.4248006820678711,0.23358385562896727,0.13970302045345306,0.09887841641902924,0.09365357160568237,0.012426268495619296,0.3828209340572357,0.21769218444824218,0.12389759719371796,0.07824103534221649,0.08684848397970199,0.003980941232293844,0.29296805774793033
320,0.4442012786865234,0.24483948647975923,0.14371545910835265,0.10830024927854538,0.09629281759262084,0.01160841453820467,0.4052282333374023,0.22915143966674806,0.13815167546272278,0.07451522201299668,0.09518724828958511,0.004372865101322532,0.3122270108666271
321,0.45589159727096557,0.2520426630973816,0.14268979132175447,0.11869741678237915,0.09565115571022034,0.012084253877401353,0.42465526461601255,0.22898127138614655,0.13724672496318818,0.11468979120254516,0.09495646804571152,0.004397221840918064,0.3512902060523629
322,0.44240130186080934,0.24315224587917328,0.14480877816677093,0.10521324723958969,0.09699990153312683,0.012399777956306934,0.4302824020385742,0.24253481030464172,0.13975550532341002,0.09376183450222016,0.09696904271841049,0.003941917326301336,0.334428299870342
323,0.44293010234832764,0.24453506469726563,0.1425527036190033,0.10976110398769379,0.09515144675970078,0.011194418743252754,0.4268162608146667,0.2492518663406372,0.12462569326162339,0.10410545468330383,0.08631003499031067,0.0036278301384299995,0.31866901307366785
324,0.4419883370399475,0.25183390378952025,0.13491711318492888,0.10616919994354249,0.09093234837055206,0.011324727721512318,0.41469407081604004,0.24449865221977235,0.13234204649925232,0.07137805670499801,0.0930207371711731,0.0035660170018672944,0.30030685737729074
325,0.43101370334625244,0.23732700645923616,0.14021699726581574,0.10180502235889435,0.09483446925878525,0.011769230291247369,0.4348039209842682,0.25258294939994813,0.13271757662296296,0.09572254717350007,0.09246257692575455,0.004163738153874874,0.3250664388760925
326,0.4346324622631073,0.2420388400554657,0.14167838394641877,0.09697721898555756,0.09582943171262741,0.011544127762317658,0.41377699971199033,0.21876802444458007,0.13472092151641846,0.11718001961708069,0.09396648555994033,0.004072377271950245,0.34993980396538976
327,0.44404479265213015,0.24412359595298766,0.1427096724510193,0.10964255332946778,0.09681148082017899,0.010951079428195953,0.39844265580177307,0.2297985166311264,0.1309969276189804,0.06901656910777092,0.09260886162519455,0.004455842170864343,0.29707820052281025
328,0.4271701455116272,0.24048922657966615,0.13425394594669343,0.09948781728744507,0.0910501390695572,0.011221383698284626,0.4049373209476471,0.2308155417442322,0.12707265913486482,0.09220142364501953,0.08793715238571168,0.003924238868057728,0.3111354740336537
329,0.4443300664424896,0.25271089673042296,0.13780589699745177,0.10254551023244858,0.09337433576583862,0.011260619200766087,0.3957988262176514,0.21573888659477233,0.1341449499130249,0.08567277789115905,0.09468670785427094,0.00458667641505599,0.3190911120735109
330,0.44000605344772337,0.24982965290546416,0.1377214252948761,0.09958429634571075,0.09357942640781403,0.010976782254874706,0.45341246128082274,0.2627304792404175,0.1426979809999466,0.0903323084115982,0.10051159709692001,0.00438969018869102,0.33793157669715584
331,0.43529294729232787,0.24427708685398103,0.14194211661815642,0.09269637688994407,0.09632873833179474,0.011512576229870319,0.415583074092865,0.22953370213508606,0.13757198452949523,0.09396202266216278,0.09587928205728531,0.0038349528796970843,0.3312482421286404
332,0.43995615243911745,0.25512416660785675,0.1360963463783264,0.0938475787639618,0.09158573895692826,0.010987087152898312,0.37179712653160096,0.21184639930725097,0.12360625863075256,0.06564498767256736,0.08793056160211563,0.004231587005779147,0.2814133949112147
333,0.431208199262619,0.2441674828529358,0.13646362721920013,0.09608599394559861,0.09252518564462661,0.011066887155175209,0.4335417628288269,0.24116085171699525,0.14348035752773286,0.09303129762411118,0.10023392587900162,0.005174521263688803,0.3419201022945344
334,0.44033443331718447,0.2526859700679779,0.13901254534721375,0.09180377721786499,0.09430743753910065,0.011470738053321838,0.4107961893081665,0.22485142350196838,0.1401540756225586,0.0852847933769226,0.09927919507026672,0.003953872993588447,0.32867193706333636
335,0.4375832319259644,0.2520014464855194,0.13530570566654204,0.09445997625589371,0.09202650934457779,0.01146713551133871,0.3988453567028046,0.2244105577468872,0.13297802805900574,0.07687482535839081,0.0942835971713066,0.003640744835138321,0.3077771954238415
336,0.41947893500328065,0.24642878472805024,0.12874830067157744,0.0823635295033455,0.08782554864883423,0.01083669476211071,0.4055081605911255,0.22831516861915588,0.1294902056455612,0.09022294133901596,0.09124214351177215,0.003984609059989453,0.3149398995563387
337,0.42579535841941835,0.24278436303138734,0.1349297821521759,0.0916185013949871,0.09121726155281067,0.011011063866317273,0.4032196819782257,0.2278466373682022,0.1330987423658371,0.07895711809396744,0.0938520923256874,0.004225540068000555,0.3101334928534925
338,0.43127909302711487,0.24460797011852264,0.13624656200408936,0.09569897055625916,0.09237882196903228,0.011137689650058746,0.4116190254688263,0.22690076231956482,0.13152930736541749,0.10169425308704376,0.09236869215965271,0.004087317921221256,0.3296795705333352
339,0.4294168710708618,0.24663335382938384,0.13917368948459624,0.08167636990547181,0.09465565532445908,0.011075136624276638,0.3850459635257721,0.21103768348693847,0.1276787981390953,0.08664307594299317,0.09017786830663681,0.00441043651662767,0.30891017890535294
340,0.4376160204410553,0.24217672348022462,0.14275445342063903,0.09979780316352845,0.09685792922973632,0.011712254397571087,0.4207516074180603,0.23196457624435424,0.1417831599712372,0.08881192207336426,0.09966902881860733,0.004354181652888656,0.3346182925160974
341,0.4110727846622467,0.2360109031200409,0.13489437401294707,0.0739666186273098,0.09197689741849899,0.011266698129475117,0.38550184965133666,0.2315440446138382,0.12232165932655334,0.05648791491985321,0.08699813932180404,0.004038438573479653,0.2698461521416902
342,0.424131977558136,0.2320831149816513,0.13880660831928254,0.10276392698287964,0.09318611025810242,0.011677614040672779,0.40751919746398924,0.22413029074668883,0.13035605251789092,0.1003571629524231,0.09183090478181839,0.004545278800651431,0.32708939905278384
343,0.4297050297260284,0.24683678448200225,0.13147883117198944,0.09710809588432312,0.08935290277004242,0.011035286448895931,0.40969666838645935,0.23075087666511535,0.14206889122724534,0.06819412782788277,0.09977895766496658,0.004898171685636043,0.31494014840573076
344,0.43300881385803225,0.24059244394302368,0.142466402053833,0.09470623582601548,0.09609668254852295,0.012453306652605533,0.4232578694820404,0.24630118906497955,0.14028020203113556,0.064196115732193,0.09983800500631332,0.005873108562082052,0.31018743133172394
345,0.4174095869064331,0.2435985326766968,0.133503657579422,0.07428673505783082,0.09115064889192581,0.010931867361068725,0.4119754254817963,0.2312864303588867,0.13642361164093017,0.08430674523115159,0.09529798626899719,0.004621096514165401,0.3206494396552444
346,0.4436861455440521,0.25764293372631075,0.13976151943206788,0.08611807525157929,0.09541687071323394,0.01127769984304905,0.4175563335418701,0.21919700205326081,0.14804624319076537,0.09850412011146545,0.10234660059213638,0.004693641792982817,0.35359060568735
347,0.4262147545814514,0.24269404411315917,0.13781586289405823,0.0847275733947754,0.09398341327905654,0.011657505854964256,0.4026311099529266,0.23499469161033631,0.13025557100772858,0.06937027871608734,0.09175622910261154,0.00423676697537303,0.2956188458018005
348,0.43121482729911803,0.2438156098127365,0.13718758523464203,0.09572618156671524,0.09277615249156952,0.011207392625510692,0.39243375658988955,0.22401800453662873,0.12869093418121338,0.07357003390789033,0.09050346910953522,0.005039949342608452,0.29780438654124736
349,0.41934181451797486,0.23654908835887908,0.13504991829395294,0.08800598680973053,0.09242828637361526,0.011692910082638263,0.3997552216053009,0.2282682627439499,0.13656939566135406,0.06512056440114974,0.0957455262541771,0.004420647397637367,0.3018561337143183
350,0.429256808757782,0.24537546038627625,0.1371744841337204,0.08841706961393356,0.09312187880277634,0.01079716980457306,0.40460184812545774,0.236199951171875,0.1389162302017212,0.05402357280254364,0.09789528697729111,0.003639949019998312,0.29447503900155425
351,0.4356231987476349,0.25352251827716826,0.1375887483358383,0.08265431076288224,0.09405088871717453,0.010892041027545929,0.4069514751434326,0.2449015736579895,0.12062260806560517,0.07616104446351528,0.08549123406410217,0.004582697805017233,0.2868575843982399
352,0.42186694145202636,0.2437141001224518,0.13335129767656326,0.08336983323097229,0.09091994762420655,0.011085201986134052,0.3931443452835083,0.2275289088487625,0.12503519356250764,0.07440591454505921,0.08867296427488328,0.004457956692203879,0.292572029074654
353,0.4330394685268402,0.24601053595542907,0.14177241027355195,0.0841905415058136,0.09663349837064743,0.011536864005029202,0.3984066009521484,0.2223414123058319,0.13449766933918,0.0735574096441269,0.09673303961753846,0.004408278129994869,0.3091963967308402
354,0.4222842872142792,0.24506186842918395,0.13590258359909058,0.07468450218439102,0.09341612309217454,0.011386517994105816,0.3754782974720001,0.20048663914203643,0.13265750408172608,0.07868922352790833,0.09383511394262314,0.004029373172670603,0.3092112147249282
355,0.41254196763038636,0.24450016319751738,0.12998450845479964,0.07016852423548699,0.08845283836126328,0.011018710769712925,0.4118132531642914,0.22923679649829865,0.13207669854164122,0.09655660390853882,0.0926429882645607,0.004064304661005736,0.32534059537574644
356,0.4265350759029388,0.24514999091625214,0.13096607029438018,0.09618744999170303,0.08854945003986359,0.010904168896377086,0.41000490784645083,0.23518356084823608,0.1366552382707596,0.07215033620595931,0.09554821103811265,0.004402734246104956,0.3087565197609365
357,0.42971351742744446,0.24351387619972228,0.13752690553665162,0.0918768048286438,0.09313832372426986,0.01172965057194233,0.39060246348381045,0.2203127473592758,0.13509352505207062,0.06346590891480446,0.09571466147899628,0.004628084367141128,0.2989021798130125
358,0.4277153253555298,0.23792562782764434,0.13645652532577515,0.10076987743377686,0.09257260411977768,0.011790388263761997,0.4305634617805481,0.2481382042169571,0.13495850563049316,0.09059472382068634,0.09471159279346467,0.003857534471899271,0.32412235671654344
359,0.4264339208602905,0.2487682431936264,0.13526909053325653,0.0791945829987526,0.09192108809947967,0.011133137345314025,0.4068461537361145,0.2250043511390686,0.13522072434425353,0.08727292418479919,0.09551475048065186,0.004248723480850458,0.32225712249055505
360,0.4229624330997467,0.24456503093242646,0.130569788813591,0.09063078165054321,0.08869530856609345,0.01043152716010809,0.3969664812088013,0.23402441143989564,0.12870029956102372,0.061020030081272124,0.0915838822722435,0.004476127028465271,0.28578033894300464
361,0.41953656673431394,0.23798733949661255,0.13731366097927095,0.08299808725714683,0.09310762286186218,0.01149691455066204,0.4025547504425049,0.22349348664283752,0.13908368051052095,0.0735670953989029,0.0983926609158516,0.004319958947598934,0.31536339577287437
362,0.4251996636390686,0.2416625589132309,0.1341433495283127,0.09510724246501923,0.09036209136247635,0.01075675655156374,0.39908185601234436,0.2381531774997711,0.12658201158046722,0.06131587028503418,0.09006834477186203,0.004455560818314552,0.282421787455678
363,0.4228732228279114,0.24851810336112976,0.13211836218833922,0.07796918749809265,0.0902861550450325,0.010897732712328434,0.39417386054992676,0.22647506296634673,0.13211196064949035,0.06509417146444321,0.09363909810781479,0.0037580322474241256,0.29460326246917246
364,0.43016273379325864,0.2439618945121765,0.13781115114688874,0.09048312902450562,0.09413331598043442,0.010965191014111041,0.4027616322040558,0.24000492691993713,0.12616650462150575,0.0656880259513855,0.09022101759910583,0.0036834293976426126,0.2857589775696397
365,0.42881607413291933,0.24369365274906157,0.1373951643705368,0.08952327221632003,0.0937592253088951,0.010766005143523216,0.3924839496612549,0.2313144624233246,0.12332186102867126,0.06995232999324799,0.08709047287702561,0.004212528839707375,0.28457719273865223
366,0.42143194675445556,0.24363231062889099,0.13434027433395385,0.07919945567846298,0.09238436818122864,0.011026923544704914,0.39833147525787355,0.22246458530426025,0.14319090247154237,0.05853701066225767,0.10153811872005462,0.004205931816250086,0.3074719636701047
367,0.4181630611419678,0.23922178149223328,0.1343000739812851,0.08511540889739991,0.09085568189620971,0.010475741140544415,0.39392169713974,0.2262798547744751,0.1254332184791565,0.07807799875736236,0.08905930817127228,0.0038270825520157815,0.29639760795980696
368,0.4066914260387421,0.23450726568698882,0.1312361627817154,0.07616321220993996,0.08958330154418945,0.010296818800270557,0.38414260745048523,0.21644340753555297,0.12819700241088866,0.07158957570791244,0.09093192219734192,0.005026810523122549,0.29574531083926553
369,0.4148677408695221,0.23878348469734192,0.13212602734565734,0.08144578039646148,0.09037969112396241,0.010687723383307457,0.39570329189300535,0.21837420463562013,0.13538164496421815,0.07957249283790588,0.0949527457356453,0.003951260726898909,0.3138581442646682
370,0.3964133024215698,0.22949758172035217,0.12976212054491043,0.06700828522443772,0.0892169013619423,0.010532094351947307,0.37447999119758607,0.230101278424263,0.12469544410705566,0.03137185350060463,0.08955368250608445,0.0034609082620590927,0.24908188837580383
371,0.4052687227725983,0.23230277001857758,0.13298389613628386,0.07297021970152855,0.09114699214696884,0.010877365060150624,0.4250458419322968,0.2379150152206421,0.13673582971096038,0.09831167459487915,0.09495386332273484,0.004000735841691494,0.3340021034702658
372,0.4274789273738861,0.24432845711708068,0.13789538741111756,0.08600349128246307,0.09316201359033585,0.011236176453530788,0.3800087749958038,0.21044814884662627,0.12756966948509216,0.08016115725040436,0.08930790275335312,0.003802499873563647,0.3008412293624133
373,0.4261634945869446,0.24921810030937194,0.13324266970157622,0.0813270315527916,0.09070415943861007,0.01120983175933361,0.40724174976348876,0.23328649401664733,0.13255650103092192,0.07575707137584686,0.09422177225351333,0.004175992822274566,0.30671133748255663
374,0.4222793817520142,0.24131896793842317,0.13360340297222137,0.08669236451387405,0.09200703948736191,0.011052341014146806,0.3979506969451904,0.2201901465654373,0.1412816733121872,0.06653581783175469,0.10005811154842377,0.0041000740602612495,0.3119756767526269
375,0.40926780700683596,0.2407769113779068,0.12731608301401137,0.07430679202079774,0.08760625571012497,0.011072874069213867,0.41199383735656736,0.24579904079437256,0.1385442942380905,0.04952049255371094,0.09803856760263444,0.0036653720773756502,0.28976872647181157
376,0.4227859199047089,0.23793933391571045,0.1391993284225464,0.08499014973640442,0.09500763565301895,0.011168154515326023,0.4179492712020874,0.23628238439559937,0.13472599387168885,0.08672770708799363,0.09576906263828278,0.004232393298298121,0.32145515689626336
377,0.4228339850902557,0.24002763628959656,0.13416191637516023,0.09173008352518082,0.09104958772659302,0.011286288313567639,0.3872748136520386,0.22282097935676576,0.133748859167099,0.05393054187297821,0.09495686143636703,0.004814056679606438,0.2874503191560507
378,0.41033987402915956,0.23733230233192443,0.13117342293262482,0.07704064026474952,0.08987219482660294,0.010526053793728351,0.41155949234962463,0.23806259632110596,0.13786385357379913,0.06432941108942032,0.09810985624790192,0.0037263584788888695,0.30402947939001024
379,0.4135116696357727,0.23764378428459168,0.13228531181812286,0.08021751344203949,0.09087960422039032,0.010387850925326347,0.3698072910308838,0.2124580442905426,0.12225105464458466,0.06392954885959626,0.08703282624483108,0.0033526823855936526,0.27656611213460564
380,0.4182484567165375,0.23372918963432313,0.1408652126789093,0.08063612282276153,0.0963751345872879,0.011132992431521415,0.37892374992370603,0.2112857937812805,0.12765349000692366,0.07230022549629211,0.09121788740158081,0.003947845380753279,0.29511944828554987
381,0.4126039624214172,0.24677304923534393,0.13011540472507477,0.06436214447021485,0.08929691612720489,0.010636589862406254,0.4040209293365479,0.22977504134178162,0.12972794771194457,0.08481577485799789,0.09103069752454758,0.003777818847447634,0.3093522389419377
382,0.4086111068725586,0.23413878977298735,0.13182504177093507,0.0792293258011341,0.09008772373199463,0.010444839298725129,0.3964201986789703,0.2181553512811661,0.14603352248668672,0.057067620754241946,0.10392580181360245,0.003990381211042404,0.3110173262655735
383,0.41148693561553956,0.2385622203350067,0.13500243723392485,0.07028699219226837,0.0917252853512764,0.011110405065119266,0.4105955004692078,0.23666054606437684,0.13652602732181549,0.0680401787161827,0.09680498242378235,0.004304127302020788,0.30567531576380136
384,0.4078345835208893,0.22955212593078614,0.13269887566566468,0.08601493462920189,0.0899885967373848,0.010953440703451634,0.39631041288375857,0.22946609556674957,0.14192619323730468,0.04307470843195915,0.10079544633626938,0.003867268329486251,0.28966361633501947
385,0.42248358726501467,0.23768568634986878,0.14346223175525666,0.07617569565773011,0.09784262776374816,0.011657499708235264,0.3682991981506348,0.2141224980354309,0.12457277178764344,0.051626919955015185,0.08909241110086441,0.0037980090826749803,0.269090111926198
386,0.40685352087020876,0.2381048768758774,0.13266330659389497,0.06334207504987717,0.09180355072021484,0.010950112156569958,0.39922675490379333,0.23022721707820892,0.13284687995910643,0.06529828906059265,0.09478841125965118,0.003415760351344943,0.2963493406306952
387,0.4167036712169647,0.24661449193954468,0.130611914396286,0.07368814200162888,0.08898305147886276,0.010156976245343684,0.4104726195335388,0.23944265842437745,0.13371179401874542,0.06783769652247429,0.09516861885786057,0.0036579854786396027,0.3003760948777199
388,0.41919384002685545,0.24268563687801362,0.1327729269862175,0.08178189247846604,0.090718312561512,0.010134106874465943,0.411664217710495,0.24555037617683412,0.13777705579996108,0.049203500151634216,0.09848111867904663,0.003395728301256895,0.2888574029318988
389,0.4170251488685608,0.2341204136610031,0.1338273048400879,0.09252101331949233,0.09106934815645218,0.010853348858654499,0.4019839823246002,0.2309197187423706,0.1341931164264679,0.06795859038829803,0.0949230968952179,0.0038078280165791513,0.30088263172656293
390,0.40989514589309695,0.2329298347234726,0.13250462114810943,0.08343569934368134,0.09044920504093171,0.010093728452920914,0.39660170674324036,0.2336418628692627,0.12262637913227081,0.07364737391471862,0.08743593990802764,0.0038245879113674164,0.2875342808663845
391,0.40525758266448975,0.2382631242275238,0.12943315207958223,0.06891017779707909,0.08855893313884736,0.010300965048372746,0.40091070532798767,0.23842159807682037,0.13054634034633636,0.05452055484056473,0.0943230926990509,0.0034836440347135065,0.2828736319206655
392,0.4094664931297302,0.23782791197299957,0.13025087118148804,0.07630070298910141,0.0885179728269577,0.011790004372596741,0.38802163004875184,0.22394441068172455,0.13349376022815704,0.052446314692497255,0.09591309875249862,0.003785599861294031,0.2856387735344469
393,0.41536802649497984,0.23781413733959197,0.1361057937145233,0.07632077932357788,0.09346790164709091,0.010187743231654167,0.4133233904838562,0.24098962545394897,0.14102266430854798,0.05516259968280792,0.10006487220525742,0.004761613253504038,0.3010117494501174
394,0.40746297836303713,0.2304416209459305,0.1374085634946823,0.07210108861327172,0.09416771233081818,0.011161056347191334,0.38240641355514526,0.215600448846817,0.13339874446392058,0.06066061854362488,0.09460406303405762,0.0037039157934486864,0.29236734183505175
395,0.4017241597175598,0.2313440591096878,0.12976019978523254,0.0753115251660347,0.0884177103638649,0.010757166519761085,0.38111011385917665,0.22885381281375886,0.12073644101619721,0.0583490714430809,0.0851850837469101,0.003351471107453108,0.2676220673136413
396,0.40433112978935243,0.23972786962985992,0.12401126474142074,0.07510793954133987,0.08480588644742966,0.010080036893486976,0.37462265491485597,0.22561874091625214,0.11957800388336182,0.04948951005935669,0.08672251105308533,0.0033264868892729283,0.2591165118850768
397,0.40607287883758547,0.23145049810409546,0.13101960718631744,0.07942947894334793,0.09001910984516144,0.011165320686995984,0.40252293944358825,0.225729364156723,0.1375814735889435,0.0702456921339035,0.09810053110122681,0.004591515194624663,0.3105192120186984
398,0.4007440090179443,0.23515779972076417,0.12747586220502855,0.06885490417480469,0.08776354193687438,0.010304915346205234,0.37895610332489016,0.2208135724067688,0.1255635589361191,0.05645192712545395,0.09030203223228454,0.0038909434340894224,0.276208461727947
399,0.3998223185539246,0.2295755535364151,0.135787758231163,0.06257987916469573,0.09299030601978302,0.010460373386740685,0.3727109253406525,0.2211882948875427,0.12773320078849792,0.03909714967012405,0.09190565794706344,0.0034968664404004812,0.26223287484608593
400,0.40671989917755125,0.23700501024723053,0.130957955121994,0.07106905281543732,0.08953918814659119,0.010707574710249902,0.3879457950592041,0.23432186245918274,0.12349188476800918,0.053966134786605835,0.08784716129302979,0.0034922897815704347,0.2687974706292153
401,0.4080150008201599,0.2310020297765732,0.1359807401895523,0.07532610148191451,0.09335918724536896,0.010393019765615463,0.3837491512298584,0.2274153172969818,0.12484735250473022,0.0559767659753561,0.08932371884584427,0.003135020425543189,0.2732828577514738
402,0.4107616662979126,0.24095098674297333,0.1316988229751587,0.06889825761318207,0.09078433811664581,0.010135128162801266,0.38127336502075193,0.22719383835792542,0.12716048806905747,0.04680500477552414,0.09064943790435791,0.003758925199508667,0.2683738559484482
403,0.40132800340652464,0.23264686465263368,0.13006537407636642,0.07195767536759376,0.08879089802503586,0.009783588536083698,0.3705677092075348,0.21942857503890992,0.11715787053108215,0.0607857957482338,0.08364304006099701,0.003911641333252192,0.26549834767356517
404,0.39075613021850586,0.22139769792556763,0.13040773272514344,0.07072384878993035,0.0895743042230606,0.01059975866228342,0.39714002013206484,0.22235922813415526,0.13262011110782623,0.07703793421387672,0.09432900995016098,0.004293534113094211,0.3082805893849581
405,0.3933933854103088,0.22121463418006898,0.13530856966972352,0.0680377759039402,0.09223705679178237,0.010660480894148349,0.3671862959861755,0.21331706941127776,0.12866934537887573,0.041823281347751616,0.09240007996559144,0.003913351241499186,0.2668060579337179
406,0.40840524435043335,0.23026917576789857,0.13550507128238679,0.07935132384300232,0.09258204847574233,0.010453654266893864,0.3819963693618774,0.21659467220306397,0.12923336029052734,0.06469348669052125,0.09265531450510026,0.0032592635601758958,0.28984142504632476
407,0.3990813970565796,0.23263060450553893,0.12763832211494447,0.06971749663352966,0.08785936385393142,0.010882357321679591,0.4009325087070465,0.22664775252342223,0.1422073870897293,0.05707041025161743,0.10103238672018051,0.0041098822839558125,0.3044200663454831
408,0.3922071397304535,0.22264290750026702,0.13340411484241485,0.064081571996212,0.09191367775201797,0.01117706298828125,0.3606287598609924,0.20431034862995148,0.12855437099933625,0.0512318879365921,0.09039808958768844,0.0034761883318424223,0.27366053685545927
409,0.3968300521373749,0.2261988639831543,0.1314198762178421,0.07070133909583091,0.09034334719181061,0.011022410728037358,0.3894109547138214,0.23633750081062316,0.1244628220796585,0.04763032346963882,0.09037142843008042,0.003096017986536026,0.26556059196591375
410,0.4087311148643494,0.24307478964328766,0.1303909406065941,0.061992167681455615,0.0904411494731903,0.01020363587886095,0.38698663711547854,0.23246046900749207,0.12668049335479736,0.04828143119812012,0.09057941883802414,0.003603752236813307,0.2691450956277549
411,0.4104640305042267,0.232125723361969,0.13510870039463044,0.07859376072883606,0.09311331212520599,0.010791005939245224,0.3750278115272522,0.21359852254390715,0.12866563946008683,0.057655198499560356,0.0918260395526886,0.004351916909217835,0.2824987944215536
412,0.3989235579967499,0.2346292942762375,0.12926930338144302,0.06204556226730347,0.08937431424856186,0.010232763178646565,0.35055485367774963,0.20771153569221495,0.12354448735713959,0.026841965317726136,0.09032614976167679,0.004065628256648779,0.2447782306931913
413,0.3957835614681244,0.22850439846515655,0.13095564693212508,0.06388842090964317,0.09077095240354538,0.010554632358253001,0.3810581028461456,0.2359589397907257,0.11847566962242126,0.04574396163225174,0.08502686619758607,0.00331522561609745,0.2525617230683565
414,0.3921020865440369,0.2257520854473114,0.12741971909999847,0.06967936903238296,0.08811229467391968,0.01034420020878315,0.37504869103431704,0.22195985317230224,0.1204983115196228,0.05502541959285736,0.08761238008737564,0.0036284996196627615,0.2667646108195186
415,0.3996868431568146,0.23158446550369263,0.1272754728794098,0.07494921386241912,0.08718060553073884,0.010529051534831524,0.38471685647964476,0.21786829829216003,0.13509732484817505,0.0563960537314415,0.09620849788188934,0.0038256444968283176,0.29152752095833423
416,0.3951783537864685,0.23028043508529664,0.12981590032577514,0.06204834133386612,0.0899694487452507,0.009919044561684132,0.3672153055667877,0.20943137705326081,0.12660335302352904,0.05379783809185028,0.09107081890106201,0.003666352666914463,0.2751383626833558
417,0.41024667024612427,0.24059946835041046,0.13638974130153655,0.05936807170510292,0.09383542984724044,0.01042163446545601,0.3633186936378479,0.21981870532035827,0.12307179868221282,0.030284053832292556,0.08938603848218918,0.004100727383047342,0.2468426183797419
418,0.39616793394088745,0.22886692881584167,0.12985446453094482,0.06711744964122772,0.08972424268722534,0.010123395174741746,0.3718008160591125,0.20952231884002687,0.1323015123605728,0.05098627507686615,0.09504977017641067,0.004090264812111855,0.28242782242596143
419,0.3968303680419922,0.22693614959716796,0.1338863790035248,0.06351652294397354,0.09282480776309968,0.010290481708943843,0.36252877712249754,0.21039750277996064,0.12931187450885773,0.0335265189409256,0.09467317163944244,0.0038025679998099802,0.2613141330890358
420,0.4053315699100494,0.23548612892627716,0.13333581686019896,0.06492888182401657,0.09202031642198563,0.010719845816493035,0.36689944863319396,0.21670220494270326,0.12087187170982361,0.047860220074653625,0.08818260580301285,0.003645947203040123,0.2605606447905302
421,0.4013986587524414,0.23949140608310698,0.1290873795747757,0.05802021399140358,0.08940391093492508,0.009534055925905704,0.37247613072395325,0.2101217895746231,0.13895488977432252,0.03841006308794022,0.09972623437643051,0.003473236737772822,0.2805644239764661
422,0.40147002339363097,0.23246243000030517,0.13781429827213287,0.054412420839071274,0.09509138911962509,0.010731394030153751,0.3670090913772583,0.22391667664051057,0.11384972482919693,0.049416574835777285,0.08266090601682663,0.0031366450246423485,0.24906385070644319
423,0.3972029030323029,0.2249787151813507,0.1317163109779358,0.07357647120952607,0.09073355793952942,0.010374986939132214,0.39460799694061277,0.2269682615995407,0.1319804906845093,0.06608902215957642,0.09306146949529648,0.0038791929837316275,0.2950101753231138
424,0.39392706751823425,0.2304246962070465,0.12954345643520354,0.06071184352040291,0.08911480009555817,0.010337194427847862,0.3708470344543457,0.22881799936294556,0.11679495573043823,0.040242689475417134,0.08521855771541595,0.0033012989442795515,0.24555750186555086
425,0.3914317786693573,0.22460171580314636,0.1288033589720726,0.06956958547234535,0.08833353370428085,0.010141455009579659,0.3921720266342163,0.21248226165771483,0.133815199136734,0.08582542687654496,0.09479909390211105,0.003666778188198805,0.3181064981035888
426,0.39593291878700254,0.23243188858032227,0.12675418257713317,0.06690541505813599,0.08707389235496521,0.009896346926689148,0.35172187089920043,0.20536332130432128,0.12263860404491425,0.0365876778960228,0.08962013721466064,0.0033059515058994292,0.2521523706614971
427,0.39332046508789065,0.22338798344135286,0.13104654103517532,0.07130065262317657,0.0902505412697792,0.009435290284454823,0.37852471470832827,0.22282582223415376,0.12397525906562805,0.05581871569156647,0.08879732191562653,0.0035993026103824377,0.2721905992832035
428,0.3901293456554413,0.22227129936218262,0.13015196323394776,0.06740147545933724,0.08991438895463943,0.010394668951630593,0.3559251070022583,0.2226548671722412,0.11123789548873901,0.035742047056555745,0.0803702712059021,0.0033151620533317327,0.2306653758045286
429,0.3909032464027405,0.22875497341156006,0.12568195015192032,0.06469093635678291,0.08700494021177292,0.01018653642386198,0.3727953553199768,0.21763327717781067,0.12930331230163575,0.04300232604146004,0.09313414990901947,0.0034715877380222084,0.2689113759901374
430,0.39540669322013855,0.23178114891052246,0.1290890783071518,0.061557897925376893,0.08900998681783676,0.010219762846827508,0.39171784520149233,0.22553237974643708,0.1355821192264557,0.05308825671672821,0.09710013270378112,0.0037330792751163245,0.28950358792208136
431,0.390953129529953,0.22979047596454621,0.12913786768913268,0.05638982504606247,0.08936838656663895,0.009715961664915085,0.3677110016345978,0.21196059584617616,0.1261911392211914,0.05209928303956986,0.09008774012327195,0.0035114062018692495,0.27188956858590246
432,0.4050330102443695,0.23313513100147248,0.1351105600595474,0.0653665691614151,0.09345575273036957,0.010451347380876542,0.3935429334640503,0.23090949952602385,0.1265820175409317,0.06613454669713974,0.08972913026809692,0.0037248640321195124,0.2861705585382879
433,0.3911416530609131,0.22989962697029115,0.12557983100414277,0.06522249430418015,0.08626734763383866,0.009378939308226109,0.37710136771202085,0.22480607628822327,0.12299864888191223,0.04918968081474304,0.0890799418091774,0.0034417962655425073,0.2647100677713752
434,0.4009047031402588,0.24122626185417176,0.12378520667552947,0.06495810151100159,0.08541875630617142,0.009290158376097679,0.36820103526115416,0.22444354891777038,0.12006927728652954,0.03934091851115227,0.08646325916051864,0.0032059914898127317,0.2490794464480132
435,0.39326425790786745,0.23863684833049775,0.12487879395484924,0.05197769850492477,0.08607497960329055,0.010199870355427266,0.39123810529708863,0.22835202217102052,0.1294562041759491,0.058326369524002074,0.09313434213399888,0.003503396175801754,0.2844203120097518
436,0.3899493098258972,0.22142901122570038,0.12998750805854797,0.07102636694908142,0.08900299668312073,0.010015707463026047,0.354424387216568,0.20452943444252014,0.12493056952953338,0.04026144556701183,0.09077194780111313,0.0030262443237006665,0.258990207221359
437,0.39181576371192933,0.23391521275043486,0.1290208876132965,0.05016203373670578,0.08899191468954086,0.010242727026343346,0.3586998522281647,0.20160359144210815,0.12379607409238816,0.05841884613037109,0.08905938416719436,0.003377235680818558,0.27465154007077214
438,0.38908725380897524,0.23131914138793946,0.13029373437166214,0.046686132252216336,0.09048963487148284,0.00969456359744072,0.38307757377624513,0.22484207153320312,0.12686496376991271,0.055503275245428085,0.09070505946874619,0.0034386314451694488,0.27651192992925644
439,0.3929660201072693,0.2339534729719162,0.12740307450294494,0.05559464693069458,0.0879136860370636,0.0101612014696002,0.37090192437171937,0.21193559765815734,0.1228709191083908,0.06329106986522674,0.0887801393866539,0.0033587710466235878,0.278300899406895
440,0.39365626573562623,0.23849087059497834,0.1261930674314499,0.04887717552483082,0.08804712742567063,0.00964350886642933,0.3661482036113739,0.2193916231393814,0.12262791991233826,0.03793248310685158,0.0894606813788414,0.003082554554566741,0.25310363895259796
441,0.3852520167827606,0.23238133788108825,0.12414126694202424,0.04799133911728859,0.08658824861049652,0.01008874885737896,0.36096293926239015,0.20948742628097533,0.12507314234972,0.04245987236499786,0.09117546230554581,0.0030963536351919173,0.26180483065545557
442,0.38802897930145264,0.22777619659900666,0.12862344980239868,0.055214884132146834,0.08899423629045486,0.01012811455875635,0.383171021938324,0.21451043486595153,0.14485340118408202,0.039533110707998274,0.10364716202020645,0.003581718308851123,0.29161539222113786
443,0.38904176354408265,0.22941159904003144,0.12986151576042176,0.05174497738480568,0.089750275015831,0.010097894817590714,0.37091832160949706,0.22120151817798614,0.1247622013092041,0.04243273660540581,0.08937031775712967,0.0034029367845505474,0.25996819245629016
444,0.38639959692955017,0.22912440299987794,0.12737397104501724,0.051889766752719876,0.08832282423973084,0.009590579941868783,0.3707642316818237,0.2216292679309845,0.12948351502418518,0.030123598873615265,0.09359417110681534,0.0032678825780749323,0.2564691675826907
445,0.3708808183670044,0.22307406067848207,0.11790671348571777,0.052143723517656324,0.08147592097520828,0.009773906506597995,0.37803760170936584,0.21931821405887603,0.13106602430343628,0.049361222237348554,0.09275894314050674,0.0039200409781187774,0.27710623065941037
446,0.3848564088344574,0.22404960095882415,0.12866588234901427,0.05478549003601074,0.0894338145852089,0.010760954953730107,0.3795995652675629,0.2293558120727539,0.12723986208438873,0.03595822900533676,0.0922447070479393,0.003695904603227973,0.2591387027408928
447,0.3924356043338776,0.22904409170150758,0.13052691370248795,0.05833976119756699,0.08956950902938843,0.01098809354007244,0.35319650173187256,0.21237233877182007,0.11714593172073365,0.037697733938694,0.08525779694318772,0.0031474133022129534,0.24324887590482833
448,0.3951485097408295,0.23265323042869568,0.12647162675857543,0.06375218033790589,0.08706155121326446,0.011232267320156097,0.3472998082637787,0.21063424944877623,0.11182582676410675,0.04162979051470757,0.0805896669626236,0.0034265076275914906,0.23747179186902942
449,0.3813545823097229,0.22371260821819305,0.12583782374858857,0.05472430512309075,0.08745869547128678,0.01013954821974039,0.3655882954597473,0.21586329340934754,0.12581321150064467,0.038585609197616576,0.09100286215543747,0.0033707918133586644,0.2587724746670574
450,0.38837469220161436,0.226875701546669,0.12940167039632797,0.05465895235538483,0.09005404263734818,0.010589919984340668,0.37459370493888855,0.22303114235401153,0.12513371407985688,0.042368605732917786,0.09118642657995224,0.0033034147694706918,0.2619921611621976
451,0.38676456809043885,0.23272502720355986,0.1250644713640213,0.04771741032600403,0.08743107467889785,0.010460812225937843,0.3454502046108246,0.20994957387447358,0.11268257200717927,0.035169102251529694,0.08250951021909714,0.0032036337070167065,0.2335648181848228
452,0.38447012901306155,0.22611977458000182,0.12753260135650635,0.05288589783012867,0.08826579600572586,0.01076364554464817,0.3393187463283539,0.1922962486743927,0.12093816995620728,0.04388525933027267,0.08737190067768097,0.002853026706725359,0.2550483566708863
453,0.3842306971549988,0.23007318377494812,0.12370066642761231,0.05185518860816955,0.08625319302082061,0.009733064100146294,0.36631017327308657,0.20777466297149658,0.1260921597480774,0.055040504038333896,0.09150209873914719,0.003371026320382953,0.27600578884594146
454,0.3866134583950043,0.22205903828144075,0.13232910633087158,0.057493924349546435,0.09116831719875336,0.009880797006189823,0.3585105359554291,0.20598548650741577,0.12762706279754638,0.040063300728797914,0.0923800751566887,0.003650399064645171,0.2637208377476781
455,0.3931465566158295,0.23587481677532196,0.1247310385107994,0.05613187402486801,0.08678000122308731,0.010012994706630706,0.37641702890396117,0.2229234129190445,0.1296086072921753,0.03938216269016266,0.09330085963010788,0.003238181164488196,0.26552981077693405
456,0.3927259862422943,0.2355949252843857,0.1253407597541809,0.05499917939305306,0.08695437163114547,0.010149753652513027,0.36657540798187255,0.20049094259738923,0.12896888107061386,0.0652183622121811,0.0933617651462555,0.0028456753119826318,0.2903946837410331
457,0.3851738214492798,0.2249584674835205,0.1284284770488739,0.055789655447006224,0.08903215527534485,0.00951964482665062,0.3764380395412445,0.21637328565120698,0.12296883761882782,0.06706035733222962,0.08810686320066452,0.0030740898102521895,0.28121014796197413
458,0.39503982067108157,0.23676818013191223,0.1263451248407364,0.05550563633441925,0.0876814529299736,0.009867672435939312,0.36308985352516177,0.2155684530735016,0.12261837869882583,0.04154604375362396,0.0883726492524147,0.0031804322730749845,0.25571750397793946
459,0.3888153314590454,0.23184573352336885,0.12858725786209108,0.04823814854025841,0.08908317238092422,0.010382348485291005,0.3837167203426361,0.23371045291423798,0.1218742623925209,0.046300461143255235,0.08847662061452866,0.0036343087442219256,0.2602856528945267
460,0.3860650658607483,0.22710301280021666,0.13004891723394393,0.0476570300757885,0.09089931547641754,0.010439143143594265,0.36380413770675657,0.21489444971084595,0.12457069754600525,0.03807270973920822,0.0907265529036522,0.003551137214526534,0.25692109740339225
461,0.3796933591365814,0.23113869726657868,0.12128892838954926,0.04629904925823212,0.08418817818164825,0.009660569578409195,0.3597893357276917,0.21646813154220582,0.12282026410102845,0.03360933065414429,0.08799953311681748,0.0033418183214962483,0.24777094619348647
462,0.38488051295280457,0.2287498265504837,0.12544211149215698,0.053341835737228394,0.08688238561153412,0.009889486990869046,0.3829803287982941,0.2231551706790924,0.13329048454761505,0.04435338526964187,0.09609884917736053,0.0031249148305505514,0.276867633825168
463,0.39485902190208433,0.23249922692775726,0.12838129550218583,0.060863124579191206,0.0883184477686882,0.01019080299884081,0.3761697769165039,0.22797302007675171,0.12809163928031922,0.030348241329193115,0.09293950498104095,0.0033112294040620327,0.2546906149946153
464,0.4009187877178192,0.2406335234642029,0.12708441764116288,0.0577495314180851,0.08852590769529342,0.009518498554825783,0.3720737934112549,0.22985169291496277,0.12356740534305573,0.02754163332283497,0.08981426358222962,0.0031335450243204833,0.24405684727244079
465,0.3891658544540405,0.23142647743225098,0.1271517351269722,0.05396421253681183,0.08753683418035507,0.010149839520454406,0.3740451097488403,0.21928388476371766,0.122282475233078,0.056490013003349306,0.08816354870796203,0.0033358297310769557,0.27027186667546627
466,0.40770702958106997,0.23989885449409484,0.13686087131500244,0.05222625359892845,0.0950435683131218,0.011186445131897926,0.38137617111206057,0.2272128075361252,0.12724780142307282,0.04528671801090241,0.09192314594984055,0.002845020405948162,0.2673026857897639
467,0.3899222731590271,0.2281326025724411,0.12965186685323715,0.05599872171878815,0.08971223533153534,0.010365021228790284,0.3617429077625275,0.19726912975311278,0.1355159491300583,0.05086866170167923,0.09686829149723053,0.0030327668879181146,0.28628566921688614
468,0.39876542091369627,0.2325333446264267,0.13051625192165375,0.06364734545350074,0.09037260562181473,0.009761837869882583,0.3693562686443329,0.21667206287384033,0.12554794549942017,0.04569272696971893,0.09064610600471497,0.00305469143204391,0.26494146990589795
469,0.38687137961387635,0.22828440070152284,0.12619106620550155,0.05640786588191986,0.08782703578472137,0.00939739476889372,0.35495094060897825,0.2097405731678009,0.1173408180475235,0.04676699638366699,0.08505871146917343,0.003131839446723461,0.2522983653470874
470,0.38071070313453675,0.22442407310009002,0.12585299611091613,0.05278047993779182,0.0871061235666275,0.010068733803927898,0.38411267995834353,0.22484158873558044,0.1314523085951805,0.046261554956436156,0.09519792199134827,0.0030133699998259544,0.27592515554279085
471,0.38082913160324094,0.23283735513687134,0.1215682715177536,0.04281158894300461,0.08513451814651489,0.009961963631212711,0.35323053002357485,0.209888955950737,0.1238354742527008,0.028054363280534744,0.09069372564554215,0.002940040035173297,0.24552360321395097
472,0.3838891327381134,0.21917692124843596,0.12950295507907866,0.06275758817791939,0.0895132914185524,0.009938471019268036,0.3430230379104614,0.20508036017417908,0.11839951872825623,0.027971045672893526,0.08681135326623916,0.00325189339928329,0.23643381106667222
473,0.3870126485824585,0.22798868119716645,0.12685540467500686,0.05616417452692986,0.08801771551370621,0.009735064767301082,0.37525240182876585,0.22374919056892395,0.12532703578472137,0.042528127878904344,0.09105826765298844,0.0031655668281018734,0.262078998144716
474,0.38512068390846255,0.23172368109226227,0.12591151148080826,0.04464614912867546,0.08839339017868042,0.009814171493053437,0.3491536319255829,0.20382197797298432,0.1235461950302124,0.0349117711186409,0.0892801821231842,0.003063458111137152,0.25080160638317467
475,0.3789500713348389,0.22310301959514617,0.12708850502967833,0.04895082861185074,0.08832750171422958,0.009835123643279075,0.36557282209396363,0.20700764060020446,0.13151193857192994,0.04465052038431168,0.09517342746257781,0.003225825633853674,0.2745617120526731
476,0.3782589077949524,0.22543185353279113,0.1269720047712326,0.04299999251961708,0.0881921797990799,0.010086530633270741,0.3582088530063629,0.21287059783935547,0.12686730474233626,0.027902339212596418,0.09175356477499008,0.0031466837506741287,0.24966989248059687
477,0.3756321549415588,0.22661617398262024,0.12279187738895417,0.04335639253258705,0.08578076511621475,0.009438897296786309,0.34700109958648684,0.21600008010864258,0.11246123164892197,0.027706122025847435,0.08180662840604783,0.003205973841249943,0.22517995592206716
478,0.3928215026855469,0.23421589732170106,0.1274922251701355,0.05247317850589752,0.08884709775447845,0.010548490472137928,0.3783014118671417,0.2414626121520996,0.11897094696760177,0.02468746155500412,0.08740806430578232,0.002791485097259283,0.2338579579256475
479,0.389831131696701,0.23827263414859773,0.12389858812093735,0.04665810912847519,0.08629164546728134,0.009536435827612877,0.38449001908302305,0.23359013795852662,0.12829854786396028,0.03463690802454948,0.09365657418966293,0.002870593685656786,0.2594626237638295
480,0.37511979341506957,0.22584033906459808,0.1234193965792656,0.04123273864388466,0.08647547960281372,0.010323542729020118,0.385185045003891,0.2373881459236145,0.12073909789323807,0.045538508147001264,0.0873453363776207,0.002921162312850356,0.2565441047307104
481,0.377724689245224,0.22472108006477357,0.12578420490026473,0.045285646617412564,0.08777882158756256,0.009693396091461182,0.35654884576797485,0.2005167633295059,0.13219012022018434,0.0386489175260067,0.09546053409576416,0.003180118976160884,0.26947969081811607
482,0.37033870816230774,0.22105108201503754,0.12517376393079757,0.03925372436642647,0.087460957467556,0.009295362047851086,0.3562187492847443,0.21461417376995087,0.11868551969528199,0.034385154396295546,0.08700421303510666,0.0036042877472937107,0.24367917487397792
483,0.3926970958709717,0.23225534558296204,0.12832390069961547,0.05631026029586792,0.08912231177091598,0.00933426171541214,0.3875526309013367,0.2381685972213745,0.12636870741844178,0.03490535095334053,0.09241271615028382,0.0032161090057343245,0.25690288352780044
484,0.37722413539886473,0.22366391718387604,0.1257652908563614,0.046953456848859786,0.08752456903457642,0.009658655524253846,0.3564231157302856,0.21500079035758973,0.1196745440363884,0.03249032944440842,0.08788928836584091,0.0027709933929145336,0.24282515523955228
485,0.38391661643981934,0.22862729132175447,0.12719510793685912,0.047204700857400896,0.08879041820764541,0.009476037696003914,0.354465126991272,0.2175983488559723,0.11441678404808045,0.03454802185297012,0.08387455940246583,0.002786376280710101,0.2356257415842265
486,0.3804290771484375,0.2279950648546219,0.1250609740614891,0.04495754167437553,0.08745473623275757,0.009964429214596749,0.36032004952430724,0.21491277813911439,0.1267138570547104,0.026432012021541596,0.09258163571357728,0.003190949000418186,0.24891845379024746
487,0.37996035218238833,0.22094539701938629,0.12661003619432448,0.05540653243660927,0.08848298937082291,0.009691390581429005,0.38400569558143616,0.22451309859752655,0.1305053323507309,0.04944005906581879,0.09399553686380387,0.003250873228535056,0.2771918015088886
488,0.39085387587547304,0.22973164916038513,0.12957945615053176,0.054990536719560626,0.08969309628009796,0.010120013169944287,0.3350833535194397,0.19725665152072908,0.1181977242231369,0.028871307149529457,0.08652423024177551,0.002815001457929611,0.2364082630723715
489,0.379530793428421,0.21743549406528473,0.13216549456119536,0.05170528516173363,0.09174691438674927,0.009692194312810898,0.3765894532203674,0.22328918278217316,0.1300847440958023,0.036699211597442626,0.09429901987314224,0.0032524514477699994,0.26433542701415713
490,0.3921861171722412,0.23342081606388093,0.12748370468616485,0.054925833642482755,0.08834091275930404,0.009432721138000488,0.3879911482334137,0.23185067176818847,0.13502240180969238,0.03373779356479645,0.09718493223190308,0.0031598279718309643,0.26910495557822284
491,0.38009089827537534,0.22793013155460357,0.12660736590623856,0.04233960136771202,0.08838350474834442,0.009250467270612716,0.3643005549907684,0.21620096266269684,0.1238042563199997,0.039367254823446274,0.08965229094028473,0.003244814556092024,0.2560686166398227
492,0.38308656215667725,0.22979280352592468,0.12554598450660706,0.04542403295636177,0.08807284235954285,0.009690188616514207,0.3684939742088318,0.2223816692829132,0.1284416511654854,0.026103577017784117,0.09289431869983673,0.0032673703506588938,0.25070691723376515
493,0.3742641985416412,0.22861315310001373,0.11913362741470337,0.042862240225076675,0.08343418687582016,0.010091285780072212,0.3581568419933319,0.21675997376441955,0.12111512720584869,0.033798950538039205,0.08692787885665894,0.0024699104949831964,0.24431186709553
494,0.39208858013153075,0.23545913994312287,0.12696249783039093,0.049623207002878186,0.08889713138341904,0.009663893096148967,0.36625916361808775,0.21776941418647766,0.1239452213048935,0.04100160300731659,0.08939766585826874,0.0028154025319963695,0.2571598927024752
495,0.3866919159889221,0.2224042922258377,0.1341032326221466,0.052275115996599196,0.0931378498673439,0.009562481753528118,0.33394978642463685,0.20471830368041993,0.10921523571014405,0.03034285977482796,0.07976898998022079,0.003053015097975731,0.22238010056316854
496,0.38510059118270873,0.22763029336929322,0.12513697147369385,0.056698675453662875,0.08678280562162399,0.00959412232041359,0.34272578954696653,0.20053590536117555,0.12059930115938186,0.03385246694087982,0.08755052536725998,0.0030666754581034185,0.24506896892562507
497,0.3784184753894806,0.2306169807910919,0.12176827490329742,0.0418404221534729,0.0854323923587799,0.00983680859208107,0.36193822622299193,0.21143031120300293,0.12809491008520127,0.036761388182640076,0.0921184316277504,0.003160652285441756,0.2601353821810335
498,0.3842491924762726,0.22558507025241853,0.12777208238840104,0.05430227220058441,0.0881954476237297,0.009971823543310165,0.3656838178634644,0.21453551054000855,0.12355975210666656,0.04632439166307449,0.08949173837900162,0.0028528647031635045,0.2622287468519061
499,0.378754198551178,0.2321430951356888,0.12135763764381409,0.04244951531291008,0.08420471847057343,0.009548686444759369,0.36651390194892886,0.21879162788391113,0.11903029680252075,0.04787711501121521,0.08669030666351318,0.0027686888352036476,0.2563664073124528
500,0.3714796543121338,0.22197684049606323,0.1245627835392952,0.03969846069812775,0.0876639500260353,0.00924157965928316,0.3791855752468109,0.23413780331611633,0.12248344123363494,0.03674102574586868,0.08842251747846604,0.0030194600112736225,0.2506664444692433
501,0.37294119596481323,0.21911929845809935,0.12554264664649964,0.047350066155195235,0.08751677721738815,0.00993457566946745,0.3793501317501068,0.22642090320587158,0.1312448114156723,0.03451027274131775,0.09469122439622879,0.0032188495621085166,0.2636651581153273
502,0.3789093017578125,0.2296725481748581,0.12366727739572525,0.041931718587875366,0.0860932245850563,0.010154964961111545,0.36198481917381287,0.2082340031862259,0.13202300071716308,0.03254176527261734,0.09629004001617432,0.0031659805215895178,0.26402078652754424
503,0.38517680764198303,0.23836141526699067,0.12270750999450683,0.03684019781649113,0.08658474683761597,0.009996538423001767,0.3767308831214905,0.2317320168018341,0.12936265468597413,0.018608520179986952,0.09538537710905075,0.0030008534900844096,0.24635740546509624
504,0.37677212953567507,0.22355270385742188,0.12309022098779679,0.05144178494811058,0.08549794405698777,0.010147041454911233,0.351724898815155,0.2057999551296234,0.12792810946702957,0.02596157491207123,0.09300891607999802,0.003113562893122435,0.25001216335222126
505,0.37804014086723325,0.22568569779396058,0.12615080922842026,0.04285756796598435,0.08807548135519028,0.010009866207838058,0.3614327907562256,0.2088627189397812,0.1278062045574188,0.0395568810403347,0.09294508397579193,0.0030093394219875337,0.26331750899553297
506,0.3823243319988251,0.2336129665374756,0.12336949855089188,0.04089206568896771,0.08617572486400604,0.010157509706914425,0.35015761852264404,0.21462762951850892,0.11600323915481567,0.02931890096515417,0.08462822139263153,0.0028826965019106863,0.23283305801451204
507,0.3694395959377289,0.22049758732318878,0.12249703258275986,0.042246601358056066,0.08633649051189422,0.009466223791241646,0.38402976989746096,0.23467492461204528,0.12756598591804505,0.0359613336622715,0.09163962751626968,0.0029295289423316717,0.2580964760389179
508,0.3761896252632141,0.22182129323482513,0.12490181028842925,0.049072380363941195,0.08759462833404541,0.009533950872719289,0.36459375023841856,0.2180327892303467,0.1247314304113388,0.03410579934716225,0.09067311882972717,0.0028309868182986976,0.2523413354065269
509,0.3827190279960632,0.23003768622875215,0.12583082765340806,0.0440944891422987,0.08788879960775375,0.00999210886657238,0.3356382668018341,0.19787100255489348,0.11860084235668182,0.02599164843559265,0.08788061141967773,0.0026211369782686233,0.23509423919022085
510,0.37155185341835023,0.2201278328895569,0.12419582605361938,0.04437028989195824,0.08711963742971421,0.009720954671502113,0.344124960899353,0.21150911450386048,0.11537183821201324,0.023384936898946763,0.08493163287639618,0.002760338317602873,0.22644874630495906
511,0.37689767479896547,0.22948371171951293,0.12394324094057083,0.038030733540654185,0.08640885353088379,0.00961353573948145,0.3527175605297089,0.21725215911865234,0.11615253239870071,0.02751443684101105,0.08532349765300751,0.0030778471380472185,0.23206831403076647
512,0.37419071793556213,0.2246612161397934,0.12309703230857849,0.043022940307855605,0.08614410758018494,0.009889619424939156,0.346583491563797,0.2091308355331421,0.11772187948226928,0.027548420429229736,0.08685882836580276,0.0030060842633247375,0.2351352125406265
513,0.3627742171287537,0.21809422075748444,0.12237673848867417,0.03522426560521126,0.08542723804712296,0.009855207242071628,0.364644855260849,0.2058243691921234,0.13447952270507812,0.0396482490003109,0.09718019515275955,0.002944624051451683,0.27425259090960025
514,0.37337220311164854,0.22062064409255983,0.12951043248176575,0.038060877844691275,0.08995726406574249,0.009821461886167527,0.3297697126865387,0.1914111316204071,0.12042680829763412,0.026495619863271713,0.0876312494277954,0.002702979440800846,0.23725665702950208
515,0.3721598327159882,0.22756059765815734,0.12066459357738495,0.0391021691262722,0.0842152938246727,0.009266974590718745,0.3511359691619873,0.21675792336463928,0.11154832243919373,0.035952572524547574,0.08160399496555329,0.0026664883829653264,0.2317713783122599
516,0.3721636772155762,0.22277390956878662,0.1262369230389595,0.03764802515506745,0.08797815144062042,0.009433050081133843,0.37429765462875364,0.2334923803806305,0.12425436824560165,0.02408650442957878,0.08999712020158768,0.002977203158661723,0.24131519603542984
517,0.37671602964401246,0.22334084212779998,0.1288442313671112,0.042148296162486075,0.0891735941171646,0.008948346227407455,0.36445091366767884,0.22023994624614715,0.12524935305118562,0.029605583846569063,0.09030249118804931,0.0030617238488048317,0.2482191519346088
518,0.3726489782333374,0.22630769908428192,0.12214559316635132,0.04186389967799187,0.08416925668716431,0.009192781522870064,0.3606629192829132,0.20848737955093383,0.12609585225582123,0.04335586130619049,0.09130370616912842,0.0027302682399749758,0.2634856879711151
519,0.3655051589012146,0.2188550353050232,0.1217173159122467,0.041069559007883075,0.08485669493675232,0.009486907534301281,0.3523603677749634,0.20653070211410524,0.12155094146728515,0.037848135083913804,0.08899167627096176,0.0028972473926842214,0.25128800021484493
520,0.3736168324947357,0.2297411620616913,0.12020101994276047,0.03785272017121315,0.08415668606758117,0.009464614279568195,0.3465710818767548,0.21044060289859773,0.11544691622257233,0.03040817752480507,0.08478028029203415,0.0030240806750953197,0.23365945471450686
521,0.3766494572162628,0.22517143189907074,0.12341153919696808,0.04778029844164848,0.08578001409769058,0.009568802081048489,0.361777001619339,0.22166603803634644,0.12338863611221314,0.023009002208709717,0.09022796005010605,0.002723847283050418,0.2393494456540793
522,0.3763515532016754,0.23202995657920839,0.12173710912466049,0.03652789518237114,0.08514291793107986,0.008787190075963736,0.36333273649215697,0.2187583863735199,0.12162812054157257,0.03545848727226257,0.08888882100582123,0.002935711108148098,0.2489111399278045
523,0.3770256042480469,0.22871896326541902,0.12371697574853897,0.04050721414387226,0.08637329041957856,0.009129268303513526,0.34332900643348696,0.20846689939498902,0.11906899660825729,0.020170120149850847,0.08760244399309158,0.002907788474112749,0.22974934922531245
524,0.38370366096496583,0.22859440743923187,0.12874737083911897,0.04286692664027214,0.0903878539800644,0.009327474981546402,0.34391107559204104,0.21090927124023437,0.11539684087038041,0.02488566320389509,0.08458027541637421,0.002719272952526808,0.2275820524431765
525,0.37391371726989747,0.21992510557174683,0.1253387749195099,0.048221361637115476,0.08768366575241089,0.009185263141989707,0.3534057855606079,0.21347092986106872,0.12040070444345474,0.02807392254471779,0.08836161345243454,0.002832083497196436,0.23966832393780352
526,0.36576231122016906,0.21497735381126404,0.12416754812002181,0.04400948658585548,0.08686692416667938,0.00932603981345892,0.3413908302783966,0.200997257232666,0.1213326096534729,0.02669805586338043,0.0891183078289032,0.003052928112447262,0.24020190145820378
527,0.37507839798927306,0.22225823998451233,0.126013320684433,0.04422254785895348,0.08825526237487794,0.009299246221780777,0.35132773518562316,0.21169154047966005,0.1227269560098648,0.021854284405708312,0.09058967679738998,0.0026025416329503058,0.2377734588459134
528,0.37951102256774905,0.22676207721233368,0.12794873118400574,0.03971821963787079,0.08978556543588638,0.009439275041222573,0.3548148930072784,0.20558557212352752,0.1278542160987854,0.03426856622099876,0.0923355758190155,0.0028064002282917498,0.25726475836709145
529,0.36755808591842654,0.22094941437244414,0.12473545223474503,0.03456912748515606,0.08718544393777847,0.009436065517365932,0.35573066473007203,0.2079911470413208,0.12671348452568054,0.034530379623174665,0.09105412214994431,0.002812345139682293,0.25511033143848183
530,0.3736704349517822,0.22792350351810456,0.12167325019836425,0.03860039450228214,0.08532198220491409,0.009245582856237888,0.35276204347610474,0.20273297727108003,0.12851144075393678,0.03059883937239647,0.09481193870306015,0.0027285782620310784,0.25665079709142447
531,0.37342498302459715,0.22641877830028534,0.12248041927814483,0.04026223495602608,0.08561990261077881,0.00902212280780077,0.351995176076889,0.21348152160644532,0.11914282143115998,0.03029339909553528,0.08615308701992035,0.002942024823278189,0.2385313323698938
532,0.3692996263504028,0.21955387890338898,0.12383329123258591,0.041185430437326434,0.08726292252540588,0.009480217471718788,0.33659579157829284,0.1991711139678955,0.11557451039552688,0.033679133467376235,0.08446664661169052,0.002892272314056754,0.2366125627886504
533,0.37219375371932983,0.22648873329162597,0.12058712691068649,0.04074453487992287,0.08437884896993637,0.009555559605360031,0.3643558919429779,0.20434319376945495,0.1361893504858017,0.03724835067987442,0.09915988892316818,0.002743660192936659,0.27534125028178097
534,0.36948220133781434,0.2194083124399185,0.12773083746433259,0.03532197661697865,0.08939402401447297,0.009399238415062428,0.3360796272754669,0.19704204201698303,0.1222914308309555,0.020984750241041183,0.09031444191932678,0.0030866676941514017,0.23667729068547486
535,0.371695339679718,0.21667445003986358,0.1295150488615036,0.04207896068692207,0.09065536856651306,0.00894306469708681,0.34995261430740354,0.2065643072128296,0.11852233409881592,0.04103231132030487,0.08598349392414092,0.0026639288291335104,0.24820206817239523
536,0.3702655076980591,0.22171328961849213,0.1221021294593811,0.043479499965906145,0.0859457165002823,0.008472227491438389,0.3652542054653168,0.20869913101196289,0.13252833038568496,0.03959378525614739,0.0955917090177536,0.0028158856555819513,0.27052971031516787
537,0.3766615927219391,0.2278382658958435,0.1249027743935585,0.04001843705773354,0.08672162741422654,0.009243275038897991,0.37231001257896423,0.22581251263618468,0.1265164166688919,0.02986506074666977,0.0922920510172844,0.0026360000483691692,0.25130952848121524
538,0.37344508767127993,0.22015420794487,0.1277543604373932,0.04234300628304481,0.08932946920394898,0.008927172422409058,0.3579088389873505,0.2076152265071869,0.13416066467761995,0.021419329941272734,0.09798522144556046,0.002701031882315874,0.256266247946769
539,0.37379337549209596,0.2265099287033081,0.12239967584609986,0.041767778992652896,0.08513213545084,0.009095026925206185,0.34824044704437257,0.2093249499797821,0.11845349371433259,0.02890571504831314,0.08745153695344925,0.0029501242097467184,0.23776086992584167
540,0.3622772812843323,0.21242398023605347,0.12369649410247803,0.0441451832652092,0.08617121130228042,0.009001089259982109,0.3340253412723541,0.19391295313835144,0.11732358634471893,0.035227689892053604,0.0858319267630577,0.0029390820767730475,0.24132228507660328
541,0.3729925870895386,0.22142322957515717,0.1254536211490631,0.04302348978817463,0.08747552037239074,0.00989200808107853,0.35469154715538026,0.2102875977754593,0.12477852702140808,0.028022781014442444,0.09150124490261077,0.0029155164025723933,0.24721806934103369
542,0.3700118958950043,0.2273304879665375,0.11887508183717728,0.03772175759077072,0.0836118370294571,0.00909233745187521,0.3622332692146301,0.20973759293556213,0.12600023299455643,0.04252472147345543,0.09170463979244232,0.00345718702301383,0.263686781283468
543,0.3756113171577454,0.23016570806503295,0.12231046110391616,0.0358644001185894,0.08641957640647888,0.008801385201513768,0.3399786055088043,0.211522114276886,0.11021039187908173,0.024994781520217658,0.08151983618736267,0.002752291318029165,0.21947730090469122
544,0.3696457087993622,0.2176720231771469,0.12601835429668426,0.042132343724370004,0.08811592012643814,0.009972163662314414,0.36265639662742616,0.2230421006679535,0.12070082128047943,0.026674918830394745,0.0887374922633171,0.0026581655023619533,0.23877139787655324
545,0.3611474633216858,0.2160801500082016,0.1217564433813095,0.03657339364290237,0.0853084072470665,0.009890560805797578,0.3447399616241455,0.2154788166284561,0.11213939785957336,0.023579325154423715,0.08232266455888748,0.0030139953829348086,0.22105538295581936
546,0.36190537810325624,0.22096352577209472,0.11999499201774597,0.032156921178102496,0.08429765701293945,0.009134475328028201,0.3516824960708618,0.20608590245246888,0.12683660984039308,0.026580853015184404,0.09270824044942856,0.0030938507523387672,0.2492195540573448
547,0.37039952278137206,0.22335603833198547,0.12316897064447403,0.038622047007083896,0.08632975667715073,0.008904024958610535,0.3436729431152344,0.19572919607162476,0.12890708446502686,0.025650754570961,0.09498602151870728,0.002920470666140318,0.25246433122083545
548,0.35725870728492737,0.2104584127664566,0.12285359352827072,0.03826360702514649,0.08623593747615814,0.009152932651340961,0.3449141323566437,0.20987707376480103,0.12003726959228515,0.019119465723633766,0.08806126564741135,0.0028097314294427632,0.23002773239277305
549,0.368742847442627,0.2263231784105301,0.11946267634630203,0.03620458692312241,0.0838338315486908,0.009289433993399144,0.3388594925403595,0.2026678055524826,0.11548572480678558,0.030713123083114625,0.08477655500173568,0.0028256809804588557,0.23380108387209472
550,0.3711364269256592,0.22214092910289765,0.12128524631261825,0.04631132930517197,0.08466750532388687,0.009573476761579514,0.3483744621276855,0.20682945251464843,0.12002215087413788,0.03364710137248039,0.08732795715332031,0.0027737194206565617,0.24377092882059515
551,0.37497841119766234,0.2260475754737854,0.12416944652795792,0.03965330496430397,0.08727789521217347,0.009150895290076733,0.3532790720462799,0.21570484042167665,0.11938460171222687,0.02598462998867035,0.08734710067510605,0.0028388657607138156,0.23555519813671708
552,0.3700607120990753,0.22263702750205994,0.12564330101013182,0.03327532261610031,0.08826326131820679,0.009659542329609394,0.3383816540241241,0.2001243770122528,0.12383360862731933,0.01773846372961998,0.09079471528530121,0.002886480186134577,0.23525326782837508
553,0.3741786003112793,0.23064177930355073,0.11918884068727494,0.03938540667295456,0.08362900614738464,0.008916923031210899,0.3531708300113678,0.21144595742225647,0.12280791848897935,0.027227255702018737,0.08990230262279511,0.00273317014798522,0.2426706469617784
554,0.3799488306045532,0.23786077797412872,0.11947346776723862,0.03503854013979435,0.084056356549263,0.009340738505125045,0.34043826460838317,0.20842282772064208,0.1164183884859085,0.020105987042188644,0.0856720671057701,0.0027297171764075756,0.22492615981027483
555,0.3691270053386688,0.2273825764656067,0.1206519678235054,0.03331564404070377,0.0844802662730217,0.008821502700448037,0.3579310357570648,0.22138480544090272,0.11922649145126343,0.02203177809715271,0.08843239694833756,0.00265998812392354,0.23235065462067722
556,0.37520853281021116,0.23055282831192017,0.12198874652385712,0.036077647283673284,0.08549205958843231,0.009056392312049865,0.3471547245979309,0.21181700229644776,0.11624929904937745,0.027565053850412368,0.08529939204454422,0.0027620000299066307,0.23187574497424063
557,0.36986665725708007,0.22300465106964112,0.12441723048686981,0.03498837389051914,0.08757264614105224,0.008940014988183975,0.34462717175483704,0.20593277215957642,0.11949157416820526,0.02857796400785446,0.08717885166406632,0.0027581822127103806,0.2380065720528364
558,0.3695164680480957,0.23108951449394227,0.11514878869056702,0.03762923441827297,0.08081240952014923,0.00851056193932891,0.35640133619308473,0.21711748242378234,0.12168892920017242,0.025322315841913225,0.08878509253263474,0.002661832794547081,0.23845817036926747
559,0.3697768867015839,0.2202804446220398,0.1251925528049469,0.03808361627161503,0.08822417110204697,0.00934541430324316,0.34200382232666016,0.21854678988456727,0.10366412848234177,0.028602606058120726,0.07664582580327987,0.00282131303101778,0.21173387337476018
560,0.3626086413860321,0.22216724157333373,0.1173195406794548,0.036391789093613625,0.08256497234106064,0.00896934624761343,0.34131461977958677,0.21205052435398103,0.11684144437313079,0.01278865747153759,0.08644069582223893,0.002753271535038948,0.21882406920194628
561,0.3753440022468567,0.22632706463336943,0.12614285200834274,0.03631884604692459,0.08861373364925385,0.00880181435495615,0.3517189800739288,0.22020067572593688,0.11160532981157303,0.029330748319625854,0.08209158331155778,0.0025594250299036505,0.2255870864726603
562,0.3818128705024719,0.23485195338726045,0.12382352650165558,0.03722396641969681,0.08683972656726838,0.008724275231361388,0.32952367067337035,0.19869035184383393,0.11515690982341767,0.021261557936668396,0.08438557237386704,0.002539752796292305,0.22334379293024542
563,0.3740516245365143,0.22410550117492675,0.12290184795856476,0.0438061498105526,0.08656786978244782,0.009209227189421654,0.31126495599746706,0.18430705964565278,0.1134855791926384,0.016205861046910287,0.08346136063337325,0.0026958401314914225,0.21584864100441337
564,0.3751629590988159,0.22773934304714202,0.12353547811508178,0.03712657168507576,0.08717032223939895,0.009258723258972168,0.353982275724411,0.21642234325408935,0.1134360134601593,0.03800413757562637,0.08309975862503052,0.002854594960808754,0.23739450462162495
565,0.3725192189216614,0.2206617474555969,0.12581077218055725,0.04243713840842247,0.08815286308526993,0.009485623799264431,0.36113386154174804,0.21560998857021332,0.12527418434619902,0.02892436683177948,0.09204874485731125,0.0028614008333534002,0.24910869686864318
566,0.37269931435585024,0.22612730264663697,0.12399526685476303,0.03519502282142639,0.08734078854322433,0.008870294131338597,0.3425673723220825,0.21446369886398314,0.11383776515722274,0.018801727145910264,0.0831958994269371,0.0027111366856843234,0.21854652841575442
567,0.3717412829399109,0.22684959471225738,0.12016704976558686,0.04012970700860023,0.08423359841108322,0.009086228162050246,0.33551855087280275,0.1972544550895691,0.12425051629543304,0.01807020828127861,0.09056648463010789,0.0027746840380132197,0.23566189324483278
568,0.3637672781944275,0.22532414495944977,0.11714418083429337,0.03399302586913109,0.0819345235824585,0.008737688325345517,0.3577658534049988,0.2238119959831238,0.1089059442281723,0.04032548367977142,0.0798712894320488,0.0024960738606750964,0.23159879120066762
569,0.3612430989742279,0.2123545527458191,0.12548372596502305,0.038449592888355255,0.08750564604997635,0.00902594681829214,0.3396809697151184,0.20705814361572267,0.11498593091964722,0.025184938311576845,0.08428726643323899,0.002494651544839144,0.22695278720930218
570,0.372140496969223,0.2198926955461502,0.12747073769569398,0.03929157629609108,0.08963367491960525,0.009454231895506381,0.3383318781852722,0.20653347671031952,0.11200376152992249,0.028629756718873977,0.08259016871452332,0.0025844078510999678,0.22580809481441977
571,0.3727667808532715,0.22620976269245147,0.12397053390741349,0.034547127410769464,0.08760944455862045,0.008965699933469296,0.34944126605987547,0.21473220586776734,0.11687114238739013,0.022958673536777496,0.08675953447818756,0.0028176559135317802,0.22940700631588695
572,0.3620119273662567,0.21888971626758574,0.12286417335271835,0.030640124529600143,0.08636563122272492,0.009154551848769187,0.3566212892532349,0.22071340382099153,0.11728033125400543,0.026534567773342132,0.08605379313230514,0.002805399801582098,0.2326740919612348
573,0.3582581877708435,0.21848789155483245,0.11628547757863998,0.03630658611655235,0.08209200948476791,0.009278693236410618,0.3415175199508667,0.21288580894470216,0.11122762560844421,0.023664898425340652,0.08215487450361252,0.002552219992503524,0.21959961852990087
574,0.38292946219444274,0.23270032107830046,0.1250246375799179,0.040295112505555154,0.08761303424835205,0.009922312200069427,0.36623860001564024,0.22397102117538453,0.12436610907316208,0.023704393953084945,0.09174085855484009,0.002729411330074072,0.2425407729111612
575,0.36648542284965513,0.22138847708702086,0.11977503150701523,0.041322489827871324,0.08405684381723404,0.008892683126032353,0.35100876092910765,0.21928263902664186,0.11778398007154464,0.015453088656067848,0.08743994086980819,0.0024488742463290693,0.22312588384374973
576,0.3645970046520233,0.2233232378959656,0.12029942870140076,0.03212162293493748,0.0849209800362587,0.00840430036187172,0.3447493612766266,0.2191718637943268,0.11327762007713318,0.012791856378316879,0.08393987268209457,0.002516780188307166,0.2125261293258518
577,0.36054748892784116,0.21334900557994843,0.12425320744514465,0.03594202362000942,0.08747559785842896,0.00895183403044939,0.3243545711040497,0.1922413945198059,0.114770045876503,0.022685067355632783,0.08505885154008866,0.0025615595281124116,0.22507552430033684
578,0.36558998823165895,0.22325434386730195,0.11887292563915253,0.03659443967044353,0.08403679877519607,0.008679504320025445,0.3517852187156677,0.2119182288646698,0.12169223725795746,0.025712621957063676,0.0890977367758751,0.0028105284087359904,0.23931312439963223
579,0.37679174542427063,0.22448001205921173,0.12881653010845184,0.03742891699075699,0.09034283757209778,0.009218961372971535,0.3383047044277191,0.21131061911582946,0.11042969077825546,0.02370206341147423,0.08077874332666397,0.002470826543867588,0.21738132406026128
580,0.3697741270065308,0.22706589996814727,0.11966189593076706,0.03612513244152069,0.0841545283794403,0.009185145329684018,0.34765041470527647,0.20843483805656432,0.12255667448043824,0.022214753925800322,0.08983820527791977,0.0030059843324124814,0.2376156180165708
581,0.35370094776153566,0.20834257900714875,0.12171010822057723,0.03744828924536705,0.08534297049045562,0.009556448087096214,0.35009915232658384,0.21573677957057952,0.11529791206121445,0.027178307995200157,0.08479034751653672,0.0027869919314980505,0.2300535595044494
582,0.3710956335067749,0.21922374665737152,0.12844088971614837,0.036408523470163344,0.09032846242189407,0.009613775089383126,0.33511812090873716,0.20133456885814666,0.11740363240242005,0.021114600449800493,0.08671180158853531,0.0025867617689073084,0.22781679620966316
583,0.3648385524749756,0.22271837294101715,0.11814538091421127,0.03738850429654121,0.08358286321163177,0.008798911608755589,0.34392654299736025,0.19966294765472412,0.127960205078125,0.021181283704936504,0.09396648854017257,0.0026367874816060066,0.2457447648048401
584,0.364364093542099,0.2256661295890808,0.1190658152103424,0.028779302164912222,0.08398107439279556,0.00921499114483595,0.34643258452415465,0.20989745259284973,0.11712189614772797,0.026816435158252716,0.08658047914505004,0.002819723403081298,0.23333853385411202
585,0.3749215304851532,0.23127241134643556,0.12088944464921951,0.03562013991177082,0.08495943993330002,0.009225550666451454,0.33817940950393677,0.19940172433853148,0.1256425380706787,0.015321864187717438,0.0921618476510048,0.002524311072193086,0.23565056098159404
586,0.3623178005218506,0.22202989161014558,0.11883100569248199,0.03313049748539924,0.08360672891139984,0.008933243714272976,0.34615232348442077,0.20975818634033203,0.11860353648662567,0.024099596962332725,0.08761905580759048,0.002288442850112915,0.23261063210666177
587,0.3597481489181519,0.2180982917547226,0.12057693898677826,0.03243566639721394,0.08479499816894531,0.008927884884178639,0.330359560251236,0.19413763880729676,0.11714521795511246,0.0260983444750309,0.08657964318990707,0.0028990648686885835,0.232722270488739
588,0.3539215326309204,0.22091374099254607,0.11274069547653198,0.03113245666027069,0.07933693081140518,0.008564857393503189,0.3508728384971619,0.22196585536003113,0.11333873867988586,0.022014984488487245,0.08262574821710586,0.0025442715268582106,0.22052374291233717
589,0.3626318335533142,0.22273865044116975,0.12079956382513046,0.028628143668174743,0.084968201816082,0.008742044493556023,0.32510027289390564,0.1927944153547287,0.11872473657131195,0.014943309500813485,0.08770204931497574,0.0030294557567685843,0.22439955114386975
590,0.3660765826702118,0.21893789768218994,0.12380948811769485,0.036749879270792006,0.08699529469013215,0.00925119873136282,0.3566805005073547,0.21716858446598053,0.12349594831466675,0.019059283286333085,0.09163815379142762,0.002590693719685078,0.23678407911211252
591,0.3742190361022949,0.23339161276817322,0.119032983481884,0.03431621752679348,0.08335113525390625,0.009216538816690444,0.3419347405433655,0.19683877229690552,0.12728950679302214,0.023173114657402037,0.09399334639310837,0.0026584267150610687,0.24711439455859363
592,0.3634421765804291,0.2211563318967819,0.12160422801971435,0.03161325640976429,0.085650734603405,0.008694401197135448,0.3371117949485779,0.19900737702846527,0.11841248124837875,0.030267654359340666,0.08613122999668121,0.002631222642958164,0.2374425882473588
593,0.36638265252113345,0.2222879022359848,0.12216444313526154,0.0338165782392025,0.08609883338212967,0.008876597508788109,0.3244178593158722,0.19348590970039367,0.11520286798477172,0.021056579798460005,0.08472425937652588,0.002237061853520572,0.2232207690132782
594,0.36785205006599425,0.21911251842975615,0.12269895523786545,0.04208136722445488,0.08635949790477752,0.009059322997927666,0.3287425637245178,0.2067724883556366,0.10727547407150269,0.019158648699522017,0.0788822516798973,0.002651718771085143,0.20796809322200713
595,0.3551769912242889,0.21520021557807922,0.11587858498096466,0.03822484388947487,0.08170058429241181,0.008800375740975142,0.36305479407310487,0.22385409474372864,0.12370153963565826,0.019871723651885987,0.09097017198801041,0.0023683960549533366,0.236911831330508
596,0.37273446321487425,0.23344516158103942,0.11981832683086395,0.02957146055996418,0.08421596884727478,0.008684216439723969,0.347337543964386,0.21118266582489015,0.11855394542217254,0.022899479418992997,0.08779172152280808,0.0026944903656840324,0.23193963672965767
597,0.36433589458465576,0.22504275143146515,0.11929274797439575,0.029995728656649588,0.08397843688726425,0.009058042615652084,0.3702066779136658,0.23290061354637145,0.12094591856002808,0.02108558528125286,0.08907754868268966,0.0028038967400789263,0.2339129492640495
598,0.36508276462554934,0.2217583626508713,0.12385745495557784,0.028569813817739487,0.08743886351585388,0.00888676606118679,0.3628318965435028,0.21631563305854798,0.12534240484237671,0.03204098492860794,0.09156290143728256,0.002660315716639161,0.2516066069249064
599,0.35480534434318545,0.2140064388513565,0.12090141773223877,0.029241178184747696,0.08559485524892807,0.00862606568261981,0.36343156099319457,0.22367784082889558,0.12262470722198486,0.023544564843177795,0.08996136635541915,0.0024653008207678796,0.2385959392413497
600,0.36018635630607604,0.21262500286102295,0.12493967264890671,0.03531617596745491,0.08787825852632522,0.00908618289977312,0.34753602743148804,0.19888467192649842,0.1279049664735794,0.029062360525131226,0.09442401677370071,0.0026493614539504053,0.25404070522636174
601,0.370651376247406,0.22917259037494658,0.11786322891712189,0.03674131333827972,0.08325066417455673,0.008997002243995666,0.3410784900188446,0.20465722382068635,0.11667034029960632,0.028395142406225204,0.08582742661237716,0.0027903109323233364,0.23368322025053204
602,0.36081544756889344,0.21669796407222747,0.12085759192705155,0.03668279498815537,0.08495753109455109,0.009122550301253796,0.35210534930229187,0.20752429366111755,0.12511330842971802,0.027116837352514266,0.09218430519104004,0.0026086760684847833,0.2470231270417571
603,0.365676486492157,0.22006527781486512,0.1255154237151146,0.028856810182332993,0.08849012851715088,0.010076086781919003,0.35507174730300906,0.2092999279499054,0.1296905279159546,0.02081170827150345,0.0949998825788498,0.0029178201220929623,0.2484199388884008
604,0.37127006649971006,0.2226150631904602,0.12285003513097763,0.04226651340723038,0.08606868982315063,0.009196086786687374,0.34588263034820554,0.21719462871551515,0.11712090969085694,0.011545274406671524,0.08661640882492065,0.0023253357503563166,0.21760792867280543
605,0.3628483235836029,0.21837356984615325,0.12246009409427643,0.034258515760302546,0.08629420101642608,0.008626524731516838,0.3253836452960968,0.19862732887268067,0.11479109525680542,0.012048780731856824,0.08500049114227295,0.0025882295798510314,0.21442859671078623
606,0.3740118741989136,0.224736350774765,0.12600540220737458,0.03664000853896141,0.08875059932470322,0.008806591108441352,0.34258322715759276,0.20165171325206757,0.12161362916231155,0.026125098019838332,0.08993223607540131,0.0029052784200757744,0.24057624167762698
607,0.36107233762741087,0.21566840410232543,0.12076991200447082,0.03795028291642666,0.08559806793928146,0.00919953566044569,0.3529549241065979,0.20501115620136262,0.1274527743458748,0.029703453183174133,0.09345902353525162,0.002794352825731039,0.2534096038900316
608,0.3644102931022644,0.21988396048545839,0.12246997356414795,0.03374436385929584,0.08642680197954178,0.008972694166004658,0.3149850368499756,0.1812901973724365,0.11963102221488953,0.016126885637640954,0.08846591562032699,0.002552352612838149,0.2267761760856956
609,0.37765291929244993,0.22844764292240144,0.12443176954984665,0.03992487415671349,0.08752002716064453,0.008786557428538799,0.36575859785079956,0.21304256319999695,0.12982234060764314,0.033750852942466734,0.09537949413061142,0.003028803877532482,0.2619814915582538
610,0.36343190670013426,0.22409193217754364,0.11718629151582718,0.033489902317523954,0.08306645303964615,0.008745330199599267,0.349948924779892,0.21685997843742372,0.1175201416015625,0.020301318168640135,0.08639463931322097,0.0025751722976565363,0.22679127138108013
611,0.3661226570606232,0.22419086396694182,0.12244635969400405,0.028157226741313934,0.0866287812590599,0.008980967849493027,0.33509100079536436,0.20811418890953065,0.11005518436431885,0.023127561807632445,0.08113139569759369,0.0025301631074398758,0.21684430497698487
612,0.355342435836792,0.22176038920879365,0.11385712623596192,0.029756005108356475,0.08038374334573746,0.008326350525021554,0.34555805921554567,0.20073990225791932,0.12424028813838958,0.0294402826577425,0.09140313118696212,0.0028455326333642005,0.2479292346164584
613,0.3629328727722168,0.22200602889060975,0.12065843939781189,0.02997099533677101,0.085370534658432,0.008746544364839792,0.3561842441558838,0.21564221382141113,0.11970623880624771,0.03155291527509689,0.08771481215953827,0.0022777216508984566,0.24125168789178134
614,0.3629306137561798,0.22275394201278687,0.11915708035230636,0.03211653083562851,0.08388757258653641,0.00896740835160017,0.32788864374160764,0.20510456562042237,0.10517653077840805,0.02169925831258297,0.07867646217346191,0.003410083195194602,0.20896233445964751
615,0.3631280243396759,0.21482613682746887,0.12332886010408402,0.0400831189006567,0.08668800443410873,0.009147332422435284,0.3383312225341797,0.2103394627571106,0.11032533645629883,0.02324775829911232,0.08193863928318024,0.0026632505934685467,0.21817498463205995
616,0.35978626608848574,0.22846800684928895,0.11213098913431167,0.02945532910525799,0.07888543605804443,0.00813172897323966,0.3412656784057617,0.21195934116840362,0.11087743639945984,0.026862065494060516,0.08145967125892639,0.002304804418236017,0.22150397757068277
617,0.3551925301551819,0.21253032684326173,0.1195042908191681,0.03653809055685997,0.08418719321489335,0.008709331788122655,0.32862621545791626,0.19551619291305541,0.11400809735059739,0.026506477594375612,0.08438486754894256,0.002538964059203863,0.22743840655311942
618,0.37353593707084654,0.2251386046409607,0.12594915330410003,0.03536350503563881,0.08838929682970047,0.009083086624741554,0.33155224323272703,0.2046103894710541,0.11194144189357758,0.0181660957634449,0.08296798467636109,0.002616802742704749,0.21569232507608832
619,0.3670442640781403,0.223708376288414,0.12215248346328736,0.03197688870131969,0.08655316978693009,0.00829703789204359,0.3252369463443756,0.19329327940940857,0.1143935427069664,0.022798414528369903,0.08493955880403518,0.002573688980191946,0.22470520501956343
620,0.35305447578430177,0.21016637980937958,0.12044919133186341,0.03487804755568504,0.08473851084709168,0.009151607938110828,0.3519076228141785,0.2101316511631012,0.12088456004858017,0.02984077259898186,0.08929642289876938,0.0025875757448375223,0.24260933129116893
621,0.35090048909187316,0.21551449298858644,0.1166173443198204,0.027638304233551025,0.08228633999824524,0.008590597473084927,0.3297547042369843,0.20109861493110656,0.11568194031715393,0.013737121410667897,0.08590753674507141,0.002350795641541481,0.21767739411443474
622,0.35833741426467897,0.22037436664104462,0.11751207709312439,0.030344398319721223,0.08320353627204895,0.008667361736297608,0.33746684789657594,0.20418195724487304,0.11588059067726135,0.02425493150949478,0.08519102782011032,0.0024044583551585674,0.227731008362025
623,0.35870182514190674,0.21328150928020478,0.12292757034301757,0.035934212431311605,0.08625058084726334,0.008648711070418359,0.36174712181091306,0.2236551821231842,0.11910433173179627,0.026698699593544005,0.08774348944425583,0.0025355818681418894,0.23608210263773802
624,0.36181854605674746,0.22698297798633577,0.11375877559185028,0.032513749599456784,0.0801301047205925,0.008641915395855904,0.3530398905277252,0.22089115679264068,0.11486695557832718,0.022231662273406984,0.0853777289390564,0.0023901946377009155,0.22486654142849147
625,0.37099915742874146,0.22814511358737946,0.11901982873678207,0.03749942146241665,0.084060437977314,0.008675896562635899,0.3431956708431244,0.2097400724887848,0.11755880117416381,0.020404379814863205,0.08674720674753189,0.002477090433239937,0.22718747816979884
626,0.3604531645774841,0.21739965081214904,0.1225540205836296,0.030472910031676292,0.08652553260326386,0.00905063059180975,0.34598634839057923,0.21270183026790618,0.11951296925544738,0.016673262417316436,0.08768576234579087,0.002816433925181627,0.2266884279437363
627,0.3553552985191345,0.2162877321243286,0.1180346131324768,0.03243760168552399,0.08310206532478333,0.00867262315005064,0.36418493986129763,0.2261599361896515,0.12141187489032745,0.022103031724691392,0.08943927139043809,0.002221300359815359,0.23517547836527228
628,0.36643958687782285,0.22463311851024628,0.12092794328927994,0.030753274261951447,0.08567375242710114,0.008955389633774758,0.34857959151268003,0.2085234671831131,0.119790980219841,0.029668980836868288,0.08799585551023484,0.0025769691448658703,0.24003278571181
629,0.36368807554245,0.21537159979343415,0.12336660027503968,0.040173836052417755,0.0869002178311348,0.00863871220499277,0.36377934217453,0.22377845048904418,0.1185056060552597,0.02994593232870102,0.08819567114114761,0.0025611408054828644,0.23920835033059118
630,0.36058526039123534,0.21685585677623748,0.12435172200202942,0.02845299206674099,0.08756266236305237,0.009269449114799499,0.3437123477458954,0.21047371625900269,0.11399435698986053,0.02650328427553177,0.0844518318772316,0.002673670370131731,0.22762314351275562
631,0.3708311438560486,0.22230170667171478,0.1266077607870102,0.033180632442235944,0.08925616592168809,0.009401215985417367,0.3306437611579895,0.19471525251865388,0.11488305926322936,0.031089986115694045,0.08465463668107986,0.00252792639657855,0.23315560845658184
632,0.37030373215675355,0.23087060451507568,0.11992455273866653,0.028738119825720786,0.08455538153648376,0.00906262919306755,0.3446945369243622,0.2085777997970581,0.12348027974367141,0.013691678084433079,0.09101561009883881,0.002422382775694132,0.2306099507026374
633,0.3574729382991791,0.21714310050010682,0.11746532768011093,0.03467357605695724,0.08339063823223114,0.008725627698004246,0.36115832924842833,0.22031886875629425,0.12253039926290513,0.024008759669959544,0.09053946286439896,0.003073040023446083,0.2401516618207097
634,0.35194637775421145,0.20961299836635588,0.12091915607452393,0.032273630425333974,0.08535769134759903,0.009126255847513675,0.31808545589447024,0.2010926276445389,0.10192799270153045,0.018262900039553644,0.07604817599058152,0.0024695598520338537,0.19870862858369948
635,0.37178325057029726,0.22505903244018555,0.12375087887048722,0.03634429760277271,0.08691288977861404,0.009027833677828312,0.34493287801742556,0.20857578217983247,0.11461693495512008,0.03286985233426094,0.08433829694986343,0.0023975234478712084,0.23422260768711567
636,0.3687422454357147,0.22813500761985778,0.1174483522772789,0.03628057092428207,0.08285485208034515,0.008755169250071049,0.3341226279735565,0.20220621824264526,0.115777987241745,0.020490315556526185,0.08567674309015275,0.002522206678986549,0.22446725256741049
637,0.36453948020935056,0.2222026467323303,0.11964741945266724,0.03512511849403381,0.08460739403963088,0.008545310795307159,0.34503028988838197,0.2075864017009735,0.12293944507837296,0.018433891236782074,0.09010984599590302,0.0024705063551664352,0.23395368866622449
638,0.3640045404434204,0.22223164439201354,0.11952009499073028,0.034521476551890376,0.08431166559457778,0.008688897639513016,0.34192733764648436,0.20263367593288423,0.12498080730438232,0.015863820910453796,0.09236488789319992,0.003005213476717472,0.2362147295847535
639,0.3606973171234131,0.21273170709609984,0.1219686359167099,0.04223213419318199,0.08589771389961243,0.008722489047795535,0.34201345443725584,0.21497362852096558,0.11467276811599732,0.01135501842945814,0.08556885421276092,0.002783219702541828,0.21437986046075821
640,0.3635122537612915,0.21627019643783568,0.12445495575666428,0.03490851856768131,0.08811099082231522,0.008680635131895542,0.3364420890808105,0.19666597843170167,0.12350508272647857,0.02297426834702492,0.08995291441679001,0.0025690719252452255,0.23900133741553872
641,0.35254660844802854,0.21352181434631348,0.11909245550632477,0.029371020570397376,0.08409194350242614,0.009039220958948135,0.35128669142723085,0.2108848661184311,0.1239021360874176,0.020324519276618956,0.09192148745059966,0.002294879499822855,0.23844302231445907
642,0.36459499001502993,0.22314555048942566,0.12071642130613328,0.030212211608886718,0.08564095199108124,0.008974935486912727,0.3557801008224487,0.21429114937782287,0.12245814651250839,0.02588164135813713,0.09058023095130921,0.00246090367436409,0.24138092249631882
643,0.3563076496124268,0.21315397322177887,0.1207691788673401,0.03544548526406288,0.08491409718990325,0.008572149276733398,0.33460638523101804,0.20700042247772216,0.11346927583217621,0.017355325818061828,0.08352152556180954,0.002731945365667343,0.21707807257771494
644,0.3587554395198822,0.21839767396450044,0.12018531709909439,0.029305125400424004,0.08509310781955719,0.009113006107509137,0.34449390769004823,0.1965888798236847,0.133196222782135,0.016986222192645072,0.09802928268909454,0.0028475746512413025,0.2510593023151159
645,0.3581909894943237,0.22035166323184968,0.11935903728008271,0.02725118547677994,0.08394217342138291,0.008927684649825096,0.35035125017166135,0.2059306561946869,0.1257353961467743,0.026830488443374635,0.09205089211463928,0.0024676686618477104,0.24708444536663593
646,0.34696372151374816,0.2152721643447876,0.11107752919197082,0.031691869348287584,0.07852957248687745,0.007985576149076223,0.35956716537475586,0.2134588122367859,0.12724843472242356,0.027901558578014372,0.09274318367242813,0.002479720441624522,0.2503728974144906
647,0.35944738388061526,0.22280842959880828,0.11773792952299118,0.02796267569065094,0.08275761306285859,0.00915726162493229,0.35303709506988523,0.21327852904796601,0.12448019683361053,0.01915881559252739,0.09154050797224045,0.0025891567580401897,0.23776867715641856
648,0.36822818517684935,0.22733628749847412,0.11910419911146164,0.033059407770633695,0.08427371382713318,0.008714424073696136,0.3559096693992615,0.21581304371356963,0.1217360407114029,0.027830693870782852,0.08845545500516891,0.0024100344628095625,0.24043222405016423
649,0.3704975426197052,0.22447005212306975,0.12227033227682113,0.0370817057788372,0.08624117970466613,0.00912871491163969,0.3325423300266266,0.21035290956497193,0.10814745128154754,0.016639995295554398,0.08024752587080002,0.002355330903083086,0.20739030335098507
650,0.3473845958709717,0.21349865794181824,0.11433563977479935,0.03018082268536091,0.08032908588647843,0.00833148304373026,0.3386371374130249,0.1972556859254837,0.12536923885345458,0.019396474957466124,0.09260879009962082,0.002927301963791251,0.2403018058743328
651,0.35263636112213137,0.2127407968044281,0.12183437794446945,0.02673681564629078,0.08551681041717529,0.008920050039887429,0.336833256483078,0.20183075070381165,0.11831661462783813,0.02212996333837509,0.0871789038181305,0.002527250535786152,0.23015273232012987
652,0.35069855451583865,0.21099922358989714,0.12035158425569534,0.028314391151070595,0.08486267626285553,0.009147986210882664,0.3505910158157349,0.2074730634689331,0.11953464150428772,0.037713853642344475,0.08705028742551804,0.0027006850577890873,0.24699946762993932
653,0.3508772552013397,0.2168199121952057,0.11353725790977479,0.0313951388001442,0.08007769435644149,0.008441827073693276,0.3513555407524109,0.21026648879051207,0.12092407941818237,0.02976810932159424,0.08861523568630218,0.0026250800117850305,0.2419325044378638
654,0.3501432240009308,0.21508549451828002,0.11448537558317184,0.031561266630887985,0.08054742366075515,0.008768114820122718,0.3415954828262329,0.1959743857383728,0.12628604471683502,0.02752425819635391,0.09268740266561508,0.0025715097784996034,0.2490692153573036
655,0.35448811650276185,0.20995236039161683,0.12594933956861495,0.027161412686109544,0.08881295323371888,0.00871459636837244,0.33968072533607485,0.20950043201446533,0.11350120604038239,0.022111943177878856,0.08373366743326187,0.0026806094218045475,0.22202742607332765
656,0.35928871631622317,0.21265859603881837,0.1243514135479927,0.03555491380393505,0.08707440346479416,0.008945656195282935,0.3551028847694397,0.2192998558282852,0.11888608187437058,0.02180320993065834,0.08796016126871109,0.0025508995167911053,0.23120035259053112
657,0.35648615956306456,0.2161992609500885,0.12065998464822769,0.029360454902052878,0.08512942343950272,0.008558517135679723,0.345208078622818,0.21547267436981202,0.11533882617950439,0.0182583287358284,0.08481688052415848,0.0023754574358463287,0.22078949287533758
658,0.3619657218456268,0.21439313590526582,0.12578681707382203,0.03355650901794434,0.08844747692346573,0.009221612475812435,0.35203552842140196,0.20680382549762727,0.11996926665306092,0.039997273683547975,0.08800647407770157,0.0024716124869883062,0.25044462690129876
659,0.36601333022117616,0.2199118822813034,0.12326206713914871,0.03574389815330505,0.08691082298755645,0.008680121041834354,0.3454154789447784,0.22076936364173888,0.1116987258195877,0.014584779739379883,0.08267408162355423,0.002340008970350027,0.21129759615287186
660,0.3665933310985565,0.22127148509025574,0.12133350223302841,0.038201621174812316,0.08537950962781907,0.008882960304617882,0.3598612666130066,0.2139820009469986,0.13078517019748687,0.020682452246546745,0.09510584026575089,0.0023932568728923798,0.24896671958267688
661,0.34924071431159975,0.21038817167282103,0.11904771625995636,0.029938455671072006,0.08347989916801453,0.009378212876617909,0.3377587854862213,0.19977871477603912,0.1250000536441803,0.01306835999712348,0.09263455718755723,0.0026226796209812163,0.23332565044984221
662,0.3586269736289978,0.2181300550699234,0.12188323438167573,0.026489207707345485,0.08614661246538162,0.009081458300352096,0.35732796788215637,0.21409225165843965,0.12464421391487121,0.02515737824141979,0.09204582124948502,0.002435892028734088,0.2442833054345101
663,0.37099851965904235,0.22612527310848235,0.12330039739608764,0.032288242131471634,0.08709102123975754,0.009295981749892235,0.34129470586776733,0.20913034081459045,0.11677557528018952,0.019524249993264676,0.08612745851278306,0.0024841949343681335,0.22491147872060538
664,0.355652379989624,0.21577653884887696,0.11949961334466934,0.0317068487405777,0.08401836603879928,0.008308337442576886,0.3510544180870056,0.21970213055610657,0.11421729028224945,0.023234865069389342,0.08435424417257309,0.002230828208848834,0.22403722773306073
665,0.3611153244972229,0.22066677808761598,0.12019635438919067,0.029521700739860535,0.08505099564790726,0.009155581705272198,0.356104189157486,0.22069784104824067,0.12000302374362945,0.019612054526805877,0.08845241069793701,0.002293984964489937,0.23036147393286224
666,0.35074302554130554,0.20884305834770203,0.12078765332698822,0.033155791088938714,0.08467508256435394,0.008821373619139195,0.3545806109905243,0.21047218441963195,0.12308528423309326,0.030859842896461487,0.09056668132543563,0.0023724636994302273,0.2468842721544206
667,0.35261197090148927,0.20626493394374848,0.12365159690380097,0.03520714119076729,0.08723899126052856,0.008818003162741662,0.3272095859050751,0.19337323009967805,0.11821475774049758,0.019655021652579308,0.08734755665063858,0.0023937054676935075,0.22761104151140898
668,0.34805587530136106,0.20801430940628052,0.12065929621458053,0.027384942024946214,0.08539247661828994,0.009517650865018368,0.3357416749000549,0.20582271814346315,0.11330271959304809,0.022473612427711488,0.08353742808103562,0.002307828236371279,0.22162158833816648
669,0.35534206628799436,0.21660456359386443,0.11656980365514755,0.035455848276615146,0.08175964802503585,0.008557949680835009,0.32990370988845824,0.20126543939113617,0.11361023783683777,0.01967657506465912,0.08345597982406616,0.0025218750117346643,0.21926466773729772
670,0.35304484963417054,0.21469303071498871,0.1177695170044899,0.02977197915315628,0.08372036963701249,0.008829190768301487,0.34808456897735596,0.20089163184165953,0.12966081500053406,0.024411241710186004,0.09484774470329285,0.002482669148594141,0.25140247056260706
671,0.3591103732585907,0.21582629084587096,0.12121824473142624,0.034901123866438864,0.08527560532093048,0.008384881261736154,0.3395717203617096,0.20743526220321656,0.11292485892772675,0.0276081383228302,0.08328829258680344,0.0023333079181611536,0.22615459775552155
672,0.36370077133178713,0.2179248809814453,0.12371873408555985,0.0336476668715477,0.08735525906085968,0.008962348289787769,0.34977065324783324,0.20950517058372498,0.1268417090177536,0.014785767626017332,0.09356220066547394,0.0025157736148685218,0.23770545092411338
673,0.3616919219493866,0.22095836997032164,0.12369058579206467,0.024023326113820076,0.08743660598993301,0.008356208633631467,0.360732889175415,0.2244488537311554,0.11790198981761932,0.026753558218479155,0.08630683273077011,0.0024596234317868946,0.2334220041986555
674,0.3515411078929901,0.2096141755580902,0.12103193998336792,0.03269503973424435,0.08486379832029342,0.008812070451676845,0.33098971247673037,0.20207259058952332,0.11326248794794083,0.018309549242258073,0.08458369970321655,0.002399825770407915,0.2185555626638234
675,0.36846433877944945,0.22531800270080565,0.12292955815792084,0.02968124970793724,0.08702955842018127,0.00879458375275135,0.35325719714164733,0.21499088406562805,0.12223711907863617,0.02181237153708935,0.08950384110212325,0.0023702668957412245,0.23592359861359
676,0.3480842113494873,0.20645017623901368,0.12211097031831741,0.027176965773105622,0.08657916188240052,0.009666195698082447,0.35421919226646426,0.2111894130706787,0.12626795768737792,0.02130758762359619,0.09321755468845368,0.0025561194866895675,0.24334921948611735
677,0.34767225980758665,0.2084789276123047,0.11770117282867432,0.033680548518896104,0.08269200772047043,0.008701388351619243,0.36101333498954774,0.22844538390636443,0.11565605401992798,0.023677150905132293,0.08472614884376525,0.002612754516303539,0.22667210828512907
678,0.36570562720298766,0.22200323045253753,0.12220383733510971,0.0331126045435667,0.08630593866109848,0.00835798978805542,0.35078787207603457,0.21284146904945372,0.1202593743801117,0.023304004594683646,0.08897165507078171,0.0024898456409573554,0.23502487968653443
679,0.347049218416214,0.21235670149326324,0.1138674944639206,0.03221594616770744,0.0801553636789322,0.008537870831787586,0.33832537531852724,0.2075917661190033,0.11672054678201675,0.016774219274520875,0.08610273152589798,0.0024552380200475454,0.22205273560248315
680,0.3575986325740814,0.22426993846893312,0.11538827866315841,0.02637965828180313,0.08139366656541824,0.008257425483316183,0.34438655972480775,0.21001259088516236,0.12197204828262329,0.01245478019118309,0.09033796340227127,0.002433995623141527,0.22719878749921918
681,0.3654896914958954,0.2244332879781723,0.12108850777149201,0.02927224300801754,0.08566631227731705,0.008854861930012703,0.33437597155570986,0.20360486805438996,0.11682762950658798,0.015662447176873685,0.08670566082000733,0.0023718750104308127,0.2215676125138998
682,0.3637956142425537,0.2239915043115616,0.11969281733036041,0.029463351517915726,0.08481943607330322,0.008690298162400722,0.3437307357788086,0.19955845773220063,0.12474699914455414,0.03003769740462303,0.09031670540571213,0.0028252779971808194,0.24792667995207013
683,0.36223320960998534,0.21780364215373993,0.11955608725547791,0.03890905380249023,0.08473907709121704,0.008738273568451405,0.3529635965824127,0.22233473658561706,0.11625518202781678,0.016300008073449133,0.08650472015142441,0.0021951749920845033,0.2212550852447748
684,0.3542704641819,0.2087951809167862,0.12298578470945358,0.03443835638463497,0.08692444562911987,0.008871825225651265,0.34058127403259275,0.21102319657802582,0.11323745846748352,0.020924548059701918,0.08387529104948044,0.002498585171997547,0.22053588274866343
685,0.3455629885196686,0.20846038162708283,0.11893559396266937,0.026034196093678474,0.08388213515281677,0.009045377932488918,0.3314912497997284,0.2097219169139862,0.10772551000118255,0.01593848392367363,0.08027847409248352,0.0024079076014459134,0.2063503756187856
686,0.3532025456428528,0.21732064187526703,0.11682492047548294,0.028162096440792084,0.08257112801074981,0.008364514354616404,0.33306257128715516,0.19955541491508483,0.1131090521812439,0.03035725951194763,0.08327546715736389,0.002240697480738163,0.22898247633129357
687,0.363442599773407,0.21965686976909637,0.12009907066822052,0.037089673802256584,0.08479989320039749,0.008822564035654068,0.3531234681606293,0.21944642066955566,0.11747942715883256,0.020843945257365704,0.08681344538927079,0.0023956263437867166,0.22753244414925577
688,0.35984529852867125,0.2161997973918915,0.12022919207811356,0.036493659019470215,0.08498083502054214,0.008698146976530551,0.33101028203964233,0.19497071504592894,0.12192438840866089,0.01643778756260872,0.08998321443796158,0.0025203096214681865,0.23086570003069937
689,0.3535300314426422,0.21382858455181122,0.11785892844200134,0.03344995640218258,0.08322643339633942,0.008784726727753878,0.3194892942905426,0.1906781852245331,0.11507488042116165,0.014952371083199977,0.08560771495103836,0.002409509290009737,0.21804447574540972
690,0.3626783311367035,0.21937948167324067,0.12132234275341033,0.03424288108944893,0.08528596609830856,0.008989460114389659,0.339773428440094,0.20312743484973908,0.12008572816848755,0.02355230450630188,0.0876188725233078,0.002450508205220103,0.23370741340331733
691,0.36957802176475524,0.22634002268314363,0.12102639675140381,0.03447374813258648,0.08512391299009323,0.009138574823737144,0.3559160649776459,0.2135065257549286,0.1237566202878952,0.02458631545305252,0.09160802811384201,0.0027627421543002127,0.24271370600908998
692,0.3585819065570831,0.21467454433441163,0.12304509878158569,0.03115367889404297,0.08691126853227615,0.009011424146592617,0.3379936158657074,0.18607655465602874,0.1292364478111267,0.03612346947193146,0.09370412230491638,0.0027604940347373485,0.26182453362271185
693,0.3626698017120361,0.22221942842006684,0.11859829425811767,0.03391055688261986,0.08372132182121277,0.008388577960431576,0.34877908825874326,0.21117887794971466,0.12065423429012298,0.02423658184707165,0.08803986459970474,0.002491620648652315,0.2354223013855517
694,0.35080563426017763,0.2125583916902542,0.11755257844924927,0.029805396497249604,0.08368262499570847,0.008792282827198506,0.3256517231464386,0.19182152152061463,0.11989224553108216,0.016113053262233733,0.08858129978179932,0.002449433645233512,0.2270360322203487
695,0.3609792351722717,0.222709721326828,0.12016605436801911,0.026019321382045747,0.08477913737297058,0.008861802890896798,0.32896413207054137,0.19455450177192687,0.11384140849113464,0.029958176612854003,0.0839987799525261,0.0025586703326553107,0.23035703538917005
696,0.35914846062660216,0.22147124111652375,0.11736662834882736,0.029917635768651963,0.08309556394815446,0.008825690299272538,0.34649970531463625,0.20858339667320253,0.11898571848869324,0.027090712636709213,0.08752485066652298,0.0023007516749203203,0.23590203346684574
697,0.35094510316848754,0.21605006158351897,0.1150614634156227,0.029830440506339075,0.08136440515518188,0.008193958736956119,0.3392593085765839,0.20158447623252868,0.11702121198177337,0.030380313843488695,0.08596400767564774,0.00282860160805285,0.23619413510896264
698,0.3625199913978577,0.21829099357128143,0.12005632221698762,0.03855590485036373,0.08478794991970062,0.008292393572628499,0.35558523535728453,0.21816016733646393,0.11600614488124847,0.033641469478607175,0.0846164733171463,0.002372041344642639,0.23663612902164458
699,0.36299761533737185,0.22207226753234863,0.12195308804512024,0.027043189108371734,0.0865690216422081,0.008497580885887146,0.3227021276950836,0.18641323447227479,0.11870241165161133,0.023581668734550476,0.08765906542539596,0.0024565708357840777,0.23239971664734185
700,0.3680692195892334,0.22322463393211364,0.12232810258865356,0.03449389562010765,0.0862674057483673,0.009263567440211774,0.34159707427024844,0.19861044287681578,0.12676745802164077,0.021640832629054786,0.09280527085065841,0.002661391720175743,0.24387495322152972
