sample_id,source_name,source_row,pattern,m,n,tcrease,tpanel,W,creaseE,panelE,bendstiff30,bendstiff60,bendstiff90,axialstiff30,axialstiff60,axialstiff90
miura_00001,miura,1,1,24,9,0.0005335106221225,0.0032523637718859,0.0018671621186657,2524177304.62651,3215885086.86058,133869.551931075,40705.0730782034,18639.255146931,12418.981920453,23592.906128434,250199.689454778
miura_00003,miura,3,1,36,9,0.0008823691998597,0.00496421459441,0.0022788205800185,1508184050.47757,4519218088.69084,501290.919216185,148242.860099923,42065.6466622647,38814.6635536106,74855.7416017229,616917.192224209
miura_00004,miura,4,1,30,9,0.000724403307076,0.0015040919902165,0.0023621363656088,4745892771.55499,4386203973.0984,20123.0417247731,6830.27008845333,5456.1407822165,44203.7061503281,69487.8254479921,296683.396228401
miura_00005,miura,5,1,36,9,0.0005320391662636,0.0039478754500165,0.0032473431852596,1467340479.81424,4395060617.92979,228927.357393849,69206.1216586128,25371.6651515964,8075.66071832058,18943.9415701235,274652.436708387
miura_00006,miura,6,1,30,12,0.0006934783295076,0.0035189103745955,0.0031719242165731,1735003817.20226,2820997443.10931,68335.8668182171,20410.1632919412,9973.16666617711,13106.8232391777,23300.6760413162,212163.799022804
miura_00007,miura,7,1,24,9,0.0008644569655374,0.0046056667392779,0.0012615881846511,2094563741.14635,1576200699.18252,216144.766237766,60676.6357373499,18508.191305863,52470.936717988,87465.9214841538,459509.656847598
miura_00008,miura,8,1,24,12,0.0008768414349565,0.0013268535586359,0.002376586600903,4836417092.43767,3788052106.12506,6933.11314155766,2650.17092496789,3197.13297805199,62164.6987230109,100070.294457203,450372.345177969
miura_00009,miura,9,1,24,9,0.0006013026349418,0.0040806185866416,0.0033118727379557,2203273995.30002,3500746813.44264,164919.225992508,50627.6409180823,24354.4658821746,9943.96183939382,20389.0455757056,282417.4329335
miura_00012,miura,12,1,30,9,0.000677951837679,0.0027244071431557,0.0037265369972995,3752173143.3727,4155232492.76764,66204.6931049585,21192.6924221999,12496.2091334305,20533.7566249411,34716.3309009395,235850.380530767
miura_00013,miura,13,1,30,9,0.0009695058110685,0.0011996076252166,0.0029609242834405,4980021623.32524,1021675852.08106,2333.23777066176,853.433270772327,886.641010083469,64770.4323715121,91227.1923395597,180917.251348766
miura_00015,miura,15,1,36,9,0.0005906723271549,0.0023758202091086,0.0039880607905352,3779913664.45176,1047144086.13125,12175.9202013282,3897.88101304774,2256.27945152868,13865.4210708416,21578.4103430472,90826.5499987141
miura_00016,miura,16,1,36,12,0.000792109956113,0.0043465801083396,0.001366249251207,4465076590.2748,4852149434.32523,445112.63180619,111724.897822492,30455.5225218722,123358.146288139,202141.170310471,1056945.69401555
miura_00017,miura,17,1,30,9,0.0008954910945982,0.0016864393440123,0.0020981375390621,2843656353.98084,4845251916.34833,34188.0805749461,11262.4431268977,7770.54620695799,56557.5128053739,88877.5852173917,379132.382691366
miura_00018,miura,18,1,24,9,0.0006648421516565,0.0048715985763138,0.003441190811756,2912527609.06578,2734321200.02512,201029.334224144,60206.7779326139,25471.5911531028,15477.6952007245,30219.3855531383,336628.328232937
miura_00019,miura,19,1,36,12,0.000596331459894,0.0010167796747473,0.0012720147655542,2694765647.31708,4768434540.73405,8886.14495477368,3010.49333995366,2497.21084575531,32309.0618697945,50688.3628276448,227691.932227353
miura_00020,miura,20,1,36,9,0.0007369122720809,0.0057305312977659,0.0027291907938701,3715104344.50102,2294989500.80703,311639.192246058,91993.7362266784,25371.258832679,42398.5857987933,73728.7393389353,449543.820057943
miura_00021,miura,21,1,36,12,0.000714018062729,0.0036865497267651,0.0031850708281006,2578852180.4759,3308332696.44308,101202.266140132,29074.4950013646,11986.3693522246,24028.419146629,41217.4918368646,298338.298883899
miura_00022,miura,22,1,24,9,0.0006249464063375,0.0041697309145769,0.0039472517232898,2987954644.9857,2504605757.48993,107589.261936142,33375.4445129431,16954.0796155638,11131.4414081084,20898.3315868322,223310.521979195
miura_00023,miura,23,1,36,9,0.0007107598704161,0.0011764726368428,0.001817539787485,1355394260.59392,1661475966.76965,5526.55237626838,1846.13551056583,1372.36596090856,18163.8426061622,27655.3077837221,97261.0482919767
miura_00024,miura,24,1,30,12,0.000862004678022,0.0044092836989687,0.003174235593041,3485128558.57737,3814916317.68581,173250.608504096,49251.1991534941,19981.3348899712,47050.7681123706,80615.6835385225,567387.233319378
miura_00025,miura,25,1,24,12,0.000884688674128,0.0013722951019441,0.001306835151788,1377810646.10708,2821373631.0951,9552.55990592778,3350.98297250695,3013.49683339492,34490.0249440494,56110.6798001442,282367.852071375
miura_00026,miura,26,1,30,6,0.0008614607272876,0.0031317066675958,0.0023743392130135,4111391931.90406,3947755820.40755,202129.511900792,73937.6682367225,29478.1490153863,63838.6984552913,101100.353400143,416933.196894057
miura_00027,miura,27,1,30,9,0.0007847581667142,0.0029685862524822,0.0034547140560963,4105362691.37478,2860007058.15896,62078.7349412413,19519.4547285019,10386.6925361105,35105.3981594662,56817.9182920217,293561.073502415
miura_00028,miura,28,1,24,12,0.0005383244655887,0.0028731318335451,0.0028119782061714,3245954976.58272,3945902038.3134,53007.0909098923,17053.3497883544,11138.4355429976,10738.3525915015,19422.4545992153,212056.185547566
miura_00029,miura,29,1,24,12,0.0008948023185976,0.0045172146788895,0.0027422106885047,4405244422.68854,4938964586.9537,245081.506953161,70653.2974372765,30605.8892284072,62616.8995026379,109724.449755241,860998.757124183
miura_00030,miura,30,1,30,9,0.0007329400852523,0.0049061856876672,0.0012088791870871,4859648465.49032,1924407091.89922,306580.467829378,86588.9087717002,22661.1376481363,93691.3662844656,148847.646938357,615399.916061835
miura_00031,miura,31,1,24,9,0.0005393162728664,0.0020517291666052,0.001389196175235,2904807118.27465,1230036318.00765,18872.1696238968,6032.4710603637,3577.03368910347,15584.0017808741,25343.9334181132,127555.796566173
miura_00032,miura,32,1,30,12,0.0006459398424216,0.0048789069448601,0.0018738104924949,4042888909.4814,4732698207.33362,436074.176014346,113333.331204399,34894.0476762811,43121.7139631003,80937.6170674948,756912.511785386
miura_00033,miura,33,1,24,9,0.0009317939129491,0.0019335400220298,0.0014879791819967,1362140429.08355,3663048019.41355,44674.0003623712,14517.6014356342,9328.43732282531,35601.9579234465,58335.1812788473,310837.687479786
miura_00034,miura,34,1,24,12,0.0009835119846836,0.0011835042276842,0.0038765184515351,3920104173.96148,4613292605.44328,3964.64264839284,1661.78889059403,2721.67709964363,44161.3056604628,72183.8647770627,362090.210003843
miura_00035,miura,35,1,30,12,0.0007318816255898,0.0032448876681212,0.0021299392420491,1310153498.01913,1446390627.37365,40025.9422566473,11653.7980415133,5162.03003707197,15729.765865366,26450.6261115696,170530.837052222
miura_00036,miura,36,1,36,12,0.0005401604801435,0.0022236545078382,0.0019699455435458,3249583973.55825,2679171557.91421,30811.7245945715,9328.56602005074,4771.86183646127,19873.1276478085,32443.3562523103,185223.53651269
miura_00037,miura,37,1,36,12,0.0008109656881832,0.0032455728824088,0.0027067617271118,4842381691.93259,1637323158.7,40950.8132219546,11874.9649907092,5087.02255392306,67422.8329342612,103179.33903719,386346.012875701
miura_00038,miura,38,1,36,12,0.0006084677179052,0.0014902522285354,0.0029100658643094,1389171773.44797,4214957649.50961,10684.5557248204,3644.48356354118,3111.39118127595,8567.17843022968,14289.7238950572,98895.0662423629
miura_00039,miura,39,1,36,9,0.0005959396740683,0.0018283517543869,0.0015586986071257,4137732071.01306,3810212451.31261,48855.3769507129,15282.9667750001,7516.17901233739,40024.9422443962,62397.5147399508,263647.962986762
miura_00041,miura,41,1,30,6,0.000939081676022,0.0012268366513177,0.0023092445814189,4691120432.26819,4277935403.33599,22223.7856047007,7753.99412186294,5905.63743195356,81176.9898091549,121254.053165076,317338.409521635
miura_00042,miura,42,1,30,9,0.000655367808138,0.0031503934259137,0.0039008326623588,1700881402.71313,1939324998.07219,44316.2360968663,13946.520059401,7443.91357306018,8408.96509131191,14684.461541361,115944.145925958
miura_00043,miura,43,1,30,12,0.0006173802770848,0.0021789967266418,0.0023927749520218,3942452094.36384,2263095173.63229,18283.9864222427,5868.56208479862,3849.23233133544,24037.203415871,39096.6001159805,213093.501725334
miura_00044,miura,44,1,30,12,0.000802218505993,0.0036818196194723,0.0038436789017305,1038236219.65479,4363974920.11674,100760.456144273,30420.664157234,15516.7273413399,11108.0789883101,20901.4666070051,258232.718934981
miura_00045,miura,45,1,36,12,0.0008903614553932,0.0024406411786742,0.0015802988523796,2646374205.897,3842014101.51976,70107.9956547612,20395.8050893416,8845.37218416003,85135.4871729135,132524.265226365,556889.953096873
miura_00046,miura,46,1,36,12,0.000661141850683,0.0051761552773502,0.0037763819848943,4268679211.02496,1437046002.80143,94813.484451418,25794.9224181095,8779.23352178315,25599.1230193664,42852.0042665712,261843.927345641
miura_00048,miura,48,1,30,9,0.0008210691249803,0.0052687524840249,0.0032002854342292,3181924451.25508,2900400199.59648,296983.38837048,86981.4632377617,29175.3694585304,37162.1373106874,66304.3956096061,482260.754106469
miura_00050,miura,50,1,36,9,0.0005407857711149,0.0013915588873918,0.0030456828259865,2402313336.20493,1956544980.70514,6433.58305757965,2180.98737040006,1751.32753801745,9048.47612731447,14319.240419724,68549.7869673762
miura_00051,miura,51,1,36,12,0.0006954707550429,0.0029331067744774,0.0034875132924294,2480254358.6333,3178790483.98409,47401.6949124883,14375.3465995521,7404.84998595326,19032.1744291165,31934.093155203,214657.562042794
miura_00054,miura,54,1,30,9,0.0007861424595963,0.0020507047799369,0.0027045158778556,1384511084.6174,3753468988.95792,36053.4521749727,11757.0035485613,7679.60535077284,15929.9268139902,26528.4316431388,167167.131503646
miura_00055,miura,55,1,30,9,0.0008677114189229,0.0047604782641231,0.0013280139408193,3281798844.60479,2498558688.96446,355477.078657762,101008.86246487,27523.0173479027,96960.238944987,156238.101848638,698495.368619073
miura_00056,miura,56,1,30,12,0.000900921290811,0.0034616051010312,0.0034342662556683,1135245636.62292,3503738414.82898,75372.0907843797,22783.0978834793,11680.3939186767,17090.0897540912,30049.4228387328,261189.299177681
miura_00059,miura,59,1,24,9,0.0007774033355938,0.005823532170708,0.0014009578019498,4837349986.64653,1269741698.01252,277743.869396196,76072.5276986341,20748.4825021742,77157.5394460399,125868.351286214,577933.757976755
miura_00060,miura,60,1,36,9,0.0009588032149127,0.0059005599159263,0.0015002819932157,3669629657.28459,1136821403.58859,214370.657135481,62763.0421855462,15003.2581080763,144631.096351494,210070.667626149,561043.753107429
miura_00061,miura,61,1,24,9,0.0005261012379998,0.0059936698483451,0.0029291744044202,3753565082.21325,2793976612.28371,396988.14268856,113931.747353093,38741.951070211,14403.3037833419,33756.7141907228,486846.08012493
miura_00062,miura,62,1,24,9,0.0005449413633766,0.0018117065378357,0.0034644000472127,2007936694.55068,2868940633.02005,13222.8064311056,4739.32767315315,4645.03791992335,5118.73511401865,8851.09109292574,74306.8430472694
miura_00064,miura,64,1,36,9,0.0006776627445143,0.0050874957162711,0.0026938077725825,2268282936.51819,3930679346.97603,417635.026389914,123799.746552797,36324.8791972762,24112.5460703918,49789.7199588234,486773.150316056
miura_00065,miura,65,1,30,9,0.0008385270121683,0.0037855885242108,0.0038140189027065,2824938707.03043,4577492266.80962,175714.617129142,53912.1084096761,24621.9914869963,29651.229404155,51884.5302349328,393999.051566041
miura_00066,miura,66,1,24,9,0.0008193912898011,0.0048073514228854,0.0022511428227373,3578892286.9959,2800041944.17492,279867.827200183,81360.9380821873,29504.9238751481,45959.5410512317,80545.1427573264,559862.597318956
miura_00067,miura,67,1,24,12,0.0005117096307016,0.0029767531717624,0.0038630273145796,2216006722.44322,1590087646.04436,17573.852383807,5822.90219346782,4252.34844579053,4509.67018369412,8063.57047784362,83985.5514125963
miura_00069,miura,69,1,36,9,0.0008009780805722,0.0028457341459619,0.0010675219625336,3061827906.53381,1939251362.08208,100749.531456687,30073.9775974636,9505.24249846458,98993.8926697302,145580.519478312,415061.868845962
miura_00070,miura,70,1,30,6,0.0005693950283683,0.0021104432385606,0.0018230106289007,2371014354.3518,4364888875.55611,108149.333139924,38099.9796225372,17908.9368732344,15422.1592548722,26624.858890405,171698.723975041
miura_00071,miura,71,1,36,12,0.0009132467541254,0.0040349521074581,0.0012376417253864,4588573266.77033,3183869914.84303,262270.488912938,66273.5877761185,18386.0571170096,199825.895119454,304011.391193244,1076919.51733277
miura_00073,miura,73,1,30,6,0.0005697757533246,0.0048989174357873,0.0019795653893537,3718865967.06086,2427434886.27628,311434.396969011,126741.876666984,38469.8853752234,23154.5895536164,45498.2651616418,331933.460998738
miura_00074,miura,74,1,30,6,0.0008319820345869,0.0022021857091746,0.0016532524382371,2456844636.14527,3186091206.30512,93254.8680052914,33241.584061784,14759.5299831715,47824.9131422765,73987.850372111,268587.606461185
miura_00076,miura,76,1,30,9,0.0006703763876533,0.0032644506180796,0.0019746276887736,3431563128.40987,4755049132.32668,211490.043972408,63518.615863498,25246.2628861848,34908.3871324342,60739.8836322127,428829.97934144
miura_00077,miura,77,1,30,9,0.0009974603817919,0.0028024696631834,0.001599942716729,1536474628.49126,1974467500.2745,70488.5154732123,21280.2063516935,8751.03022567945,55163.5256999107,85779.9449694005,334921.669408426
miura_00078,miura,78,1,30,9,0.0006167402641926,0.0020296592141861,0.0033065578992117,1703346635.85693,1310817109.77158,10207.8714128788,3388.27851611428,2426.97316973644,7503.09713097878,12250.4876062711,68558.4855144269
miura_00079,miura,79,1,24,9,0.0009540278932558,0.0020917984876361,0.0016999901147159,3021860194.62994,2876365058.17807,39249.2146853598,12721.4086967169,8074.5791870843,69458.8404185411,109823.043175007,447367.578232609
miura_00080,miura,80,1,30,6,0.0009188755756252,0.002485666293545,0.0029115861134463,3984806978.85477,1018047705.73484,27219.1067886503,9537.04139712213,4722.03073167984,52886.6920375458,76679.5826606993,181497.91237099
miura_00081,miura,81,1,30,12,0.0007635228037257,0.0026424206295572,0.0022054574754356,3477257003.86738,4587065126.6368,69076.3857758669,21097.3340181986,11284.7241150499,44799.9365987706,74212.3540593046,448819.874021047
miura_00083,miura,83,1,24,12,0.0009148645818292,0.0030765478083875,0.0014382178131672,2353407245.13016,2447395420.5818,74408.0794222087,21774.5770753727,9955.50511277582,61276.815622878,100823.666636814,542111.025632584
miura_00085,miura,85,1,36,12,0.0008521331257081,0.0043690582816546,0.0036960425630843,1363594461.28781,1857847141.4625,79414.3958724566,22367.336060594,8564.01567714956,18466.2211838648,31578.8393303151,220441.693800062
miura_00086,miura,86,1,24,9,0.0008325007247056,0.0021560481872903,0.00352058814725,4572137568.79768,4920554145.5685,37069.8679247474,12818.0144379473,10874.5747137236,36572.9573879732,60476.6886639428,349210.212662054
miura_00087,miura,87,1,30,6,0.000981384349435,0.0034078419337259,0.0015240442811929,4607543291.392,2043407627.35057,154255.535093917,59965.1841067365,20369.3771079223,147569.741219844,212479.021497588,503863.775601916
miura_00089,miura,89,1,30,6,0.0007190651608017,0.0020785740723418,0.0013422755631287,3807558267.33369,1132389705.10457,33362.3445145973,11980.5715883572,5179.61888175275,52975.5670793336,76167.4581676751,175634.649811547
miura_00090,miura,90,1,36,9,0.0007189638326796,0.0013538579400816,0.0027337266538306,3638505048.50056,1811684337.06775,6231.72128315068,2102.82089505492,1645.50447899885,32496.6860915623,48828.5739657475,151790.600061281
miura_00092,miura,92,1,30,12,0.0006107725408004,0.0032763705418815,0.0022713730088693,2280773806.25546,1509899124.71506,40518.7445941307,11855.4051921646,5349.70364628301,15040.7515276794,25414.7865658558,169022.694723211
miura_00093,miura,93,1,36,9,0.0008922658307061,0.0036083661094977,0.0020303172346026,2568970494.86471,2430642310.60929,142802.321531908,42803.4575458324,14231.7019872754,64032.2277840475,99793.5483929738,403821.721483549
miura_00094,miura,94,1,30,9,0.0006306282305601,0.0033331976881477,0.0028622048257445,2582319501.57112,1828483855.28135,63583.9697511627,19467.7800457039,8774.47475862822,14744.9113908479,25043.3947178091,164104.342065451
miura_00095,miura,95,1,36,12,0.0009681837711709,0.0011277180801604,0.0011683613538034,4628974664.8948,1293269696.67584,4132.97307246929,1348.32048057096,939.611784669653,189221.632136404,229733.930493197,329511.236221198
miura_00096,miura,96,1,24,9,0.0006156005498172,0.0028508764026381,0.0023985392841744,4928231398.59637,2252243232.74588,52800.7123217387,16723.6249991116,9466.61194735363,23877.0676454299,39893.3657675917,239254.433473907
miura_00097,miura,97,1,30,9,0.0007542506816811,0.0054731462678261,0.0029946332822409,3795975282.37094,4492108862.82892,526802.552315277,153202.58118835,48999.2930428604,39896.4324498207,77321.6153546149,705467.688395359
miura_00099,miura,99,1,30,6,0.0008407402449564,0.0038214677613544,0.0014303628710554,2892105397.71026,1928968711.29242,182461.212797276,73086.9180759743,23095.7919624378,66849.4534609818,102925.641507838,347881.389107373
miura_00100,miura,100,1,30,9,0.0008807730285345,0.0043163959676704,0.0012402357702735,4756011775.39856,4139560331.91049,496911.59187425,141959.552268863,40093.0223614228,156075.751873158,249038.524738093,1072213.07177681
miura_00101,miura,101,1,36,12,0.0006327475548137,0.0020438076509781,0.0028791605252818,2779797697.73148,1575258193.47997,10082.9368911538,3219.26369269865,2076.92387040177,17923.876910919,28387.4037637706,136016.787749121
miura_00102,miura,102,1,36,12,0.0005386739591035,0.0057413518197002,0.003381109819594,3218103927.9328,1305079152.50013,122555.299787941,32122.1561940088,9777.75212397785,12971.7431778352,23913.7069616424,207278.872620365
miura_00103,miura,103,1,30,12,0.0007182635631802,0.0055171350349527,0.0035298527476769,4159190809.58806,1915777536.22893,145896.860204749,39839.8164086887,14135.2610614429,29652.3955620294,51573.6027248819,377044.160425184
miura_00104,miura,104,1,24,12,0.0009776269045121,0.0053896075865956,0.0016925300500575,3286072502.30535,4177473573.75033,503401.269588951,129960.22418698,40463.2748844159,97369.8247563923,171094.293180081,1234750.46835833
miura_00105,miura,105,1,30,9,0.0009014121325244,0.003403428651649,0.0036157741199828,4203960869.84158,1736480722.08059,52877.9269510658,16375.2494543064,7943.15720984741,49559.0786182254,77535.2258303629,318062.805172872
miura_00106,miura,106,1,24,12,0.0008952709805053,0.0051443040478084,0.0030897193074851,2987257067.19823,3378817308.31494,216189.480677167,61253.1574353197,25001.9070926516,39185.7720666291,70296.877578226,615673.277927676
miura_00107,miura,107,1,36,12,0.0006672243221866,0.002301354358691,0.0027970036738223,2269241026.42097,4933583916.05802,45245.3498657497,14076.1446038793,8105.51468368213,19326.1024983639,32529.6503009741,227296.238952549
miura_00108,miura,108,1,30,6,0.000793053637093,0.0010299000963579,0.0022322596578481,1520414227.02034,3364238339.26146,10933.8267323943,3864.57840130612,3334.38439968496,18464.8766999612,28640.0131979113,106316.181464192
miura_00109,miura,109,1,24,12,0.0006203823211846,0.0027195015355684,0.0025510099024627,2708142385.3827,4653452795.14925,58503.4985293439,18849.734824493,12382.5076528919,14666.5305768017,26161.788965228,260140.279520478
miura_00110,miura,110,1,30,12,0.0007263454682404,0.0021364993923886,0.0014915210290623,3902775159.24166,2812157342.5149,33430.6180563504,10246.5789925668,5562.1766867783,59735.2844647037,94389.8365235019,418915.654859035
miura_00111,miura,111,1,30,6,0.0009836838400317,0.0041314276195242,0.0026626560231089,1671649018.06996,2124393745.15941,179853.304758856,68561.1534717471,24140.247744649,35581.9742362393,58434.1576109983,276869.207053089
miura_00112,miura,112,1,36,12,0.0009231955313516,0.0039107470066584,0.0025412336307122,2823262441.30918,3105421367.03231,135326.765011579,37496.8515588707,13564.8729720588,65633.8323842537,105806.471168128,539811.984998711
miura_00114,miura,114,1,24,12,0.0008616551288478,0.0032992840987255,0.0011887159419329,2993287625.91445,4911422890.46248,214044.78499183,60147.0404100876,23909.981434464,82764.0342794871,140418.144762174,897884.344065256
miura_00116,miura,116,1,24,9,0.0005179897703703,0.0037219759792207,0.0035987891601722,4449307617.75689,3342650899.60074,113798.477472315,35695.9642876405,19189.0563579673,10687.8119437712,20365.0651068208,237512.059301428
miura_00118,miura,118,1,36,9,0.000785464037322,0.0059858745995175,0.0025494193996744,4848058085.09053,4018142165.53904,616648.779789758,181526.678502408,48089.0088566593,72646.1018293864,129295.467016885,829343.06038928
miura_00119,miura,119,1,30,12,0.0005209581598544,0.0012796236022541,0.0025129962496479,3387468659.67072,1165315432.07773,1996.51432826739,728.609049766019,779.924299788238,11290.7491981924,17987.2239399508,84317.9509877208
miura_00122,miura,122,1,36,9,0.0005882536478703,0.001862038877473,0.0037916895439633,4378829039.10438,3892358087.93597,23817.8892051541,7851.85325432701,5431.49040926718,17525.7680355481,28240.7827618953,151216.81676732
miura_00123,miura,123,1,36,12,0.0009910457118582,0.0049289390082987,0.0010606984065995,2109657156.69427,4135254296.60348,593243.692907641,139458.956212029,33094.021092819,145965.772723718,239025.382410917,1192176.73828064
miura_00124,miura,124,1,36,9,0.0007728326422973,0.0012617683133555,0.0020502341333325,1091875941.45461,3782055273.41928,13559.6678631455,4523.5793539126,3343.43143124509,17741.7574263309,27985.0307215059,130658.475225475
miura_00125,miura,125,1,36,9,0.0009470743474075,0.0048785945757889,0.0015830608324693,3508863406.51626,3515150524.42531,455228.171009373,133946.941241804,34982.3890575323,134921.087294416,212863.294898096,871353.110449636
miura_00126,miura,126,1,30,6,0.0006367123430214,0.0058443797166858,0.0019230167029642,1866379894.47289,2796826874.76202,475297.366085263,200597.226953198,56831.0517083369,19110.5766888792,47159.728167893,455580.460863193
miura_00127,miura,127,1,30,9,0.000985448174004,0.0018444014004713,0.0037071082646448,4514835337.30078,3103501675.2848,16990.9052515298,5789.60548032605,4701.92106417367,64734.8393363236,99852.5525533412,360138.337306002
miura_00128,miura,128,1,36,12,0.0007992366316498,0.0054649735924781,0.0038216729146911,3200387410.30686,4705577027.04894,354032.155744549,95246.6052146419,31283.0295856613,37730.2323842322,69638.187715523,632182.178400241
miura_00129,miura,129,1,30,6,0.000979723662046,0.0026293031386958,0.0027973103260241,4550395053.01888,2475034866.81294,77416.6057636258,27321.646065169,12849.1168336484,80699.3807805819,120875.294093093,349097.279480519
miura_00130,miura,130,1,30,6,0.0009086010026051,0.0057128194998014,0.0038315464138275,2789260261.78255,2821516913.75719,372792.874702444,146259.40640676,47933.6050415205,35312.7357330381,65009.5708219908,430349.963442746
miura_00131,miura,131,1,24,9,0.0006826654653998,0.0042997561130494,0.0018949318990291,2869756185.0833,3498179226.70567,300156.521369657,87587.4747684907,32386.4879742151,27935.5860720833,52708.4239429346,488398.999125973
miura_00132,miura,132,1,30,9,0.0006838685718949,0.0016850819421735,0.0036215378771228,1398567469.97405,4291302317.94136,18000.6605713725,6228.96923367425,5433.0399146864,8191.20519199584,13833.899716772,100095.790000974
miura_00133,miura,133,1,30,6,0.0008425334315877,0.0026710599890414,0.0034232116104939,1472371975.51687,4950427089.19065,138814.624326157,48521.3321613265,24058.5072146732,17018.8470037267,30022.368074621,214707.328455132
miura_00134,miura,134,1,24,9,0.0007783819433867,0.005975325900592,0.0018338797382028,1169641788.70389,4820504945.38429,940679.936316725,261306.167009681,76008.0748161241,25820.6203582998,68005.9972260375,1013188.54618097
miura_00136,miura,136,1,24,12,0.0009133731539671,0.0039750034175027,0.0013410032862657,4526630821.48287,2607530391.55674,170554.665902558,46400.3726678463,16698.2640280263,123618.7853828,200450.60213004,964377.5270608
miura_00138,miura,138,1,24,12,0.0009411033150113,0.0023149929864302,0.002998554650841,3445116486.35899,1286422919.71117,9075.06220615255,3099.24965946161,2528.11511744976,43831.8473825957,69930.8881343366,301849.685667124
miura_00139,miura,139,1,36,9,0.0005642487408524,0.0059585450083818,0.001828342091062,4757498260.23236,3553793498.52751,627426.739021013,183797.674427726,45123.2460617407,40370.1452869702,82776.0902355522,699242.109418927
miura_00140,miura,140,1,36,9,0.0007766805410247,0.0045751554359725,0.0020934281445534,2467410597.8585,4379640563.91737,428579.117469763,126963.098033191,36838.6928720518,44885.3089534289,81514.3542978696,582063.708133775
miura_00141,miura,141,1,24,12,0.0008362096223992,0.0024864470078094,0.0024477231645366,4846751483.73423,4058281618.8527,41383.7113396522,13554.4842542918,9477.31740247142,57047.3940474327,94633.7789562403,550023.669897229
miura_00143,miura,143,1,30,12,0.0005660524631613,0.0055798901382329,0.003072623682413,4897750877.01996,3741528026.20558,329058.366898185,88061.51254056,29383.7393381428,23504.8783603938,46645.119391245,545452.38522936
miura_00145,miura,145,1,30,12,0.0008891884954427,0.0044648183110566,0.0022669262266179,3223082628.45608,2491682133.23352,156266.221629176,42573.3398618839,15009.5617180293,63181.4368824137,104145.175643335,579465.516494591
miura_00146,miura,146,1,24,9,0.0005762637100087,0.0038935792722833,0.0019906180167641,4244774455.19793,3220592211.28393,205494.469629104,61077.7241159523,24838.4779755455,23196.7081642052,42714.4773247046,380443.136724577
miura_00148,miura,148,1,36,9,0.0009600523216133,0.0037865927349773,0.0013927159488392,4763074729.98885,2897337730.22198,240407.391279635,71265.8376813927,20606.853240798,203468.754502346,298651.623423212,842745.876463342
miura_00149,miura,149,1,30,9,0.0006562471030878,0.0036583302792329,0.0037512310585909,1589938348.73195,2967382566.24104,105191.489301743,32385.9163364289,15107.1992380699,9190.37236755458,17482.8907720682,187287.947524208
miura_00150,miura,150,1,30,6,0.0009121474440447,0.0053222590499851,0.0031898036641769,4086028995.09845,1269374805.21198,158886.744457596,62704.3722226427,20427.3469339775,54534.5688300559,84615.7188021088,299438.358471938
miura_00152,miura,152,1,30,6,0.0006002757713452,0.0041494103821259,0.0034557194324567,4055481092.28105,1740766348.46617,130714.642530658,48592.4861118607,18307.7577424288,16115.93041388,28206.7302723885,173799.51716494
miura_00153,miura,153,1,30,12,0.0006670408811701,0.0010020838581824,0.0014251907687387,2564959167.1048,3580609621.29229,5176.72500403167,1870.62151821734,1937.38491174628,31341.072403875,49682.2907150742,223709.87076593
miura_00154,miura,154,1,30,6,0.0005009272888138,0.0058558612557024,0.0031745112911136,4212036986.81779,4064437410.36269,600149.029006851,241057.848002869,74907.1496555758,15691.1259826473,45262.9218298688,549092.207494441
miura_00155,miura,155,1,24,12,0.0007174946865291,0.0022980103739626,0.0011403663724904,4938593091.77474,4843647657.14157,79954.9381525288,24387.7935708502,12995.1418300447,78492.3566968509,129611.03419926,720377.425180626
miura_00156,miura,156,1,30,12,0.0007410732757545,0.0046875217307396,0.0022374891877978,2674285224.16917,2646650692.70016,190702.667954308,51243.4607487858,17314.3875260179,33421.4294642586,58769.2775476932,444512.44420621
miura_00157,miura,157,1,30,12,0.0005604720532397,0.001089552055667,0.003371592634062,4746828852.11444,2439600686.36621,2026.71480210753,798.850668308363,1115.21084894952,14802.3481786563,23819.1681555191,119821.555748169
miura_00159,miura,159,1,30,9,0.0009655499859587,0.0016325586096305,0.002329434464857,3449721604.7622,2200651426.19274,13221.6038386064,4416.78412933174,3258.37170315042,70953.3545147514,106733.486568941,316389.858626558
miura_00161,miura,161,1,30,9,0.000900256174816,0.0041163777799125,0.0032894262010347,3487349195.93596,3897352656.51703,210918.82298013,63511.385497811,25677.9218434817,49555.2688676456,83420.4443683725,509687.959598055
miura_00162,miura,162,1,30,12,0.0005077189315688,0.0043975407269957,0.003762393868785,4199119203.86337,3952346338.08389,153167.696413142,44397.8067775277,19320.6655557494,12201.1907769263,23928.26334876,317191.169326659
miura_00164,miura,164,1,24,12,0.0008599971754915,0.0029590460262784,0.0022384571239629,3389630531.54264,2899029318.60751,52695.6407918262,16392.8822081594,9414.60621206199,47948.1172464064,79878.9721509339,473504.668992673
miura_00165,miura,165,1,36,9,0.0009474537269485,0.0054714182412692,0.0026941405525927,2115263609.38357,1637217719.67489,203671.791346569,60235.3528507856,16988.0744456367,49107.5625021281,79536.1460862006,375093.993824363
miura_00166,miura,166,1,24,9,0.0008543085165862,0.0018242123446002,0.0022367602029,3737252839.80364,2377363281.55846,17257.993455308,5893.60517422723,4736.2023664708,46570.9345868765,73841.0769021222,304393.109381229
miura_00167,miura,167,1,24,9,0.0007889001133609,0.0032441175756505,0.0011619612432213,3481916778.26204,2754264419.67163,169256.90060731,49653.5816931124,18863.2842288571,70238.9848456175,114400.376204554,557737.323812337
miura_00168,miura,168,1,36,12,0.0009550051737299,0.0035168964034561,0.0013761299988638,3118994954.85283,1588711043.88495,86348.9862061288,22865.4759952946,7192.87414732266,135621.19355901,199930.566326316,589724.350503769
miura_00169,miura,169,1,30,6,0.0009414130068127,0.0017356908060596,0.0023119284495381,1703925459.97895,3714340380.39793,47607.6047873596,16445.7668480309,9668.57823706352,34464.902867298,53588.4953643691,205742.532454127
miura_00170,miura,170,1,24,9,0.0007297963887214,0.0012053758434597,0.0023166871621329,1097855548.83189,2695186367.47179,5723.4194667926,2149.09531621627,2505.56712902909,9003.93132138711,14907.3195036525,87857.0522670478
miura_00171,miura,171,1,30,9,0.00085546491994,0.0053748035840099,0.0039346083067116,2012083344.73329,1957947182.15467,181293.620935452,53550.2207142474,19032.2509257334,21941.4478495264,39423.9265095595,301677.016595662
miura_00172,miura,172,1,24,12,0.0008720966253635,0.0053975299830507,0.0032738692762705,3758468716.05657,1187274220.83112,82599.9312124857,23295.7344332539,9373.84326018805,38499.5998544825,64655.0671593669,389913.160957185
miura_00173,miura,173,1,36,9,0.0007276412382524,0.0042896141456561,0.0025511158098815,2048339967.86934,1973549069.05134,148429.392176992,44325.3954634013,14189.4468227672,24063.3725110373,41082.1788646273,250411.44410955
miura_00175,miura,175,1,24,12,0.000876660699324,0.0024342472678975,0.0025617823590187,3292704631.95224,2642798123.78385,24366.6598550975,8065.30908173899,5866.93428613065,42151.7330658171,69482.9947919489,386209.939633127
miura_00176,miura,176,1,36,9,0.0005977592626337,0.0017320484971352,0.0034190801914914,1041519761.42288,2338870957.49276,12770.0929218005,4224.82204395565,2976.03402301122,5120.5290462502,8542.93878363264,56596.552036468
miura_00178,miura,178,1,30,6,0.0008914285562755,0.0036906200913807,0.0022026148076134,4664753593.873,2027936618.04055,150975.762704084,57396.492366076,20475.5732842121,81591.8503652818,123363.742122627,380822.640289554
miura_00180,miura,180,1,30,6,0.0006446131899559,0.001469964793254,0.0037278833649703,1798653707.85257,4167849641.2095,22769.8945375679,7966.36016668525,6356.11595370877,8057.38131805809,13288.2308009457,78582.3861162344
miura_00181,miura,181,1,30,6,0.0008131238369238,0.0038211085044904,0.0016657468343973,2535160296.37914,2687687707.36803,240250.442126464,94627.3480347213,30853.8283551913,48244.8874117748,78904.5228859492,357248.120473508
miura_00183,miura,183,1,24,12,0.0007206463131686,0.005718689158257,0.0022737330638361,2350261870.23556,2667618323.46071,295287.866662081,78155.2484271706,25938.0726491166,24403.6731208102,47689.6204381279,536342.975037506
miura_00184,miura,184,1,30,12,0.000505492839256,0.0031539546900639,0.0039584559449503,4989620822.73497,4314556313.53667,62436.714170871,19540.7190796765,11550.2555957576,12027.8137629462,21521.2676318716,219098.058824544
miura_00187,miura,187,1,30,6,0.0009291032012573,0.0048254608861081,0.0011715027627432,3624309508.74796,3443722832.13678,495947.874941904,212188.666140846,59373.5786232586,139843.181215799,219048.48030955,783330.480551159
miura_00188,miura,188,1,24,9,0.0009190803637934,0.0031552330282434,0.0027946240853733,2437583408.05363,1140370403.71974,31180.3512826561,9829.29400186923,5439.03342489834,31379.1734653855,50286.5351366318,227200.314420151
miura_00190,miura,190,1,30,6,0.0007759760472701,0.005963127143397,0.0016467489198957,1557084803.90993,3478011511.23151,629673.369669584,270496.745514015,74398.4526956404,31513.7634382769,72079.8253365946,621763.045998159
miura_00191,miura,191,1,36,9,0.0009507482295723,0.0046418967305136,0.0031003289681491,3947281709.70595,4386265448.24226,348816.144048088,104290.056675731,33782.2044600356,81963.977417752,134399.584863584,697991.357462262
miura_00193,miura,193,1,24,12,0.0006723877568918,0.0032399087740895,0.0011819335058081,3120587048.90288,1113183419.70397,46533.1525096005,13128.4925865607,5293.87860458329,38680.6289417652,62925.0918038448,311570.417425039
miura_00194,miura,194,1,30,6,0.0009284186682546,0.0047719890694458,0.0017904232529681,2714053150.09986,1668820088.5382,211750.309578615,86776.2596786041,26209.3436978491,68007.6188250334,105591.23056694,369278.545180546
miura_00195,miura,195,1,24,9,0.0008751957333506,0.0056983810816908,0.0018383161820659,1989227504.64978,3786354684.55435,661666.836387421,185055.486900915,55531.8004837208,43565.7842339569,87565.209424373,854650.013781269
miura_00197,miura,197,1,30,9,0.0006798289341678,0.0046642445342863,0.0029113926157018,3031994774.31009,3761084972.95178,305886.839319894,90265.9305936689,31889.8995015329,24248.6031792727,46591.3096242702,440727.738545201
miura_00198,miura,198,1,36,12,0.0007145083100568,0.0024998384697988,0.0037709910890429,1125367627.14728,3085380814.70727,27138.7501113345,8552.9863512991,5213.22897052576,9024.03497189087,15458.716749063,122381.758840905
miura_00199,miura,199,1,24,12,0.0007511231903516,0.0026182937421345,0.0030607296865504,2254215812.26829,1786969624.3005,17082.7799937952,5676.47072401034,4190.59966873915,15963.2433769265,26973.3640698749,179852.329583515
miura_00200,miura,200,1,24,12,0.0006565367434049,0.0022647830620961,0.001958144417876,3739002074.62023,1498026100.05212,14447.8536116522,4711.49312484906,3239.61819944391,26076.4062805453,42740.4915502632,227604.972580627
miura_00201,miura,201,1,30,12,0.0007220560282801,0.0017073823025978,0.00269212540625,2392773757.0351,4416015771.88917,15817.8056593702,5431.11054993098,4660.65441995692,21303.4608093636,35212.603496619,217731.628173477
miura_00202,miura,202,1,30,6,0.0008666383355485,0.0039813199286375,0.0037647808920228,1946211284.78329,4706618450.40469,309355.326357042,113226.179593825,44765.2199204578,23318.6052607912,44598.0414798714,362015.180413428
miura_00204,miura,204,1,36,9,0.0007815492763294,0.0036773034298889,0.0015028015025964,4496537217.1726,1000512816.00218,74744.0570779821,22224.6978465644,6687.50476360873,93977.0067622131,134528.299460023,332623.064828946
miura_00205,miura,205,1,24,12,0.0005373525328042,0.0041032207256576,0.001154508616002,1940148787.40201,4166857295.6014,334669.111899672,88400.9501247979,29175.1851972125,18480.6934226038,39014.6799224878,540985.629569248
miura_00206,miura,206,1,30,9,0.0007536813457729,0.005013749983265,0.0022523424827104,1805116238.03507,4712619605.79645,544259.479658074,157447.017196885,48602.5179350946,27757.7532661175,59047.3394720321,649219.178513917
miura_00207,miura,207,1,24,12,0.0008978484357978,0.0054361915698588,0.0017577464860103,1009986830.10715,2200706239.79556,262931.311559265,68075.5238118501,21330.8366354067,25103.502900261,47909.3981166042,481794.131949067
miura_00208,miura,208,1,30,12,0.0008998518075861,0.0058932262061263,0.001902649624936,2303715404.34392,2463119550.84373,359892.117494743,88976.7736400052,24325.0804516381,59119.6048112681,103341.773257796,702408.079001833
miura_00212,miura,212,1,24,9,0.000858888447088,0.0057532061180241,0.0018875831877531,2545903599.39561,4075969055.88735,715712.759200547,200275.220427523,60241.705906096,50488.6742944183,99988.4940711188,942769.007825661
miura_00213,miura,213,1,30,6,0.0005760316665573,0.0038824314573785,0.0036068918764568,4145386448.15922,4805950258.09687,306699.75018109,112157.067459923,44428.7849303349,16498.5824672636,34216.4871180071,331797.531762277
miura_00215,miura,215,1,24,9,0.0006536435925354,0.0039797605656429,0.0017709255672698,2736222883.60645,3471426239.4029,257517.132447018,75628.5884347476,28902.1187432353,24968.6843128812,46862.1621289295,433929.412876729
miura_00218,miura,218,1,30,6,0.0007992403283451,0.0034796743295644,0.0026273086330171,1044545715.10533,3342091335.98183,201833.873998039,74461.2457394808,28668.6279338602,14206.5444720136,27622.5067356152,229355.889916146
miura_00219,miura,219,1,36,9,0.0007375572365028,0.0050106218048718,0.0024430346230995,2749683428.3171,1804993253.46109,196700.650049779,58253.0592308444,16779.6542126799,34356.1949568334,57798.7558085208,320113.007197463
miura_00220,miura,220,1,24,9,0.0007332645583959,0.0054494089520012,0.002637692788443,3657804397.54031,1585423355.65086,192653.41340358,55633.2562957358,19501.891014868,28942.200713599,51132.3728841654,362795.328830038
miura_00221,miura,221,1,30,12,0.0006509901113202,0.0013417470357122,0.0028658495710232,2200642242.88184,4065815863.73765,6888.66673934461,2524.25880206349,2750.43332568162,13486.4810069912,22288.1405859778,139207.536828241
miura_00222,miura,222,1,36,12,0.0009665893955737,0.0025025854235233,0.0015363903744767,1896253145.62606,2912129634.61221,58416.0777968581,16860.8550468611,7090.55373585244,79495.2401261484,122635.210025728,484677.431795133
miura_00223,miura,223,1,24,12,0.0009871980642269,0.0032467511323564,0.0036230397464371,2359183206.81955,4700730382.42716,70919.6268808765,22841.1756288034,14982.8668842168,33601.3036995544,58028.3132128423,451289.835361208
miura_00224,miura,224,1,30,6,0.000766024610144,0.0030395109194132,0.0030917594484869,3310378087.59244,3583752609.16508,146266.503976717,52172.6940685047,22974.3054654664,29387.1887624624,48681.6966021317,258380.420779881
miura_00225,miura,225,1,24,12,0.0007830858297112,0.0028193297388776,0.0031234010973369,4492149717.67213,1078315680.98898,12678.8092706943,4148.7354956754,2889.07597224729,32551.6003765836,52629.8051456877,253311.122015914
miura_00226,miura,226,1,30,6,0.000660889627452,0.0049548880626476,0.0020395466692338,2366682059.61294,1797485859.05506,232738.874198347,94676.723615869,28784.8464785911,21537.6875213675,40109.7694316548,261168.429660619
miura_00227,miura,227,1,24,12,0.0008155287794187,0.0033036980550417,0.0015298100368161,2674050582.78809,2404079983.33933,84221.9485338967,24407.3633899238,10775.5987411074,47638.9431234478,79702.3090389541,475102.806720314
miura_00229,miura,229,1,24,9,0.0006766600630267,0.0026929413938405,0.0012740982952931,3596501143.50318,3276962790.27087,114066.807490515,34650.2683891103,15808.1054863166,43114.4538362679,71689.8436613398,405529.531045889
miura_00230,miura,230,1,24,12,0.000546545616344,0.0053485385147461,0.0030808269711637,3993876762.57891,1413647401.9361,100904.183828347,28301.0260843209,11167.9622593145,12642.4315666548,23491.9813331381,239476.712137118
miura_00231,miura,231,1,30,6,0.0009933362212682,0.0015189188805801,0.0031209758712989,1167999258.10029,2048609157.02823,14431.4716831497,5010.89754695819,3642.22096589773,19894.832077025,30671.9774530017,108797.521873727
miura_00232,miura,232,1,36,12,0.0007278984757995,0.0031676537088417,0.002837016896114,2297213632.95866,2768237318.83433,61716.2358772376,18069.2146754484,8030.40331544868,24426.6674386888,40600.303879511,252305.398181755
miura_00233,miura,233,1,36,9,0.0007039092210476,0.0011291218052932,0.0030070733495726,2547046946.10866,2766264457.80743,5142.56801729746,1807.04300840097,1716.81510199256,20308.8566884876,31341.4472603107,122058.152824151
miura_00234,miura,234,1,24,9,0.0008313406506429,0.0052168304348077,0.0011448625407798,4834713472.0159,1191118286.22028,231524.775624174,63510.6511405223,17441.5840167599,110112.785282185,171889.756665457,627933.71686633
miura_00235,miura,235,1,24,12,0.000526729890409,0.0021363645404457,0.0025932122475232,3060464131.99399,3486078813.51872,21597.8339845969,7391.25484065753,6083.91304757957,9597.27320492165,16748.6559431457,148595.632008427
miura_00236,miura,236,1,24,9,0.0009713028922757,0.0057793619464142,0.001658869024423,2595195445.80663,1256418475.11398,243519.957955266,67526.7554448671,19455.4635738386,68571.5314818243,112264.392679702,532350.050705303
miura_00237,miura,237,1,24,9,0.0006379030243126,0.0041531005028366,0.0032527512830515,2975309715.16961,4454101139.11719,223622.573346734,68356.2430638016,32167.0026582496,15536.1324908067,30961.9640355133,390804.307697066
miura_00238,miura,238,1,36,12,0.0009287345531748,0.0016079467426905,0.0036373585423673,3112016590.3477,2799039544.48199,7369.32719982659,2533.2887236062,2225.65692590567,47766.1049639553,73634.08537332,286312.190373461
miura_00239,miura,239,1,24,12,0.0007908442294325,0.0034919983960288,0.0038388487029767,4495383899.06743,3500618446.80835,61667.8366122209,19656.944163135,12393.1523446883,30755.2271249778,52902.942846352,396604.855675207
miura_00240,miura,240,1,24,12,0.0007118698423155,0.0013438547976644,0.0010418414286495,3420876496.73151,1475547832.16495,6028.97851779507,2067.02326910894,1705.2437692764,51748.9540682939,80424.7018506147,281984.483954047
miura_00241,miura,241,1,30,12,0.000885887486807,0.0018579192877962,0.0024655146834752,1696203228.32295,4387667854.28038,21789.5594298794,7266.24136994357,5563.13019728229,30032.2929122862,49261.011757764,286680.696078092
miura_00242,miura,242,1,30,12,0.0006207921203558,0.0051269010211515,0.001200866123577,2142156500.54037,3166086105.14392,456615.376918452,109947.463776404,28434.3878000881,32718.1351184655,64911.4562441569,637641.22985071
miura_00243,miura,243,1,36,12,0.0005450891687815,0.0025121945197146,0.0011999609101419,1045549079.40159,2518748207.95736,62860.7055429832,17670.6389200312,6717.51900633397,11716.4582296091,20430.7427327399,156130.427805124
miura_00244,miura,244,1,24,9,0.0007716472475382,0.0011831200455743,0.0032624922101993,1486799905.88123,4550962650.04791,6681.49441484572,2623.10447278397,3578.04892188569,10431.9350426093,17401.3401210931,109965.798506683
miura_00247,miura,247,1,30,9,0.0006515138462364,0.0019137018344245,0.0020506210304215,4366951621.38977,1301734695.15664,13483.8538267824,4345.90215998384,2668.31317304414,32838.0915691132,50247.5240206391,173824.164399729
miura_00248,miura,248,1,24,12,0.0007184727287574,0.0048559687034021,0.0030742282026246,3388252046.61973,1992572167.93238,109163.683548713,31354.4187361116,13406.0269940366,22795.9111055461,40519.8771493118,342954.598703387
miura_00249,miura,249,1,24,12,0.0005414807339954,0.0043852888481233,0.0036962602664625,4977981369.37139,4215186934.5035,146730.470535356,44139.7381981643,22302.5270369184,14093.5050593348,27272.8074647617,373872.680311049
miura_00250,miura,250,1,24,12,0.0008341475107413,0.0047857917941163,0.0013152159815758,4265887832.71937,2033173044.01439,220409.938067666,56798.5408569347,17625.808557727,92962.1478976893,153649.692615687,813497.697260299
miura_00251,miura,251,1,30,9,0.0006955455228159,0.001151569082581,0.0017829627850443,2492863630.99687,2407726782.74331,6773.21830976431,2354.73886115443,2092.24970265133,26375.3176999814,40957.8332306214,155796.53265426
miura_00252,miura,252,1,36,12,0.0006604348902033,0.0019154075987602,0.003761569240808,1447075367.10678,4159546345.3211,17059.0673098058,5669.6113783663,4348.78667861267,9030.56275513578,15255.4703666128,114653.234683128
miura_00254,miura,254,1,30,12,0.0007885985395893,0.0022388972506783,0.0039295455217089,1213047218.89272,2136007624.40164,11668.9307545497,3932.2578855153,3137.96448513376,9909.61860105096,16608.3067957277,112997.917516825
miura_00255,miura,255,1,36,9,0.000970786290579,0.0018924446831959,0.0014976965932952,3966567271.20616,4906576082.86106,72088.8771639659,22421.1987241766,10561.3668325028,160538.573918092,236782.564856803,677245.182285363
miura_00256,miura,256,1,30,9,0.0007462005888008,0.0036976717227899,0.0036625258986273,3466933986.02203,4142540938.53175,154495.046528832,47420.2641373029,21711.5837734453,26638.1914185574,46520.3011980159,350313.605025023
miura_00257,miura,257,1,36,9,0.0008886943853006,0.0027388118510894,0.0012901617950842,4863286321.61923,1467752473.52721,62042.4654548209,18657.5386725415,6436.14739595353,167361.528531651,228844.854131468,461010.738717978
miura_00258,miura,258,1,30,6,0.0006904119828221,0.0037938807555774,0.0034078536330121,1358289059.09636,2083955404.36179,130756.78805058,47870.1533919034,18907.8198736198,9225.56446844288,17907.3571200663,150401.981447048
miura_00259,miura,259,1,30,9,0.0008783502952829,0.0041717459482599,0.0021393987518785,4830655093.15455,3327428971.54968,258684.264184388,76026.9121078571,26060.8327654537,92237.7030131976,148191.94549757,689537.860017237
miura_00260,miura,260,1,24,9,0.0005535085920342,0.0051379003428416,0.0025067327597484,2585991647.5089,3611997948.2205,392257.876272384,113829.210867502,40922.6890314738,13920.4496022583,32776.6970145791,496379.77797313
miura_00261,miura,261,1,24,12,0.0005468259115271,0.0044405774729391,0.001158050544194,1327354705.48638,2262327952.08407,222991.191542553,57624.3661645994,17964.1747720687,12899.3076885911,26949.150559839,350254.544750241
miura_00262,miura,262,1,30,12,0.000595503689571,0.0029426243881407,0.0013213870411226,1979004954.58626,4078408754.07167,131031.416989571,36960.9109952173,14587.4823641844,22353.0712394429,39748.474601766,335204.10845962
miura_00263,miura,263,1,24,9,0.0006947713526248,0.0026474932185665,0.0038925657134135,1264047695.27795,2512856461.19797,30611.8705504815,10272.4394390897,7640.11180214317,6211.50775204102,11052.2994982182,105778.309375078
miura_00265,miura,265,1,24,9,0.0008044666678109,0.0059597879904493,0.0016058987791596,3595751808.66261,1315122578.15503,278425.228135265,76707.5020918322,21470.7959195536,57371.1597866079,96582.3631315121,515849.299159673
miura_00266,miura,266,1,24,9,0.0005334901352649,0.0049264150869143,0.002520715245734,1983719273.88396,4206197777.70331,408570.785114842,119349.536135556,44375.1963724595,11335.1686862189,29070.2869698683,509775.251916463
miura_00267,miura,267,1,36,9,0.0005279905275,0.002048178943888,0.0014292516939289,2359115316.69871,2890373231.95712,53642.3543298495,16536.2854588637,7228.26303757497,18259.00927276,29717.5832692065,159449.511340716
miura_00268,miura,268,1,30,9,0.0009184392943476,0.0046598768311845,0.0037609763186335,2883895800.55539,2594607519.60306,173865.928917212,52022.34330816,20158.6468757379,38130.1818871014,64393.7245946699,394898.24059263
miura_00270,miura,270,1,24,9,0.0005999226263132,0.0025136475377813,0.002981483134447,1928254663.91329,4744950956.75004,63665.1504331221,21041.7620872275,14593.4891296505,8451.0841551368,15558.6682307775,176677.344882568
miura_00271,miura,271,1,24,12,0.0005596743946881,0.0042771130464986,0.0019548000435898,3747678995.48428,1753460819.16063,100817.369288775,28250.3518284462,11118.0542904854,18807.4998864548,33604.8607345412,284359.245475666
miura_00273,miura,273,1,24,9,0.0007514957774639,0.004715085595354,0.002524771757719,2476969350.36882,2335573350.14112,202840.96163375,59638.4978952412,22924.5613369379,23351.1840996049,42798.190640624,364750.124747202
miura_00274,miura,274,1,24,9,0.0005363930649609,0.0046785618658021,0.002459696690722,3378676191.3933,3902489856.58876,338535.002020889,99466.9658443657,38101.3004681917,15313.55547993,33519.9283985713,466412.68256025
miura_00278,miura,278,1,24,12,0.0006292412406742,0.0035389615869391,0.0016096051563647,3106851873.28649,2183375275.31064,88345.8811518288,25331.8509661462,10770.7272919371,25705.6178341831,44610.6166616306,329231.480487574
miura_00279,miura,279,1,36,12,0.000828699828868,0.0021220619476655,0.003654684816518,4235655724.94182,2639318500.06572,15151.8379007202,4916.58996147535,3401.7791189502,47055.6778825412,73197.9539449435,308850.279959633
miura_00280,miura,280,1,30,9,0.000773372772236,0.0048457788847056,0.0022282682405184,3740475934.34714,3366123818.30755,362408.398649707,105149.760800832,33062.2643906799,51040.3948421677,89376.0086692419,591056.673625568
miura_00281,miura,281,1,30,6,0.0005161052344881,0.0016160066616939,0.0021085145856503,2860391759.5603,4717614945.80693,53837.1616359623,18579.8635121734,11101.8267193777,11764.373768102,19706.1243660687,120074.596811901
miura_00282,miura,282,1,30,6,0.0005261434083448,0.0019813066065438,0.0023439669904061,3332627672.65053,2953126589.33257,52316.0067871213,18151.2654981136,9730.247019138,12720.2053979864,20965.8644091152,114689.906169965
miura_00283,miura,283,1,24,12,0.0009137542525863,0.0052024859372605,0.0021893439184516,1490653722.06897,1161701896.23225,103238.09426051,27901.7965449956,9830.56379605593,27345.2244160113,47200.1400503181,323542.57072205
miura_00286,miura,286,1,30,6,0.0005050728810384,0.0059746426832261,0.0012904518650099,4895291584.95573,3748942749.37505,711949.181555402,311967.520142884,83058.2747832088,34867.4936851875,81489.3349551859,703078.470219999
miura_00287,miura,287,1,24,12,0.0005601707683729,0.0045407939472301,0.003941706494858,1414231128.29598,4058157018.98687,146930.561129433,44165.9609330558,22255.1677613741,5820.70062238266,13570.3963980611,304746.241064499
miura_00288,miura,288,1,24,12,0.0008679245462805,0.0019283640097096,0.0022592126646531,4810958014.45863,3318759309.93302,17889.6652878963,6172.34711832176,5229.6903375851,65295.2665068563,105704.524915245,512181.932103576
miura_00289,miura,289,1,36,9,0.0008525882466699,0.0050360542646348,0.0022876715520769,3631120183.5815,1235317108.57111,141646.324704144,41913.2204510226,11849.973362955,68528.2923987831,104514.552515869,365625.091140529
miura_00291,miura,291,1,24,9,0.0006019068507404,0.0014872391954286,0.0022206855640215,4917541011.97794,2531688030.38467,10265.0270883844,3657.516065484,3499.94290901464,22433.958428838,36303.5358437615,177298.076545256
miura_00292,miura,292,1,36,12,0.0009364361862279,0.0019728116508937,0.003501174368899,1701094869.38441,4182658711.27148,20091.0311255153,6588.04558743711,4771.72705751449,29880.381011835,48104.930888051,258270.849866011
miura_00295,miura,295,1,24,12,0.0007990237425101,0.0019273644814934,0.0015921857747806,3808706763.28202,2211127864.22188,16495.0552313428,5453.77862539158,3948.21140832608,56562.0676824454,90622.326150889,406506.916563364
miura_00296,miura,296,1,24,9,0.0006888408045021,0.0014143361736157,0.0024965724131801,1622520571.77283,3971996344.41662,12317.2560889382,4496.42916020335,4728.72610654371,10766.5079906712,18085.5536875141,119655.489706147
miura_00298,miura,298,1,30,6,0.0008527454719217,0.0030510296854389,0.0011329392783715,4628899277.89871,1200167681.72717,83743.7249114626,32837.4899808861,10997.0418124994,125813.724858431,172659.329462536,337018.455127176
miura_00300,miura,300,1,36,12,0.000587574882503,0.0033765974382025,0.0030006480305091,4671216938.51908,3028779638.5452,76675.2019406449,22288.6362351185,9623.65334771405,25051.150550634,42087.6360790402,275952.495702952
miura_00301,miura,301,1,30,6,0.0007260530947307,0.001082502636202,0.0038301792998105,2539874568.89942,1947035180.42538,4523.43448528465,1645.23598690351,1688.65165355741,13254.727680922,20518.6218269863,71544.8150405981
miura_00302,miura,302,1,24,9,0.0009093903400148,0.0037584629042196,0.0020161949172872,3100685371.7036,4939572414.0856,284740.536648083,85152.0593370721,35763.7507232688,60112.6286206346,103744.028543788,704491.905903757
miura_00303,miura,303,1,30,9,0.0006776299975134,0.0021808741336532,0.0026644927512179,2766658012.51666,2585076394.03574,30014.2127198964,9681.20322663171,5965.0141409527,19847.7554003747,32219.0954552471,171847.856736529
miura_00304,miura,304,1,36,9,0.0006664339128784,0.0022152523120015,0.0025929578296357,2044691335.48458,1489098399.98993,20776.9654068676,6542.33454824523,3377.96637265478,16745.2532630918,26238.241718153,115040.884803967
miura_00305,miura,305,1,30,6,0.0006722695226605,0.0033792840896794,0.0013114302711962,3915356041.67561,2226045667.60511,175563.999713683,69130.2828637027,22606.2723161062,51605.9240272274,81176.9342031847,308417.745647324
miura_00306,miura,306,1,30,12,0.0007892791569742,0.0047306634632361,0.0014385095000038,1541805412.25834,3206490606.79006,334504.614550333,84573.3351958443,24321.5732818357,37670.2866907566,69247.4427191441,580610.960233453
miura_00307,miura,307,1,30,9,0.0009757689337992,0.0030935726228843,0.0027508722445612,4820647486.37699,2001320393.53495,59741.3683607994,18401.8928656889,8634.2906662886,91127.8993022431,138652.276050727,465631.454012056
miura_00308,miura,308,1,36,9,0.0008083628204407,0.0034616167814677,0.0026932556421526,3985252321.59336,2643819929.4763,114955.180611449,34857.9287058103,13102.8591472795,56082.4214320766,87900.2397738421,374134.005737418
miura_00309,miura,309,1,30,9,0.000931073030034,0.0027436225015246,0.0029950302588729,4506807434.10645,3000004584.38798,59787.9344352742,18810.5133292105,10055.0495554735,70288.7296815684,109727.080505751,444266.885790554
miura_00310,miura,310,1,30,6,0.0005656191414727,0.0047578607176385,0.0023062582498097,2926448571.26212,2172550983.87897,252140.360602704,100362.344495101,31838.4167672488,15908.4890764704,32467.6255879494,262071.177462282
miura_00311,miura,311,1,24,12,0.000543935414061,0.0027570194311142,0.0034418861530222,3847065339.71678,3360694908.15169,33211.7765699388,11054.7483865324,8213.81624598872,10298.9779857384,18217.7997073233,176586.963700543
miura_00312,miura,312,1,30,9,0.0006689038628719,0.0040105310558836,0.0026238214453538,1327765689.04533,3088466597.16344,186000.414464151,55471.5926647963,21047.4341171372,12006.8835921107,24030.2203719092,265196.234508914
miura_00314,miura,314,1,30,12,0.0009830069675656,0.0052944918019371,0.00229293613905,3859794294.1843,4299106510.80134,417434.752959361,109060.273985952,34072.2317416132,104137.773803535,176285.854947386,1092987.54601657
miura_00315,miura,315,1,30,6,0.0007067951425431,0.0053282181554646,0.0020711514821104,2009347440.95842,4779353939.30464,691843.299626665,284804.541281126,84406.5444262919,26715.5367874353,65848.5825915291,659365.345965799
miura_00316,miura,316,1,30,9,0.0009499303120984,0.0047485152684929,0.0020424710181237,4780250365.11907,1630527747.28151,178546.543512422,51724.8614914838,16049.0645631258,114231.523362488,174468.420620964,597882.281201549
miura_00318,miura,318,1,24,12,0.0007113947627904,0.0058461623076342,0.002620395482451,4845813076.5309,3828283542.11901,399472.302743281,107159.992953354,36922.1508313592,40426.9342739767,76727.5624273321,797479.653310765
miura_00319,miura,319,1,24,9,0.0005397477658458,0.0055014526828286,0.0024310171495098,1698724299.19972,2455774400.49843,323792.938022264,92824.6448133334,31396.3794115044,9571.53416920393,24096.9462310118,383632.996456355
miura_00320,miura,320,1,36,12,0.000800032692581,0.0054253033314569,0.0023525157421371,3869243448.21488,1390601734.71628,148484.19776246,37750.4491744062,10619.2348383734,62129.5803575454,98731.2307183056,447580.799322728
miura_00321,miura,321,1,30,6,0.0009395901604122,0.0026606113356886,0.0038800201064095,4536736514.47578,3639857062.77076,92550.3432701056,32209.1060043896,16785.4208284069,54544.1655504031,84838.881429912,324253.091466059
miura_00322,miura,322,1,30,12,0.0007998410798433,0.0053317169289983,0.0020080256349942,2705905104.82437,3404750425.26954,372823.935202615,95495.35909654,28341.2263296225,48420.0673948286,87437.5858665895,698645.958032611
miura_00323,miura,323,1,36,12,0.0005451991484403,0.0049466945424195,0.0012050071964712,4616155875.21723,1412337379.01572,189339.166348893,45214.8440473475,11061.8049519676,46968.8957050347,77051.9095628592,391417.318226485
miura_00325,miura,325,1,36,9,0.0006811390684639,0.005683877952551,0.0032830726015385,1366089770.411,4409042505.37513,530398.998189928,157120.702796793,45776.9832493356,15802.4442843951,40614.0360919573,551176.564147867
miura_00326,miura,326,1,24,12,0.0005666682191902,0.0026181394100437,0.0013702074587309,3874981660.46058,4210702976.06358,84571.9625367554,25562.1150023768,13153.2271623443,27827.703562119,48421.6488787013,378846.701497283
miura_00329,miura,329,1,24,12,0.0006338132476739,0.0016845768801696,0.0018424571404539,4098388545.34499,2917749117.3191,12759.2809017274,4439.05702328076,3877.34570900366,27666.2470226654,45768.147017241,262244.264595476
miura_00330,miura,330,1,30,12,0.0005226537059796,0.0033112456267448,0.0034147012440382,2805336802.48013,2715733467.93912,51759.5830250729,15783.8326521482,8384.87576946976,8710.18778972178,15709.5812126827,160080.888064652
miura_00332,miura,332,1,24,9,0.0006027100644588,0.0055667337574538,0.0029834159936431,3042854787.24088,1175138260.28758,137019.834435442,39800.1920397756,14375.9281663446,12873.9499311587,24248.4039050239,220388.542414237
miura_00334,miura,334,1,24,12,0.0007969326513356,0.0012581892169839,0.0010320210015581,2526871640.1621,2157019298.06464,7306.38856777077,2543.26355748365,2219.11987165547,55094.2844113193,86727.4131454431,333763.440943175
miura_00336,miura,336,1,30,9,0.0009910104061991,0.0049314396648502,0.0038978406825618,4176248555.98209,4340812765.35215,326773.070451358,97361.5386889903,36671.5715225927,67148.0498580741,113867.207521991,705981.336506023
miura_00337,miura,337,1,24,9,0.0009719181052548,0.0025102966484421,0.0035805827886194,1552669334.88795,1713245691.35154,19609.4156713349,6587.75198715211,4934.78921449974,19171.9899210637,31467.15921651,170979.817217919
miura_00338,miura,338,1,30,9,0.0008459504878571,0.0020781046019254,0.0010056772683544,2067442373.39213,4500111291.29311,106742.667191435,32474.4714587913,14052.7668263948,73160.5850127188,115147.026769473,488744.268110126
miura_00339,miura,339,1,24,9,0.0006319148967199,0.0032613821868583,0.0019890490570273,4604014152.30449,3967688250.62303,158045.131150812,48258.8733831652,22606.1244447201,31134.550621043,54406.028556784,405706.731959428
miura_00340,miura,340,1,24,12,0.0009239786109735,0.0048480207847959,0.003428727781256,1534436488.83343,4656909931.4197,230162.793068994,67006.347521427,30028.4326040424,22644.2421926785,43510.0467834351,544594.789611168
miura_00341,miura,341,1,24,12,0.0008366214522542,0.0031637637591796,0.0028664065256036,1438091576.0955,1852112335.0887,32283.3133272788,10176.7601617447,6148.01684246981,15577.5569804352,26787.0705210018,198803.432193778
miura_00342,miura,342,1,30,6,0.0005319623456072,0.0047163305694416,0.0022316109540475,1869680210.52604,3503886933.20095,405233.56101109,161427.736004233,51034.2656857232,11444.8711078311,31572.0187982954,373956.127709924
miura_00343,miura,343,1,30,12,0.0008334690749898,0.0056149115341612,0.0023552378461797,4061066757.44009,4559748194.59234,503692.919143012,130002.303136582,39325.0716802831,69654.9197765117,124921.460879753,981086.023778535
miura_00345,miura,345,1,36,9,0.0005313088011727,0.0027523430770921,0.0035326955794044,3427521744.11509,2177396359.45946,41765.0698390143,13070.9843271241,6441.59908300738,11343.4102205136,18960.8468525143,119311.044369917
miura_00346,miura,346,1,24,9,0.0007311140916114,0.0028749934069417,0.0014663160811193,3365505421.11314,3085181382.83884,113730.148657642,34573.4851462963,15834.7254184213,44127.6115419625,73274.5722303963,411436.624090678
miura_00347,miura,347,1,30,6,0.0005809551931267,0.0012448492437838,0.0017160517323733,4813618982.49501,2441348230.0005,16756.296672345,5795.09067504205,3902.74903862273,28837.2625244012,43837.1222614732,136847.767465438
miura_00348,miura,348,1,24,12,0.000582188509496,0.0012511924186023,0.003664053626332,2420045540.95364,4987139253.06198,4912.59685317283,2012.73776562068,3043.04118775995,7008.18572607035,11991.6023912066,96520.1610753652
miura_00349,miura,349,1,36,12,0.0005575436730106,0.0051606163448138,0.0021265044760479,1735114113.68587,3900228308.70396,395855.096598411,100576.772430412,28217.1592650294,15964.47566932,36264.5695845794,492278.574167007
miura_00350,miura,350,1,36,12,0.0007393602294942,0.0022902136872748,0.0036115056289474,2864043529.003,2988635044.65259,21381.065363277,6826.01092681478,4403.62854047889,24150.1431960092,39023.8531365571,213226.86987324
miura_00352,miura,352,1,30,6,0.000639785226399,0.0042730917686963,0.0021315519172442,3280124347.67834,3816280083.29656,377962.355000916,148330.243483076,48536.0831591978,27291.7910119341,53474.7858515748,407435.834943919
miura_00353,miura,353,1,36,9,0.0005728459872962,0.0022966328794338,0.0010246281320058,3146731189.0895,2771477560.96058,88941.2272084595,26837.1922359467,9594.78585605694,41347.9400255523,64715.3122448928,271286.883167533
miura_00354,miura,354,1,36,12,0.000982192942913,0.002351833217991,0.0015494982192218,4593458613.82575,3310965905.21046,56053.9843514025,16391.7653696744,7270.23421446481,190786.575985826,281154.795578555,820470.730816789
miura_00355,miura,355,1,36,9,0.0008846037205141,0.0059476158039127,0.0019605151032995,1766407888.90821,3736822653.53002,638698.614123094,187292.208535819,46743.5216028693,51639.2355053451,99564.229520581,752905.072247043
miura_00357,miura,357,1,24,9,0.000822818647921,0.0016083753121416,0.0017135108450285,4223395876.95623,3084691655.82876,20079.2015038367,6846.81459988902,5465.01950148978,60724.988753688,95807.661881857,378257.397458791
miura_00358,miura,358,1,24,9,0.0006131854522345,0.0057227599624163,0.0016427181118877,3978066693.80742,4347595799.29412,825354.107798933,228906.996375806,66091.6357767089,37234.3165148382,82583.054577767,958415.570912622
miura_00359,miura,359,1,30,9,0.0007691204286159,0.0045292193213996,0.0028441880647993,3355521724.91164,2491110130.08413,192051.005375189,56783.0520599381,20303.6516463815,34825.5559230407,59607.6428862583,378552.945229904
miura_00360,miura,360,1,36,9,0.000690587428956,0.0053576280769351,0.0034429013253677,3883665455.1861,3038654866.85784,312496.687966089,92956.6447272889,28451.8488017814,30766.0872028558,56493.454472886,428537.20309126
miura_00361,miura,361,1,36,12,0.0006529495962701,0.0024730975210403,0.002155864380228,1605439494.57181,3259158481.56571,46529.8116506611,13921.0694068225,6766.84077461889,16562.1549791677,27894.9092257901,189659.261988603
miura_00364,miura,364,1,30,6,0.0005232078010168,0.0050322315744279,0.0017206042012745,1942395648.8106,1166751774.21699,162748.06523143,67525.2415160203,19755.7638264268,10934.2924535333,22254.7311972539,168975.58851502
miura_00365,miura,365,1,36,12,0.0007448690299161,0.0040003583473065,0.0031544584121907,4535408276.82949,1832902484.89903,70776.4959116882,19973.3051663015,7709.14055394446,44134.5669527452,70469.8645577355,343422.96478194
miura_00366,miura,366,1,30,6,0.0007523630499693,0.0057211413723446,0.0027514939072334,2614556777.72421,4252266240.92079,633254.085542211,257046.040082535,78302.1540663511,29850.7524442472,67502.2842380584,621312.797411058
miura_00367,miura,367,1,36,12,0.0008466473942525,0.0033234952324372,0.0015853486781981,4433617818.36814,3655097816.09803,152917.22009376,41692.3676178355,14307.3832379427,122434.955848207,190391.895343823,783165.662640452
miura_00368,miura,368,1,24,12,0.0006268036619175,0.0017428693861536,0.0026553267324904,2722441270.8304,3365949990.0287,11430.2732592117,4129.48569949857,4117.86510374044,13144.5550781814,22351.3010698698,160978.311023018
miura_00369,miura,369,1,30,12,0.0005121021445855,0.0022276230493995,0.0036723326357463,1194453908.77091,4644651245.288,26525.5237103708,8880.48807173703,6907.85148096461,3579.8516626082,6673.5900247975,96693.0328217083
miura_00371,miura,371,1,30,9,0.0005601635667342,0.0049612659275668,0.0027419612300763,1453166128.78224,1089923730.52117,107519.97545731,31433.8700016199,10423.7493741189,7123.71564568983,14199.3007451668,142009.744092999
miura_00372,miura,372,1,30,6,0.0006410047810314,0.0023419356490896,0.0025756823798503,4446991432.0614,1451450783.60717,36375.5691502687,12738.4813356855,6295.3017052573,25072.0043683902,38531.1993296354,134298.974470724
miura_00373,miura,373,1,30,9,0.0008413314773885,0.0045996548911751,0.0018846498722516,2780194677.56351,4940556473.20713,526105.845859297,152183.129703268,46890.70766596,59420.2554030819,107310.067401193,781011.839167477
miura_00375,miura,375,1,36,9,0.0008782412413141,0.0054664345698113,0.0016404284304944,3746238473.82968,4808542762.53135,759271.250824958,222699.229142159,55538.6139052243,117110.086825915,199502.759658379,1083264.44544858
miura_00376,miura,376,1,30,9,0.0005891565349798,0.0017243434858023,0.0022455005803989,2685341377.26318,1715449694.87705,12063.0273781196,3982.41226992679,2777.16501604797,14568.9226524876,23213.6821024985,109943.451518968
miura_00377,miura,377,1,36,12,0.0009651978465448,0.0045518695098419,0.0039383618732931,2160256528.25087,3719820999.14431,168284.731900157,47304.8095597632,17984.3479895693,39769.7693121296,67871.0431243983,468583.998425002
miura_00378,miura,378,1,24,9,0.0007608633075586,0.0012082790764879,0.0020488434783268,3456067130.38402,3143060695.08401,7745.92459222281,2867.67094732398,3166.68073988613,33132.451308989,52965.7547761699,229060.749550936
miura_00380,miura,380,1,24,12,0.0007907302387091,0.0026245987944324,0.0024594155288116,4067405074.80587,4107659568.01151,48498.0016880471,15690.5888145717,10471.3634708163,41602.5906792733,70139.2758626187,456744.293522218
miura_00382,miura,382,1,36,9,0.0006474687896759,0.0029733348596735,0.0032153813910203,1621818625.77185,4804635188.16922,122221.531814239,37797.3701765052,16959.9339217673,12124.8844642469,22457.0132647754,213487.874344302
miura_00385,miura,385,1,36,12,0.0009948974676507,0.0042619892267042,0.0010833998065591,2317736855.05367,3356155664.74842,343806.627709868,84199.310037381,21720.5104081472,153174.479958005,239983.740248082,993332.221646561
miura_00386,miura,386,1,24,12,0.00055853060569,0.002531877801205,0.0018002041306435,3399680781.20914,3145395278.60225,44650.3842520087,14042.9310519649,8408.91278466093,17776.5825941588,30836.6685275605,243504.934462291
miura_00388,miura,388,1,30,6,0.0005141927347023,0.0042606212672519,0.0015108221104787,4015607515.64376,4180114338.47255,465075.933180226,189013.518041771,57464.3220244774,25611.2429164305,54949.0679927826,467843.47099393
miura_00389,miura,389,1,30,12,0.0007842657313019,0.0047997060910264,0.0021607676089384,1504685946.46637,4303316525.08086,339289.804909234,90215.5596248278,29551.9989267267,26563.4602258359,51838.5166020146,570084.731286175
miura_00390,miura,390,1,30,12,0.0007870779066871,0.0039832700330587,0.0038800285422932,2655093423.6059,1755778904.39403,50292.4669189902,14947.2785287464,7166.8246685421,21775.6289815694,36598.9738015883,238429.585569624
miura_00391,miura,391,1,36,9,0.0007897020799927,0.0014266367342781,0.0011186106600248,3506943042.92445,2027590641.45652,18083.0343759271,5698.98349035607,2972.50138746771,96459.0626886151,135759.283071495,298689.526075055
miura_00392,miura,392,1,24,12,0.0009129417089051,0.0012192946020304,0.0032525503904811,3741817250.22037,2231916366.59162,2508.77262767959,1023.37776326171,1523.80173872236,38384.2652184735,61721.4122463768,263863.661558899
miura_00393,miura,393,1,30,12,0.0006222555389585,0.0051411304053462,0.0023549375622798,1178793110.55712,2767780534.0726,243575.270466532,64332.1916439319,20679.570357534,11257.6763684984,24610.039908733,354036.295216688
miura_00394,miura,394,1,24,9,0.0008209509668068,0.0045841090304775,0.0030615242191423,4524217292.07963,1295585557.22272,89921.7621041384,26926.7486119819,11391.9402289244,39373.2265934058,64489.0198083904,329993.667737145
miura_00395,miura,395,1,36,12,0.0006463031266499,0.0036857210019734,0.0038450143764143,3064929501.20464,4543347570.07109,117606.33904091,34433.9621806234,15296.0621519486,18708.9397853845,33384.7713873634,302677.927442095
miura_00396,miura,396,1,24,9,0.0007770062705403,0.0051869664315187,0.0026774448980994,4680556772.75723,1989428636.85017,211185.855133408,61489.4869291289,22474.3376207572,42078.393392956,72362.2592762375,463696.361999979
miura_00397,miura,397,1,30,12,0.0006376528815115,0.0017498608885774,0.0031954391644974,1053239981.7005,2362677419.75746,7699.01368002209,2681.53390888368,2428.8023099035,5744.48849775411,9729.23390398836,72928.6647290834
miura_00398,miura,398,1,36,12,0.0009433475858178,0.0045848349148516,0.003546102898414,3116249026.97022,3407139267.88209,171764.502436343,47669.966592377,17333.5445076047,57155.5863621287,94620.3110035356,555648.391369458
miura_00399,miura,399,1,24,12,0.0009437261707724,0.0058351672485152,0.0032336683305992,2343659712.92079,1424631673.42574,123846.032549644,34185.4845582034,12832.3273812877,32397.3525165548,56206.4171103492,402160.901138156
miura_00400,miura,400,1,24,12,0.0005100500484051,0.0051401664935779,0.0017205702997174,3119668312.66759,2845812418.68519,298697.355031733,78331.5978522472,25359.2131371728,16848.6914645911,35396.8173266683,478761.559125825
miura_00401,miura,401,1,30,12,0.0005925796204239,0.0029793259379525,0.0035106734922442,2052435211.43065,1513617368.24885,20837.6780882355,6517.54497570108,3843.1253894529,8230.17801880535,14076.379395865,105919.940269157
miura_00402,miura,402,1,24,12,0.0009630570038692,0.0010256332660926,0.0035017125234228,1949582726.76891,2142456310.02298,1393.96845100083,599.483707257121,1063.23101980672,22158.0678751774,36060.238177012,169209.934217424
miura_00403,miura,403,1,30,9,0.0008720098543843,0.0042843872576525,0.0014918878083133,3281183686.33596,3197306477.4866,337190.159246035,97162.8882884345,29104.313314669,88860.9723046663,144745.176915018,699271.131662796
miura_00404,miura,404,1,30,6,0.0005283876623799,0.005672076846384,0.0038851073441856,2470111769.13637,1378040086.63436,178725.14759892,69853.5050844179,23036.0017601816,7353.56921943425,17105.1467856795,173843.010420662
miura_00405,miura,405,1,30,9,0.0005901584303598,0.0036326697721083,0.0036003328797833,1662288526.44341,3311984588.52586,119207.765402659,36641.5049599062,16915.336337683,7830.88991050102,15657.8400468197,194768.381348524
miura_00406,miura,406,1,30,9,0.0006208409893809,0.0033994215181023,0.0026646783950567,3796756840.30933,3441761331.44699,133656.383452031,40652.7593514349,17557.7297034104,22910.0441323581,39902.1142036764,290984.124344467
miura_00407,miura,407,1,30,9,0.0009396332121761,0.0028473415729772,0.0011346424549946,3965534581.58694,2680958911.25775,130524.088819267,38621.5529088035,13865.8980741096,160084.901829812,238546.245728369,705165.263704402
miura_00408,miura,408,1,36,12,0.0009400383774117,0.004378414639912,0.0028655136566305,2986924954.24298,1447830123.67529,77202.1041353232,21144.7803970696,7364.12151820596,62523.0405999862,97313.7914243638,402995.998866538
miura_00409,miura,409,1,24,9,0.0009268424255037,0.0043770705364,0.0029673061400096,2310188005.02749,4468032048.04912,279728.303957717,84189.6597344052,36553.5353648922,34986.0475438539,63764.5408772935,561662.624747826
miura_00410,miura,410,1,30,9,0.0006981109084723,0.0037758419505313,0.0019751681175989,3701714673.15113,1181568304.37037,76329.6010491192,22570.926038674,8065.57279233709,37625.7232880713,59331.4220619265,249991.507425097
miura_00411,miura,411,1,24,12,0.0008080284459952,0.0037319951024354,0.0037486563445443,3070659172.59,1012567674.52481,22142.7885773321,6929.8347636908,4072.37710103971,21472.4483502835,35730.0346600752,210324.614318954
miura_00413,miura,413,1,30,9,0.0005083112338907,0.004654242314178,0.0010009445722597,4886120154.52506,3937483856.71763,618550.727245068,174015.18943488,44476.8678662052,45299.541864797,89267.9960451706,730963.984344402
miura_00414,miura,414,1,30,9,0.0005187955277082,0.0043943685401771,0.0034969706430336,4684754632.5862,2463125539.60885,149932.810138385,44974.6802843558,17732.9374279996,13738.2126869683,25810.9285940509,242234.053220803
miura_00415,miura,415,1,30,9,0.000564604279165,0.003189679389905,0.002076872547833,1917436172.27556,2942276325.9159,118205.735297284,35700.5791017852,14724.3592555967,12049.9659381212,22309.0348839276,203738.831659508
miura_00416,miura,416,1,36,12,0.000980227850102,0.0019795197652964,0.0015088476751049,2944854726.97871,4918149244.31348,52415.8549056427,15814.7244605365,7977.12474260582,128928.248473877,196702.982877303,721351.931226787
miura_00417,miura,417,1,30,9,0.0006181563977799,0.005967211886144,0.0019510546403708,3894526269.83583,1502329458.22682,277250.020000124,78529.2453455316,20983.8294853916,31196.4583273591,56264.0590578568,378406.597829103
miura_00418,miura,418,1,24,12,0.0008088939664929,0.0033295849819117,0.0020189827975303,4976643200.17744,4751233242.41778,132334.160419321,39564.2198857452,19550.3325399094,67100.6065966991,113795.544866378,748779.821211631
miura_00420,miura,420,1,36,9,0.0007378673935688,0.0018218365375578,0.0023082526700762,2568640488.09609,1466585710.3467,13365.5215600139,4272.94365260668,2453.52441044139,30254.7943538102,45644.2256465029,151551.632045031
miura_00422,miura,422,1,24,12,0.0009027633440533,0.0025082057751046,0.0010771572389773,4503644481.92325,3554838689.44751,79691.8130647195,23655.9053709601,11399.4733243105,142961.331780635,227345.732572051,970093.218161215
miura_00423,miura,423,1,36,12,0.0008021448515605,0.0016058062138406,0.0035975229215176,2191636059.47135,4772719737.85283,12361.4700809228,4245.25314121474,3724.14019739383,23630.7487945086,38158.028767228,210624.97435838
miura_00424,miura,424,1,30,6,0.000874097583334,0.0053017622388869,0.0017192834259687,2164284510.93063,2208399417.70506,333701.918819441,140067.337766515,40299.1019761981,50442.8955502829,85822.7458376289,424007.520112809
miura_00426,miura,426,1,30,6,0.0008322865431663,0.0048085226399544,0.0038206551515925,3593095356.91622,4667953867.77755,447543.512808236,169472.65381164,60496.4229708172,36401.9238556949,68834.7352274498,511536.269451445
miura_00428,miura,428,1,36,9,0.0007756948496091,0.0048133890528665,0.003877031013506,3702709907.58318,1363328767.15968,101677.706853037,30534.7891605176,10385.9899868969,32679.2805576584,52318.2574417808,245612.174012252
miura_00429,miura,429,1,30,9,0.0008185102352863,0.0016145536823003,0.0014068067748285,2655008120.82613,1544011230.19962,14102.3799618849,4531.26116853806,2734.17447534899,55375.2439607886,82497.2151591803,235110.563597467
miura_00432,miura,432,1,36,12,0.0008863711333985,0.0033208167891828,0.0021099549665495,1580712067.51394,1721427256.82875,56614.9625074821,15926.840196017,6078.75641320555,38478.8322295852,61064.3799629667,286772.947764037
miura_00433,miura,433,1,24,9,0.0006316581017038,0.0023959757592867,0.0013839335113692,1325227628.21011,1446291769.3184,34045.5229040544,10605.6999237678,5514.91987487719,12181.4838304637,20519.0233341248,127724.212511095
miura_00435,miura,435,1,36,9,0.0007585778077669,0.0024421621372501,0.0025309577758199,1774003620.36559,3265852875.48407,60297.7185152819,18778.9195223657,8918.68495874507,22994.0868359196,37374.7960694188,201936.075792417
miura_00436,miura,436,1,30,12,0.0005636413857965,0.0029994890264734,0.0014741222189182,2471812408.53007,3167902902.03542,97534.0807494112,27736.9894417113,11265.9381499327,20694.6563445987,36154.6505544554,281796.94675795
miura_00437,miura,437,1,30,9,0.0005153845253801,0.0038550808652321,0.0015807366603755,2559891112.48586,4883238543.515,386399.135832196,112702.281115555,36798.023092503,18576.394404582,40017.7643190601,469832.104561398
miura_00438,miura,438,1,36,12,0.0008016279918515,0.0059943806065678,0.0019751184947912,1318242274.64544,3349771662.52089,508010.182738418,123014.618929402,30951.6098833371,32167.565892761,65324.7010895701,651911.113210517
miura_00439,miura,439,1,24,12,0.0006313790847406,0.001725177414111,0.0029301659811145,4302619240.48989,4241302561.20227,12794.7443124599,4693.32344973683,4931.00333995334,18958.9621203083,32061.8824724605,220873.439113938
miura_00440,miura,440,1,24,9,0.0009147880587312,0.0030868465775652,0.0032031183590773,1726693298.98182,2577895890.59381,58121.9047416536,18618.6935380558,11144.926040135,21166.9811658834,35928.3643763458,239990.402221231
miura_00442,miura,442,1,36,9,0.0005668092060181,0.0013990106618276,0.0034443041404982,1810133501.32058,3958140696.68909,11709.9927779104,4008.58657847186,3377.50525712222,7392.60912813029,12164.9987616399,75665.7262602758
miura_00443,miura,443,1,30,6,0.0007431663898572,0.0028443124425433,0.0035641597657543,3884459178.94395,3110243706.63664,98770.0425963481,34675.5363102522,16733.5921147487,26786.0939607212,43458.4499021553,213673.141311171
miura_00445,miura,445,1,36,12,0.0006302970971876,0.0049658894764355,0.0038918965801837,2766387433.02164,4785125305.36059,275830.375447947,75978.9828207125,26906.8907203843,17929.681036307,36022.7144025772,447044.01812966
miura_00446,miura,446,1,30,9,0.0007913650953279,0.0015477145447159,0.0037234127582224,1766187053.29328,3976700210.19385,12837.6723197128,4526.99652068247,4288.70286743728,14559.0992858297,23746.0516525311,134456.264747192
miura_00447,miura,447,1,30,12,0.000846275632697,0.0046774658661462,0.0022036169467706,1989154685.90731,4522525335.60225,327997.815993674,88011.2713027725,29603.2363585923,39730.0713090926,72766.7766447654,651918.484056874
miura_00449,miura,449,1,36,9,0.0008421463576933,0.0046521336345843,0.0017672404108991,2673861050.69059,3151373443.40047,350918.291244893,103578.047393674,28449.3274104609,67645.7679968276,112159.641443907,576956.733386037
miura_00450,miura,450,1,30,6,0.0005513513998098,0.0052592385046969,0.0017252539083798,1657602769.45865,1581011986.42472,235746.317883667,98577.3296523086,28407.2281975939,11634.2194937464,26319.6151559506,232145.002826804
miura_00452,miura,452,1,24,12,0.0007446168729256,0.0036871232076578,0.0035740386377949,4335106949.60009,3447132363.88961,75741.0221968444,23637.880906733,13740.8472543699,27243.7097592012,47436.7985452558,382790.06089905
miura_00453,miura,453,1,30,6,0.0007584287504329,0.0019475434757222,0.0021076854687373,1236065991.77305,1268467004.6376,23377.0767798339,8132.22558633452,4259.25376384797,14361.3091945901,22296.5942431155,84223.6879923268
miura_00454,miura,454,1,30,12,0.0008704749678385,0.00505065788159,0.0026779433733788,1770513445.32588,1528156716.09152,115752.519754952,31223.8296012598,10675.4813849994,28778.9980589267,49070.9173068871,322527.131678512
miura_00455,miura,455,1,36,9,0.0006747443509552,0.0051104093377748,0.0032180780022166,3430861711.8963,2901573346.4083,279912.570395528,83318.7511461111,25711.6853166898,27217.7137120569,50090.8480899134,384119.28621754
miura_00456,miura,456,1,24,9,0.0005217110558546,0.0027237098741782,0.0010074613002254,3800519599.00734,1068416317.57718,46756.3703543955,13926.9339653905,5730.04859219366,25239.8643430101,40728.5053160046,189462.817751677
miura_00457,miura,457,1,36,12,0.0009003192936197,0.0037735944782173,0.0022898039598504,1666346978.23983,2103951398.2873,90897.60120114,25096.1225628874,8968.23424219937,40112.5242580575,64999.0038662791,340329.567366185
miura_00458,miura,458,1,24,12,0.0008234668775895,0.0019038839806604,0.0020566639058627,3366361264.61057,3033745267.26076,17068.6231254976,5839.66262010523,4800.37332004279,43819.151799875,71744.9988290915,379815.501847966
miura_00459,miura,459,1,30,12,0.0009713048436104,0.0048999354196421,0.0036311849068311,4042169770.72126,2777331992.94953,149969.611209312,42263.1946716274,16640.983632949,64961.5456045353,107587.129812469,625385.871863464
miura_00460,miura,460,1,30,12,0.0009464521602809,0.005219019515565,0.0030238033288576,3985791884.82222,1671913961.25211,125149.266323631,33996.6243244606,11884.8555795465,68831.8626679651,111140.104940388,550358.927529236
miura_00461,miura,461,1,24,9,0.0008748764441032,0.0057043897109021,0.0023340492186114,1983548683.66082,2523773563.99367,375091.363620601,106667.114481054,34657.733087907,32626.0552686428,62086.5335693588,550320.237242711
miura_00462,miura,462,1,30,12,0.0008929036185106,0.002738692648275,0.0015071274716647,4152595402.57934,1862862441.27108,44335.4724132906,12898.3777367225,5710.52058681727,111985.936386335,170086.46276615,573192.168757876
miura_00464,miura,464,1,30,6,0.0006192517604769,0.0022276015137412,0.0022633161238882,2421837682.03904,2907590157.65843,70546.3798452235,24723.3741970284,12066.4674810058,15572.3492534552,25724.4108867452,138891.942114912
miura_00465,miura,465,1,24,12,0.0009235652217952,0.0025168696118784,0.0021265362322596,3380208701.97091,2891360549.6568,34923.4228793173,11216.6594660846,7279.16174707517,60223.1526308767,98468.116589228,514613.896194245
miura_00466,miura,466,1,36,9,0.0006788476739635,0.0040364679588963,0.0024231891808085,2795857304.51905,2803735953.97105,189447.358817727,56681.4512149379,18554.0118077248,28425.4545032456,49061.4332134711,314147.758075451
miura_00467,miura,467,1,36,9,0.0008414278114634,0.0042891606670528,0.0010274154789394,1480888850.92751,4963011434.46121,610014.922818588,178926.436509986,44757.6935823825,67692.3472221792,121967.311171341,783730.379749464
miura_00468,miura,468,1,36,9,0.0007161691765607,0.0044589345721847,0.00146185908455,2211747521.17201,1925804726.64581,216843.640227171,63886.5379803869,17080.0029828032,41504.3328282783,68786.9229517543,349520.473749773
miura_00470,miura,470,1,30,6,0.0009642447566424,0.0044441608953253,0.0028407195224605,4664183022.26671,4142444374.05795,391353.431338132,150449.498568103,51895.0359762237,86456.9109635898,140191.720934695,624227.576882897
miura_00472,miura,472,1,36,12,0.0009499774472173,0.0013296654479177,0.0023053318327888,3542382875.24706,4079313614.1271,9657.97188864666,3292.93656026957,2793.87496681011,89121.3525283761,134929.371583852,452212.501583265
miura_00475,miura,475,1,30,12,0.0008612955504205,0.0018739637088298,0.0033542056952142,1724123849.79257,4683974491.74345,17819.5058120166,6142.38079358683,5350.75329784102,21137.6078859301,35128.6418129566,226358.294961448
miura_00476,miura,476,1,30,9,0.0009927942528002,0.0025067337635692,0.0012732422866146,2765155790.89064,3594730714.54785,115571.362558357,34878.5307260295,14313.2469014679,120433.680541943,184310.537200461,645540.92177304
miura_00477,miura,477,1,30,9,0.0009632728074858,0.0039751732695674,0.0036538361221667,1023342715.90322,4541365234.75423,205409.221095634,62495.7472105733,27039.1394406111,18729.7066834788,35300.6919902472,352191.385263983
miura_00478,miura,478,1,36,12,0.000590138158781,0.001169148870308,0.0017077188341836,3924147841.92547,2994935908.70574,6375.57059196495,2163.50751844521,1804.93392918138,33233.5783484035,51439.5931874386,207602.256835113
miura_00480,miura,480,1,30,9,0.000758251891201,0.0018943322326564,0.0018373537368352,3833048055.83901,1900346745.03798,21113.0465018259,6759.53600600366,3999.3224462664,50549.6723041791,77116.687839057,261163.910081848
miura_00481,miura,481,1,24,9,0.0009714720281603,0.0036582003482483,0.0012276539480364,1030538095.30822,1127456765.87947,90167.0668734482,26099.7295867757,9254.50765550174,36521.0811518074,59221.5402591363,278473.38892442
miura_00482,miura,482,1,24,12,0.0009197800197809,0.0043358846609146,0.002009698045778,4150321161.93434,1183169867.88667,69397.3503818625,19453.0763451551,7685.54276818736,75714.173259069,121138.632977643,537011.698367719
miura_00483,miura,483,1,36,12,0.0007172484090811,0.0033150006273885,0.0022182336317337,3522997262.26145,4600282283.70846,144039.366899222,40747.9370975756,15857.4413470779,45968.1180727017,76753.734027123,477295.011941071
miura_00484,miura,484,1,30,9,0.000857828678257,0.0013932958367841,0.0028737339043209,2073569755.09453,4523359777.06501,13861.3462950911,4863.83803959686,4509.78562653169,27041.1055811618,43149.758268506,207691.519963334
miura_00485,miura,485,1,24,9,0.0009638680412454,0.0052704180101402,0.0012034604833243,3148336238.80247,4854355700.99404,931479.346673385,255857.241126021,70683.8805481004,121729.134485054,216592.241224713,1421395.97024587
miura_00486,miura,486,1,36,9,0.0006261883696775,0.0025464904688007,0.0037104771476838,1810207658.91187,1010423637.55287,15089.8394697133,4773.28437632822,2544.55421501375,8830.42564183675,14114.4828771898,70255.0961748353
miura_00487,miura,487,1,36,9,0.0009942326270668,0.001314264241295,0.0034654092054918,1017208964.14113,1643904734.51687,4154.4652424587,1438.39668948757,1275.80768654163,19421.441069136,29646.0606569068,104642.109635423
miura_00488,miura,488,1,30,12,0.0005442431508475,0.0017857981882349,0.0037307359986355,3693882908.94666,1286384150.18864,3889.31238745611,1373.02765304375,1306.6729187846,9855.72407514061,16023.3816359111,88086.752870515
miura_00490,miura,490,1,36,12,0.0007190323860495,0.0041388972290643,0.001732166987619,1822228986.23043,4113953765.18871,281549.168260609,73667.8240497015,22318.0047703869,33388.9401167923,60536.8817251974,494597.940232949
miura_00491,miura,491,1,30,6,0.00083594101284,0.0015612038214446,0.0031100027879898,3599774200.68432,1933921378.21196,14834.7266595626,5145.37526484219,3654.69441806647,34467.5344065052,52071.1420069591,152092.183507423
miura_00492,miura,492,1,24,9,0.000688709708597,0.0043729788474334,0.0014403914234816,1680559965.52349,2977987618.16609,327437.863487298,93438.9123922827,30884.8378721213,23015.565312463,45568.4547558365,455964.735524738
miura_00493,miura,493,1,30,12,0.0006388192517385,0.0043427480662357,0.0019917449348217,2590870735.09826,3499449019.63499,226621.26149015,61169.3784838344,20937.3881054943,25109.4139613094,46554.0878100789,440840.367331044
miura_00494,miura,494,1,30,6,0.0009158347687469,0.0051709523385191,0.0021563495186661,4720191504.10028,2346172783.92637,320085.2199915,130816.235834888,39687.6475011974,94943.6945618092,148571.776848461,540117.302294708
miura_00495,miura,495,1,36,9,0.0005114859794447,0.0040951901576861,0.0010980140696096,4769556131.70981,3032116917.65112,331391.747478241,97432.6775528707,25297.3194682211,44899.6866172656,78074.6304799075,461955.362644687
miura_00496,miura,496,1,36,9,0.0009535479942666,0.0012718993745276,0.0030198358027766,3437050401.35442,3565852216.3145,9430.66575908151,3244.14015969783,2787.57690817832,63940.4640104461,96002.1658616578,291015.757967214
miura_00497,miura,497,1,24,9,0.000929097645654,0.0043109916303557,0.002298538486886,3351542808.97137,3869134463.48464,287548.371202703,85072.7834931809,33776.7926967129,60334.349834229,103813.963203429,683678.258173365
miura_00498,miura,498,1,30,6,0.0008388851955914,0.0024428997837479,0.003299684197945,4250015733.86188,4160280257.39776,96409.2644781835,33537.9189275506,17523.0398965638,43789.2506553113,69053.9780223076,290989.858494358
miura_00500,miura,500,1,36,9,0.0005735160404863,0.0017563413696313,0.0034231400830032,2951348317.71422,2651473983.54036,15108.5635503839,4985.88992173451,3469.23907777754,12066.8667149441,19376.5623431153,101487.809979946
miura_00501,miura,501,1,24,9,0.0007606744257194,0.0030474471775463,0.0029069687263581,1804596195.91823,4627262210.39693,109348.420031627,34836.1692517047,20256.4471167878,15804.6468346515,28688.608937935,280493.353879889
miura_00502,miura,502,1,36,12,0.000948586899666,0.0059465230917134,0.0015946304889053,1288232334.96685,2618579571.05382,444613.302988844,104929.831550434,25080.8299783276,56010.9392588871,99896.2854665443,682105.002608715
miura_00505,miura,505,1,30,9,0.000629077370116,0.00135780774573,0.0034028995743713,1653732855.67718,1957172026.68649,4740.03833486794,1701.40254010785,1732.88577846858,7389.63906992271,11963.0111406079,64270.0765078861
miura_00506,miura,506,1,30,6,0.0005308288082242,0.0056342968702417,0.0028120617399245,2887777540.1861,1563428532.05319,225452.183643467,91029.7393940468,28026.8602215555,11207.9982922016,24808.7076724855,223348.597238266
miura_00507,miura,507,1,36,9,0.000835088945099,0.0045736693947698,0.0012766919122509,3489202710.78003,4555618400.00191,574892.543997434,168895.889420634,43174.7732934232,117478.420759502,192726.361406717,924866.648291595
miura_00509,miura,509,1,36,12,0.0005489062887121,0.0024977020881237,0.001552217610641,4915075939.20055,1236796870.58918,24474.9998123612,7074.45856679407,2992.32248670221,37143.2430566957,57007.4405718855,217688.949597662
miura_00510,miura,510,1,24,9,0.0008000012744615,0.0039429357038337,0.0033614462890356,4784025581.49673,1157992213.25607,49599.60123961,15309.7411592008,7599.27104634031,34368.0593388733,55585.5573964216,266590.697824446
miura_00511,miura,511,1,30,6,0.000844496398218,0.0046938279708176,0.0035968189815613,2073151798.50946,2639772874.05943,248485.214379744,94220.5301290048,33529.7644950976,22826.0822441289,42097.1894001879,293314.125989429
miura_00512,miura,512,1,30,9,0.0005924994015768,0.0029895871242824,0.0024812223406892,3403503117.35461,4818161945.33749,140884.608229591,43342.0629103517,20130.828484669,19939.3366576874,35577.1358969896,296594.931577688
miura_00513,miura,513,1,24,9,0.0006527949241638,0.0037598645556381,0.0010796443727342,2709947062.8426,2379817699.60555,223191.603366857,63758.3698307069,21171.5940496615,36257.0816739508,63305.0630102792,419263.786426255
miura_00515,miura,515,1,24,9,0.0009797767422833,0.0024619986494438,0.0021771827837029,1911774803.14584,2730100854.83493,46570.4405026392,14995.7498977892,9219.23436990971,39302.7433325142,64024.7402968116,326700.492006424
miura_00516,miura,516,1,24,9,0.0007999823632496,0.0016705431317216,0.0033742224369531,4230189118.38612,4353337316.60454,16615.3702523202,6043.56956081413,6265.90697022527,30510.2371249807,49923.4672616973,266995.044223384
miura_00517,miura,517,1,24,9,0.0009447458164361,0.0038103218441367,0.0036065760632184,1428653620.44798,2081297105.91514,75707.1587141424,23647.947473844,12460.9762444547,17720.833897032,30743.3195129133,227769.173518056
miura_00519,miura,519,1,30,9,0.0007007400398354,0.0010563719028696,0.0012691973626902,1459877683.89323,4446561374.6348,13185.6347751934,4511.11770885706,3739.08310946226,23370.7228385293,37135.2464042127,172850.376941292
miura_00520,miura,520,1,30,6,0.0005610122733122,0.0051383786195738,0.0031011938690198,3088398147.08981,1912703110.3658,227228.854381262,89093.7390195179,29191.1211004841,12615.6339665399,26584.8413177702,232060.817186197
miura_00521,miura,521,1,24,9,0.0009009539789231,0.0012704654945435,0.001523707959629,3896220649.50475,4251073631.72959,16030.3953597328,5675.82410108608,5276.08551772296,80327.9256491211,125987.204525319,461979.434374309
miura_00522,miura,522,1,36,9,0.0009634799659119,0.0032938977618421,0.0022659636032057,1278079453.42931,4315879226.02157,187845.970681184,56805.0441072207,20823.7057213256,38876.5498608094,65130.2008512828,385132.41913821
miura_00523,miura,523,1,24,12,0.0009768314597422,0.0034528061852629,0.001772655178262,1067257504.67381,1825903829.15698,63350.3209932461,18489.4336750727,8368.3390476196,28855.6228236394,48938.0049576431,318220.689122045
miura_00524,miura,524,1,30,9,0.0005747592778816,0.0045270302939943,0.0016316280752846,2209428055.13389,3875829204.38122,435905.039440505,125416.404086645,37306.3410125942,20997.4594562407,45513.9797229002,504127.875926717
miura_00525,miura,525,1,30,12,0.000702841422862,0.0050520808222007,0.0019759838905565,2092188313.85911,4681951277.57125,452475.686616078,117327.272214754,35903.2091107225,29927.6976315424,60222.3306741477,691091.473226068
miura_00526,miura,526,1,30,12,0.0007728543021965,0.0025523107257492,0.0034119418505539,4395919709.40053,1804596526.87523,16562.8838242522,5338.0658668912,3559.81426278158,35750.4678536431,57003.0501266727,270798.344633878
miura_00527,miura,527,1,24,9,0.0006421883296602,0.0027913839318607,0.0031536913176386,1492034118.81558,2943436200.80783,50483.2235469223,16451.1218846078,10678.6022626429,7374.09065093375,13427.0271520963,139441.654561508
miura_00528,miura,528,1,30,9,0.0009459783389385,0.0059768139590978,0.003492083330767,3880148442.30013,1884430431.09956,245715.430141341,71405.8928470156,22671.1676299005,58319.1059913214,96361.5818271992,505559.144110772
miura_00529,miura,529,1,30,12,0.0007955521580995,0.001444757775147,0.0030672601718551,2376334066.90209,1793809999.03764,3625.25049639438,1315.63046793308,1383.09669141158,22862.5139281387,36231.2729929988,162572.884800254
miura_00530,miura,530,1,30,6,0.0009352676857013,0.0052827452244815,0.0017214863872466,2526768134.47215,1513746732.91134,227465.686339313,95494.6418537195,27601.3787202046,67546.5524197443,105398.537373133,373641.196129777
miura_00531,miura,531,1,30,6,0.0008912136643924,0.0036790227933171,0.0010455255878552,1948805159.94787,3136019828.55217,308384.884198009,126563.459062885,38044.5217153869,75719.120921295,120754.060324216,477442.848440997
miura_00532,miura,532,1,30,12,0.0009993247779105,0.0027402064421896,0.001550080842702,2647433640.57883,2045267398.8296,47418.9567337521,13836.6989282155,6192.0913313027,98614.6297924431,151659.626680468,555755.326181928
miura_00533,miura,533,1,36,9,0.0006369428244318,0.0040466425878862,0.0036067816049446,4363999771.24847,2217049059.21391,113993.184401978,34535.8764830637,12896.4403501133,24104.1489360616,40351.0789701423,239026.666373969
miura_00536,miura,536,1,24,9,0.0005635563656317,0.0024702020551293,0.0035866128921354,1350298438.52033,4172455815.55128,44900.3140072094,15156.4695125682,11561.6262038668,4422.73248466904,8458.25631853442,120070.037262147
miura_00537,miura,537,1,30,12,0.0007493375394139,0.0046430980005507,0.0037050268568841,1589998077.93583,1475997748.31308,67449.6750382111,19285.0699840111,7984.49610248469,12687.1612003514,22421.1402000604,186329.432313561
miura_00538,miura,538,1,24,12,0.0008778301907395,0.0046172134232758,0.0022350758438407,2997665585.8773,4647095767.85923,293247.378025104,81968.6787348891,32004.3263192541,51171.3720186862,91907.7677974129,797142.116893633
miura_00540,miura,540,1,30,9,0.0008498604576831,0.0015242723362536,0.0039025982809279,2235684518.1364,3122918828.7971,9326.95181754734,3314.884919188,3242.80952374011,20803.731098601,33158.2620851604,158123.120444812
miura_00541,miura,541,1,30,9,0.0007712142951758,0.0036480547384698,0.0027902931384121,1591350476.94594,2872669106.38716,129282.156866542,39104.614125707,16288.080221527,18006.9558841641,32018.9897143577,251802.526561929
miura_00542,miura,542,1,30,12,0.0008045801332321,0.0052926085554131,0.00282138177128,3887009632.34622,1014703825.53679,83453.9105113733,22397.5790114158,7551.96767827271,44150.0818239584,71216.2277758095,348960.26009111
miura_00543,miura,543,1,30,6,0.0008040478477791,0.0013923478550349,0.0017346824924908,3733261567.48549,1443010410.798,13414.424601025,4634.1640550214,2872.64984020921,52049.1086410674,74583.9737350928,161859.60625036
miura_00544,miura,544,1,30,12,0.0006651310870536,0.005172858364573,0.0015056862450216,4385678332.93645,4561367030.29016,573690.662752788,142365.585985133,39227.1497067439,61320.3639396952,113425.407488858,948899.254938187
miura_00545,miura,545,1,36,9,0.0009557098283692,0.0014397472027265,0.0031912411506667,1810654306.66892,1870310053.72115,6633.41939607806,2244.21059896844,1780.14008006376,32746.8376608243,49384.2702195947,158126.800185655
miura_00546,miura,546,1,30,6,0.0009663823074003,0.0017858004469251,0.0032839399676874,3860072777.27161,3431727691.93129,35854.6544762757,12389.1340512252,8120.29037668715,55976.6726866839,85202.8659170255,269864.679164574
miura_00548,miura,548,1,30,6,0.0009848780453997,0.0049459268456448,0.0013406156168152,2533504482.41973,3721196113.47995,538760.246956277,228585.370081509,64670.0305833583,105308.995166012,172497.238532747,742359.341684584
miura_00549,miura,549,1,24,12,0.0006238761372151,0.0035085841376611,0.0018336265093658,3949181221.01202,2569473597.08513,90344.4393807057,26372.2504516755,11939.1554476702,27991.5078272186,48556.0355176532,362429.536427795
miura_00550,miura,550,1,30,6,0.0009696680808089,0.0041384357394987,0.003839406014736,4103891675.78475,2833376314.8053,200098.014063101,73683.2799611547,28709.0389814984,56635.5282903324,90335.0880340889,385090.042022406
miura_00551,miura,551,1,30,9,0.000707929085085,0.0059901011504799,0.0024407286074147,3371118648.60622,2805004065.14718,459650.363962879,131347.967758269,37274.0397385703,35049.1348822105,68017.43127269,577173.620115094
miura_00553,miura,553,1,36,12,0.0007865380598907,0.0036364910781206,0.0024104475965357,2120670070.53293,1389365605.45376,52120.2519135891,14587.0208945301,5465.38242059971,31750.4667170395,50627.00414382,243935.195736212
miura_00555,miura,555,1,30,9,0.0008484968008989,0.0036008505183534,0.0016041724489316,1354742861.78599,4665256647.34957,310370.397126488,91224.10935437,31350.517883548,35472.2142137644,64163.3582907054,495030.009830264
miura_00556,miura,556,1,24,9,0.0009893359153998,0.0042670640618897,0.0035730804850861,3358381906.58305,3177324621.07913,159169.860307369,48777.1913938471,23292.6183237085,46379.6059175512,78717.7098866256,504812.029600085
miura_00557,miura,557,1,36,9,0.0009651669460885,0.0031976186026073,0.0039262160794558,2979516319.22312,2517157871.054,66397.6238804656,20576.2853293138,9397.34509165683,48589.0575709419,75696.0284641206,316706.686343603
miura_00558,miura,558,1,30,6,0.0005843269750187,0.0021435071703248,0.001825563879956,4014397226.35565,2817861881.15553,72459.6204406931,25581.5190292084,11932.3300879757,25517.0626864622,40533.7171398022,175706.635851816
miura_00559,miura,559,1,30,9,0.0006825068331383,0.0042241000017679,0.0029781628595784,1835083693.30169,2250708036.50718,140374.594001666,41916.9082465771,16034.2456656974,14056.7109298771,26026.5059043032,228966.805597794
miura_00560,miura,560,1,24,12,0.0008417876931394,0.0032067296497084,0.0013013807760403,1672276279.77623,4956932322.13484,184162.740494454,52703.3382493954,22256.1551834775,42138.617453435,74329.3862425555,601127.190951079
miura_00561,miura,561,1,36,12,0.0006517880852928,0.0025553316601513,0.0030044722419682,3214915176.48111,2416150323.13727,28001.9446768528,8596.46833742246,4670.62057706502,22442.3479116245,36392.2010785466,200714.990060208
miura_00562,miura,562,1,36,12,0.000758163179131,0.0022027851802668,0.0014493327307477,3951499427.0398,4410838600.4258,65410.6973739903,19254.5950101365,8756.40500868452,85605.1520364581,133361.80357851,564588.822048623
miura_00563,miura,563,1,36,9,0.0009150700167172,0.0040534834988906,0.0010691767002992,2343746890.60814,3989663255.8751,433651.35478795,127549.547631684,33131.2027752291,120888.006322083,191796.748466615,804353.656277033
miura_00565,miura,565,1,36,12,0.0008760260554422,0.0039036496827505,0.0013204442834203,3951826218.6531,3652618104.09115,264864.245052155,68026.7379384461,19641.0116623684,145985.008625913,228107.103041318,947499.865260122
miura_00567,miura,567,1,36,9,0.0006164723945642,0.0034836282377992,0.0035235427943876,2826588050.95423,4171993665.44262,149132.725316358,45662.9911764875,18838.6220756778,16124.7901916972,29400.547331236,253558.819126476
miura_00568,miura,568,1,24,9,0.0007254689124896,0.0051263538735165,0.0014641129840869,1346194751.49064,4894219201.34946,777069.688330789,217075.370789739,64803.603401966,26651.8158136809,64309.3650787914,875612.996018597
miura_00569,miura,569,1,36,12,0.0005487064078897,0.0048276058508653,0.0010267153910668,2836501598.71986,2905538740.91278,405971.275588322,95508.4812317466,22692.379778257,38666.8339503397,72313.4794841244,565014.146568971
miura_00570,miura,570,1,24,12,0.0005438262656667,0.0050463849060424,0.0024893800608367,2595383722.03137,4730868404.48319,346375.124718968,95930.874337282,36353.8005191848,14074.5406683428,32200.238102848,580933.338470398
miura_00571,miura,571,1,24,9,0.000674692968793,0.0055016411044319,0.0029706040169547,2868429243.78424,3887667388.35834,440901.764521914,128253.783656903,46673.8930986074,20771.4304155294,45006.702853748,592321.371691954
miura_00572,miura,572,1,30,9,0.0005753986163617,0.0038724824197459,0.0034226982139088,2630342735.71239,4813289745.4875,214191.355201981,65121.8568958378,28044.0215861505,12367.7727774851,25362.1692856617,323356.160363482
miura_00573,miura,573,1,24,12,0.0008006787991294,0.0021372228676668,0.0016441806132672,1141566434.93143,3963856885.71106,37710.8256226952,12212.2881147094,8179.71507015563,19048.9811115509,32837.3599514343,252497.661730592
miura_00574,miura,574,1,24,9,0.0006943193026154,0.0019065571775733,0.0010337802835464,2234367613.90658,1827837565.30832,29888.6051943916,9431.84505229554,5246.94158173643,33273.5385638758,53097.3484528445,232566.616968132
miura_00577,miura,577,1,30,6,0.0007522618271226,0.0013721132662006,0.0014809747742179,3999441069.96358,4866073424.67772,48541.5577685478,16769.1673625047,9949.6852571012,61214.6210371438,93102.4624082875,296203.411170528
miura_00578,miura,578,1,36,9,0.0007666966261003,0.0050739893075131,0.0023612163441249,4766708145.29544,1416522374.63854,162019.834350178,47951.0224673319,13609.6629259758,64315.838973525,99640.4472691638,379857.87016247
miura_00579,miura,579,1,36,9,0.0006869130587567,0.0027153981616391,0.001463609646967,1555398034.26532,4679164892.01294,174076.223273716,52547.0247396142,18931.6533579673,27340.8754931896,47163.1622138686,312610.522201826
miura_00580,miura,580,1,36,9,0.0008050371496492,0.0057773264330442,0.0016193831093304,1815140079.32182,1913266318.86364,335835.022737876,98341.2071244102,23876.930802127,44857.3651348783,78229.0035350328,450532.643704203
miura_00581,miura,581,1,30,6,0.0008296730229126,0.0053633518910801,0.0025335469292954,3723951510.03545,2232949479.2742,307186.558027641,124306.097770635,38288.4428974049,50270.0825201814,84370.8332982016,411468.52855068
miura_00583,miura,583,1,24,12,0.0007955332457715,0.005276709747226,0.0029316903947533,3830192462.75006,4061517991.61514,291725.343901151,81584.1787916829,31898.4963014004,38779.5874308132,71534.940968697,704501.701242874
miura_00584,miura,584,1,36,9,0.0007318892992624,0.0046543259718325,0.0024598554922958,3348417845.21876,1209683362.45014,112128.1507661,33333.1802978134,10047.5451220699,38402.382532714,60538.6893459157,255863.613466568
miura_00585,miura,585,1,24,12,0.0008116856598108,0.0058452110642373,0.0016896225355625,1489651548.97732,2702909425.12239,401541.856050581,101172.433485451,29692.5775603085,29757.8269451952,59127.7067221923,647694.361002025
miura_00588,miura,588,1,24,9,0.0008305793912063,0.0028944647174114,0.0028386347201974,1663087606.21135,4650634380.99699,97295.9286590751,31203.8227161755,18760.9870546891,18660.9478590214,33077.5705687271,288088.317398066
miura_00589,miura,589,1,36,12,0.0005465766498276,0.0055714187395173,0.001046012561547,2971994770.45395,1468111448.43504,274240.82713373,62330.2979830095,13920.9432912936,36947.3095869629,65155.7805912019,412591.988460833
miura_00590,miura,590,1,30,9,0.000944445883436,0.0049276499657012,0.0023197591742549,1481776219.21275,3043167786.51291,331493.405835179,96203.5295425563,30315.3462713374,36659.8332761099,66462.9826119364,495253.680742262
miura_00591,miura,591,1,30,6,0.0008624404000202,0.0023323993310597,0.001835209178969,1739049690.79272,2360344014.32817,73649.3222811541,26269.9358950953,11622.2095358536,34257.4890518636,53279.1111133399,200392.60395651
miura_00592,miura,592,1,24,12,0.0008161823593263,0.0046068984011049,0.0017714748324222,3278968788.25248,4729140068.27814,362166.031180638,98276.1763470967,35018.3788497387,56841.0721928377,102658.978689445,883122.907695952
miura_00593,miura,593,1,36,12,0.0005136858316523,0.0059794563256158,0.0030979473648421,4387921638.16116,4824012102.2677,534821.384498736,137283.301047091,39520.1168787282,21755.7094247118,49195.519554481,677175.121938467
miura_00594,miura,594,1,24,12,0.0007227028728197,0.0013049858501831,0.0029108348829717,1733770148.39108,4321514604.78858,5942.22819365322,2340.10322956336,3111.9920584129,11607.1388490832,19656.7181354915,139316.395284917
miura_00595,miura,595,1,30,9,0.0005901381117286,0.0012435406267429,0.0032099114208837,3432176673.08618,3748549637.95497,7467.27210129922,2713.3885451613,2904.15556882125,13347.9734366846,21565.5133178005,114336.90748234
miura_00599,miura,599,1,36,9,0.0007145132475119,0.0024649680922274,0.0028635962755474,4501929989.37443,4234672743.76623,72372.7346720322,22654.9724789865,11194.8266922836,41887.8362272158,66555.5245253366,317537.921237668
miura_00600,miura,600,1,36,9,0.0008087112178852,0.0046767386783674,0.0031091451037056,4585338836.11248,4839544691.22898,390377.01971088,116655.593671624,37639.2889349432,60986.3308693132,104633.886674722,651880.05527301
miura_00601,miura,601,1,36,9,0.0008690423813241,0.0052693457480687,0.0018872884253678,2033439458.93993,4068958130.99466,561863.872875954,165264.357498459,43278.6521276584,56869.7849983657,104116.736863069,717359.93940884
miura_00602,miura,602,1,36,9,0.0007800415066595,0.0010042720138809,0.0030867800531102,1207441022.99625,3633470022.19322,4676.93654104728,1685.59777571643,1787.44360302679,13231.2844494644,20801.7528408678,95034.7189421439
miura_00603,miura,603,1,30,12,0.0006297535438009,0.0025085082043718,0.0031655709974677,3365871486.05664,4719988123.52695,43709.133350852,14026.8508626129,9195.17018494571,18101.5837464535,31017.4626966048,242337.174471487
miura_00604,miura,604,1,30,12,0.0008512260658128,0.0043592614219081,0.0031226273513519,3231825463.4453,3251142319.43837,145171.967651233,41299.2899788306,16800.2143239986,42392.8954893187,72267.7076737217,495192.600219375
miura_00606,miura,606,1,24,12,0.0007590106247793,0.0059444870057129,0.0036709798905841,3842092845.09091,2621836017.05471,214635.694853749,59923.6262407984,23299.9653665654,27193.3473353413,50420.7590584762,506508.902372947
miura_00607,miura,607,1,36,12,0.0007173575959978,0.0058381110276581,0.0032154154915985,4142032242.741,2596569034.28137,264106.39955257,68525.1319360501,20293.8864389924,39125.8794017769,68864.0716772366,498873.34774733
miura_00608,miura,608,1,30,9,0.0009083877572228,0.0045608114867538,0.0026956438062778,2238153276.45645,3612393963.09274,294494.107917349,86765.6493451482,30300.0583281876,41560.6848002474,73120.5539770481,514079.739374385
miura_00609,miura,609,1,30,12,0.0008845995614669,0.0039696286126539,0.0037505247939855,4838214166.35472,1531612929.4844,45020.8623220187,13341.6714999069,6329.6395083149,53843.8621008221,85693.0749974488,397744.111791899
miura_00610,miura,610,1,36,12,0.0007866879425912,0.0052996699594135,0.0028240036065185,4464084400.97826,4305688554.63252,378998.039313373,99103.3974907923,29977.1132713353,62619.3059377305,108950.366077438,761021.881500648
miura_00612,miura,612,1,36,12,0.000909577758996,0.0057453368204538,0.0038735657257465,4060155270.93152,4363970966.01126,369716.602258004,98476.3541530549,31394.9712007636,64277.5651581862,111582.045497207,787595.995121985
miura_00613,miura,613,1,24,12,0.0005468372999864,0.0042011177386185,0.0014121287635929,3266145881.06402,2943478845.73679,212958.502759219,57460.2105576381,20129.1683566902,22785.0208212125,42956.0255143077,438869.788622506
miura_00614,miura,614,1,30,9,0.000816809745165,0.0024224444325069,0.0031081236966887,3369793766.55092,3463717579.18954,47043.7534178291,15108.9080405632,9092.0374348913,35789.7049505057,57588.0488153065,289656.735818416
miura_00615,miura,615,1,30,6,0.0007945257568213,0.0037708738846362,0.0020911047931736,3027513121.13373,3041965619.07139,241428.358940707,92583.2002957392,32098.4976331578,43577.2184116597,72298.0642031505,355005.856180438
miura_00616,miura,616,1,24,12,0.0006953598695778,0.0032593535360526,0.0013979340289185,4201977132.40944,1326754793.95831,48673.5975841809,13999.1857587886,6024.58642761536,48399.5858730381,78465.4087818178,381252.703324715
miura_00617,miura,617,1,30,12,0.0009483495346794,0.0027601453646823,0.0025030132347217,4834793008.30066,3302833096.61172,50515.4895630024,15492.0410593644,8429.2715277415,97667.7613120848,153793.732926384,665965.674526258
miura_00618,miura,618,1,36,9,0.0006782560349068,0.003427710366205,0.0038910662440966,1323360257.1542,4314748988.53747,136503.709933117,42035.6529994375,18214.1772485923,9999.01060595974,19454.8146146815,212767.154351479
miura_00619,miura,619,1,30,9,0.0008909077544017,0.0034649470919394,0.003342113721636,2084903540.94828,3432609120.26031,116296.049161246,35776.2726023252,16621.4543953831,28655.2989740223,48516.0101326361,315523.540255018
miura_00620,miura,620,1,30,6,0.0008879047772298,0.00210798626342,0.0015760959472693,1634527726.78074,2695664180.6605,73617.0993549531,26174.9989835668,11774.0952117517,40389.5152320973,62316.4096972075,222313.661694749
miura_00621,miura,621,1,36,9,0.0006458760098797,0.0033780096099395,0.0038050436366776,1395704509.04679,4118380887.42934,127690.483637363,39333.7873390443,17087.2427423059,9325.54560796402,18156.6334873467,199226.675348099
miura_00622,miura,622,1,30,12,0.0008260561471805,0.0041934806090323,0.0010729841180581,4110313315.73912,2833242946.83997,272786.486728392,68497.0503163601,19418.158803287,131110.605199592,209092.417040384,937129.038552383
miura_00623,miura,623,1,30,9,0.0007536352606419,0.0042672470616735,0.0032076642171067,4020770197.98803,1727591713.15952,104788.788406198,31382.7267671952,12232.5260214929,33209.8790262054,54412.731297258,287993.095830719
miura_00624,miura,624,1,36,12,0.0007729723180719,0.0025568662454802,0.0017182010527567,1307463591.2761,1390912991.57485,26778.9258924311,7783.45789002619,3362.64207387567,25684.4069714052,40461.5863299077,183579.697828184
miura_00625,miura,625,1,30,9,0.0006013819829736,0.0024532020014224,0.001653735776432,3860086831.38677,4760718931.60424,115520.347984726,35507.1560831788,16408.8968384503,32490.0348815156,54419.3892703617,334411.139135604
miura_00626,miura,626,1,36,12,0.0009340913314342,0.0037432403711755,0.0014606827896789,4560747836.29815,4897980491.80901,296784.272051153,77965.6963403972,23920.936699207,184383.740511286,287746.039141834,1195851.79323861
miura_00627,miura,627,1,36,9,0.0007572801512004,0.0037916579193151,0.0029033455303235,1647037147.35005,4248286356.10956,217707.342170763,65749.6465992934,23835.5002123506,21072.242777515,38909.1758609058,328218.695443935
miura_00628,miura,628,1,24,9,0.0005595773111729,0.0012706567654783,0.0019275106409084,4775759839.34434,1056286535.73333,3224.88040442861,1172.86614981391,1206.75007648874,18630.3947944877,29326.9569633463,109616.231137957
miura_00629,miura,629,1,30,9,0.000759701921138,0.0054239910671965,0.0029699983089973,3218626644.67211,4288127771.69846,495024.385444918,144027.231215862,46213.7890960402,35349.6262629664,69331.4609659661,653604.216291892
miura_00630,miura,630,1,24,12,0.000511260954904,0.0048423701186573,0.0030457584013242,2685342760.81921,3474162484.4049,190198.808537732,54591.33067755,23273.8289398368,9323.92586518745,20370.7539839576,361201.879973336
miura_00631,miura,631,1,36,9,0.0007888333641676,0.0014347334042937,0.0036805360330919,2559479100.15393,2618807982.90479,7964.04162016529,2728.62582568741,2308.33574390766,23652.6304704219,36531.6189574384,144519.184280351
miura_00632,miura,632,1,30,12,0.000945062663437,0.00439616325779,0.0039376357195764,2466908214.36133,2313822641.18867,86193.4888177379,25115.4852721131,11157.4746783456,34434.5709711105,57846.5121039559,371374.417873466
miura_00633,miura,633,1,24,9,0.000541999747144,0.003194363687126,0.0012773357900969,3061812085.26214,4307643315.58018,234314.199867665,69396.2178311609,27702.7492771622,22345.1325885614,42095.8900885207,403875.467908463
miura_00634,miura,634,1,30,9,0.0009708362941882,0.0051236012211874,0.0010124848295608,4564819920.79666,2860064258.08043,541406.984312624,151469.514066156,37272.4844547469,235862.58484049,360700.837706307,1217011.4859673
miura_00635,miura,635,1,24,9,0.0007944223201546,0.0028140744811932,0.0019406672391984,3381501751.03839,4991459223.76664,135952.751518208,42409.2730171807,22207.6146897873,44504.1370565283,75401.1811127525,487079.151124028
miura_00636,miura,636,1,30,9,0.0006959464009272,0.0034053898211639,0.0023616971477166,4462630049.2972,1767377358.1954,76444.5707823855,23079.2978643415,9492.91970206225,38159.6025787585,60896.1837293474,280551.820023856
miura_00639,miura,639,1,24,12,0.0005061640671955,0.005772181924815,0.0030228367305888,4497234264.90955,1696480030.7867,151536.516557446,41573.0227166628,15297.9963480556,12454.1471417082,24433.9844886153,295292.547047159
miura_00640,miura,640,1,30,12,0.0006664079440617,0.0029677558662918,0.0022552655141346,4502851991.73216,3397609323.12322,69589.2400608791,20784.837349227,10163.1015466597,37875.1967881627,62923.8527369645,383499.083315995
miura_00641,miura,641,1,30,9,0.0007448177732595,0.0045265212183349,0.0021050475131127,4131166171.52495,4173397710.29321,397795.622664515,115853.8359932,37385.7678164372,53807.6300636225,94836.2757495608,649273.875966165
miura_00642,miura,642,1,36,12,0.0005676948820938,0.0014389175009816,0.0017384946553924,2331096973.94161,4225491915.83381,15770.5689264886,5135.3478483391,3609.95932256536,18597.8503190571,30179.0908707486,170279.483243287
miura_00643,miura,643,1,24,9,0.0009550181487318,0.0049711143161141,0.0039101466145015,1439425085.01409,2412326127.56602,168418.874168072,50774.3942038794,22238.5720805715,18558.0306176542,34375.5296710918,324326.313587603
miura_00644,miura,644,1,36,12,0.0008713399976708,0.0045465492008651,0.0010925198384063,4225469107.55308,4938748203.65651,582732.337968596,140465.622447348,35028.5418918043,189648.289688902,303766.034272918,1393869.99118624
miura_00645,miura,645,1,24,12,0.0007049212849848,0.0039527015430823,0.0032432419772267,3425064739.27853,1966381482.6066,57604.6814755739,17488.4774490042,9150.42931519042,19939.2092159626,34627.3351401971,268247.667214332
miura_00646,miura,646,1,30,6,0.0007185235037887,0.0051154929276464,0.0020127731616869,2884025292.88145,4974662158.99657,680799.321321476,278912.48583742,83496.2680322883,37550.7544406925,80825.8179026292,683787.235125297
miura_00648,miura,648,1,30,6,0.0009129244383399,0.0025937375012367,0.0017507677804982,4572963775.77527,1172753567.50755,48047.205352432,17498.8707513715,7173.51671148923,96951.7199677041,134720.447760459,270712.976767812
miura_00649,miura,649,1,36,12,0.0006817952962908,0.0048115357268724,0.0019991282365408,2933913829.25822,2038894860.32312,182468.808741061,46832.180525748,13483.2751632643,36719.4371929856,62342.2659544335,386786.97674413
miura_00650,miura,650,1,24,12,0.0006242190219165,0.001216733734009,0.0035129386868756,4830360665.71785,1413937266.96896,1434.3534440953,589.91545963461,904.086167980883,15325.3354840662,24970.1817375224,122421.933268847
miura_00651,miura,651,1,36,12,0.0006684279310932,0.0032627687246091,0.0032154103330974,1662581677.86422,4364483793.54963,94373.0470637631,27809.5313923128,12680.9422063372,13685.7615694509,24680.2058722517,238083.334472144
miura_00652,miura,652,1,30,6,0.0008511696564533,0.0053132213664427,0.0027102132767122,1126892855.81215,4435742422.03382,586985.292485024,234946.951362307,73570.9061859584,20875.7756709666,52189.5629226992,555473.188540496
miura_00653,miura,653,1,30,6,0.0006817133562424,0.005412802096579,0.0037281066759248,2146422294.54856,4488729240.32403,543825.854605671,211341.151839278,70573.4168428654,16309.4401633065,42893.5798027328,508553.342973508
miura_00655,miura,655,1,30,9,0.0009880012095775,0.0047612041275586,0.0017695392356671,2297033909.4426,4432347032.76541,531825.674047666,152931.949944559,45229.3901380012,80761.2359085752,139638.477960784,859281.538498914
miura_00656,miura,656,1,24,12,0.0005645434798948,0.0014391699130473,0.0023059671465417,3118503763.62897,2108044089.83871,4773.55714260452,1778.836572172,1970.90093969498,12073.2621358206,20147.1802370768,124111.392911761
miura_00657,miura,657,1,24,9,0.0007924472244471,0.0044937755489512,0.0012716300352908,3533943654.19263,1377339027.89945,177605.004599877,50062.6067978312,15566.900238094,65143.6591477554,105110.849400179,470023.22203512
miura_00658,miura,658,1,30,6,0.0008586453524622,0.0028285848189767,0.0019039616255522,4200714520.62059,4247732607.4556,198425.043264113,72702.568311787,28857.5758165047,78844.665931527,122811.370955845,459418.539684824
miura_00659,miura,659,1,36,12,0.0008759286937181,0.003139729409,0.0013265924494383,2285548082.72401,4530941422.81684,188387.187431098,50987.0950794046,17079.8796655457,86528.4447977095,138988.274177037,687463.038556131
miura_00660,miura,660,1,24,9,0.000721962155934,0.0021751554420293,0.0013542608200873,1434529289.92763,3826559520.8372,70148.4099918304,22167.8195590695,12396.2340305488,20731.8948127949,35503.4842384619,247383.255052409
miura_00661,miura,661,1,24,12,0.0008205866308004,0.0048240969175621,0.001355331732325,4797610645.34731,1913070861.536,206768.069078776,53393.7294859534,16658.1801120593,95854.4186489136,157515.18481086,807867.100624643
miura_00662,miura,662,1,36,9,0.0008913326243103,0.0030504258089706,0.0030690399489819,3322441495.47774,2488795879.65127,70945.6032138099,21836.8459868399,9420.99180047291,54101.8443902492,83663.1886768148,331968.178142884
miura_00664,miura,664,1,30,6,0.0007125454438978,0.0017023703384878,0.0031805668065643,3231506963.01816,2154640122.67773,20257.5288969395,7002.90705120287,4701.87886421387,20343.2612993075,31526.8996194688,117965.71303113
miura_00665,miura,665,1,36,9,0.0006831615049456,0.0031916055092694,0.0021068209392541,2958588641.84683,2285277611.9399,97246.4240983883,29401.3964317307,10739.1710475068,32949.4427437991,52847.3311709237,254165.954200136
miura_00666,miura,666,1,24,12,0.0006613518035761,0.003786777928102,0.0032919606312398,1145005720.77193,1467251492.20958,37479.2435681467,11512.6363911376,6295.76399038329,6064.97517116997,11118.8181515038,122050.245505528
miura_00667,miura,667,1,30,9,0.0009763212109136,0.0011996418976159,0.0028275272543749,4863282896.13798,3113961877.91656,6743.23232445038,2443.27404479175,2546.56028041585,80792.8553217173,122058.962841561,345577.113955153
miura_00668,miura,668,1,36,12,0.0008741497017553,0.0043540952574637,0.0039262947343819,2105893381.04572,4015602612.92093,161443.871875814,45792.0973635656,17986.0701700315,29895.909929562,52243.2025017596,408615.300571747
miura_00669,miura,669,1,24,9,0.0007369530202008,0.0028221754245559,0.0039710458066256,2094248809.21255,1376097001.26677,19852.6688490732,6589.03495851348,4669.87224134451,10651.9243980136,17894.7781016434,114070.392292273
miura_00670,miura,670,1,24,12,0.000826394187004,0.0056671501888137,0.0024506532907217,2540497970.38087,2223390929.10297,225864.033202286,60556.4004734781,20837.6757509662,33199.454313397,60266.9888316183,522730.35282492
miura_00672,miura,672,1,24,9,0.0006101516580851,0.0055983735978984,0.0010950439055866,3405525622.9696,2514044078.8237,579904.230261123,157018.395226835,40796.1762554589,40527.023482201,80912.5364589872,703364.327076403
miura_00673,miura,673,1,30,9,0.0008186373890502,0.0046442060577124,0.0030754143348946,1828420759.69227,3614034816.84537,279267.530861129,82685.6627935419,29875.9480174308,23883.6261504271,45287.6268002382,417424.848455245
miura_00674,miura,674,1,30,12,0.0006472467757622,0.0037527480834805,0.0024565003700746,1314318941.55888,4404527973.80464,160455.472071575,45948.2515008684,19120.6779010284,12169.8165264904,24031.92444295,317255.600502321
miura_00675,miura,675,1,30,9,0.0005240794175546,0.0055597670320866,0.0029585960819103,1986661150.18541,4429057176.89943,542673.627258333,157465.919270539,49656.7034047625,12419.4260488002,34997.490340412,579198.618461992
miura_00677,miura,677,1,30,6,0.0006279461644063,0.0033237303194362,0.0012110691901944,2480277976.46649,1834316600.56004,144810.8680655,57279.9804975546,18508.8354970459,29808.5059201659,48598.250206916,216504.612154917
miura_00678,miura,678,1,30,6,0.0006781735893261,0.0047076240974867,0.0033095983212217,3007232440.57973,3884402133.24884,382051.766368856,146107.963261907,50781.1751646729,20676.8029345689,43476.1396035248,394371.811076937
miura_00679,miura,679,1,24,12,0.0008818461104995,0.0051429446728558,0.0035805675379688,3073396710.16299,1705713371.7539,95788.1476729997,27640.6177384998,12014.7080012386,31162.3830186807,53763.1958915312,385211.653756596
miura_00681,miura,681,1,24,9,0.0005103990501372,0.0015561222115799,0.0022244224660056,4192012646.55707,3259860945.05847,14785.7128973126,5218.26912993836,4813.24449421014,12528.7809937474,20939.0200811135,131635.528504383
miura_00682,miura,682,1,30,9,0.000535101010914,0.002008160388627,0.0037995945518646,2369083838.58071,4731314944.56118,31219.6977781023,10514.4883067223,8075.34397892948,6787.50150350712,11907.3035999691,109074.463001786
miura_00683,miura,683,1,24,9,0.0005296062720488,0.0023629761933988,0.0039674893908937,3284139435.92244,1049690908.4052,9155.89180186053,3146.23394299359,2598.41047568764,6197.75942669464,10394.2361442975,66368.0731838959
miura_00685,miura,685,1,30,6,0.0005348827500524,0.0031140515983251,0.0011254079515416,3499316262.90547,1970518947.32353,142599.887457386,56063.4544801151,18351.4575682347,28127.5226134149,46103.1359907288,210950.217510898
miura_00686,miura,686,1,36,9,0.0007680496413509,0.002584828554016,0.0028203225626022,2330067967.57093,2457573602.03215,48342.2412628746,15049.7392595801,7128.26864488966,27269.5901496168,43237.9504716386,202763.584827254
miura_00687,miura,687,1,30,12,0.0005452299811121,0.003138399038871,0.0021864476122909,3860795690.24253,1388342255.1142,34217.6801532234,10064.2321789469,4634.60769068935,18256.0364542725,30233.7544216666,179345.873236307
miura_00688,miura,688,1,36,12,0.0009963624543407,0.0055144788871295,0.0035463140854739,1521375448.52628,4817904880.23766,393563.669544296,104741.202608426,33300.7907482413,37938.8627637697,70990.4292257659,663786.38989187
miura_00690,miura,690,1,24,12,0.0007339690129359,0.0049470980659898,0.0012468847845413,1145387720.94933,2525563130.82687,310290.674838667,78531.4744232083,23286.2055076451,22984.2642250029,45680.775204276,504001.524456656
miura_00691,miura,691,1,30,6,0.000902534361249,0.0034910229340571,0.0029534406807645,4251360493.94789,1560311742.11047,89128.5169690946,32618.0501369984,13038.2602173931,57322.897928312,86704.6888306534,269034.134949537
miura_00693,miura,693,1,24,9,0.000828831379699,0.0034999402189871,0.0024225034928048,4159709980.51205,1842177189.51895,75584.4000200652,23167.7552665579,11085.8704108016,46378.6666874621,75262.7925062929,368127.322786665
miura_00694,miura,694,1,36,9,0.0006368302834512,0.0046998854264754,0.0032869704683281,4174779453.37883,3923460502.88946,308244.031542347,92209.9572302018,30189.9751523831,27892.6244433288,52011.773485853,427851.31559742
miura_00695,miura,695,1,30,6,0.0007553384583573,0.0052261798692714,0.0039949926274399,3000348868.36666,3212488838.9869,354071.243019286,135715.379983777,46922.190106143,22668.4385078232,45518.1921763644,377739.746396404
miura_00696,miura,696,1,36,9,0.0009501913883459,0.0053573106995556,0.001316883925734,4079322107.97151,1198392653.73147,200641.686556801,58798.0561940583,14254.2343243628,175593.022441825,249628.994683398,602174.69199322
miura_00697,miura,697,1,30,12,0.0009477394087596,0.0051436663621329,0.0026356504748237,2787757791.17081,2418138878.90497,194786.020031863,52200.5598804845,17509.7085423063,58148.2651936671,97559.3344544736,589447.348280482
miura_00698,miura,698,1,24,12,0.0005461964354189,0.0020190001718517,0.0037382162001173,3102892928.45323,2578022469.2674,9666.0026571905,3513.72019867441,3578.05997994979,7328.18205724709,12626.0830451328,103302.783207115
miura_00699,miura,699,1,30,6,0.0006923574380147,0.0040554769735655,0.0025938892709668,4837873670.13319,2897329699.11346,239535.380658643,91190.4765205563,32183.1705322686,37782.6024835122,63789.1957177938,337211.342589677
miura_00700,miura,700,1,24,12,0.0008643354022367,0.0044362065110103,0.002891274291094,3949446514.53165,4858626458.68972,218552.658898039,63687.4365569479,28651.2126880398,49058.5485465988,86924.5710084357,734823.219086337
miura_00701,miura,701,1,30,9,0.0008050199687879,0.0022273502686105,0.0030876148827609,1749494347.03977,3543243125.63856,38111.4883760729,12395.2310703498,7984.5801589495,18716.8455237844,30959.0386069013,186687.656469452
miura_00703,miura,703,1,36,9,0.0006394099340333,0.0047120797453985,0.0039643369291021,1237036633.53319,2256104820.74274,156765.779939751,47147.9702854268,16393.335631273,8096.14155503292,17035.4949325381,195206.542262868
miura_00704,miura,704,1,24,12,0.0007686982876415,0.00358807029382,0.0020406514882829,3240019279.39969,3741318947.24243,127187.574598221,37403.6434973178,17391.6274756795,38800.6503696863,67465.9440830079,514065.007395765
miura_00706,miura,706,1,30,6,0.0007547880770868,0.0042645794565895,0.0019074485746892,1585086972.95606,3535601031.94413,363935.618488021,144430.58268859,46115.9911751864,24451.596456044,48984.4138946727,383728.085527344
miura_00707,miura,707,1,36,12,0.0009422250415009,0.0016031621021783,0.0016002821848774,3627852402.64157,3315700645.12203,18751.2900884181,5924.72583851677,3647.70119052931,127146.985321622,188087.414228918,550746.299109205
miura_00708,miura,708,1,24,12,0.000760313009005,0.0010974863381444,0.0023668422836024,4040384501.14831,1185867478.67997,1380.59021605195,557.971541349799,792.753608985081,31011.8996965695,48951.9406360542,174586.895772365
miura_00709,miura,709,1,30,9,0.0005953993822167,0.0034791202801182,0.0031811908137802,4720691282.66245,3794138159.25386,135245.296350425,41464.1966425744,18845.2965854504,21442.9491050056,37754.4257910408,294272.363916864
miura_00711,miura,711,1,30,9,0.0007697983502672,0.001327993126232,0.0025496172833578,1855009121.65241,1537360993.7974,4664.62003960223,1633.51443501891,1497.10309636269,18641.4158734035,28992.2486634744,111585.189159277
miura_00713,miura,713,1,24,12,0.0007578492088819,0.0021909108581053,0.00323838465516,2836466140.72868,1216916941.77372,6708.19841843279,2344.96763793348,2082.74472762754,18358.4393972944,30148.8103548297,163340.700548047
miura_00714,miura,714,1,30,12,0.0008958049612371,0.0034968584892389,0.0017343142313787,2978783336.75141,1115265214.1944,45727.9092907269,12792.1674137297,4924.0656047505,71604.2421623166,109934.517964231,398399.11124591
miura_00715,miura,715,1,30,12,0.0006839258097218,0.0036162508257048,0.0039671863325588,1919463507.60425,4690182651.43547,99978.4166289034,30402.241235746,15965.425042273,12145.7720598138,22611.6023519758,270266.732598788
miura_00716,miura,716,1,24,12,0.0006227401100414,0.0032730488660901,0.002293269338535,1247810162.81771,3991838612.80035,93948.5037637427,28621.2390138692,15167.5772361296,8794.58036855143,17110.9284299484,245369.376060777
miura_00717,miura,717,1,24,12,0.0009161510734313,0.0023930313713592,0.0017731223944495,4938145240.17729,1796051198.59058,22681.7824876318,7215.46636942945,4511.69780123487,96263.6755656614,150468.698572839,563583.835934038
miura_00718,miura,718,1,24,9,0.0008743132146244,0.0015620889448759,0.0034439736304132,4510875181.44145,2766151395.78821,8779.50523637933,3252.6019756219,3600.53975934058,38910.8280250394,62146.2753567912,266139.022849335
miura_00719,miura,719,1,30,6,0.000710764122981,0.0047068717356658,0.001115628582349,4587197800.53187,1452940842.89012,204081.911898658,87351.5409835259,24504.5725331041,80911.8014330466,122506.389304345,374374.503039556
miura_00720,miura,720,1,24,9,0.000960544690218,0.0015101217139678,0.0030544683026605,2504188314.14348,1866579674.16167,6056.55163053439,2231.02973486838,2414.06737895596,31686.038827314,50257.1773776777,200970.609118513
miura_00723,miura,723,1,24,12,0.000759938339708,0.0047475038207596,0.0010387507802171,2052756770.64807,3573016358.93827,455175.615320658,113479.579976525,32531.5707152932,50040.5912247416,93352.6237035119,826105.82089148
miura_00724,miura,724,1,24,12,0.0005908166758385,0.0044372707393212,0.0028058578767651,3504317403.25684,4896018996.97855,226147.649442685,65649.3942195007,29121.4610638331,17514.297217643,34874.23945973,493542.114321836
miura_00725,miura,725,1,30,9,0.0008017121753458,0.001118672353886,0.0037098561332871,3899072097.23861,4608121059.38054,6077.25234203993,2299.38244892908,2862.19155225565,30864.6112468453,48706.2948448123,209337.003902047
miura_00726,miura,726,1,24,12,0.0008826977191066,0.0026266884317198,0.0026280600175528,4416622702.78326,1943510529.90319,21904.6266382204,7141.16141015209,4904.26257905194,54500.0020166916,88133.5063573981,424832.438186635
miura_00727,miura,727,1,24,12,0.0008746817376979,0.0036236326521654,0.0010350730415288,4807849893.6106,4965477392.61467,314600.629236828,84738.0436835202,29597.8118381408,153747.218253965,254455.919102286,1382011.82058917
miura_00728,miura,728,1,24,9,0.0006261592006675,0.0032344156948407,0.0030164995881554,2929356117.78332,1841726492.74504,49834.4865497635,15760.0442704561,8842.84454640039,12640.0842551849,21878.4542088937,162391.302412022
miura_00729,miura,729,1,30,12,0.0008790371436243,0.001285802719298,0.0031253591706769,3344356910.44309,3512866692.02966,5048.46888137733,1890.65007658906,2220.48033289278,42150.9751824476,66714.2452184361,293112.3037946
miura_00730,miura,730,1,30,6,0.0007788675391666,0.0052749473486763,0.0034234985829974,3246724584.73501,1383715867.87937,165719.184592053,64738.2041905627,21473.2492157989,27059.7102189974,45435.6271638596,229311.726762582
miura_00731,miura,731,1,30,9,0.0007654214001246,0.0043942495126516,0.0010395882037672,2772204441.11959,3203769455.5384,439929.930242492,124546.023203489,33143.4332751555,75004.9205809373,127141.32552888,695455.276034393
miura_00732,miura,732,1,36,9,0.0006616816911849,0.0027831556504478,0.0024282931647768,3356896480.68657,2630809205.84881,71022.5113474467,21814.7395228967,9242.656852038,29490.2353214171,47206.6616858365,230563.415053045
miura_00733,miura,733,1,24,9,0.0006952255059024,0.0018306606699308,0.0025325244069678,1286940261.27115,2772613665.36814,17651.263968379,6104.43281527625,5180.02075311342,8876.77567588368,15094.1910685192,107509.903807763
miura_00734,miura,734,1,24,12,0.0006159117021264,0.0056367134014305,0.0027595190431197,4570590115.12038,2952226661.94152,267314.585865078,72915.6043411385,26372.7755803835,24287.8937053883,46882.9005713281,531550.861058902
miura_00735,miura,735,1,30,9,0.0009963520061911,0.0046791547443779,0.0018263081957782,3669973493.51187,4663057060.50043,528064.854223774,152333.571987841,45991.5093279335,122689.294118221,202386.616597277,1038247.87026656
miura_00737,miura,737,1,24,9,0.0009427193554739,0.0044920715131911,0.0029711140576178,1817942480.71106,4243320360.83598,284233.391690981,85219.212239007,36265.2951934098,29792.9255260169,55487.030113762,527582.610794008
miura_00739,miura,739,1,30,9,0.0009949493394069,0.0035307724001994,0.0012968199150002,4581391702.91529,2426061736.98764,180724.809602976,52704.5291948976,17118.8867030539,192030.234757674,284852.181332596,822143.477243087
miura_00741,miura,741,1,30,9,0.0005009524518115,0.0059044360298397,0.0019208214534934,4294165158.08779,1049336171.29238,190999.341938852,54108.3533969935,14477.9355093284,18965.1046785555,34977.4587709888,250841.012684508
miura_00742,miura,742,1,24,12,0.0006329691813861,0.0052139136061576,0.00121084365896,3178293526.53101,2997125711.54566,430258.470486886,106706.852866241,30236.2512797262,39657.330998482,75905.6905449247,726952.077663478
miura_00743,miura,743,1,36,9,0.0005980491387131,0.0025220143737362,0.0028755399562197,3442608973.22434,3638153240.77352,65683.0801397996,20522.7322302547,9991.39648969258,19723.9083464806,32678.2022351017,196169.568821466
miura_00744,miura,744,1,36,12,0.0009238852062922,0.005516418686898,0.0035588616967496,4162238753.64619,2913367562.87978,237741.917254093,63304.6551580577,20172.21645598,70972.1014592868,117167.236773027,659884.122375386
miura_00745,miura,745,1,24,9,0.0008928565757883,0.0053995805401213,0.002637115374397,3908428848.87936,2435587264.24515,289485.467554917,83706.1275603322,29534.2701723082,54256.3532693904,93647.6828995519,603375.368218798
miura_00746,miura,746,1,36,9,0.0008923718461469,0.0030871855862936,0.0024837367758956,1295843942.60272,3521412034.7112,121646.973149626,37085.6426336759,14698.8408880722,28498.209484156,47449.0556595458,278805.214872366
miura_00747,miura,747,1,24,9,0.0007077944789904,0.0047758218949324,0.003381255544151,1894219304.92062,4634090439.31946,327650.09481209,98305.0650943905,41972.173505149,14795.9320293466,32394.9499682,485500.145035596
miura_00748,miura,748,1,24,12,0.0005724535832349,0.0057902605842575,0.0037454957941958,4766686843.47776,3856807103.20535,288484.012214351,81271.2722355123,32534.4630589789,17225.6854854764,35898.3339814844,546321.609621083
miura_00749,miura,749,1,30,12,0.00064788126994,0.0014624687068667,0.0030143402400498,3574907377.82725,1208284163.1036,2584.99827185793,933.51521681838,962.78152539827,18681.2304137034,29416.5358869172,125008.573951801
miura_00750,miura,750,1,30,12,0.0006782148045918,0.0025892227652689,0.0010173479482771,1092518672.79515,1355843141.40386,38600.7094706604,10882.5250033584,4292.64969022551,20956.592333139,34239.2718987429,184153.922449787
miura_00752,miura,752,1,24,12,0.0005821891046507,0.0033131789299686,0.0013114256841277,2207866017.75023,1474711342.51221,59600.3042527089,16936.7985099194,6984.90677450034,17653.9139915674,30548.1295130577,220064.57121264
miura_00753,miura,753,1,36,9,0.0007919582909895,0.001506757994737,0.0015949891711622,1540745382.90737,3412948150.40028,25333.5611056356,8106.14946546576,4679.73154520595,33675.8103569902,52036.5688638378,207870.333655959
miura_00754,miura,754,1,36,12,0.0007433723326452,0.0020697568893726,0.0021215781302016,1824750333.80386,1530001768.5008,13496.4960745634,4172.58141228082,2337.95585695818,25443.6641186987,39713.0148376256,171437.169500026
miura_00756,miura,756,1,30,6,0.0005817497095995,0.002504634565072,0.0024417632117449,1978700856.44827,2750408553.004,83685.6547559938,29562.4879141136,13662.0620152766,10422.5097167541,18302.6594369075,124870.357627805
miura_00759,miura,759,1,30,12,0.0008322462405084,0.0029076237307621,0.0037721077298853,2506905880.50332,2026903121.66391,24433.1443124616,7740.69833122932,4812.67356526321,24095.2640792176,39539.6228511098,227864.269702843
miura_00760,miura,760,1,24,12,0.0005985397887269,0.0027727108597529,0.0011192112364563,1738876046.34506,4035172290.9084,114333.425601744,33280.6113009603,14909.1262141641,19304.5846562322,34989.7363995329,334448.540747071
miura_00761,miura,761,1,36,12,0.0009731574149973,0.003486730912443,0.0017840322280861,3507820212.40829,3353277679.93829,144605.002070813,39524.4516422008,13675.8505113999,129899.472095724,200819.743677589,796972.177805272
miura_00762,miura,762,1,30,12,0.0005473640826283,0.001590972298245,0.003566397315912,4937967690.26488,4241765939.24253,9526.94553037963,3439.31474511598,3554.25343522263,14618.2174218041,24284.463526093,157672.121389524
miura_00763,miura,763,1,24,9,0.0007726571691412,0.0046106171914045,0.0015165789730673,4215159722.56889,2311095533.90498,279507.854542597,79466.4345054056,25767.5883493791,63673.8403507781,107252.633935883,602359.365091572
miura_00764,miura,764,1,30,12,0.0005021569747784,0.002259477939929,0.0023347209149564,2493574794.86698,3776599274.90227,34410.1318672367,10930.1652907754,6869.00674695575,9590.77852221739,16770.7183297781,149699.636206576
miura_00766,miura,766,1,24,12,0.0009699882118653,0.0011180419368641,0.0029363921130302,4889013499.51995,1057003985.80698,1215.92438762973,510.820063549922,767.646932109536,54253.3571286086,82950.7754861063,227068.227859058
miura_00767,miura,767,1,30,9,0.0009863158920994,0.0040464115794191,0.0023498091895713,4145938243.56584,1962932476.385,132720.710951582,39319.3608562109,14229.0826234122,97071.144031054,149568.462143244,546036.27334702
miura_00768,miura,768,1,24,9,0.0008104102384859,0.002337167575824,0.0031037565652672,4236725736.20595,2629692092.44791,28108.8467142952,9441.9135102923,7069.33629494345,34341.5356751573,55850.1562147707,283559.710172602
miura_00770,miura,770,1,30,9,0.000567354789028,0.0035221207730212,0.0012477752347119,2211982506.18311,3099109795.70507,233016.364411862,67788.4805262087,21723.9632917675,22619.1806957864,41897.1894972857,336681.908224156
miura_00771,miura,771,1,30,12,0.0009901042832019,0.0038280489476648,0.0019681500861285,4651834907.74875,4172506094.63621,195275.968754052,54278.1559792769,20415.7864133658,139718.750964085,223642.451231937,1060080.36227313
miura_00774,miura,774,1,36,12,0.0008816210267944,0.0049796357794166,0.0027853624909419,4888281727.96835,4363154430.99045,331634.763174591,87885.8554185424,27616.4112960594,92909.6437342848,154006.547854853,881400.797093191
miura_00775,miura,775,1,30,12,0.0009922778501811,0.0025201579331068,0.0021932193624955,1312712856.76571,4103340555.43119,54291.4651959307,16738.936500858,9305.51982327774,37323.048357169,61811.8765497034,374679.457384321
miura_00776,miura,776,1,30,9,0.0005840598449343,0.0056706689960452,0.0036510830338051,4851227596.85081,2830024343.21664,314857.649210244,92136.2560856593,30751.1255640604,20365.3851555153,40770.4662400909,414696.511135686
miura_00777,miura,777,1,30,12,0.0009175893526271,0.0027792702283939,0.003488600073443,3129996752.59688,3478136271.80352,39649.983656336,12577.9450004977,7862.14501437822,43292.3676903228,70741.7531180689,396739.19654059
miura_00778,miura,778,1,36,12,0.0008793900555401,0.0044738290786463,0.0028473515785626,3048971457.89692,2273137596.18224,128740.38062212,35063.3809597387,11980.955808194,54861.4261952156,88742.8931489363,457109.422628877
miura_00779,miura,779,1,24,12,0.000926307863243,0.0028688988153159,0.0033753871394011,2353444890.8259,1291128502.48835,14752.389642846,4852.10676428884,3445.96452949956,26819.6487604093,44048.7622239843,238256.662121008
miura_00781,miura,781,1,30,12,0.0005240937901447,0.0041878184574177,0.0036049940430222,1296529911.09174,3647604031.38445,128137.474446935,37363.5361122093,16628.5886679295,5486.47336060645,12327.1098514803,235010.968086716
miura_00782,miura,782,1,30,12,0.0009922805062026,0.0027754148753651,0.0028577852755589,2034136274.82682,4612088225.12303,62892.1062880743,19538.4746850795,11205.8203487806,44441.8220947205,73655.6372753312,450003.136943863
miura_00783,miura,783,1,24,9,0.0007628461747526,0.0047251044223499,0.0014556137152851,4635802782.7708,4806661175.29514,633420.122804904,178928.668028128,56262.5945509709,76016.1727817525,137490.22281172,1016839.4719726
miura_00785,miura,785,1,30,6,0.0006712666583743,0.0023701273300793,0.0013928681844348,1954678068.95245,3063835424.82634,117063.700900969,42723.1595750924,17139.7252641692,25415.8777837114,41577.4579584067,202405.287352821
miura_00786,miura,786,1,36,9,0.0009783537730937,0.0022979156573334,0.0021850363429907,1952178858.853,1313640677.95969,23658.3751412932,7354.45470184849,3450.34043232069,55238.6515820849,81189.2378518499,227258.950439966
miura_00788,miura,788,1,24,12,0.0005353508066033,0.0021051644776187,0.0019012712933842,4699390511.54715,1667712290.35489,13358.7128355303,4417.62553702421,3202.40388003393,18749.1873053446,31155.4762056852,183512.985461289
miura_00789,miura,789,1,30,6,0.0009103870943544,0.0045653078324114,0.0033520801837304,4803473576.37481,2822592166.76714,260372.570852012,98966.372165338,35144.9742508317,63130.5798938543,101552.211990183,440055.238877667
miura_00790,miura,790,1,30,6,0.0005137715702318,0.0020421818116098,0.0039269392686881,2204512352.27884,1687281352.90992,21474.8222661892,7409.39877736762,4686.64873871011,4834.17998105938,8111.86468481729,50450.910054168
miura_00791,miura,791,1,30,12,0.0009372737791491,0.0013033934041001,0.0013265464087908,3943849153.14502,4931824897.07173,16467.209459715,5546.09645145005,4397.68600590877,136353.969992941,208158.240667775,700904.248275767
miura_00792,miura,792,1,30,12,0.0008970269486429,0.002157724867662,0.0015034591551283,4173758255.02559,1759447813.93154,21785.4217925741,6666.69702680026,3597.02634546782,111374.569743131,166263.320887606,497089.616139772
miura_00793,miura,793,1,30,12,0.0009355587955372,0.0010989340139774,0.0035915365124627,3585812994.28296,4733948933.54426,3894.5967578589,1545.97786168943,2210.42563099183,46897.6558182521,74450.2345715775,327797.138316188
miura_00794,miura,794,1,30,12,0.0007375961979052,0.0018244959020328,0.002967222408347,3875535292.54532,3443033984.79871,13715.9257928779,4690.06403655328,3960.10620925738,32093.4023839649,51907.8452513731,274447.994937506
miura_00795,miura,795,1,24,12,0.0008235921632172,0.0043160772715146,0.0028318212706154,3671950892.6685,4024952198.51927,170832.66560872,49986.6573654644,22820.6426195732,40135.7508001159,70933.9820023589,593316.170070673
miura_00796,miura,796,1,36,9,0.000912550990472,0.0038987032185501,0.0018369115111896,1037164559.18871,3206799561.03007,239044.301163015,71131.4561124538,21824.2063856204,33739.1501527858,58542.3924214775,371926.136577407
miura_00797,miura,797,1,36,12,0.0007125805154968,0.0045675883180499,0.001152356576003,2448095857.85259,4522563611.22838,521123.328565971,126291.446870861,31830.0190719701,63318.8448829495,113681.069775968,816699.801858393
miura_00799,miura,799,1,24,9,0.0005307268057732,0.0020390677409784,0.0038703139756626,3046880416.71106,4798980396.01991,27911.1062240306,9870.49022092624,9172.20328347024,6758.26462179949,11949.4111230196,119016.091680165
miura_00801,miura,801,1,30,9,0.0006334992822784,0.0023614683214761,0.0018750285957265,2981574728.38563,2268644223.57053,44770.9794439001,13934.566896054,6969.46095592258,24596.053716019,39677.9360166899,199592.333702264
miura_00802,miura,802,1,24,9,0.000787361630117,0.0024913937452381,0.0029258150358559,2773460955.15803,4677741583.82952,62578.6427769374,20664.7981242949,14303.216552303,24053.4598225354,41027.9975282374,290038.875903714
miura_00803,miura,803,1,30,12,0.0005665137521728,0.0013163819204525,0.00155851487075,1455933834.0795,2880923179.15624,8156.48942114485,2792.02859202803,2367.52405423182,10821.3042229577,17887.9442989056,110466.579860902
miura_00804,miura,804,1,24,12,0.0006441473665775,0.004324712260222,0.0012806396524317,1990457493.10054,1181805636.75094,100271.476732961,26489.5136075821,8754.49574772727,22140.4716270129,38608.0561991311,273703.413122623
miura_00806,miura,806,1,30,12,0.0008052204829185,0.004295605660552,0.0011262462696742,2211290729.23945,4657685248.80821,458559.727477159,115114.511406413,32563.1100992048,69767.7436630378,123284.563290509,887165.428344907
miura_00807,miura,807,1,36,9,0.0008547985967575,0.0050722615924441,0.0038878443449534,2001900587.78197,3244817772.85514,272360.563593728,81513.282943172,26820.3438669564,26939.0202259366,49462.7620687091,389871.043600168
miura_00808,miura,808,1,36,9,0.0007123094887764,0.0025325536817306,0.0035261920704738,1648701456.01323,4283129121.22521,65545.5353040967,20697.617676158,10881.7026794689,13681.0039467008,23472.8347972747,171372.496363835
miura_00809,miura,809,1,30,6,0.000942509880786,0.0038453330559393,0.0019646988270744,1860100615.44428,4082485931.14579,345260.741727563,133768.46780768,45189.2228693453,48756.2439335202,83575.198579182,457056.328866667
miura_00810,miura,810,1,30,6,0.0007989423443246,0.0019113839715329,0.0030660097184391,2126275888.55694,3946007801.38309,51708.0488677392,17845.8224585783,10831.6533485929,20977.0721862982,33653.5901260061,161952.242363954
miura_00811,miura,811,1,30,6,0.0005613829555723,0.0011645602622203,0.0027672065322119,3656609062.18711,2033183475.32309,7680.37498772954,2710.05885723013,2309.26834113525,12720.9520465751,19722.9107758589,73105.8808168425
miura_00812,miura,812,1,30,12,0.0005280324119424,0.0034218271595034,0.0011213662607826,3256578370.96534,1882789469.07486,104168.685427141,27776.4065832584,9182.70708107061,27870.5922515328,47117.6053418107,294458.688990224
miura_00813,miura,813,1,24,12,0.0008719297399999,0.0040622282601191,0.0029034113260349,1857027398.0399,3845151016.45145,134495.220384184,40043.2758825787,19472.2383446351,24573.4375387069,44379.6380735915,429390.560239555
miura_00814,miura,814,1,30,6,0.0006447714782653,0.0020310716944358,0.0032345387976239,3423140019.8085,3833622471.26352,56333.4058326514,19448.7123416705,11506.6096162442,17234.5722248134,28103.4086518266,148314.385801102
miura_00815,miura,815,1,30,6,0.0007416563145819,0.0058281725897734,0.0017505511850736,1341095177.51192,3116503492.36568,539009.98487777,229340.772286825,64079.9724732747,23264.6571610027,56066.116331243,521547.431019203
miura_00816,miura,816,1,36,9,0.0008492078821887,0.0022470756908934,0.0026050016095835,2423036244.69375,3154812752.59298,45615.5076405857,14344.2524629006,7335.91813877256,40528.7999114236,63142.7543108506,266279.375157604
miura_00817,miura,817,1,24,9,0.0007591755880747,0.0010535149158476,0.0034012331597811,2814722047.14435,1508550854.71704,1650.82150668299,673.588270808653,1037.25057025323,15447.1237377965,24726.5642968805,101289.066636464
miura_00819,miura,819,1,30,12,0.0008017389383735,0.005825681837987,0.0034989539452291,1720328672.62932,2180564674.1812,193216.143439027,51995.0009408401,17636.8825609238,19145.9490383214,36039.0383355079,358935.348309405
miura_00820,miura,820,1,36,12,0.0009638238367534,0.0015659896934588,0.0027529247348899,1899452574.67715,4836647943.05977,15084.1241878479,5060.81664610986,4034.57928425497,44790.1119105378,70607.3090698615,328801.193585652
miura_00822,miura,822,1,36,9,0.0006733385752553,0.0027896563331708,0.0031265439276548,2123139017.6574,2078691501.61874,45872.8524078601,14249.1413583846,6628.47840127023,15692.4616020526,25660.8666587067,142642.713898153
miura_00823,miura,823,1,30,12,0.0006019960708799,0.0020583474287418,0.0010467878264066,4226994226.92358,2797329403.60633,41240.274835167,12270.4114807407,5913.66564817099,52959.821808171,84110.1055466223,385227.968122474
miura_00824,miura,824,1,30,9,0.0009058528812251,0.0020704646831969,0.0012682597169486,4107018154.1277,3558852678.00094,69594.9128921053,21473.1897997859,10187.0796871884,132708.262444207,199711.064267914,621259.076755077
miura_00825,miura,825,1,24,9,0.0008249330825708,0.0059666696045446,0.0024729948726202,1149270233.95307,4674917440.14218,742489.403940007,210655.464833978,67703.9266765113,22111.1320068244,55717.1453557552,853942.236274266
miura_00826,miura,826,1,30,6,0.0009127933002124,0.0014085646559125,0.0035655946561186,4817690595.2521,3750853565.68325,19338.6904022794,6787.60095287873,5504.35378766753,52304.0923850212,79653.3516237714,242843.624235638
miura_00827,miura,827,1,36,12,0.0007879882922388,0.0054135175110264,0.0034383847140331,2582943141.17601,3665810519.73413,292599.513554441,77928.3702238369,24830.8790601267,32091.0401185099,58929.7043683787,516977.571268323
miura_00829,miura,829,1,36,9,0.0008334515203681,0.0055866699298465,0.0016150357424736,3727827681.95443,1489421869.93598,247020.412444575,72442.3493018841,17898.2270375059,93483.6813725487,143452.742744465,506813.85688603
miura_00830,miura,830,1,30,12,0.0008001694395641,0.0052014595268838,0.0012739874490262,2669927844.65202,3599625252.56569,516097.582367751,124841.300646488,32593.3888445835,72856.1966537528,129407.956140373,914828.726108051
miura_00831,miura,831,1,30,12,0.0006981985352299,0.0036356609035719,0.0035352737418173,4576415736.36459,4759638411.20875,114578.098305892,34380.6968022984,17115.1495437814,30405.9818157802,52796.5842783465,422182.103115574
miura_00833,miura,833,1,36,9,0.0005036030342558,0.0029468066311537,0.0027970428033037,1469030496.90133,1943009674.88815,54081.8988703509,16633.3818598898,7130.77424552721,5810.90883599042,10630.1923556716,94191.2838334062
miura_00834,miura,834,1,24,12,0.0006416529858642,0.0011422999579749,0.0027325229950274,4584354219.39942,4323191520.78022,4423.4014583057,1787.35306381257,2591.27748593894,21562.0214753325,35805.7035548567,211450.240388901
miura_00836,miura,836,1,30,6,0.0009721421631935,0.0044212625327772,0.0018373373353825,1300344501.91362,4186991956.79836,464538.409411802,186556.156430391,58177.9318664288,42062.0918669062,78508.1326276002,521852.180802551
miura_00837,miura,837,1,30,6,0.0009705969896537,0.0023058133116551,0.0025781260898554,1293420421.15131,4385885522.12473,105465.862714021,36862.7193964125,18379.154046645,27672.6411698807,45110.5415215683,229175.433518321
miura_00838,miura,838,1,36,12,0.0006646436960573,0.0058005549004701,0.0012264539712759,4157495837.03232,2677129682.78696,499639.958772477,114714.661652557,26072.1850287165,78062.9071203049,134700.478384888,803040.021658227
miura_00839,miura,839,1,30,6,0.0008952663632796,0.0016015082825591,0.0021102613889061,4126888973.86498,1841292657.90063,20966.5099478097,7244.34907342952,4359.37473957053,67022.9249885112,97004.7873732223,221447.047374329
miura_00842,miura,842,1,30,12,0.0006780211986578,0.0059110317255788,0.0013056171086391,2838795648.80954,3537733336.57348,671279.111745157,156927.665807216,38366.2954291633,50668.3505867232,99650.19353262,918719.893846035
miura_00844,miura,844,1,30,6,0.000795795411693,0.0042912928237226,0.0031898450395426,1601893774.16013,1750827901.19142,146462.552007465,55219.2602147813,19969.6713313761,16218.7884367618,28887.7515489734,184246.282488099
miura_00845,miura,845,1,24,9,0.0008093078464121,0.002732867843273,0.0012852992202404,3630045726.38296,1010802274.82831,36953.6630282446,11201.5916118457,5061.40269486301,64830.1428667622,98841.0393070416,314086.426140366
miura_00848,miura,848,1,30,6,0.0007134816461373,0.001904023860661,0.0015608124021381,1055742398.40772,2252459098.86288,48670.480767908,17107.8577327645,8194.48689179179,14565.1911601985,23443.6248183008,110233.828389666
miura_00849,miura,849,1,36,12,0.0006872955954262,0.004383080250554,0.0028763570169511,2576085594.39733,2803478500.88929,149031.314259908,40818.0430315456,14190.6621686347,24233.261290971,42597.9313834199,327301.813322155
miura_00851,miura,851,1,24,12,0.0006849604660145,0.0040476664971071,0.0010841479598545,4799359705.47786,2289364869.31675,187161.596753927,49213.5359377373,16077.4410110061,71372.0811308808,119327.277499234,679227.284852104
miura_00852,miura,852,1,30,9,0.0006920879604919,0.0059844886915149,0.0036351329214093,3722300134.08609,3773362639.87129,478694.665901854,139306.946470622,44780.7689905531,26914.8808776825,55715.8590749883,596492.830083743
miura_00853,miura,853,1,30,6,0.0005698299849054,0.002877385135721,0.0024349453847154,1089337315.41266,2991926079.77229,125277.809510634,45059.9903777626,19005.50086476,6411.31048976476,13413.5659614704,138093.591043772
miura_00854,miura,854,1,30,9,0.0006189055630924,0.0032518722962631,0.0031565666105366,4903053095.7307,3602307234.41539,107909.726461445,33343.9105615418,15927.8398337211,24266.8236280393,41473.5381585595,284818.289115238
miura_00855,miura,855,1,36,9,0.0006781346858567,0.0036860538957987,0.0020251351938037,3896890676.80591,3124578001.32084,192767.567049213,57689.5850222392,18898.1489056505,45044.2255211032,73963.5608926151,387711.100048345
miura_00856,miura,856,1,36,9,0.0006197907446855,0.004246763083564,0.0022555792626822,1718419552.45917,1854929467.49823,147340.098218953,43874.1201264055,13601.2402818186,14981.632278621,27362.8976263068,205643.038706295
miura_00857,miura,857,1,30,12,0.0005758542417074,0.00345516510937,0.0013417303744813,4389957583.27403,3747856080.94516,183508.197928993,49919.6833470855,17505.7566185649,41782.1659407424,71894.2483690878,497555.414849032
miura_00858,miura,858,1,30,6,0.0008625965208759,0.0028647642360481,0.0014119306479717,4167934917.15323,2842321711.52906,159524.821670866,60279.4232919592,21875.9513762343,101753.952874151,152412.851768373,444936.574385966
miura_00859,miura,859,1,30,6,0.0009306983940087,0.0023818883367354,0.0020629665115511,2381826371.85625,4564802201.46885,138445.559790268,49136.945086434,22263.1487804844,53471.630498629,84261.2079764043,345932.377612564
miura_00860,miura,860,1,30,9,0.0005391679766166,0.001522459157951,0.0016752056169935,2064703399.64992,3643519976.37816,23378.4786216338,7694.30215893718,5276.3989255058,12260.2170040942,20293.4171786918,123733.61948092
miura_00862,miura,862,1,36,9,0.0008412519358482,0.0046476146917696,0.0039195657142402,2160297998.35989,4848345738.7922,328746.485457498,98931.8661950043,34580.7758277549,28474.7327654267,53544.8978030044,468086.828944651
miura_00864,miura,864,1,36,9,0.0006654509175811,0.0022195083557634,0.001057533523793,3206792067.06309,3693906672.42597,106661.302040381,32292.8219451928,11946.9790312171,63120.6909486865,97601.6349320185,382050.942920165
miura_00868,miura,868,1,36,12,0.0009697349579491,0.0037460333622578,0.0024515847383602,1295457173.76049,1618358233.61239,64799.0246393087,18052.9182399794,6655.84548870609,35912.7324290297,57508.5761470659,283376.140247624
miura_00869,miura,869,1,24,12,0.0005758665540561,0.0015548657428937,0.0028780699351207,3395962063.54495,3630602923.81946,8268.53547045428,3108.25553848547,3545.65304840649,11717.9284756264,19903.496467697,143566.38887331
miura_00870,miura,870,1,24,12,0.0009173552971017,0.0045673839165456,0.0025391482279556,2820430793.08273,4603130061.09527,252075.871004528,71790.3701019753,29817.9536571268,48187.4836060208,86126.7030794788,744523.147015604
miura_00871,miura,871,1,30,9,0.0009225391960998,0.0027782151573297,0.0026463278826684,4054262012.43711,4637732558.62694,106040.442667647,33042.1851824516,16649.3151054699,72001.2647175472,114883.394123159,539710.084921233
miura_00872,miura,872,1,24,12,0.0007514863259675,0.0031770052099962,0.0025911437795053,3470310772.38445,4349304311.7311,84183.0836383015,26199.6444769292,15068.7250205861,30816.2123389446,53582.9196488793,427251.904625432
miura_00874,miura,874,1,30,12,0.0005971792850433,0.0040969772519245,0.0033042972895465,2245298854.0065,2792558500.93898,99796.3165395329,28966.2438278391,12670.228061237,11184.4973693632,20899.3852715035,231196.462221829
miura_00875,miura,875,1,30,9,0.0005177940137355,0.0045513909290916,0.0035748794614053,3056054227.2474,3434581806.20852,224630.412591733,67201.8240609458,26036.9179611312,10527.5869353181,22707.852046043,302104.199990198
miura_00877,miura,877,1,36,9,0.000513843409731,0.0059783645338811,0.0010316314636782,1495723627.207,1997072163.39753,431676.985972954,125751.993677029,27738.3388846139,18492.9964941111,45030.3317993763,443687.431764507
miura_00878,miura,878,1,36,9,0.0006361205974663,0.0033347724390627,0.0016092974076163,2608811084.54141,1072567888.40781,61226.2470786875,18314.7906291651,5947.07324855601,29506.7432608694,45653.8771398683,176619.543201967
miura_00879,miura,879,1,30,12,0.0006580276172904,0.0057362026480183,0.001886614978804,4516565596.02102,3158453923.03052,434578.300427637,108130.124357898,29972.5169425204,48497.8221214924,89158.6928261263,733122.863097991
miura_00881,miura,881,1,36,12,0.0008787107973515,0.0049831238168443,0.0023733388105017,1869112472.14434,1296071625.64984,111521.487961466,28987.4793879382,8632.12284359047,40145.8480500838,64899.7249048178,324837.082597034
miura_00882,miura,882,1,24,9,0.0007291106763396,0.0035241683689878,0.0022729540100717,4975237633.66919,2170170894.69165,95564.7384499795,29120.0902499126,13505.3114927113,41369.5528480667,68300.0417012245,371176.028365077
miura_00884,miura,884,1,36,9,0.0008664351294622,0.0059113828280471,0.0016659363730852,1067902842.08384,2849084650.24608,514764.785896003,150659.464327073,36394.835325568,35404.3446556677,71462.6722147419,579027.493231941
miura_00885,miura,885,1,30,9,0.0006138745315152,0.0040581753336432,0.0024675709845053,1799727474.78087,4582350259.55249,297851.965073241,88419.9768869622,32530.8289599991,14526.6289242486,31034.1193731874,390484.881840689
miura_00886,miura,886,1,30,6,0.0008979399648944,0.003114446623963,0.001135339207961,1657098993.80828,3430678064.76639,247498.444448185,97239.9497702663,31916.6037605977,61105.9700911661,97750.4671696932,402911.521804687
miura_00889,miura,889,1,36,9,0.0009252854337095,0.0023557341334149,0.003566615378999,3673186675.89023,1784974166.04562,22577.2653252415,7183.66930086216,3996.52991515246,54736.7342154205,82036.8941027034,259459.172326751
miura_00890,miura,890,1,30,6,0.0007773114970389,0.0054895295050577,0.0030874445002194,1811382181.2635,4298673264.25458,574366.292279625,228359.409457685,72526.515640681,21923.71926676,53014.3370561636,549360.775090179
miura_00891,miura,891,1,36,9,0.0006286082496324,0.0028029883273142,0.0025231894057563,3187575358.8515,2424211024.06077,64603.8317332993,19863.9109003664,8493.13071484801,23393.8769858779,37834.2989456487,195623.168347082
miura_00892,miura,892,1,30,9,0.0008208282162898,0.0042077493970677,0.0039920876979323,4832167939.54303,4736493843.03695,231985.220144894,70464.5901980522,30167.2308601114,44285.9988668657,76268.6350576439,527142.222982466
miura_00893,miura,893,1,36,9,0.0006262668098659,0.0056700957604486,0.0016789294145432,2691147396.59603,1995258926.80716,333441.33629398,97709.8512381192,24076.7652594569,31683.977456058,58967.453305067,407610.922922355
miura_00894,miura,894,1,24,12,0.0006671043323075,0.0018330316879008,0.0012638664638524,1190882329.51849,1072730640.35717,8477.42770516494,2759.68981789436,1884.78173628952,13613.7670560003,22410.6641273064,123099.119306448
miura_00895,miura,895,1,24,9,0.0009923884194722,0.0018019265258555,0.001176628431293,2497368611.72988,2614700321.42642,33063.7316808584,10648.3075162035,6550.69810732321,89773.5959104973,138710.417300094,472802.94122286
miura_00896,miura,896,1,30,6,0.000648252479711,0.0042561732676784,0.0015463883028765,3326250442.42262,3151276112.95164,347486.893298094,140986.815807525,43108.6449113907,36943.0085567266,66760.079065106,405100.147665819
miura_00897,miura,897,1,36,12,0.0009060091547371,0.0029605216870694,0.0010673102531649,2368969930.79207,4630382374.90389,196693.884004774,52628.8256012936,17028.3398139262,120413.440995364,189162.922632997,822149.190607656
miura_00899,miura,899,1,30,9,0.0006493660618401,0.0048534535114725,0.0036889470600732,2912633511.02277,4563384830.85874,343072.794582458,102087.789483794,38164.8937334922,18152.5166157455,37981.3514411207,462257.18518445
miura_00900,miura,900,1,30,9,0.0008662014619147,0.0034879158539612,0.0011075078797596,3694203392.78805,3804274688.98174,304255.790258805,88145.9915774562,27368.3190339544,127477.392432323,200559.416204247,817155.564638041
miura_00901,miura,901,1,30,12,0.0005293609357608,0.0052630744168873,0.003080947934668,1729885480.56487,3508875718.50823,263686.400074867,71618.5880518147,24972.6171344147,9204.28157718079,21836.9588026322,386979.028923152
miura_00902,miura,902,1,30,6,0.0009207616053196,0.0022741327916271,0.0017909209666953,2260657103.23341,1301901756.2368,39115.1326924892,13938.2538791603,6233.3409210248,50661.7451823764,74384.0688064397,190587.992727611
miura_00903,miura,903,1,30,9,0.0008503123710773,0.0044524183801918,0.0019122562585067,4152429253.06567,4235999193.26659,414930.748816062,120497.365794049,38090.8827917959,84077.8566118499,141090.183658397,791317.106727469
miura_00905,miura,905,1,24,9,0.0007034321004877,0.0024771786990902,0.0037292468953865,3268390378.08477,1918283309.8254,20297.1339967442,6864.98858431684,5297.39743409595,15092.8167880937,25107.4126407262,150552.059300852
miura_00907,miura,907,1,30,6,0.000981044525082,0.0059731839896837,0.0019360739289412,1908810700.94467,4460442757.29546,781568.128279471,331360.016301315,93360.5900676101,60890.1028949384,119731.830700614,831946.164302614
miura_00909,miura,909,1,30,9,0.0006866755384471,0.0020377341516557,0.0031990140706451,2230327594.0205,3322925108.04058,26915.7820888476,8904.85060994144,6272.70412520787,14349.8213005724,23770.8320613459,146167.546120274
miura_00910,miura,910,1,36,12,0.0006774900016741,0.0046128818135399,0.0028790636543062,2130822154.88914,2555969664.40114,155240.442120103,42034.6185562008,14085.1638963871,19772.5540339894,35678.4222170981,300427.375543633
miura_00911,miura,911,1,24,12,0.0006022054267416,0.0012673829944469,0.0026747588200425,3652071696.86842,3953900401.35646,5444.13126715273,2136.67245353545,2811.82512615884,14980.7481352907,25143.5176342449,163484.119942144
miura_00912,miura,912,1,30,12,0.0006971257627951,0.001407304132891,0.0011206734639535,4147343982.5238,4264464234.51184,20256.9768203838,6583.13961550779,4538.67554225908,73140.8014068012,114405.679971028,470632.811665826
miura_00913,miura,913,1,24,9,0.0005521158414226,0.0018410079923638,0.0037661261920355,3757528129.90523,1732838425.45317,7811.27374637264,2814.75822132745,2816.45030503434,8322.26853431311,13851.5545763726,84679.4756226328
miura_00914,miura,914,1,24,9,0.0008562996740009,0.0054463814679754,0.0039010408799933,1797987368.86531,3718671215.32973,331027.453552349,98412.5191411973,40065.0621138234,19325.8075459151,39776.1410013958,502086.301516824
miura_00915,miura,915,1,30,12,0.000935458017659,0.0011766429199156,0.0024075090578747,1977708610.27105,2067106532.73588,3003.66433618725,1114.14293307286,1260.60149946381,37496.0027078127,58322.3374611845,218280.821748715
miura_00916,miura,916,1,24,9,0.000543549252477,0.0027000746163883,0.0038394591608754,2261139800.16408,1267062559.89306,16563.9859862071,5528.80514219063,4016.41726954203,5090.03471744781,8816.26054153048,69623.8396289012
miura_00917,miura,917,1,36,12,0.000963095102169,0.0047024426702688,0.0033822370298243,4162602264.18443,3240890622.23514,181851.31131653,49931.2328656963,17517.9156837364,82660.9188077641,133447.549799106,683114.595647014
miura_00918,miura,918,1,30,9,0.000989751392495,0.0051763230512656,0.0021222410103517,4309921799.91064,1990176421.39999,258322.579585104,74371.2634904561,22121.5108329776,114707.341527864,178926.790674804,690208.023247302
miura_00919,miura,919,1,30,12,0.0005679549857317,0.004308789863592,0.0010817960543819,4081195830.85755,1287178833.64632,131620.688449496,32832.2663110945,9163.28137140593,43210.121052172,70802.0481457256,364453.751682778
miura_00921,miura,921,1,24,9,0.0006598007584566,0.0044734147483483,0.0015262395135414,3873980371.74638,3543323414.29289,395255.318975947,112895.523464951,37475.6480137274,40633.3453159655,75294.3940789598,621112.377716534
miura_00922,miura,922,1,30,9,0.0006020147494216,0.0014306968777836,0.0028179978940855,4181704072.47869,4659608440.17238,15592.5120983938,5432.70497802391,4887.27139273934,19765.3289760592,31993.4376833418,171183.880830996
miura_00923,miura,923,1,36,9,0.0007229339618007,0.0059690877108459,0.0031700523331966,4920216274.70785,3174258475.3415,432675.803355822,127873.467642079,35911.3965104726,47145.1554635333,85030.3919774668,584874.990311651
miura_00924,miura,924,1,36,12,0.000845206346545,0.0053673728500605,0.0038343200881453,3844452025.75781,1621514421.59364,116248.245944895,31422.6702068549,10482.5918262706,45767.7547748603,74283.3369058419,387833.899814821
miura_00925,miura,925,1,24,12,0.0006618967224918,0.0025122993841828,0.0023123601358201,1012663869.42555,3886471884.36801,42640.9304793944,13837.1518756474,9340.05769551636,7744.05230883407,14135.1811025937,165737.214329502
miura_00926,miura,926,1,24,9,0.0005466761537042,0.0057038527036474,0.001268957251475,2342660177.14767,3409095039.30766,751961.133445874,205044.617836772,54912.3809527579,23246.3902730783,59284.8315501095,791356.46314585
miura_00927,miura,927,1,30,12,0.0006727064896573,0.0040868009373384,0.0023093422865127,1406897261.48148,1979937051.40512,96182.886120938,26821.3144981917,10179.3251356969,13435.9808045488,24340.3836801182,219914.286683381
miura_00928,miura,928,1,24,12,0.000765586868104,0.0018746562102919,0.0038599866930481,2032195576.86833,1013056172.25351,3056.05297818125,1136.83895615847,1251.64340700232,11392.9437557608,18772.4999147492,104277.914447484
miura_00929,miura,929,1,30,9,0.0006106381863788,0.0057414102714361,0.0033161612409206,2019819019.34345,1033834637.20826,126650.48326495,36843.5875533075,11808.229856082,10081.2020225191,19358.3658668382,172293.062547769
miura_00932,miura,932,1,24,12,0.0006427380898245,0.0010264021623608,0.0031162000653699,1968201268.58903,4824996477.10921,3190.40213734981,1344.46717748731,2234.33159868914,8670.25884385345,14677.1775381626,105021.369212067
miura_00933,miura,933,1,36,12,0.0009944056758732,0.0017017065494914,0.0028638162044345,4567153295.34764,1610756203.16688,6492.22498623284,2148.83297965238,1605.79979217998,99868.5619223289,143998.607060618,354141.027045239
miura_00934,miura,934,1,36,12,0.0005307945941793,0.0012406981716985,0.0032491926448884,3956757673.31944,1429934033.65186,1983.78702607857,714.323032811564,748.879619926264,12924.3794703274,20210.5673600741,87693.7106031986
miura_00935,miura,935,1,30,9,0.0007895805717143,0.0058671212605705,0.0029068929061196,2242429361.37858,2395241659.76018,336561.294578159,97105.3408290217,29419.4699993878,27187.9107331325,52060.2172207604,444972.587164714
miura_00937,miura,937,1,24,12,0.000951589793721,0.0013756792648322,0.0035095300460518,3891050167.97891,3211969365.05205,4569.64611055981,1820.19418535383,2517.91550371298,43688.3571535528,70910.3785320849,339316.306713502
miura_00938,miura,938,1,36,9,0.0009337671327252,0.0044186081092245,0.0010952197286248,2218136587.80747,1980800441.14976,251321.964018121,73791.1960797532,18567.951937198,114070.893545335,172619.220172321,570048.515227946
miura_00939,miura,939,1,30,9,0.0006702418824115,0.0035146945154786,0.0028359194158974,1860136720.40768,1507562053.01952,60795.2744207515,18485.8294907886,7968.19569711087,12920.7175276049,22048.1485425839,146033.014097016
miura_00940,miura,940,1,24,9,0.0008371600399617,0.0035451286529848,0.0021930257705661,3076427502.8676,2880394816.14651,132605.751928235,40264.1211414444,18323.3607983592,41365.6616959275,69648.4564773072,423058.930949726
miura_00941,miura,941,1,36,9,0.0007767636899778,0.0017181706454643,0.003311733262015,1597599979.77591,1644052670.9191,9141.02545328285,3017.78684391208,2105.67452276157,15918.461994525,24706.0511666508,102248.041305078
miura_00942,miura,942,1,30,6,0.0008812883608248,0.0022224763439469,0.0028290711027011,3647897240.94129,1707375281.04274,35270.3458012047,12262.5559992684,6494.35494777396,46178.5157265531,69283.7304206956,200398.869647332
miura_00943,miura,943,1,36,12,0.000781215163011,0.004807394699567,0.0027010411476512,1580564330.29547,4755137409.42194,338026.957589121,89981.0554608964,28624.6886490179,26175.5704775804,50795.7766093076,532520.544790177
miura_00945,miura,945,1,30,12,0.0005440527420589,0.0029616424719785,0.0014447054480181,3639539791.6297,4781555852.20817,144676.269113824,41167.6529619745,16754.2866810361,28266.2030381198,49727.9842988464,402171.668918859
miura_00946,miura,946,1,24,12,0.0006819011398722,0.001766845708421,0.0034546089634652,2892388801.09318,4043555387.69948,11182.0434487369,4164.09588110682,4602.98880928976,13897.2376287055,23662.4666223644,174320.306014152
miura_00947,miura,947,1,30,6,0.0006341577346181,0.0020801136339893,0.0039322373097035,3016776555.17661,4952779413.80721,66072.8661965491,22793.0903788822,14222.789073268,12619.6398415669,21450.9010963077,142141.663529843
miura_00948,miura,948,1,30,6,0.0007326303166144,0.0015772451141349,0.0016406686002102,2132309201.3859,1798922872.05705,23670.6978687641,8198.57205774502,4564.50659928566,27256.9667399476,41358.2216613706,129934.837668687
miura_00949,miura,949,1,30,6,0.0005367443884747,0.0025619563456327,0.0031371276915332,2392010592.06441,3601390702.81537,97105.7698483999,33941.4237364667,16794.398617766,8309.9935304807,15487.727377612,132948.065479413
miura_00950,miura,950,1,36,12,0.0006106569216565,0.0049196408980203,0.0030139963712947,3167493251.65778,4493667143.9004,310951.397730117,83389.2482195945,27119.7498008534,22856.2992389037,44792.4005690447,490079.010360646
miura_00951,miura,951,1,24,9,0.0009415362400767,0.0033575765243489,0.0027956331037156,2736795799.92787,3322996751.90372,106971.460660357,33397.7239034793,17571.1712207507,40975.2216374941,68771.9624864387,420181.707925521
miura_00952,miura,952,1,36,9,0.0007391308421169,0.0019728938224556,0.0019976248868859,4739445780.97089,3300260862.00429,42296.1262685746,13293.5509558304,6777.70526591445,65642.0276316558,99574.9299803369,346054.042832045
miura_00953,miura,953,1,30,12,0.0008496795995648,0.0053737623080329,0.0028945911427496,2542603658.0421,1631820573.91549,136606.545981718,36636.6083387572,12314.5253011931,35324.7317868953,59959.6107205338,383826.101827376
miura_00956,miura,956,1,30,6,0.0008235146455844,0.0020581374502111,0.0015157364233957,3087680840.73607,2887066515.71609,76640.4824447619,27241.406289177,12299.2570666133,61230.0404583295,92627.8207400369,287313.338263614
miura_00958,miura,958,1,30,6,0.0008214013376592,0.0022592783685499,0.0032139193999758,1953428933.53189,4583337378.14472,88908.9909667236,30803.6283757785,16824.7272884615,20815.2470513902,34456.0805271565,193568.325295922
miura_00959,miura,959,1,30,12,0.0007935364443068,0.0029503605665291,0.002606982429341,1602135707.21008,1958186898.66726,34559.6255071828,10495.8016916765,5486.81610297809,19763.8105954188,32904.2277143099,204671.459994858
miura_00961,miura,961,1,24,12,0.0009868630793672,0.0030559080460166,0.0038771665996197,4237485894.77706,2458049081.73766,29550.0867749907,9733.61330574256,6952.33989441365,51032.069491249,84020.0308625762,462725.662991686
miura_00964,miura,964,1,24,9,0.0006501969135508,0.0015693936546605,0.0039655648624832,3989462572.12793,4366892928.08709,11907.8903129637,4475.66294725284,5239.85354638075,13850.3566151605,23154.1817865284,148194.764973676
miura_00965,miura,965,1,30,9,0.0007298348742938,0.004873269390599,0.0013822618693701,4506802073.116,2825869009.59447,412633.934689122,117192.730363862,31852.0375971252,78759.7399461383,131796.660648918,692249.668450984
miura_00966,miura,966,1,24,9,0.0006307657579438,0.0049926510320181,0.0031867211870636,4133507329.41849,2535217649.74725,211869.137652569,62848.5533447989,25296.9517640145,19281.1537255524,36590.9731812794,361530.018210076
miura_00967,miura,967,1,30,9,0.0006820958038853,0.0040996295155234,0.0036396271194762,3433140384.84391,2078798408.28951,102522.957154651,31067.3293220963,13096.0510178427,19746.0900528313,33950.2735583491,231608.843722624
miura_00969,miura,969,1,36,12,0.0009419413350974,0.0059268602634332,0.0035203272281501,3865956487.92995,3378827887.70279,333509.68742369,87178.6397649975,26349.5742975992,72349.6337136781,122348.528891605,758440.687028517
miura_00970,miura,970,1,30,6,0.0008453579069034,0.005968627260445,0.0034423881149166,3000984517.09601,1177313942.97841,174696.976174293,70017.8057338912,21995.176199099,31306.9517293264,51893.6984811948,244022.02407401
miura_00971,miura,971,1,30,6,0.0005276495338793,0.0059677418211289,0.0020733299879691,3765898660.18967,2448257696.4972,421448.285943984,177361.65339751,50522.637391719,19539.9042271386,45429.7497117323,411317.061568829
miura_00972,miura,972,1,30,9,0.0005277985104571,0.0050471577346966,0.0028743997613378,4864337421.90473,2755142579.44095,274041.116348929,80168.017468144,26699.7713941435,18838.5115550488,37228.9093148892,366184.567799344
miura_00973,miura,973,1,36,12,0.0009264291145769,0.0023188567406185,0.0034236010457301,4170401445.59906,2699971233.9071,21270.5301769477,6737.7752827468,4198.20290628028,68266.719239934,105050.080689711,409049.65082494
miura_00974,miura,974,1,30,6,0.0006269349017363,0.0059868902385609,0.0018478617872398,3474012269.36666,1027513506.6424,182585.816221691,77869.4893818286,21800.0132830381,27722.3917658617,47188.5985831551,230300.231618366
miura_00976,miura,976,1,30,6,0.000835728818608,0.0016635048746085,0.0014697262162369,1661358682.63045,4340644689.72131,70603.5716146028,24597.4024681738,12676.3591708961,37416.7158584006,58459.2699229479,230654.299590394
miura_00978,miura,978,1,36,9,0.0006634145601538,0.0041806387339035,0.0036091667730819,2572571167.11522,1962553187.59294,109214.742698573,33011.7869614514,12056.7684044209,16624.6292577492,28812.0699852263,195362.47320398
miura_00979,miura,979,1,30,12,0.0007680839520201,0.0050417514986575,0.0030186018729334,3305204792.27613,4960453517.50525,338216.149861044,92617.6017522628,33132.2117670651,37099.7170822494,68979.2483396673,675840.24798649
miura_00980,miura,980,1,30,12,0.0008546457649685,0.0033919452170832,0.0036101934064065,1023537281.55612,2311816011.95437,44853.9920181328,13689.3422896182,7298.13367514909,12292.0111512269,21374.1826057886,175352.64962236
miura_00981,miura,981,1,24,12,0.0006002669536809,0.0026307112203971,0.0010293806156572,3042580731.99954,1170223735.57417,31053.4308918696,9064.54303613275,4108.27117769801,30804.1804967101,50177.9477327772,252307.448102408
miura_00983,miura,983,1,36,12,0.0005412958119929,0.0029347526993425,0.0026514699061306,2774838829.80494,4844119915.84199,92624.1899643016,27345.7112436884,12567.208502068,14541.8049994761,26024.3579740636,242651.90540887
miura_00984,miura,984,1,24,9,0.0006046409413962,0.0026470681043975,0.003249728247887,4175969739.40275,1050235293.17764,15264.8531669213,5030.38706989942,3451.92706711818,13644.624516059,22347.5335922116,119088.814285114
miura_00985,miura,985,1,36,12,0.0009957550873703,0.0011190408518956,0.0011941314989398,1263036795.70544,3406809575.55808,9061.26633660734,2988.44998590524,2210.90632266023,70604.2221080404,106123.067743605,341461.050278751
miura_00986,miura,986,1,24,9,0.0005634875510625,0.0052889914012073,0.0011098562945279,4070425501.3125,2628246711.40478,532705.470061421,145440.260432216,39150.6850047649,37804.2446016068,75061.7582836269,660673.754309162
miura_00987,miura,987,1,30,6,0.0007367020487169,0.0031659815651409,0.0020147761500526,1132230215.39446,3920337916.31634,224378.612270127,83361.2334064769,31399.9120193195,15685.342739128,30585.9288048256,252177.789865302
miura_00988,miura,988,1,24,9,0.0005180322445796,0.0022390012972199,0.0015093137925353,1223670881.41867,1419481896.63289,25569.9104255797,8116.88730949167,4639.30506089295,6052.68553788215,10543.6959438191,81386.6485224499
miura_00989,miura,989,1,36,9,0.0007866145413114,0.0029736611941755,0.0022077073441568,2481119274.35936,4645486693.36349,159817.092694586,48642.7899294065,18983.3511422426,41531.4654044087,68431.096988067,381528.152665155
miura_00991,miura,991,1,24,9,0.0009278967725093,0.0016917773989583,0.0036579945418709,4589274868.88282,3507809141.73408,13098.5456364421,4796.02459250233,5088.72258600193,45333.0724050859,72754.4574061239,328222.961517212
miura_00995,miura,995,1,30,6,0.0009244483152225,0.0053304912580681,0.0028120009574277,2940744863.60406,3498553980.74692,459702.890158893,183672.062695473,57933.4673834465,51855.9319930228,92451.5948657579,550510.708777879
miura_00996,miura,996,1,30,12,0.0008432512760085,0.0038181694515402,0.0022413098174254,4750485223.07095,2603571322.82542,108182.415805871,30545.5073807381,12115.2732325287,77834.2177076925,125167.995545692,613396.179886669
miura_00997,miura,997,1,36,12,0.0009220017760387,0.0025980481894157,0.0012682373270907,4159826957.15251,4101345211.9296,107642.383289336,30222.9941550947,11473.1669737988,179336.092472665,270436.494021926,916582.642428909
miura_00998,miura,998,1,24,12,0.0008768742551063,0.0042242889754357,0.0014250406870312,1051956539.53424,1816196007.0893,132423.140361047,35725.9726466747,12518.5009601831,27023.6425751317,47610.7036807784,361520.789315839
miura_00999,miura,999,1,30,6,0.0009241079738081,0.0037144148008118,0.0010853630122724,2582978078.53549,4795880483.72604,473527.837182135,193956.612202971,58488.9102317004,108495.086051341,174386.004941865,713802.028012878
miura_01000,miura,1000,1,30,12,0.0007088182061832,0.0010793073521609,0.0031395851403534,2934357718.88486,4886001741.3668,4158.02053065905,1627.31446704085,2221.23902771271,20389.3678568706,33159.0538929237,182785.928761271
miura_01001,miura,1001,1,24,9,0.0007868707665324,0.0041794007355565,0.003243788960362,3283443594.75114,3369169648.6244,172854.200024439,52757.5764869234,24650.544702578,27148.2525738344,48435.8159161875,399594.92720241
miura_01002,miura,1002,1,30,9,0.0007411788406595,0.0041256933530991,0.002628363837119,3173541413.62676,4920326372.20338,318226.089138902,94622.9037814075,35178.9086140954,34559.0769440127,63147.5190519738,523946.590805097
miura_01005,miura,1005,1,36,9,0.0005678659063986,0.0030102068568662,0.0038825584216083,2054911505.8065,4876913880.66914,109540.555383819,34147.53558418,16313.0755233942,9047.55192316029,17278.6678671409,188799.534130897
miura_01006,miura,1006,1,30,9,0.0007233635979144,0.0029186880241354,0.0014291264153771,2565355765.95984,3317652122.37089,142921.476694663,42688.9357188641,16344.1221811347,42231.9503162453,69469.7942232934,373903.38872225
miura_01007,miura,1007,1,24,9,0.0007238971657908,0.0026773359527981,0.0016893134089273,2243551015.19366,4601303298.31357,123146.140825047,38302.1455438298,19744.1503968019,26874.7056429497,46813.368929363,352841.355704367
miura_01010,miura,1010,1,36,9,0.0005034545860559,0.003808764190695,0.0035941294495649,4489712843.20165,2561133394.11863,113244.477327678,34455.492696564,13419.7274500552,13348.3163938674,23991.4788508331,191253.971988317
miura_01011,miura,1011,1,36,12,0.0007147254957545,0.004166647488504,0.002282876986673,4312854619.85097,3444873477.92337,193493.254763397,52227.3044430832,17339.0126183687,53718.7163766952,89525.140673942,532614.065897149
miura_01012,miura,1012,1,30,12,0.0009589327737045,0.0016841153948347,0.0011831256510345,3990415431.5693,1024931141.60427,8322.08269608979,2611.19615969318,1555.64541826024,148304.989342547,199682.645683523,373958.035173582
miura_01013,miura,1013,1,36,9,0.0005748404571024,0.003068992985525,0.0024977756804085,2531475365.7283,2754774348.74206,93226.350624677,28440.2765053523,11347.6653022344,15413.9670504857,26597.0867332208,182910.027663519
miura_01014,miura,1014,1,36,12,0.0007521069333373,0.0019484818127389,0.0019654959364908,4134297635.65872,4674288335.48563,37226.1691364462,11558.3737784766,6599.3116836388,64833.6601076836,101724.214236072,455650.530335346
miura_01015,miura,1015,1,30,6,0.0005761966433626,0.001987158761541,0.0030918942460141,4500191932.56158,2671814331.66824,38493.8740494746,13291.7554355449,7865.64467666317,16392.9083635543,26178.0237012461,121904.374317424
miura_01016,miura,1016,1,24,12,0.0006417716321016,0.0037798007942126,0.0036424688410577,3206149547.8351,2926437161.58936,67734.8867661493,21062.7973293504,12072.9452997231,13625.8012266418,24567.6085874581,250016.785468676
miura_01017,miura,1017,1,36,9,0.0005792633046818,0.0021863349560027,0.0038113843849312,1355950598.40598,3209515802.93872,30508.4645081113,9852.38216364353,6007.90204557294,5800.907494801,10122.8292446947,84225.4689039889
miura_01018,miura,1018,1,36,12,0.0007294334402791,0.0022620688373508,0.0032391591659306,2706443544.70335,3469903503.19104,26495.8689438509,8389.47653112919,5220.31925960966,24658.9326584191,40098.0084279965,227456.753895381
miura_01019,miura,1019,1,24,12,0.0006302910023886,0.0011316949987521,0.0026526882866679,1427369212.6939,3473647230.22341,3476.92398380662,1403.02667065471,2018.94506877739,7011.05318791751,11895.6987912987,86328.087988401
miura_01020,miura,1020,1,30,6,0.0007098398337821,0.0044460476600334,0.0020112307411518,1396493893.11587,1574072034.73245,170808.958153656,68032.1795660066,21583.1249628291,16026.8382889009,29637.7755098294,194659.689369329
miura_01021,miura,1021,1,30,6,0.0005371871515599,0.0022404177730393,0.0026714968020123,1350146430.29074,1010054179.53458,22049.2124829205,7678.46588017126,3952.87929653476,4849.26038852312,8043.2534643884,44870.4291880946
miura_01022,miura,1022,1,24,12,0.0009809985038285,0.0014288778069558,0.0016518722272568,2619096088.10127,1154102277.70695,3828.7579586402,1371.68966626616,1312.09732150061,61996.0292735436,94609.7203025851,285095.404011262
miura_01023,miura,1023,1,30,6,0.0008671872955732,0.0056988944949088,0.002987082801222,1134137977.16122,4183288316.98654,602515.388754848,242226.525299796,75164.0231825326,20479.0555566211,52358.9402186594,566627.824734669
miura_01027,miura,1027,1,24,9,0.0006657993903874,0.0031459875845677,0.0015511573351928,4260220257.9219,3981846238.88471,177834.983039043,53559.483057559,23347.7921446068,41808.2495284003,71681.3115752756,475485.973426867
miura_01028,miura,1028,1,30,6,0.000870294475243,0.0043889800979058,0.0033579305862423,4896268829.02511,3807425959.94454,324824.823286232,122439.026973752,44391.0260340147,58029.3172828763,96519.1752980162,487059.064084521
miura_01029,miura,1029,1,30,6,0.0006969118557888,0.0050237086175148,0.0013999623397591,4828225018.31634,1186385691.87961,174003.733819048,73813.0871440382,21001.7869018502,64394.6666745958,98244.0686126333,312092.174677316
miura_01030,miura,1030,1,30,6,0.0006614882275099,0.0046503489892954,0.0024637913442262,2235964595.57831,4049699420.40743,440584.779924151,173263.563496335,56364.7429132047,19888.3616404044,44892.7737010835,433470.333411765
miura_01031,miura,1031,1,24,12,0.0007818049829318,0.0043048896807702,0.0035788660497702,3112495856.0669,1490644304.70616,50848.6717665556,15307.5657159943,7759.76152991974,21806.7051911078,37369.9684780599,263783.40235504
miura_01033,miura,1033,1,36,9,0.0008699751073358,0.0038558326139841,0.0020928848334501,1250758952.1074,2591944602.8878,173533.582240286,51845.2523698842,16676.8137725352,30361.9138257441,51370.7908722185,303098.080161249
miura_01035,miura,1035,1,36,9,0.0007851322814399,0.001873942867469,0.0013690704289879,2103996017.31411,3637529067.1782,55626.1965804838,17249.3632041616,7920.70427227192,52116.1499864019,80199.6540958585,308890.654955764
miura_01036,miura,1036,1,30,9,0.0008346989043075,0.0018976354325232,0.0014353602886915,3327047555.60835,3852159100.51928,53144.1964389502,16720.5470106797,8940.49010585386,76859.0096874994,118839.398630704,447881.004111427
miura_01037,miura,1037,1,24,9,0.0005420328182677,0.0035991228249667,0.0032359528300595,1166909032.45892,2412437488.36355,82124.6183245713,25683.221415431,13587.063008777,4272.83494747819,9081.54419568516,145586.819050996
miura_01038,miura,1038,1,30,6,0.0006853971128894,0.005325914298062,0.0039928764798432,1372442361.21804,3713538120.92344,424099.823694954,163090.750775964,55834.4385670213,10904.013985984,30483.2201366366,391802.915804483
miura_01039,miura,1039,1,24,12,0.0005296662910193,0.0054417636359063,0.0031667567284794,3927238058.0659,3509880455.88263,256338.311406439,71818.1549245776,28235.2575589761,13767.6826581758,29352.9804292966,467430.359173348
miura_01040,miura,1040,1,30,12,0.000749021877099,0.0014234859498247,0.0039288471125778,4241959313.64482,4404879762.15182,6679.16552575629,2508.10269706346,2976.49258246277,27701.2461147515,44902.3576870201,241656.256562082
miura_01041,miura,1041,1,24,12,0.0007231502965439,0.0028507938373854,0.0023180065077223,3245567195.07495,3682775775.90611,58058.577457137,18293.3108522419,11031.7679397129,28050.8221061731,48222.0157304712,357394.93515904
miura_01042,miura,1042,1,36,12,0.0008925322346985,0.0013308912536656,0.0011481044690214,4950852948.48249,1475654428.25151,7149.09161405884,2260.09900533681,1391.60323446164,179076.182498804,231074.976590332,383697.659346384
miura_01043,miura,1043,1,24,12,0.0006334485187313,0.0034761444127122,0.0024156549234257,2545441005.20353,4921675092.92303,131032.418537334,39601.2608856848,20363.1886409529,16668.3404069743,31188.2869917268,372289.766274363
miura_01044,miura,1044,1,30,6,0.0008513724199209,0.0015921718683302,0.0028792281477965,4423177045.91509,2369156516.34982,20456.5121906242,7079.12099047646,4810.46499094719,47968.0320612068,72079.571239394,203068.619839647
miura_01045,miura,1045,1,30,9,0.0005083851060603,0.0055247821004116,0.0015172467764958,3727877919.32483,3924606176.83899,704894.975783669,198826.406812179,51744.7781349082,27437.8272007825,64926.3429038973,740764.647896436
miura_01046,miura,1046,1,30,9,0.0006190769964629,0.0030490594022,0.0014164975831521,1733281390.56609,1859163005.66801,89941.2339009485,26725.4383923044,9883.1063834465,18641.7758129961,31551.8439183079,192771.942782742
miura_01047,miura,1047,1,30,6,0.0008022536823552,0.0010063241098865,0.0028644151385542,1301155317.59469,1342699645.66541,3325.31363810044,1197.55281766416,1159.57560803027,11817.1811714585,18133.7092182886,57147.0846781923
miura_01048,miura,1048,1,24,9,0.0005059252666387,0.0023814990028824,0.0030543238904512,2318384326.19081,4523819741.58852,50908.5433457479,17038.044810699,12512.1277406609,6126.44618214513,11417.2399730724,141517.202437051
miura_01050,miura,1050,1,30,9,0.0007162606361157,0.0053919349401919,0.0031214026699988,3992660600.0045,2772701465.07063,305255.333493776,89087.4633226348,29173.8404467388,32442.9329360589,59241.3061680272,460569.224864754
miura_01051,miura,1051,1,24,9,0.0007061743426723,0.0040382280100723,0.0013925558113901,1030892566.88711,4918908277.81314,455051.064080679,131032.926233124,45305.0632105351,18940.9978290148,42526.621990951,577635.863002697
miura_01052,miura,1052,1,36,12,0.0009288438003829,0.0035646856253362,0.0016729536372226,1925011384.70319,4008573256.28045,192506.427601617,51970.2098214387,17267.7953375947,70111.3626850543,114396.353209917,613309.597582148
miura_01053,miura,1053,1,30,12,0.0009542756018055,0.0054082340990727,0.0021302083224973,4085393322.9786,2496313506.22579,271190.611385401,69767.3985625608,20958.0087585067,103768.161788658,169221.790235203,864036.686252308
miura_01054,miura,1054,1,36,9,0.000963016370266,0.0017687960069931,0.0029809914182096,1274554842.4629,4045229576.5277,26735.3123396741,8726.31818605311,5701.32418077989,27619.7541728178,43600.7347089759,203689.423690474
miura_01055,miura,1055,1,30,9,0.0006599272832136,0.0016278059560962,0.0012463540887243,3677498477.85848,1240724686.80717,12885.8649288576,4099.24626106572,2338.5865730818,45501.1175872334,67678.005287982,192102.12769058
miura_01058,miura,1058,1,30,9,0.0007415452221895,0.0038654634839861,0.0020844776336176,2736208965.2063,1653748875.53724,108530.963494288,32101.7661583685,11500.2665971689,32919.999923444,53753.9017377575,274656.559323575
miura_01059,miura,1059,1,24,9,0.000652687497063,0.0038711661301757,0.0013837090076369,2303836456.81316,1185273672.31581,99522.739042637,28820.4221787465,10244.7955319029,23232.844508202,39310.5876203604,231424.962738043
miura_01060,miura,1060,1,30,6,0.0007083408744967,0.0019206047553766,0.0012491269195516,2625424123.04323,4575529079.42389,117211.060898214,41790.8144243858,18499.9044582978,43003.2429298633,67876.5384085428,280387.592879255
miura_01061,miura,1061,1,30,12,0.0009761782612057,0.0045167075059122,0.0011069325468679,4814735335.36958,2960182560.90459,334569.564508697,82649.206045893,22610.7628118711,237972.627215668,367763.838787031,1370515.48611717
miura_01062,miura,1062,1,24,9,0.000979252896198,0.0050191235530065,0.002387885482761,2687466269.45651,1387822923.53837,148383.420178099,43051.6629906582,15449.6984383053,50995.9226233992,83735.928767392,423460.258447262
miura_01065,miura,1065,1,24,9,0.0006275457582482,0.0043122293450981,0.0030622856501253,1766815898.15384,3605238431.88433,210793.599128118,63759.1900663935,28396.9669655759,10368.1435536899,22227.974939006,327158.429019064
miura_01066,miura,1066,1,30,6,0.0008749330905031,0.0032288677833145,0.0013870777865686,4896769649.48186,3691913079.6044,262259.090600717,101726.445399181,34529.451748153,129047.422657781,195438.48259697,607679.523874349
miura_01067,miura,1067,1,24,9,0.0006096770180729,0.0032572589474578,0.0036056278376208,3465313160.14473,2088391322.71469,49081.9816122733,15742.9913154522,9474.4261715634,11751.1148553381,20493.8542839682,161984.638888064
miura_01068,miura,1068,1,36,12,0.0009133447825795,0.0032062618536088,0.0035737622364749,2299482795.84701,3702111757.06386,69451.0639850868,20750.889991093,10032.296494415,37715.2990153862,61885.8586119989,361952.928317729
miura_01069,miura,1069,1,30,12,0.0005943930489485,0.0045598301199088,0.0039033871424812,3320414592.33852,3883606737.54588,161098.523105885,46513.5351064217,19948.1671455891,14440.4925124932,27787.7383890312,341798.625690347
miura_01070,miura,1070,1,24,9,0.0006842964089081,0.0021741463874502,0.0012093717041327,1219787378.85056,4984031161.89708,100662.43169664,31524.9424244309,16825.844139549,17845.2145308048,31680.1306307614,267117.950536657
miura_01073,miura,1073,1,24,12,0.0009245502816315,0.0036657775994668,0.0030936032511093,2969349225.66884,1241546422.99019,30873.3677237383,9487.69082890539,5201.25236955235,36807.8424507504,60374.2256387612,320985.594646459
miura_01074,miura,1074,1,30,6,0.0006971742448173,0.0034968822167616,0.0020140903600343,2707911449.61979,3357285535.70643,234477.520169079,88853.8935441054,31705.9534409432,28728.0017523208,50324.4569931552,303063.623833855
miura_01075,miura,1075,1,30,6,0.0005846299846004,0.0058925061035389,0.0011836597063623,4921888064.43146,3062536710.30203,579195.284027658,255278.723909611,67539.0758305619,52679.9261326065,100665.823449129,633503.52053493
miura_01076,miura,1076,1,36,12,0.0007190979265556,0.005975522409769,0.0027397567181449,1038668213.56368,1292140728.02245,156242.127144595,39502.2394033261,10950.820860869,12710.3524582883,24433.4767935599,227857.239238221
miura_01077,miura,1077,1,24,12,0.0005532603053393,0.0028971689427079,0.0035385083601787,3834756052.10101,3853142436.69267,42768.0525227908,14113.3391856789,10152.4609808142,10752.6737616194,19223.0495809363,200414.872088779
miura_01078,miura,1078,1,36,12,0.0008492975347548,0.003861481478849,0.0034191322108703,3166937700.84426,4703454457.43045,153637.916825049,44040.9060413862,18005.7767308572,45151.8288194957,76131.0588112862,503292.531073961
miura_01079,miura,1079,1,30,6,0.0006635616938279,0.0016180306841832,0.0017047406322359,4683612929.68408,4780447091.97654,64941.8301084335,22493.3990080256,12461.6523151472,44844.5209804022,69559.4533939254,261275.972609931
miura_01080,miura,1080,1,30,12,0.0005547592257063,0.0031209007350923,0.0034066911509097,4285881160.55881,2333035253.24724,37704.5381068113,11640.4811840342,6505.69450467779,14463.4530189996,24702.8332864802,182585.185367431
miura_01081,miura,1081,1,24,9,0.000784439107908,0.0051507792031155,0.0036495815415819,2888059634.0961,2074620198.06531,168631.309884585,50296.1587881837,20829.9426561546,21347.5583642531,38781.1227972018,330008.223677873
miura_01082,miura,1082,1,30,9,0.0005492021474976,0.0026476490980792,0.003919698432215,1093090675.92306,1309863680.71328,18361.1259381005,5927.98900226608,3658.58519279858,3274.3666753898,5796.45716795425,51336.1780366685
miura_01084,miura,1084,1,24,9,0.0008181141965563,0.0035525479389916,0.0010037076629689,1911261707.80641,1021816144.41067,88455.7736828394,25347.0490138665,8540.9399093876,47937.8372352916,75877.289447269,306822.46130817
miura_01085,miura,1085,1,30,9,0.0007278963828396,0.002758838249943,0.0036890642521432,3754365923.76277,2305746267.69628,38559.9617514342,12305.6668510862,7141.38452883145,24051.5899884817,38984.5837119666,204919.676917547
miura_01087,miura,1087,1,36,12,0.0006230952058201,0.0016749295994913,0.0025488866514987,1340374581.23921,2544779026.11198,10252.5587800648,3365.38072034054,2448.32530812308,9824.53501585375,16126.3659859097,98192.1239258124
miura_01088,miura,1088,1,24,9,0.0007536542804095,0.0031128396333352,0.0031229311476581,3349889571.83529,3928393895.61571,92601.2463192253,29562.9383475033,17390.3078355436,24380.8509289463,42185.792506632,316497.807796415
miura_01090,miura,1090,1,30,9,0.0006865144818826,0.0039011727908515,0.0029689212320935,4976897112.97513,3034535309.55524,155007.61438752,46688.7335004948,18912.1424558767,34921.4824344408,59014.4587867235,367422.320385513
miura_01091,miura,1091,1,36,12,0.0009421727019289,0.0059271934431454,0.0025170399299408,2756791928.89484,4309496254.47602,542321.127515156,135935.391230342,36919.9926590076,75012.0250224905,132583.445963562,938637.41514481
miura_01093,miura,1093,1,30,9,0.0007033754730878,0.0027068781201108,0.0038875217104652,3316827289.47019,4219911019.73311,63565.3135964321,20431.1657496739,12325.9155229936,19513.4051814266,33059.1959652966,228371.622155651
miura_01094,miura,1094,1,24,9,0.0005038165216798,0.0015920504420683,0.0024495163190285,3106683373.28358,4994775271.91579,21964.7494509318,7796.95388719466,7358.24025274609,8764.11969239756,15111.1376862586,123086.516439582
miura_01096,miura,1096,1,30,6,0.0006993157710974,0.0027552039645416,0.0028784788290529,3835352614.71666,2455545585.57582,83745.4842013484,29644.3088569033,13611.7023144878,26699.4798719868,42656.6421930101,190618.050676124
miura_01099,miura,1099,1,24,9,0.0009151076415597,0.0010989706453459,0.0037313944591036,4076947574.96863,1214152366.18964,1501.80823004042,620.743789404588,960.45482701605,30768.0805741037,48163.9797506842,146846.339404786
miura_01100,miura,1100,1,30,9,0.0009923812629217,0.0057976798967332,0.0017769654090605,1385389841.42779,4037881269.70554,737472.574186973,208552.453129422,55177.6264966499,54163.7059196031,106376.098792526,885776.390267761
miura_01101,miura,1101,1,36,9,0.0006231975826459,0.001982693753141,0.0035358624279899,2504828227.16751,4924415755.87902,38174.1015218607,12420.4901820065,7944.0324178108,13467.9128590203,22494.8375545609,148236.028144288
miura_01102,miura,1102,1,24,9,0.0008069033989772,0.0031747417355248,0.0018653048141351,1037531596.73536,1171583319.35359,45943.6035744679,14014.2862037467,6532.41006518628,14705.4233420613,24762.3398104589,151033.400102393
miura_01107,miura,1107,1,36,12,0.000759579471322,0.0021644209525907,0.0023387489351692,3371740211.16091,1538392558.74319,14173.8515908691,4384.84465724769,2463.91711607914,44173.5713701694,67375.0893134493,246141.994739715
miura_01109,miura,1109,1,36,9,0.0005644372751775,0.0028956431717717,0.0019848525947129,2543950050.51562,1809033943.74315,63118.8164596525,19173.3830824044,7342.08578869672,17374.1173434467,28448.2755855461,153161.408541867
miura_01110,miura,1110,1,24,9,0.0009209630430553,0.0042405142177318,0.0032383135583694,3593942583.59161,2525506756.56215,135411.972241454,41216.3998442966,18998.451357041,43507.5173413855,73172.5655047255,442727.734828323
miura_01111,miura,1111,1,36,9,0.0005353936670038,0.0047275906309202,0.002551471546669,1090870744.517,3248836392.91592,303455.576830163,90130.0696208518,27173.2885371299,8399.63718922097,22093.5828628843,317044.53025809
miura_01112,miura,1112,1,30,12,0.0009673475088269,0.0050085534209814,0.0039823529707308,2793575445.56749,1626724147.4716,86100.1723689536,24399.1027485879,9795.51507015555,40274.10612572,66489.0832244648,380636.171765661
miura_01113,miura,1113,1,24,9,0.0007638270082215,0.0045069313125888,0.0010744133154609,4924496672.84155,3014491017.77022,437134.819959638,121726.169286865,35756.3861278195,100030.637279001,167195.373567489,879360.22300749
miura_01114,miura,1114,1,36,12,0.0006593168907017,0.0053334050281776,0.0025712752647422,1584254291.65319,4993793560.90549,478729.294972663,123532.90793702,36048.7573592271,19900.5919747675,44678.8310194667,614021.905461611
miura_01115,miura,1115,1,36,9,0.0005570836395674,0.0017059298384723,0.0015587904488968,2736358652.62376,2259532504.63426,24013.7073255521,7566.64979910042,3926.84601922472,21617.384009089,33700.7853623532,142859.130709901
miura_01117,miura,1117,1,36,12,0.0007738344943029,0.0033857926771774,0.0015072047960811,4160978285.98872,2359281742.49898,107948.373470131,29141.3255126664,9693.35395299609,91653.9684698553,141548.277590807,556606.673038493
miura_01119,miura,1119,1,36,9,0.000763692213656,0.0024305765321818,0.0010016943069426,3406912598.33977,3291880190.23452,123466.605893304,37105.4671602566,12688.0317216288,103623.016434067,155569.075014656,502621.520352097
miura_01120,miura,1120,1,24,12,0.0008622220872311,0.004207286378079,0.0027652912464681,2047379341.27427,4201187911.24296,169501.001949258,49757.0063759107,22975.6025205976,27757.6116081813,50497.5639548909,498516.497692758
miura_01121,miura,1121,1,30,12,0.0006512705461711,0.0051650992371509,0.0024847638708421,3115877850.83986,4693419278.56053,400462.486921634,106384.420605455,34756.4848043105,28149.8943895464,56009.1197902794,651041.177368697
miura_01123,miura,1123,1,36,9,0.0008515068704926,0.0045226539735441,0.0024129307625869,4333685973.06761,4450882346.56992,391062.731563435,116325.600813573,35441.0692339749,83234.2622376602,137290.337394814,717654.609978152
miura_01124,miura,1124,1,30,9,0.0005600933453733,0.0010819418503733,0.0031566242571493,4676032964.46656,2340931690.24598,3249.75334442452,1216.47696797547,1454.15543966708,14907.3149823691,23528.9063314697,101881.997692269
miura_01127,miura,1127,1,24,9,0.0006741700939305,0.0021211190639406,0.002403313321159,2703188212.70388,3101486175.12747,31568.5948988115,10545.9824975599,7700.0239671807,17400.7336107592,29240.746591978,187535.064858636
miura_01128,miura,1128,1,30,9,0.0007813078375933,0.0024530305675449,0.0010528429001774,3378709714.08888,4677931489.99398,164483.372717306,49241.6332854187,19137.9988789258,90388.1127717344,142675.883172945,610847.155225124
miura_01129,miura,1129,1,30,9,0.0008747859402847,0.0042570503242428,0.0024848280729619,4444590237.36577,2980305132.58902,218281.971855461,64507.7227386784,22967.9220416056,72927.2183642488,118125.225168777,578259.300363872
miura_01130,miura,1130,1,30,9,0.0006158579469156,0.0039307721191664,0.0039079087103198,3987742219.44474,2473387700.79167,102856.016392445,31460.132351948,14085.5255182897,16286.548291214,28659.6874252863,221519.764710883
miura_01131,miura,1131,1,30,12,0.0007373622980621,0.0010023888534581,0.0013845695346197,1256923364.86238,2197778275.87084,3276.74018735117,1179.90424759974,1205.50351075598,21229.1475977539,33536.0673816492,146693.852850832
miura_01132,miura,1132,1,36,12,0.0009293224554973,0.0044814196783352,0.0030966609523376,2810491204.4494,4355655237.08521,231167.727870466,63524.6417304702,22334.6885588236,57759.7421148668,97552.5704544002,627467.253010657
miura_01133,miura,1133,1,36,12,0.0008137295134554,0.0023778119445788,0.0010782186234393,3589920507.51846,1002466637.44383,24105.6698340038,6776.46334036916,2595.05345046356,117338.98269548,162955.829555918,355416.948659483
miura_01134,miura,1134,1,30,6,0.0007682045880552,0.0027816521578969,0.0034116428498493,1470936564.16738,2905015225.74173,90092.8192248944,31617.0950275023,15237.4900050948,12633.1365390312,21880.6391632755,144247.682793825
miura_01135,miura,1135,1,24,12,0.0009175913950081,0.0042225938241413,0.0037672676084325,3225771466.21301,4655810709.04812,143256.303441396,43580.004127205,22976.1933969308,36958.4251416707,65319.5496836059,569583.876763063
miura_01137,miura,1137,1,36,9,0.0008088265979245,0.0027740584522303,0.0018897480066157,2021988038.3175,4022784441.70627,130860.083279592,39805.5171275678,15440.1961220288,42131.7068434406,68179.9851071044,347422.267213873
miura_01138,miura,1138,1,30,6,0.0007402284923665,0.0045791845314095,0.0024024563735857,3385115034.39343,4574816758.43717,489106.302633784,192341.754323569,62667.4787572767,38129.4615710824,73347.740442629,536093.057935983
miura_01139,miura,1139,1,30,6,0.0007496421681873,0.0046386134168344,0.0034136879935025,4809919165.49906,1282239293.572,120964.01073081,46048.7429519776,16302.6266167055,34161.837917338,54181.4050459669,218955.316972742
miura_01140,miura,1140,1,30,6,0.000925012407773,0.0053183827804144,0.0039025966645039,2067896601.15755,3422885875.71381,393889.405343117,151905.804528724,51755.4001815162,28558.8438118775,55654.0218893004,430230.985035576
miura_01144,miura,1144,1,30,9,0.000983571482511,0.0015276079324122,0.0027631459299255,4142794661.28038,1077101986.20896,4817.79401517692,1655.80412064683,1376.6046311364,68026.4795632131,97586.2635752121,214846.005947766
miura_01145,miura,1145,1,36,9,0.0006153146142581,0.004157206632903,0.003599890319924,2352783961.96634,2326669779.48017,127817.079189624,38643.4071557642,14159.5481700514,12947.1213548153,23745.106941538,196950.258786128
miura_01146,miura,1146,1,30,12,0.0007250671935387,0.0026795762240088,0.0025138315614657,4970181279.48631,2846627604.28479,39663.4597028328,12246.527243496,6849.28017712766,46307.4447344773,74814.1748141234,386816.51726959
miura_01147,miura,1147,1,30,6,0.0005619445406495,0.0057839239466823,0.0028738150147515,2801206161.60527,2810951543.30823,420244.551454155,170142.234018989,52056.1426050929,14270.6192855249,36698.779263151,394844.371133488
miura_01148,miura,1148,1,24,12,0.0007673083994226,0.0048619943922779,0.0019288114703879,4833254079.38565,2141823203.86658,176665.29188618,47803.0436216136,16906.0553559814,58216.213213313,98942.4678127618,625346.956315531
miura_01149,miura,1149,1,24,12,0.0008366683215799,0.005503654173375,0.0011707546337092,2727046249.57515,4471018199.36255,752817.268753689,182630.37634687,49428.1265671723,78575.9041553202,147431.791975907,1288188.37896296
miura_01150,miura,1150,1,36,12,0.0006629156246139,0.0056051930144207,0.0026569487352728,1245819337.76054,1457010084.49771,154155.235629968,39455.0170899858,11274.9125109375,12421.230094615,23919.8192886571,228641.242976812
miura_01151,miura,1151,1,24,9,0.0008503577500298,0.0021618190457915,0.0037406543338513,3180844869.81834,1287380132.07982,9400.87275098396,3269.07341243548,2834.83922953225,23731.205782694,37942.7384475752,167635.114968233
miura_01152,miura,1152,1,24,9,0.000687633820997,0.0042353727297552,0.0035934662916139,4415622828.35241,4431703288.00349,215631.478361266,66219.6987661867,31933.3427977056,23561.3159639292,43831.8888520736,440745.280679972
miura_01153,miura,1153,1,24,12,0.0007954974427183,0.0041872830523231,0.0017397440184882,4266264194.19425,3607355370.99788,216739.922191351,60165.4365242,22991.3118405924,64809.494586258,111499.502579021,765712.028070657
miura_01154,miura,1154,1,24,9,0.0006165004979539,0.004231755332286,0.0038130441169426,3858715650.25654,1750593687.02448,80821.4985433396,24937.0465544815,12327.5543484511,13114.1900504814,23391.6578471244,196494.432935828
miura_01155,miura,1155,1,24,12,0.00051666387995,0.0031729426277629,0.0025712732143034,2808660946.85963,1192953291.90845,23169.7041743476,7206.71646636056,4135.17075961352,8208.2619056244,14303.1382659304,115304.609829411
miura_01156,miura,1156,1,30,6,0.000624995223756,0.0029071215236034,0.002218167282992,4142668529.2125,3900655698.3508,176813.412240658,64211.1090608284,26189.6008250068,28290.5969213207,47875.0574125506,270594.24514398
miura_01157,miura,1157,1,30,6,0.0005747794604069,0.0016942111132532,0.0020542486922339,1492240800.43983,4914474027.99574,64674.8909398371,22345.4314992112,12762.5843812884,9144.93518843598,15956.2339979303,115499.816664932
miura_01158,miura,1158,1,36,12,0.0006349456533494,0.0055063568133642,0.0021888045602715,1839389627.19694,2203831079.6251,256244.851689963,64283.1501548444,17491.6688454958,19579.7034494004,38086.0813972769,362496.162798202
miura_01159,miura,1159,1,24,12,0.0005717672428109,0.0010192333873459,0.0021385844999697,2377650790.29284,4389386682.79539,3999.65295060849,1612.57146351464,2316.41838617853,10581.9148725562,17840.4631414537,121367.239290898
miura_01160,miura,1160,1,24,9,0.0008951171844195,0.0036681882701965,0.0015764152694924,3485422435.24323,2559516613.51093,169746.387406572,50013.4501305332,19434.0158539993,75440.1415264345,122568.716592662,590746.407644369
miura_01161,miura,1161,1,30,12,0.0008258971756226,0.0011620239535013,0.0013686010608821,3514856024.46314,2598289829.7435,6190.18788597323,2149.4030777645,1909.66850331386,78453.568926657,118737.58321358,368718.080845384
miura_01162,miura,1162,1,30,9,0.0007443824977786,0.002567844848682,0.0020806913134624,2700333069.10298,1461823541.03862,33274.7337862478,10311.7155375542,5023.5590668026,31176.4670970274,48794.8953295676,200777.893685259
miura_01163,miura,1163,1,30,6,0.0005614789721149,0.0011888829433236,0.0035874127251437,4359108584.20163,2702352082.44852,8549.63279623409,3053.6462223892,2835.62500312179,12032.9654763686,18853.0389882445,77468.8149122574
miura_01164,miura,1164,1,30,6,0.0007354855212134,0.0011019656941295,0.0036492276534641,4793097212.58254,3715851136.67589,9473.0790188641,3425.30072209158,3403.47090248879,27194.9281513875,42031.8156869382,144353.25374439
miura_01166,miura,1166,1,24,9,0.000802914764629,0.0034296720894777,0.0035263774427267,4864075025.0402,2858049551.96635,79474.0855603823,25205.4574852855,14363.6493748385,35616.6395553669,59561.0359483942,359641.641964655
miura_01168,miura,1168,1,36,9,0.0007219353058844,0.0035475526450294,0.002376582445613,4079958075.14309,3484513360.44367,175857.272516215,53006.2226942677,18770.5535197104,48224.800579342,78490.9897606078,403332.791908765
miura_01169,miura,1169,1,30,12,0.0009395349017056,0.0021758941697989,0.0037270857036111,2855070838.24322,3560343353.47666,18979.7522529331,6398.70455817884,5113.52715171877,39007.7823791127,63165.8465665116,336439.287839547
miura_01172,miura,1172,1,24,9,0.0009946581978077,0.0057589401778072,0.0017552931414793,1650743203.49711,4398341073.19835,812059.444651095,226065.008834936,66386.4623969147,54936.6508982383,109838.319588227,1043310.28630781
miura_01173,miura,1173,1,30,9,0.0008403033135414,0.0024715630248252,0.0022240867633185,3919487242.09388,4703888671.9858,90824.276626347,28412.9461275366,14667.0607187876,62687.3528918795,100136.500285777,474843.104929855
miura_01175,miura,1175,1,30,9,0.0007938133654043,0.0013442053905446,0.0011918706846465,4868476035.94039,4763199303.7119,30148.5099750159,9838.74038628124,6457.34806254443,110993.201865096,167772.335924076,524130.97122001
miura_01176,miura,1176,1,30,6,0.0007990018670298,0.0043554578850049,0.003684008409103,1515073641.346,2912145562.66245,233428.495576517,86998.6439571252,32451.6752380504,14909.9298249097,29733.7830236911,255779.479327279
miura_01177,miura,1177,1,24,9,0.0006237992908579,0.0018178136267266,0.0018785250695338,3711009235.52602,4236938223.07586,34962.2979316717,11748.3850630309,8808.70351222126,23814.0404428807,39695.7639724209,241077.507499802
miura_01178,miura,1178,1,24,12,0.0009012229358987,0.0035116365833863,0.0038591968869105,4157803489.63583,3348648838.48023,59739.8398286383,19029.3167515835,11966.2454564094,40650.2667655588,68970.6272916085,467669.633354671
miura_01179,miura,1179,1,36,9,0.0005164816795122,0.0042663025142704,0.0023267843957862,2972715866.17629,3783069277.19217,297502.579670884,88621.2964541651,27656.7923378494,16592.4326464115,34412.2380999998,354730.122071693
miura_01180,miura,1180,1,24,12,0.0005897039263918,0.0047732836979883,0.0025183045916447,2043291492.0706,1276508687.2181,79489.4526832117,22368.0012311141,8921.66838874508,9960.65243329001,18519.2685540076,190038.424153918
miura_01181,miura,1181,1,30,6,0.0006815038552012,0.0049763076247241,0.0026636275579813,2100223720.64579,3804890567.11289,452721.352298736,179101.162314631,57503.0903819372,19208.9980671428,44478.7331139345,440206.912183909
miura_01182,miura,1182,1,30,6,0.0008177892835393,0.001382409732067,0.0033032217160274,3326664062.83127,1544782090.04127,8133.19832418797,2850.24417872136,2274.07674285325,27161.4301005633,40974.3303148813,114738.534621815
miura_01184,miura,1184,1,24,12,0.0006091753174578,0.0053206341901734,0.0025124873975291,1428168961.05216,4570223310.76214,383302.74435701,104827.781256279,38212.6777930765,12323.41892147,30315.9495203148,600676.92928165
miura_01186,miura,1186,1,36,9,0.0008412591839912,0.0024442460312089,0.003338308539672,1818164926.58255,1390434466.24442,20445.2682662964,6456.53306451173,3405.34173085843,22807.305803782,35243.3373365787,140533.603851237
miura_01187,miura,1187,1,36,9,0.0005444200100145,0.0058331011510017,0.0037005002093299,3736979822.42894,2131343643.88823,253018.862505517,75076.7940243729,22314.0752791245,14951.8461445959,30661.750397687,298252.631071409
miura_01189,miura,1189,1,30,9,0.0006756963817733,0.0018826652407489,0.0029921888907067,1085125335.19935,2703973843.94384,18565.7582729192,6191.24924509161,4535.2651867595,7356.70147794983,12411.8993798573,86401.9588834551
miura_01191,miura,1191,1,36,12,0.0007086075593568,0.0019920871273711,0.0035178906019716,1435137367.78994,4985048116.95243,24382.3599755909,7983.37905005631,5747.32847820914,11828.2246355059,20005.1525689864,150141.65169161
miura_01192,miura,1192,1,30,6,0.0009051765423321,0.002794714270269,0.0034294515051988,4618157315.15926,2508032440.8152,78650.0208788811,27630.4894648904,13346.0622590658,54831.4423210258,84063.1283965449,287314.060224703
miura_01193,miura,1193,1,36,12,0.0006494389573492,0.0010165864931198,0.0017622153705258,4810404349.53403,1382291729.77495,2049.03149634348,721.18731768483,683.224604234732,46665.9165765578,68171.5457962605,173554.745808049
miura_01196,miura,1196,1,36,9,0.0005664769598109,0.0011676575448039,0.0029621394359971,4580579620.90118,1480100109.98361,3107.21316228748,1084.06769620083,993.727867582816,18596.8490640072,28228.0645255331,93765.2282783234
miura_01197,miura,1197,1,30,6,0.0005070600930197,0.0054107915405515,0.0023003638152732,4466194480.68998,2379511726.36711,342238.130014125,139901.504781401,42052.7209636221,18090.3233154454,39455.9490966757,341482.24617885
miura_01198,miura,1198,1,30,9,0.0007786702126208,0.0037987582803039,0.0021273329963667,1827873158.69346,3421549911.08076,211127.13798475,62622.7526901399,22892.3986829345,27597.0997901144,49138.4030420307,368321.865724029
miura_01200,miura,1200,1,36,9,0.0007459071626923,0.0015273651960294,0.0029174565061909,4916021048.36979,1728587476.33311,7912.5303178558,2632.54741795043,1912.75359115461,45156.416743061,66986.7622347524,190239.061912394
miura_01201,miura,1201,1,30,9,0.0005115582278045,0.0045409533756467,0.0038895093574979,4997436921.82454,4517307564.40621,274897.927702807,82653.1464529376,33101.8912390902,14660.0263367992,30601.2458839172,388146.394313915
miura_01204,miura,1204,1,36,12,0.0009009857121615,0.0037027515771744,0.0039997661473717,3616302790.95103,2946070594.19465,74762.5838566489,21957.0435420742,9886.22537227829,49716.0537982498,80181.6047853384,421004.034508546
miura_01205,miura,1205,1,30,9,0.0005299225144862,0.0037001653253843,0.0038170934890566,2925744568.67851,1250538845.95599,45121.1251776866,13884.3004386023,6458.09495443831,7757.88787658351,13572.6383466219,103319.999339252
miura_01208,miura,1208,1,36,9,0.000950655515193,0.0010601566126274,0.0033700587489933,3918311984.10783,3554089028.37943,5161.59815796559,1861.05419204282,1954.96940559627,62129.6426175792,93187.7550769813,265178.277557445
miura_01209,miura,1209,1,30,9,0.000794340569782,0.0020458906544826,0.0012671461109757,4618364033.57849,2309875154.79579,43889.0031524176,13560.0025528846,6489.73229177913,99521.4519019397,148398.034181442,434437.970510818
miura_01210,miura,1210,1,24,9,0.0005041154914228,0.0014516368368854,0.0034586542649224,1541436043.27405,2710466787.21315,6650.35395893878,2505.79520003002,2958.64872790197,3132.06361059479,5400.91990652533,46023.3089985027
miura_01212,miura,1212,1,30,12,0.0006656672457354,0.0055843822010274,0.002157801407747,4510843795.9302,2235056070.63589,260449.660202026,66525.6705114716,19612.6771116293,41933.6139106982,73797.7272686759,531584.742630577
miura_01214,miura,1214,1,36,12,0.0008982659974885,0.00147786465907,0.0020213105218359,1946642540.64668,1181810359.53447,4322.81910267846,1421.22368648401,1035.20882634837,45959.4248110853,67745.9078154628,190420.440032291
miura_01216,miura,1216,1,36,9,0.0008496669891923,0.001883474387274,0.0019356204286281,4997448755.22674,4922130050.39411,57241.9520057225,18048.3828023871,9420.46141192161,107389.42344284,161832.335514734,534893.463610246
miura_01217,miura,1217,1,30,6,0.0009180463954953,0.0030919334270026,0.0031086728867099,1462293041.15634,3520402719.14731,148835.488947621,53184.4546404372,23191.409990034,22897.5773591217,39037.4104092941,232994.057286511
miura_01218,miura,1218,1,24,12,0.000567291968767,0.0056130198756954,0.0035467314753164,4948451060.25716,4074267451.49451,293450.289990039,82750.114228383,33232.2910212203,18166.1187735313,37580.8789856899,561957.63499353
miura_01219,miura,1219,1,36,12,0.0009330628715298,0.0020339141233546,0.0021307283196447,3705327740.20103,3108364421.12458,26222.6811077431,8136.28928366171,4631.11659214466,97792.2762989944,148050.744495348,511934.825878272
miura_01221,miura,1221,1,36,9,0.0006158518043807,0.0041445552638899,0.0012737927802063,1901627207.46283,2225771615.67011,231720.551489443,68259.1068244176,18272.4401616226,27512.2052115654,48900.9291331406,314129.453993657
miura_01222,miura,1222,1,30,12,0.000614831440228,0.0046954347457885,0.0013227725041532,3771668344.66343,3532281278.00341,384905.136157062,96386.257297534,27108.2484783304,46610.3190378938,84755.9537740876,676247.677424682
miura_01223,miura,1223,1,30,12,0.000922562180719,0.0039510570818811,0.002161132975883,4511240928.54851,1154433853.14181,54654.003703968,15246.1555642106,5815.3937927235,94386.4707237125,143900.798664051,498202.374962386
miura_01224,miura,1224,1,24,9,0.000502956217877,0.0048276447678635,0.0023130922910902,2134468206.50553,3446258635.80325,339858.216971289,98944.5183664147,36163.8833657961,10336.6241365382,25642.3169489169,424613.525686349
miura_01226,miura,1226,1,30,9,0.0009332107852472,0.0036208173204726,0.0033277268919973,3411990468.34145,2649674618.08875,101741.645940795,31114.4747919447,13926.3000143683,50440.5972371893,81110.4490997462,395265.788679437
miura_01228,miura,1228,1,30,12,0.0005101998458174,0.0019740144519388,0.002218519532774,3393276902.81769,3913412243.73349,25414.0232603511,8265.68499078113,5723.63241401614,13601.079202592,23082.3101968356,169523.443087475
miura_01229,miura,1229,1,24,9,0.0009310583115109,0.0016346103522339,0.0013806192175349,2193779990.05084,3976717582.93919,32667.0075898462,10871.0721928164,7803.48230317702,58497.3885039105,93399.2241931239,410324.111712554
miura_01230,miura,1230,1,30,9,0.0007499965345517,0.0024940023480792,0.0015588270520567,1970159548.46734,3688067503.6234,98366.8954429759,30062.990883743,13396.9369797432,33347.5997569589,54947.6000297908,307324.407274407
miura_01232,miura,1232,1,30,6,0.0009481294432443,0.0032923001199867,0.0020963249640369,4981301072.67583,2261427408.7756,137668.94075163,51438.2363426623,19288.5168291511,107233.788081515,159082.140137043,438347.718802641
miura_01235,miura,1235,1,24,12,0.0007640017170469,0.0053563693132136,0.003025359124752,2458292815.11132,2241734224.62157,163230.599715015,45659.2961250851,17863.1936261553,21421.4446440394,39578.1080838951,392346.971259435
miura_01238,miura,1238,1,36,9,0.0005317454123159,0.0045575216864752,0.0037665859074913,3609050356.95375,4133044036.42287,274746.730946502,82672.5370242898,28895.9111744271,14273.3535788149,29966.7627251209,343503.103471
miura_01239,miura,1239,1,36,12,0.0009067759665692,0.0012112905789385,0.001685581309964,2401468287.35216,4407522012.62254,10602.899946354,3565.96322815566,2865.00678433261,73061.2122095479,111422.994616361,398880.206576316
miura_01242,miura,1242,1,24,12,0.0009468411210421,0.0037532912569217,0.0025645758301949,3460658357.07773,3195858975.5057,100431.146563457,30025.3437166108,14836.3960445354,58202.6234700411,98036.9406718487,617417.078126921
miura_01243,miura,1243,1,36,12,0.0008507916748879,0.0039532721582402,0.0028396596099417,3045866152.8692,3293209132.06462,134519.883797196,37633.9432434038,14073.3743270499,50792.7962468999,83521.8765179799,476166.601200164
miura_01244,miura,1244,1,24,12,0.0007057697096353,0.0016190980991659,0.0035331366889824,1758007912.80534,1173705780.57121,2523.3357277878,963.896538083469,1158.94513162458,8578.97103495863,14251.5615105307,84595.3470749248
miura_01245,miura,1245,1,30,12,0.0007450168624482,0.0047115866971291,0.0014936163553291,4020712939.64896,2226726294.97166,223776.961263643,56948.4634856328,16651.5427802178,70276.2891922891,116063.392493383,628177.93165
miura_01247,miura,1247,1,36,12,0.0009133462106915,0.0037661668118804,0.0016592919377179,1698429148.5226,1557112201.64014,86853.5476380104,23131.0554541562,7382.11504800172,56582.3224369773,88411.9439905277,371761.589823234
miura_01248,miura,1248,1,30,6,0.000592886230068,0.0029713396712917,0.0021117876333809,3877930754.14333,2235131804.29368,109277.451459182,40003.2291594186,15875.8294833389,22964.7492822548,37667.8852727041,184976.903385454
miura_01249,miura,1249,1,30,12,0.0009997220772997,0.0010749685200927,0.0016820657639506,1188251112.47025,2291907855.93629,3567.50525986937,1293.96798395661,1353.24636876079,39476.8463834897,61237.4875824553,226680.340953604
miura_01250,miura,1250,1,24,12,0.0005790771793149,0.0035443742214583,0.0031979293272742,2260130442.82294,3273339304.56422,71103.9171065369,22105.4990029955,12658.781084014,8754.12911833324,16495.3240117816,214120.372163501
miura_01251,miura,1251,1,36,9,0.0009930967998235,0.0034617230167821,0.0010085706045995,4114441929.98344,4340902955.40154,355941.465607445,105217.571072641,29262.3331472403,269589.578743987,396821.621644881,1136952.59103461
miura_01253,miura,1253,1,24,9,0.0008595058428311,0.0026513240149408,0.0029415952085421,3982241924.24647,4841635441.31489,77082.6110509021,25169.4689557595,16537.6195815104,42774.5377963308,71398.2241638246,432731.836417061
miura_01254,miura,1254,1,36,12,0.0008787368623045,0.0038051989110779,0.0018936003288069,3894964988.22895,4264470797.02227,219885.659447316,59318.2106507822,19670.5192185073,103956.05792701,166493.36020143,809307.816201629
miura_01255,miura,1255,1,36,9,0.0007634563506219,0.0057492363053334,0.0013050140841102,1941129786.64327,1506313844.76362,284257.059225462,83066.1449227534,19388.3790357134,49144.4818220126,82256.9824438422,407322.607506455
miura_01256,miura,1256,1,36,9,0.0007811437807821,0.0015857567349816,0.0026066490611952,4105219377.17635,3443867001.57863,19113.4410891002,6272.52678353381,4231.54478827674,51094.2734724014,77750.582373604,273874.71487622
miura_01257,miura,1257,1,30,9,0.000823780512387,0.0059992297224362,0.0038815197877249,1938436256.22927,3230984829.61935,394132.93326133,115038.646273992,37734.5704484825,22227.9983693329,45945.2448041853,497225.794804282
miura_01259,miura,1259,1,30,12,0.0005970948586847,0.0052862254760489,0.0012255674788441,2356846257.345,1675732900.93192,256202.173815805,61327.3579129042,15680.5711356001,28666.9718461135,52574.6451678589,409620.603326006
miura_01261,miura,1261,1,24,12,0.0006219601831491,0.0014210825351797,0.001928583784773,1195375330.08874,3652513199.24995,9289.33614649024,3394.3828006986,3518.50404656907,8001.93350948946,13741.0914784995,109062.594969796
miura_01263,miura,1263,1,30,12,0.0006229389331152,0.0047000455106655,0.0019626036193905,4296959462.97262,3558029117.04509,287041.733907767,75797.6338328012,24362.140879733,37630.0178162223,68122.344848892,570468.257880918
miura_01264,miura,1264,1,24,9,0.0008193029646143,0.0028716596491832,0.0017289432592775,4261864301.1792,4162896654.92883,133000.469780453,40959.507147884,20083.8776163166,65739.0434265201,108158.891981427,579346.007506291
miura_01265,miura,1265,1,24,9,0.0005574055559276,0.0048604979602168,0.0032894380136254,3509308895.71142,1959087634.81668,148594.878969908,44365.9238816901,18470.116446436,11459.150930276,22364.4236161529,246346.076060204
miura_01266,miura,1266,1,30,9,0.0009974368890728,0.0026970449533697,0.0037783362055961,2741404077.20905,4779492299.78728,73418.9029872216,23549.2781776957,14063.9049579705,44366.4363604817,72182.7343280989,389635.246683184
miura_01267,miura,1267,1,24,9,0.0008491214568084,0.0040487356778497,0.0021291849385637,2937677492.62132,1514672231.20655,101959.280922413,30271.0801630387,12242.2619072785,40788.8024988275,66943.2300597543,344484.140179756
miura_01268,miura,1268,1,24,9,0.0009871041520713,0.0056003818808883,0.0033551848946454,2679787570.13477,3113016300.74116,336724.730732257,98565.5434165952,37031.5681287614,42269.230167491,76538.379801108,616606.34133208
miura_01269,miura,1269,1,36,9,0.0006368887037978,0.0023471431841596,0.00107568433859,1516379897.77572,1923634130.9589,62825.8403697889,18959.7019082634,6790.13788684495,26300.6007805214,41466.345243604,181241.719431142
miura_01271,miura,1271,1,30,6,0.0009993299600497,0.0040204050749526,0.00131403457663,4883473248.05502,1247741437.74648,132218.773929461,54103.4560951137,16640.061186295,184854.989037205,251143.293705205,476666.583764946
miura_01272,miura,1272,1,30,9,0.0009498081593858,0.0022693083517209,0.0027303901382101,1640730742.76134,1197915024.61464,15389.2586901706,4940.44740780515,2967.78388514705,29181.5075515357,45058.0270980678,167638.96270981
miura_01274,miura,1274,1,30,6,0.0005118366869304,0.0052299499618161,0.0020639652980761,4668483558.77154,4949180900.64462,696321.09839476,285651.496809509,85198.4421222862,24498.6692338508,62664.2299323134,656363.183697052
miura_01275,miura,1275,1,30,6,0.0007389980149627,0.0057161850905074,0.0025199956505713,1796740005.7483,4800203843.83435,733368.093544729,300165.367209182,89902.9596839184,23965.0120185383,63230.5058662767,685628.836304264
miura_01277,miura,1277,1,30,6,0.0009618926591061,0.0051790119505965,0.002786312196468,2426286077.21637,3796666804.2542,476328.908826397,189324.697173454,60347.1801375769,49285.48120892,89287.1259322169,558321.907674674
miura_01278,miura,1278,1,30,12,0.0009821978273966,0.0025015137476196,0.0034062935315858,2967028364.44155,2148863362.30426,18699.6255933575,6051.78884690045,4104.05052052253,49072.7803043683,77705.766709602,350970.088998332
miura_01279,miura,1279,1,24,9,0.000744768222281,0.00594733120281,0.0016637861448447,4977611880.79741,4405200424.19396,905801.13615281,250146.466830772,70812.6072742805,70514.0299306671,137039.534663932,1184159.53325938
miura_01280,miura,1280,1,36,9,0.0007514715466242,0.0012572758328932,0.0034039318198017,2855476853.33684,4838423204.84589,10798.1861082357,3761.29144031016,3441.7795644569,25280.8260875388,39600.7354766985,176040.954868819
miura_01281,miura,1281,1,24,12,0.0008552030953273,0.0016627821826283,0.0026041501844789,2559463624.792,1891108642.00724,5888.80302106048,2147.50737428601,2211.32104513887,28811.5073579578,46816.9905270752,232250.80101042
miura_01284,miura,1284,1,36,12,0.0006653474166353,0.0020572780075599,0.0032881942936233,1905252912.55658,4576372829.22293,26175.4590312584,8457.40709422967,5749.32712257199,13712.2933209832,23043.0690982947,163584.425542506
miura_01285,miura,1285,1,30,12,0.000928617197601,0.0056561689738415,0.0018818876395512,4116906347.98432,1150790325.74597,153644.397767911,38388.0776947415,10768.7869638628,103697.062175604,161355.245287528,627321.571904435
miura_01286,miura,1286,1,24,12,0.0005513462371139,0.0011466122552893,0.0012214209211328,3724819139.04563,1989449460.58062,4345.95951763488,1582.1246565304,1618.72287983796,23742.4121832398,38407.9172428013,183535.340185503
miura_01287,miura,1287,1,24,9,0.000759451648922,0.0017112520613494,0.0011552295542399,1027037982.73895,2015545993.96607,21946.2559860207,7126.03172566284,4560.97810248376,18623.8210336958,30421.3652581027,158549.702210697
miura_01288,miura,1288,1,30,9,0.0006523819246491,0.0019352648017138,0.0031758538296924,4695434156.20629,1796812235.72119,12821.8037716911,4273.3244893739,3126.19764130885,23825.13283017,37438.3055300293,159626.229521843
miura_01290,miura,1290,1,30,12,0.0009053120100679,0.0038263725222318,0.001761041212848,1662840375.48607,1290117866.31597,66245.718750782,18172.4150221061,6550.73291337974,42794.6100667612,68629.982336758,327635.803871096
miura_01291,miura,1291,1,24,9,0.0008012690538713,0.0025874629513308,0.0029849884292059,3706890059.15536,3497678380.5043,51327.7424859846,16856.2457119033,11380.0863301768,31600.1422639341,52575.7728895336,312438.650290155
miura_01292,miura,1292,1,30,12,0.0006453198876504,0.0018480795891652,0.0029264097695449,3753892253.20413,1581479591.6922,6657.67046694923,2266.1581948388,1878.79770468805,20696.9984449682,33070.6949743978,159778.037737475
miura_01293,miura,1293,1,30,9,0.0006953064404536,0.004397926169287,0.0014750636341384,1239564079.68446,1520498606.63916,170843.344088485,49070.671249239,14408.5177849183,19011.9887961765,34386.1273175801,245230.737653028
miura_01294,miura,1294,1,36,12,0.0007132921122632,0.0016388203250986,0.0014087164417921,3695821486.95381,2862989772.58725,19112.2889008813,5940.723764523,3407.9167107828,66263.7285638609,100766.338497297,359894.086539256
miura_01295,miura,1295,1,24,12,0.0007822843536536,0.002660323058666,0.0039358162026125,4174444564.37975,1399363329.73794,11177.7897796302,3814.81734993963,3107.87392408367,24597.8926893944,40485.3038255511,222959.199951412
miura_01296,miura,1296,1,30,6,0.0005697546047981,0.002657673778577,0.0017101350094459,2887238232.41328,2130359913.67344,92517.6127206221,33831.9648824213,13474.6432767145,18813.7685515341,30967.606779178,154658.874228627
miura_01297,miura,1297,1,24,12,0.0008084120938069,0.0019408805914138,0.0034450553818581,3150562705.77299,2333505934.08221,8573.28372369176,3114.84691131564,3167.63577226969,23586.12193411,39062.7783615615,226214.538417202
miura_01298,miura,1298,1,36,9,0.0009360215885243,0.0033856699787507,0.0027143690426047,2196068333.7453,3928492165.23579,160302.231752503,48695.6725229076,18647.2587605557,49476.7757335449,80246.0953984719,412508.799207933
miura_01299,miura,1299,1,24,9,0.0008955107319206,0.0047373478649249,0.0033044229081535,3619774737.14207,4750541051.02434,335793.527549196,100671.980505268,42831.9607363057,43907.9821468701,79539.7853738512,677182.4723024
miura_01300,miura,1300,1,30,6,0.0005154458260628,0.0048916785715057,0.0015309579578431,2987906176.89813,3766634767.83034,518934.845152212,216392.389974558,62632.1290579137,20568.5624896953,50616.0797893274,496171.844427367
miura_01301,miura,1301,1,24,9,0.0005266830500236,0.0022727404445216,0.0022088160190972,1869426519.98699,4500474796.26035,59741.5268978463,19567.1975877953,13007.5754296439,7510.85614897227,13893.2929679969,158220.782330503
miura_01302,miura,1302,1,36,12,0.0007379437929284,0.003990355764449,0.0019727898979124,2170453415.09248,4627336652.57924,260850.823053116,69919.2834952532,22711.6564133372,37132.5996262613,65994.0138370772,516554.228646268
miura_01303,miura,1303,1,30,12,0.0006480556525362,0.0014088094606419,0.0027560998511688,2346504204.34274,2589017490.26508,5262.22595183818,1896.31081029627,1946.40828769503,14340.4910657417,23363.7143761055,130676.421428457
miura_01304,miura,1304,1,30,9,0.0005562963326658,0.0024386391450376,0.0021416608552499,1008128659.78767,1434336756.4104,27393.1740360742,8569.80159367269,4414.52374578194,5488.39081998688,9524.85959432164,71888.3049002658
miura_01305,miura,1305,1,24,12,0.0006549335263474,0.0026108946454541,0.0016018422738248,2199375670.91647,2853770938.79792,49286.7015346717,15181.7416909187,8393.97781428232,20525.8323069864,35393.4624074453,264092.623465661
miura_01306,miura,1306,1,36,12,0.0007282283984583,0.0055238731722471,0.0026259957644783,1529975710.914,3457676060.9407,355929.779035425,91292.0556431162,26228.4481278096,21913.3931561874,44529.6882070051,491961.703393549
miura_01307,miura,1307,1,30,12,0.000864552030732,0.0036151023215397,0.0020477328408678,1522316249.47722,2789140355.09685,107666.543425635,30463.9776985614,12158.9811870062,31789.2865026084,54081.4747351846,364884.310071142
miura_01309,miura,1309,1,36,9,0.000952673122045,0.0031919374259941,0.0033809925665194,2991327337.51731,2142710524.02568,63642.7719649947,19593.9178351173,8471.75101456639,53635.0655667016,82518.6528093473,316413.582611515
miura_01310,miura,1310,1,30,12,0.0005868629727292,0.0044587751852091,0.0016954427573929,4829232742.33701,4360407536.88484,344765.641053593,90556.1561506947,28681.3991268065,41419.159477228,75752.0141544435,655329.267532698
miura_01311,miura,1311,1,24,12,0.0006306302573217,0.0038831183486836,0.0021835404606739,3075817052.10261,4098755849.68883,163375.059118961,47523.2506501443,21235.5614257024,21368.6953339849,39685.7698703619,428100.296433564
miura_01314,miura,1314,1,30,9,0.0006130391810217,0.0046011996224278,0.0039278909789163,4882663051.9754,2273871002.04429,142326.141060878,42749.8558851411,17002.7812675061,19599.4744119995,34816.8000198073,267736.56180062
miura_01315,miura,1315,1,36,9,0.0008127771347965,0.0023191226025485,0.0032681425281192,4468523429.21203,4935539370.94445,63842.0624756445,20258.5745024241,11050.3960806567,52847.3583795933,83077.8468733479,373626.382467738
miura_01316,miura,1316,1,24,9,0.0009658633923677,0.0038618061821003,0.003677628198747,4262920426.47355,4559616475.66467,169457.870890806,52889.1735022864,27769.6841145311,53439.594312751,90771.8283238007,595647.260688033
miura_01317,miura,1317,1,30,12,0.0008923832887023,0.003960520414271,0.0019868960756424,4760563882.21636,2048033811.64163,104384.492717102,28814.1606275484,10603.3839907891,101321.864133121,159054.960527565,665892.579700498
miura_01318,miura,1318,1,30,6,0.0009213754344803,0.0055639629570709,0.0032958007421301,1933499147.38088,2613117587.72986,349032.722243857,138340.136642022,44327.9941551911,30038.6821902612,56562.9563474394,390094.006120309
miura_01319,miura,1319,1,30,9,0.0005714314961676,0.0058700361717454,0.0033399017652773,1583111627.04279,1189540031.15886,152671.708909255,44330.3140223032,14036.4480240804,7357.57607354029,15879.7963067139,182612.261334692
miura_01321,miura,1321,1,24,9,0.0007756130593829,0.0058484788172356,0.0021589476659549,3802331214.34932,1088667746.55447,181973.672875313,51294.028093978,15955.6854172473,40673.0223229973,68427.2775254961,377385.339772897
miura_01322,miura,1322,1,30,12,0.0007023259497799,0.0013768120896924,0.0025528220504551,3306035173.40464,2794822730.56034,5782.44573468591,2076.05017611342,2101.75822932598,26761.7794842887,42758.1884567664,205786.530043638
miura_01323,miura,1323,1,36,9,0.0006369683809431,0.0029707243009524,0.003089823623048,3901710157.57204,4306981916.72112,113200.016065588,34940.875194628,15439.1239627087,25546.4400683686,43018.9584119529,273983.833255925
miura_01325,miura,1325,1,36,12,0.0005833400456372,0.0030936316817021,0.0036487932411146,4195819478.54042,3798000686.29683,63141.243694559,19035.0938447418,9556.08791111513,18661.4785427884,31877.940253893,237079.330508372
miura_01326,miura,1326,1,36,12,0.0005531491292944,0.0011291385960703,0.0030213269130402,4147036838.37122,4190884897.60635,4675.81839843265,1705.8103391267,1883.35103542007,17166.0830455167,27483.2850343031,143323.758154738
miura_01327,miura,1327,1,36,9,0.0005067483295553,0.0044831179393177,0.0022668419079228,3784482570.97789,2346458522.42737,209590.534885571,62251.1300033884,18704.534744125,18318.7506377171,34397.4381225416,274532.63850945
miura_01329,miura,1329,1,30,6,0.000767909106156,0.0018016616947369,0.0025801320232006,2373521629.28514,4431335918.60014,57190.0724842864,19744.944449924,11749.0419548271,24517.4317138279,39152.7308420812,182464.755278336
miura_01330,miura,1330,1,30,6,0.0005037714624674,0.0016821427484306,0.001954122006173,3701775190.39286,2823244000.50854,38008.1227080334,13145.6600878305,7430.80210259353,14339.7407136508,22989.0781427971,108968.580432593
miura_01331,miura,1331,1,30,12,0.0008437649406796,0.0045547046211972,0.00255532268801,4501885382.48333,1091180684.51044,65487.2104443684,18016.6264471333,6559.61571564791,62952.3359247466,98764.6711215811,411675.959036918
miura_01332,miura,1332,1,24,12,0.0007959652143228,0.0040426988202397,0.0031433872384218,2194125019.66635,3253392045.27207,104418.002816681,31416.5722869614,15886.529231899,20329.1486166619,36586.1210385472,351809.399878252
miura_01333,miura,1333,1,24,9,0.0009625871988065,0.0025285096327075,0.0034723134000045,4046820736.31143,2993094932.62426,36140.3207370781,12086.0437959403,8871.57824235102,48633.6048522497,78675.3476248603,383486.805783359
miura_01334,miura,1334,1,24,9,0.0007027022488553,0.0058395029756083,0.0036547133575925,4173667034.34766,4865197170.09416,546887.533452268,160120.388135457,60234.8203908577,27362.4747194801,58355.0053274567,760153.347129477
miura_01337,miura,1337,1,30,12,0.000916108357589,0.0028757599296802,0.0026491878722008,3032240322.63493,2460700427.47894,39985.1492313293,12230.1935872119,6582.69355511129,53375.5396705723,85430.4089869184,414220.619783255
miura_01338,miura,1338,1,30,12,0.0005207839073754,0.0055781773384551,0.0030737464245129,3651665160.19116,3607740065.25458,316897.586428568,84812.1091059947,28302.2264659746,15467.0298332516,33331.9577433072,478598.131051863
miura_01339,miura,1339,1,30,6,0.0008458036855257,0.0040317527163122,0.0017681475283748,4161688072.66234,4118921836.96027,395597.934345378,156609.795666401,50519.9787253886,83457.5886642768,135681.112845974,596847.650529288
miura_01340,miura,1340,1,30,12,0.0006521331919145,0.0037567723692271,0.0025484733058005,1317511003.00592,4162762182.37719,147247.560246699,42330.049300115,17865.9158803548,11867.7634610668,23209.3500902262,299237.884078666
miura_01341,miura,1341,1,24,9,0.0007598447479758,0.0044693875467952,0.0013206152168233,4078465245.98061,1323968919.65351,164217.7095206,46446.7575515259,14680.1257657217,63631.2375962631,102411.484975938,452895.157364321
miura_01342,miura,1342,1,30,9,0.000796909204025,0.0023639706867264,0.0024975524280507,1496373570.4297,1094407497.35523,16936.4516801709,5372.17119132328,3012.05012183107,17801.0214434367,28048.0393743303,121685.573295137
miura_01344,miura,1344,1,24,9,0.0006950900395986,0.0025658970750075,0.0012469484884183,2879090772.44582,2722671915.80418,84784.8899248138,25904.1099317147,12183.0050491476,37775.8018735062,62327.0582607561,338005.483222728
miura_01345,miura,1345,1,36,9,0.0007544742159243,0.0051781796806405,0.0038805310748791,4833755196.89944,3146425939.4578,277708.372598804,83026.2315390848,26941.620796445,42026.2418688748,72420.9152714755,459520.34125659
miura_01348,miura,1348,1,30,6,0.0005742297301164,0.0022175692118034,0.003861477981733,3561872983.87071,1449701510.45316,23260.0075459649,8031.50593857919,4758.1317374548,10259.1463163099,16351.7455990025,75237.6185899739
miura_01349,miura,1349,1,24,12,0.0005292921679299,0.0034403064877976,0.0010950387224428,2001723837.40651,1719004298.34221,90049.1089612462,24770.9830843971,9195.39346217596,15246.7942822889,27402.1405873265,233612.053208008
miura_01350,miura,1350,1,30,12,0.0009704740692934,0.0014427847008355,0.0011873077882682,2651507395.51401,1687623311.07037,8563.35245593234,2783.74459027696,1911.56921138157,107752.777283505,156522.290223509,392047.505259049
miura_01352,miura,1352,1,30,12,0.0009302552538861,0.0051344136294713,0.0028826252912203,2194058117.29614,2731452392.27935,203303.208920086,55117.2592662743,19127.0421856652,41453.5620466131,71972.2768687721,518297.84564521
miura_01353,miura,1353,1,24,12,0.0008499529446694,0.0026987316894349,0.0020476343969133,3829031628.4773,3283675132.37521,49928.0550932089,15705.4794808686,9412.25592472217,56467.1956523103,93454.7267001098,530776.446267824
miura_01354,miura,1354,1,24,9,0.0009328700715433,0.0052086278002319,0.0010283253302218,2546871206.56904,2693956635.04244,553322.86791473,150666.486992007,40072.8315071704,99729.3157908209,169876.978779181,933743.596637477
miura_01356,miura,1356,1,30,9,0.000562575214258,0.003270709536869,0.0010797066797603,2340971265.4393,4551209981.87474,316965.483730052,92223.6646944351,29588.5975602314,27539.0973314483,52002.423667156,442602.383077556
miura_01358,miura,1358,1,36,9,0.0009938793509845,0.0054038049136961,0.002983786702138,2004233228.05948,4388465114.6628,501009.699220715,148490.367947447,43350.9315345593,53491.4956651687,96816.3320526134,686899.57053529
miura_01359,miura,1359,1,30,12,0.0005828889239494,0.0035385100679951,0.0013640962262676,4706854090.33935,3581598724.01404,184325.547784688,49950.6364590981,17314.8944471229,45238.9762774337,77290.6607541042,515052.707492518
miura_01360,miura,1360,1,36,12,0.0006252760770716,0.0042660099930765,0.0026423111592638,2009294438.13797,2350813365.37865,124707.012666268,34037.7510697539,11699.1860674145,16021.3730578756,28915.5421321123,246472.272326723
miura_01361,miura,1361,1,24,9,0.0007386342288253,0.0046782035622257,0.0028428749743292,3487233613.92061,2751217812.9906,212864.468350376,63215.0639515611,25595.9000528173,27432.9474569323,49678.5792853844,413407.220697244
miura_01363,miura,1363,1,24,12,0.000808835356737,0.0010041752694838,0.0021710318869236,4735792872.86985,1676443283.06248,1687.84320145858,692.548455399237,1023.91772088083,46263.1054189475,72699.1354607189,245204.46313259
miura_01364,miura,1364,1,24,12,0.0006464482111447,0.0050335100685278,0.00289273083111,3964839377.51556,2280945932.90424,145598.338460469,41137.4733493082,16632.2660529272,21557.791515488,39388.0115414058,376188.844343324
miura_01365,miura,1365,1,24,12,0.0009838007020337,0.0048565710821748,0.0038468594569801,3634051936.61617,3767451213.14265,168913.586653396,49842.837071394,23461.7838231763,48782.0597416089,85163.8962904551,667184.056459874
miura_01366,miura,1366,1,30,6,0.0005187549015161,0.0026792527107657,0.003162632080027,1510982790.70822,3283123157.2472,98060.1707652075,34394.4879004113,16542.1028944354,5258.01373018893,10796.5413046175,117047.718261439
miura_01367,miura,1367,1,24,12,0.0007099039134785,0.0046146174053533,0.0036117717053852,3009566500.0595,4716664961.809,193648.567162172,57400.1528443602,27455.7567717694,19291.5357179173,37081.4683771464,480973.829628852
miura_01368,miura,1368,1,30,6,0.00078913912084,0.0039220581356593,0.0037377809701299,3850139479.41689,4236376058.57935,270842.53145402,98970.4208572369,39418.4422993762,32488.4865652269,57129.728761839,366855.416593518
miura_01371,miura,1371,1,24,12,0.0007996568036089,0.004607807347108,0.0017244961376593,4782382454.68092,1204742246.98282,94796.7971406011,25640.3893753565,9071.03725332665,68077.6418025891,110262.732377744,525912.231750548
miura_01372,miura,1372,1,36,12,0.0006552803409492,0.0038813517980987,0.0031960054178983,1016724514.00456,3731714991.26971,130924.528328426,37224.2308123282,14744.3391760148,9080.28225900232,18070.7550315307,234416.77457578
miura_01373,miura,1373,1,24,12,0.0007772118050548,0.0038394272911243,0.0034162367931488,2991912260.55338,2043331244.20245,52564.1897440991,16165.0883826544,8882.61554084711,21864.4484071189,37691.7188282605,280462.255321033
miura_01374,miura,1374,1,36,9,0.0006300161519242,0.0052579984143906,0.0011080617932382,3007832479.41688,2313091729.08867,396887.354109834,115978.571182089,27119.3842156789,51940.9238702182,91016.9439274008,520092.600253023
miura_01376,miura,1376,1,36,12,0.0009915328833229,0.0051418811702486,0.0024202007562342,1684219531.17307,3981065623.95616,364710.217693651,94278.1555724744,27648.3917744884,55519.0878860565,97340.8571925079,692043.516240143
miura_01377,miura,1377,1,30,12,0.0007497589461928,0.0053319852817688,0.0018944332730214,1684180827.27952,3202207987.82873,366428.107040626,93101.2021491444,27084.0751025397,28844.1966092614,56145.5939284079,568184.915963408
miura_01379,miura,1379,1,36,12,0.0006493454348681,0.0024317753992753,0.0030092491395244,4467575391.4364,4849076818.84041,48690.0404550682,15093.6288102924,8556.56281909852,31417.0406246516,51670.8907922983,311961.351388501
miura_01380,miura,1380,1,30,6,0.0009216305845871,0.002862884693837,0.0013708096247962,4781577044.22867,2232794670.78335,127118.557772478,48199.3721647683,17412.886259779,139905.947280078,201066.491236858,470188.611092867
miura_01381,miura,1381,1,36,9,0.0007880129246574,0.0022118364836667,0.0022945973146678,3262830101.14621,3658900912.98065,56498.2667825622,17678.6560506804,8713.19041476186,49360.3942005408,76717.1790781488,317581.21328609
miura_01382,miura,1382,1,24,9,0.0006431685946247,0.0059512323291599,0.0023299238201181,3606217644.99001,1658834632.72679,273405.61031285,77275.2798955348,24373.5803174163,23528.3074007565,44848.5394338512,392591.72739481
miura_01383,miura,1383,1,24,12,0.0007059776386677,0.0023480752866016,0.0022688160900383,4675767661.32153,3042130568.33742,28230.9242084706,9289.32683096264,6609.45415646394,36014.1350709284,59994.4606757525,359669.771519719
miura_01385,miura,1385,1,36,12,0.0008668545762253,0.0036944951696931,0.0013486495926712,1551513692.59211,4320319069.93775,268678.667802639,70111.8328605849,21092.2122485827,58965.3899334232,99569.0607630536,612377.205944757
miura_01386,miura,1386,1,36,12,0.0007559749043216,0.0056676326636072,0.0023528945017996,3260391953.84918,4207844047.13286,498568.568996319,125313.465456233,34254.6430907261,51366.845826359,94775.2918447518,777110.638111047
miura_01387,miura,1387,1,30,12,0.0009109736999478,0.0040179438672284,0.0013991967656767,4364387201.18552,4213777388.33814,296955.290347905,78182.7225739466,24962.3272427832,145020.300895107,233888.102586839,1136542.56880563
miura_01388,miura,1388,1,24,12,0.0009611748919993,0.0053840180275129,0.0010525433904654,1089002499.46096,2642986940.3051,455450.521756332,109416.15710515,29043.4248461909,51908.0656397471,96130.6797481178,794744.351948511
miura_01389,miura,1389,1,30,9,0.0008796711616853,0.0045797659079629,0.0021769140716173,2075119646.83085,1381145714.73086,132623.957347655,38654.4353046835,12516.4164592602,39481.8054403278,64032.335742176,309007.192386694
miura_01390,miura,1390,1,36,9,0.0009403860041096,0.0037028705041522,0.001428390269275,4810035798.35072,1845371169.05597,144214.536224736,42822.3020236438,12652.9039001069,183757.994664645,261881.622612354,634056.272823198
miura_01391,miura,1391,1,36,12,0.0008065732780367,0.0018365001950676,0.003231418980361,3132133631.53598,4589076758.97764,19384.0807277191,6397.26503284326,4761.51694243625,37574.4654847655,59945.290011639,303274.119292422
miura_01392,miura,1392,1,24,12,0.000711061642799,0.003344362855122,0.0010721116157925,2088946539.90872,4488434607.79936,221723.963752254,61270.8736294486,23070.0938307784,39213.5892643807,70225.2912689922,592347.457917722
miura_01394,miura,1394,1,36,9,0.0005265705385974,0.0025845298700564,0.0018301778477361,3605566789.54783,4785339903.38598,132981.226174826,40620.7569480316,16399.5789431849,22939.8588083482,39423.2692153879,267767.066677659
miura_01395,miura,1395,1,30,12,0.00059215749078,0.005127207555388,0.0011931094382091,4531109758.01847,1486039931.68676,215449.40933118,51843.5944110032,13400.9703033803,50364.0266713535,84464.439293151,473713.092495749
miura_01396,miura,1396,1,30,9,0.0008032459645406,0.0014406121915593,0.0027223471150854,3573296531.8016,2738993986.73959,9861.01281551984,3419.80252092732,3006.77028476213,38101.9031081676,59136.0210636973,223954.977740412
miura_01397,miura,1397,1,30,9,0.000725332462363,0.0043226212087339,0.0034895446088408,4361402389.83526,1156341054.82891,67960.9270879936,20418.9100303949,8131.37764592794,28850.5773282477,46387.8471773435,222349.5941382
miura_01398,miura,1398,1,24,9,0.0007284447387503,0.0027192780924673,0.0029455047080012,1635589970.47573,4026789747.89368,68316.3984634877,22227.2283412498,14325.5161888321,12196.2865326079,21804.1036506709,204335.659200395
miura_01399,miura,1399,1,36,12,0.000713860281709,0.0052180685555324,0.0028468698859758,3165326390.38291,3556305180.43451,299130.591977324,78584.2819525358,24075.240207405,34723.0465723148,63167.8971173077,525287.88514367
miura_01400,miura,1400,1,30,12,0.000593137129759,0.0028892533950944,0.003153350044843,4486037008.3019,3048748361.47164,42494.8577764002,13226.8195583257,7644.85838020492,19699.6481574357,33361.6787615145,234700.883700883
miura_01401,miura,1401,1,24,12,0.0005050350428368,0.0054050785253119,0.0023320312455674,3390862414.10747,1024591250.78948,95565.2263133916,25778.6962789033,9024.00904010189,11110.82569467,20736.0834861647,203204.749988109
miura_01402,miura,1402,1,36,9,0.0008036858544856,0.0031335096353782,0.0022572067971189,1489588995.99456,2898385382.83639,111809.514890395,33926.7845687868,12859.5419873533,26184.8399904181,43454.6734796457,248614.767949367
miura_01403,miura,1403,1,30,9,0.0008857089074757,0.0045290922047509,0.0026163295887464,4274218057.39593,4049907050.6839,332133.073294359,97783.2299025689,33951.4703850986,71878.1080582702,120598.786614217,695970.106611281
miura_01404,miura,1404,1,36,12,0.0006144941689089,0.0041979433788036,0.0022436906581579,1898098433.85015,2622569880.98021,152183.778861598,40919.6729154338,13417.0519000371,17152.0281201469,31419.3308017453,277024.134494814
miura_01405,miura,1405,1,30,6,0.000797116378529,0.0010605701912749,0.0023336820768033,3254056682.49264,3886255671.77209,13287.7823082981,4696.09179727795,4028.94037248954,36214.483015102,55415.5958703284,175335.450252932
miura_01406,miura,1406,1,36,9,0.0008334896370651,0.0024284331155786,0.0015520912525122,4941997857.3217,3026087902.72584,82523.1359212359,25168.6001317532,10004.9263414665,123294.187812122,182061.986335482,529159.333016076
miura_01407,miura,1407,1,30,12,0.0007449738732765,0.0029494436493113,0.0015182221325684,3939546355.37364,1108363248.19798,32072.3876065524,9186.69571004886,3840.2781628672,61935.5815298511,94881.8703559173,338880.929476585
miura_01408,miura,1408,1,24,9,0.0009303106887453,0.0033925699793736,0.0022690137140738,1100492822.75104,3405639656.41184,134739.493314352,41318.5709249536,19785.4274873053,21528.5912473547,38392.040385437,318789.814695739
miura_01411,miura,1411,1,30,6,0.0007886378524707,0.0054823121735737,0.0014121707906307,1862591305.45848,3186354596.77864,528838.697445452,227112.588195236,62617.2183944708,42067.1630049546,82618.9224392475,564255.573682377
miura_01412,miura,1412,1,36,9,0.0007951564891191,0.0019175049994637,0.001030715942104,2706485142.23486,1869551893.88091,38495.6632302502,11767.9729170755,4785.86289189549,86087.9619200475,124082.446481968,313051.277630752
miura_01413,miura,1413,1,36,9,0.0009685546907689,0.0046752171147357,0.00185864131964,4391180817.71614,4228610364.26833,463977.157592083,137103.308470692,38110.1379135947,153496.722993025,240984.06641382,979214.450549161
miura_01415,miura,1415,1,30,12,0.0007152567840592,0.0023738077730994,0.0032077130457806,1165042873.33838,1829184817.45505,14294.7429997356,4649.18183486276,3218.8975541603,8793.74660329728,14834.8289340582,104114.834961364
miura_01416,miura,1416,1,30,6,0.0009972701465951,0.0044172535311273,0.0036091046089861,3583601847.97478,2455598547.88891,204808.93678898,76783.7886040509,28326.1883759614,56986.1591725033,90722.4261376379,377651.517069064
miura_01417,miura,1417,1,30,6,0.0008761149257804,0.0031179196432688,0.0022259726188408,2383707413.40717,1692625426.01202,89073.9161007887,32750.7045913241,12858.7064741716,40166.3798995636,61991.568346867,218849.146936854
miura_01418,miura,1418,1,30,12,0.0009279729837112,0.0026822417880445,0.003436349470407,1707139014.37711,1351248917.30925,14166.3210186162,4520.70931807863,2895.26851969121,24135.1507557691,38750.8267336281,193152.043126427
miura_01420,miura,1420,1,24,9,0.0006802012498705,0.004989944749126,0.0025104858397359,2154276415.49111,2297266214.12476,231572.78783014,67493.8142459399,24806.7038051446,16608.5277309347,32769.0571311068,346658.368649175
miura_01422,miura,1422,1,36,12,0.0008577739310619,0.0050665571130778,0.0029250775302132,1557210825.09033,3874602716.52905,296108.356512384,78590.7606781547,24789.0167532707,29756.4274490377,55321.1481711275,503788.685813008
miura_01423,miura,1423,1,24,12,0.0008751907192255,0.0013292225533091,0.002760895661062,4719619379.56802,4628039035.31476,7329.1682946217,2854.13372695881,3665.98156008123,53260.0913961706,86748.8050250752,432807.330723001
miura_01424,miura,1424,1,24,9,0.0009468892822688,0.0054358728891745,0.0017222148435629,2468833778.07754,2235924046.95498,366349.48247371,102687.530567268,31110.9448137641,61990.7007072411,107176.036432326,658523.729367062
miura_01425,miura,1425,1,30,9,0.0005104161699835,0.0028949585769655,0.0023287762172458,2955153593.62792,2813435127.71334,79608.2538969324,24492.1878644518,11379.3976228198,11726.8544469285,20838.4628579848,170439.938865856
miura_01426,miura,1426,1,30,9,0.000757992146784,0.0029250402731461,0.0016074991021748,3833681750.77402,4778289293.00162,188905.970272011,56776.4645770581,22665.6151902653,64061.5780243745,104632.651240927,547310.05064031
miura_01427,miura,1427,1,24,9,0.000870080223959,0.0023939838747169,0.002076746221556,1171529950.03804,1148788414.83103,18923.4625054984,6097.95412936165,3762.48319251653,17564.9229207892,28498.2667943876,141320.852660328
miura_01428,miura,1428,1,30,6,0.0008619612844608,0.0039604345408336,0.0026254079838604,3544572421.2413,1118122761.19934,87881.8173057017,33294.0841611365,11985.4298678558,47106.7215036433,71323.8875843064,222201.356869652
miura_01429,miura,1429,1,24,12,0.0007460631596296,0.0044338349624078,0.0011105434324416,2922822246.29633,1778797501.63753,180860.10737196,46491.9763293808,14330.8403520092,55574.0472789736,93894.0015128599,558365.784441208
miura_01430,miura,1430,1,30,6,0.0008964787410341,0.0053445547868941,0.0033455114470165,1313386367.15207,3276798079.56166,405345.977455235,158963.893236726,52047.6723418046,20707.0821189806,44782.9739762009,407646.054140086
miura_01431,miura,1431,1,30,12,0.0006954612925474,0.0052446337674437,0.0029470960616768,3960856973.34911,4998949637.46981,386272.944654808,104448.516758186,35935.2335815946,34916.4166748996,66637.3888449845,702628.684676635
miura_01433,miura,1433,1,36,9,0.0008217497491665,0.0037200236251307,0.0019887350344394,1726710078.32589,3455822665.32958,220204.202643864,65824.6990628573,21312.4115279943,37334.4575492582,63426.7012444021,381143.746856475
miura_01434,miura,1434,1,36,9,0.0007039860677991,0.0027136999782743,0.0034270286167693,3036628860.42625,3579176759.8901,67884.4429133683,21240.6799398721,10454.6028664867,23527.21803536,38605.009123606,220746.62961628
miura_01435,miura,1435,1,30,9,0.0005472879986571,0.0059035791638285,0.0036208985061572,2820150800.60129,2956220766.14241,363940.605007868,106026.045046873,34349.4952537696,12411.9961440666,29748.3071537137,414794.568389126
miura_01436,miura,1436,1,30,9,0.0007830302352918,0.0010342650356513,0.0037300456642351,1087867809.08526,4162902509.90771,4265.49997105876,1642.38006175171,2181.59770353998,8640.57202699834,14075.2160917341,79755.7770474838
miura_01437,miura,1437,1,36,12,0.0009547477710165,0.0032390924522196,0.0022855579738123,4985352040.8867,1245829613.28859,36217.5916169146,10325.247719876,4153.09329013109,127439.090086119,184337.095374124,485790.975495272
miura_01438,miura,1438,1,36,9,0.0006007153165253,0.0034859856735731,0.0018212181440621,2909510058.98693,3163265571.44528,183649.233231643,54958.3025175638,18034.271208011,27312.7712936452,47200.9586600553,303935.703773122
miura_01439,miura,1439,1,30,9,0.0008538684230713,0.0050983632835673,0.0033624664908217,4819275518.58027,3632804200.89157,331708.053305347,97724.2840433607,34101.6363200018,57940.5320686185,99416.6648450005,632782.659370677
miura_01441,miura,1441,1,30,9,0.0006369815425653,0.0026119172016699,0.0019650684455379,2591447488.66357,2069142163.69893,51469.0280305362,15864.0916739582,7464.18618183686,21100.8306808588,34475.4852055995,185537.22325004
miura_01442,miura,1442,1,36,9,0.0007439821486631,0.0024277558590149,0.0022630535884871,3672879757.21731,2962875745.52807,59376.8840846989,18400.1526551486,8402.27690129296,47317.466366375,73383.8288915153,297996.004354567
miura_01443,miura,1443,1,36,12,0.0005154840742886,0.0044931659002137,0.0010414924548549,2397689584.17807,2474139475.53707,292674.64066071,70291.7843463431,17390.4378416005,27069.8992951059,50860.8004890749,413472.950270885
miura_01445,miura,1445,1,36,12,0.000863536765815,0.0037863559183226,0.0029594195507539,3755570411.56802,2751244540.22349,96659.1891924743,27409.4860546739,10767.9371813974,60771.3139500724,97143.8987605183,477508.379794069
miura_01446,miura,1446,1,24,12,0.0006724288750127,0.0041417049774511,0.002393070349627,3709186050.64428,3454741344.79449,151924.219022989,43995.6458654255,19354.872897198,27009.4771120509,48697.244280758,449774.012219756
miura_01450,miura,1450,1,30,6,0.0009513715869758,0.0049838107041911,0.0029740651122361,3071661420.6807,1759419898.43425,201307.608248756,78905.0100264925,26039.4679980124,51304.944163604,81834.0358696239,333360.22453441
miura_01451,miura,1451,1,24,9,0.0009513797928962,0.0023834127969251,0.001679652347339,3709454858.15296,3032485936.60079,60094.8416153037,19023.212234782,10752.4523503644,85872.783811654,135663.497596952,550593.852030392
miura_01453,miura,1453,1,30,6,0.0007150778324404,0.0024639718871036,0.0018390405896459,2235861787.05628,1607941805.43025,56730.6402345721,20388.735066564,8715.66439145472,25075.8948982157,39012.1435890458,146474.919665315
miura_01454,miura,1454,1,24,9,0.0009738752745607,0.0037538209384967,0.0013751137317074,3680992971.5317,3547406131.26136,277752.137864075,80756.4992714099,29292.8736297356,117176.388670924,189872.205537553,892138.635863219
miura_01455,miura,1455,1,30,12,0.0006562857381612,0.0023058717413268,0.001956238087451,3436952582.62452,4184955229.34057,47769.4184073139,14827.195794963,8472.80755725705,31874.6004734989,52963.6266839875,328799.992112721
miura_01456,miura,1456,1,24,9,0.0009617851700723,0.0029638251507873,0.0012682736861217,2242078613.70784,2222003866.2243,100862.131747842,30178.3779345905,12717.2190318418,72506.2743979975,115371.772764654,490514.389493241
miura_01457,miura,1457,1,36,9,0.0008754428512096,0.0057464296149951,0.0031304739682336,1985781254.29733,4013108826.51264,508155.39698557,150345.2202699,42958.0021635266,36868.6836479004,72120.4412260182,617049.818162187
miura_01458,miura,1458,1,24,9,0.0009766765703564,0.0041229189230292,0.0015640323519155,2603459270.20854,3538249712.25631,317322.981179346,91869.5692005641,32613.9393048817,77393.1470946966,130429.942777585,753175.703634179
miura_01460,miura,1460,1,24,9,0.0009955462403514,0.0042132672827705,0.001683034145113,4753295643.58801,1828555194.49818,165039.665511464,47888.6632804815,17195.0104918754,125510.480195219,195806.005600236,725463.889868228
miura_01462,miura,1462,1,30,6,0.0008127260288571,0.0056013586582678,0.0030371389989484,4388229348.95669,4339510423.36838,603795.931114551,241709.642665369,75847.2734592024,50802.5371071974,96364.1068751288,667106.444905788
miura_01463,miura,1463,1,30,9,0.0005982913387134,0.0038584654179157,0.0020385793634035,3599527314.54167,2304909507.70488,152730.217824984,45127.3749569167,16066.108136776,24854.2434903835,43040.0581920418,286377.478447835
miura_01464,miura,1464,1,30,12,0.0007625940788098,0.0028336239210352,0.0018227075115891,3546403247.29072,3383910695.94063,73886.674313329,21784.6064690765,10128.2658761994,53744.4439357639,87572.0538823691,471845.254126389
miura_01465,miura,1465,1,36,12,0.0007021146524394,0.0059503178431221,0.0023279825815303,2236355292.09206,3517460254.31723,471053.746276516,116756.438733854,30899.242320854,31136.1574810484,62446.7177969525,629505.209244217
miura_01466,miura,1466,1,24,12,0.0006376251865408,0.0010221718628609,0.0021731220156699,3885881247.27777,1063083534.26531,1071.67437094966,435.497586446763,633.306402592939,19799.9912085028,31572.0877113092,123961.302292812
miura_01467,miura,1467,1,36,9,0.000811188512331,0.0034250047608129,0.0031167310243994,4477307925.69239,4667593673.83388,176460.587671913,53837.744687386,21480.206758012,57212.2111864746,92746.9953481467,479573.396759016
miura_01468,miura,1468,1,30,12,0.0009394500204078,0.0031380521067642,0.003406847687512,1969962749.2637,2349871186.85532,38672.5019205397,11925.6473204554,6635.22931491532,30297.8883190632,49862.8683580442,290372.66706384
miura_01469,miura,1469,1,30,12,0.0008598330509244,0.0023235516415334,0.0015712633943358,3031862315.41432,2662162968.86283,38306.2967711792,11597.7741662145,5991.29984612159,72442.8077951799,113642.037955628,478708.14111801
miura_01471,miura,1471,1,30,6,0.0009654023949557,0.0032214944927664,0.0026925623034903,3995241869.25252,1141383861.23295,57984.4378701535,21110.4150735339,8630.36355465956,68636.6741240617,100052.604482061,248472.504586852
miura_01472,miura,1472,1,36,12,0.0009641296283927,0.0011361158352116,0.0035902287148439,3267515791.09965,4485335389.42228,4505.30883327761,1677.64389126308,1987.81418797549,55721.4088505183,86070.7262655002,328540.233076812
miura_01473,miura,1473,1,24,9,0.0008834829286124,0.0045903134929763,0.0013556038231564,1741329912.53104,2857035573.75979,369216.803023578,104199.073930582,32617.7374366465,47144.5662507155,84537.8212183932,605045.456407239
miura_01474,miura,1474,1,36,12,0.0006255241088853,0.004574441358855,0.0036485660223924,3853975365.99831,4091608534.86816,199991.004800617,55695.7930666391,20478.4620370567,22977.8088623208,42170.8432842477,397035.697435363
miura_01476,miura,1476,1,30,6,0.0005328171590979,0.0011750251341887,0.0015541626276426,3159601074.04189,4833197048.56629,30589.4035024591,10575.8008419721,7166.66786269807,17893.3578229942,28379.645159807,128082.742137328
miura_01478,miura,1478,1,24,9,0.0006000823927535,0.0015836021316102,0.0028600656949186,4896667767.91793,4941554738.80178,18686.3927596697,6752.54630245724,6832.87423793718,18452.4612940341,30807.0467926638,193379.419560298
miura_01479,miura,1479,1,24,12,0.0005327421825514,0.0047135038337791,0.0013639611411027,4797518489.26046,1232014208.15886,124521.569891786,32393.5458851419,10282.4503001046,28098.377362636,48771.7994368396,334143.030385532
miura_01480,miura,1480,1,36,12,0.0009362475915806,0.0038190801753232,0.0025731591556796,2834334002.49349,3927093882.04589,158905.327742799,44316.1283348004,16391.9970812087,68653.1517661543,111745.535745394,602618.546544702
miura_01482,miura,1482,1,36,12,0.0007489512795825,0.0010646061718231,0.0027647789883043,2795276897.85004,3125132253.30801,3281.52669734703,1202.00491832427,1343.84914296015,29608.9330046184,46009.834483137,187671.319783028
miura_01483,miura,1483,1,30,9,0.0007353823277529,0.0031356472395798,0.0035495560017739,2194041610.9086,1249465852.3506,30759.2574421294,9619.1564425142,4951.87449890206,15148.8004347618,24649.8995386785,131028.915680315
miura_01484,miura,1484,1,30,9,0.0006285784005394,0.0011150426322972,0.0019045698120232,4289995279.93761,1649605931.76188,4071.4441177556,1435.04009444828,1345.49970404024,29716.820592016,45317.2743610579,143517.006679376
miura_01485,miura,1485,1,24,12,0.0005694306432292,0.0035017698752542,0.0032154896780135,1409195646.44127,4169203823.69114,87010.6981359122,27142.9195681829,15748.7948428814,6005.99274970458,12324.4641681904,222992.172980104
miura_01487,miura,1487,1,36,12,0.0006232340994099,0.0019835783115505,0.0033995854125636,4839839002.63076,1643706986.29305,8311.47404049604,2714.09662693051,1929.55479262551,24723.704676043,38617.3799493088,167990.473123605
miura_01489,miura,1489,1,24,12,0.0007795885836359,0.0020440911843477,0.0015424175774223,1825395926.47613,2543418141.01079,22737.4874144201,7385.38617247667,5003.01400287821,27794.1242360245,46235.6671636139,273723.88913812
miura_01490,miura,1490,1,36,12,0.0005390031792238,0.0028236692023313,0.0031918410776156,2900564927.41862,2267466171.86516,32917.6569599825,9970.76907929102,5108.88859637692,11473.5219700273,19417.5460434737,137083.226272222
miura_01491,miura,1491,1,30,6,0.0005986346335294,0.0023279289168537,0.0017056380377836,2673046291.28011,3526336662.67675,114609.446570573,41052.3197315112,17722.4366211697,20723.536072073,34670.6202102409,190898.246976347
miura_01493,miura,1493,1,24,9,0.000638138954028,0.003303536314241,0.0010345187647553,3800802758.98739,2635216052.20392,185155.620410614,53720.48104634,19280.7256733982,47465.601287696,79724.7205494359,454003.463582808
miura_01494,miura,1494,1,24,12,0.0005305533282375,0.0023559295819728,0.0036690467321087,1623298138.70224,4662288920.26448,27571.6652969511,9614.53703097912,8468.78629683241,4298.4028772576,7999.97942121467,118263.588569393
miura_01495,miura,1495,1,24,9,0.0009406361212983,0.0021519477193159,0.0037394408672108,1006209348.49609,4042954498.62717,28411.0371148965,9894.21710202669,8642.16582542633,11905.3612962452,20428.1313903685,157323.43182681
miura_01498,miura,1498,1,30,9,0.0008116295407231,0.0055710626391628,0.0025207338603885,2228959978.83571,4493382270.48591,614295.567646521,176909.31055337,52949.1531341039,36325.6075589506,74532.7494333615,744517.007660895
miura_01500,miura,1500,1,36,9,0.0006580659985388,0.0041662268808591,0.0031713501771793,4697902198.25688,1440832104.14208,87511.869309976,26352.1181440557,9228.50617915927,30821.6842916594,49113.0286310748,226421.666960501
miura_01501,miura,1501,1,30,9,0.0009276223064526,0.0021730255510382,0.0024739993680453,1234640263.53103,3235872895.13391,39745.2039469733,12756.4638651401,7645.33800786997,24523.0705168562,39867.571727474,214168.131617625
miura_01502,miura,1502,1,30,12,0.000775402349817,0.0018957973439866,0.0038485401576231,1746344788.29223,4574728206.36712,15777.4910700135,5511.71874551643,5050.47476702895,14008.9846405379,23578.1088980867,168585.78170923
miura_01503,miura,1503,1,30,12,0.0006400530451048,0.0052488331042858,0.0036800758412585,2846130555.80033,4414757740.90953,283559.828948596,78743.6962436872,29460.5699743128,17628.2043832396,36019.2611369174,492217.023010015
miura_01504,miura,1504,1,36,9,0.000731413917017,0.0027724876893184,0.003719417982492,4875942340.1682,3390015406.37276,63720.3253266678,19973.5317243333,9970.89330356004,37467.4856681368,59530.2513961979,284256.130323522
miura_01505,miura,1505,1,36,9,0.0007268523717442,0.0052893660874107,0.0034072971607413,1436048942.67624,4615358799.58354,463679.957300134,137943.058012128,42411.093407884,17504.3999800609,40819.6546788922,510224.912552624
miura_01506,miura,1506,1,30,9,0.0006008983870445,0.0056481552392231,0.003895255995705,3473872304.52863,4494409470.9012,472688.480965275,138823.732705569,47510.0568088208,18068.5373182336,41508.5284564649,566287.674095734
miura_01507,miura,1507,1,36,12,0.0007666413043269,0.0022815925085086,0.0039107180317799,3628450215.45321,3675389796.39316,24162.1483737032,7780.69136419383,5211.82463289463,31334.5948886225,50458.6822521104,270303.875401933
miura_01508,miura,1508,1,36,12,0.000799471138647,0.0045647348616376,0.0038805455911185,1104687494.01222,1667884818.76654,76967.8642860931,21588.2036286588,8140.83585266966,12314.6739845262,21789.2263643079,177559.881245121
miura_01509,miura,1509,1,30,12,0.0007453346228021,0.0020587654673619,0.0023048771825431,4307440204.56341,4931645008.00672,35064.7372914391,11347.6670129092,7697.99425944733,47989.3010884156,78102.7136990159,428310.345376458
miura_01511,miura,1511,1,30,6,0.0005844330889347,0.0029232328088853,0.0034362112637031,4837775983.3416,3557098912.13188,123568.438562666,43574.4814748887,20362.4599355602,17985.0062667256,30962.5532366559,197084.516176221
miura_01512,miura,1512,1,30,6,0.0008899141419867,0.0037381149616995,0.0023560179421902,4095577934.88023,2220713679.73589,164109.966594658,62112.4594949666,22377.538632255,68213.9382573375,105114.975802661,363704.224091444
miura_01514,miura,1514,1,24,9,0.000574616639759,0.0011405354822367,0.0022371553149688,4837799038.25781,2717237386.12856,5202.34842495553,1971.92595699054,2374.29120134169,18785.7409404201,30360.4200697384,145107.65214439
miura_01516,miura,1516,1,30,12,0.0009664155772478,0.0052172083881183,0.0029835643005966,3376578571.79875,4098280516.81246,309355.40225793,83896.3055669345,29143.2572737821,68437.1005092074,117968.434932984,821409.178981527
miura_01517,miura,1517,1,36,12,0.0008160422548317,0.0045621928215705,0.0023725508929786,2790083607.67051,2213475698.06843,152414.478247868,40462.5804722489,12781.6867293124,48824.0749313231,80088.2166655203,436336.296786556
miura_01519,miura,1519,1,30,12,0.0007176184339504,0.0034164562473188,0.0038979288271849,4724644728.93525,3900068510.49789,72025.1100220522,22127.8029957657,12121.6746812926,29839.2867497731,50682.9859764644,360481.759542767
miura_01521,miura,1521,1,36,12,0.0005073611658995,0.0015759654619687,0.0010247578527068,3626410665.2095,1417061643.21537,11312.251574202,3435.88861197526,1783.2168930612,32240.7089450187,48974.7840978464,174042.79729018
miura_01522,miura,1522,1,30,6,0.0007439443209786,0.0017598706945843,0.0029757862768284,3952508907.63713,3391146890.32809,36762.9374209509,12692.2544370144,8107.37978125723,30587.7764675,47576.8544829288,183663.773589722
miura_01523,miura,1523,1,30,6,0.0008085167284626,0.0032479129614881,0.0013553703692064,4520665387.62728,2287486126.51436,165881.972867597,64590.8778653488,21758.9933372116,94951.2256362819,142118.471738096,413146.079793832
miura_01524,miura,1524,1,24,12,0.0008752531438787,0.0049626032906802,0.003398738442866,1177511769.72226,2175136670.00481,115679.252087837,33454.3596623109,14644.1750280905,14180.0883669363,26508.8205383891,291605.145319659
miura_01525,miura,1525,1,30,6,0.0005292298221176,0.0059917153480983,0.0010870247206548,2116704795.12894,3675674093.29713,719466.158533323,318982.542120535,83246.9296591985,23337.4218666497,66473.4795393023,683237.833636512
miura_01529,miura,1529,1,30,9,0.0007577816108256,0.0054371756247478,0.0036028505345854,1503798430.26665,1055814673.89557,107218.767423186,31489.9421472588,10765.8180761456,12455.65510257,22480.6124152265,171520.139903474
miura_01532,miura,1532,1,30,9,0.0005442275338603,0.0042622595978861,0.00120996418249,3652372795.19643,4823467971.94899,569294.310402736,162523.77731557,45836.4154603782,36204.9191856171,73249.8828082844,680779.265860357
miura_01534,miura,1534,1,36,12,0.0007983406511879,0.0055392675967519,0.0020522372990491,1176338194.95268,4672553885.25813,575792.530073214,143026.245539319,38037.1189575118,29483.7400611995,62852.7003620152,726398.309532559
miura_01536,miura,1536,1,24,12,0.0006635534575413,0.0027551970497049,0.0026239514146919,1364250046.05274,1892848942.19936,24081.8716843778,7761.25800208111,5103.43509673714,8436.24301881778,14784.231695774,128335.830725395
miura_01537,miura,1537,1,30,12,0.000662329269236,0.0032471386524801,0.0032897856199091,1580134273.35822,1719967894.45386,32119.3681674992,9796.94211374599,5210.52974439896,9595.95000179276,16595.4656840214,131319.50834827
miura_01539,miura,1539,1,36,9,0.000647968790534,0.0026217535054604,0.0030944975943328,2062898824.27556,3060920817.68268,57604.6099416103,17996.2155623079,8750.17835198852,14246.5248598791,23968.6819594916,155461.262429068
miura_01540,miura,1540,1,30,9,0.0005062841484751,0.0029102252710086,0.0022996104388558,1141572356.61475,2180428266.91853,63147.0078607259,19403.5062424285,8939.30610862745,5044.46450159929,9741.54631169527,108636.211862144
miura_01541,miura,1541,1,36,9,0.0005860371269523,0.0051183848095388,0.0030655072763294,3014353689.58733,1191867346.53009,118954.918345463,35368.1327185945,10746.2494860024,15686.2815080348,27478.333158958,179446.727214654
miura_01542,miura,1542,1,24,9,0.0008361515347507,0.0052588663670588,0.0024119712799126,1538246325.28887,4055649239.2367,481065.031931385,138735.668711884,48334.1873361528,24924.867546467,52760.6106072271,641546.828294366
miura_01543,miura,1543,1,24,9,0.0005056905693591,0.0025526814997154,0.0010214603468998,3671772769.70909,3134777423.87892,113531.215053318,34194.6329110362,14909.3305959369,24264.4673049393,41934.5166728592,289573.777495223
miura_01544,miura,1544,1,30,6,0.0005282696313792,0.0032526311366918,0.0036732510330747,2376736121.39946,4556138179.43053,194100.45837827,68999.2902857289,30669.7102456017,8051.07387763989,17799.8348092196,210971.136543211
miura_01545,miura,1545,1,30,6,0.0008610846086027,0.0019228311948554,0.0020456509578309,1401125051.48588,1791051087.21974,32720.1445929563,11385.0010326079,5955.04153926167,24128.5493919614,37139.313088107,131184.150710488
miura_01546,miura,1546,1,30,9,0.0007089221599837,0.0014561639331546,0.0011400699543932,3613510522.92306,1373202241.63025,11442.520030625,3674.72081973693,2210.15239532463,58902.5734359127,86134.7206110588,219461.781803268
miura_01549,miura,1549,1,24,12,0.0007739325212877,0.0059588808973747,0.0020546695176648,4520492595.20207,1813435700.49541,242977.320593183,62671.3410403994,19470.0350282669,53818.2086995553,93416.3038439973,636161.884498806
miura_01550,miura,1550,1,36,9,0.0006502875495411,0.0032170661571965,0.0012705567494518,4994772266.51154,2447392999.52869,149753.157362888,44610.1613158499,13772.5301247289,75746.8911685816,116220.614648189,425421.923748571
miura_01551,miura,1551,1,30,9,0.0006219204953505,0.0042076336970314,0.0016728449956948,4567889710.13272,2344335629.80838,219971.950125671,63816.8276097366,20038.967778429,41646.3061693318,70368.9598164405,405246.956221492
miura_01553,miura,1553,1,24,12,0.0009892337621295,0.0052047699928978,0.0024298794021249,2185221434.66046,1687222318.8261,137463.406724025,37664.6094322746,13825.44440105,45024.3219252568,76767.7714486183,497421.277727575
miura_01556,miura,1556,1,36,9,0.0009609791072217,0.0044369962723272,0.0022434977979271,2691276689.98184,1013133850.71686,89705.1318620765,26682.2694270173,8070.07532344164,72138.359785342,106946.045386602,319427.713100057
miura_01557,miura,1557,1,30,6,0.0008442011825991,0.0020231471897,0.0012601559313629,2266279838.84314,4480596252.19749,128511.281139467,46132.5173396818,19823.4756108551,60679.2089287721,94076.6361105544,345303.422783548
miura_01558,miura,1558,1,30,6,0.0005241194509001,0.0036164999183,0.0033372325494985,4927279695.09056,3425626942.79177,196300.224267763,71415.2962400935,28847.0223570457,14795.1996014792,28278.4570460267,232067.616559046
miura_01560,miura,1560,1,24,12,0.0005234651182111,0.0020572975103096,0.0011358155877024,2296863360.33844,3037056048.51937,36549.4283142686,11434.2658983161,6708.75355575649,15524.7225262915,26822.105452553,204895.926827787
miura_01561,miura,1561,1,36,9,0.0009187709062475,0.0041260164735139,0.001997133418454,2680380283.43527,1686734268.46234,136157.117388352,40517.5384468043,12342.6296663742,72568.7323941521,110783.480754429,393188.51143221
miura_01562,miura,1562,1,36,12,0.0009172794336361,0.0024497134313778,0.0025928145549083,1383076144.50482,2052504288.3095,24218.8241823514,7389.88092392514,3910.65473213135,30213.1738176738,47833.9082980494,226820.364650263
miura_01563,miura,1563,1,30,6,0.000715118481912,0.0048964249058851,0.0035359703908862,2781522803.00351,3946277338.08845,405970.13410621,155448.022100353,53854.1026261789,21177.489761721,45041.9793371871,415737.732682342
miura_01564,miura,1564,1,24,12,0.0007541252221715,0.0018822183004134,0.0025986894168121,1253731122.33863,1720217246.0923,7450.45309007789,2632.28690229683,2428.1478399839,10509.4021845151,17699.9777441312,116715.530630977
miura_01565,miura,1565,1,30,9,0.0007381932946741,0.0021993839900849,0.0025076158262842,3758902615.57791,4887163944.52974,61330.9921787496,19669.1785718142,11736.9453872657,37148.9220110611,60429.7570937853,325795.60286518
miura_01566,miura,1566,1,24,9,0.0009019429385699,0.0020295212956174,0.0022244129263462,4640247857.44616,1824787927.96875,18206.4698046204,6083.60551951517,4439.5125564648,65896.4405883372,102299.906075933,355397.842358274
miura_01567,miura,1567,1,30,9,0.000681926637672,0.0032127001877636,0.003366606057587,1071084687.28321,1214124365.66861,33287.2045561928,10345.4980230447,5120.83739468878,6775.61759789817,11712.8437399799,85755.3546076373
miura_01568,miura,1568,1,30,9,0.000645599334497,0.0042998560366331,0.0015074806330344,1389873946.66301,3377500347.57342,355471.60704261,102387.730399345,30681.6943959337,19489.6741934198,40763.1276165995,423908.647815203
miura_01569,miura,1569,1,30,12,0.0005652302775415,0.0034703041763517,0.0023500018716074,2045100612.34006,4285351395.76679,130724.355119939,37905.6929933657,16518.0843315379,12543.9379428269,23916.9967173762,286616.468546124
miura_01570,miura,1570,1,30,9,0.0007691115069949,0.0024408200522221,0.0024576970137019,1759937947.0331,2625863960.67093,44740.2424492793,14119.0443249991,7674.11938929912,20341.4027182755,33391.4324323968,188316.703686181
miura_01572,miura,1572,1,36,9,0.0006621349449849,0.0025101183563483,0.0017997553401426,3271885676.55909,3244975009.69083,85100.0951569888,26038.5555533739,10661.3767447017,38452.6159220702,61029.6831413945,282699.974420641
miura_01574,miura,1574,1,36,12,0.0006553921411819,0.0022531616106798,0.002553696350616,2512427852.6494,2873140928.64811,27038.4364144423,8372.37309574749,4723.1735449464,21103.0565369596,34364.4028585418,195059.240744009
miura_01575,miura,1575,1,24,12,0.0009741875301908,0.0032507632193973,0.001805041095704,2373139336.08861,1724639511.51248,49972.9428410217,14829.3573390802,7133.68208194762,58237.3534382011,94601.3191186266,468111.227575778
miura_01577,miura,1577,1,30,12,0.0009059165637432,0.001566405676996,0.0013139357587541,2806222949.54402,1069117977.4501,6268.58339170497,2023.48652366795,1350.32940916639,83112.0508507765,119449.676522108,284831.405741299
miura_01578,miura,1578,1,36,12,0.0008960618789336,0.0034454875051478,0.0038940621755702,3767974307.74851,1548573909.25553,33059.8167437122,9821.42620077138,4639.47193567764,49929.4010170949,77514.6553725973,321012.263821981
miura_01579,miura,1579,1,24,12,0.0006696001467714,0.0030735432127603,0.0010316133229257,3048105259.42677,4769682931.52442,193448.031688895,54356.0705500997,21591.9719243743,47865.1238750578,83663.9852160641,632639.101359493
miura_01580,miura,1580,1,30,9,0.0009548034679243,0.0030590267452421,0.0037591775367339,3192189915.68262,3143707360.88011,68890.2694154803,21695.5493055634,11656.7417891956,44733.5811047539,71918.656427659,356641.229912445
miura_01581,miura,1581,1,24,9,0.0005993221369283,0.0020939926044956,0.001252111712154,4437640778.82172,1372837200.43183,24648.2460048356,7779.9092979769,4333.41787370938,34466.1838823062,54429.6014005685,220390.455183956
miura_01583,miura,1583,1,36,12,0.0009830614647263,0.0037975013548436,0.0035830496955824,2010585754.15774,1239744381.91105,37260.6842522989,10768.8562628419,4550.29905466867,38674.1062318626,60542.3810336246,263560.61673912
miura_01584,miura,1584,1,24,9,0.0006563497705222,0.005450099436377,0.0013668254205864,1346327478.50582,3686482453.08369,703488.856095815,193957.437022095,54531.6064993352,21832.4762321689,55097.6406662562,757467.082656296
miura_01585,miura,1585,1,24,9,0.000665526928219,0.0043139724171426,0.0024889513074313,3028795498.41837,3682842648.33011,256310.133341458,76291.4403194948,31257.5486360938,21672.5536450124,41622.9326834956,432202.890539777
miura_01586,miura,1586,1,30,9,0.0009928555252208,0.0033131750110803,0.0026693507886793,1151721256.38785,3027568101.56506,109827.928748547,33508.1314779316,14765.3011334754,27218.3525850979,45894.2660139137,288661.85130597
miura_01587,miura,1587,1,24,9,0.0006945098437373,0.0044615012199371,0.0019280981723257,1396922287.26889,3461661334.6935,321631.594381576,93468.682390454,33847.9239276783,16465.2637678657,34940.3260551834,438436.61465922
miura_01588,miura,1588,1,30,6,0.000659946924714,0.0025842713070185,0.001882140620176,1328961240.29572,1806458346.75751,69776.1066058566,25199.5875918913,10508.5671290428,12477.3671680895,20866.5187746817,113327.418272845
miura_01589,miura,1589,1,30,6,0.000712167156986,0.0043765450664569,0.0012889907707746,4552457718.30228,2093221303.85785,254690.736984434,106010.033881323,31093.7584742033,72133.8941764117,113190.082881405,413285.784168993
miura_01591,miura,1591,1,24,9,0.0007187080775031,0.0044760062537006,0.0024731758075341,1726268835.58043,2163899882.89813,166784.708584932,49344.8997267349,19592.2239083792,15287.9100611213,28973.5767967222,282774.369401364
miura_01593,miura,1593,1,24,9,0.0006771419887165,0.0017020429657774,0.0039273718096574,4273231080.47331,4311482089.86306,14948.377400325,5508.15190748012,5998.30961718985,16815.5187464922,28048.4085944134,175476.473818403
miura_01594,miura,1594,1,36,12,0.0006368425070386,0.0048071452752182,0.0026139393098561,3852137988.38954,2403781094.10926,175353.62159413,46505.1756961215,14640.1490549169,30913.0944797004,53546.7936854691,372645.436977539
miura_01595,miura,1595,1,24,12,0.0007218952765955,0.0042008824593798,0.0027310855178305,4251576255.09172,3815436126.67121,155069.511723788,45471.1010720572,20917.2547060388,32931.2006873749,58650.9735535609,514126.524487042
miura_01596,miura,1596,1,36,12,0.0007187574224488,0.0017196723453584,0.0029648864443343,4680212057.2194,4950096511.62821,18793.6501625985,6231.4519210241,4730.01168515053,42958.5742819411,68175.1422127708,332824.661785653
miura_01597,miura,1597,1,24,12,0.0008695567925646,0.0046004083517496,0.0035307203277156,3697177698.29327,2795870293.64676,116356.37528453,34427.4055097512,16366.9240377074,36980.1398137605,64216.4330462262,487700.500783337
miura_01598,miura,1598,1,36,12,0.0009740011893887,0.0053248884386492,0.0035992104981757,2307267224.34269,4012596536.43845,296120.063728903,79597.8328883624,26080.8522104426,48809.401196124,85362.213406134,627897.701466057
miura_01599,miura,1599,1,36,12,0.0007996371072604,0.0041659026303411,0.0034743723166764,1075827449.14235,3557978454.39992,140850.939999423,39806.8656923778,15423.3815910444,14513.2655255739,27082.7672541033,279264.300825252
miura_01602,miura,1602,1,24,9,0.0006598329591248,0.0031066627626362,0.0017675948057736,2910885562.50686,3392787967.15885,131037.499161807,39947.2841450301,18554.3052337151,25262.9680179185,44209.8737707653,331175.136081048
miura_01603,miura,1603,1,24,9,0.0006199993067217,0.0017143579574353,0.0010555427433521,3387833939.3256,4604565567.61151,54575.7460455108,17575.8451771362,10809.7551993156,37079.5087898197,61020.1819732046,334072.437915728
miura_01604,miura,1604,1,36,12,0.0005870876253434,0.0049626279285647,0.0013565499651159,3719913989.46722,2003628551.35461,251324.859306671,60892.9932967711,15341.0195880737,43672.794127959,74696.6380599958,453414.112361346
miura_01605,miura,1605,1,30,9,0.0008704851792971,0.0018044146969779,0.0013348695637083,1287211194.79548,4760718974.18726,60435.6475849213,19059.7950948517,10326.2634540799,38584.6438473963,62129.8073876534,311390.639671842
miura_01606,miura,1606,1,30,9,0.0009468342526719,0.0024422729305336,0.0032765784614243,1970759924.33648,2276335081.45291,30238.6194455613,9736.49050900428,5944.90657660399,30347.631223684,48252.3741160134,223988.909151825
miura_01607,miura,1607,1,30,12,0.0007723059623919,0.0052152987305454,0.0021338983187157,2866194352.18096,3298438557.65229,325797.467269213,84637.9873909408,26037.614584102,43527.8963931797,78457.8859417787,633045.186825118
miura_01609,miura,1609,1,30,12,0.0008462389094672,0.0033402976789386,0.0021427134796942,1905174889.64144,3464825985.55226,103346.047371096,29917.8863397816,12968.7411809465,35490.524651607,60093.1025315768,401863.610105175
miura_01610,miura,1610,1,24,12,0.0009849627123264,0.0022873414596153,0.0035570221535345,1240895289.48377,2544589120.39329,14353.2790656471,5022.88537543821,4480.24587663495,17080.6569795353,28879.3403739796,196303.73622045
miura_01611,miura,1611,1,36,12,0.0005438729587161,0.0034258699889532,0.0024010884690601,1942349739.71478,2949627967.1071,94267.943995311,26703.1321419218,10434.8324341087,11563.2316916993,21110.613498027,200178.107621544
miura_01612,miura,1612,1,24,9,0.0005175594205695,0.0051621293128899,0.0027669494571203,1901655325.0426,3763629867.0498,383131.141237828,111916.525767273,41608.1396064568,9744.91322822322,25862.4037882608,472833.990855268
miura_01613,miura,1613,1,36,12,0.0005586040630579,0.0038698070353481,0.0028391627627749,1738334764.74251,2997437002.87481,115460.789289499,32443.5682902101,12309.9069705453,10100.1247721862,19295.9316568077,213900.017773997
miura_01615,miura,1615,1,36,9,0.0007968164681071,0.0019655521720928,0.002184917469255,2367452178.31321,3831514688.92755,44746.0475481956,14141.3052859414,7497.29357530899,39193.0381101455,61294.3299417132,265798.228822877
miura_01617,miura,1617,1,30,12,0.0008509763976327,0.0032498532701887,0.0033752904743204,3282587174.32176,4971056494.33581,90953.7290056731,27813.4854379621,14949.684019398,39631.2342914204,67054.1329677659,463804.686956008
miura_01618,miura,1618,1,30,9,0.0007666900870085,0.0034004771664521,0.003523661649146,2087824606.53487,1454148010.18216,44862.5057138802,13877.6341514826,6678.15461220562,16722.8188734722,27541.8710508967,155559.309238555
miura_01620,miura,1620,1,30,6,0.0009681717753889,0.0035031486255043,0.001349302007878,1668126085.06924,3615856876.96672,300538.83824749,118847.786188202,38435.8475762159,65554.8438435982,106184.957899683,460330.226024087
miura_01621,miura,1621,1,24,12,0.0006109666165117,0.0025755824692614,0.0022145395896115,4662331479.93388,1117941376.36646,13884.6881565062,4456.49463242022,2884.54545479316,23155.2889428337,37907.1626593846,199855.501840244
miura_01623,miura,1623,1,30,12,0.0008347072207472,0.0049024391568745,0.0024261400257866,3065484004.35935,4198661177.46817,318636.122741055,85527.0118272074,28801.3617524694,51076.0153985588,90608.6320432736,711837.954150856
miura_01624,miura,1624,1,36,12,0.0007612546650206,0.0018506340568887,0.0022438486205081,1391547331.14706,3849496152.21557,23283.8248010975,7397.30949235893,4671.46829281832,20891.5430781996,34066.7233424341,196858.413874864
miura_01625,miura,1625,1,36,9,0.0008222957416458,0.005555568758422,0.0035017153602978,1286291247.14537,3857089658.21245,425113.504140366,126258.465294423,37997.5056198019,20095.5393518223,43760.629365164,481490.257215798
miura_01626,miura,1626,1,36,12,0.0005509285490757,0.0033181257454802,0.0021544779882669,3606950763.33941,1963189233.36347,63191.9106371139,17818.7332074195,6853.41723395846,21781.0653501306,36136.8583254516,216773.256331091
miura_01627,miura,1627,1,36,9,0.000551250737034,0.0017606005478432,0.0024070892249792,4933184260.33994,4474839343.18598,35309.7214642427,11372.7498979677,6844.32788928463,25247.1704144452,40307.474531397,201558.101055585
miura_01630,miura,1630,1,24,9,0.0007321386134287,0.0015654477851391,0.0015623931298627,4938217870.33761,1380464514.7071,9276.68043240906,3151.41800489073,2465.54920422354,51589.0481598881,79030.4371840706,245101.512206342
miura_01631,miura,1631,1,30,9,0.0007520664831414,0.0043657725009167,0.0030680696498204,3843758944.08003,3901707754.52385,258846.125039565,77140.1038221692,29110.6493675656,36086.842056156,63832.9566290393,472804.658172676
miura_01633,miura,1633,1,30,6,0.0006428527661907,0.0043580085916149,0.0025467640890323,2549971167.21494,3550599169.87854,338891.553117452,131051.578643292,44329.541563681,19110.8186428915,39868.2198328685,349910.362344369
miura_01634,miura,1634,1,30,9,0.0009810603976809,0.0033680404037788,0.0026578422728711,3581983714.54487,3323821324.60064,127010.438837821,38655.6485035455,16769.4924481607,75634.7965483745,120006.274127508,536702.491114036
miura_01635,miura,1635,1,30,6,0.0007395034126471,0.0029973114800975,0.0020540799651053,3751796487.40943,2526459823.25351,127852.082782925,47003.2974102469,18428.3990008671,42341.1876856614,66740.3434612696,267161.084407634
miura_01638,miura,1638,1,30,9,0.0005278691782503,0.0024745619891783,0.0026978051447148,4400246704.60807,4440684015.05959,72108.0469610456,22871.291189891,12786.7489366906,16179.2243907404,27918.4051828189,210233.355195963
miura_01640,miura,1640,1,36,9,0.000640138771594,0.0059684055081438,0.0025944677994217,1290124083.42753,3257931111.09587,492117.22215654,144851.928759021,38552.5682046819,14974.7516942372,39067.9557639789,497143.131287225
miura_01641,miura,1641,1,36,12,0.000814364727544,0.0030298987048493,0.002519935321887,3606641373.00839,2746086431.22209,60279.604292947,17596.6464069632,7734.02676964961,56644.4735678798,89469.8380246745,413317.081101995
miura_01642,miura,1642,1,36,12,0.0009164413768853,0.0028178711072158,0.0013769810129845,2296442707.2771,1269621707.71836,38768.6174223321,10792.2383509162,3979.60582503058,87727.9177756809,129217.492658345,378302.642595522
miura_01643,miura,1643,1,24,12,0.0006037562037883,0.0034648872719198,0.0018658066158783,3334720908.33598,2634011993.05367,87984.1157474258,25813.5367392246,11898.2633928583,21695.89896742,38238.4572880815,315255.702345509
miura_01644,miura,1644,1,36,9,0.0005697410841605,0.0049088745662648,0.0026785612480959,2147073934.98103,1072549834.54974,105867.056528132,31436.6507431715,9406.16997600777,11979.4199066912,21482.8743583193,150034.214352688
miura_01645,miura,1645,1,30,9,0.000608865200544,0.0020631317783354,0.0012347712203963,2150063888.26515,3042563213.32062,59422.8788239928,18323.7373763817,8645.62136232095,24339.7426496272,39777.6032004779,214493.932829668
miura_01646,miura,1646,1,30,12,0.000970500295752,0.0016953967690743,0.0037596583103695,2485419709.75,3963370598.82625,10307.3876305923,3687.57707301488,3687.57136349114,36627.0140238925,59018.3403211201,303754.045088903
miura_01647,miura,1647,1,24,12,0.0005207403888894,0.0033791108804822,0.0029040189258722,4941930931.97982,1548703517.98772,32170.3026764067,10001.3375564633,5728.34864471667,12903.0314446741,22332.9413393446,171954.769448218
miura_01648,miura,1648,1,24,9,0.0008625927981097,0.0037676965884459,0.0029930178250948,1839657591.651,1850169896.51896,76871.8396362271,23693.1568648771,11656.5715483495,20409.3606599848,34940.4857217591,236480.443313074
miura_01649,miura,1649,1,36,12,0.000932818435136,0.0016448118915833,0.0035737995494775,3348199197.63688,2500207655.98567,7172.89056740594,2448.91365210651,2091.67872297355,52407.9750407355,80199.5425524149,293736.019610205
miura_01650,miura,1650,1,30,9,0.0006898443666694,0.0010866222298407,0.001082091627051,2127857838.9217,3442390377.30223,12938.7347609197,4340.8003765507,3277.83934487268,36443.4669992537,56502.4006096018,214871.84868273
miura_01651,miura,1651,1,30,12,0.0007525505044083,0.0020973288363868,0.0015803953867136,2558839111.91595,4719281454.90988,50151.6540956694,15527.497958123,8782.15554566215,43359.2785546338,71103.8951245474,405328.736924882
miura_01652,miura,1652,1,30,6,0.0007534929114601,0.0042037028837559,0.0015072533619678,1056354485.99636,1656721395.90178,180479.355509651,73231.6581110751,22387.3248316576,18945.9427792338,34326.7259875137,209676.877773002
miura_01653,miura,1653,1,30,9,0.0005962354513325,0.0034857021326116,0.0026015515043361,2390145037.09205,3537891716.73502,149426.498168411,45255.9814175259,19009.2174360455,14337.6636071266,26794.7374229275,255417.77895048
miura_01654,miura,1654,1,36,9,0.0007719703500615,0.0031824580519798,0.002888976262993,3349211867.84536,3948420778.00116,131186.148171333,40137.5006078716,16432.8126762918,40125.1402283769,65480.4555616864,351953.494561174
miura_01655,miura,1655,1,36,12,0.0006509578080511,0.0013558816130864,0.0010731240435633,3215266878.66564,2570276096.16647,12913.8973581466,4055.62177304533,2433.03224815358,56920.1275126101,85953.3181594209,291034.696846439
miura_01656,miura,1656,1,36,9,0.0009650911119204,0.0041024794546766,0.0022521505358309,3720852971.54204,4754931217.15946,350643.326088337,104650.338154193,33142.9152809136,108313.229503579,172939.310837242,788240.132443544
miura_01657,miura,1657,1,30,12,0.0008683793080842,0.0019341876089593,0.0026008918951766,2307750034.23811,4676467945.80659,24813.3948697639,8249.71060222697,6240.56616237387,36284.8715860082,59330.290777671,337656.910575211
miura_01658,miura,1658,1,30,9,0.0007062595024336,0.002245758833721,0.0037789187265759,2770432958.63738,1865998279.3976,17163.5107499312,5663.35060377846,3938.64358067564,15695.5351632597,25310.7877870797,130322.95630232
miura_01659,miura,1659,1,24,9,0.0005596004815442,0.0035364755670249,0.0035036622297038,3848260452.53657,3751109868.67987,113497.486888145,35825.1708988118,19880.2393823949,11775.8839460914,22158.1012176347,249901.435243006
miura_01660,miura,1660,1,36,12,0.0008339720108297,0.0035396867949674,0.0037997057761697,3964276239.05193,1373081361.8632,32286.3283626652,9518.2225607875,4355.4426346184,43557.0903507707,67793.8718312562,285298.942818969
miura_01662,miura,1662,1,30,6,0.0009224307082502,0.0030439784837912,0.0014110598733939,1050441327.33975,2255639184.26016,142278.119061055,54380.9882245551,19038.5788675397,34111.329662504,54891.3346362959,237269.349837249
miura_01663,miura,1663,1,36,12,0.0005332184555243,0.0052968235324171,0.0017937528663765,2506467461.77391,3809385581.12257,462684.910964289,114261.049990017,29990.2330572792,21929.1538589191,47792.454420051,569945.230527024
miura_01665,miura,1665,1,30,9,0.0008188692002155,0.0054683055188265,0.0016179341863869,4471552884.43911,1029431868.44545,176148.215122599,49911.9378991328,13338.9207096921,86718.505395556,132609.690028887,451967.614188109
miura_01666,miura,1666,1,30,12,0.0007048959888308,0.0023938290600114,0.0024336178904114,2419802943.17205,2570345180.2366,26683.5881015846,8409.34829261007,5116.41629577603,22135.1526790342,36556.3105354261,219324.92090201
miura_01667,miura,1667,1,30,6,0.0008683893988916,0.004500542606991,0.0020366466263068,3877270863.74748,2174647964.5166,239984.848342257,95837.9696067262,30423.2652245796,70711.6759367267,111012.892263798,414608.111577558
miura_01668,miura,1668,1,36,12,0.0008641573678483,0.0042347237366648,0.002927504414532,2835464627.38202,1972905138.70413,94481.9932829836,26129.1511882252,9391.23105100991,46824.3419707848,75334.7392687597,379801.553338102
miura_01671,miura,1671,1,36,12,0.0006943889935066,0.0031183142655989,0.0012756103827473,2173908561.03036,2264415855.7085,95436.8434209238,25755.0614603113,8549.67010588391,42690.1727864402,68639.1580262717,340738.244159703
miura_01673,miura,1673,1,24,9,0.000549450267134,0.001598094901166,0.0016275084673239,1965667593.62512,2280486710.29111,14882.3401837348,5057.77602937052,3984.71318413736,10031.1496192952,16779.4713376954,104813.288879289
miura_01674,miura,1674,1,36,12,0.0007795001918508,0.0013046931600976,0.0013407866567851,3352568585.24801,3476141343.03034,12814.1230106233,4144.78049680785,2824.50108726307,80651.9361014564,121372.133891842,397160.244155992
miura_01675,miura,1675,1,24,12,0.0005087100442228,0.0018264099137266,0.0017469276003555,3047216818.68603,2432495164.19727,13956.5704725869,4728.5466274454,3751.47713347314,11936.7598838121,20307.3561818025,143617.788822126
miura_01676,miura,1676,1,24,12,0.0008358113267562,0.0026463295128119,0.002724002501599,2790195937.97818,2529191152.34934,27839.5441322257,9099.12112942072,6311.72033417715,30010.1062410157,50248.1299006384,312103.211713032
miura_01677,miura,1677,1,24,9,0.0007639832438446,0.0041906286900052,0.0017954773548806,2086325561.59686,1500441775.67274,126043.451343196,36771.3598531124,13575.9261293462,26463.1784708833,45320.5934376535,285659.159391178
miura_01679,miura,1679,1,24,12,0.0009215200237696,0.0013172733839103,0.0038283550786765,4384736165.9511,3092528503.3652,3633.85234675915,1480.77099080254,2206.97854632896,40693.8906637101,66080.1916460239,314041.002845132
miura_01680,miura,1680,1,30,6,0.0005354456967467,0.0051000021122909,0.0021406211240174,1663944593.42535,3372923751.38617,450679.037579135,183211.683971007,55577.648146028,11380.0607435313,33799.0322025706,410882.622427492
miura_01681,miura,1681,1,24,9,0.0008558153274871,0.004811861513083,0.0039489583489341,1280130429.39849,2908983087.24933,184361.127281544,55911.7067975753,25252.2741581333,13098.997910928,25978.8088536612,315289.51776977
miura_01682,miura,1682,1,36,9,0.0006293366159384,0.0043620646733335,0.0035469408291499,2285586406.49051,4539779653.43032,283269.365304965,85314.2013874532,30098.6798586843,15638.7574182326,32324.9342719509,360811.241800749
miura_01684,miura,1684,1,30,9,0.0009987839177856,0.0019790204147329,0.0038604456141083,2926137761.42428,4995557967.39328,31597.3273735083,10670.7944777141,8326.08868102414,44977.4435838288,71768.7107628331,344589.029761111
miura_01685,miura,1685,1,36,12,0.0009412349747169,0.0016761281442508,0.0030836647425971,2996585615.46371,4441011881.93864,15206.6661256512,5089.8047540915,4016.01472034634,57826.3207942305,90199.4110996451,387934.192715918
miura_01686,miura,1686,1,24,12,0.000665264389115,0.0040668663345357,0.0036164556657441,2349133412.99524,4427719773.00902,126980.959015166,38780.5506272751,20746.9425067614,12628.519352655,24365.0326232457,340062.306202685
miura_01687,miura,1687,1,24,9,0.0007046755786411,0.0031513977876523,0.0014018109433374,4054290800.79271,2061952588.23275,101052.775458877,30187.2999003172,12611.3407944115,48270.7172407883,78561.6056672731,386162.269614055
miura_01689,miura,1689,1,30,9,0.0009772778404326,0.0011153512254084,0.0029636538596056,2186417647.14804,1017065141.62314,1777.2632013526,660.389770026145,745.029596649036,32630.1402939687,48676.5124196594,123087.706134994
miura_01690,miura,1690,1,36,9,0.0005485112857174,0.0025530922605922,0.0012490239040612,2731615946.07091,4996423474.9098,179271.189296762,54052.1537743005,19240.4407734347,28549.0877071214,49131.8128239036,321279.910926036
miura_01691,miura,1691,1,30,6,0.0006144583594831,0.0050257231176114,0.0031457330831456,1324883831.05002,4273462086.12128,484913.364934805,188836.263241829,62735.3346089074,10647.8292589219,32556.456587234,439277.05515112
miura_01694,miura,1694,1,36,12,0.0006135388777902,0.005797307565674,0.0038510902155823,2921124009.50233,2066341140.10178,179902.368817037,47779.1846427503,15098.1412135545,15928.6483844267,30213.8059346491,293938.816432468
miura_01695,miura,1695,1,30,6,0.0007429573970471,0.0031601030594282,0.003586896112148,2361227445.1955,2411382718.22068,97701.4020241103,34687.0393028275,15623.5479386496,16831.594312977,28368.1944807761,163496.18251507
miura_01696,miura,1696,1,36,9,0.0006556486094796,0.0027107854365211,0.0011147821185594,3617454584.15322,2665704351.18897,119951.549745515,35929.3251366755,11844.133258625,64266.2675858648,98875.6724312174,370711.971514137
miura_01697,miura,1697,1,24,12,0.0008088569431773,0.0013856431833792,0.0034792560169656,2324344087.02847,3576897293.47525,5012.72257705641,1988.64173986421,2712.31463262473,17517.6640721915,29263.1923481074,182434.723649126
miura_01698,miura,1698,1,24,9,0.0008542132308409,0.003074074279381,0.0039483005079192,2336417989.10857,3317103302.70875,61078.0873299596,19949.5165009422,13112.5825279053,19447.9842516887,33437.8658729377,246957.791889249
miura_01699,miura,1699,1,36,12,0.0007430987001479,0.0010060348421378,0.0035285313570303,2888538094.35554,3193424457.34655,2282.35942018499,873.452813562325,1139.7855393207,23542.2840255053,36856.9857196801,158343.9066055
miura_01702,miura,1702,1,30,9,0.0008201731783993,0.0021958354502264,0.0027620542617785,1544517309.74367,2001871091.73763,22974.3511725571,7422.0103251083,4613.64039328228,18672.8852850122,30025.8236797575,150646.873019635
miura_01703,miura,1703,1,30,9,0.0007014389882754,0.0040486047786768,0.0014561926414533,4469069202.16462,1893492218.93036,178459.627458122,51639.4681690109,15906.8203601117,63105.1072175565,100492.841201121,436695.886864547
miura_01704,miura,1704,1,30,6,0.0005275586241792,0.0020801084013015,0.0014564052905555,2045185710.31579,1424625888.05094,39668.7161589534,14148.3357718617,6249.06713759101,12088.1152554236,19324.3090827589,85965.2077416941
miura_01705,miura,1705,1,36,9,0.0006550133965123,0.0012069635833897,0.0024518365870453,2089313614.68493,2336157676.74911,6309.72446056783,2150.76790513059,1774.37530712472,16689.7615192603,25832.7385021068,104268.94312035
miura_01706,miura,1706,1,36,12,0.0008532550554267,0.0018702606632469,0.0034806146791707,1717016382.88976,2715639411.5797,11276.9517168721,3736.20621065948,2826.79067376261,22635.6755496606,36106.4825893941,182507.218694522
miura_01707,miura,1707,1,30,6,0.000610934050908,0.0024019874494436,0.0012355829462716,4476740807.9269,3423737352.25704,143899.752336746,53215.2371348802,20470.0349976515,47291.4072509433,74489.1743226088,295777.355604712
miura_01708,miura,1708,1,30,12,0.0005713897101713,0.0030442497184431,0.0038878533867016,3692931803.80537,4216816739.8574,56086.6483772824,17652.2993559579,10679.4914216304,12818.6987056124,22668.7116855059,216031.486690166
miura_01710,miura,1710,1,30,9,0.0005849805310807,0.0050040552926351,0.002705509207526,4142658580.23666,2613434749.45641,265732.414456589,77573.1067784866,25458.6023924559,22148.6139542787,42147.9976384366,371468.461828474
miura_01711,miura,1711,1,36,12,0.0007099538152096,0.0021296269981833,0.0036622967955885,2831608494.71663,4214398471.7894,24110.696602864,7820.44327207492,5405.90953002402,21351.0851968415,35046.7135533346,212852.11713065
miura_01712,miura,1712,1,30,12,0.000860320669484,0.0049311224949514,0.0032807220806138,1587520295.90702,3299432140.1357,197466.926455379,54905.6111279528,20634.1112928661,22992.3183933054,42510.9354804179,417428.993317415
miura_01714,miura,1714,1,30,12,0.0005826219390244,0.0011916146481523,0.0012030012064917,3716171723.34628,4930058871.95409,13491.0832338953,4586.30690559981,3785.15076066382,36944.7362255564,59299.8289775493,296404.365333371
miura_01715,miura,1715,1,30,6,0.0005712320344901,0.0034088672421734,0.0034196986092704,3056236877.81679,1418306470.64973,70372.2201334741,25328.2005717012,10701.4982233595,10486.7593157615,17928.5854596945,106820.198725687
miura_01716,miura,1716,1,24,12,0.0006760132649708,0.0023153341484922,0.0034088900994277,1399608458.90059,3944647731.117,23804.6117727769,8261.05602951129,7152.11225426666,7410.55325502464,13151.5319293902,137527.98088919
miura_01717,miura,1717,1,24,12,0.0009844159022806,0.0050741613639982,0.0034260961009313,4265789998.06115,4005712197.77257,225300.065735952,64873.7114494024,27988.9670072279,63793.6788011822,110987.50315064,834565.740921772
miura_01718,miura,1718,1,30,6,0.0009465253737346,0.0041639009730382,0.0036023820308471,2134767059.23741,4467784361.31346,330532.034392365,122454.860855239,46577.6945288602,32931.1208022132,59701.0326119439,411554.712632919
miura_01720,miura,1720,1,36,9,0.0008411318271867,0.0035136996452829,0.002884145250982,1595075413.33634,2667323809.84503,113973.410779409,34603.3052430194,13191.0979926479,25311.2589231835,42232.9980681773,247992.404469461
miura_01721,miura,1721,1,36,9,0.0007787825881837,0.0025998883491519,0.0014278792191362,1108761368.5534,1830304758.27479,62535.8847269482,18921.6764338578,6961.42310994427,26539.071812506,41903.0616786359,185447.120977338
miura_01723,miura,1723,1,30,12,0.0007761687519128,0.0035852741995018,0.0013531258970734,2698812872.84096,1330963159.36436,71609.2846396472,19326.2235966702,6629.55925454544,55897.8031982625,88202.2492199059,379696.289112629
miura_01724,miura,1724,1,36,12,0.0006743097213175,0.0035953655830396,0.0015463438880412,1568141436.88435,2066081521.9811,107925.36731368,28813.1247205696,9250.83389343016,24596.0690401746,41597.3970550806,262494.364292207
miura_01725,miura,1725,1,30,12,0.0007656284708739,0.0030099445193305,0.0018747804436202,4144298578.86659,3637154910.63221,91640.7007209794,26748.7274576374,11966.1102551412,61870.2865045071,100895.323638289,544430.150861329
miura_01726,miura,1726,1,30,9,0.0008653067415957,0.0058710043993501,0.0025377478290686,4195004522.7103,3357582534.00299,514835.156510011,147656.132675767,42903.5395608153,69907.4940540254,122636.764984745,788119.108856609
miura_01727,miura,1727,1,36,9,0.0008053656066192,0.0044607119367143,0.0036156255584639,4250306868.79241,1461973985.98975,95559.6530414198,28773.2397223174,10058.577435505,43910.1148074752,68637.4883494792,284671.059772951
miura_01728,miura,1728,1,36,12,0.0006677082475909,0.0025411405168192,0.0015503860034666,4117730408.28297,2928795098.90066,60670.436164204,17473.8121925151,7283.62053481026,57587.0245204248,90458.703403531,402149.51460768
miura_01729,miura,1729,1,30,6,0.0009668765148476,0.0025476923176512,0.0035355884577502,1792768313.76645,1532711611.02252,37516.1705599448,13060.1614055338,6793.24403005677,25459.4069546736,39322.6643269402,142608.507732252
miura_01730,miura,1730,1,24,12,0.0007231438996522,0.0053154806420352,0.0010267850851348,1769156740.11053,3144033660.62316,534458.323174686,128398.389075577,34073.5672018315,40076.935229907,79459.386751258,808333.292222582
miura_01731,miura,1731,1,24,9,0.0008849931511368,0.0021633480593161,0.0024452550849995,1229836382.85442,3034720611.46054,32151.1459458389,10717.9303762284,7751.11282173613,17591.8787228507,29556.137343355,189101.289462434
miura_01732,miura,1732,1,30,6,0.0009154631749495,0.0025931929013399,0.0024803851145955,2360297455.87556,3388706852.18244,110836.546397361,39303.095840219,17890.475092609,42038.8529347214,66343.1925329569,275115.924928945
miura_01733,miura,1733,1,30,9,0.0009054390895037,0.0015385500740001,0.0013207503028855,1990636551.07691,1775767451.05015,15005.3520985375,4833.43754389851,2956.81618870692,59872.2415725262,89285.7099413101,255705.247620409
miura_01734,miura,1734,1,36,12,0.0008766413013031,0.0058528989132909,0.0029522513479296,4098688535.16076,1321210601.32088,144179.570025941,37004.1524843185,10662.1370092243,68550.9811637794,108197.901129618,475064.296003707
miura_01735,miura,1735,1,36,12,0.0005431157802961,0.0030586832855033,0.001661177922858,1617037811.36817,3543743679.28765,114063.800238365,31828.6998718868,11784.1610798759,13762.5146659031,25116.2748938692,231765.829886184
miura_01737,miura,1737,1,24,9,0.0009391674108751,0.0035530681920053,0.0031061155082035,1751513252.10265,2381090852.23895,81548.5993580687,25448.5761612173,13350.8720466286,24082.4111482975,41085.9089470491,276419.301385491
miura_01738,miura,1738,1,24,12,0.0006827487122533,0.004933897912092,0.0017187267703816,2691246071.8712,4436695226.84831,418365.298142145,110961.856045215,37036.7174974777,32065.8509131017,63456.132063472,745151.666665125
miura_01739,miura,1739,1,30,9,0.0005697447137833,0.0026258766014956,0.0014096715690048,4039139699.77636,4947265939.73668,163784.598836606,49465.045460684,20396.6768020264,34468.0216905645,58680.0781528758,380129.244335221
miura_01740,miura,1740,1,24,12,0.0005284165494305,0.0055271425687983,0.003543693024407,1490223241.47738,1072190009.98769,74065.1101462888,20965.6476325279,8525.45189327355,4485.86276345894,9342.13408766734,142468.108112298
miura_01741,miura,1741,1,30,6,0.0009958186610454,0.0047259670308028,0.001549572163972,4539608384.17905,1269608193.86847,165538.484926141,68795.7233075061,20468.1088341304,149153.766472881,211233.840562361,470580.064274143
miura_01742,miura,1742,1,24,9,0.0005802306527765,0.0053366875514517,0.0037589095970089,2531175865.56638,2428934688.78949,211173.856666789,62799.9618857228,25605.9953607393,9639.04556695566,21050.3036739862,303928.997056269
miura_01743,miura,1743,1,24,9,0.0009455955676584,0.0025423867054895,0.0031699185941747,3044358200.39023,2573189030.5185,34226.2326572361,11336.0565258947,7964.78329717247,38358.8387977544,62322.9837761944,313625.296914049
miura_01744,miura,1744,1,24,9,0.0005333041144468,0.00111387055018,0.0014792861246714,4357322734.65043,4829631283.8432,12434.511717699,4515.74900159054,4654.23123389622,21344.5037241406,34993.6115129188,190109.578887115
miura_01745,miura,1745,1,30,12,0.0007648580761356,0.0016947915660513,0.0023848048631648,1563351183.3483,3492453469.92482,13727.9449405038,4656.30270908744,3811.27201351978,18578.3091675512,30621.2257495352,184968.61803939
miura_01746,miura,1746,1,30,6,0.0007809692621863,0.0021697167136582,0.0020140900895842,4653566528.84735,1325932052.36743,33060.5186294893,11637.081779886,5578.00878068644,55505.4816373014,80904.3317565157,197617.364598686
miura_01747,miura,1747,1,30,9,0.000512100101293,0.0047713193765745,0.0038451382237755,1727922803.65338,1264661835.21182,88188.7316289499,26351.8261133595,10128.2264950228,5000.77098795557,10306.1902257662,122962.681305363
miura_01748,miura,1748,1,30,9,0.0007849173050867,0.0030776900254925,0.0033475126289256,3297294116.00483,4930463255.51484,120940.618867314,37780.3716442745,19305.0980168143,31188.0560604256,52946.0622218308,357109.216445787
miura_01749,miura,1749,1,30,12,0.0007615934067633,0.0052150962654981,0.0035425410008679,3297077963.77547,3511514568.5177,229058.095487632,63425.9996258276,23515.0317332125,29972.927896078,54620.4186837448,501816.8698118
miura_01750,miura,1750,1,30,6,0.0006264769873768,0.001659141022512,0.0034957414286814,2361210427.40846,2035240466.2069,16419.8606511524,5689.75427401026,4035.8232768305,9718.45742704631,15455.3550051003,71395.08147737
miura_01752,miura,1752,1,24,9,0.0006999606163202,0.0016998416677629,0.0010608355033038,3179749303.28234,3247078613.25845,37684.5199325663,12155.0591346835,7536.66339853247,47407.94743597,75921.377451795,341891.218042564
miura_01753,miura,1753,1,36,9,0.0006012045253364,0.0034853455811183,0.0023982556369302,2173011429.92639,4176378124.13105,199945.80803798,60337.9505829033,21705.106702996,17207.209866634,32411.5012286638,289213.17066761
miura_01754,miura,1754,1,36,12,0.0006863981223289,0.0046062219738455,0.0035332953517212,1829088734.18132,1761529058.42016,90117.8897294084,24973.6555115986,9029.49294979613,14118.3691764332,24976.4773911497,200125.117819709
miura_01756,miura,1756,1,30,12,0.0006243991605024,0.0013833126850496,0.0015821592816247,1119013739.31246,2214466740.94861,7141.25695485388,2421.05349041759,1977.401529971,10825.6372423866,17766.1901790798,103979.576851764
miura_01757,miura,1757,1,30,12,0.0009625422293116,0.0039587257848599,0.0032615427043742,1779082728.88795,1463609951.12427,48242.2353288759,14089.9933319431,6317.86864419339,30504.9979584537,49936.2847378652,275708.774715075
miura_01758,miura,1758,1,30,12,0.0008639083380994,0.0019767691952494,0.0011734165193623,4019525120.51911,2222190796.54604,26865.5597676002,8158.7256646057,4269.1997086795,123310.741973507,184572.883348305,562136.984905679
miura_01760,miura,1760,1,30,12,0.0008145225137686,0.0055171548167471,0.0035518035182396,2513237874.71728,4859743963.82112,367916.301818978,100532.072432735,35713.9664996314,30360.2855675622,58832.9057105478,665124.971960722
miura_01761,miura,1761,1,24,9,0.0008305032619496,0.0010930404312085,0.001669038120675,4039856367.89566,4824139163.36741,10923.289799934,4043.63501855578,4455.82222688814,60241.184965791,95529.5201830287,379621.206901065
miura_01762,miura,1762,1,24,9,0.0009702739275732,0.0012645579139163,0.0013245950420049,2942772180.93849,4547877894.2446,19194.4613045511,6700.05719406682,5885.11777810686,87403.2854897984,136873.764356849,499385.612668435
miura_01763,miura,1763,1,24,12,0.0006874559447016,0.0020027095818434,0.0038558929817672,2017594567.00753,3871421603.02097,13768.2120626943,5035.27957565162,5235.05669419395,9327.05012259831,16129.2444616317,137868.733515986
miura_01764,miura,1764,1,24,9,0.0006534178682111,0.0052568555362458,0.0039562418517776,2492429897.35268,1822216558.92502,146090.200966597,43710.7326560687,18399.4669409884,10994.6666537038,21554.6940736474,242257.696020194
miura_01765,miura,1765,1,36,9,0.0006352843387232,0.0040300569148244,0.0017382800632528,2536579862.47657,4655408524.82462,385629.320030357,114397.494900872,33844.9069247774,31793.8547274479,60410.0430915731,492747.945533427
miura_01766,miura,1766,1,36,9,0.0005165144143259,0.0019038954467508,0.0029167014646746,4764033559.50007,4428513998.21058,36505.7255923378,11788.1480265892,7203.04596040704,17132.0258348825,28027.4755750889,162509.955591791
miura_01767,miura,1767,1,36,9,0.0008405590836518,0.0010493697142511,0.0018418550082127,1191687650.54744,3229661496.65693,7664.67258147864,2611.1006599717,2147.19787919983,26267.0984445847,40278.1038391875,149576.834624685
miura_01769,miura,1769,1,30,6,0.0005656686534008,0.0018502869681205,0.0035822210785667,3439355972.9145,4909339941.26984,51850.0967924875,17902.1223137713,11779.436759833,11136.6615741595,18797.8167860104,121969.053567096
miura_01770,miura,1770,1,24,12,0.000595088048186,0.0053117602913434,0.0025817283933529,4205746285.06209,4923129450.86061,401683.991714191,110307.792693632,40716.2946313589,24230.8923735756,50277.4876887464,719036.223207262
miura_01772,miura,1772,1,36,12,0.0009108282889078,0.0031174315303008,0.0026911810981235,1552225387.11342,3289782146.42519,73549.8225117065,21489.3544192405,9472.14641941563,33635.9016227741,55360.1233438474,325419.248902537
miura_01773,miura,1773,1,24,12,0.0006659462681959,0.0040540807635344,0.0032758586061316,2237276140.39156,3261683174.18662,101551.029041067,30680.6525526338,15755.070780465,12612.9385425449,23664.4879088395,285746.825736846
miura_01774,miura,1774,1,24,9,0.0009781114525555,0.0031093203934598,0.003608507038036,2791183814.01975,2927439604.48758,60688.342886615,19613.0367205785,12267.1317523937,35618.4270556627,59101.6086902177,342556.712962247
miura_01776,miura,1776,1,24,12,0.0005723304589451,0.0044461612028957,0.0025461923523986,4061302827.01538,2206085999.86237,111817.369537086,32067.8382371847,13636.290970307,17411.0745899713,31725.5335940378,305166.186049175
miura_01777,miura,1777,1,30,9,0.0006547317508547,0.004908176325277,0.0039093025436876,1734068074.96407,4033926415.29872,298339.561565705,88949.8381342438,33692.7737255102,11809.9035377189,26720.8497854171,383157.894409869
miura_01778,miura,1778,1,24,9,0.0008817863322956,0.0034707690243284,0.0014153401551068,3620564627.04159,2939853003.22631,184079.39685871,54247.7606785986,21102.2958454764,83313.9139289051,135218.39378269,647679.449283356
miura_01779,miura,1779,1,24,9,0.0006271109299768,0.0057394490909398,0.0010372770564806,2099262167.69067,2846861666.61209,711897.900790262,191467.448477028,48380.0166974879,32061.2622559062,72376.5857319434,775797.223212619
miura_01780,miura,1780,1,36,12,0.0009559667513812,0.0012555858055754,0.0034747863953091,3670959189.69401,3633290218.10583,5018.6085691003,1817.19130711455,1943.34832091071,62358.3995648321,95435.7631329576,339266.979638383
miura_01782,miura,1782,1,30,12,0.0006063167097307,0.0018632341956167,0.0010697671804488,3630438864.96361,4121090629.48602,44879.3998877179,13671.0776138279,7236.27274497375,46582.5913165383,75346.4411096664,391312.024333498
miura_01783,miura,1783,1,30,9,0.0008226215410998,0.002886279867635,0.0014219343958696,2258692834.41796,3355843650.25383,141234.899431804,42224.8803740731,16265.8787275579,53757.0751792114,86827.6884375601,424741.3770651
miura_01784,miura,1784,1,30,9,0.0006978748126163,0.0022952699656486,0.0030625350449004,2506351857.40512,2949504084.24471,34787.2646199415,11254.5274498689,7045.93192638526,17514.0639092974,28875.2270724662,170030.856358472
miura_01785,miura,1785,1,24,12,0.0005048664460115,0.0057858092013718,0.0039185487802441,3269529801.59851,4496471957.38543,322472.967246328,91366.5029857644,37281.442600209,10560.0060660579,25900.1024974137,552507.140517913
miura_01786,miura,1786,1,24,12,0.000665084371535,0.0051125692986631,0.0012737520944743,2007148639.01098,3116708138.83128,409594.942427718,102973.194758297,30068.2678815894,29453.6083653594,58848.3984086769,652510.379220763
miura_01787,miura,1787,1,36,9,0.0008849342651981,0.0014277360906441,0.002358960070033,2265661695.89253,4486025661.64897,20216.7963483701,6688.38964318758,4723.609646598,46045.750553122,70790.4183122332,271203.970108307
miura_01788,miura,1788,1,30,9,0.0009727848924499,0.005791164641499,0.0039486817679592,3829928336.8797,2508736337.61598,278567.933198125,81682.755055551,27591.0140614794,56709.0686217031,95544.9989664318,556895.79005801
miura_01789,miura,1789,1,36,12,0.0009389828766143,0.004686426254824,0.0017629324050675,1799431328.1026,3095596699.99683,284460.873065699,72347.2313180292,20357.6785340208,65564.1346265865,109609.428345859,632256.160577735
miura_01790,miura,1790,1,24,9,0.0009986061710116,0.0046065540083929,0.0018325036615703,2880123771.69027,3708918797.17899,389562.950044349,112269.934364498,38948.7103412314,79465.6295347689,135881.547517392,834895.300729279
miura_01791,miura,1791,1,30,12,0.0006398753258649,0.0049942565273496,0.0013508586488087,4217847424.25163,4933716738.55125,615730.356632698,151965.749846173,41371.897643693,59476.8451438973,111727.013179332,975144.363818583
miura_01792,miura,1792,1,36,12,0.0007574001487963,0.0018219430175225,0.0030149379150216,2708602609.9451,4962901386.59717,21801.4388312422,7155.93584233832,5205.16000135959,29425.8523682126,47582.2022618877,263009.732073129
miura_01793,miura,1793,1,24,9,0.0007935137841209,0.0029167978361865,0.0031301615157207,4009492910.49371,1965246580.27544,38831.6493767873,12530.9804272582,7784.785409466,30668.827055109,50151.3116317979,262998.089552855
miura_01794,miura,1794,1,30,6,0.0005713415281465,0.0032161713843928,0.0018025215941531,4668706914.67438,3697012559.78946,231122.525997352,87098.2400618326,31556.828554087,30256.6370114042,52461.1774845433,307836.952716995
miura_01796,miura,1796,1,36,9,0.0005600410291123,0.0011044765755282,0.0026769949254843,4506350320.0505,2130433866.28277,4164.00400496156,1453.61407782686,1339.04886077905,19951.8130957345,30525.7302487359,109619.242572873
miura_01797,miura,1797,1,30,9,0.0007048199336484,0.0033555011931873,0.0015950597275388,4893802152.92238,4262325510.85856,239972.527614045,71035.5147822064,25587.8186378581,66645.7666374614,109649.868302219,582712.972492564
miura_01798,miura,1798,1,36,9,0.0009523344712436,0.0059386723195051,0.002206449197555,2596452886.03856,3251226123.36467,526362.692296916,154660.274839979,39731.3914725632,77619.6053293537,133178.548425629,751194.978285445
miura_01800,miura,1800,1,30,9,0.0006189055480534,0.0046123645039232,0.002215416778424,2244092526.92116,1599382217.85654,153824.108543382,44826.3730940322,14530.9720700748,16525.0348867605,30122.2266318385,231542.307996218
miura_01801,miura,1801,1,36,9,0.0007022615785342,0.0010308140732759,0.0030597003389823,2063560030.22248,4020373257.86502,5627.5618780544,2015.7687866536,2083.60147527416,16552.7233059519,25944.5261134046,115658.49840664
miura_01802,miura,1802,1,24,12,0.0007297471604185,0.0029094416970967,0.0030251545482646,1738620389.79544,1348653592.53404,17607.6368481518,5697.23083452812,3803.38790257331,11638.4155619026,19837.3098126962,139746.779041642
miura_01803,miura,1803,1,30,6,0.0009343593466989,0.0023320761129962,0.0030562434349635,4960254877.63715,4205890328.44017,92141.5796493114,32044.9936018158,16853.1089421065,72606.1179571988,111486.089804129,385856.713144209
miura_01805,miura,1805,1,30,9,0.0006333134157361,0.0021621335363633,0.0026509544244919,1883015329.77705,3207052700.23241,36346.901172842,11740.9160385633,7281.01356905637,11834.3071403512,20009.24448879,137172.767761975
miura_01806,miura,1806,1,30,9,0.0008907330224637,0.0033674077748696,0.0010812698787213,1144479446.3222,4913209615.25914,366368.79335788,106321.682710753,33483.0921503172,49465.1119461447,87114.8443117553,588433.198917108
miura_01808,miura,1808,1,36,9,0.0005180479010777,0.0033101084715982,0.0023796512515604,3351589572.46452,2677373147.35636,113645.919052456,34411.0706112316,12790.8431161398,15865.8469302043,27820.4644745034,198578.149251036
miura_01810,miura,1810,1,30,12,0.0007042605962073,0.0047179847192907,0.0014954798674604,4765974263.96588,3085497426.57936,310721.925364867,79053.8975375896,23090.7731941805,72350.4872791598,122584.568631447,748315.890800694
miura_01811,miura,1811,1,24,12,0.0007843911648738,0.0059375412419956,0.0017881999283396,2109265461.62262,4777699521.07708,706908.209285788,178765.902091408,52910.682553375,39184.4562523549,82614.60790981,1059314.03401541
miura_01812,miura,1812,1,24,9,0.0008454932815206,0.0043525098652981,0.0020660492672317,2659084008.51044,4680250370.43854,387403.391385237,113563.020570385,42983.5956762076,43658.3988278197,80185.3472757106,684192.981282803
miura_01813,miura,1813,1,24,9,0.0009793161446305,0.0013505885869906,0.0013509885443618,3127299278.68169,4683224586.06388,23309.9581115853,8040.5912133364,6729.61159580617,94175.5807802163,147517.364853131,543263.101126224
miura_01814,miura,1814,1,30,9,0.0008436800337819,0.0053672914346587,0.0010266145144519,2127006070.80719,3536901058.71345,723312.508325419,201640.26130924,48532.3173025396,81027.4945853295,146475.321908176,933176.473946785
miura_01815,miura,1815,1,30,6,0.0009534028807373,0.0014099249204075,0.0012175336088603,1492276544.29026,2856226849.19371,35643.3287485181,12369.4063198865,6706.8792007169,54814.3728154842,81789.8101279086,226850.104647542
miura_01817,miura,1817,1,36,9,0.0007722734553783,0.0024300781621611,0.0023001941174296,2442488859.09457,2194540521.4762,43499.5994345089,13489.0337113287,6193.24510663134,34652.577273616,53769.596292969,219181.908133703
miura_01818,miura,1818,1,30,6,0.0007854067664639,0.0042722146713149,0.0024236078508505,4399720604.03293,1853035528.33993,174223.753511897,67557.1512645382,22864.9351883918,50282.7960786479,79387.7004416991,309888.461444199
miura_01819,miura,1819,1,24,12,0.0009836209864108,0.0028168940287199,0.0029011382110232,3319537453.23155,3251006355.00249,40445.7272306998,13122.3012836586,8851.11588510312,53602.8448817258,88848.3046241168,512683.517738252
miura_01820,miura,1820,1,24,9,0.0007911546929367,0.0026643302365364,0.0023347611062162,3780876009.2195,2520484620.16339,50328.545133364,16083.0064787896,9524.19902121659,38320.8615726379,62550.1887320683,323003.573475351
miura_01821,miura,1821,1,36,12,0.0005268067757277,0.0051041370752098,0.0011069395374577,1741920374.95079,2060441974.79618,310767.765075103,72758.7502747087,17131.9415146223,20885.5165305796,42058.1977271484,390521.986630089
miura_01822,miura,1822,1,30,12,0.0007286136096385,0.0042588434292277,0.0035981402740805,1817169755.84063,4692417783.61163,173096.374293578,50283.2317737402,22060.3613585987,15791.6526538154,30328.6176311414,375287.06933802
miura_01823,miura,1823,1,24,9,0.0007164893347651,0.0053971478836539,0.0031305717851672,1129260193.82841,1815102920.92645,188165.831160109,55103.0265344288,20750.7911983325,9242.17879678697,19815.4733229786,260783.11827669
miura_01824,miura,1824,1,24,12,0.0009759306425862,0.0026621107766347,0.0017515924345729,2886413608.32694,1299712999.2889,22316.2423064895,6915.01314435134,3913.13530708923,69676.9842999044,109487.572685243,427910.553864134
miura_01826,miura,1826,1,30,6,0.0008118571279236,0.0032875098166001,0.0027065099339716,2484145135.12087,3304140005.04978,174077.009161392,63466.5644225673,25524.4748245253,30140.4944274524,50505.7175197372,273019.583388646
miura_01827,miura,1827,1,36,12,0.0008107734160361,0.0016648071174045,0.0019899605590033,3273364141.66861,4605139652.45735,23218.8297279524,7442.83600052543,4885.10068670438,62737.9971052632,97723.8729415357,416565.985194321
miura_01828,miura,1828,1,30,12,0.0009465048775704,0.0033979316722091,0.0018397210780761,4659971975.54501,1312151952.57128,47537.9338084578,13477.1799177901,5437.36014365113,121396.887281169,181887.350130101,563877.687735905
miura_01829,miura,1829,1,36,9,0.0007353716916917,0.0035978018386144,0.0030528073752647,4928429839.62203,3988586839.18108,173407.767584935,52668.201656843,20141.3447194723,48305.6178825277,78996.3691215831,422842.448180643
miura_01830,miura,1830,1,30,6,0.0008163523153695,0.0010451262979288,0.0012772180396055,1873694181.9495,2680906950.4523,14865.2039762878,5147.14636813346,3534.74631652054,39761.3792627366,59458.4494113488,161030.769562548
miura_01832,miura,1832,1,30,9,0.0008811629881868,0.0011498956712125,0.0021052394832562,3345279371.54608,4924649793.66163,11912.4616453731,4212.45893920721,4022.04407198907,60057.4989789659,92996.4816600195,340271.040068899
miura_01833,miura,1833,1,36,12,0.0007349618634169,0.0018004985203212,0.0030570103632759,3018050174.17664,3055701160.41394,12865.5659704292,4238.98350307664,3132.53364247068,28699.9013139323,45500.372435361,220404.076559714
miura_01834,miura,1834,1,24,9,0.0005754807841802,0.0040229994285723,0.0038820756171075,2530096207.7825,4520552128.70992,178288.602637231,55569.3793098927,28900.3800502986,9206.52807973087,19566.001299566,311586.185557961
miura_01835,miura,1835,1,30,9,0.0007573772536421,0.0046216413837833,0.0012957525626047,1347680890.05946,1309532665.14054,177125.23655981,50386.526558723,13848.2717612197,28646.718166921,48966.6515455107,280028.358167264
miura_01836,miura,1836,1,36,9,0.0005532719366,0.0021423922067173,0.0028261639953175,3070732171.37635,4464747464.67177,52407.4623990505,16653.4276611084,9151.68079663799,14518.1407093291,24413.5312806033,162320.560520997
miura_01837,miura,1837,1,24,9,0.0008191626352556,0.002761104350409,0.0023774491789405,4575562259.67329,4456644224.20737,96439.6021493193,30684.7915259651,17775.5116037464,51962.135464397,86139.0373657898,492651.618879689
miura_01838,miura,1838,1,30,6,0.0006707868212557,0.0022801116278373,0.0026185990812426,4931883954.75425,4872712271.01254,112753.935734851,39350.7586264041,19884.8842601891,33886.7204577968,54724.688989108,265107.181021954
miura_01839,miura,1839,1,30,12,0.0006297624630837,0.0012191569836201,0.0034169180154493,2279331317.80688,1111296168.6087,1261.36523077004,484.496304825198,617.184342728187,9818.66400032764,15671.9143877054,73811.3214780616
miura_01840,miura,1840,1,24,9,0.0009053502900609,0.0050683832755709,0.0028498838826981,3918947702.81656,3159148190.39056,300860.626364092,88300.3337181699,33627.4624843972,53451.1394089421,93179.4568704165,643736.50044498
miura_01841,miura,1841,1,30,12,0.0006185943366599,0.0034982865220847,0.0031398448168218,3335978481.09656,1652421380.50685,39792.2344502563,11887.4969953874,5816.38592442544,16522.8426510535,27877.2666595616,186369.834031585
miura_01842,miura,1842,1,30,12,0.0006764677228486,0.0033234140522183,0.0012226917066224,2079272186.87627,2822558941.41245,134643.048434412,36559.1812025254,12750.2800382689,34698.914962112,59075.3973893415,387472.155766113
miura_01843,miura,1843,1,24,9,0.0009202128256749,0.0017207206354012,0.0021278490538662,3537927166.94345,1491750928.5805,9857.88733026652,3390.35436547591,2795.45844549593,54292.4561576482,83754.3647034367,271553.536243901
miura_01844,miura,1844,1,24,12,0.0009656429935334,0.0032102355290145,0.0014045790707452,2447155115.87197,4251707052.77102,148370.990560684,42851.0963894243,18693.1434738477,79113.3965889869,132659.953689634,801007.016370851
miura_01845,miura,1845,1,36,9,0.0005913409637441,0.0028169738170379,0.0035381746978421,1908124402.09738,1051272011.56899,21474.8727521521,6704.74983612837,3245.41457476025,8392.68921683233,13644.2324935807,73907.1621397753
miura_01846,miura,1846,1,30,6,0.0005810133081848,0.0047827393177561,0.0025833885038075,4226270777.57206,2488363708.59161,279406.546599394,110042.993766085,35733.9575012284,21463.2292950549,41452.1194328325,304908.040693413
miura_01847,miura,1847,1,30,12,0.0006625106743184,0.0018283457121475,0.0013000229231239,4136431003.72992,1278448397.83382,11266.8775649467,3516.72250898094,2055.52051440915,52214.7445285562,79283.8976193067,263636.671174147
miura_01848,miura,1848,1,30,6,0.000544859894015,0.0014859677791372,0.0028193854438448,4945111602.03263,2617425188.3541,18867.5469328001,6539.97183929787,4650.13307015659,16063.4429878362,25153.4913189273,103097.291156361
miura_01849,miura,1849,1,24,12,0.0005891244063715,0.0059916886228673,0.0035203120370672,3902272699.06165,4034157748.02321,349777.980308335,96915.8966608238,36777.2638362545,17332.9466747835,37622.3831604103,610537.630693195
miura_01850,miura,1850,1,24,9,0.0007933828785517,0.004731147330751,0.0034308525183032,2318107559.44173,3695082722.73122,251970.177120564,75783.5077426133,32779.0039577157,20740.911741364,40059.996291318,436695.00924452
miura_01851,miura,1851,1,24,9,0.0005057549610839,0.0038809412139798,0.0035310809071663,4673781705.06435,4008496916.06616,155692.44924674,48430.7029508314,24942.1068388938,11285.5242288026,22372.7447249562,292669.356703325
miura_01854,miura,1854,1,36,9,0.000565176938692,0.00457464738591,0.0020922265805623,3435497228.47478,3141608961.04399,307337.817089395,91035.4206031494,26407.6979910371,25143.4207135397,47881.7425425966,388000.301041406
miura_01855,miura,1855,1,30,6,0.0005465681002744,0.0020448659800193,0.0030637161505769,2383422512.22889,4317334713.2688,67309.265922986,23246.3685628634,13387.0522066967,8568.41938378014,15144.5849786545,115962.605931769
miura_01856,miura,1856,1,24,12,0.0005278309695615,0.0038662678360263,0.0016976319701751,2691075295.45106,1918982321.39902,94525.3809995305,26689.9597632293,10767.2022253117,13633.021909454,24977.2101788756,241193.129409061
miura_01858,miura,1858,1,36,12,0.0006834541318102,0.0053736691081782,0.0017419171102307,4253295811.72087,2746370427.59224,351823.907450313,86257.7315638776,22286.4263008794,61528.5711498165,105314.044571022,648010.528899568
miura_01859,miura,1859,1,24,12,0.0006021192022143,0.0021049605201783,0.0035961987787873,1198001257.17267,2894171837.54772,12636.2946279196,4522.40002467202,4363.86979000878,4271.12785175005,7571.19812127199,80696.5837731078
miura_01860,miura,1860,1,24,9,0.0005173980055129,0.0057623405937872,0.0023213925122655,3770740330.14292,1154131025.01822,176420.603459171,50077.5664459874,16127.7407684372,13294.8233942884,25975.1337357505,246627.025802338
miura_01861,miura,1861,1,30,9,0.0007532134194076,0.0027213190770422,0.0013704574212029,1536207711.05597,4531553557.27109,168256.629910524,50529.8472969117,20071.4108376246,31435.7321030025,54000.1593086195,360386.748884668
miura_01862,miura,1862,1,24,12,0.0007646341531226,0.0026002750468207,0.0011278225147488,1699212433.21772,4156171413.83846,97815.2659536996,28941.4534459144,13760.0023255106,35639.3738281502,61393.864507422,443448.489931056
miura_01868,miura,1868,1,36,9,0.0009537832673216,0.0057181972147468,0.0036202737606411,1139438794.62244,1204494926.48409,138908.559658356,41250.6253994607,12330.4429790759,21200.3662712859,36359.3079473921,219245.951352997
miura_01869,miura,1869,1,24,12,0.0008084041614129,0.0058290405810321,0.0034405195093505,2849258959.71206,3988822984.85714,327318.925701485,91077.0707351384,35030.1459835453,28149.5853105499,54881.7213490734,667087.297828789
miura_01870,miura,1870,1,30,6,0.00096326803866,0.005249783036971,0.0020359636725476,3133484365.18455,1247509792.07898,177408.240044649,73192.4083687243,21887.4328316255,75283.4105670494,113949.09572361,349960.303025679
miura_01872,miura,1872,1,24,9,0.0008470434142005,0.0027887622182914,0.00149199446467,1676958635.61249,4760691134.79752,158729.5656416,48562.0792703035,22983.6520171089,35827.8367803794,61942.1537194026,438313.460072437
miura_01873,miura,1873,1,24,12,0.0005705806032016,0.0034736259230272,0.0032387972075538,3174475729.88362,1355985743.67491,27533.1283488839,8613.77508599402,5053.99532354578,9925.93699738928,17294.4643019576,140122.82403355
miura_01874,miura,1874,1,36,9,0.0005146841932201,0.0012213252730934,0.0010686747971544,2970453758.03238,3625035490.29019,21420.2300976625,6862.45109634323,3993.54871707732,26735.3803519244,41455.4275043778,169936.127430789
miura_01875,miura,1875,1,24,9,0.0006117238665858,0.0045557197660429,0.0015647496713986,2761059659.63103,3598032028.71966,411777.384197296,117513.706753556,38856.6731040813,25282.4706912946,51494.5373146023,553478.182693975
miura_01877,miura,1877,1,24,9,0.0006240804474088,0.0018481621566195,0.0031208650705556,3249173018.06146,1559013445.70596,8501.23262270117,2998.32376261148,2756.86734608653,12117.4387358867,19858.9526812808,107392.862019682
miura_01878,miura,1878,1,24,9,0.0006997275645809,0.0017525112863949,0.0021672975281681,2745255562.64435,2832093177.9278,18551.1412567853,6367.9505913872,5238.27136683065,20885.9277087272,34293.9694292211,187581.983368576
miura_01879,miura,1879,1,24,9,0.0005915275962765,0.0019267022414623,0.0027767149813907,3702559277.90338,1774622217.19462,12102.9936572155,4179.64155431465,3526.22116972717,13352.7696563414,21978.0309670474,122506.32654816
miura_01880,miura,1880,1,36,9,0.0005653799507027,0.0032848319359508,0.0029444549207855,1643910273.71517,2516939484.42543,89049.7301945348,27197.1001547736,10970.0522590813,8777.49772254064,16219.0549238898,144651.495292413
miura_01881,miura,1881,1,24,12,0.0009439108454218,0.0058158053343744,0.0011087713037119,2655798946.22008,1779009487.97522,356276.452214549,84236.0416493715,21718.346820468,100758.319077012,168676.916103542,914988.472678229
miura_01883,miura,1883,1,30,12,0.0008770281649903,0.0039039927131423,0.0036921445490441,3809676312.23736,1449413562.34156,41193.5371568408,12230.7145017468,5845.04483961516,42428.8295585865,68073.1376997012,333316.207034672
miura_01884,miura,1884,1,24,12,0.0007168231797865,0.0013968519069802,0.0035925928595915,2139643895.79748,1498836507.71384,2113.06240091136,840.185954250921,1153.44394638147,10599.4611286191,17536.157022877,100304.314321187
miura_01888,miura,1888,1,36,9,0.0006526407912753,0.0053031556357108,0.0018869240096406,3248000961.87365,2449895394.44016,342631.305070423,100763.657825689,26307.8479099839,37968.6557928328,68339.6078686655,448853.696632022
miura_01889,miura,1889,1,24,9,0.0009280809959484,0.0046802148974811,0.0031667113373151,4396881841.39307,3237914403.00152,230138.522577952,68886.535546638,29074.3500294464,56671.8810940367,96598.4956847789,616821.85101189
miura_01890,miura,1890,1,24,12,0.0005540572739887,0.0017832399329538,0.003070180297395,3779314747.93507,3757174584.0951,11876.6279113948,4345.81935423634,4526.76604787207,11148.4817197429,19096.8374811682,148170.723085222
miura_01891,miura,1891,1,30,12,0.0008762572387487,0.001847604452325,0.0033981619596425,4102944532.91424,3144821464.40625,11566.5873671113,4005.95126766146,3549.15644552431,48139.5533800308,76448.003006616,351795.996746679
miura_01894,miura,1894,1,24,9,0.0009535127818145,0.0033356004049512,0.0034196208312887,3199025839.60523,3835693032.19812,101370.476991429,32220.5207012738,18560.1118794566,40931.1677862384,68896.1366308363,434176.426977697
miura_01895,miura,1895,1,24,12,0.0006785592229421,0.0045741041801558,0.0022056463652366,3266601255.07364,2735858147.07744,170185.243939397,47604.2484496096,18626.2720821583,26565.4745052513,48218.9317421876,440423.996296698
miura_01896,miura,1896,1,36,12,0.0006633075526413,0.002887210745426,0.0024252923145997,3661202777.38884,3544222879.68198,70239.0667643654,20622.9818812473,9272.99590378666,33928.1536749046,55741.7087552337,325304.758141155
miura_01897,miura,1897,1,24,12,0.0006260890389822,0.0038610698848143,0.0013690353922293,4205762077.19753,4984040354.32901,294858.385177268,81025.0019605066,29980.2018690206,43303.0168192375,78870.4326159272,715984.467302168
miura_01898,miura,1898,1,30,9,0.0008183906350587,0.0057699999455844,0.0021198409713705,2091525783.62391,1267623849.80411,208260.795069004,59363.7033015453,16538.6726331297,34276.8575616664,58493.0334472573,334414.480449818
miura_01899,miura,1899,1,30,6,0.0009487384420265,0.0023251804699295,0.0035238862566928,1485202275.98019,1144531079.05315,22360.7757260816,7745.74099735172,4293.96055285984,19684.8281067835,30205.7606517011,104132.120372715
miura_01900,miura,1900,1,24,12,0.000636223084866,0.0014193142600852,0.003601702848076,3797048394.56827,2367785293.77644,3451.8179853063,1367.093846221,1853.95688666933,13350.4516525442,22235.1046013172,134931.012471325
miura_01901,miura,1901,1,36,12,0.0007433745591004,0.0049906955844975,0.0032164971228492,2690899808.457,4025732979.95599,274586.443057651,73951.7627789121,24368.5792023456,30179.7041750912,55472.9840368323,496909.336322053
miura_01902,miura,1902,1,36,12,0.0008231570771136,0.0027700354417612,0.0039010485002438,4485028757.39146,1744899821.00126,20144.9483823614,6243.57095768805,3536.80270516451,45714.5798751623,70820.896521665,289965.155566198
miura_01903,miura,1903,1,24,9,0.0008811720174933,0.005597383981559,0.0020387995408136,4420291052.11253,2047497120.65725,320740.382808565,90602.7760707507,28472.6744579844,73326.9916885206,123188.849072719,677152.772527016
miura_01904,miura,1904,1,30,6,0.0008891238677833,0.0038585757974951,0.0020849016629583,2559842240.05554,2223974611.17179,184597.310948194,71178.0866986381,24402.7986567638,49716.076208029,79042.5397419457,320501.067035732
miura_01905,miura,1905,1,36,9,0.000794051837183,0.0012130217937554,0.0018808739828293,3117507186.92762,3003976232.6337,10667.9119617318,3555.30702951044,2608.6080301541,54211.4637795957,80972.0535370366,241957.096267447
miura_01906,miura,1906,1,30,9,0.0007915888911033,0.0032697306600138,0.0012960534655522,2828454197.5453,2521766123.42821,155322.764645974,45619.3052150936,15563.7373206867,64407.6148282519,102312.460818121,446862.122980084
miura_01907,miura,1907,1,24,12,0.0007454456357189,0.0018465730972951,0.0037772537945258,1350390513.22466,2828998868.79691,8150.20271438311,3035.58370761789,3356.36523708728,7923.13139000754,13583.2937886379,107004.092533973
miura_01908,miura,1908,1,36,9,0.0007637022679476,0.0011429898770572,0.0025622362364836,2302198117.87106,1216931092.0803,2793.29618421136,965.872024399617,846.020693287007,25225.277123486,37467.2534405225,103563.682390244
miura_01909,miura,1909,1,24,9,0.0006825563788446,0.0015975473146438,0.0029008306722456,2423908796.92565,4719268968.53937,18003.6024697603,6503.79193444624,6573.70198298168,13574.7553794033,22881.4515634176,155353.712379838
miura_01910,miura,1910,1,36,9,0.0009812512874372,0.0032037642288001,0.0033535023868055,4026338387.97004,4646287576.94279,139932.087285364,43054.6469094266,18515.0135329846,81535.3024023597,127951.698881933,557671.18754456
miura_01911,miura,1911,1,24,9,0.0009529958271228,0.0039375839339485,0.0029287270828587,2286322632.24235,1661148266.14552,79524.9690324257,24292.8755775104,11414.0036025841,33125.261019805,54871.1854532876,304748.915257821
miura_01914,miura,1914,1,24,9,0.0006527450538659,0.0030436991389404,0.0032485836989988,4531741073.4455,3936177181.15217,84044.682911707,27030.0346450863,16485.631151172,20862.4579135707,36307.0592049101,284707.643573642
miura_01917,miura,1917,1,36,9,0.0009138056241066,0.0038874803412983,0.00155925125988,3451554481.63825,1741137453.61255,143238.071301459,42512.5901650108,12497.2550634039,114196.841022656,168753.436563211,494570.568420114
miura_01918,miura,1918,1,30,12,0.0007431209933614,0.0013680599395952,0.0039713543830495,3447106091.7187,3124950421.4962,4212.66253970979,1599.95126670871,1973.55751183073,21532.7561528391,34755.5056791005,180571.236527299
miura_01919,miura,1919,1,36,9,0.0006774379842022,0.0058440062560265,0.0031512650333347,4753729623.34276,3814136286.14053,498682.605651777,147466.862469641,41820.9659970076,39796.5230033715,76248.4553465156,618438.152301854
miura_01920,miura,1920,1,36,9,0.0009683714612378,0.0037930154596168,0.0014159487095725,2071379898.43441,4163388878.50642,341743.071063508,101263.497406044,29283.4966898202,96618.9443543022,154348.181212895,689122.632448316
miura_01921,miura,1921,1,36,12,0.0009580998110525,0.0042258082811415,0.002136742780192,3890773471.45218,1579262990.76958,97299.1999032383,25983.9020700686,8370.01118630848,112267.584724152,169522.613813483,578002.90061988
miura_01922,miura,1922,1,36,12,0.0007091376400106,0.0043414509562014,0.0027824124557654,1055686412.54231,2452695636.65612,130608.836740316,35713.4783434067,12345.8011496149,12353.6285663093,23251.0503533347,232111.698232995
miura_01923,miura,1923,1,24,9,0.0007999117901009,0.0012625374428797,0.0030136797492317,2140327288.67493,3644808020.85458,6995.10290721936,2679.98215926934,3356.28651842377,17263.2911080694,28291.1521337138,153063.492111193
miura_01924,miura,1924,1,30,12,0.0006835398975235,0.005077049850012,0.0012491508537376,2988658575.24738,2291804895.04274,314488.258871245,76391.7510360527,20118.7868689224,50987.6556790197,89068.8872377198,594176.298555166
miura_01925,miura,1925,1,30,6,0.0006976685682721,0.0034779273428428,0.0038546571898154,2029148292.76465,2959459916.4055,142500.411376281,50973.7217632926,22062.140060943,12274.166527753,22826.2761987558,181169.140274364
miura_01926,miura,1926,1,30,12,0.0008997590800478,0.0020794558663029,0.0029614246218649,4744286697.64137,3241106849.51949,19014.1634395444,6310.50016629205,4735.37613663592,68651.3671460127,108179.914454255,470278.180574269
miura_01927,miura,1927,1,24,9,0.0009858150840784,0.0034698254885569,0.001399551433868,2432615805.11994,3309301171.45898,208703.450437665,61457.4506433842,23811.3736396833,80257.161099727,131594.46374051,669038.243598558
miura_01928,miura,1928,1,30,9,0.0008047828245511,0.0051989326596788,0.002448242795676,4281752645.11306,2421215193.22855,288695.101267739,83590.8058054339,25895.9214983041,57381.4789711174,96360.96124182,538432.787026959
miura_01929,miura,1929,1,24,12,0.0006222946139935,0.0043683628213843,0.0012853765439909,4009071409.85815,1418919537.93484,123326.833051926,32508.0235406488,10685.4050623403,38496.0047233076,65307.5803873872,402455.850350738
miura_01930,miura,1930,1,36,9,0.0008033123455995,0.0057038535711344,0.0010754909517019,2361950191.57503,3018528025.69542,598911.56429187,174719.664873253,39507.2273813682,85852.6313614886,148219.062308797,795153.558706505
miura_01931,miura,1931,1,36,9,0.0006465079569846,0.0046471322660042,0.0036756788521456,3064859513.76133,3576630902.70241,253560.583170787,76150.3867398612,26053.6199719968,19883.997700032,38090.04761927,346298.246960357
miura_01932,miura,1932,1,30,9,0.000946293910126,0.0020656058188813,0.00286851106449,4725631046.25989,3827998548.19124,36179.4467791014,11827.7379593375,7841.47751152898,79123.3979280406,122531.02619057,464675.147679975
miura_01933,miura,1933,1,30,12,0.0008921396821285,0.0042184257156324,0.0012040581900072,2054158839.89333,4985808923.70252,446412.215641435,113682.746710485,33270.4190991276,81020.4070466145,140683.454634705,956329.338014365
miura_01934,miura,1934,1,30,6,0.000622021711152,0.0058583334748655,0.002647206990641,1049467520.9935,1137086865.39148,178047.542734234,72894.2587639628,21832.258153915,7325.77868719012,17535.7280878894,171167.931427267
miura_01936,miura,1936,1,30,6,0.0009224965401066,0.0011897324121817,0.0025162545224706,2850094418.42785,3642806899.29964,16030.6460488647,5623.97337683816,4540.6509058921,45007.8398265264,68426.1320397981,205314.715118861
miura_01937,miura,1937,1,30,12,0.0007762704891307,0.0028796316817471,0.0030866852692751,1088299585.71093,4782612468.49113,67229.6928775618,20892.260085255,11993.1613691094,12235.6878546674,21971.8350289128,225909.596181124
miura_01938,miura,1938,1,24,12,0.0006013813374643,0.0023632920417379,0.0016645304878933,4132526621.15037,1031419732.50601,13096.2723459342,4147.76004728234,2551.15170829041,25610.2495021022,41472.0783161609,201902.665211593
miura_01940,miura,1940,1,30,6,0.0005255131365899,0.0030984424199225,0.0027358719104364,4142598084.26685,1117404066.12095,51420.0385621576,18558.8024579888,7772.54123149331,13030.5351301722,21068.2004718563,98193.0937597301
miura_01941,miura,1941,1,30,12,0.0009627639334824,0.0038832252197325,0.0010034917399647,3729090655.30858,3623974539.48343,303134.496903256,77046.5729643904,22489.4176200377,197631.556338497,309732.078944243,1261072.20067893
miura_01942,miura,1942,1,36,9,0.0009641639103566,0.0012482919684191,0.0010097757699714,4469871499.47132,3276401534.10996,22636.5322868986,7190.98740751207,3975.53270607443,231866.987859549,307562.294024468,542278.5296029
miura_01944,miura,1944,1,36,12,0.0006316727191146,0.0029512870128344,0.0022281255047639,1302236255.81986,1477159054.00434,33518.8655878104,9716.02739021044,4148.64959244355,11612.4142605347,19420.3177377773,123767.257179432
miura_01946,miura,1946,1,30,12,0.0005661060876571,0.0040676710410077,0.0030562976518508,2604364194.98811,1855533835.39212,69689.6309794396,20086.5675647213,8562.5203333418,11171.0181569459,20061.5372448977,182653.283813594
miura_01947,miura,1947,1,36,9,0.0005378673957557,0.0038387803441255,0.0030457601394382,3381799474.06994,4835898308.5795,246537.358785581,74512.2486622019,27234.7345713402,16145.0776279008,32072.2826957221,334011.023658478
miura_01948,miura,1948,1,30,6,0.0007547816424003,0.0033846952013304,0.0012846420617828,2744556400.42479,4257942510.85299,339353.161816286,133871.986576514,43451.9740371385,55333.1286952101,92913.174346255,464568.927827715
miura_01949,miura,1949,1,36,9,0.0007538068715909,0.0013646274393162,0.0016295670363124,4863233006.90228,4420435408.59289,24732.8124877191,8021.25197518285,5044.73084781104,84734.3561165279,126652.02421387,388189.917302998
miura_01952,miura,1952,1,36,9,0.0009326063287964,0.0026435361649608,0.0025182941118553,2212569073.34342,4595148698.01555,105342.211105727,32552.9665417645,14523.5311389829,52066.7617177609,82780.431990955,391825.12134022
miura_01953,miura,1953,1,30,12,0.0005870190785531,0.0011858839844193,0.0032970960154396,4946954582.15682,4897407127.75508,5168.93219087081,1987.65721254718,2557.07651202292,18851.3208663826,30827.8865848158,177851.928491588
miura_01954,miura,1954,1,24,9,0.0008379018046563,0.0011408472431156,0.0012327815704668,1286787629.72726,2772186179.27323,9181.62524848073,3251.05171700677,3031.46369725238,27687.7484771791,44229.0226716525,192989.916113158
miura_01955,miura,1955,1,24,12,0.0006168424916905,0.0025898531448089,0.0012179172244029,4551100269.26298,1984035035.80279,43262.659760289,12930.7911052022,6386.03288927081,42671.59625078,70030.9054188499,371898.871329808
miura_01956,miura,1956,1,24,12,0.0008081837275467,0.0010632525479594,0.0014102077776414,3580092118.94148,2760576443.74569,4469.87492511171,1693.01397509022,1972.55154937504,58236.8138731571,92136.108618044,354147.051491042
miura_01957,miura,1957,1,30,9,0.0008942922617369,0.0053397456283525,0.0014072720693741,2154562001.14877,1553823920.05977,271615.492179161,76650.6745689788,19958.8160753186,66094.5038165089,107349.465373137,490385.413673901
miura_01958,miura,1958,1,30,6,0.0007400268077342,0.0032148113062051,0.0027656925240425,2839431579.62504,1740872675.50784,86322.1289326659,31312.1679423365,12864.2712792578,24345.4598497548,38970.0589392098,171578.236660623
miura_01959,miura,1959,1,24,12,0.0005354489364339,0.0019306720158731,0.0022809895254128,4431962967.2279,3934211266.73363,20601.1284247882,7115.28502582635,6055.24681795337,15779.9278429734,27022.2623043621,203720.842643124
miura_01960,miura,1960,1,24,9,0.0008490889262715,0.0041313356330818,0.0028427468303582,2283188992.115,4355298349.29307,242067.489995604,73266.1293732546,32759.1810029646,28244.9895086998,51973.6930382863,482451.043189973
miura_01961,miura,1961,1,24,9,0.0008474491549382,0.0037560126425679,0.0017803479441114,2587008007.30467,4645563393.78953,295634.595271627,87601.6779645135,35064.3310034227,47354.1517963763,83655.695059995,623934.273666447
miura_01962,miura,1962,1,36,9,0.0006654080358006,0.0039631128658844,0.0013250031964951,3499772315.83515,4828387720.83577,449844.840648724,132828.065267981,36778.9485142766,60661.1086424579,105634.186717101,648286.125622177
miura_01963,miura,1963,1,30,9,0.0008115372926216,0.0012356955892041,0.0034939290008361,2485201608.16347,3654914164.37404,6689.15615398539,2457.13855666819,2740.13255496003,22160.5201279998,35163.1737257106,160892.588708993
miura_01964,miura,1964,1,36,9,0.0009258209710529,0.0037981102308918,0.0038915977988521,3706005344.63815,2158482993.21773,89709.3876438941,27387.1455154221,10981.5183833734,53801.5791650583,83756.9712864722,344820.752998046
miura_01965,miura,1965,1,24,9,0.0008293510349425,0.0050434896633101,0.0023065272248692,3520028463.77419,3122362823.58964,345600.627426395,99949.8882874267,35304.5456318131,46836.7598833789,83783.2979612829,626834.987967626
miura_01966,miura,1966,1,30,9,0.0008347850615104,0.0027565002444404,0.0026109947651053,4796138975.44627,3203183314.76311,72671.4058707805,22645.1439601272,11415.7497523135,62822.1037344372,99015.8959261405,428472.453340826
miura_01967,miura,1967,1,24,12,0.0009431529715422,0.0054771214429261,0.0030518285671198,3047649308.97793,1892614994.23848,145561.383370703,40536.7092739634,15648.3396705144,43999.3872239246,75695.9232095138,520806.154022444
miura_01968,miura,1968,1,36,12,0.0005288715550037,0.0055056716593433,0.0032146399824295,2740949070.79111,2490400718.10239,218578.895825377,57514.6993717035,17696.1235724657,12715.9711848547,26145.1317271719,311979.673413718
miura_01969,miura,1969,1,24,12,0.0008801709481548,0.0013116535852207,0.002225912726436,4281692720.46037,1742075239.09597,3428.85102647639,1306.45944874836,1545.94712737409,55610.8140652624,87274.5249002141,310884.878141485
miura_01971,miura,1971,1,24,12,0.0008424842999348,0.0017823506615862,0.0023935166430294,4886746698.49732,3798003478.78014,15476.7631521371,5485.85350837406,5118.7568683816,57746.86751277,94084.6438895573,478638.703336855
miura_01972,miura,1972,1,36,9,0.0006186175032773,0.0042246636217436,0.0024467276477234,3138231556.09775,1068209621.09818,79837.7238297638,23841.2732878949,7606.99284609381,22362.3850596848,36033.6088997964,171975.747419208
miura_01973,miura,1973,1,30,12,0.0009786900373302,0.0011158820877441,0.0021255210700681,1474188158.33369,1266264283.10162,1831.53775293959,679.079366648957,759.88226314244,34579.8980305132,52772.6636521948,166799.70117151
miura_01974,miura,1974,1,36,9,0.000814470223896,0.001719333522001,0.003141512565402,1804215553.97655,3952011178.66438,22973.8847484667,7556.56629551921,5163.09875381749,22628.2125604152,35924.2877912651,174712.606308805
miura_01975,miura,1975,1,30,6,0.0006216562700843,0.0038838057245355,0.0016134183073459,1077507471.82629,2394600149.687,222843.61819267,88230.5129381588,28292.9888239396,11642.8214674559,25109.6258766031,224064.949513267
miura_01976,miura,1976,1,24,12,0.0005261254773844,0.0041062330296463,0.003306075169936,1611176284.221,4635472178.26456,148294.581822282,44709.4268778425,22782.8680877831,6302.90922161139,14404.0326215413,313729.352472506
miura_01977,miura,1977,1,30,6,0.0006900121730225,0.005902903685088,0.0019677271131917,4989536713.40082,3332683086.1807,571731.192562336,241587.311554232,68517.3490371392,53064.4638279178,99630.3431588345,632756.770477094
miura_01978,miura,1978,1,30,12,0.0008447473588275,0.0026495641750853,0.0024660758894658,4129528629.20259,2977424437.96555,40979.2522413954,12657.0874544739,7088.97032234552,61034.6682164447,97519.0394042956,467993.387598543
miura_01979,miura,1979,1,30,6,0.0008289397198859,0.00448527277714,0.0032819922223852,4753927813.11518,1565669977.24641,140986.601961338,53527.2673458987,19100.306451016,46818.9721217354,73306.6642702923,277297.896284505
miura_01980,miura,1980,1,30,6,0.0007577573222034,0.0032496118132296,0.0023911033762255,1193385732.4284,3065270599.88159,168905.611809996,62086.3228452752,24207.3484559347,14632.3721286793,27218.6358536433,204095.285758151
miura_01981,miura,1981,1,30,12,0.0006660237866931,0.0030566563175025,0.0036870916392127,3795139525.5863,2215049280.71043,31396.8156870644,9817.9013107401,5784.39555760304,19692.2858268271,32886.1648230353,211520.320932219
miura_01982,miura,1982,1,30,6,0.0007313820137417,0.003284411544329,0.0018885218783939,3467564814.17933,3859652033.56949,245893.39208381,92647.24916008,33628.1930006603,43434.4605459869,72343.5276878948,367248.548858259
miura_01983,miura,1983,1,30,12,0.0005111119597363,0.0014746347395715,0.0018520937768237,2401888987.753,1280089733.1522,4306.66964561521,1465.03617168536,1211.45263357451,10563.0295991897,17031.5846557104,87949.7339247044
miura_01984,miura,1984,1,30,12,0.0006853885600927,0.0048997768767699,0.0037208199718181,2836098032.05952,4079389325.11533,215209.31414007,60809.0043337578,24131.6435483983,19491.4994028978,37353.9169376172,433364.863790082
miura_01985,miura,1985,1,30,12,0.0009098717525818,0.0034672735047506,0.0010195293157767,1588964129.83753,3388663065.09048,209532.418968049,55005.2506113397,17415.7611703808,74080.308806246,122109.585755888,666044.87215179
miura_01986,miura,1986,1,36,9,0.0005357319858468,0.0047218621558602,0.0031974223287486,1353729987.74872,2179128527.24365,176077.288980205,52608.4176925741,17022.6500631879,7003.22230529224,15967.4179034266,200534.449653157
miura_01987,miura,1987,1,36,12,0.0007922071420467,0.0036611712965366,0.0037404191662899,2552441024.3128,4493293067.77026,117050.870104082,34224.1091850994,15122.119455281,27913.304946945,48067.6897144531,362056.619779683
miura_01988,miura,1988,1,30,6,0.0009025614041436,0.0011806228209957,0.0015699678585134,2134273640.04304,1708657504.94958,11164.3669032777,3864.28099156986,2609.94405991725,46453.283259986,67404.7440263104,152796.15208276
miura_01989,miura,1989,1,30,6,0.0005504247618083,0.0034324167768877,0.0012976458981053,1119622735.21057,3354260747.95855,272842.257568413,107669.387644314,34755.0739400001,11214.8875072694,26239.6575075632,264317.662937298
miura_01990,miura,1990,1,36,12,0.0008925483221108,0.0027036489500487,0.0036644334364603,3506316137.60269,4624517789.57643,52437.4270165653,16231.6263918055,9143.84463802248,51032.0605039275,82184.2924502938,435918.291166952
miura_01992,miura,1992,1,36,9,0.0005554898280493,0.0012733837297545,0.0036100210984253,2540653890.76442,1179265564.06873,2598.53820057563,908.547983000152,842.429580560663,8406.10304662794,13033.2251321606,53157.3546789781
miura_01993,miura,1993,1,30,9,0.0007191168983694,0.0039720822157108,0.0010348469426345,2631096798.54348,2000644893.96666,222738.930090958,63585.5709417479,17875.888000553,57304.3512285733,93091.0039841149,436081.489292572
miura_01994,miura,1994,1,30,9,0.0009992472349627,0.0044821943492347,0.0035979333096778,2915152691.57103,3951326638.21806,248072.274612712,74362.8172337212,29175.8862350794,52210.6369723776,88582.9027389105,557035.293831501
miura_01996,miura,1996,1,24,12,0.0009610068374053,0.0031924511678699,0.0039529027983184,4600173862.74661,2542679505.17619,33969.3247635581,11098.6911494285,7688.00590622403,50556.099715896,83556.737741031,472738.012953912
miura_01997,miura,1997,1,24,9,0.0007125001940154,0.0055981598032893,0.0029068698109063,2617486700.51694,1950378864.83933,235238.77659262,68144.7068081664,24278.5189981445,19272.3617840554,37106.183985433,358954.057747375
miura_01998,miura,1998,1,30,12,0.0008658220633407,0.0013002143407269,0.0018165738373265,4462873231.26796,4978348653.71834,12222.2936879409,4271.7326970287,3909.35770023564,90928.5763832769,141555.143294042,550445.798370691
miura_01999,miura,1999,1,24,12,0.0006116394040296,0.0058576286864448,0.0030308041020123,1475169511.67076,3504165882.25193,324868.019123241,88792.8734868952,32306.7668580339,10580.3359218188,25917.062885144,509387.289256804
miura_02000,miura,2000,1,24,12,0.0007539309849443,0.0056358547745182,0.0035295739796811,3556482217.68796,3956951492.53607,289505.791754683,81511.4204376432,32571.5013091833,27368.2486786423,52685.576440021,624844.769017313
