epoch,train_total,train_noise,train_x0,train_class,train_param,train_closed_loop,val_total,val_noise,val_x0,val_class,val_param,val_closed_loop,val_select
1,4.46297779083252,72.809423828125,0.77370126247406,3.753697967529297,0.3894430935382843,0.44552806615829466,2.4760986804962157,43.19985656738281,0.5691862821578979,1.7184432983398437,0.31245092749595643,0.22857576608657837,2.8286562740802763
2,3.0398338794708253,65.0362335205078,0.5459890246391297,1.5407965183258057,0.3024492561817169,0.19969204664230347,1.8956952571868897,34.012690734863284,0.45965646505355834,1.2148786306381225,0.25519431829452516,0.11779877990484237,2.0475281938910483
3,1.989677858352661,34.32759895324707,0.4542089283466339,1.3793393611907958,0.25072069764137267,0.1480015844106674,1.1923830032348632,14.714627456665038,0.394858717918396,1.0368521690368653,0.21583110392093657,0.1177191123366356,1.7652611032128336
4,1.5616604804992675,25.75833168029785,0.39183191657066346,1.0936285495758056,0.21961235404014587,0.13128627240657806,1.0242826461791992,10.009334182739257,0.3313309848308563,1.0466905117034913,0.18193643987178804,0.10060932040214539,1.660567256808281
5,1.1590930342674255,14.417062473297118,0.338223922252655,1.027813982963562,0.18850917220115662,0.11061614900827407,0.8365305662155151,7.6120037078857425,0.3070866405963898,0.82431640625,0.1748355358839035,0.07861588895320892,1.3848544716835023
6,0.9662505030632019,9.26610631942749,0.3244656503200531,0.9622958660125732,0.17997497618198394,0.09006803631782531,0.7070685505867005,4.708912086486817,0.3017501711845398,0.7377762079238892,0.172031432390213,0.07513407319784164,1.2866918846964837
7,0.9040115118026734,8.534682655334473,0.3243564486503601,0.8670313596725464,0.18299959897994994,0.08591406047344208,0.7037274479866028,4.078474760055542,0.3205651342868805,0.7273794174194336,0.1877628296613693,0.061085245013237,1.2967926263809206
8,0.9016076922416687,8.84120979309082,0.32595995664596555,0.8244118213653564,0.18807471990585328,0.08568984419107437,0.8130612015724182,7.602075576782227,0.29835513830184934,0.7627886295318603,0.17132335007190705,0.0649851106107235,1.2974522285163403
9,0.7969034671783447,6.53785810470581,0.30218311548233034,0.783988094329834,0.17121739983558654,0.0781030923128128,0.7467208623886108,6.705491828918457,0.2718802571296692,0.7087567090988159,0.1578633189201355,0.06272007822990418,1.2012203633785248
10,0.8750897884368897,9.696909999847412,0.28797357678413393,0.7594897747039795,0.1647963136434555,0.07263514697551728,0.7221853137016296,4.230414867401123,0.2954711318016052,0.7683672308921814,0.17082954049110413,0.06861651837825775,1.3032844215631485
11,0.7505813241004944,6.634453630447387,0.28386443853378296,0.687068784236908,0.16499271094799042,0.07208437919616699,0.7264123320579529,5.333511638641357,0.27598249912261963,0.7306703925132751,0.16024316251277923,0.057129346579313275,1.2240254007279872
12,0.7728406906127929,7.419131946563721,0.2814323365688324,0.6772013902664185,0.16484011709690094,0.07499613612890244,0.5789264440536499,3.110023331642151,0.2592727720737457,0.578885555267334,0.1538199633359909,0.05985376462340355,1.0518320553004743
13,0.6899776577949523,4.994869899749756,0.27424800395965576,0.6603030681610107,0.1610635280609131,0.06740437746047974,0.5543304204940795,2.433363151550293,0.2477726697921753,0.5859278082847595,0.14513033926486968,0.05036027356982231,1.0291910909116269
14,0.668533730506897,4.566046905517578,0.26820852756500246,0.6452588915824891,0.15753524005413055,0.0645774707198143,0.5887683868408203,4.1592409133911135,0.26637315154075625,0.5101294457912445,0.15943680107593536,0.04835651218891144,0.9842959105968476
15,0.7158122897148133,6.549602890014649,0.2666615843772888,0.6161358952522278,0.15697453320026397,0.05983484536409378,0.5320161581039429,2.8770785331726074,0.25111515522003175,0.4903637647628784,0.15054848194122314,0.04545448869466782,0.9374818906188012
16,0.702232301235199,6.356722831726074,0.2606300234794617,0.6032851576805115,0.1533918559551239,0.0576359398663044,0.5393262267112732,3.1214113235473633,0.24243543148040772,0.49763991236686705,0.14538533091545106,0.044026927649974824,0.9294876024127007
17,0.6883822679519653,5.560173892974854,0.26385318338871,0.61626695394516,0.15321476459503175,0.053804976493120195,0.6095593094825744,3.2470183849334715,0.2501242756843567,0.6181529283523559,0.14750370383262634,0.03817845582962036,1.0539593636989593
18,0.6532313823699951,4.891123247146607,0.25408828258514404,0.5925002217292785,0.1486318975687027,0.05343317314982414,0.6597827672958374,5.1506507873535154,0.24520007371902466,0.604610800743103,0.14444813430309295,0.04401996061205864,1.0382789693772791
19,0.6881109118461609,6.016799259185791,0.2607889771461487,0.5713470458984375,0.155378121137619,0.05334900766611099,0.5873928189277648,4.217594766616822,0.24309574961662292,0.5048921823501586,0.14733660221099854,0.04252976104617119,0.9378542952239514
20,0.6356840610504151,4.394915151596069,0.25732530653476715,0.5610769629478455,0.1541923999786377,0.052483171224594116,0.6343262910842895,6.2493819236755375,0.2333198606967926,0.4892899036407471,0.14015214741230012,0.04322159737348556,0.9059835091233254
21,0.6358229756355286,3.984089803695679,0.2597350746393204,0.577249002456665,0.15468021333217621,0.05130838602781296,0.5423580348491669,2.7514832973480225,0.22634414434432984,0.5240098476409912,0.1352844223380089,0.037315983325242996,0.9229543976485729
22,0.7075623750686646,7.4609273910522464,0.23913037180900573,0.5455672740936279,0.1412330150604248,0.04277578368782997,0.548408704996109,3.2792720794677734,0.2273603081703186,0.4936028242111206,0.1375912606716156,0.03645928502082825,0.8950136780738831
23,0.6162399530410767,4.856989049911499,0.23958417177200317,0.5042721688747406,0.14399934113025664,0.05136413499712944,0.5185953140258789,2.4441017150878905,0.22356500327587128,0.4849374949932098,0.13574391901493071,0.033264961838722226,0.877511379122734
24,0.6141000270843506,4.323795461654663,0.24317544996738433,0.5175627827644348,0.1472429096698761,0.04956764057278633,0.5882259011268616,4.912955307960511,0.22878459095954895,0.45994197130203246,0.13893103301525117,0.035983748733997345,0.8636413440108299
25,0.6699232697486878,6.223675298690796,0.2324324756860733,0.5369199097156525,0.1380063772201538,0.040096713602542876,0.4889418125152588,1.7459396123886108,0.21995818018913268,0.46215941905975344,0.13330965638160705,0.03535302802920341,0.8507802836596966
26,0.6017506837844848,3.93516526222229,0.23702449798583985,0.5189335525035859,0.14245242476463318,0.042993874102830884,0.48395063877105715,2.7495028972625732,0.2147740066051483,0.3938242673873901,0.1314343184232712,0.033569212257862094,0.7736018046736717
27,0.6224976897239685,4.960582971572876,0.2433295279741287,0.4826258599758148,0.1461619943380356,0.03897624015808106,0.5074936151504517,2.324693489074707,0.22473782300949097,0.44371471405029295,0.13733334392309188,0.030407752096652984,0.8361936330795288
28,0.6457357048988343,5.808134841918945,0.22638365626335144,0.5047155320644379,0.1356582909822464,0.0378096878528595,0.4924356281757355,2.6977160453796385,0.2156706392765045,0.3990761756896973,0.13436632454395295,0.026195856928825378,0.7753089964389801
29,0.577579116821289,4.570744609832763,0.22459558248519898,0.4373881757259369,0.1363731861114502,0.035616859421133996,0.5042428016662598,3.636257362365723,0.2070280283689499,0.378670471906662,0.12847415059804917,0.026108265668153764,0.7402809165418147
30,0.5916680753231048,4.17029504776001,0.22630015909671783,0.4821881651878357,0.13691037595272065,0.03374617472290993,0.47071937918663026,2.744491767883301,0.21193307340145112,0.34767491817474366,0.1328485608100891,0.02572711929678917,0.7181836716830731
31,0.5413477540016174,2.8880053520202638,0.22568076550960542,0.4532343804836273,0.1364808201789856,0.035282674431800845,0.43034322261810304,1.6093634843826294,0.20013365149497986,0.3538895547389984,0.12563628554344178,0.02318684309720993,0.70284633487463
32,0.5926712870597839,4.686406087875366,0.2224372535943985,0.448025107383728,0.13501102924346925,0.03410545289516449,0.5568762063980103,4.104539060592652,0.2135243684053421,0.42819279432296753,0.1315774828195572,0.027110771834850313,0.8004054173827171
33,0.6556711912155151,6.256457805633545,0.22904112339019775,0.46169811487197876,0.13815154433250426,0.03582929670810699,0.5022224903106689,3.17793493270874,0.20649638175964355,0.3860841691493988,0.125774347782135,0.027252833172678948,0.7456077318638563
34,0.6031067728996277,4.0887779712677,0.23049667477607727,0.47692720890045165,0.13916192650794984,0.03687087073922157,0.5277722597122192,2.7067790985107423,0.21856388151645662,0.43692365288734436,0.13301142454147338,0.02488047294318676,0.8133794318884611
35,0.5624815940856933,4.012504386901855,0.2181182622909546,0.4206778764724731,0.13246377557516098,0.031404335796833036,0.4973756432533264,3.11765604019165,0.1937502682209015,0.39606313705444335,0.11930062770843505,0.020974157750606535,0.7300881907343865
36,0.5520103275775909,3.732961416244507,0.2153196156024933,0.4163430631160736,0.13159498274326326,0.02871789373457432,0.3967544972896576,1.562514352798462,0.1898878276348114,0.2852709054946899,0.1202211320400238,0.019805280864238738,0.6151851460337638
37,0.5840988636016846,4.069317960739136,0.22229403853416443,0.4404906153678894,0.13526493310928345,0.03015645667910576,0.42553536891937255,1.6118279457092286,0.18965546786785126,0.3371442198753357,0.11926113069057465,0.01984645947813988,0.6659072779119015
38,0.5770980954170227,3.834428906440735,0.2231332004070282,0.434002560377121,0.13543434739112853,0.029627206921577453,0.475628924369812,2.8365177631378176,0.19832700192928315,0.3408531188964844,0.12452219575643539,0.019351499527692793,0.6830538161098958
39,0.5772769093513489,4.380850791931152,0.20733153820037842,0.43146260380744933,0.1253134474158287,0.02848159000277519,0.40512922406196594,1.4676109313964845,0.1843794882297516,0.30553537607192993,0.11603987216949463,0.021991629153490067,0.6279463656246662
40,0.58427894115448,4.6667555809021,0.21434958279132843,0.40541468262672425,0.1303531125187874,0.02974293865263462,0.49805437326431273,3.486486530303955,0.20248575806617736,0.3241254448890686,0.12874177396297454,0.01950761042535305,0.6748605873435736
41,0.5737038552761078,3.831557369232178,0.21323301494121552,0.43293470740318296,0.12959806621074677,0.02711171396076679,0.4379284501075745,1.9343601703643798,0.18850063681602477,0.3274478554725647,0.11793123334646224,0.019164326786994933,0.6530440524220468
42,0.572196614742279,4.100541734695435,0.20959357023239136,0.4156709313392639,0.1282658889889717,0.02531920187175274,0.5336314916610718,2.9902839183807375,0.20842585265636443,0.4080722093582153,0.12987888604402542,0.016875338181853293,0.7632522862404584
43,0.5518413186073303,3.6272260189056396,0.21478074193000793,0.3811252176761627,0.13324728459119797,0.027866411581635477,0.483624792098999,1.9135145187377929,0.19971070885658265,0.3904236197471619,0.12271009981632233,0.017431064695119857,0.7302754931151868
44,0.5557786345481872,3.6376516819000244,0.20534171164035797,0.411135596036911,0.1245546042919159,0.026319079846143723,0.4442736983299255,2.719363474845886,0.19427960515022277,0.26625704765319824,0.1219189077615738,0.01644716188311577,0.5989027224481106
45,0.5314052283763886,3.293366241455078,0.2016877681016922,0.3862740874290466,0.1229095533490181,0.024273790791630744,0.4746557831764221,1.9733433723449707,0.19095097184181214,0.37744500041007994,0.1181591808795929,0.01733416095376015,0.7038893140852451
46,0.5517430305480957,2.92912220954895,0.2139353096485138,0.4127804458141327,0.1314362034201622,0.024691449478268623,0.45047637820243835,2.0900102615356446,0.1866432398557663,0.32368640303611756,0.11792467534542084,0.0154693104326725,0.6437236286699772
47,0.5600276827812195,4.161490631103516,0.20188682079315184,0.3775217831134796,0.12475794106721878,0.02370811589062214,0.44968500137329104,1.4854905605316162,0.20016198456287385,0.3222758710384369,0.1253336638212204,0.017499461024999618,0.6652709804475307
48,0.5404909253120422,3.6536277294158936,0.20285216867923736,0.36139686703681945,0.12533436268568038,0.023828756436705588,0.47035530805587766,2.7912317276000977,0.19902767837047577,0.2791691780090332,0.12645638287067412,0.017670959793031217,0.6223241990432143
49,0.540375828742981,3.349586772918701,0.20189535915851592,0.3785095989704132,0.12355541288852692,0.02438350357115269,0.49603246450424193,2.7721165776252747,0.1893061637878418,0.35309259295463563,0.11931143552064896,0.016615745984017848,0.6783259382471442
50,0.5139878809452056,3.2277658939361573,0.19858494102954866,0.3287750959396362,0.12476249635219575,0.025296824425458907,0.42900770902633667,1.6097201347351073,0.1780425190925598,0.3151901185512543,0.11140199154615402,0.013981492817401886,0.61861612200737
51,0.5128458559513092,3.3877447605133058,0.1965362846851349,0.31962323784828184,0.12284556776285172,0.02318243309855461,0.48023574352264403,3.39380863904953,0.18402518033981324,0.2840027451515198,0.11880832016468049,0.013973035663366318,0.6008092813193798
52,0.4953549921512604,1.9738954782485962,0.2026355117559433,0.3501996576786041,0.1265345573425293,0.022140633687376975,0.40370020270347595,1.4488904476165771,0.1756795287132263,0.2660370826721191,0.11192787736654282,0.015557815879583358,0.5692023046314717
53,0.49247615337371825,3.0229300022125245,0.19400719106197356,0.297224885225296,0.12215974330902099,0.020559327304363252,0.4457692801952362,1.1239316940307618,0.1872197598218918,0.3414679229259491,0.11741763949394227,0.013013341650366782,0.6591186638921499
54,0.5022987186908722,2.4182323932647707,0.19823485910892485,0.3384686470031738,0.12423683553934098,0.020699459686875345,0.46545093059539794,1.9294260025024415,0.19000509083271028,0.31702007055282594,0.11997535079717636,0.015765829756855965,0.6427663419395685
55,0.5441676318645478,3.8764451503753663,0.19397901892662048,0.34120261669158936,0.1210983783006668,0.021164781972765924,0.46181800365448,2.519017815589905,0.18298302888870238,0.28474533557891846,0.11802170276641846,0.013205933198332787,0.5989560004323721
56,0.5072360455989837,2.828381824493408,0.19684914946556092,0.31355159878730776,0.12505306005477906,0.021104890480637552,0.42724384665489196,1.3018329620361329,0.19257627725601195,0.25744926631450654,0.12485805153846741,0.013252364099025726,0.5881359592080116
57,0.5337087035179138,3.794753980636597,0.1922010987997055,0.3164691627025604,0.12169658839702606,0.021226491034030914,0.4696086049079895,2.72416353225708,0.1817788302898407,0.2831962823867798,0.11671935766935349,0.013106454722583294,0.5948009250685573
58,0.517873364686966,2.9986952543258667,0.19683464467525483,0.31762380599975587,0.12397866994142533,0.02001231722533703,0.44491082429885864,2.2090943455696106,0.18672443628311158,0.24624394178390502,0.12038239538669586,0.012742394767701625,0.5660931682214141
59,0.5501960515975952,3.825417947769165,0.1945674628019333,0.3346212089061737,0.12182683497667313,0.020683568716049195,0.40443591475486756,1.276878571510315,0.17624401450157165,0.24113306403160095,0.11494172364473343,0.014141770452260971,0.546460572630167
60,0.526618754863739,3.1828791379928587,0.1977861225605011,0.30853450298309326,0.12496934086084366,0.0225946631282568,0.4558667778968811,2.020701360702515,0.183130145072937,0.27868027687072755,0.11759365350008011,0.015376737713813782,0.5947808131575584
61,0.5068266212940216,2.767228603363037,0.19227195382118226,0.304656320810318,0.12162847071886063,0.021335015818476678,0.46652473211288453,2.2808536529541015,0.18557237982749938,0.27000335454940794,0.1210675984621048,0.014498554915189744,0.5911418877542018
62,0.5066795647144318,2.6365094900131227,0.19433761537075042,0.30028223991394043,0.12337154000997544,0.021853507310152055,0.4741835355758667,2.501127815246582,0.1806418001651764,0.28137037754058836,0.11629397571086883,0.017910251021385194,0.5962164044380188
63,0.5329397082328796,3.5502498626708983,0.19158919155597687,0.29815599918365476,0.12217351347208023,0.023445023968815804,0.5140684127807618,3.239106273651123,0.19218480587005615,0.28264155983924866,0.1243210792541504,0.013518477976322173,0.6126659229397774
64,0.495131129026413,2.5207918882369995,0.185743311047554,0.3002206802368164,0.11779030859470367,0.01999073252081871,0.40926098823547363,1.3955223560333252,0.17598462700843812,0.22322750687599183,0.11533848345279693,0.011801062151789665,0.5263516794890165
65,0.5371769607067108,3.4365283012390138,0.1916176050901413,0.3078796148300171,0.12202974408864975,0.01901060566306114,0.41121641397476194,1.158971381187439,0.1744110405445099,0.24336313903331758,0.11290984451770783,0.012780781090259551,0.5434648051857949
66,0.49979830980300904,3.3411274909973145,0.18510796427726744,0.25016294717788695,0.11946585178375244,0.018207066133618353,0.46432205438613894,2.06321234703064,0.17889100313186646,0.27849907279014585,0.11591999530792237,0.012065950408577919,0.5853760216385127
67,0.5223916411399842,2.55422842502594,0.1915262073278427,0.3248088002204895,0.1211320549249649,0.01757199577987194,0.4155141770839691,1.0944672584533692,0.1768635928630829,0.2403334677219391,0.11528278589248657,0.01072986051440239,0.543209706991911
68,0.47742913365364076,2.3132209300994875,0.18625788688659667,0.2542132556438446,0.12063777297735215,0.01744047850370407,0.4123808085918427,1.5143160820007324,0.1683683693408966,0.2283350944519043,0.10989504307508469,0.011554885469377042,0.5181533923372625
69,0.5088931143283844,2.4893567085266115,0.18724697232246398,0.30420215129852296,0.11929952502250671,0.01608969159424305,0.4740369260311127,2.1310070991516112,0.18216735422611235,0.2734757959842682,0.11757733076810836,0.010262810997664929,0.5834832919761538
70,0.49440838098526,2.784313106536865,0.18288567364215852,0.2644003450870514,0.11689811944961548,0.016646401025354862,0.5122074961662293,4.312729549407959,0.1768283247947693,0.22622433304786682,0.11649940460920334,0.009547429904341698,0.5290994923561811
71,0.4951738119125366,3.0120012760162354,0.17771414816379547,0.2611563205718994,0.11435409188270569,0.017040413804352283,0.4633015751838684,1.282029628753662,0.18338384330272675,0.2859415769577026,0.11953487843275071,0.012257500737905502,0.6011177994310856
72,0.5513692855834961,3.7166852951049805,0.18870262205600738,0.2939682364463806,0.12094254046678543,0.017664644867181778,0.42768346667289736,1.4430915117263794,0.18251608908176423,0.19923110604286193,0.12231310307979584,0.009460676088929176,0.5135209742933512
73,0.47670199275016784,2.375777006149292,0.18048115968704223,0.2425193190574646,0.11703992784023284,0.017666533589363098,0.38843132853507994,1.3729424834251405,0.1648797035217285,0.17420004606246947,0.11074213981628418,0.009718742221593857,0.459540631622076
74,0.5162793695926666,3.584582042694092,0.17591282427310945,0.2608646094799042,0.11336051076650619,0.016869693994522095,0.3953047037124634,1.2797297716140748,0.15796062648296355,0.21671651005744935,0.10300358533859252,0.01019676886498928,0.4878774907439947
75,0.5139762580394744,3.2197121143341065,0.1787990838289261,0.26500493586063384,0.11453390717506409,0.01796066462993622,0.4826104462146759,2.0345610857009886,0.17920435070991517,0.27681132555007937,0.11613327562808991,0.01095382757484913,0.5831027794629335
76,0.49261062145233153,2.394826626777649,0.18279289007186889,0.2551797300577164,0.11758021861314774,0.016707951575517653,0.47065588235855105,1.0830233573913575,0.1826443612575531,0.2967376708984375,0.117875137925148,0.01005561202764511,0.6073127821087838
77,0.48981761932373047,2.0852892637252807,0.18094318509101867,0.2684071123600006,0.11730063259601593,0.01588727217167616,0.4264747440814972,1.0802825212478637,0.18343912363052367,0.19265836477279663,0.12270250171422958,0.010272361896932125,0.509072352014482
78,0.5232460141181946,3.4691487312316895,0.17855707705020904,0.25642484724521636,0.11553082466125489,0.015199406445026398,0.4636236965656281,2.195786738395691,0.17478114664554595,0.22617180943489074,0.11441481262445449,0.012187252566218377,0.5275550212711095
79,0.5203125953674317,2.630379891395569,0.18191015124320983,0.2860073268413544,0.116941899061203,0.01628358066082001,0.4676335990428925,1.2935331821441651,0.18592701852321625,0.24519851207733154,0.12324337363243103,0.012163014709949493,0.5665319189429283
80,0.517635953426361,2.5589818954467773,0.18681225478649138,0.26141313910484315,0.12193087786436081,0.01587371751666069,0.4577717661857605,1.4101948738098145,0.16923251748085022,0.2725013494491577,0.11182473301887512,0.008798792958259583,0.5623573929071426
81,0.5450773060321807,3.465417981147766,0.17911344170570373,0.2857034087181091,0.11539549529552459,0.015466142818331719,0.42378488183021545,1.1389958620071412,0.1645730197429657,0.23135409355163575,0.10842502564191818,0.009784755855798721,0.5141368947923184
82,0.516498988866806,3.124726152420044,0.1765136569738388,0.25187699794769286,0.11395813524723053,0.01597759760916233,0.42708741426467894,1.891734504699707,0.16654874980449677,0.18055877983570098,0.1110335573554039,0.008952004835009575,0.4670930918306112
83,0.5039245128631592,2.2958804845809935,0.17978317141532899,0.26262501180171965,0.11609794646501541,0.014756647311151028,0.4339013695716858,0.9590305089950562,0.16723626852035522,0.24462561011314393,0.11018136143684387,0.010445734672248363,0.5324889747425914
84,0.49989656209945676,2.4876102209091187,0.17586463689804077,0.24940565824508668,0.11451624035835266,0.014927948452532291,0.47133001685142517,1.994148349761963,0.16945795118808746,0.24616373777389527,0.11158349514007568,0.010249312780797482,0.5374544968828558
85,0.5065599143505096,2.615732955932617,0.1769274115562439,0.24680201411247255,0.11507729440927505,0.015367511659860611,0.40026784539222715,1.4824517011642455,0.15925222039222717,0.1592433422803879,0.10728031247854233,0.01084882877767086,0.4366247039288282
86,0.5107953011989593,2.336316227912903,0.18218014240264893,0.25022050738334656,0.1187320202589035,0.014707031287252903,0.46053050756454467,1.653165602684021,0.16998526751995086,0.2343287169933319,0.1129749596118927,0.008922677114605903,0.5262116212397814
87,0.4904287874698639,2.0850743293762206,0.17553801238536834,0.2405375510454178,0.1152755707502365,0.014894114620983601,0.43526536226272583,1.0417705416679381,0.16459909677505494,0.23501742482185364,0.10932299345731736,0.008766945451498032,0.517706460505724
88,0.5374788880348206,2.955273723602295,0.17921209931373597,0.2679626703262329,0.11674489974975585,0.014361185021698475,0.4269285976886749,0.8995001554489136,0.1651021957397461,0.21700909733772278,0.1103226512670517,0.010987779311835765,0.5034217236563564
89,0.49441599249839785,2.383642292022705,0.16940827369689943,0.2463555097579956,0.10990239977836609,0.0142833661288023,0.44641828536987305,1.4432510375976562,0.16517230570316316,0.2222459137439728,0.10982533395290375,0.009259172901511192,0.5065027263015509
90,0.5049591183662414,2.4727587938308715,0.172408851981163,0.24606271982192993,0.11258859187364578,0.014214039780199528,0.4503547966480255,0.8948315918445587,0.17169307172298431,0.2369209349155426,0.11388369053602218,0.009106603264808655,0.5316043004393577
91,0.5206076920032501,2.513984203338623,0.1762610763311386,0.2580304890871048,0.1143621951341629,0.01465248093008995,0.4799292325973511,1.8763555049896241,0.17060915231704712,0.23615824580192565,0.1141417071223259,0.008025955967605114,0.5289350612089038
92,0.5304889500141143,2.745831084251404,0.1754056692123413,0.26195782124996186,0.11457819342613221,0.013833913952112198,0.42309879660606386,1.3605415046215057,0.1643874615430832,0.1676500052213669,0.11113344579935074,0.009068872034549712,0.45223978459835057
93,0.5381062507629395,2.657127332687378,0.18183383643627166,0.2551442116498947,0.11933541893959046,0.013146435841917992,0.44066897630691526,1.9149279832839965,0.1519262135028839,0.21408893764019013,0.1015852302312851,0.00774463564157486,0.47534501701593396
94,0.516968286037445,2.457199811935425,0.1747865706682205,0.24650560617446898,0.11408410966396332,0.013307153061032296,0.44584678411483764,0.5514056563377381,0.16993674635887146,0.2416743040084839,0.1112048327922821,0.008471054956316948,0.5312869381159544
95,0.523602020740509,2.8536316394805907,0.17306636273860931,0.23615136444568635,0.11386973410844803,0.013160902075469494,0.44601890444755554,0.9697760999202728,0.15788666009902955,0.25506353080272676,0.10445853918790818,0.007435373961925507,0.52484410405159
96,0.49403377175331115,1.9074947118759156,0.17152785658836364,0.23812579214572907,0.11205963343381882,0.012033217772841453,0.44361452460289,0.850941252708435,0.16815801858901977,0.2142590641975403,0.11214603036642075,0.007578387018293142,0.5021415001712739
97,0.5155639290809632,2.330640363693237,0.17243213951587677,0.24665472507476807,0.11325633376836777,0.012297531217336654,0.4620519161224365,2.1377829551696776,0.1580317199230194,0.20493787229061128,0.10663727521896363,0.007162426318973303,0.47676929375156757
98,0.4883048713207245,1.9315064430236817,0.1690252512693405,0.22304197251796723,0.11166723817586899,0.012241649255156518,0.4591825842857361,1.4652831315994264,0.162248432636261,0.21964064240455627,0.10923164933919907,0.00782503541558981,0.4989457597956061
99,0.5319041252136231,2.151454305648804,0.17731075286865233,0.26352688372135163,0.11569100618362427,0.013363461196422576,0.46421653032302856,2.6786370038986207,0.15601376593112945,0.17572389245033265,0.1042356476187706,0.009257578104734421,0.4452308841049671
100,0.515596580505371,2.002148413658142,0.17478471100330353,0.24492093324661254,0.11443347483873367,0.012709294632077216,0.45715583562850953,1.8897932529449464,0.1555974692106247,0.20887180268764496,0.1036463886499405,0.008089680038392544,0.47620534058660274
101,0.5407796740531922,2.794419288635254,0.17646565437316894,0.2429027408361435,0.11461569517850875,0.013030357472598553,0.41040552258491514,1.118727308511734,0.1541452407836914,0.16332901120185853,0.10506127774715424,0.00734805865213275,0.42988358838483687
102,0.5261472940444947,2.8850441217422484,0.17148445248603822,0.22155607342720032,0.11435113102197647,0.012407822161912918,0.42003374695777895,1.2341738939285278,0.1429813027381897,0.22290064990520478,0.09456368833780289,0.0077384963631629946,0.4681841373443604
103,0.5388142108917237,2.9561599016189577,0.1734819769859314,0.23664300739765168,0.11438902765512467,0.013200703822076321,0.3977401554584503,0.5302996098995209,0.15654418468475342,0.1640905499458313,0.10714071542024613,0.006845952942967415,0.43462140299379826
104,0.5167801260948182,2.6404563426971435,0.16828925907611847,0.23118464052677154,0.11058051139116287,0.01349499486386776,0.4078023314476013,0.851820421218872,0.15603346824645997,0.1691589593887329,0.10536683350801468,0.007230343110859394,0.43778960425406693
105,0.48383885622024536,2.308296060562134,0.16583187282085418,0.1934055507183075,0.11071214526891708,0.011681134812533855,0.4897032678127289,0.7923893928527832,0.17940887808799744,0.24921489357948304,0.1204609677195549,0.007960713934153318,0.5570454533211887
106,0.5077006399631501,2.611212730407715,0.16773416697978974,0.21590234637260436,0.11170925498008728,0.012032579816877841,0.447418737411499,2.322804880142212,0.14436180889606476,0.20495789647102355,0.0961610421538353,0.008372029103338719,0.4538527766242624
107,0.5044879138469696,2.3989788770675657,0.17095546126365663,0.21082472503185273,0.11313143819570541,0.012611686810851097,0.48758020997047424,2.2415085554122927,0.1621495485305786,0.22214207649230958,0.10888583809137345,0.008283726498484611,0.5014611896127462
108,0.47155373096466063,1.4603374004364014,0.16914917826652526,0.20784052908420564,0.1120615303516388,0.01254684329032898,0.39979284405708315,1.0702778100967407,0.14865097403526306,0.16670863330364227,0.10031146407127381,0.008053661696612835,0.42372473310679193
109,0.4832237780094147,2.3764803886413572,0.16309394538402558,0.1983844369649887,0.10851200222969055,0.012160580791532993,0.4266271710395813,1.1733197689056396,0.16364316940307616,0.15308229327201844,0.11240295171737671,0.008730955049395561,0.4378593694418669
110,0.4992909967899323,2.3205844879150392,0.16747829616069793,0.2173943430185318,0.11157084256410599,0.012044991366565228,0.4182704031467438,1.878854513168335,0.14598380625247956,0.16360581815242767,0.10012112706899642,0.00685739740729332,0.416568148881197
111,0.4558672964572906,1.588357186317444,0.16036847829818726,0.20204801559448243,0.10671952068805694,0.011472666263580322,0.46042097806930543,0.9409960269927978,0.16630629003047942,0.22883926331996918,0.11266094148159027,0.00791853666305542,0.5157250314950943
112,0.493520450592041,2.7470272541046143,0.16385669708251954,0.19120326340198518,0.10939419716596603,0.013551076129078864,0.5127506494522095,2.474667024612427,0.16629908680915834,0.24282445311546325,0.11012556105852127,0.010591349750757217,0.5298404507339001
113,0.48675903081893923,1.9609292030334473,0.16739008128643035,0.21610168516635894,0.11016978174448014,0.012632042728364467,0.4584848880767822,0.8132819175720215,0.16758761405944825,0.22849227488040924,0.11323637366294861,0.00785536952316761,0.5171716321259736
114,0.514175820350647,2.839487361907959,0.167474964261055,0.21560531854629517,0.1117264986038208,0.0121315261349082,0.3894979774951935,0.65340815782547,0.1477552831172943,0.17299814224243165,0.10112037062644959,0.007099907845258713,0.42897370383143424
115,0.496456915140152,2.355427360534668,0.1650172233581543,0.218006494641304,0.10951501727104188,0.013221643678843976,0.41855681538581846,0.8739736497402191,0.15679473876953126,0.17803237438201905,0.10782510042190552,0.010489458590745926,0.45314167216420176
116,0.48571683168411256,1.8068828344345094,0.1652113288640976,0.22819853127002715,0.10962369590997696,0.013619684427976609,0.44958157539367677,2.251210594177246,0.15161098539829254,0.18486307561397552,0.1027156412601471,0.007092691585421562,0.44628239385783675
117,0.4944093585014343,2.1718648433685304,0.1707741379737854,0.20311076939105988,0.11436275541782379,0.012008994072675704,0.4633631229400635,1.1758368492126465,0.1681421995162964,0.21660352349281312,0.11271469295024872,0.0075727439485490326,0.5050331599079072
118,0.48401120901107786,1.8641770601272583,0.16878299713134765,0.20823293924331665,0.11284730136394501,0.012260740622878075,0.4615939795970917,0.8223581790924073,0.1678515374660492,0.23501888513565064,0.1130912646651268,0.007000950537621975,0.5229626378044485
119,0.4842678189277649,2.38221116065979,0.16409999132156372,0.19559360444545745,0.10998229086399078,0.01157488152384758,0.40251564383506777,1.5380516529083252,0.14668818712234497,0.14814665019512177,0.1016534373164177,0.006602125428617001,0.4030904000625014
120,0.47391351461410525,1.9105998992919921,0.16248809695243835,0.21212103366851806,0.10818127989768982,0.010525696165859699,0.41364480257034303,0.7180351138114929,0.15628642439842225,0.18745577335357666,0.10638816058635711,0.00634851073846221,0.45647886907681823
121,0.4651483058929443,1.6481795907020569,0.1605923056602478,0.21666001677513122,0.10689209997653962,0.011100050434470177,0.41836090087890626,0.859690260887146,0.15678047835826875,0.18732620477676393,0.10644745528697967,0.006175800785422325,0.4567299392074347
122,0.4710167348384857,1.8270190954208374,0.1641835868358612,0.20271194726228714,0.10983177721500396,0.011425850726664067,0.46802958846092224,1.409827184677124,0.1621823787689209,0.23532363176345825,0.10834261327981949,0.007302108313888311,0.513150732126087
123,0.48717041611671447,2.0404271841049195,0.16597163081169128,0.2175431102514267,0.11046415716409683,0.01079417672008276,0.45089157819747927,0.9438111186027527,0.1643698364496231,0.22379509806632997,0.10911588072776794,0.006171467062085867,0.5034522823058069
124,0.4568330109119415,1.4278122067451477,0.16268312335014343,0.20621276199817656,0.10868425667285919,0.009983210079371928,0.4113821923732758,1.6945430755615234,0.14483261704444886,0.16815425753593444,0.09872292876243591,0.00563814789056778,0.417347951233387
125,0.46068387627601626,1.9383597493171691,0.15899540483951569,0.1972667545080185,0.10604907274246216,0.010080209746956826,0.45591402649879453,1.2855090618133544,0.1664681077003479,0.20306426286697388,0.11188686341047287,0.005954294465482235,0.4873735284432769
126,0.47347056269645693,2.043086290359497,0.16282494962215424,0.20159317851066588,0.1087285652756691,0.01037552896887064,0.4204662561416626,1.1557172894477845,0.15174354314804078,0.19346317946910857,0.10309002846479416,0.005544098373502493,0.453840849455446
127,0.4788952648639679,2.0460167646408083,0.16168029308319093,0.21808544397354127,0.10743177384138107,0.010034153982996941,0.4294721484184265,0.9448177099227906,0.15280478596687316,0.2230887234210968,0.10246142596006394,0.005365798156708479,0.4837207335047423
128,0.476724773645401,2.1539453983306887,0.16059520542621614,0.21049245595932006,0.10700037777423858,0.010207922570407391,0.42565918564796446,1.1143093585968018,0.15665239989757537,0.18670082092285156,0.1067372903227806,0.005941889341920614,0.4560324004851282
129,0.45210266709327696,2.0757264256477357,0.1535583406686783,0.19140460789203645,0.10305159837007523,0.009724242240190506,0.4095534563064575,1.2973706364631652,0.14764116406440736,0.17584396600723268,0.10038131922483444,0.007370894961059094,0.4312373442575336
130,0.4599881947040558,1.7544652462005614,0.16035835444927216,0.19917701780796052,0.10749076008796692,0.01120706032961607,0.4345869839191437,0.9202409744262695,0.1623622804880142,0.19235802590847015,0.11129107475280761,0.006678460445255041,0.472689841594547
131,0.4463769197463989,1.6799047708511352,0.15646217465400697,0.19099529683589936,0.10562286227941513,0.010149490460753441,0.4253160834312439,0.6215267658233643,0.16282235980033874,0.19221137464046478,0.11090925484895706,0.0060978509485721585,0.4720408402383328
132,0.4797382831573486,2.4286776542663575,0.16164543926715852,0.1945853590965271,0.10852168202400207,0.010127244144678115,0.42935643792152406,1.3535943984985352,0.15074414014816284,0.20203883647918702,0.1020829662680626,0.00679034162312746,0.46165628451853996
133,0.45271284580230714,1.7349955081939696,0.15492484271526336,0.2069169759750366,0.10374812185764312,0.010780800506472588,0.4141309380531311,0.995629358291626,0.15011470317840575,0.19727391600608826,0.10102364420890808,0.006376885995268822,0.45478914938867093
134,0.46188756823539734,1.6991662979125977,0.16460863649845123,0.18971494138240813,0.1115724116563797,0.009931905753910541,0.38625737428665163,1.617050862312317,0.13545945286750793,0.15582826137542724,0.0935883030295372,0.005274373665452003,0.3901503909379244
135,0.45838506817817687,2.0566715240478515,0.15975938737392426,0.180217644572258,0.10774522572755814,0.010170851089060306,0.4109941780567169,0.5533157765865326,0.15793333053588868,0.18521421551704406,0.10792364478111267,0.006205639149993658,0.45727682998403907
136,0.48512754440307615,2.43048255443573,0.16273178160190582,0.20133072435855864,0.10922540128231048,0.010063081607222557,0.37117340564727785,0.9107403993606568,0.14406710118055344,0.13497080206871032,0.09989994615316392,0.005121888592839241,0.38405973799526694
137,0.45602635145187376,1.7863717079162598,0.15839847922325134,0.1984035849571228,0.10634421706199645,0.009730016998946666,0.41297823190689087,1.0381515264511108,0.16097368597984313,0.14758004546165465,0.1108621209859848,0.005732998251914978,0.42514885067939756
138,0.46389654874801634,1.6003551959991456,0.16416544914245607,0.20357209146022798,0.11059058010578156,0.009301031567156315,0.4107938051223755,2.0758184671401976,0.1439427375793457,0.14512300193309785,0.09908206909894943,0.005920553859323263,0.39406836247071625
139,0.4718324840068817,2.445706081390381,0.15850462913513183,0.18974265456199646,0.10708670914173127,0.008996713347733021,0.4128121256828308,1.183102560043335,0.1521878272294998,0.1718636691570282,0.1050070971250534,0.0053638570010662075,0.4344224505126476
140,0.45689272284507754,2.033450412750244,0.1569167733192444,0.18996365666389464,0.1060684934258461,0.009341061674058437,0.43147232532501223,1.3221872329711915,0.15553211867809297,0.1924068182706833,0.10462486296892166,0.006199849955737591,0.4587636498734355
141,0.4552938163280487,1.883947992324829,0.16029112040996552,0.18365191221237182,0.1078340694308281,0.009665698185563088,0.39832998514175416,1.843653380870819,0.1429212898015976,0.13554804772138596,0.0995688110589981,0.005959999375045299,0.38399814795702697
142,0.4361769318580627,2.0458027362823485,0.1497835785150528,0.17448917925357818,0.10061818957328797,0.010285380855202675,0.3781290829181671,1.0673940420150756,0.14952220022678375,0.11689455807209015,0.10429718345403671,0.005623060837388038,0.3763370025902987
143,0.44559417963027953,1.5199907064437865,0.15990775525569917,0.18834059238433837,0.10710543692111969,0.009756309911608696,0.45115272998809813,1.1920709133148193,0.16354615986347198,0.20822139978408813,0.11052171140909195,0.006432530470192432,0.4887218015268445
144,0.41646662950515745,1.2264700651168823,0.1539001762866974,0.1692127525806427,0.1035503700375557,0.009765080735087394,0.39498901963233946,0.9345998048782349,0.14820969700813294,0.17050558030605317,0.10005040019750595,0.005423108488321305,0.42418878600001336
145,0.43602097034454346,1.2796392560005188,0.1592215269804001,0.1849886566400528,0.1074321672320366,0.009484951756894589,0.3639206290245056,0.7513169527053833,0.14462268650531768,0.12769600600004197,0.10004445761442185,0.0056306119076907635,0.37799376202747226
146,0.4190840482711792,1.3578948974609375,0.15483317971229554,0.16023442447185515,0.1056227669119835,0.009724842384457588,0.34920263290405273,0.8883047580718995,0.13503273725509643,0.12433373928070068,0.09425831735134124,0.00584143940359354,0.35946623329073196
147,0.44848374724388124,2.002608394622803,0.15790280401706697,0.17017173618078232,0.10716551840305329,0.00952962413430214,0.3994194269180298,1.093274211883545,0.1474910020828247,0.17081789076328277,0.10057997852563857,0.0052044008858501915,0.4240932722575962
148,0.43513378500938416,1.3955451250076294,0.15979444980621338,0.173781156539917,0.10778354704380036,0.009771355427801609,0.39077418446540835,1.0728837728500367,0.14601416289806365,0.1581200420856476,0.0999806433916092,0.006185743026435375,0.4103005914017558
149,0.4379985570907593,1.5291818857192994,0.15769732892513275,0.17931550294160842,0.10660523176193237,0.009461883082985878,0.42038371562957766,1.365729522705078,0.14918595552444458,0.18691545426845552,0.10244211256504059,0.006412616930902004,0.4449561392888427
150,0.4537847816944122,2.2930970430374145,0.15666321218013762,0.1665366679430008,0.1065799430012703,0.010211028903722764,0.36803415417671204,0.8616757154464721,0.14516032338142396,0.12433453500270844,0.10186685919761658,0.005653367005288601,0.3770150845870376
151,0.44762378334999087,1.6086036682128906,0.1572888523340225,0.19707831740379333,0.1058254063129425,0.00893496684730053,0.4235998749732971,0.8143903493881226,0.16095035672187805,0.18445701599121095,0.10975689291954041,0.005774785857647657,0.46093905149027703
152,0.3963485360145569,1.4469899654388427,0.14597252011299133,0.14483732581138611,0.09941113591194153,0.008488581143319606,0.37013527750968933,0.8002282619476319,0.14498329162597656,0.1369412958621979,0.10057380944490432,0.004434322193264961,0.3869327191263437
153,0.4260993659496307,1.5062321424484253,0.15236969888210297,0.1778877407312393,0.10317038595676423,0.008506413176655769,0.38846096992492674,0.8453235864639282,0.15086971521377562,0.14820169806480407,0.1041892871260643,0.005382061284035444,0.4086427616886794
154,0.4311091065406799,1.7529524564743042,0.1540515273809433,0.16350969672203064,0.10525024086236953,0.009505167230963707,0.38903836011886594,1.110599797964096,0.14911263585090637,0.137984237074852,0.10356051325798035,0.006046521570533514,0.3967039077542722
155,0.44771468043327334,2.288723278045654,0.15399829149246216,0.16452097296714782,0.10550002008676529,0.009277881681919098,0.38140984773635866,0.7230395317077637,0.14356146454811097,0.16833050847053527,0.0995024710893631,0.00539600607007742,0.41679045017808675
156,0.43924893736839293,1.788868236541748,0.15879495143890382,0.16065621078014375,0.10821744203567504,0.009262011758983136,0.41231529712677,1.4308870077133178,0.14444492757320404,0.18630611300468444,0.09853488802909852,0.006238305196166039,0.435524233803153
157,0.4353747248649597,2.044241118431091,0.14954323470592498,0.17294486463069916,0.10161299258470535,0.009300235845148563,0.40364140272140503,1.1291347980499267,0.1530617356300354,0.15355184674263,0.10493956506252289,0.006253936886787414,0.4178070843219757
158,0.4135753571987152,1.5140612363815307,0.152939310669899,0.14508868157863616,0.10487090051174164,0.010301567055284977,0.4117246150970459,1.0742479622364045,0.15607711672782898,0.1608109414577484,0.1071564257144928,0.006632481049746275,0.4306769649498165
159,0.42157297134399413,1.6311185598373412,0.15186040699481965,0.16122977435588837,0.10330134779214858,0.00927241165190935,0.3705646336078644,1.117493462562561,0.13906309604644776,0.13784326910972594,0.09681106954813004,0.006330570951104164,0.3800480056554079
160,0.4170208275318146,1.3593573570251465,0.1517960786819458,0.1694430708885193,0.10275795906782151,0.009436164051294327,0.4007545351982117,1.006433403491974,0.1544196605682373,0.1498988002538681,0.10645187199115753,0.005509546212852001,0.4162798790261149
161,0.4348107039928436,1.9103296875953675,0.15421425998210908,0.16274064481258393,0.10500746369361877,0.008665577508509159,0.39537813067436217,1.4601707577705383,0.14881409406661988,0.13168807625770568,0.10346418917179108,0.005268362630158663,0.3892347221262753
162,0.44290746450424195,1.8237584352493286,0.1555628925561905,0.18046531081199646,0.10480929315090179,0.00925325769931078,0.3650925517082214,0.6030216336250305,0.1439027488231659,0.1450146660208702,0.09829344153404236,0.005025455541908741,0.3922363119199872
163,0.42271066904067994,1.5827528476715087,0.15391444265842438,0.15852461457252504,0.10500358939170837,0.008949789404869079,0.3779265463352203,1.4612661361694337,0.1393103837966919,0.13631171584129334,0.0952963650226593,0.0049483983777463434,0.3758668630383909
164,0.4226997375488281,1.348391854763031,0.15050019919872284,0.18848979771137236,0.10160699337720872,0.008279783558100462,0.3891878128051758,0.7148792743682861,0.1489590287208557,0.16649956554174422,0.10225041806697846,0.004986249748617411,0.42269526207819574
165,0.43576098084449766,1.7229980945587158,0.15368003845214845,0.18019103407859802,0.10350020080804825,0.008656098414212466,0.3827953636646271,0.969611382484436,0.14835058450698851,0.13956557512283324,0.10269189774990081,0.004588026739656925,0.3951960841193795
166,0.4311326205730438,1.680165433883667,0.1551717460155487,0.1676645964384079,0.10479089170694351,0.008426263462752104,0.4105650246143341,0.8960535049438476,0.1538040041923523,0.1804444432258606,0.1057141289114952,0.00454606544226408,0.44450864177197225
167,0.41131255626678465,1.2520586729049683,0.15266650915145874,0.16065747737884523,0.1042927548289299,0.00847070449963212,0.38735808730125426,1.0688613653182983,0.15170731544494628,0.12818685919046402,0.10606656223535538,0.004404954891651869,0.3903656917624176
168,0.40531256794929504,1.4392654418945312,0.14981537461280822,0.14640214294195175,0.10334605276584626,0.00829860484227538,0.39452679753303527,1.1801339387893677,0.14681631028652192,0.15733802914619446,0.10114601999521255,0.004468777542933821,0.4097691369708628
169,0.42758120894432067,1.5499200344085693,0.1538510411977768,0.17163748145103455,0.10498372912406921,0.008085547108203172,0.3957261621952057,0.7233753800392151,0.15362341701984406,0.15998711436986923,0.10654911547899246,0.004477326944470406,0.42463697381317617
170,0.387710040807724,1.0380643725395202,0.1512083351612091,0.13083464354276658,0.1040526032447815,0.00806881533935666,0.37420596480369567,0.8553136587142944,0.14542509913444518,0.13888510763645173,0.10135621130466461,0.00462523140013218,0.39029164947569367
171,0.4110840618610382,1.3746712923049926,0.1517459988594055,0.15761752128601075,0.1032136246562004,0.00818048296496272,0.4086570739746094,1.2808911085128785,0.15706880688667296,0.14051322638988495,0.108317631483078,0.004533600807189941,0.41043326556682586
172,0.39159342646598816,1.0341066598892212,0.1462942212820053,0.15875106751918794,0.09987684041261673,0.008235413767397403,0.3867037892341614,0.5954769611358642,0.15007255971431732,0.1640142023563385,0.10332418829202653,0.004887318704277277,0.42229826906695966
173,0.4096782743930817,1.4385062098503112,0.1509598970413208,0.15161601305007935,0.10345418006181717,0.008727185521274805,0.3885054588317871,0.8405637979507447,0.14887404143810273,0.1591578960418701,0.1018310010433197,0.004613898601382971,0.4144768371246755
174,0.41361435055732726,1.7490863800048828,0.14750129282474517,0.15645422637462617,0.10008066296577453,0.008332041651010513,0.3616429567337036,0.8838312864303589,0.1375684380531311,0.14265095293521882,0.09565647691488266,0.00437704473733902,0.3802529126405716
175,0.4074562728404999,1.6012272715568543,0.14662706553936006,0.15623170435428618,0.09948745518922805,0.008376673609018326,0.3787559807300568,1.1404177665710449,0.14804059267044067,0.12079607844352722,0.10351281017065048,0.004262704215943813,0.37661218550056225
176,0.3893335461616516,1.2946795701980591,0.14493888914585112,0.14416733682155608,0.09887222647666931,0.008015121333301067,0.39555600881576536,1.042609190940857,0.1525562047958374,0.14391317069530488,0.10643619894981385,0.004024993907660246,0.40693056834861635
177,0.4154169261455536,1.475906991958618,0.15312512516975402,0.15474098473787307,0.10444312691688537,0.007965631037950515,0.4031373143196106,0.5157264351844788,0.1546858072280884,0.18444443643093109,0.10652965158224106,0.004700944852083921,0.45036084009334443
178,0.3922962784767151,1.1483269095420838,0.14839474558830262,0.14488320499658586,0.10158705115318298,0.008205876313149929,0.3726049244403839,0.7996484994888305,0.14213019013404846,0.1528424859046936,0.09827897250652314,0.004798606596887111,0.3980502551421523
179,0.4008058845996857,1.2049594163894652,0.15154139399528505,0.14506569802761077,0.10420400351285934,0.008672240749001503,0.41851038932800294,1.3851266741752624,0.15660883188247682,0.15461086630821227,0.10806552022695541,0.005221478175371885,0.4245066965930164
180,0.4095447063446045,1.6968385696411132,0.15200069546699524,0.13130305856466293,0.10445956140756607,0.008753745257854462,0.4018406093120575,0.9102048635482788,0.1559426248073578,0.15078418850898742,0.10810042470693589,0.005586861260235309,0.4204140992835164
181,0.441760390996933,2.0467379570007322,0.15294743776321412,0.1726871222257614,0.10430525243282318,0.008817847631871701,0.3822924256324768,0.9343790054321289,0.14442346692085267,0.15345699787139894,0.10034517496824265,0.005541711300611496,0.40376735106110573
182,0.42777555584907534,1.7290958404541015,0.15342436730861664,0.161817529797554,0.10474420189857483,0.008772087655961514,0.42166576981544496,1.5986467480659485,0.1544652909040451,0.15257091522216798,0.10722026824951172,0.006917526572942733,0.4211740009486675
183,0.4166159272193909,1.6379716873168946,0.15022361576557158,0.15552529990673064,0.10289384573698043,0.009359912201762199,0.42278738021850587,1.19047212600708,0.15772729516029357,0.16943962275981903,0.10878213942050934,0.006140712928026914,0.4420897702686489
184,0.40644816160202024,1.4492738366127014,0.15017497837543486,0.1464145690202713,0.10340280830860138,0.008785514533519745,0.40845491290092467,1.01635684967041,0.157904189825058,0.15037273168563842,0.1092640608549118,0.005755395442247391,0.4232963778078556
185,0.3978051543235779,1.8024787187576294,0.14497308433055878,0.12702696621418,0.09996850788593292,0.008972988277673722,0.3587344467639923,0.5793254137039184,0.14332625269889832,0.13184510171413422,0.09990369826555252,0.005052744597196579,0.3801277972757816
186,0.4060978412628174,1.4590253829956055,0.14713916480541228,0.16003448367118836,0.09972474873065948,0.008597283065319062,0.3639272153377533,1.2408964157104492,0.14328900575637818,0.09966232031583785,0.10077776312828064,0.005920812394469977,0.3496499015949666
187,0.40992084741592405,1.3126345872879028,0.15066490769386293,0.16145132184028627,0.10275781005620957,0.008943503350019455,0.4014796257019043,1.2886823773384095,0.15149730145931245,0.14247754216194153,0.10641926676034927,0.004806211218237877,0.4052003215998411
188,0.39858064651489256,1.4025628209114074,0.14550041854381562,0.15291189402341843,0.09956762492656708,0.008399532735347747,0.35991315841674804,1.1946962833404542,0.134318944811821,0.13192090690135955,0.09396934956312179,0.004228214267641306,0.36443741554394365
189,0.39399282932281493,1.3652328729629517,0.1475130945444107,0.1385066032409668,0.10144678801298142,0.007600051537156105,0.3366131842136383,0.8593143820762634,0.13356900513172149,0.1086347907781601,0.09345500767230988,0.003969325823709369,0.3396281294059008
190,0.39172816276550293,1.3287728428840637,0.14764559268951416,0.13491245061159135,0.10153751969337463,0.008137857541441917,0.35638887882232667,0.8258238315582276,0.13886970281600952,0.1270475059747696,0.09808550029993057,0.004801822034642101,0.3688045311253518
191,0.38976571559906004,1.1373157620429992,0.14742547273635864,0.14406123459339143,0.1012736439704895,0.007759158778935671,0.36828258633613586,0.6874619960784912,0.1442536950111389,0.14421091973781586,0.09906584471464157,0.00483282576315105,0.3923632852267474
192,0.4056610941886902,1.401057815551758,0.15015496611595153,0.14994097352027894,0.10264548510313035,0.00832487978041172,0.42681167721748353,1.0957600593566894,0.1561169445514679,0.19146811366081237,0.10752195566892624,0.0047750470228493215,0.4598820609040558
193,0.40378822684288024,1.5275517225265502,0.14618706107139587,0.15394006967544555,0.10013740807771683,0.007756807841360569,0.3984044373035431,0.9952476978302002,0.14844568371772765,0.17165851294994355,0.10135100483894348,0.00461706230416894,0.4260722638107836
194,0.41001332402229307,1.6136903047561646,0.15070927441120147,0.14330624490976335,0.10343312472105026,0.00809318469837308,0.43997231125831604,1.8187010288238525,0.155073145031929,0.1821562319993973,0.10493943691253663,0.004722793400287628,0.4468916073441505
195,0.3890138030052185,1.480174708366394,0.14530594050884246,0.13057994693517685,0.09925466179847717,0.008138279803097248,0.37655639052391054,0.5987638831138611,0.15101304650306702,0.13750334829092026,0.10542095750570298,0.004578826017677784,0.398516178317368
196,0.40007815361022947,1.4338399767875671,0.14721199870109558,0.14772490710020064,0.10104733258485794,0.007855388056486844,0.34774707555770873,0.7687415361404419,0.14088478088378906,0.10639995783567428,0.0991611897945404,0.004659916460514069,0.3511058449745178
197,0.40366256833076475,1.5398866891860963,0.1471083641052246,0.1487726628780365,0.10128863006830216,0.00751567892730236,0.38856507539749147,1.1499320983886718,0.14862310290336608,0.13581411093473433,0.10449117720127106,0.004744502110406756,0.3936728931497782
198,0.4115882098674774,2.0819626331329344,0.14590676724910737,0.13586389273405075,0.10073554664850234,0.007676747161895037,0.3875707447528839,0.7390869498252869,0.15038689970970154,0.1552714228630066,0.10406100600957871,0.004624496772885322,0.4143438253551722
199,0.42031617760658263,1.6352609038352965,0.15330123901367188,0.15324601531028748,0.10504992157220841,0.00803415784612298,0.37972977161407473,1.103842067718506,0.14523879289627076,0.13477725386619568,0.10150817334651947,0.004901626892387867,0.3864258470013738
200,0.4012294292449951,1.6641211986541748,0.14436578154563903,0.14679698646068573,0.09900808334350586,0.008086079545319081,0.37420420050621034,0.6329739093780518,0.15034528076648712,0.13325835317373275,0.10505188703536987,0.004456558637320996,0.3931120796129107
201,0.3872445642948151,1.2589329719543456,0.1468358427286148,0.13295139670372008,0.10154329091310502,0.007506529241800309,0.34399226903915403,0.495091712474823,0.14070939719676973,0.11717811226844788,0.09896841049194335,0.003901112265884876,0.3607570322230458
202,0.3928833782672882,1.4726287841796875,0.14825804233551027,0.12498203665018082,0.10299737453460693,0.007580672949552536,0.35838750600814817,0.954196548461914,0.1372123122215271,0.13233582377433778,0.09597925394773484,0.004228079598397017,0.36975546954199673
203,0.39445036053657534,1.487320876121521,0.14448142051696777,0.14404227435588837,0.09925181865692138,0.007400106638669968,0.4128698170185089,0.5016345500946044,0.16286225020885467,0.17418937087059022,0.11205180138349533,0.004627971537411213,0.45373139400035145
204,0.40348697304725645,1.349643611907959,0.14870581328868865,0.15352194011211395,0.1021471619606018,0.008060783799737691,0.3898198246955872,1.5756832361221313,0.14348393976688384,0.12959208488464355,0.10118110328912736,0.006273490376770496,0.3805306183174252
205,0.3964617908000946,1.5640695810317993,0.1435908079147339,0.14494912475347518,0.09922176599502563,0.007906284555792809,0.3819322526454926,0.8387986660003662,0.14616811871528626,0.15537499040365219,0.1004844069480896,0.004563749022781849,0.40659126508980986
206,0.38669538497924805,1.0563516736030578,0.14760033786296844,0.14163985699415207,0.10180903971195221,0.00750778429210186,0.35732691287994384,0.9279757857322692,0.138598495721817,0.1256446823477745,0.0971454530954361,0.004573782440274954,0.3659624136053026
207,0.40218613147735593,1.5142067193984985,0.14843193888664247,0.14254874885082244,0.10229938179254532,0.00723977517336607,0.33650293946266174,0.8116830706596374,0.1321062207221985,0.11594668477773666,0.09278797507286071,0.004090945422649384,0.3449318259954452
208,0.3870149254798889,1.1456108570098877,0.14823581874370576,0.1341671973466873,0.10247284919023514,0.0074388118460774425,0.3843034267425537,0.9971421718597412,0.14560409188270568,0.15149569809436797,0.10102097690105438,0.004136299900710583,0.4022570667788386
209,0.3960298836231232,1.2060049533843995,0.1485885351896286,0.14904415011405944,0.10180392563343048,0.007453550770878792,0.3892054259777069,0.7344966530799866,0.14816097617149354,0.16838887333869934,0.10169175118207932,0.004987376742064953,0.4232289774343372
210,0.4042400777339935,1.7384016275405885,0.146673983335495,0.13942483812570572,0.1006222516298294,0.008206547237932682,0.3607979714870453,1.454366111755371,0.13675032556056976,0.10625966787338256,0.09658057540655136,0.004794514365494251,0.344385083205998
211,0.38191556334495547,1.691065001487732,0.1408798038959503,0.1195104330778122,0.09700318574905395,0.007670651189982891,0.3982450783252716,1.4926050186157227,0.15187184810638427,0.12265040576457978,0.10666330754756928,0.004617433249950409,0.3858029946684837
212,0.3944070041179657,1.510957407951355,0.1483111560344696,0.12488957196474075,0.10316279977560043,0.007853282801806926,0.36840500831604006,1.1385193824768067,0.13686105608940125,0.14233939349651337,0.09585680216550826,0.004270933847874403,0.3793281855992973
213,0.3925155758857727,1.635118007659912,0.1450625866651535,0.12585487216711044,0.10113943070173263,0.007600083295255899,0.3752050518989563,0.9844088315963745,0.14571288824081421,0.12978464215993882,0.10233409851789474,0.005129844229668379,0.38296147314831613
214,0.3873156189918518,1.5149481058120728,0.14636459052562714,0.11938595920801162,0.10110158175230026,0.007764437049627304,0.3903600871562958,1.065503978729248,0.1551404744386673,0.12131387591362,0.1082801416516304,0.004699070937931538,0.3894335629418492
215,0.38127588033676146,1.106938362121582,0.14823463559150696,0.12558722794055938,0.10225628763437271,0.007337504997849464,0.37323302030563354,0.8730923652648925,0.14833037555217743,0.12312436103820801,0.10447240322828293,0.004298850847408176,0.38022599066607654
216,0.4045534789562225,1.6615300178527832,0.1491692006587982,0.135328072309494,0.10306356251239776,0.0071099034510552885,0.3807042181491852,1.4167665004730225,0.1477271854877472,0.10763837099075317,0.10407855063676834,0.0043298108503222466,0.36377391796559094
217,0.39027742147445676,1.4470101952552796,0.1434830129146576,0.14030666053295135,0.09934511631727219,0.0074129183776676655,0.3772034764289856,1.6670013427734376,0.14031551778316498,0.11242618411779404,0.09901958853006362,0.00511733740568161,0.35687862783670427
218,0.40335058569908144,1.635927951335907,0.14673362374305726,0.1432258039712906,0.10063259750604629,0.008495569322258234,0.3956253886222839,1.1838451147079467,0.14598572254180908,0.16209765374660492,0.10105976909399032,0.00402651410549879,0.41316965948790313
219,0.38322325348854064,1.1673025846481324,0.14567915499210357,0.13407395482063295,0.10085910558700562,0.00784729178994894,0.35754446387290956,0.6840758085250854,0.1457558959722519,0.11220829784870148,0.10274674743413925,0.004663158301264047,0.3653740995563567
220,0.38538445234298707,1.179255437850952,0.14850426018238067,0.1276129364967346,0.10262779295444488,0.00766771798953414,0.3534554421901703,0.929493498802185,0.1359008491039276,0.12517184019088745,0.09613707065582275,0.005380873940885067,0.3625906338915229
221,0.39315319061279297,1.3361003518104553,0.1475997805595398,0.13693791031837463,0.10183070600032806,0.00807252936065197,0.3385450541973114,0.7696382522583007,0.13578679859638215,0.1061577245593071,0.09602658152580261,0.004866129718720913,0.3428372344002128
222,0.3875145375728607,1.1539319038391114,0.14443985521793365,0.1495886892080307,0.09883659482002258,0.008482578210532665,0.34999356269836424,0.9528743863105774,0.1401532471179962,0.10261054188013077,0.0986599013209343,0.004654633905738592,0.3460783242247999
223,0.367351895570755,1.3285880088806152,0.14072748720645906,0.11075592935085296,0.09803681373596192,0.007437840476632119,0.3611068606376648,1.0755444645881653,0.13931168913841246,0.12114555537700653,0.09756131768226624,0.005046254023909569,0.36306481622159475
224,0.3851630032062531,1.4067382574081422,0.14617023766040801,0.12037660330533981,0.10210027247667312,0.007525723334401846,0.3675872921943665,0.916135048866272,0.14263923168182374,0.1302068829536438,0.10053704679012299,0.0047080936841666695,0.3780912551097572
225,0.3842611968517303,1.516758966445923,0.1417179137468338,0.13007416427135468,0.09829344302415848,0.007666266243904829,0.33412368297576905,1.2097322940826416,0.1306200921535492,0.0906910240650177,0.09277726411819458,0.004235427407547831,0.3183238077443093
226,0.374364972114563,1.1613034009933472,0.14200096130371093,0.13196176737546922,0.09836643040180207,0.0068248527124524115,0.3317121624946594,0.8487415552139282,0.13186891376972198,0.10446992218494415,0.09237385541200638,0.004854853264987469,0.33356754463166
227,0.4029970049858093,1.561946964263916,0.14769238829612732,0.14348230063915252,0.10190661251544952,0.007514233328402042,0.36123350262641907,0.521677041053772,0.1455023393034935,0.13167669773101806,0.10161990523338318,0.005031610466539859,0.38383055273443456
228,0.3827068030834198,1.5319322347640991,0.14142158925533294,0.1281540498137474,0.09748614728450775,0.00782822510227561,0.3914188802242279,0.6716072082519531,0.1516500234603882,0.16294017434120178,0.10480135530233384,0.004313102178275585,0.4237046552821994
229,0.401921010017395,1.4621375679969788,0.1472955733537674,0.14888848811388017,0.10142194032669068,0.007765744253993035,0.4070986986160278,1.397252607345581,0.15288510620594026,0.14666025042533876,0.10555959492921829,0.004041790030896664,0.40914674159139397
230,0.38137935400009154,1.5375166177749633,0.144580414891243,0.11107542067766189,0.10123754739761352,0.007117281761020422,0.3672822892665863,0.619190263748169,0.14817436933517455,0.1266757607460022,0.10412072241306305,0.00491247340105474,0.3838833258952945
231,0.36746189594268797,1.3026412725448608,0.1366440773010254,0.1306562229990959,0.09439217299222946,0.006699251756072044,0.3630364179611206,0.6427523970603943,0.14800207018852235,0.1188531368970871,0.10384291559457778,0.004116936726495624,0.3748150594066828
232,0.37291125655174256,1.2728160738945007,0.14214199483394624,0.12111912369728088,0.09853536486625672,0.0072306496091187,0.32621941566467283,0.49383494853973386,0.13599164485931398,0.0980080172419548,0.09639753103256225,0.004018374858424068,0.3344155679922551
233,0.3733376145362854,1.4757277965545654,0.1375488042831421,0.12747724056243898,0.09511781334877015,0.007358248066157103,0.3787394344806671,0.746600604057312,0.14628633260726928,0.1511496663093567,0.10186097621917725,0.004802847187966109,0.4040998223237693
234,0.38592904806137085,1.8629884243011474,0.13775166273117065,0.1292204439640045,0.09510270357131959,0.007177786529064178,0.34020739793777466,0.9388783931732178,0.13244951367378235,0.11379514187574387,0.09253955781459808,0.005234974157065153,0.3440191875211895
235,0.37765116691589357,1.5546886920928955,0.1382460981607437,0.12861797213554382,0.09532340764999389,0.007832569256424903,0.3475925087928772,0.8473740816116333,0.1314826488494873,0.13865681886672973,0.09150867164134979,0.005078597133979202,0.36672673649154597
236,0.3954269111156464,1.7703608632087708,0.14216981530189515,0.1381641834974289,0.097715725004673,0.007020696625113487,0.35404677391052247,0.8071585178375245,0.13997640013694762,0.12222360074520111,0.09782394021749496,0.0041779855266213415,0.36420192662626505
237,0.38306435346603396,1.1042219758033753,0.14636341035366057,0.13683319985866546,0.10088306367397308,0.007145625632256269,0.3320834755897522,0.6516255617141724,0.13469260185956955,0.10675441920757293,0.09486568421125412,0.003800980094820261,0.3401136853732169
238,0.37823941707611086,1.2975828766822814,0.14532252848148347,0.11828356236219406,0.10097584426403046,0.006867505703121423,0.3716811120510101,1.1763230681419372,0.1375168740749359,0.14627847373485564,0.09531646966934204,0.004164973273873329,0.3832767907530069
239,0.3656210660934448,1.3769328117370605,0.138099804520607,0.11727221459150314,0.09520051330327987,0.006795269716531038,0.33097289204597474,0.6305728077888488,0.13238919377326966,0.1143875241279602,0.09334363043308258,0.0037875217385590076,0.34390787007287144
240,0.3616472363471985,1.1066218137741088,0.14156833589076995,0.11028331369161606,0.09838589429855346,0.00719861863180995,0.39846288561820986,0.901771092414856,0.1497946411371231,0.1676997035741806,0.10399453490972518,0.005445452034473419,0.4269343316555023
241,0.38110052347183226,1.145232367515564,0.1468522369861603,0.12664104253053665,0.10184194594621658,0.00765485018491745,0.3396404802799225,0.5073965668678284,0.13381648063659668,0.1327056884765625,0.094172602891922,0.004733369778841734,0.3654281417839229
242,0.3677567899227142,1.1137953996658325,0.13997764885425568,0.12789223492145538,0.09712976515293122,0.007562647573649883,0.3439475655555725,0.9343991041183471,0.13556582927703859,0.10941995978355408,0.09511657655239106,0.004871467873454094,0.3449738334864378
243,0.3569226682186127,1.0412512302398682,0.1386555790901184,0.11554469764232636,0.09657810479402543,0.007068540435284376,0.3364246845245361,0.8544532537460328,0.13744843006134033,0.09212938994169236,0.09689391702413559,0.004134800424799323,0.33060653745196755
244,0.35734063386917114,1.0917232990264893,0.13895113468170167,0.11260254532098771,0.09674664437770844,0.006856641080230474,0.33114901185035706,0.5843413591384887,0.13305408656597137,0.11648188084363938,0.09264682978391647,0.004380135051906109,0.34656293224543333
245,0.35465291142463684,1.1161566495895385,0.13720768094062805,0.11153197288513184,0.0958148717880249,0.007054476160556078,0.36311007738113404,0.6198383808135987,0.14476896524429322,0.1360371470451355,0.09977477788925171,0.004284030478447676,0.38486492065712813
246,0.38409273624420165,1.5066220879554748,0.1423614352941513,0.12862671166658401,0.09875495731830597,0.007131486758589744,0.3746808171272278,0.7409032225608826,0.14753592908382415,0.13780687004327774,0.10322115123271942,0.00469428775832057,0.3932582381181419
247,0.35244730710983274,1.1841110467910767,0.13513934910297393,0.11108947247266769,0.09423060864210128,0.007116290088742971,0.3366536796092987,0.7252839922904968,0.13637061715126036,0.10214965343475342,0.09714467078447342,0.004329878557473421,0.3399948199279606
248,0.36997210383415224,1.3726946592330933,0.139853835105896,0.11937104761600495,0.09662545323371888,0.006650971807539463,0.3507236897945404,0.8280134439468384,0.13547425866127014,0.13318872153759004,0.0939638689160347,0.003937044134363532,0.36656389324925837
249,0.3772104442119598,1.2394429206848145,0.141546893119812,0.1348513960838318,0.09788487553596496,0.0069432931020855905,0.36636090874671934,1.034774613380432,0.1365155518054962,0.14887263178825377,0.09400335997343064,0.0043704704847186806,0.38376201405189925
250,0.38445926308631895,1.5457259893417359,0.1409048467874527,0.13354268968105315,0.09736775606870651,0.006946520786732436,0.3581355094909668,0.791971743106842,0.13871488273143767,0.13465383648872375,0.09739219695329666,0.004570540739223361,0.37533145691268144
251,0.37646243572235105,1.4637025117874145,0.1363418072462082,0.1394802898168564,0.09439675360918046,0.006863278616219759,0.38802131414413454,0.7142631530761718,0.15197600722312926,0.15195880830287933,0.10572400987148285,0.003598255943506956,0.41325708134099837
252,0.3774354577064514,1.372786045074463,0.14292358756065368,0.12142445892095566,0.09913500100374222,0.0069947709329426285,0.35430896282196045,0.5947458267211914,0.14172794222831725,0.12952976822853088,0.09893500655889512,0.0038473661988973618,0.37404008321464055
253,0.3630243897438049,1.1747419357299804,0.13637666404247284,0.13056317269802092,0.09415996074676514,0.0066979706287384035,0.3185139954090118,0.6981278657913208,0.12864063680171967,0.10081741213798523,0.09002203196287155,0.003958093887194991,0.32343817478977144
254,0.38788318634033203,1.3742278456687926,0.14466597139835358,0.13604827225208282,0.10025644451379775,0.006823706906288862,0.3516765534877777,0.861878490447998,0.13639952540397643,0.12711938917636872,0.0954421579837799,0.004484165832400322,0.36344523839652537
255,0.3801347851753235,1.6015738129615784,0.13930630385875703,0.12781594395637513,0.09630444943904877,0.0067250940948724745,0.3689249277114868,0.8273880243301391,0.14724908471107484,0.12010450959205628,0.1045990064740181,0.003933035163208842,0.37588563594035806
256,0.36027618646621706,1.1241002798080444,0.13766560852527618,0.12224971354007722,0.09552241116762161,0.0067245131358504295,0.3405036985874176,0.9871176958084107,0.13251296281814576,0.1109435111284256,0.09376146644353867,0.003773371782153845,0.34099131217226386
257,0.3549524247646332,1.2342846870422364,0.13702318370342254,0.10703788548707963,0.09535678774118424,0.00660046236589551,0.3462759435176849,0.6634325742721557,0.14167285561561585,0.10777401179075241,0.10018679350614548,0.0032738996203988792,0.3529075605329126
258,0.35632615089416503,1.2449429631233215,0.13469966650009155,0.1181748315691948,0.0937284305691719,0.006460590474307537,0.3267762780189514,1.1764028072357178,0.12395655810832977,0.10389727801084518,0.08796382993459702,0.0040340755134820935,0.3198517415672541
259,0.3577826201915741,1.289103102684021,0.13679377734661102,0.11077447533607483,0.0951649159193039,0.00629265122115612,0.3462915182113647,1.0144531011581421,0.1356860101222992,0.10992253720760345,0.09529643952846527,0.003967120591551065,0.344872107449919
260,0.3764539062976837,1.496288013458252,0.14035328924655915,0.12112478613853454,0.0979397401213646,0.006627406366169453,0.35823986530303953,0.47566081285476686,0.14021332263946534,0.14953840672969818,0.09820503741502762,0.003914009919390083,0.39187077670358117
261,0.3568226397037506,1.2746121406555175,0.1380519300699234,0.1048892468214035,0.09611796587705612,0.006227654963731765,0.33484331965446473,1.1643475532531737,0.1318459004163742,0.09227504953742027,0.09315002858638763,0.003443225286900997,0.3207142038270831
262,0.39883107542991636,1.7863520622253417,0.14553512036800384,0.13126294016838075,0.10027090758085251,0.006708560790866613,0.33409951329231263,0.6956361651420593,0.13617786169052123,0.103529554605484,0.09551918357610703,0.0036186023615300657,0.3388452022336423
263,0.3746282160282135,1.5102253437042237,0.13981162011623383,0.12052990794181824,0.09668474346399307,0.006568297557532787,0.33347872495651243,0.8303917169570922,0.13344407677650452,0.10336334258317947,0.09417998641729355,0.003674854664131999,0.3346622604411095
264,0.3700840175151825,1.215565311908722,0.1415906935930252,0.12172399908304214,0.09807483851909637,0.0068162624724209305,0.3227569699287415,0.7777971565723419,0.12576784491539,0.11483869552612305,0.08847888708114623,0.0037191294133663176,0.3328045569360256
265,0.3543601751327515,1.1737564325332641,0.13870762586593627,0.10255526155233383,0.0968472719192505,0.006533471215516329,0.3578771650791168,0.930266273021698,0.1377838671207428,0.13097972869873048,0.09625338166952133,0.004121808242052794,0.3691387857310474
266,0.3929535746574402,1.8761429071426392,0.14375289380550385,0.11882350891828537,0.09993155002593994,0.006889286078512668,0.35515565872192384,0.9972787618637085,0.13882376551628112,0.11589930355548858,0.09815055131912231,0.0036408227868378164,0.3565144431777298
267,0.35646995306015017,1.2135632991790772,0.13741329312324524,0.10916311591863632,0.09596583247184753,0.006599589716643095,0.3456933796405792,0.7169550657272339,0.14226636290550232,0.10125204920768738,0.10026834309101104,0.003672407940030098,0.34745916314423086
268,0.37710049748420715,1.298467183113098,0.14158408343791962,0.1305462971329689,0.09807721376419068,0.00699317418038845,0.3390185713768005,0.9591470718383789,0.1306271880865097,0.11625498533248901,0.09245356172323227,0.004157808702439069,0.34349354384467007
269,0.366728800535202,1.4253205060958862,0.13793500363826752,0.1150522455573082,0.09604710340499878,0.0069627812132239345,0.3521444261074066,0.6104157447814942,0.1414989247918129,0.12456243336200715,0.09888010025024414,0.004102762183174491,0.3690442205872387
270,0.36965091824531554,1.2591263771057128,0.14145099818706514,0.11820667833089829,0.09823654741048812,0.006851508934050799,0.341047340631485,0.899252986907959,0.13826194405555725,0.09494492411613464,0.0977308690547943,0.004217267781496048,0.3351550050079823
271,0.34133344888687134,1.216873335838318,0.13208311796188354,0.09959539920091628,0.09203902781009674,0.0064153757877647875,0.3512889385223389,0.5727424323558807,0.14153081476688384,0.12571341693401336,0.09845457524061203,0.0042262873612344265,0.3699250943027436
272,0.356922048330307,1.2877586603164672,0.13650127947330476,0.10962796211242676,0.09520067572593689,0.006390150263905525,0.33322387337684634,0.7443161487579346,0.1346844106912613,0.10213199257850647,0.09590834081172943,0.0032839490100741386,0.33600869309157133
273,0.3686931073665619,1.3944231986999511,0.13682510256767272,0.12638310045003892,0.09515302926301956,0.006179590057581663,0.33459813594818116,0.7706785500049591,0.1330600529909134,0.11323962658643723,0.0931726336479187,0.0028761103749275208,0.3423484236001968
274,0.3734485685825348,1.435893177986145,0.14045852720737456,0.12032420039176941,0.09708687663078308,0.00653223330155015,0.34330335855484007,0.6200213551521301,0.13806840181350707,0.11999466270208359,0.09645864218473435,0.003663810295984149,0.3581855169963092
275,0.3655506014823914,1.205987286567688,0.13761100471019744,0.12868966907262802,0.09531090557575225,0.006545770540833473,0.32977277636528013,0.5554659128189087,0.13510483503341675,0.10612654983997345,0.09540098756551743,0.0035981844179332257,0.3402305568568409
276,0.3684361636638641,1.7477862596511842,0.1335175484418869,0.11606857925653458,0.09268348515033722,0.007233903370797634,0.3308089315891266,0.6491095900535584,0.13549342155456542,0.10090727508068084,0.09575509577989579,0.003621163871139288,0.33577695628628135
277,0.3662275314331055,1.2068662762641906,0.13849324882030487,0.12483005374670028,0.09688802659511567,0.006466534920036793,0.3736516356468201,1.0299838185310364,0.14452707171440124,0.13123489618301393,0.10108672231435775,0.0037364010699093343,0.3805850912816823
278,0.38747880458831785,1.7990864872932435,0.14062821567058564,0.12531799972057342,0.09745464473962784,0.006626725569367409,0.36156895756721497,1.2478958129882813,0.13819735646247863,0.11566805839538574,0.09717956930398941,0.004688090085983277,0.35573307424783707
279,0.35513792634010316,1.0754974961280823,0.13789950907230378,0.11229140311479568,0.09629320055246353,0.007078106608241796,0.35597412586212157,0.629064416885376,0.1430708110332489,0.12307945489883423,0.10068707168102264,0.004557732306420803,0.3713950699195266
280,0.35140942335128783,1.1140596866607666,0.1359936535358429,0.10983608514070511,0.09501941800117493,0.006939676497131586,0.3618349373340607,0.6163591861724853,0.1434816300868988,0.13617247343063354,0.10039662569761276,0.003833344578742981,0.38388407379388806
281,0.3712969899177551,1.4154107809066772,0.13740095645189285,0.12827024161815642,0.09537003338336944,0.006354840565472841,0.3590543448925018,1.3265305876731872,0.136496838927269,0.11056086421012878,0.09661621898412705,0.00509362043812871,0.34876754255965353
282,0.3420794248580933,1.2829166054725647,0.13108243346214293,0.10090395361185074,0.09144932478666305,0.006273844931274653,0.3332629144191742,0.9795866727828979,0.13238112032413482,0.09850560873746872,0.09292602986097336,0.004055939987301827,0.3278686989098787
283,0.35062987804412843,0.9154384851455688,0.13656479120254517,0.12055426239967346,0.09470399916172027,0.006154052447527647,0.3609142303466797,0.8735971450805664,0.14602938294410706,0.10787568688392639,0.10254856646060943,0.004263796051964164,0.36071743234060705
284,0.36593355536460875,1.6409056186676025,0.13499117493629456,0.11404665559530258,0.0935051217675209,0.005983621068298817,0.3208517491817474,0.5775565385818482,0.1347157984972,0.08526222109794616,0.0964281678199768,0.004009725805372,0.320415913220495
285,0.36240786910057066,1.716034722328186,0.1359000027179718,0.09656321704387665,0.09501245766878127,0.006503922026604414,0.3544981241226196,0.5585156559944153,0.13856704235076905,0.1450880527496338,0.09641100615262985,0.0035816635005176066,0.38364776475355034
286,0.3556683361530304,1.291918259859085,0.13620208203792572,0.10872596204280853,0.09483329206705093,0.006102857552468777,0.3436852812767029,1.0218082427978517,0.13764333128929138,0.09459923803806305,0.09820039123296738,0.0033700431697070597,0.33381300373002887
287,0.33985188603401184,1.188487136363983,0.13218179047107698,0.09777525514364242,0.09256637096405029,0.005893030110746622,0.3511457800865173,1.2625546216964723,0.13687500953674317,0.09804142564535141,0.09780982583761215,0.00312655670568347,0.3358528177253902
288,0.3596262276172638,1.09827880859375,0.13582837581634521,0.13064915984869002,0.09410224109888077,0.006081398203969001,0.3328407883644104,0.7033321321010589,0.13299623131752014,0.11346763372421265,0.09293320775032043,0.003540448471903801,0.34293752126395705
289,0.3618602275848389,1.4075447082519532,0.13344522416591645,0.12405523359775543,0.09290284365415573,0.006527356524020434,0.33865582942962646,0.859849500656128,0.13374818861484528,0.11000953912734986,0.09489086419343948,0.0035241054370999335,0.3421726973727345
290,0.35717558264732363,1.1341894388198852,0.13660670816898346,0.11888369470834732,0.09520936459302902,0.0065294656902551654,0.3586444616317749,0.6785593032836914,0.14796556830406188,0.10774829387664794,0.10411650389432907,0.003911911603063345,0.36374227767810224
291,0.3566618084907532,1.2531093955039978,0.13772840797901154,0.10694437474012375,0.09581215977668762,0.006442971806973219,0.327073872089386,0.6582360327243805,0.1347359985113144,0.09640548452734947,0.09506587237119675,0.003392812190577388,0.32960016760043803
292,0.3426402688026428,1.085689091682434,0.13174924850463868,0.11131745427846909,0.09180947095155716,0.006431849114596844,0.31001694202423097,1.0483353734016418,0.12158957421779633,0.08561124205589295,0.08729107230901718,0.003660955559462309,0.2981528441421688
293,0.36586207151412964,1.2588826298713685,0.139592307806015,0.11776507049798965,0.09731048941612244,0.0062739822082221505,0.3237394869327545,0.690145742893219,0.13523379266262053,0.08393381237983703,0.09623128771781922,0.0036519567482173445,0.3190508495084941
294,0.3387915134429932,0.9869919419288635,0.13354083001613617,0.10284474343061448,0.093342886865139,0.0059535765089094635,0.354976224899292,0.8919244766235351,0.1401952922344208,0.11724234819412231,0.09916776716709137,0.003135982854291797,0.35974139044992626
295,0.347767299413681,1.0031155824661255,0.13500627279281616,0.114145165681839,0.09439818263053894,0.005993617884814739,0.3341347277164459,0.8265761315822602,0.1345561146736145,0.09958024621009827,0.09568167924880981,0.003426132537424564,0.33324417266994716
296,0.3555473625659943,1.1397204399108887,0.13715880513191223,0.11439955830574036,0.09528069496154785,0.00612100837752223,0.32415589690208435,0.6529175281524658,0.138542777299881,0.07498363554477691,0.098524571955204,0.003286627121269703,0.31533761192113163
297,0.35079739093780515,1.3206841230392456,0.1349053144454956,0.1016574189066887,0.09432250708341598,0.005913225002586842,0.3207191705703735,1.0136615991592408,0.1259317845106125,0.0956363022327423,0.0892620101571083,0.0030157327186316253,0.31384582961909474
298,0.33955355882644656,0.9696480393409729,0.1344694525003433,0.10103892236948013,0.094459430873394,0.005888403486460447,0.339821982383728,0.6290333986282348,0.13350356072187425,0.1267295092344284,0.09484117478132248,0.003629679884761572,0.35870392462238676
299,0.3614536106586456,1.4542943954467773,0.13553776144981383,0.11248342543840409,0.09458800107240677,0.006213936675339937,0.31604496836662294,0.475220263004303,0.13385938704013825,0.08770506083965302,0.09473694413900376,0.0036680279299616814,0.3199694199487567
300,0.3457642734050751,0.8711522221565247,0.13648539185523986,0.11259730905294418,0.09524346441030503,0.006150160543620586,0.31577715277671814,0.6005496978759766,0.12990700900554658,0.09494304060935974,0.09198222011327743,0.003455006796866655,0.3202872765250504
301,0.3493502616882324,1.1354310035705566,0.13594526946544647,0.10569524466991424,0.09500563144683838,0.0061424911953508856,0.3175117313861847,0.4875426530838013,0.13283966183662416,0.09229051917791367,0.09472146183252335,0.0037301579024642704,0.32358180074952547
302,0.3505129039287567,1.6139536857604981,0.1322120249271393,0.09083415418863297,0.09339463859796523,0.006611633952707053,0.3143348813056946,0.6777544498443604,0.13264743536710738,0.07491526901721954,0.09475804418325424,0.003728059446439147,0.30604880801402035
303,0.3669490396976471,1.720132088661194,0.13393598198890685,0.11335346549749374,0.09334979355335235,0.006564802769571543,0.32320422530174253,0.9273069143295288,0.1222107619047165,0.1198254257440567,0.0859232246875763,0.004137378092855215,0.3320967904292047
304,0.3740773439407349,1.5651098370552063,0.14116450250148774,0.10869100987911225,0.09852159470319748,0.006942214444279671,0.358810156583786,0.8908165097236633,0.1401308834552765,0.12612023055553437,0.09806394577026367,0.004006488621234894,0.3683215484023094
305,0.3392256021499634,1.0590179681777954,0.130745230615139,0.10953307449817658,0.09125216156244279,0.006488669756799936,0.3675471246242523,0.8296437323093414,0.14547553956508635,0.1261714816093445,0.10173709839582443,0.004663304984569549,0.3780474245548249
306,0.37225688099861143,1.4833588600158691,0.13995338082313538,0.11492177248001098,0.09727904051542283,0.007245883718132973,0.3092337191104889,0.5525513410568237,0.12828573286533357,0.08911833763122559,0.0915192648768425,0.00376550517976284,0.3126888405531645
307,0.34577272534370423,1.284288239479065,0.1338949143886566,0.0962102860212326,0.09433459490537643,0.00590062364935875,0.34045022130012514,0.5906358361244202,0.13719322085380553,0.11826343238353729,0.0960668906569481,0.00414384575560689,0.35566738964989775
308,0.3400964498519897,1.1281641721725464,0.13078416734933854,0.10756168365478516,0.09130813628435135,0.0060307692736387255,0.30385915040969846,0.7542238235473633,0.12674407064914703,0.07309004962444306,0.0901640310883522,0.0034721347503364084,0.2934702861122787
309,0.3386185884475708,1.2826481342315674,0.1277497425675392,0.1065989151597023,0.08933161050081254,0.00601196801289916,0.31765621304512026,0.779203462600708,0.12227824926376343,0.1187145471572876,0.08576440066099167,0.003463611379265785,0.33022080846130847
310,0.33538090586662295,1.333325445652008,0.1297223150730133,0.0885652869939804,0.09140797406435013,0.005748186819255352,0.31449697017669676,0.6992165803909302,0.12789471447467804,0.09292230606079102,0.09092830121517181,0.0037962339818477632,0.3155415557324886
311,0.34596858620643617,1.0340644717216492,0.13645462393760682,0.10306879878044128,0.09538912922143936,0.006110812723636627,0.3537625014781952,1.1301742315292358,0.13680951595306395,0.11319017708301544,0.09675668925046921,0.003334391303360462,0.35009077358990903
312,0.3471319556236267,1.1067658066749573,0.13347743153572084,0.11214771121740341,0.09316857308149337,0.0064480571076273915,0.3284671247005463,0.7176859617233277,0.13262054920196534,0.10207599103450775,0.09471029490232467,0.0029194212052971124,0.33232625634409485
313,0.3418948769569397,1.2029122471809388,0.1309921771287918,0.10610774010419846,0.09162009954452514,0.00563274035230279,0.3259834975004196,0.8906044006347656,0.1317626029253006,0.08975123390555381,0.09393353015184402,0.0033443916589021684,0.3187917586416006
314,0.3267455756664276,0.9250173449516297,0.13440086245536803,0.07756635844707489,0.09479252994060516,0.005911864060908556,0.3008395552635193,0.41220211386680605,0.12728509306907654,0.08481261432170868,0.09113265872001648,0.0031320251524448394,0.3063623912632465
315,0.33849960565567017,1.053102159500122,0.13378460109233856,0.09741605520248413,0.09360020011663436,0.005795402266085148,0.3174449265003204,0.7663072109222412,0.12890253067016602,0.09184167087078095,0.09170039147138595,0.003073481749743223,0.31551807476207616
316,0.36496379375457766,1.6603103280067444,0.13491207957267762,0.10881372094154358,0.09452004730701447,0.006190102081745863,0.34947341680526733,0.9995526075363159,0.14424525797367097,0.08077486157417298,0.10354852974414826,0.003509394638240337,0.33207804393023255
317,0.3526692450046539,1.2670284152030944,0.13493528664112092,0.10827168673276902,0.09437535256147385,0.006035488750785589,0.31625285744667053,0.5484677433967591,0.131833016872406,0.0884075865149498,0.09465284049510955,0.003917938936501742,0.31881138281896704
318,0.3525105118751526,1.2106124639511109,0.13545770943164825,0.10881512463092805,0.09497918337583541,0.006080195587128401,0.2926753759384155,0.4720715284347534,0.12515853643417357,0.07321962714195251,0.0891338661313057,0.0036847108975052835,0.29119674060493705
319,0.3388919413089752,1.213723850250244,0.13311491906642914,0.08940241634845733,0.09358718097209931,0.006362739950418472,0.2928261309862137,0.5522602319717407,0.12095953524112701,0.08473497182130814,0.08658190667629242,0.003082127682864666,0.29535854142159224
320,0.3526509881019592,1.3501738071441651,0.1367662489414215,0.09658235609531403,0.09562733471393585,0.0058682369068264965,0.3236879050731659,1.105707013607025,0.13108989000320434,0.07353875041007996,0.09380081593990326,0.0037694931030273437,0.3021989494562149
321,0.3508037865161896,1.1401642322540284,0.13448634892702102,0.11405297219753266,0.09408855736255646,0.0058574221096932885,0.34356907606124876,0.7733812451362609,0.13287495076656342,0.1296144336462021,0.09340652376413346,0.0038627936970442533,0.35975870187394315
322,0.3473427891731262,1.155742734670639,0.13624008893966674,0.09853909015655518,0.09583560824394226,0.005824628099799156,0.329434996843338,0.7738028049468995,0.13311322629451752,0.09804246872663498,0.09516118615865707,0.0032894226722419264,0.32960630385205153
323,0.3434379994869232,1.10689936876297,0.1344672441482544,0.10088911801576614,0.09423085898160935,0.005992711335420608,0.3156924307346344,0.8975857198238373,0.12346458584070205,0.1024653285741806,0.08722180426120758,0.003075565677136183,0.3162272843532264
324,0.32900463342666625,0.9996485114097595,0.12834835946559905,0.10233626961708069,0.0898743912577629,0.005649448372423649,0.32656741738319395,0.9995346903800965,0.1326337993144989,0.08218773305416108,0.09409589618444443,0.003187181567773223,0.3121046101208776
325,0.3409823656082153,1.0939227223396302,0.13200207948684692,0.1072811171412468,0.09203760772943496,0.005834291037172079,0.33220956921577455,1.1939363718032836,0.12904227524995804,0.09686642587184906,0.09095391482114792,0.0030765852890908716,0.31993920123204594
326,0.33434643149375914,0.8397708773612976,0.13412334471940995,0.09965365827083587,0.09412951320409775,0.006069934740662575,0.31875268220901487,0.5414343357086182,0.13311969339847565,0.09075118899345398,0.09492882937192917,0.0035165482200682162,0.322316259983927
327,0.3359753429889679,0.9752652645111084,0.13518453538417816,0.08940399736166,0.09568239152431487,0.0058736403472721575,0.3199767291545868,0.7718810319900513,0.13052103519439698,0.08982187658548355,0.09293354004621505,0.0033579373732209204,0.3166343891993165
328,0.3354983925819397,1.1529383182525634,0.13103456497192384,0.09478338807821274,0.09214353710412979,0.0059050355106592175,0.31520777344703677,0.7007326364517212,0.12621527910232544,0.10437151193618774,0.08844023197889328,0.0030020920559763907,0.3220291150733829
329,0.34111552238464354,1.3108495473861694,0.13014576584100723,0.10092734545469284,0.09128155112266541,0.0055284140631556514,0.31606618165969846,0.4715187668800354,0.1334894448518753,0.08806006759405136,0.09530263543128967,0.0034294480457901953,0.32028159592300653
330,0.3392438769340515,1.2664138078689575,0.1317896544933319,0.09219689965248108,0.09293584078550339,0.005813679285347461,0.35273206830024717,0.9222379565238953,0.13958347141742705,0.11199000179767608,0.09916909784078598,0.003429534798488021,0.35417210585437714
331,0.3503763735294342,1.4851779460906982,0.13515605032444,0.08794269114732742,0.09544819593429565,0.0060203270055353645,0.3118564486503601,0.4615508556365967,0.1322115272283554,0.08660611808300019,0.09390391111373901,0.0030701618175953626,0.31579171824269
332,0.33439657688140867,1.2628130316734314,0.13037563413381575,0.08912942409515381,0.0916355386376381,0.005515959672629833,0.30031527280807496,0.42304877042770384,0.1259289264678955,0.08902373164892197,0.08953506201505661,0.0035173590295016766,0.30800507916137576
333,0.333116751909256,1.0752511382102967,0.13108700811862944,0.0956644892692566,0.09166316837072372,0.005799145996570587,0.3551478922367096,0.7880869626998901,0.14186261743307113,0.1179859459400177,0.1002752125263214,0.0028599284589290617,0.3629837043583393
334,0.3353633344173431,1.0964632153511047,0.1335129827260971,0.08905560821294785,0.09383650720119477,0.005556485150009394,0.3313211023807526,0.5698624134063721,0.1383608341217041,0.09470907300710678,0.09878836125135422,0.002927619032561779,0.33478588741272686
335,0.33461378812789916,1.3368255019187927,0.129227215051651,0.08859863579273224,0.09110452383756637,0.005760742351412773,0.3151733040809631,0.4985484004020691,0.13065688461065292,0.09701890349388123,0.09266365021467209,0.003222122322767973,0.3235615606419742
336,0.32927279472351073,1.6215545892715455,0.12493119835853576,0.07649078890681267,0.08829754143953324,0.005951118841767311,0.317378842830658,0.5771713972091674,0.12636795341968537,0.11318590044975281,0.08977193087339401,0.0029389604460448027,0.332264745188877
337,0.3196282148361206,0.9295040726661682,0.1273208498954773,0.09090036153793335,0.08959007710218429,0.005596865806728602,0.3272687613964081,0.7113016188144684,0.13397076427936555,0.09551623165607452,0.09527073800563812,0.0030513469129800795,0.3278090808540583
338,0.3277759075164795,1.1328086853027344,0.12883179187774657,0.08921776115894317,0.09086371511220932,0.005315554235130549,0.3229636013507843,0.47542284727096557,0.13372481167316436,0.10326873660087585,0.09443706125020981,0.003085331991314888,0.3345159415155649
339,0.3292420506477356,1.140266489982605,0.13262413144111634,0.07609809041023255,0.09390356689691544,0.00561782754957676,0.31370503902435304,0.4707410931587219,0.1281784564256668,0.1057518631219864,0.09091280400753021,0.0028284765314310787,0.3276716000866145
340,0.3535423755645752,1.0129979372024536,0.13822685480117797,0.11413689106702804,0.09644143283367157,0.005386176705360413,0.3352586328983307,0.6321928977966309,0.13836410641670227,0.09915136694908142,0.09851955473423005,0.003086673468351364,0.3391217015683651
341,0.32684234976768495,1.2053358554840088,0.12874022722244263,0.08235018849372863,0.09102359563112258,0.005707592237740755,0.3025542438030243,1.1096013545989991,0.12074726521968841,0.07051578313112258,0.08689305037260056,0.0031693454831838606,0.2813254442065954
342,0.3349245011806488,1.2359694600105287,0.12979540675878526,0.09218682199716569,0.09169820547103882,0.006141870189458132,0.31188854575157166,0.6213075160980225,0.12446084916591645,0.10605003535747529,0.08867331147193909,0.0031399537809193136,0.3223241497762501
343,0.3287526071071625,1.2030787229537965,0.1265639767050743,0.09619130939245224,0.08890664875507355,0.005401653330773115,0.3218108952045441,0.707213306427002,0.13570838868618013,0.07661120295524597,0.09713775664567947,0.0032872590236365795,0.31274460731074216
344,0.34087013006210326,1.326590394973755,0.1333679288625717,0.08600887358188629,0.09395798146724701,0.005812098830938339,0.3227996051311493,0.6248717308044434,0.13594910204410554,0.08169043064117432,0.0974140614271164,0.0037932002916932104,0.3188467944040895
345,0.34536963105201723,1.733156108856201,0.1285819888114929,0.08868309557437896,0.09073709845542907,0.005711293313652277,0.3171602964401245,0.565356171131134,0.13441262543201446,0.08033655285835266,0.09637361317873001,0.0033750847913324835,0.3144978762604296
346,0.3420951128005981,1.100967788696289,0.1344793289899826,0.097528837621212,0.09496068060398102,0.005665410403162241,0.34482032656669614,0.3872472047805786,0.14447976946830748,0.11317138671875,0.10089931339025497,0.0033459555357694625,0.3618964251130819
347,0.340440970659256,1.230903935432434,0.13329407274723054,0.0914152979850769,0.09368367344141007,0.005956625193357467,0.2992266833782196,0.5514645963907242,0.1278337150812149,0.07085968106985092,0.09184718877077103,0.0028646534308791162,0.293405238352716
348,0.33444091081619265,1.0544263482093812,0.13263181298971177,0.09299045652151108,0.09325663894414901,0.005568676814436913,0.3084911346435547,0.810902214050293,0.12573918104171752,0.0834697425365448,0.08931380808353424,0.003183388477191329,0.3017061201389879
349,0.32898482084274294,1.2302830576896668,0.12911455631256102,0.08377368599176407,0.09156345278024673,0.005269363615661859,0.30829363465309145,0.4514566659927368,0.13210763335227965,0.08148807883262635,0.09317955821752548,0.0032816389575600624,0.31005690935999153
350,0.32887165546417235,1.2426061272621154,0.1288207933306694,0.08381278216838836,0.09114561527967453,0.005652145203202963,0.32296252250671387,0.8009362339973449,0.1358567327260971,0.0721293643116951,0.09779948443174362,0.0029174103401601315,0.30870299180969596
351,0.34068954586982725,1.4760790586471557,0.13130069971084596,0.08458186835050582,0.09268553256988525,0.005528364609926939,0.31083772480487826,0.7992353916168213,0.12355023026466369,0.09673437811434268,0.08793986141681671,0.003276188485324383,0.3115006582811475
352,0.3159368455410004,1.0812408328056335,0.12707948535680771,0.07390510141849518,0.09014994800090789,0.005573895759880543,0.3041014313697815,0.6315786480903626,0.12493927180767059,0.08686505705118179,0.0894016832113266,0.0034181710332632067,0.30462418310344214
353,0.335013747215271,0.9973116636276245,0.1346138298511505,0.08983193188905716,0.09455731511116028,0.005835014209151268,0.3096806049346924,0.8538870811462402,0.12993707060813903,0.06376447528600693,0.09417863339185714,0.0029694912489503624,0.2908496705349534
354,0.3316877007484436,1.1337117910385133,0.1310950219631195,0.08829049319028855,0.09218515157699585,0.005759885720908642,0.31851896047592165,0.3371564269065857,0.1334885001182556,0.10286608934402466,0.094638030230999,0.0030671288724988697,0.33405974856577814
355,0.3233044743537903,1.1780662059783935,0.12483808696269989,0.0933612897992134,0.0876441016793251,0.005474353674799204,0.35119458436965945,1.044245672225952,0.13580721020698547,0.11828320026397705,0.0955287203192711,0.0031831979751586912,0.35280232876539236
356,0.3340470135211945,1.389326810836792,0.12603454291820526,0.09793375283479691,0.08842577040195465,0.005333010945469141,0.31964489817619324,0.6925670623779296,0.1332331568002701,0.08597183525562287,0.09385067075490952,0.0030736038461327553,0.3161292666569352
357,0.3304385542869568,1.0512876391410828,0.12906492352485657,0.09881475418806077,0.0905813068151474,0.005761897005140781,0.30163825750350953,0.3893470764160156,0.13228841125965118,0.06907456815242767,0.09466718882322311,0.0028675121255218984,0.29889768036082387
358,0.3316950619220734,0.9899930000305176,0.13046453297138214,0.10029864758253097,0.09157534092664718,0.005304508469998836,0.34280794858932495,0.653407871723175,0.13821194767951966,0.11720686256885529,0.09678784161806106,0.0028001390397548675,0.3550067909061909
359,0.3308588981628418,1.190349543094635,0.12981111258268357,0.08926020860671997,0.09094137847423553,0.0054336837492883205,0.3269950807094574,0.5018838167190551,0.134694841504097,0.10390320867300033,0.09597276002168656,0.0034005562774837017,0.3379713664762676
360,0.31865414381027224,1.2384917497634889,0.12438516914844513,0.08055057227611542,0.08811615705490113,0.005493911448866129,0.2887993574142456,0.4300055503845215,0.1241974264383316,0.0716894581913948,0.08911637216806412,0.0027159702032804487,0.287719227001071
361,0.3231955230236053,1.0405419588088989,0.12906398475170136,0.08439801707863807,0.09104622155427933,0.005510355159640312,0.3275749206542969,0.5398224711418151,0.13814087510108947,0.0899688646197319,0.09842462837696075,0.003145879879593849,0.329680247977376
362,0.3280650556087494,1.1390584111213684,0.12729318290948868,0.09711465984582901,0.088799150288105,0.005407136026769876,0.2978431284427643,0.7922502279281616,0.12349657416343689,0.07088936269283294,0.08855061084032059,0.0026920451782643795,0.28562859287485476
363,0.32232489585876467,1.1475324392318726,0.12659130096435547,0.08613688796758652,0.08917195945978165,0.005355662107467652,0.2947134613990784,0.48654029965400697,0.12816208302974702,0.0626036286354065,0.09265651553869247,0.003377748932689428,0.28679997613653546
364,0.33296319246292116,0.8703919410705566,0.13348979949951173,0.09657860100269318,0.09424495249986649,0.005899161286652088,0.2911778509616852,0.524529504776001,0.12464241683483124,0.06784692034125328,0.08970279693603515,0.0032068829983472823,0.28539901711046695
365,0.3286827147006989,1.0750604510307311,0.12994854152202606,0.08928386121988297,0.09180351793766021,0.005781704280525446,0.2950950562953949,0.5613080382347106,0.12211687266826629,0.08539008498191833,0.0865551084280014,0.0035220086108893158,0.29758407468907533
366,0.3240111291408539,1.0996952414512635,0.12989693582057954,0.07775336056947708,0.09225888848304749,0.005726257152855396,0.3201058149337769,0.5076255619525909,0.13757368922233582,0.07869402915239335,0.09827483147382736,0.0030953872948884962,0.317637937143445
367,0.31723675727844236,1.015477991104126,0.12543933391571044,0.08914643824100495,0.087824484705925,0.00549643412232399,0.3121767044067383,0.5881481528282165,0.1264535218477249,0.1019007533788681,0.08956431001424789,0.003247626777738333,0.32116621201857926
368,0.3154576003551483,1.0585307002067565,0.12546926289796828,0.08174763917922974,0.08834076821804046,0.005605662986636162,0.30817149877548217,0.6515532612800599,0.12729330062866212,0.0862621657550335,0.0901919111609459,0.003642789088189602,0.3073901666328311
369,0.3229208946228027,1.159731352329254,0.12638357430696487,0.08563127666711808,0.08946839272975922,0.005978037603199482,0.3297537207603455,0.4416796684265137,0.13280396163463593,0.12118492722511291,0.09356666654348374,0.004256356507539749,0.3518119119107723
370,0.3155414521694183,1.115839171409607,0.1254047155380249,0.07672931551933289,0.08902568370103836,0.005986080411821604,0.28031659722328184,0.5339380741119385,0.12463346719741822,0.044861067458987235,0.0900121733546257,0.003279424458742142,0.2627861324697733
371,0.3240357041358948,1.1403016090393066,0.12862307727336883,0.08162550181150437,0.09076232761144638,0.0055769853293895725,0.34119811058044436,0.635817575454712,0.13562270402908325,0.12309661209583282,0.09530067890882492,0.003610515408217907,0.35763051044195887
372,0.33926098346710204,1.2475806951522828,0.13216296434402466,0.09251164346933365,0.09294754266738892,0.005763774178922177,0.3108793437480927,0.7396742582321167,0.1263377398252487,0.09010690152645111,0.089864481985569,0.0030940992292016745,0.3094032225664705
373,0.3327436327934265,1.520615291595459,0.12713297456502914,0.08155225664377212,0.08953717201948166,0.00607470003888011,0.31444100141525266,0.7225551843643189,0.13087498545646667,0.07884320616722107,0.09403574466705322,0.0032243005465716124,0.3069782368373126
374,0.3424950301647186,1.3882089614868165,0.13024634569883348,0.09750786125659942,0.09159475564956665,0.006006366573274136,0.3256385862827301,0.6759785771369934,0.13863187730312349,0.07505513876676559,0.09891763627529145,0.0036510922014713286,0.31625574454665184
375,0.32013360857963563,1.2979493856430053,0.12453794479370117,0.07971256673336029,0.08759117424488068,0.006145909894257784,0.3364200294017792,1.114235782623291,0.13541584461927414,0.08405207097530365,0.09578568786382675,0.0038317292463034393,0.31908533270470796
376,0.33156812787055967,1.0749227285385132,0.13141923993825913,0.0891871377825737,0.09271948635578156,0.006148994993418455,0.32097461223602297,0.7224870204925538,0.13252273947000504,0.08491371870040894,0.09515143930912018,0.0038062735460698605,0.316394171025604
377,0.3312287926673889,1.2989745616912842,0.12797808945178984,0.08888370096683502,0.09015880972146988,0.0058359730988740924,0.3279196858406067,1.0682734489440917,0.13300861716270446,0.07999202162027359,0.09413602203130722,0.003041569236665964,0.31017823005095124
378,0.3247049689292908,1.118132519721985,0.1275495857000351,0.08828230202198029,0.08970619738101959,0.006077337916940451,0.3297197997570038,0.9242578089237213,0.13652721643447877,0.07593721449375153,0.09787594825029373,0.003306927625089884,0.3136473068036139
379,0.32980917096138,1.1871972799301147,0.12836760878562928,0.09192887842655181,0.09027811586856842,0.005585092306137085,0.2831134259700775,0.40932133197784426,0.12031908929347992,0.07597542628645897,0.08623526394367217,0.003182692965492606,0.28571247248910364
380,0.3318702936172485,0.9137954175472259,0.13549438416957854,0.08519721925258636,0.09529356509447098,0.005672853346914053,0.3031781494617462,0.6490856349468231,0.1272396832704544,0.07376470863819122,0.09166885912418365,0.003523940499871969,0.29619719153270124
381,0.31808301210403445,1.120873498916626,0.12646370232105256,0.0790015809237957,0.08909977525472641,0.005856841988861561,0.31438018679618834,0.6525060355663299,0.12790149003267287,0.09739607125520706,0.09060863107442856,0.0028807737864553927,0.3187869661487639
382,0.31037047505378723,0.8626172423362732,0.12671290040016175,0.07806399464607239,0.08959420621395112,0.005443249642848968,0.32968743443489074,0.33795968294143675,0.1454138547182083,0.07841602563858033,0.10377997010946274,0.002948619797825813,0.33055847026407714
383,0.3278332591056824,1.2386438250541687,0.12960917502641678,0.08048601448535919,0.09117316156625747,0.005323940608650446,0.33208019137382505,0.6701260566711426,0.13639020621776582,0.09890652000904084,0.09681418836116791,0.0029152877163141967,0.33502620230428876
384,0.31445943713188174,0.9912629365921021,0.12544253170490266,0.08440877646207809,0.08833409398794174,0.0052171842195093635,0.3349642515182495,0.9476124942302704,0.14104795455932617,0.0692269116640091,0.10068730115890503,0.002825099416077137,0.3137872667983174
385,0.3371116578578949,1.0422733306884766,0.13561161756515502,0.08718083053827286,0.09583653658628463,0.005260809510946274,0.29132861495018003,0.7121420621871948,0.1242773175239563,0.058995967358350755,0.0893928810954094,0.0027724267914891244,0.27543859276920557
386,0.3145502805709839,0.9369697213172913,0.12694784700870515,0.08024615496397018,0.09021166563034058,0.005384308937937021,0.31266931891441346,0.7398964822292328,0.13109434843063356,0.07297176867723465,0.09446215480566025,0.003158784983679652,0.30168705689720815
387,0.30265926122665404,0.9836614608764649,0.12354559302330018,0.0667581558227539,0.08777208775281906,0.00534790987148881,0.3079108357429504,0.6411240339279175,0.1294846162199974,0.07651452943682671,0.09314932823181152,0.0026985488831996916,0.30184702277183534
388,0.3229963779449463,1.3305057644844056,0.12601463198661805,0.07735660672187805,0.08947449326515197,0.0053011922165751455,0.32008522748947144,0.8065833568572998,0.1360018253326416,0.06530707776546478,0.09770338386297225,0.0033265800680965184,0.3023388670291751
389,0.3249983012676239,1.0451839089393615,0.1286049485206604,0.08995826691389083,0.09050149023532868,0.005480291321873665,0.3229363918304443,0.788062596321106,0.13507057428359986,0.0775967299938202,0.09617996513843537,0.003187872422859073,0.3120351418387145
390,0.31815037727355955,1.0801051139831543,0.125068037211895,0.08684920519590378,0.08816762715578079,0.005819062516093254,0.307013726234436,0.575897216796875,0.12408816218376159,0.10040887296199799,0.08841159045696259,0.003164255525916815,0.31607288112863896
391,0.3166548192501068,1.1701306104660034,0.12463671118021011,0.08071209639310836,0.08787689954042435,0.005362704303115607,0.3108823835849762,0.5799323260784149,0.1326029747724533,0.07211180329322815,0.0960520014166832,0.003218465857207775,0.3039852453395724
392,0.30821189284324646,0.9785841107368469,0.12356213182210922,0.0786465734243393,0.08742401748895645,0.005474989302456379,0.2979347348213196,0.598846036195755,0.12881058901548387,0.059366270899772644,0.0936887726187706,0.0028924645856022837,0.28475809711962935
393,0.31198187470436095,0.8690097808837891,0.12779389917850495,0.07581081092357636,0.09089973717927932,0.0053625117987394335,0.3210834741592407,0.7407065033912659,0.1365463674068451,0.06916808187961579,0.0983086109161377,0.0030199998524039983,0.30704306005500254
394,0.3162189364433289,0.8026499629020691,0.13090646266937256,0.07710416167974472,0.0927853062748909,0.005306131113320589,0.29524484276771545,0.4146011650562286,0.12828802168369294,0.06901260316371918,0.09245164841413497,0.002718885987997055,0.29247115924954414
395,0.31245991587638855,1.1685200929641724,0.12428507655858993,0.07316264286637306,0.08789602816104888,0.005406948924064636,0.30237308144569397,1.0722751379013062,0.11952669620513916,0.07991205155849457,0.08501836508512498,0.002569129969924688,0.28702624281868344
396,0.30297667980194093,1.0717869877815247,0.12090937048196793,0.07253875434398652,0.08568661659955978,0.005394038651138544,0.27442747354507446,0.6670348286628723,0.11811894476413727,0.04682831689715385,0.08654344081878662,0.0038801166228950024,0.25537081910297277
397,0.3084145188331604,1.0229684948921203,0.12358418852090836,0.07639763802289963,0.0874802827835083,0.005350479297339917,0.3312594830989838,0.46881102323532103,0.138502037525177,0.09993220418691635,0.09883217811584473,0.0031348858028650284,0.3404013056308031
398,0.3105331242084503,1.1033361434936524,0.12197278439998627,0.0817930556833744,0.08639236688613891,0.005395434703677893,0.28707613945007326,0.3892441511154175,0.12493969947099685,0.06694618314504623,0.09009816199541092,0.002714169677346945,0.28469821428880093
399,0.31604347825050355,0.9911790609359741,0.13137002736330033,0.06259300112724304,0.09333206564188004,0.00576498806476593,0.28518569469451904,0.3681836545467377,0.12468287646770478,0.06426020711660385,0.09031167477369309,0.0029698971193283796,0.2822246554773301
400,0.31594493985176086,1.2986717462539672,0.12403656542301178,0.07220420092344285,0.08813253790140152,0.005580369941890239,0.281085467338562,0.7191814064979554,0.11705058068037033,0.06621386259794235,0.08430725038051605,0.00233594193123281,0.26990763559006153
401,0.31336401104927064,0.9655726909637451,0.12815232574939728,0.07209978178143502,0.09081677049398422,0.005353388376533985,0.2796394169330597,0.49661937952041624,0.12027579993009567,0.06392260417342185,0.08675716817378998,0.0024163070134818553,0.2733718792907893
402,0.29778316617012024,0.7784783720970154,0.12469647377729416,0.06353000998497009,0.08940035998821258,0.0051823887974023816,0.28911941647529604,0.5987166047096253,0.12502751648426055,0.057103808224201205,0.09068149328231812,0.002702112961560488,0.27551493095234036
403,0.3229057312011719,1.3177380323410035,0.12602237462997437,0.07953632399439811,0.08854172974824906,0.005481223668903112,0.28429378271102906,0.5884842216968537,0.11629233062267304,0.08260373771190643,0.08369116634130477,0.002993493713438511,0.2855807283893227
404,0.3049002468585968,0.8664182960987091,0.12629535049200058,0.06791715547442437,0.08946245908737183,0.005617481097579003,0.3214981615543365,1.085597848892212,0.12929856926202773,0.07767571806907654,0.09288274198770523,0.002930458914488554,0.3027874882332981
405,0.3159868121147156,0.8989296197891236,0.13079073131084443,0.07121923118829727,0.09274341017007828,0.005310025811195373,0.3004408419132233,0.8346706390380859,0.12845701575279236,0.05204390212893486,0.09307954758405686,0.0030725250951945783,0.27665299056097864
406,0.32576377391815187,1.1379546225070953,0.12919116020202637,0.08258443027734756,0.09170243889093399,0.005144402477890253,0.2981837034225464,0.4621991664171219,0.12556454241275788,0.08183775842189789,0.09093713611364365,0.0025489409919828175,0.3008883779402823
407,0.3077327489852905,1.282720685005188,0.12175730615854263,0.06551397740840911,0.08666804730892182,0.005310461111366749,0.3283175230026245,0.5003121227025986,0.1395907610654831,0.08772670924663543,0.09991810917854309,0.002882508374750614,0.33011808786541225
408,0.3186569929122925,1.1364476919174193,0.12725996226072311,0.07533315271139145,0.09044944494962692,0.005336545407772064,0.2926770806312561,0.44648627042770384,0.12615678757429122,0.07172308191657066,0.09007145464420319,0.0028019264340400697,0.29075325056910517
409,0.3112684965133667,0.9146882772445679,0.1264006733894348,0.07756838127970696,0.08962282538414001,0.005342890229076147,0.29245280623435976,0.4368671178817749,0.1257157027721405,0.07237857580184937,0.0904413789510727,0.002653227746486664,0.29118888527154924
410,0.31058046221733093,0.9576565027236938,0.12747528553009033,0.06851065903902054,0.09094686359167099,0.00525460708886385,0.2938944935798645,0.5511635839939117,0.12558067440986634,0.06932179480791092,0.0898502916097641,0.003073718957602978,0.28782647978514436
411,0.3317084848880768,1.325905990600586,0.12873583883047104,0.08469385579228401,0.09146914184093476,0.0051888848654925825,0.29306731224060056,0.4110068202018738,0.12386427521705627,0.0828984797000885,0.0888362243771553,0.002592154126614332,0.2981911334209144
412,0.30113743543624877,1.0298988223075867,0.12269116044044495,0.06361019015312194,0.08779800832271575,0.004868518095463514,0.27795392870903013,0.6119183301925659,0.12396714389324189,0.036412039771676064,0.09085256904363632,0.0025388565612956882,0.25377060926984996
413,0.3112272799015045,1.0041293978691102,0.12556908577680587,0.0751811608672142,0.08927563279867172,0.005077540781348944,0.27582691311836244,0.5570377767086029,0.1201541393995285,0.05332634896039963,0.08633541315793991,0.0027602937072515486,0.2625761952251196
414,0.29592021703720095,0.6932340264320374,0.12315306067466736,0.07151590138673783,0.08783545792102813,0.005351579375565052,0.2842851936817169,0.4003759980201721,0.11944913268089294,0.08106682747602463,0.08648470342159272,0.002738303830847144,0.28973896740935745
415,0.30361326336860656,0.8735858082771302,0.12366929054260253,0.0765108585357666,0.0871512845158577,0.005136894527822733,0.31134368777275084,0.5153453111648559,0.13551268577575684,0.06833032071590424,0.09714495241641999,0.002797099016606808,0.30378505792468785
416,0.3016689121723175,0.9231291770935058,0.12453025579452515,0.06460068225860596,0.08868677020072938,0.00507372273132205,0.2921637654304504,0.685722678899765,0.12390848398208618,0.06260681748390198,0.08990714699029922,0.002416193950921297,0.2788386424072087
417,0.3089600384235382,1.0506526112556458,0.12828051149845124,0.05722455233335495,0.09138568788766861,0.005008390918374061,0.27959821224212644,0.7894675374031067,0.1212658405303955,0.042005759477615354,0.08764610886573791,0.0024945541750639676,0.2534122630488127
418,0.307292765378952,0.8891128301620483,0.12561885118484498,0.07422439232468606,0.08933195769786835,0.004903712216764689,0.30126252174377444,0.6529749870300293,0.13070029020309448,0.057828609645366666,0.09393906444311143,0.002827911963686347,0.285295876255259
419,0.30943732261657714,0.7810318350791932,0.12780464589595794,0.07576334029436112,0.09094887971878052,0.00544320261105895,0.28866954445838927,0.43812882900238037,0.1286116972565651,0.051097181439399716,0.0939216822385788,0.0024590864777565002,0.27608964741230013
420,0.3145876705646515,1.1684126734733582,0.12620443999767303,0.069902653247118,0.0894349455833435,0.005290985107421875,0.296874874830246,0.7225327491760254,0.12182744741439819,0.0764915555715561,0.08865145444869996,0.0030124569311738014,0.289982914365828
421,0.30645354390144347,1.0043959140777587,0.12495680302381515,0.06750218495726586,0.08891999572515488,0.005289139691740274,0.3121239125728607,0.7624916076660156,0.136500084400177,0.050416260957717896,0.09829801172018052,0.002775549469515681,0.2879899065475911
422,0.3154923677444458,0.8862272739410401,0.13095440864562988,0.0707432597875595,0.09257710576057435,0.005445041041821241,0.269390469789505,0.48181172609329226,0.1152834951877594,0.06364690363407136,0.08305399566888809,0.0024549504276365043,0.26443934491835536
423,0.3059209942817688,0.7824694871902466,0.12630771696567536,0.07537620887160301,0.08969405591487885,0.004993551876395941,0.29783528447151186,0.649180006980896,0.12672592401504518,0.06593594998121262,0.09150401651859283,0.0025954123586416243,0.2867613028734923
424,0.2954703807830811,0.7869705080986023,0.12255728542804718,0.06849021911621093,0.08696131706237793,0.005122974514961243,0.2669840455055237,0.5117583990097045,0.11529088169336318,0.05338923037052155,0.08461597263813019,0.0028166482225060463,0.25611273292452097
425,0.2982402086257935,0.8103280544281006,0.1228135108947754,0.07207179218530654,0.08697212189435959,0.005065905302762986,0.30036136507987976,0.5334910869598388,0.1289093941450119,0.06955974027514458,0.09283108413219451,0.0029348439536988737,0.29423506250604986
426,0.2988951504230499,0.9156853795051575,0.12187019884586334,0.06927317529916763,0.08686547577381135,0.005254692956805229,0.28153276443481445,0.47567943334579466,0.12224678099155425,0.05967531502246857,0.08875945508480072,0.002813034225255251,0.2734945853240788
427,0.30965967774391173,0.9475477576255799,0.12733617126941682,0.06787555068731307,0.09061700403690338,0.005535793397575617,0.2840527772903442,0.39211050271987913,0.12287569940090179,0.06899295561015606,0.08819738179445266,0.00306394062936306,0.28312997743487356
428,0.3037965476512909,1.0734637260437012,0.12311012744903564,0.06573403477668763,0.08733931779861451,0.005220200680196285,0.263025164604187,0.6618668794631958,0.11288408786058426,0.04753935411572456,0.08202901929616928,0.002727928664535284,0.24518038993701338
429,0.2959340035915375,0.7380630314350128,0.1232527256011963,0.06973776891827584,0.08737940788269043,0.005200773011893034,0.28668406009674074,0.39424494504928587,0.12875535786151887,0.05065525006502867,0.09292529970407486,0.002996209263801575,0.27533211689442394
430,0.3098670721054077,1.1273931622505189,0.12583979219198227,0.06437915191054344,0.08931180089712143,0.005051637068390846,0.3067180335521698,0.5138421654701233,0.13470171988010407,0.061163865774869916,0.09685061424970627,0.00318305604159832,0.2958992559462785
431,0.2972729504108429,0.9870724678039551,0.12228792756795884,0.06045407727360726,0.08702915161848068,0.005227235611528158,0.280788779258728,0.5587932884693145,0.12103935480117797,0.05713437646627426,0.0882495641708374,0.0028014094568789005,0.26922470489516853
432,0.3103095471858978,1.0978552103042603,0.126622673869133,0.0627006858587265,0.09060486406087875,0.004959263559430838,0.29922921061515806,0.5113956093788147,0.12491472959518432,0.08582229614257812,0.08938027769327164,0.0024260427337139843,0.30254334616474804
433,0.28975512385368346,0.771539282798767,0.12077226340770722,0.06477882862091064,0.08581119626760483,0.004973734263330698,0.2708475589752197,0.3713637739419937,0.12257246822118759,0.04390980452299118,0.08895018249750138,0.0024494155775755646,0.2578818708192557
434,0.2932306110858917,1.1963473081588745,0.11624473333358765,0.06246094331145287,0.08313742578029633,0.0049694572575390335,0.27634079456329347,0.7419298648834228,0.11906327307224274,0.046234991401433945,0.08646030873060226,0.002327386848628521,0.2540859600529075
435,0.29675759077072145,1.0784520983695984,0.12075510770082473,0.059879081696271895,0.08612766414880753,0.004900979716330767,0.29668237566947936,0.40603228807449343,0.1290410578250885,0.06920689195394517,0.09322497099637986,0.002605287916958332,0.2940782086923719
436,0.2893690407276154,0.8058572292327881,0.1210987076163292,0.06032388806343079,0.08621357530355453,0.00499906437471509,0.28916911482810975,0.7912116646766663,0.12227333486080169,0.05577155351638794,0.08921040147542954,0.002297993330284953,0.2695532831829041
437,0.2982609927654266,1.0717126369476317,0.12405743449926376,0.04980917647480965,0.08883450925350189,0.005002268217504024,0.27604596614837645,0.36232354044914244,0.12221794873476029,0.05641634613275528,0.08857830762863159,0.002468909788876772,0.2696815122850239
438,0.3048823833465576,1.125393772125244,0.12554278075695038,0.05396713316440582,0.08998775035142899,0.00499703036621213,0.28919110298156736,0.6293123960494995,0.1251452684402466,0.05559793710708618,0.09059076309204102,0.0024966645985841753,0.273830633237958
439,0.3015877723693848,1.2654458045959474,0.12090682238340378,0.05688188225030899,0.08644313663244248,0.005217330530285835,0.2985116183757782,0.7950176954269409,0.12201139926910401,0.07515874803066254,0.08843733668327332,0.003186715254560113,0.28879419923759997
440,0.2962301313877106,1.1262898921966553,0.12155722081661224,0.05159784033894539,0.08702535182237625,0.0053549899719655515,0.2832026660442352,0.6033643245697021,0.12289389371871948,0.05152051448822022,0.09000350534915924,0.0026647125370800493,0.267082626093179
441,0.307778924703598,1.159594440460205,0.12292467206716537,0.06745025888085365,0.08783885240554809,0.005596421286463737,0.28100051879882815,0.5210320353507996,0.12361338138580322,0.04998685717582703,0.09034724980592727,0.002418291848152876,0.26636578021571045
442,0.2967541038990021,0.8752113819122315,0.12412125021219253,0.05806045830249786,0.08885771930217742,0.005234722886234522,0.31380951404571533,0.5535355806350708,0.14055605828762055,0.0491057425737381,0.10156957060098648,0.003448194777593017,0.29467956623993813
443,0.2979001045227051,0.8479475140571594,0.1258353441953659,0.05619460418820381,0.08966737985610962,0.005277975182980299,0.31284035444259645,1.140941858291626,0.12784402072429657,0.0630803495645523,0.09163345694541931,0.002893753070384264,0.28545158030465245
444,0.3063184440135956,1.0021055340766907,0.12482969462871552,0.06769013702869416,0.08905617147684097,0.005083417799323797,0.29631319642066956,0.7173477411270142,0.12991567105054855,0.04567690342664719,0.09406951963901519,0.0028371288441121577,0.27249922296032303
445,0.27332599759101867,0.8900997877120972,0.11352868527173995,0.05082065537571907,0.08136635720729828,0.005159831512719393,0.2959707975387573,0.5203298807144165,0.1288870394229889,0.0640363223850727,0.09185492843389512,0.00260479636490345,0.2873830866068602
446,0.28578070402145384,0.9104587316513062,0.1214777335524559,0.042753898352384564,0.08771240264177323,0.005149017553776503,0.279117625951767,0.47292892932891845,0.1274049162864685,0.0325345367193222,0.09344312995672226,0.0033335072454065084,0.25671609020791947
447,0.2993276000022888,1.0289963483810425,0.12471829801797867,0.052648487687110904,0.08886718451976776,0.0051490340381860735,0.2638750433921814,0.4725934028625488,0.11670927107334136,0.04410342089831829,0.08513234853744507,0.003517230600118637,0.24946227110922334
448,0.2892216145992279,1.0079643845558166,0.11863898783922196,0.054848363250494005,0.08497713655233383,0.006020817626267672,0.25736311078071594,0.49385064244270327,0.10956413745880127,0.059960706532001494,0.07935655564069748,0.002476730849593878,0.2513581304810941
449,0.30160264372825624,1.074155294895172,0.12223670482635499,0.06297323480248451,0.08730502873659134,0.005574684683233499,0.2773981273174286,0.5096189141273498,0.12325121462345123,0.04453102871775627,0.08962972313165665,0.0033040896058082582,0.2607160560786724
450,0.3027908205986023,0.9102120041847229,0.12607190012931824,0.06011389121413231,0.09026993811130524,0.005530417338013649,0.2846582651138306,0.4779219627380371,0.12444449663162231,0.05630120784044266,0.09077674448490143,0.0029426141642034053,0.2744650631211698
451,0.29308106899261477,1.0157984375953675,0.12118624895811081,0.053377772122621535,0.08698998242616654,0.0050067749805748464,0.26542354822158815,0.43192197680473327,0.11502044647932053,0.057139503210783,0.08384392708539963,0.002896702196449041,0.25890057897195223
452,0.29455238580703735,0.9467625260353089,0.12221904546022415,0.057212022691965105,0.08710236847400665,0.005397528689354658,0.26702656745910647,0.5541707217693329,0.11656467616558075,0.046566073596477506,0.08530672490596772,0.002762989839538932,0.25120046450756495
453,0.2776973009109497,0.6741945505142212,0.11911685168743133,0.051183731853961946,0.08515447825193405,0.005406996607780457,0.305494099855423,0.5196664333343506,0.12844270318746567,0.08224784731864929,0.09232432842254638,0.00332087567076087,0.30633575459942225
454,0.30040058493614197,0.9567171454429626,0.12426843792200089,0.06064834892749786,0.0886571690440178,0.005136559996753931,0.29085874557495117,0.4336037218570709,0.12976641058921815,0.05273090749979019,0.09389703273773194,0.002669235225766897,0.27906358605250714
455,0.2833219289779663,0.9172527432441712,0.11719178557395935,0.05442313998937607,0.08428183048963547,0.005258278455585241,0.28348172903060914,0.4858039736747742,0.12588306665420532,0.049225816130638124,0.09131440967321396,0.0027437386102974414,0.2691670310683548
456,0.29492875933647156,1.0417054891586304,0.12144973874092102,0.054258967936038974,0.08714742362499237,0.005230006203055382,0.30469332337379457,0.45166215896606443,0.12796223312616348,0.08664531707763672,0.09243719279766083,0.002612773282453418,0.3096575162839144
457,0.29134292602539064,0.7470268964767456,0.12371045798063278,0.05833484157919884,0.08792023509740829,0.004845588561147451,0.28468999564647673,0.5427476286888122,0.12013756334781647,0.07169392704963684,0.08648604303598403,0.0027278215158730744,0.28104535494931043
458,0.29346243143081663,0.8896497249603271,0.1208942249417305,0.06394915580749512,0.08621846437454224,0.0050097590312361715,0.27863939106464386,0.5191852807998657,0.12177267372608185,0.05256662592291832,0.0886810839176178,0.0028174461796879767,0.26583782974630593
459,0.28880486488342283,0.9561434864997864,0.1208413451910019,0.049717869609594345,0.08678872883319855,0.004947538580745458,0.28415768444538114,0.5509145259857178,0.12238115072250366,0.06018105894327164,0.08875540494918824,0.002752732438966632,0.27407034705393013
460,0.29910237789154054,0.9065171718597412,0.12474828064441681,0.058216217905282974,0.08957764506340027,0.005033093970268965,0.2787872672080994,0.4441531181335449,0.12409257888793945,0.04667677208781242,0.09135512709617614,0.0026543857995420693,0.2647788638714701
461,0.28442947268486024,1.162977159023285,0.115516297519207,0.049581334739923474,0.08273250609636307,0.004853444453328848,0.2638347029685974,0.7666741251945496,0.11684786975383758,0.02628030702471733,0.08572907447814941,0.0024968559853732588,0.23135410724207756
462,0.2762784421443939,0.8889179348945617,0.1160986065864563,0.04720085635781288,0.08336589485406876,0.004751784168183804,0.2943851888179779,0.3746828377246857,0.1308326691389084,0.05967957377433777,0.09454679191112518,0.002512725908309221,0.28757176073268054
463,0.2816667973995209,0.7756227016448974,0.1202838584780693,0.04927834719419479,0.08602194637060165,0.004851929843425751,0.2799291551113129,0.42231857776641846,0.1256742298603058,0.046400876343250276,0.09165759235620499,0.0022749532014131545,0.2660076517611742
464,0.2892357647418976,0.900089430809021,0.12182790338993073,0.050018083304166794,0.08770512640476227,0.004750606697052717,0.27075246572494505,0.5211891055107116,0.12156013250350953,0.03607089370489121,0.0889741450548172,0.003192906407639384,0.24979807767085735
465,0.2822442829608917,0.6370546698570252,0.12113692164421082,0.05538596883416176,0.08662822395563126,0.00492445956915617,0.2753355264663696,0.4420686006546021,0.12043092101812362,0.05578629374504089,0.08793441504240036,0.002469688421115279,0.26662131822668017
466,0.30875430107116697,0.9672618865966797,0.13015300631523133,0.053645172715187074,0.09324164688587189,0.004983701463788748,0.28747143745422366,0.5846540629863739,0.1273685574531555,0.04616238623857498,0.0923347756266594,0.00239079175516963,0.2682565110735595
467,0.2940793037414551,0.8578999519348145,0.12463161945343018,0.051818758994340894,0.0895346686244011,0.004771856125444174,0.29040407538414004,0.347653865814209,0.13081370890140534,0.05216082334518433,0.0951776847243309,0.002485590521246195,0.28063780749216677
468,0.2955921769142151,0.8611274600028992,0.12284095287322998,0.062324026972055434,0.08770315498113632,0.004977205209434033,0.2752067565917969,0.41847599744796754,0.12293974161148072,0.04652193039655685,0.08973664045333862,0.0030388343147933483,0.26223714677616955
469,0.2847209215164185,0.8859492897987366,0.12076164186000823,0.045119147002696994,0.08710545003414154,0.005090634059160948,0.25996086597442625,0.4475346326828003,0.11444796621799469,0.04648351557552814,0.08409967720508575,0.002651157695800066,0.24768231669440868
470,0.28237553834915163,0.9416078448295593,0.11997070461511612,0.040515034645795825,0.08616459518671035,0.005343345366418362,0.28822585940361023,0.47692530155181884,0.1286400631070137,0.04716999530792236,0.09398414641618728,0.002829817682504654,0.27262402251362805
471,0.282741641998291,1.2236125469207764,0.11699674129486085,0.03498944528400898,0.0847303181886673,0.004874475486576557,0.2654312551021576,0.4314170241355896,0.12108092904090881,0.030510999262332916,0.09004600495100021,0.0027001664973795416,0.24433809975162146
472,0.2958270788192749,0.9528059124946594,0.12413834631443024,0.05069416984915733,0.08931429833173751,0.005164985638111829,0.2643394649028778,0.3878666400909424,0.1185526967048645,0.043862427771091464,0.08668172210454941,0.0026104499120265245,0.2517072964925319
473,0.28875731229782103,1.0142360091209413,0.12076041102409363,0.04656454175710678,0.08660159558057785,0.00504837827757001,0.28399851322174074,0.6608386635780334,0.12212292253971099,0.053343084454536435,0.08924866765737534,0.0024366219528019427,0.26715129660442466
474,0.2808636724948883,0.7889846324920654,0.1197039783000946,0.047668804228305814,0.08621671348810196,0.004997481591999531,0.2746430814266205,0.7459344029426574,0.12165068089962006,0.03111387640237808,0.08889725059270859,0.0026143441442400216,0.24427615203894676
475,0.28010343909263613,0.8886026263236999,0.11945872306823731,0.040573523938655855,0.08607164770364761,0.0053378289565443994,0.2909896016120911,0.5777809500694275,0.12871983647346497,0.0469414234161377,0.0939706951379776,0.00250135431997478,0.27213330934755503
476,0.2804036349058151,0.8261570811271668,0.11978156119585037,0.04359283596277237,0.08658186793327331,0.005003936681896448,0.283560311794281,0.865401816368103,0.1243802934885025,0.031061811745166777,0.09088418185710907,0.0027525669895112513,0.24907885408028962
477,0.2812432676553726,1.0275737404823304,0.1173970341682434,0.04173947013914585,0.08509959131479264,0.005100408103317022,0.25115700960159304,0.6492758631706238,0.11114746332168579,0.029920284077525137,0.0815464049577713,0.002564587048254907,0.22517873940523714
478,0.30288222432136536,1.2677091598510741,0.12328693866729737,0.05002273619174957,0.08838867694139481,0.0050093851052224634,0.26385838985443116,0.614344322681427,0.11814343929290771,0.030347026884555817,0.08674755543470383,0.0024783610366284846,0.23771638264879585
479,0.2895078182220459,1.1904589653015136,0.11922848373651504,0.042661239951848985,0.08607602268457412,0.004733180068433285,0.2888439357280731,0.7998969078063964,0.12718020975589753,0.034130533784627916,0.0934046596288681,0.002515500783920288,0.2572309039533138
480,0.2783239006996155,0.9492833018302917,0.118181611597538,0.036873386800289155,0.08595353215932847,0.005196045339107514,0.28324469923973083,0.7488165259361267,0.12067522555589676,0.05297378301620483,0.08777663707733155,0.0024377381894737484,0.2638633838389069
481,0.28369938135147094,0.8248172760009765,0.12086673229932784,0.046003439277410504,0.0873729184269905,0.005057352129369974,0.2909002542495728,0.656838881969452,0.12691336423158645,0.04916319102048874,0.09251287281513214,0.002577961003407836,0.27116738907061516
482,0.27345286011695863,0.8179150104522706,0.11750712543725968,0.038829822838306424,0.08525100201368332,0.004629941470921039,0.2658389389514923,0.5697674036026001,0.11746084988117218,0.03825229853391647,0.08678034842014312,0.0026948605198413135,0.24518835735507308
483,0.29253217577934265,1.0802371025085449,0.12095528244972228,0.04953665584325791,0.08681768625974655,0.004846721887588501,0.27377495765686033,0.4634105622768402,0.12356743812561036,0.03656781911849975,0.09119608253240585,0.003016762901097536,0.2543481026776135
484,0.28319932222366334,0.9903864622116089,0.11928606778383255,0.041583471745252606,0.08607173711061478,0.004972810484468937,0.2666425585746765,0.363724684715271,0.12097406834363937,0.03998792767524719,0.08895378857851029,0.0023059269413352014,0.252221711538732
485,0.2912556707859039,1.0749400019645692,0.12142724096775055,0.04509750306606293,0.08732126802206039,0.004892504494637251,0.2524524569511414,0.4253941118717194,0.11261146813631058,0.03866591453552246,0.08358799666166306,0.0023370129754766824,0.23720239230897278
486,0.28532364368438723,1.156985330581665,0.11835981607437134,0.039038122072815894,0.08571262657642365,0.0047865832224488255,0.27576733827590943,0.6696895837783814,0.12252101004123687,0.03265783563256264,0.09060804545879364,0.0024492171593010425,0.24823610829189421
487,0.28856425881385805,0.9930107474327088,0.12118180245161056,0.043881630152463914,0.08780605047941208,0.005155574064701796,0.2860081195831299,0.5227696895599365,0.12663236260414124,0.04761594235897064,0.09238345175981522,0.003106821794062853,0.26973857851698996
488,0.28564112186431884,0.8019139289855957,0.12201359272003173,0.04768161773681641,0.0876371294260025,0.005270634032785893,0.2587007462978363,0.5029999375343323,0.11645258069038392,0.031966448202729224,0.08604646474123001,0.002625632006675005,0.23709112564101817
489,0.2883404791355133,0.715030574798584,0.12407823503017426,0.04983476400375366,0.08951624631881713,0.005088630691170692,0.2874039113521576,0.6242823481559754,0.1275279700756073,0.041717883199453354,0.09322860836982727,0.0022204562555998564,0.26469491790048777
490,0.28154352903366087,0.9316137075424195,0.11963621824979782,0.04165677130222321,0.085953488945961,0.004642546735703945,0.3014230489730835,0.7767711162567139,0.13294291794300078,0.041005417704582214,0.09631392806768417,0.0025310964323580266,0.27279336014762523
491,0.29119892716407775,0.9816941857337952,0.12169870883226394,0.049466916173696515,0.08772713243961335,0.0046415158547461035,0.2788975596427917,0.5811954259872436,0.12260874509811401,0.04646185040473938,0.08939734846353531,0.00243272609077394,0.26090067005716266
492,0.28813436627388,1.0278393507003785,0.12105637341737747,0.04253275021910667,0.08753415942192078,0.00461571216583252,0.2795369982719421,0.49573971033096315,0.12616319358348846,0.03948402404785156,0.09188165068626404,0.0023504534736275675,0.25987932179123163
493,0.2830357015132904,1.1983595013618469,0.11524695456027985,0.04398051723837852,0.08336438983678818,0.0049056108109653,0.2718681454658508,0.7333861589431763,0.11912218183279037,0.03890741504728794,0.0859266147017479,0.002199464989826083,0.2461556765716523
494,0.29200170040130613,0.9996390640735626,0.123454949259758,0.04246847182512283,0.0891973465681076,0.004907150287181139,0.27245829701423646,0.44862698316574096,0.12327930778264999,0.038563142716884616,0.0900148943066597,0.0025255084969103337,0.2543828533031047
495,0.29702836871147154,0.9970616579055787,0.12678738236427306,0.040932326763868335,0.09124553650617599,0.004657082166522742,0.25037007331848143,0.5192069053649903,0.10847873538732529,0.0471477672457695,0.07946715950965881,0.0022547523491084575,0.2373484144918621
496,0.28880109786987307,1.1655540823936463,0.1187504693865776,0.044550005346536636,0.08555884808301925,0.005000082124024629,0.26550847887992857,0.5329079270362854,0.1189510315656662,0.034521466493606566,0.08776034712791443,0.0025127442553639413,0.24374558944255112
497,0.2760832250118256,0.8912455081939697,0.11685447841882705,0.04198227971792221,0.08482288122177124,0.004723519459366799,0.28773651123046873,0.7607487440109253,0.12577471435070037,0.040552808344364165,0.09193049520254135,0.00253926757723093,0.2607972854748368
498,0.2884843170642853,1.0608656644821166,0.12110710144042969,0.04191946536302567,0.086917182803154,0.004932713974267244,0.2819573402404785,0.7186149835586548,0.1208718866109848,0.05037448108196259,0.08857185989618302,0.002276432584039867,0.2620946601731703
499,0.28467829823493956,1.3135435819625854,0.1161129891872406,0.037398460879921915,0.08375929147005082,0.00496839489787817,0.27858262062072753,0.9742282390594482,0.11728008687496186,0.04073275923728943,0.08653585761785507,0.002453473536297679,0.24700217726640405
500,0.2861789047718048,1.0223580956459046,0.12038933783769608,0.04119198024272919,0.08688692599534989,0.005082915816456079,0.27630455791950226,0.6580705106258392,0.1216889888048172,0.04082780331373215,0.08842466324567795,0.0024244228377938272,0.2533658782020211
501,0.2810388088226318,0.87947016954422,0.11881527900695801,0.04590036794543266,0.0857518419623375,0.004820475541055203,0.28397426307201384,0.59691624045372,0.1269042432308197,0.03913260698318481,0.09241978973150253,0.00256512681953609,0.26102176676504313
502,0.27369808554649355,0.9438184380531311,0.11670580953359604,0.03483965843915939,0.0844218984246254,0.004992624744772911,0.28113255500793455,0.5255966663360596,0.12691759765148164,0.03544260561466217,0.09348701536655427,0.0026502679102122784,0.2584974865429104
503,0.2853282392024994,1.141615867614746,0.11762232184410096,0.041866783797740934,0.08537954837083817,0.0051714789122343065,0.2757145047187805,0.4906086683273315,0.12717397511005402,0.024577409029006958,0.0944536492228508,0.0023501648567616938,0.24855519821867347
504,0.2804304838180542,0.9813758134841919,0.11761452555656433,0.043114897608757016,0.0848677098751068,0.004895179066807032,0.27602620124816896,0.4300596475601196,0.12504378259181975,0.039742160588502884,0.09139436483383179,0.0025806062389165164,0.25876091425307096
505,0.280582070350647,0.9086920499801636,0.1197605550289154,0.040026406198740004,0.0863244354724884,0.004672857467085123,0.27065004110336305,0.4348579406738281,0.12355608344078065,0.03169474005699158,0.09133277833461761,0.003081221226602793,0.24966482305899262
506,0.2774424910545349,0.8717467665672303,0.11821050941944122,0.04108807966113091,0.08534690141677856,0.005066458694636821,0.2441772162914276,0.3899801135063171,0.11303834319114685,0.023288708180189133,0.08328595608472825,0.0027164119761437177,0.22232941943220796
507,0.26958632469177246,0.7274707674980163,0.11773548871278763,0.0350694976747036,0.08566365391016006,0.004687429312616587,0.28462786674499513,0.5161509990692139,0.12626757025718688,0.0487448513507843,0.09130696505308152,0.0027754968963563443,0.26909488355740907
508,0.2808787882328033,0.881298816204071,0.12010480165481567,0.03973683416843414,0.08711793422698974,0.004753874149173498,0.2687106728553772,0.4199345350265503,0.12137285172939301,0.039695937931537625,0.08907326757907867,0.002205691672861576,0.2523477489128709
509,0.277858579158783,0.9696859359741211,0.11857422590255737,0.03489378020167351,0.08558321744203568,0.004926891718059778,0.25796672105789187,0.43441870212554934,0.11669076085090638,0.03347003385424614,0.08653354048728942,0.0023381251376122236,0.23903246033005418
510,0.27972312569618224,0.9383330702781677,0.11903611421585084,0.03844938650727272,0.08626001328229904,0.004635822866111994,0.2466066837310791,0.5114375591278076,0.1114929512143135,0.025992858037352563,0.08280897587537765,0.002380851935595274,0.222675637062639
511,0.27139727473258973,0.9708582639694214,0.11617768555879593,0.030917777493596078,0.08414703905582428,0.004646243248134852,0.2639426201581955,0.9871645987033844,0.11225121617317199,0.02912577837705612,0.08341880887746811,0.0023493034299463035,0.22714510685764253
512,0.2736612856388092,0.7986123442649842,0.11796416789293289,0.03838896155357361,0.08559302091598511,0.004797721281647682,0.26510358452796934,0.6601372420787811,0.11533675044775009,0.03973575085401535,0.08526558727025986,0.002517009666189551,0.24285509823821488
513,0.27240948677062987,0.769229257106781,0.1170747384428978,0.042161290720105174,0.08444623798131942,0.004737194720655679,0.29144620299339297,0.38397557735443116,0.1317107856273651,0.04765547662973404,0.09651849418878555,0.0021825080737471582,0.2780672645196319
514,0.27698206901550293,0.7811523318290711,0.12013353258371354,0.03804095536470413,0.08703189492225646,0.004764106590300798,0.2615445375442505,0.48974435329437255,0.11829156875610351,0.031894905120134355,0.08742401003837585,0.002186955325305462,0.2397974392399192
515,0.26763856410980225,0.7739784121513367,0.11557041108608246,0.0376919761300087,0.0836125060915947,0.004680331237614155,0.250086909532547,0.45868496894836425,0.11084699034690856,0.03954443857073784,0.08198607116937637,0.0022166741080582144,0.23459417419508097
516,0.27489142417907714,0.8566632151603699,0.11767270863056183,0.03961314111948013,0.08506395220756531,0.004448209889233112,0.26136588752269746,0.4073782444000244,0.12027650028467178,0.02933118902146816,0.08869322687387467,0.0020769814029335974,0.2403778975829482
517,0.2755773484706879,0.7682008147239685,0.11998269855976104,0.03724680207669735,0.08672700524330139,0.0045738138258457186,0.2668850183486938,0.42773657441139223,0.12310703992843627,0.028315715491771698,0.090401092171669,0.002522176317870617,0.24434602390974758
518,0.2740523159503937,0.9264238238334656,0.11628017276525497,0.03873992934823036,0.08395907282829285,0.004849069751799107,0.2803265988826752,0.3199428617954254,0.12357392013072968,0.06161717176437378,0.08999433368444443,0.002338099433109164,0.27752352501265704
519,0.2761291742324829,1.062861931324005,0.11568529605865478,0.03666194044053554,0.0837234079837799,0.004809391032904386,0.2530487895011902,0.28863051533699036,0.11756737977266311,0.02846492677927017,0.08755524605512618,0.002173301577568054,0.23576085418462753
520,0.2750200927257538,1.0167101621627808,0.11528511047363281,0.03836741596460343,0.08365564197301864,0.004767576884478331,0.257302924990654,0.5983404397964478,0.1134846717119217,0.034545191749930385,0.0840543881058693,0.002634482178837061,0.23471873374655844
521,0.2834804534912109,1.067179763317108,0.1186833068728447,0.04064570516347885,0.08539210110902787,0.004757338017225265,0.2696589112281799,0.5205852031707764,0.12201668620109558,0.03256005793809891,0.0897263154387474,0.0023071235977113248,0.2466101831756532
522,0.27146760523319247,0.9943918108940124,0.116214719414711,0.029558545723557473,0.08423756062984467,0.00451621999964118,0.2654291033744812,0.535530173778534,0.1189652442932129,0.034424640238285065,0.08757796734571457,0.0025922856759279965,0.24356013755314054
523,0.2796335756778717,1.0293296098709106,0.1178705245256424,0.03730266764760017,0.08529768288135528,0.004800053033977747,0.26570938229560853,0.4588101029396057,0.11933922469615936,0.03738187998533249,0.08843492567539216,0.0023030658718198537,0.24745909622870388
524,0.28365303874015807,0.9512019038200379,0.12150450944900512,0.035067230463027954,0.08842820078134536,0.004785360489040613,0.25078674852848054,0.4237312376499176,0.11442480087280274,0.029233593866229056,0.08455349206924438,0.0022782702464610336,0.23049015705473724
525,0.2779689133167267,0.8378836989402771,0.11904885470867158,0.04095075204968453,0.08636972606182099,0.0044695227406919,0.2607112109661102,0.46201577186584475,0.11881515681743622,0.030354367941617964,0.0875768393278122,0.0021693282295018436,0.23891569231636822
526,0.26519317626953126,0.6143636167049408,0.11706819087266922,0.03611593171954155,0.08481519371271133,0.004867539182305336,0.2582815200090408,0.3150926947593689,0.1187072902917862,0.03368405997753143,0.08787882477045059,0.0023701745085418224,0.24264034954831004
527,0.27965150475502015,0.8752059817314148,0.12018814980983734,0.03839142993092537,0.08680634796619416,0.004524975921958685,0.25668787956237793,0.4342231869697571,0.118670853972435,0.022686730325222015,0.0882666602730751,0.002351607335731387,0.2319758519064635
528,0.2791946828365326,0.8261361598968506,0.12094764411449432,0.03664396181702614,0.08762558996677398,0.004751202650368214,0.28795610964298246,0.8813578605651855,0.12549444139003754,0.03445519879460335,0.09187062829732895,0.0026054514572024347,0.25442571993917223
529,0.27081761360168455,0.8174840331077575,0.11733522713184356,0.03331868201494217,0.08533323407173157,0.004997484944760799,0.26772667169570924,0.48191439509391787,0.12237932980060577,0.030548670142889024,0.08937591016292572,0.0025197151117026806,0.24482362521812318
530,0.2682319819927216,0.9041901469230652,0.11559876203536987,0.029995232075452804,0.0840129941701889,0.004824497643858195,0.279651004076004,0.44184420108795164,0.12759581804275513,0.03386171385645866,0.09454956352710724,0.002571840537711978,0.25857893596403303
531,0.2768222689628601,0.9995453715324402,0.11706046611070633,0.037564709037542346,0.08434896767139435,0.0046171720139682295,0.25957519710063937,0.48940135836601256,0.11690302640199661,0.03458767682313919,0.08546542078256607,0.002643208298832178,0.23959933230653407
532,0.27158504724502563,0.7002010881900788,0.11881705820560455,0.03588835671544075,0.0864807903766632,0.0051051007583737375,0.2561440825462341,0.6359823226928711,0.1125580534338951,0.03409505635499954,0.08324381858110427,0.002433691918849945,0.23233062028884888
533,0.27064085006713867,1.001593255996704,0.11393731981515884,0.03566288836300373,0.08270296007394791,0.004762673657387495,0.29349637031555176,0.4195654928684235,0.13401539027690887,0.04066580608487129,0.09821958988904952,0.002197784138843417,0.2750985703896731
534,0.2806422531604767,0.789038234949112,0.12151513993740082,0.039426209032535554,0.08819680213928223,0.004632876813411712,0.26079798936843873,0.40544021129608154,0.11885645091533661,0.031826048344373706,0.08831031173467636,0.0025481546297669412,0.24154096562415361
535,0.27634594440460203,0.8156467497348785,0.12054533809423447,0.03263847716152668,0.08749109208583832,0.004873990826308727,0.25779076516628263,0.3915048003196716,0.11562729477882386,0.04176569581031799,0.08482189476490021,0.0022687382996082308,0.24448362365365028
536,0.2749192535877228,0.9257349610328675,0.11805083006620407,0.0330191932618618,0.08579259216785431,0.00454858886078,0.282296347618103,0.38980282545089723,0.128205569088459,0.04281173646450043,0.09347128719091416,0.0026834798511117695,0.2671720725949854
537,0.2792139798402786,1.191780400276184,0.11628474593162537,0.03333667851984501,0.08405326157808304,0.004567521344870329,0.27888994812965395,0.5685340940952301,0.1246072769165039,0.039082033932209014,0.09112070649862289,0.002347810799255967,0.2571578281465917
538,0.2810958445072174,0.899510669708252,0.1204856812953949,0.036964761838316915,0.08749292343854904,0.005074845720082521,0.2834932804107666,0.6697846531867981,0.12988372445106505,0.01965233460068703,0.09575424194335938,0.002798367710784078,0.24808866870589552
539,0.2786374449729919,1.1834166049957275,0.11487533003091813,0.03760779723525047,0.08308015614748002,0.0048578429035842415,0.2641181409358978,0.5473191380500794,0.11741707772016526,0.036622969806194304,0.08693391978740692,0.0022180995903909205,0.2431920669041574
540,0.2684583216905594,0.6470646798610687,0.11795034408569335,0.037947048991918565,0.08530268520116806,0.004613941535353661,0.26053038239479065,0.4208198547363281,0.11711305528879165,0.03932260200381279,0.08607803136110306,0.0023296987637877464,0.24484338741749526
541,0.28227370977401733,1.0966934561729431,0.11928040385246277,0.033369236066937445,0.08648669868707656,0.004378710128366947,0.2704738438129425,0.36106204986572266,0.12432865798473358,0.035082072019577026,0.09131854325532913,0.002268593618646264,0.252997866878286
542,0.2627280235290527,0.9631516337394714,0.11146515160799027,0.031726051867008206,0.08121043741703034,0.004288320988416671,0.28090373873710633,0.5452178955078125,0.12394628673791885,0.04696155190467834,0.0907006487250328,0.002328890934586525,0.26393737830221653
543,0.2667306333780289,0.8127238988876343,0.11658109426498413,0.02871497943997383,0.0847917690873146,0.004717621859163046,0.24510819613933563,0.5912550926208496,0.10955024659633636,0.025324013363569976,0.08176691830158234,0.0021161703392863274,0.218757348600775
544,0.2787719309329987,1.0170812726020813,0.11822806000709533,0.03510330244898796,0.08550011068582535,0.004762928280979395,0.27548858523368835,0.6508991956710816,0.12174399197101593,0.0378056101500988,0.0892426237463951,0.0024619804229587317,0.2512542062904686
545,0.27233611345291137,0.9497031569480896,0.11657384335994721,0.03262877911329269,0.08446105867624283,0.004544214252382517,0.24988839626312256,0.6523268103599549,0.11089412719011307,0.027504537999629975,0.08176878690719605,0.00246366448700428,0.22263111658394338
546,0.26636008620262147,0.9394614219665527,0.11418983191251755,0.0291455939412117,0.08324247747659683,0.004761677142232657,0.26924849152565,0.5272681534290313,0.12376434504985809,0.024014828354120256,0.09125453680753708,0.0023589828051626682,0.2413926930166781
547,0.27376648783683777,0.9207204699516296,0.11831925511360168,0.030042219534516336,0.08573837578296661,0.0048603896982967855,0.2819273769855499,0.5272258639335632,0.1277838408946991,0.03255695402622223,0.09468162506818771,0.002585544716566801,0.2576079647056759
548,0.26997753977775574,0.9037279844284057,0.1159716248512268,0.03180707730352879,0.08455397188663483,0.004631774686276913,0.26415055990219116,0.680338978767395,0.11839330792427064,0.025324968993663786,0.08722478598356247,0.0025444725062698124,0.23348753540776673
549,0.2559064030647278,0.8926372468471527,0.10982361584901809,0.028490887209773063,0.0799458459019661,0.004496632982045412,0.2611346304416656,0.6254300355911255,0.11293603181838989,0.0440485380589962,0.08332047611474991,0.0021481954492628573,0.24245324144139888
550,0.2696020185947418,0.8626553297042847,0.11440461575984955,0.04050434306263924,0.08289368152618408,0.00470138257369399,0.26545318961143494,0.7278054475784301,0.11723307371139527,0.0301064096391201,0.08637115806341171,0.002164236269891262,0.23587487768381832
551,0.27003910541534426,0.8693603515625,0.1164523258805275,0.032393152639269826,0.0848032757639885,0.004593788366764784,0.2563595175743103,0.47542734146118165,0.11715367734432221,0.027113409340381624,0.0862367406487465,0.0024554905481636523,0.23295931788161398
552,0.2770949363708496,0.7984460234642029,0.12057427018880844,0.0356658611446619,0.08746290057897568,0.004509419202804565,0.2632103145122528,0.42073164880275726,0.1206070601940155,0.029842530190944672,0.08917536735534667,0.002518911799415946,0.24214386953972278
553,0.27130910456180574,1.0635274171829223,0.11245613247156143,0.039499232172966005,0.08137022256851197,0.004765820223838091,0.281057333946228,0.8356157064437866,0.12211822420358658,0.035384878516197205,0.09016627818346024,0.002268959442153573,0.2499383403453976
554,0.2686768710613251,1.160479998588562,0.11242989599704742,0.027181879431009293,0.08216922134160995,0.004552040249109268,0.2516933441162109,0.3657295286655426,0.11522038280963898,0.03129031285643578,0.08518757075071334,0.002320338971912861,0.23401860538870095
555,0.2743974983692169,1.0708851933479309,0.11549623757600784,0.03251266032457352,0.08427803367376327,0.004487263318151235,0.2558324456214905,0.4447836637496948,0.11648045182228088,0.02904406487941742,0.08671519309282302,0.0021074014715850354,0.23434711126610636
556,0.27501398921012876,0.9316816449165344,0.11785661727190018,0.03339388519525528,0.08561028689146041,0.004754810594022274,0.2487715631723404,0.46686697006225586,0.11316042244434357,0.027054492384195328,0.08376916348934174,0.002395170507952571,0.2263792488258332
557,0.27695696949958803,0.9763665914535522,0.11852147877216339,0.032439276576042175,0.08603500872850418,0.004550769738852978,0.26542151570320127,0.5427967429161071,0.1192063957452774,0.03296908661723137,0.08784714043140411,0.0025117797777056694,0.24253440257161857
558,0.2617526978254318,1.1084512233734132,0.10968643873929977,0.028162819892168046,0.07965411394834518,0.004485585074871778,0.2626072108745575,0.5504377722740174,0.11902859807014465,0.028017991781234743,0.08772463798522949,0.002180168917402625,0.2369513967540115
559,0.27186747789382937,0.7841979026794433,0.11969883143901824,0.02829177603125572,0.08719058632850647,0.004809232708066702,0.22972767055034637,0.4566617965698242,0.102597938477993,0.0298942968249321,0.07642472237348556,0.002197735523805022,0.2111146932002157
560,0.26164806485176084,1.0955780506134034,0.10955693423748017,0.028902919963002205,0.07973442077636719,0.004466458689421415,0.24074533581733704,0.32843186855316164,0.11432336270809174,0.013403978198766708,0.08552675992250443,0.002107982151210308,0.21536208298057316
561,0.272607159614563,0.8373759925365448,0.11840466856956482,0.03275438323616982,0.08606360852718353,0.004227825347334147,0.24779252409935,0.42671540975570676,0.10968440026044846,0.04124676287174225,0.08116530030965804,0.002258719364181161,0.2343551828060299
562,0.2662742882966995,0.8719779253005981,0.11454339921474457,0.032379117980599406,0.08329571038484573,0.004539410583674908,0.23866256475448608,0.36488657593727114,0.11070557683706284,0.023384296149015427,0.08182764500379562,0.0019278139807283878,0.2178453319706023
563,0.2653500854969025,0.7359713792800904,0.11748864650726318,0.02686135098338127,0.08574987351894378,0.004434311296790838,0.24527219235897063,0.42205884456634524,0.11355427503585816,0.022161968611180784,0.08384958654642105,0.0020210427697747945,0.2215868729632348
564,0.26585803031921384,0.752575957775116,0.11635232865810394,0.03107832036912441,0.0848974421620369,0.004601916670799256,0.25088619589805605,0.5702940106391907,0.10918080806732178,0.041091214120388034,0.08057514280080795,0.002342346077784896,0.23318951106630265
565,0.2755146920681,0.9525989532470703,0.11886731535196304,0.028821105882525445,0.08674930483102798,0.004480122402310371,0.2779732823371887,0.5849437594413758,0.12444902658462524,0.036166781187057497,0.09154239147901536,0.002086197771131992,0.2542443970218301
566,0.27104330658912656,0.8556119322776794,0.11743175387382507,0.031616877764463425,0.08543067574501037,0.004596727155148983,0.24339936971664428,0.5437093853950501,0.11104322522878647,0.02045968547463417,0.08220110088586807,0.0020075126085430384,0.21571152419783174
567,0.2680189788341522,1.0381059646606445,0.11278943568468094,0.0331732202321291,0.08184629380702972,0.004422234743833542,0.2643975496292114,0.49332871437072756,0.1220540702342987,0.023194071277976035,0.08984680622816085,0.002412825543433428,0.23750777328386902
568,0.25947458744049073,0.8665199279785156,0.11139945387840271,0.031538544595241545,0.08083562552928925,0.00456390380859375,0.24361523985862732,0.42337138652801515,0.10817707180976868,0.039338672161102296,0.08006498068571091,0.0019532877020537855,0.22953401235863566
569,0.26901039481163025,0.6669295012950898,0.11948113590478897,0.032379376143217085,0.08631401658058166,0.004459184408187866,0.24882042706012725,0.43603981137275694,0.1143964797258377,0.02465743348002434,0.0846073105931282,0.00218203947879374,0.225843263277784
570,0.27735099792480467,0.8782628774642944,0.11915700286626815,0.037137994542717934,0.0863538846373558,0.004416889883577824,0.24779426753520967,0.4884252160787582,0.11135953664779663,0.03088003918528557,0.08264888525009155,0.002030245587229729,0.22691870667040345
571,0.2739051878452301,0.9157453298568725,0.11818707138299941,0.02979135252535343,0.0864315688610077,0.004687247890979051,0.2551387310028076,0.39190276265144347,0.11594970524311066,0.03250083103775978,0.08650466650724412,0.0021241571754217147,0.23707935996353627
572,0.27100513577461244,0.9594872951507568,0.11649978756904603,0.02873713579028845,0.08471188396215439,0.004771886207163334,0.2583131641149521,0.443283748626709,0.11597125679254532,0.03688545152544975,0.08557918816804885,0.0026103406213223933,0.24104623710736633
573,0.25270898044109347,0.7566459774971008,0.10924603193998336,0.032063530385494234,0.07966721504926681,0.004593400005251169,0.25107321739196775,0.7391451478004456,0.10867906510829925,0.033215689659118655,0.08039833605289459,0.0021111528389155866,0.2244042436592281
574,0.273791578412056,0.9238408803939819,0.11661292761564254,0.03601491004228592,0.08487987667322158,0.0046478619799017904,0.27316162884235384,0.5768965721130371,0.12251744866371155,0.03317240178585053,0.09066117256879806,0.0022663054056465625,0.24861732842400672
575,0.2641217678785324,0.9269503712654114,0.11211578845977783,0.033573176339268686,0.0817479133605957,0.00462829414755106,0.24975520372390747,0.36539158821105955,0.11651494055986404,0.021331843361258505,0.08688239902257919,0.0020388370379805566,0.22676801998168228
576,0.2661605954170227,0.8504395902156829,0.11495475322008133,0.030954383313655853,0.08412868082523346,0.004422606155276299,0.24275193810462953,0.62214115858078,0.10999733805656434,0.016805793344974517,0.08219943344593048,0.0021264970069751143,0.21112906185444444
577,0.2669381469488144,0.7976443409919739,0.11784525662660598,0.02462533339858055,0.08607455641031266,0.004581836611032486,0.24917469620704652,0.3121387898921967,0.11398110389709473,0.033465124666690826,0.08466659337282181,0.0023343485314399003,0.23444717046804728
578,0.2676355838775635,1.0233310222625733,0.1126853123307228,0.032026759907603265,0.08237519711256028,0.0047495713457465175,0.2679054081439972,0.4334131360054016,0.12173469066619873,0.035504569113254544,0.08921137601137161,0.002653883071616292,0.24910451886244117
579,0.2812459468841553,0.8528553962707519,0.12272458672523498,0.03230942226946354,0.08885040283203124,0.00483666080981493,0.23981456458568573,0.5169353455305099,0.1082596242427826,0.027148352190852165,0.07943685948848725,0.001976991887204349,0.21682182780932635
580,0.2664808213710785,1.0656569719314575,0.11193467378616333,0.030924973636865617,0.08160118907690048,0.004465459939092397,0.2651819229125977,0.4200596332550049,0.12199368178844452,0.02939719334244728,0.08999107331037522,0.002140052244067192,0.24352200068533422
581,0.26003167033195496,0.7682018041610718,0.11356626600027084,0.029499194771051406,0.0828843042254448,0.004388853907585144,0.256359738111496,0.4974651217460632,0.11452054977416992,0.03556241057813168,0.08464913070201874,0.0022583046928048136,0.23699039574712513
582,0.27298877835273744,0.737560260295868,0.12072625458240509,0.02978518418967724,0.08787450939416885,0.004604797717183829,0.24966005086898804,0.3760570824146271,0.1157123550772667,0.02488284707069397,0.08568626195192337,0.001994062028825283,0.22827552612870933
583,0.2556633085012436,0.7233088314533234,0.11204945743083954,0.029149220511317252,0.08175465613603591,0.0045363233424723145,0.2774728238582611,0.4741221785545349,0.126812943816185,0.03295474722981453,0.09311364591121674,0.0021179886534810066,0.25499932561069727
584,0.27107099890708924,1.0237908005714416,0.11328705996274949,0.038090774044394496,0.08229469060897827,0.004389599245041609,0.2502364367246628,0.26493396759033205,0.11515000462532043,0.03348923772573471,0.08582337200641632,0.002200583531521261,0.2366631978889927
585,0.26789845526218414,1.0516504168510437,0.11391133666038514,0.027172572165727615,0.0830503061413765,0.004312494676560164,0.2663897782564163,0.4847366869449615,0.1243999108672142,0.018261421471834183,0.0919123724102974,0.002178168809041381,0.23675187355838714
586,0.2593098670244217,0.639626431465149,0.11378530114889145,0.036253438144922254,0.08244133740663528,0.004300941526889801,0.25497967600822447,0.48692467212677004,0.11526286900043488,0.029535750299692153,0.08582835644483566,0.002086101914756,0.2327130776597187
587,0.25502138435840604,0.6454204142093658,0.1138130858540535,0.025636922940611838,0.08322756886482238,0.004338604677468538,0.2515031099319458,0.2893186002969742,0.11584344804286957,0.032197436690330504,0.08628616631031036,0.0020379019901156426,0.23636495303362606
588,0.25219292044639585,1.0241871356964112,0.10543825775384903,0.030698786675930022,0.07664486318826676,0.004210204444825649,0.2420833796262741,0.360676521062851,0.11112549304962158,0.02958131954073906,0.0816342905163765,0.0021250501275062563,0.22446615323424338
589,0.2600583225488663,0.8613961219787598,0.11299062222242355,0.026164399087429048,0.08256405591964722,0.004259186517447233,0.2493425965309143,0.36295404434204104,0.11647663116455079,0.021972325444221497,0.08627391457557679,0.0020313330460339785,0.22675420423038306
590,0.26688228249549867,0.8281283617019654,0.11521602720022202,0.03380394503474236,0.08396588414907455,0.004159064497798681,0.26188278794288633,0.48923441767692566,0.12092070430517196,0.019978568702936173,0.09053558856248856,0.0022514736279845237,0.23368633519858123
591,0.2668579161167145,1.040375304222107,0.1122027114033699,0.03291076794266701,0.08151068687438964,0.004339058231562376,0.2719886124134064,0.2750751614570618,0.1263391301035881,0.03461742401123047,0.09343052357435226,0.00198597121052444,0.2563730488996953
592,0.26558226346969604,0.9209099650382996,0.11445732414722443,0.028429410234093667,0.0833406075835228,0.0043583819642663,0.25260730981826784,0.4977056860923767,0.11514526903629303,0.027079532295465468,0.08464708775281907,0.0018785413820296526,0.2287504304666072
593,0.2608799248933792,0.7421846628189087,0.11494002193212509,0.027155334874987603,0.08406394720077515,0.004349623806774616,0.24366510212421416,0.34872089624404906,0.11441486775875091,0.01961759552359581,0.08470396399497986,0.0019898002967238424,0.22072622757405042
594,0.26250743567943574,0.787061995267868,0.11393800973892212,0.032152735814452174,0.08305343985557556,0.004343072790652514,0.2294182747602463,0.31897252202034,0.1062257245182991,0.024400655552744864,0.07879036515951157,0.00198218512814492,0.21139893035870044
595,0.25363773107528687,0.7830024480819702,0.10936832427978516,0.03221050687134266,0.0797236293554306,0.004395407298579812,0.2662920653820038,0.6315191984176636,0.12069470584392547,0.023902590572834014,0.08923706859350204,0.00189213405828923,0.23572649906855073
596,0.2606629699468613,0.8608961701393127,0.11298435181379318,0.02802521698176861,0.08227116465568543,0.004244406707584858,0.2612269878387451,0.5755787849426269,0.11558336317539215,0.03613237515091896,0.0856587529182434,0.0021923799999058247,0.23956687124446033
597,0.260217210650444,1.058561110496521,0.11050084233283997,0.024600349366664886,0.08068855255842208,0.004100909410044551,0.24820570647716522,0.4375014424324036,0.11550775021314622,0.018385211750864983,0.08587452322244644,0.0020060067530721427,0.2217734919395298
598,0.26479906141757964,0.8584848284721375,0.11665492057800293,0.02221250757575035,0.0849855437874794,0.00423829429782927,0.26679569482803345,0.3575802445411682,0.12191492468118667,0.037369100749492644,0.08965680003166199,0.0020414653001353143,0.25098229076247663
599,0.25921156704425813,0.8630723714828491,0.1130882203578949,0.023079365864396094,0.08306845873594285,0.004293388966470957,0.26300413012504575,0.3544083833694458,0.12142935693264008,0.031088632345199586,0.08982077687978744,0.0018450739793479443,0.24418384013697506
600,0.26635549366474154,0.92657470703125,0.11486692726612091,0.027280057594180108,0.08401107639074326,0.0043811873532831665,0.2754619300365448,0.4164034962654114,0.12605968713760377,0.0333540216088295,0.09349730759859085,0.0021769686602056025,0.2550879850052297
601,0.2565771251916885,0.7679861307144165,0.1114199474453926,0.03144082948565483,0.08104313910007477,0.004385776631534099,0.24785626530647278,0.4201315462589264,0.11413077116012574,0.024699494242668152,0.0844486728310585,0.0021385237108916045,0.225417461944744
602,0.2642766833305359,0.9464979767799377,0.1143559232354164,0.02388214282691479,0.08348378390073777,0.0046139686368405815,0.27090649008750917,0.5077352881431579,0.1231978952884674,0.0306943342089653,0.09091339260339737,0.0022519697202369572,0.247057591821067
603,0.264776873588562,0.8118870854377747,0.11767875254154206,0.021024492755532264,0.08554953187704087,0.004491398297250271,0.2868789076805115,0.7107812345027924,0.12794809341430663,0.0329002633690834,0.09388688504695893,0.0024010367225855587,0.2571362785529345
604,0.26926701962947847,0.9282945990562439,0.1151454746723175,0.03303414061665535,0.0838076651096344,0.004169802879914641,0.248989075422287,0.5221367239952087,0.11526535153388977,0.016324499249458314,0.08551952540874481,0.0018925478449091314,0.21900192403700205
605,0.2642540603876114,0.9234170198440552,0.1148322731256485,0.02456590421497822,0.08346792608499527,0.004288477823138237,0.24364462792873381,0.32587413787841796,0.11509663462638856,0.017752090841531752,0.08544407337903977,0.0020461683627218006,0.22033896720968188
606,0.2757479965686798,0.9570035457611084,0.11864049434661865,0.030248121917247774,0.0864843636751175,0.004372664354741573,0.25718107223510744,0.35215930342674256,0.11889868676662445,0.02781132161617279,0.08852616995573044,0.002151478175073862,0.23738765651360152
607,0.2617270708084106,0.6851001799106597,0.11432532817125321,0.03505711629986763,0.08347556591033936,0.004256489593535662,0.2716014266014099,0.3977084755897522,0.1237656444311142,0.03681204169988632,0.09132573455572128,0.002028076024726033,0.2539314967114478
608,0.2659834444522858,0.7549468278884888,0.11501923203468323,0.03731406778097153,0.08360952138900757,0.0043505759909749035,0.24828035831451417,0.2874078691005707,0.11809972226619721,0.016263927146792412,0.08830925524234771,0.00213891863822937,0.22481182329356672
609,0.26619167923927306,0.9331840515136719,0.1151783213019371,0.02488723397254944,0.08434568196535111,0.0045612331479787825,0.2783287465572357,0.35783849358558656,0.12695732116699218,0.040162311494350435,0.09353771656751633,0.002322759944945574,0.26298010917380454
610,0.2514481425285339,0.7279117345809937,0.11055558770895005,0.02611817941069603,0.08066798448562622,0.004595718905329704,0.24633493423461914,0.4400495409965515,0.11375846266746521,0.020545442402362824,0.08454090803861618,0.002585222339257598,0.22143003544770182
611,0.26855704188346863,0.6824714541435242,0.1188205748796463,0.03283678889274597,0.0861054539680481,0.004249087441712618,0.23849703073501588,0.33623634576797484,0.10838454067707062,0.033858850598335266,0.08007074892520905,0.00192617098800838,0.2242403111886233
612,0.2524854451417923,0.7885928630828858,0.10854188799858093,0.03219597600400448,0.07940891236066819,0.004386414121836424,0.26217538118362427,0.3540548175573349,0.12189599573612213,0.026551742851734162,0.09061365127563477,0.0019843184389173986,0.24104570830240846
613,0.255672761797905,0.697635018825531,0.11357649266719819,0.02455107420682907,0.08317112475633621,0.004293215274810791,0.25125316977500917,0.4117599844932556,0.11516780704259873,0.028671354800462723,0.08507506400346757,0.0018403673078864814,0.2307545931544155
614,0.25190244913101195,0.7831410646438599,0.11050011217594147,0.024267257377505302,0.08072589337825775,0.0042122120037674906,0.22576542496681212,0.37617766857147217,0.10381218641996384,0.02098124548792839,0.07798241823911667,0.002046327944844961,0.20482217809185385
615,0.2649115055799484,0.7011351227760315,0.11625165194272995,0.03381825722754002,0.08443481326103211,0.004330741707235575,0.23491348326206207,0.40838608145713806,0.10718208849430085,0.02507011890411377,0.08010036796331406,0.002011397806927562,0.21436397316865624
616,0.237643039226532,0.705297327041626,0.10482184439897538,0.022432584688067435,0.07657788395881653,0.004148181201890111,0.2406110942363739,0.49780428409576416,0.10941072404384614,0.024598273634910583,0.0808464989066124,0.0017692161491140723,0.2166247127344832
617,0.254462856054306,0.5527381598949432,0.11298831105232239,0.033918490260839464,0.08239826709032058,0.004196044523268938,0.24764975011348725,0.41884690523147583,0.11257114708423614,0.030388322472572327,0.08345792889595031,0.0019241102039813996,0.22834150865674016
618,0.2783615618944168,1.084400486946106,0.11777710765600205,0.03166175223886967,0.08556248545646668,0.004433790594339371,0.2482966363430023,0.6267144680023193,0.11159184128046036,0.0225779227912426,0.08279558122158051,0.002143489615991712,0.21910883490927516
619,0.2696342945098877,0.9065150380134582,0.11680096238851548,0.027471380680799483,0.0853733628988266,0.004526612535119057,0.23993400931358339,0.3727972149848938,0.11056099832057953,0.02468935400247574,0.08248238414525985,0.0017854790203273296,0.21951821548864245
620,0.26206400990486145,0.8983959794044495,0.11254824995994568,0.02965434528887272,0.08225090950727462,0.004251634376123548,0.265921539068222,0.5071773767471314,0.12003834992647171,0.03284347057342529,0.08893233984708786,0.0018658853834494949,0.2436800457304344
621,0.2544237643480301,0.6500558972358703,0.11264153122901917,0.02977495566010475,0.08189772963523864,0.004238612484186888,0.23719770312309266,0.40023125410079957,0.11202693581581116,0.010765287652611732,0.08389517068862914,0.002115167584270239,0.20880256174132228
622,0.2530899941921234,0.8774929404258728,0.10988914370536804,0.02304544933140278,0.08028027713298798,0.004421752318739891,0.2560731887817383,0.6314892172813416,0.11420007646083832,0.028622037917375564,0.08431971818208694,0.0020824041217565536,0.22922423668205738
623,0.2651925921440125,0.7243183732032776,0.11666676998138428,0.031067857146263124,0.08487207442522049,0.0043670013546943665,0.25518142580986025,0.46714344024658205,0.1137987494468689,0.03738006874918938,0.0844695046544075,0.002070114575326443,0.2377184374257922
624,0.24848295748233795,0.917043137550354,0.10599536001682282,0.02630830779671669,0.0775829866528511,0.004342975746840239,0.2485547423362732,0.482064950466156,0.11273973286151887,0.026656346023082735,0.08412237018346787,0.0019350706366822123,0.22545351970475166
625,0.25701082944869996,0.9334603309631347,0.11106196492910385,0.02236957773566246,0.08156401067972183,0.004262658068910241,0.24557051658630372,0.40776113271713255,0.11490727961063385,0.0167132169008255,0.08563423901796341,0.0020829885732382538,0.219337724102661
626,0.25529376566410067,0.7257701277732849,0.11319970488548278,0.023593984171748163,0.08288286179304123,0.004287365265190602,0.2551427811384201,0.5445632338523865,0.11773077994585038,0.01767580434679985,0.08707803636789321,0.002304273983463645,0.2247888946440071
627,0.25655355751514436,0.7986820459365844,0.11192406862974166,0.02787489555776119,0.08129789233207703,0.004355526808649301,0.2577613711357117,0.46504160165786745,0.11812759935855865,0.02586047723889351,0.08769666999578477,0.002042993903160095,0.23372774049639702
628,0.2610193997621536,0.9146482467651367,0.11360866874456406,0.021749775856733322,0.08328182995319366,0.004418331477791071,0.2539112836122513,0.4261552691459656,0.11560918092727661,0.03000704348087311,0.08592904806137085,0.0020900207571685316,0.23363529322668908
629,0.26159763932228086,0.6237645983695984,0.11647987067699432,0.02982446923851967,0.08517522960901261,0.0043162482790648935,0.25545684099197385,0.4013820469379425,0.1172494649887085,0.026479004696011544,0.08798158317804336,0.0021355975419282912,0.2338456504046917
630,0.2583795875310898,0.7843047440052032,0.11469415426254273,0.020324697718024254,0.08395894914865494,0.004423072282224894,0.24049250781536102,0.2966926693916321,0.11022862941026687,0.031152700632810594,0.08225211501121521,0.0021269845776259897,0.22576042963191867
631,0.27061355113983154,0.8111853420734405,0.11825858503580093,0.030023806914687156,0.0863679826259613,0.004268280975520611,0.2477770119905472,0.3662702709436417,0.11301688551902771,0.030954820662736894,0.08427791148424149,0.002019023708999157,0.23026864137500525
632,0.26357582211494446,0.8115748643875123,0.11502725929021836,0.028858127444982527,0.08377655595541,0.004271769151091576,0.2568079471588135,0.47292826175689695,0.12122256755828857,0.011635829135775566,0.08988133519887924,0.0020768046379089355,0.22481653653085232
633,0.25240993201732637,0.7333783745765686,0.11078387051820755,0.026029915362596513,0.08150185644626617,0.004215872567147017,0.25489247441291807,0.42854135036468505,0.11822127997875213,0.02121235355734825,0.08793946802616119,0.0023215018911287187,0.22969460345339032
634,0.2584708839654922,0.7609981954097748,0.11329604238271714,0.028628315776586533,0.0824631854891777,0.004154775105416775,0.22167328298091887,0.4730759263038635,0.10019890666007995,0.021416406333446502,0.07523039430379867,0.0018624229822307825,0.19870813027955592
635,0.2601399958133698,0.631945663690567,0.11565800160169601,0.030575936287641527,0.08419658690690994,0.0041535250842571255,0.25395277738571165,0.4131363034248352,0.11272232830524445,0.04406997263431549,0.08286009430885315,0.0019954668823629618,0.24164786213077605
636,0.2586780577898026,0.8571707487106324,0.11140625029802323,0.030340154096484183,0.08120455145835877,0.004144006688147783,0.2426452785730362,0.3085788071155548,0.11341968774795533,0.022449079155921935,0.08467846959829331,0.001973258936777711,0.22252049543894828
637,0.25361954271793363,0.7662076830863953,0.11204259097576141,0.021755119040608405,0.08233764320611954,0.004238562099635601,0.2580661833286285,0.35132265090942383,0.12079108208417892,0.024183078855276107,0.08906538933515548,0.0020289625972509384,0.23606851287186145
638,0.2621194928884506,0.8017279863357544,0.11330931335687637,0.032605315744876864,0.08269924223423004,0.0044208141975104805,0.257979679107666,0.38952304124832154,0.12089194655418396,0.019114449620246887,0.09030658900737762,0.001942619075998664,0.2322556042578071
639,0.2619339436292648,0.69796142578125,0.11518635451793671,0.031377409026026724,0.08412758409976959,0.0042216798290610315,0.2478384792804718,0.4770207941532135,0.11402007043361664,0.020468274876475335,0.08502571880817414,0.0020627351477742195,0.22157679926604035
640,0.2658376842737198,0.7554465889930725,0.11696756482124329,0.029085297137498856,0.08534596413373947,0.004177995771169662,0.2585804730653763,0.2994573891162872,0.12208381146192551,0.025493846647441386,0.08889245837926865,0.0020811360096558928,0.23855125249829146
641,0.26041890382766725,0.833058750629425,0.11279457658529282,0.02966734431684017,0.08227543830871582,0.004235049244016409,0.25619388222694395,0.3228709250688553,0.12111664414405823,0.018486334197223186,0.09054215848445893,0.001974941324442625,0.23212007815018296
642,0.26003497242927553,0.8100891232490539,0.11420882642269134,0.023884149640798567,0.08385711759328843,0.004117864649742842,0.25656293630599974,0.336383181810379,0.11907214522361756,0.027290207892656328,0.0886241391301155,0.001879469957202673,0.23686596220359207
643,0.25581044256687163,0.6485929965972901,0.11355089396238327,0.02884880006313324,0.08280685544013977,0.004086168855428696,0.2399765968322754,0.33511723279953004,0.11328259706497193,0.016946398839354514,0.08405288308858871,0.002082668407820165,0.21636454740073532
644,0.25457349717617034,0.7047460675239563,0.11307984739542007,0.023412154987454414,0.08327038884162903,0.003941182885318995,0.2737110197544098,0.37192304730415343,0.1300731807947159,0.015805499255657197,0.09701771587133408,0.0022072069346904754,0.24510360285639762
645,0.2521712839603424,0.7388208985328675,0.1117933839559555,0.022276466712355614,0.08179332911968232,0.004175756126642227,0.26794817447662356,0.40140002965927124,0.12350722551345825,0.030355776101350783,0.09115259349346161,0.001952882669866085,0.24696847777813674
646,0.24179401695728303,0.7379420459270477,0.10598663538694382,0.023976921290159225,0.07776003032922744,0.0038904228247702123,0.2633559048175812,0.32539415955543516,0.12326608002185821,0.027594685181975366,0.09048601835966111,0.001987743005156517,0.2433345265686512
647,0.2516740620136261,0.807726240158081,0.10965959429740905,0.026436517015099525,0.07987533956766128,0.003938787523657084,0.2610429584980011,0.443355518579483,0.1219539538025856,0.01856582649052143,0.09067218750715256,0.0020606258418411016,0.2332525936421007
648,0.25646720826625824,0.9156141638755798,0.11002216935157776,0.026967534422874452,0.08064669221639634,0.004059588676318527,0.2603305637836456,0.4652824640274048,0.11804617643356323,0.03361605815589428,0.08658765256404877,0.0018871392123401165,0.2401370263658464
649,0.25364038050174714,0.5743570983409881,0.11421917527914047,0.025806636735796928,0.0836531400680542,0.003985984669998288,0.22995278537273406,0.4002990394830704,0.10669459253549576,0.017462196573615075,0.07984277307987213,0.0019091806374490262,0.20590874282643198
650,0.2452133595943451,0.6948963046073914,0.1073674663901329,0.029024016112089157,0.07820528000593185,0.004011736623942852,0.2554173439741135,0.3294773012399673,0.12083266824483871,0.01864449344575405,0.08990021646022797,0.0018733473028987647,0.2312507254537195
651,0.25761857628822327,0.8188180804252625,0.11283560693264008,0.024200128763914107,0.08258925825357437,0.0042314048856496814,0.2507617652416229,0.4584324598312378,0.11545957773923873,0.02289658449590206,0.0857396349310875,0.001813387800939381,0.22590918496716766
652,0.24788526594638824,0.5510537385940552,0.11144641190767288,0.02630258984863758,0.08159639537334443,0.0041003797203302385,0.2521080613136292,0.3403440058231354,0.11544611454010009,0.033260279521346095,0.08544927090406418,0.0018328181933611632,0.23598848315887155
653,0.24094496071338653,0.8291735231876374,0.10566977858543396,0.018311095610260963,0.07729845941066742,0.004017163487151265,0.25230749547481535,0.3327619701623917,0.11654724180698395,0.029676350951194762,0.08640459477901459,0.0017502429662272334,0.2343784305034205
654,0.23691547513008118,0.7487285554409027,0.10403167605400085,0.021230427920818327,0.0762684240937233,0.003902818262577057,0.2665962874889374,0.3710839688777924,0.12296231985092163,0.03126469999551773,0.09101295322179795,0.0018052397295832633,0.24704521279782057
655,0.2606128931045532,0.7174528539180756,0.11589407920837402,0.024705035611987114,0.08482536971569062,0.004055035766214132,0.24442318677902222,0.4300000071525574,0.1117387741804123,0.026335937157273292,0.0829986959695816,0.0018142756540328263,0.22288768296130004
656,0.2622861087322235,0.8555294156074524,0.11434386074542999,0.026580870151519775,0.08319652080535889,0.004172348650172353,0.2507422477006912,0.3727845847606659,0.11599014103412628,0.024685002118349075,0.0866443857550621,0.0019766533747315406,0.22929618228226897
657,0.2640014231204987,0.8298115015029908,0.11581042855978012,0.024736763164401054,0.08480762392282486,0.004226495418697596,0.2551735699176788,0.7179178893566132,0.11461910307407379,0.01961456462740898,0.08505624383687974,0.0017565522342920304,0.22104646377265452
658,0.26605822443962096,0.8215675830841065,0.11695128381252289,0.025169719383120535,0.08560783118009567,0.004109964612871409,0.25476422607898713,0.3366064041852951,0.11655590087175369,0.033316060155630114,0.0867343083024025,0.00200939797796309,0.2386156673077494
659,0.25824361145496366,0.7861105442047119,0.11396715342998505,0.022667574882507324,0.08354187607765198,0.004320054780691862,0.24068035185337067,0.5043378114700318,0.11155524998903274,0.013996517471969127,0.0833011582493782,0.0019778294023126363,0.2108307551126927
660,0.2491930365562439,0.6793382406234741,0.11114680767059326,0.02231416739523411,0.08133704662322998,0.0042036942206323145,0.2716493844985962,0.5319281280040741,0.1263115480542183,0.01928400620818138,0.09320803284645081,0.0018109136959537863,0.24061450080480426
661,0.24635136127471924,0.7613419532775879,0.10922908931970596,0.019472184590995312,0.0798942506313324,0.004008351545780897,0.2566491782665253,0.3252654433250427,0.12220731675624848,0.014601240633055568,0.09152236729860305,0.00202779124956578,0.23035871593747287
662,0.2555526793003082,0.7020727276802063,0.11428165584802627,0.021523770317435263,0.08373733460903168,0.004076137160882354,0.2629855155944824,0.3661792576313019,0.1221916764974594,0.0270688533782959,0.09047704488039017,0.0019409421365708113,0.2416785168927163
663,0.25647465884685516,0.5924988150596618,0.1163549467921257,0.02187324557453394,0.08510191738605499,0.004336025286465883,0.24925936460494996,0.5709614396095276,0.11450178325176238,0.016695920005440713,0.08510057181119919,0.0018283724319189786,0.21812664750032124
664,0.25670428574085236,0.8450299382209778,0.11249307543039322,0.02313767671585083,0.08191640824079513,0.004109206236898899,0.24485232830047607,0.5160461664199829,0.11191491782665253,0.020825421810150145,0.08339187353849412,0.0018120574532076716,0.21794427062850447
665,0.2579577147960663,0.7897765278816223,0.11209086775779724,0.029165836051106453,0.08221388757228851,0.004226517025381326,0.2510262668132782,0.34269111752510073,0.11831390559673309,0.01962508410215378,0.0876447007060051,0.0018737103324383496,0.2274574007373303
666,0.24652076959609986,0.5412726283073426,0.11101526021957397,0.025863052904605867,0.08130269646644592,0.004042927687987685,0.2645667612552643,0.3665620267391205,0.12105616629123687,0.034798040986061096,0.08944602459669113,0.002082047425210476,0.2473822792991996
667,0.2551196783781052,0.6096854329109191,0.11448690742254257,0.02536097392439842,0.08400575369596482,0.003940818831324577,0.24627495110034942,0.39799357652664186,0.11494066715240478,0.019007552415132523,0.08562351614236832,0.001827203738503158,0.22139893944840877
668,0.2502975702285767,0.7184002935886383,0.11073916554450988,0.02365414462983608,0.08120125532150269,0.004043170996010303,0.24057097136974334,0.3562233358621597,0.11160809695720672,0.023013038188219072,0.08314974009990692,0.0018547052284702658,0.21962558047380296
669,0.2388393610715866,0.6323698878288269,0.1069211259484291,0.02039942964911461,0.07844568490982055,0.004167865589261055,0.23640380799770355,0.3314679980278015,0.11107169091701508,0.0187959186732769,0.08256314694881439,0.0017323187552392484,0.2141630752943456
670,0.2498509705066681,0.7564791679382324,0.10963346511125564,0.023993606492877007,0.0808207705616951,0.003969798982143402,0.2700240433216095,0.42523624897003176,0.12529717683792113,0.0259915292263031,0.09269737303256989,0.0017388519598171114,0.24572493105661122
671,0.2515133500099182,0.7602859854698181,0.11044477969408036,0.02512600049376488,0.08072423934936523,0.004119704710319638,0.2453754425048828,0.4509446620941162,0.11187654435634613,0.02657140847295523,0.08301921486854554,0.0018433218821883202,0.22331048958003524
672,0.25683966279029846,0.6761552691459656,0.1148538500070572,0.024120736122131347,0.0837800458073616,0.004128525406122208,0.26267732977867125,0.5041129022836686,0.12283887863159179,0.014939037524163723,0.09141172617673873,0.0018086205702275038,0.23099826290272177
673,0.255637001991272,0.6549862265586853,0.1150479182600975,0.02176405768841505,0.084243805706501,0.004005827428773046,0.25367572605609895,0.5576992988586426,0.11372285783290863,0.030140430480241776,0.08420045673847198,0.0017237738706171513,0.22978751892223953
674,0.2548884302377701,0.7999714076519012,0.11155215799808502,0.02591624017804861,0.08133478462696075,0.0039054219145327807,0.2412370264530182,0.4394822955131531,0.11053616553544998,0.02203034460544586,0.08307635635137559,0.0018822887446731328,0.21752515523694457
675,0.2578353524208069,0.7794327020645142,0.11365343928337097,0.024229824542999268,0.0831835299730301,0.003956856997683644,0.2602249175310135,0.5274277210235596,0.11971637904644013,0.022771246545016766,0.08809947818517685,0.0017962051555514336,0.23238330893218517
676,0.2483612507581711,0.5653979539871216,0.111620232462883,0.02557285726070404,0.08175635635852814,0.004160334635525942,0.26224154233932495,0.4307191729545593,0.12181103825569153,0.022045854479074478,0.09074513614177704,0.001969507709145546,0.2365715365856886
677,0.25589839220046995,0.9333669304847717,0.10909713208675384,0.029692983999848366,0.07936901748180389,0.003950449079275132,0.24393806457519532,0.3576103627681732,0.11340000629425048,0.024613648653030396,0.08337724506855011,0.0020652422681450844,0.2234561422839761
678,0.2673032462596893,0.9811004877090455,0.11449100524187088,0.028851573541760444,0.08323289304971696,0.00403191833756864,0.2527290642261505,0.31179453134536744,0.1176414966583252,0.026527507230639458,0.08762736767530441,0.0018775631207972765,0.23367393468506634
679,0.2447810709476471,0.8292708158493042,0.10637167394161225,0.022790524922311307,0.07799420803785324,0.004096386535093188,0.2490387499332428,0.430944037437439,0.11536327600479127,0.02161334902048111,0.08563650399446487,0.0017590225208550692,0.22437215154059234
680,0.2488727390766144,0.8714133143424988,0.1084684208035469,0.020758662559092044,0.07946155518293381,0.003896202705800533,0.26032582521438596,0.5338588535785675,0.12002187371253967,0.01879465952515602,0.08955160230398178,0.001906971912831068,0.23027510745450852
681,0.2571951627731323,0.7452616453170776,0.11420002281665802,0.02367350608110428,0.08305597305297852,0.004149374365806579,0.24404997229576111,0.4036413311958313,0.11301696598529816,0.021017106249928474,0.0843830406665802,0.002041078172624111,0.22045819107443093
682,0.2528779596090317,0.8044486880302429,0.11121487468481064,0.021560299023985863,0.081539286673069,0.0042388586327433584,0.2567319244146347,0.2886748552322388,0.12007381916046142,0.029106781259179114,0.08802121132612228,0.0020121152512729166,0.23921392699703575
683,0.2502272009849548,0.6781077265739441,0.11028388887643814,0.026949279382824896,0.08111981749534607,0.004212625417858362,0.2489693433046341,0.5431589245796203,0.11354048848152161,0.02056620493531227,0.08486163467168809,0.0018303637858480214,0.22079869187436998
684,0.24954394102096558,0.6128100693225861,0.11205090433359147,0.02212432473897934,0.08282089829444886,0.0040221323259174825,0.23686625063419342,0.4100955665111542,0.10828068852424622,0.024655163288116455,0.08099624067544937,0.001861043367534876,0.2157931358553469
685,0.2505403935909271,0.7396651625633239,0.11158070117235183,0.01924903839826584,0.08204068094491959,0.003983425768092274,0.2349270612001419,0.3892016768455505,0.10822142362594604,0.021632461063563823,0.08106763809919357,0.0021448924206197264,0.21306641520932315
686,0.25012037754058836,0.8909972310066223,0.10813968330621719,0.02281271815299988,0.07950330376625062,0.0038759715389460325,0.24158699810504913,0.2493414342403412,0.11016975045204162,0.03803982958197594,0.08172891587018967,0.0016488865716382862,0.2315873824758455
687,0.26785061955451966,1.0663045644760132,0.11331481039524079,0.028349437192082404,0.08291324973106384,0.003993893368169665,0.24658221006393433,0.34303969144821167,0.11480670571327209,0.02283802181482315,0.08573754131793976,0.001952011208049953,0.22533428005408493
688,0.25205862820148467,0.7630920648574829,0.1114315614104271,0.021149468049407004,0.08200205266475677,0.0041017156094312664,0.24831674695014955,0.2848432302474976,0.11725642085075379,0.020896974951028824,0.08725393563508987,0.0019447479164227844,0.22735207935329527
689,0.24573996067047119,0.7343526959419251,0.1087751105427742,0.020158686488866807,0.0802130714058876,0.004124032892286777,0.2392294317483902,0.3958047449588776,0.11171483695507049,0.017172591015696525,0.08349395096302033,0.0017388996668159962,0.21412027860060334
690,0.252260634303093,0.7159165024757386,0.11184959411621094,0.023570491559803487,0.08194277137517929,0.004050877736881375,0.25141599774360657,0.38089547157287595,0.11661654710769653,0.02612372487783432,0.08580372929573059,0.0016909529455006122,0.23023495422676207
691,0.2513706713914871,0.7861187219619751,0.11095026135444641,0.021913794055581092,0.08094901740550994,0.0039155529346317055,0.260236930847168,0.430478835105896,0.12062812000513076,0.022016409039497375,0.09009834975004197,0.0020889312028884886,0.2348318099975586
692,0.24707192480564116,0.5354065120220184,0.11305009424686432,0.018597467429935934,0.08325942009687423,0.003987779887393117,0.2715317904949188,0.3263352155685425,0.12640670239925383,0.031293942034244536,0.09296454042196274,0.002060231566429138,0.2527254164218903
693,0.2592785954475403,0.9852774024009705,0.1112619772553444,0.023815585672855376,0.08145567178726196,0.004060629429295659,0.25357877314090727,0.37628346085548403,0.11766906082630157,0.026512155961245298,0.08655464202165604,0.0018237878335639834,0.23255964664276688
694,0.2460741400718689,0.811463224887848,0.10842371731996536,0.017845702171325684,0.07979552596807479,0.004147715773433447,0.24309154748916625,0.2608025074005127,0.11595308780670166,0.01648945324122906,0.08657121807336807,0.001868305541574955,0.22088206466287374
695,0.25186562836170195,0.8037757515907288,0.11090036481618881,0.022200250439345835,0.08075913488864898,0.004018067475408315,0.23469772636890412,0.32159677147865295,0.11006900072097778,0.019536928460001945,0.08190341144800187,0.0018502059858292342,0.21335954661481082
696,0.24629021286964417,0.6730791449546814,0.10916398316621781,0.024037717282772063,0.0802333876490593,0.004069715645164252,0.24551546275615693,0.30418436527252196,0.11533811241388321,0.02209212929010391,0.08574547469615937,0.00170375881716609,0.22487947521731258
697,0.24164098501205444,0.8178010225296021,0.10608779042959213,0.01765841506421566,0.07824743837118149,0.003892786568030715,0.2518656075000763,0.3231279492378235,0.11569496393203735,0.03213234469294548,0.0859174221754074,0.001934591750614345,0.23567932255100457
698,0.2518890917301178,0.6670084714889526,0.1119757428765297,0.025231431424617767,0.0821040391921997,0.003983121132478118,0.24763305187225343,0.3338151454925537,0.11298656314611435,0.035617624223232267,0.08304297626018524,0.0016899189446121453,0.233337082574144
699,0.25644139051437376,0.7148393988609314,0.11398257613182068,0.023156766220927237,0.08399835675954818,0.0037719521205872297,0.24517962336540222,0.2743665277957916,0.1159593105316162,0.02074512615799904,0.08620784282684327,0.0017386451829224825,0.224650924699381
700,0.24906157553195954,0.7224230408668518,0.11119881719350815,0.018769169971346856,0.08179116100072861,0.0039636286906898025,0.2565838694572449,0.2626458406448364,0.12126544266939163,0.02380763255059719,0.08990325331687928,0.0019698300864547493,0.23694615862332286
701,0.25854924917221067,0.6735637724399567,0.11657278835773469,0.02017814889550209,0.0856244444847107,0.003916379064321518,0.23675999641418458,0.3287134289741516,0.11038479208946228,0.021125082671642304,0.08262474685907364,0.0017850640928372742,0.2159196857130155
702,0.26200693249702456,0.8591180443763733,0.11443296670913697,0.025316770747303964,0.08357280492782593,0.003832332231104374,0.2589644014835358,0.4111155867576599,0.11874749511480331,0.029719985276460647,0.08806945383548737,0.0017207056283950807,0.2382576398551464
703,0.25061908066272737,0.7748657822608948,0.11120524704456329,0.019311020895838738,0.08158625066280364,0.003835790790617466,0.25416304767131803,0.32373458445072173,0.11811969876289367,0.025393685698509215,0.08857868164777756,0.002045470243319869,0.2341375363525003
704,0.2536318749189377,0.6073918521404267,0.11530529856681823,0.0197589248418808,0.08429474830627441,0.004099344275891781,0.26215792298316953,0.3387915849685669,0.12206565588712692,0.030059148371219636,0.08917908966541291,0.0018667386611923575,0.24317063258495183
705,0.2519579529762268,0.6451432824134826,0.11320162713527679,0.02178795151412487,0.08308172672986984,0.003979988675564527,0.257972264289856,0.466739809513092,0.11920666843652725,0.023123296350240706,0.08819627463817596,0.0016630494967103005,0.23218928892165425
706,0.25625270009040835,0.8545090675354003,0.11214658468961716,0.022472096607089043,0.0821216195821762,0.0038340771570801735,0.2509909510612488,0.39335179328918457,0.11603974997997284,0.024695263430476188,0.08642393797636032,0.0016730404924601317,0.2288319918792695
707,0.2524907797574997,0.6711322486400604,0.11317245215177536,0.02138182409107685,0.08303700387477875,0.004031356889754534,0.249973064661026,0.38789366483688353,0.1157290905714035,0.024317836761474608,0.0861403226852417,0.0016601616516709328,0.22784741166979072
708,0.2482474237680435,0.6199161052703858,0.111695796251297,0.02225140146911144,0.08179621994495392,0.003847236419096589,0.25369480848312376,0.5027933835983276,0.11428481340408325,0.030511806905269622,0.08502287119626999,0.001700657419860363,0.23152014892548323
709,0.253321447968483,0.7743216514587402,0.11276640892028808,0.018358653970062734,0.08289004266262054,0.003861040947958827,0.23692586421966552,0.3388200283050537,0.11175155490636826,0.015356740355491639,0.08386333435773849,0.0015966818435117602,0.21256831146311014
710,0.24061164855957032,0.6929291367530823,0.10785152614116669,0.016679103951901197,0.07936026751995087,0.0038601641077548265,0.24518732726573944,0.2919462502002716,0.11622877717018128,0.018438762240111827,0.0863275870680809,0.0020106167998164893,0.22300574327819048
711,0.2587279886007309,0.7150363802909852,0.1161699965596199,0.019271718710660933,0.08543130159378051,0.004008193360641598,0.24598102569580077,0.2684581518173218,0.11647290885448455,0.0203077532351017,0.08678438067436219,0.001745030074380338,0.2253100728383288
712,0.25430330336093904,0.9747716903686523,0.10970232635736465,0.02004164457321167,0.08062508255243302,0.003959220880642533,0.25949556827545167,0.39133015275001526,0.12064026743173599,0.023705349862575532,0.08988808542490005,0.0017808195902034641,0.23601452230941503
713,0.24832022190093994,0.7906455814838409,0.10952485501766204,0.01984895169734955,0.08051579296588898,0.003901084139943123,0.23714692294597625,0.32650829553604127,0.11054872870445251,0.023386315815150736,0.08155505508184432,0.002064269292168319,0.2175543688936159
714,0.24767115712165833,0.8137653708457947,0.10866425931453705,0.01999429501593113,0.08010846823453903,0.00393637283705175,0.22024964690208435,0.26716895699501036,0.10329520553350449,0.019907942786812783,0.07708095163106918,0.0017791341058909893,0.20206323405727744
715,0.2348639488220215,0.55499107837677,0.10564100742340088,0.022429899498820304,0.07755969166755676,0.0038147974293678997,0.258056104183197,0.36336594820022583,0.12147555351257325,0.01977655738592148,0.09037286788225174,0.0016047189477831126,0.23322969772852958
716,0.2443985551595688,0.7176063835620881,0.10848180502653122,0.020525145810097456,0.079653500020504,0.0039658847264945505,0.25206018686294557,0.37782893180847166,0.11785041093826294,0.020110318064689638,0.08786800801753998,0.00197380012832582,0.22780253714881837
717,0.2489263743162155,0.7280426144599914,0.11085949838161469,0.019744693487882613,0.0813358873128891,0.004064933117479086,0.26455331444740293,0.4982688307762146,0.12285088896751403,0.017866510897874832,0.09185161888599395,0.00199898115824908,0.2345679999096319
718,0.23139756321907043,0.6467906057834625,0.10379820317029953,0.016497333906590937,0.07645479142665863,0.003903626184910536,0.256501305103302,0.3675672173500061,0.12017177641391755,0.021624375879764558,0.0890743762254715,0.0019736926537007094,0.23284422117285433
719,0.24912175834178923,0.7929973840713501,0.10872280299663543,0.025882840529084204,0.07928088009357452,0.0037745179142802954,0.24191585481166838,0.43668981790542605,0.11083860695362091,0.023068512231111525,0.08295432180166244,0.0018860872834920884,0.21874752826988697
720,0.24600378870964051,0.7732046008110046,0.10745999068021775,0.0243902713060379,0.07887457311153412,0.003979928465560079,0.2536958515644073,0.3104280650615692,0.11793586760759353,0.026871927082538605,0.08804254382848739,0.0019735014764592053,0.23482383999507872
721,0.2534942775964737,0.9175264358520507,0.10974446833133697,0.022289305180311202,0.08029107898473739,0.004056264087557793,0.2520823448896408,0.2907993733882904,0.1191066175699234,0.021137651056051254,0.08855165988206863,0.0018713596742600202,0.23066728818230334
722,0.2552891671657562,0.6631852269172669,0.11438480913639068,0.023604436218738555,0.08361784517765045,0.003873953688889742,0.2317354679107666,0.3124815970659256,0.10828982293605804,0.01932476367801428,0.08144315779209137,0.0018681347370147704,0.21092587914317848
723,0.249194872379303,0.6697247266769409,0.11182228326797486,0.020011072978377342,0.08218462020158768,0.0038946060463786124,0.23804354965686797,0.3579765558242798,0.1106460452079773,0.021625999361276627,0.08252722918987274,0.001698221592232585,0.21649749535135926
724,0.24040362238883972,0.6481761574745178,0.10835775434970855,0.016336950846016406,0.0800429791212082,0.0038822477217763662,0.2587862372398376,0.6197467684745789,0.11792009323835373,0.01920175030827522,0.08785887807607651,0.0017570670694112777,0.22673778869211675
725,0.24583350718021393,0.7746225714683532,0.10868547111749649,0.019320466555655003,0.0797065794467926,0.0040077851619571446,0.24943190217018127,0.30826097130775454,0.11733642220497131,0.020934925228357316,0.0877818301320076,0.0016157849691808223,0.22766896253451707
726,0.246209916472435,0.7000242948532105,0.10890840291976929,0.02362088896334171,0.07990009635686875,0.00401222724467516,0.2670846343040466,0.41663129925727843,0.12407195568084717,0.02351866140961647,0.09263963550329209,0.001857699709944427,0.24208795230370017
727,0.2594075739383698,1.1045640587806702,0.10930899679660797,0.024003035575151443,0.08035121262073516,0.003924454376101494,0.24940595626831055,0.538926774263382,0.11304945349693299,0.023399849981069566,0.0846090629696846,0.001814001938328147,0.2228723683860153
728,0.23561184704303742,0.6229423999786377,0.10521667897701263,0.021566585823893546,0.0771610051393509,0.0038846601732075215,0.24309135973453522,0.3385010600090027,0.11404970437288284,0.019523849710822105,0.0851251408457756,0.0016994474222883581,0.2203981423517689
729,0.2522963970899582,0.6914829671382904,0.11319904178380966,0.019800614565610886,0.08310610800981522,0.0038666237611323594,0.24857533872127532,0.4941108226776123,0.11612577140331268,0.011625996604561806,0.08761460781097412,0.0013906813226640224,0.2167570571415126
730,0.2400611609220505,0.7803259372711182,0.10465520024299621,0.0228794414550066,0.07701997011899948,0.003722064336761832,0.2496614545583725,0.48695788383483884,0.11430754810571671,0.02263346966356039,0.08540069907903672,0.0016660265158861876,0.22400774336419998
731,0.240041646361351,0.7471093654632568,0.10615986585617065,0.018982340395450593,0.07805293798446655,0.0038463018368929624,0.2386137217283249,0.2948798179626465,0.11117194294929504,0.0253853477537632,0.08258588463068009,0.0015463309129700065,0.22068950624670836
732,0.23906155824661254,0.6584405064582824,0.10686196982860566,0.019846923276782037,0.07847899943590164,0.0038164354860782622,0.26210000514984133,0.31183449029922483,0.12523155510425568,0.016471101716160775,0.0929425224661827,0.0018414892023429275,0.2364866684889421
733,0.24862223267555236,0.9101848244667053,0.10727170258760452,0.022266233712434767,0.0788011059165001,0.003794887103140354,0.2483334720134735,0.30711930990219116,0.11549312621355057,0.0262098491191864,0.08622815907001495,0.0017072167247533798,0.2296383511275053
734,0.24660854935646057,0.7535909175872803,0.10953492522239686,0.018204967118799688,0.08074993342161178,0.003866410395130515,0.24942471385002135,0.451807302236557,0.1153309240937233,0.01852302234619856,0.0869230017066002,0.0018412455916404723,0.22261819373816252
735,0.24246160984039306,0.7756429433822631,0.10747294425964356,0.01722165532410145,0.07889024466276169,0.003891009045764804,0.24271250069141387,0.3171528160572052,0.11465584635734558,0.017949193343520166,0.08529460281133652,0.0019167192280292512,0.2198163617402315
736,0.24915761053562163,0.8303639769554139,0.10914351642131806,0.02028575912117958,0.08041431307792664,0.0038818335626274346,0.27373614311218264,0.5614349722862244,0.12641016244888306,0.021938231214880942,0.09305955618619918,0.0016745836939662695,0.24308253354392947
737,0.24836077988147737,0.6744661688804626,0.1102109968662262,0.024845096468925475,0.08069070875644684,0.003943323809653521,0.2662626266479492,0.3548449665307999,0.12646010518074036,0.016561450064182283,0.09431744515895843,0.0018099536886438728,0.23914895409252493
738,0.25779849886894224,0.7810649037361145,0.11547482013702393,0.016811308078467847,0.0846708059310913,0.0038861486129462717,0.25792445838451383,0.21317826509475707,0.12293485254049301,0.021901457011699675,0.09178062975406646,0.001822726195678115,0.23843966550193726
739,0.25120532512664795,0.6983276009559631,0.11165337413549423,0.023526646569371222,0.08169183731079102,0.00402326718904078,0.2731072187423706,0.26451092064380644,0.12818619310855867,0.030628626793622972,0.09472482353448868,0.0018704436253756285,0.25541008706204593
740,0.2420253872871399,0.7426031470298767,0.10667489767074585,0.021201328746974467,0.07845069915056228,0.003837221208959818,0.23489563465118407,0.2938241720199585,0.10984889268875123,0.02229595445096493,0.08186335116624832,0.0017870100913569332,0.21579520839732141
741,0.2427561491727829,0.7285249948501586,0.10855710059404373,0.016308168321847914,0.0798602432012558,0.003739346703514457,0.25274835526943207,0.3148906409740448,0.11890757977962493,0.020682574063539506,0.08904656320810318,0.0017495736479759215,0.23038629069924357
742,0.2407699257135391,0.6489431440830231,0.10745906680822373,0.022022722102701665,0.07868359833955765,0.0037939769215881826,0.22343518435955048,0.35263054370880126,0.10299521684646606,0.022575224936008453,0.07685800641775131,0.0015948370797559618,0.2040232852799818
743,0.25431583523750306,0.7143792986869812,0.11263293027877808,0.025183795019984245,0.0824564203619957,0.003823749953880906,0.2590372622013092,0.430746328830719,0.12038916051387787,0.021387241780757904,0.08977724760770797,0.0016814444912597536,0.23323509439360351
744,0.2622644484043121,0.6233176350593567,0.1187345489859581,0.022765708342194556,0.08697220385074615,0.003897716198116541,0.2392882823944092,0.33053930997848513,0.11249634474515915,0.01883021220564842,0.08377370685338974,0.0016966761089861394,0.21679693991318347
745,0.24587883949279785,0.7158503293991089,0.10988687872886657,0.01795207541435957,0.08088666796684266,0.0038233681581914423,0.24674602448940278,0.38999433517456056,0.11424225866794586,0.022800300270318985,0.0854445978999138,0.0015867527574300766,0.22407390959560872
746,0.24192248284816742,0.7225549757480622,0.10759378969669342,0.01846645548939705,0.07914369255304336,0.003937655780464411,0.25084856152534485,0.29152886271476747,0.11723149418830872,0.025835666060447692,0.08725403398275375,0.0017900530248880387,0.2321112472563982
747,0.2434103399515152,0.6627998113632202,0.10891130417585373,0.019502142444252968,0.0803726628422737,0.003870050003752112,0.24742695391178132,0.3628053069114685,0.11321302950382232,0.03232464492321015,0.08340183645486832,0.0016042675357311963,0.230543778417632
748,0.25116385221481324,0.6959044694900512,0.111805859208107,0.022819361463189126,0.0819938212633133,0.003880257299169898,0.20636279582977296,0.3908860802650452,0.09389040172100067,0.020457568392157555,0.07061110138893127,0.0016112043289467693,0.18657027583103628
749,0.24122788906097412,0.5934925198554992,0.10953092426061631,0.016862868145108224,0.0809567391872406,0.0037111779674887657,0.24322257936000824,0.4788990497589111,0.1119101732969284,0.02126501649618149,0.08274422734975814,0.0016952264588326216,0.21761464360170066
750,0.2476394385099411,0.6630634069442749,0.1117541402578354,0.018552288040518762,0.08165738582611085,0.003870034823194146,0.22831082046031953,0.2805665671825409,0.10657675415277482,0.02167908400297165,0.08003136664628982,0.0016154478304088115,0.2099026526324451
751,0.2460266172885895,0.8274748086929321,0.10770104378461838,0.020211974903941155,0.07917791306972503,0.0038245911709964275,0.24825862050056458,0.21453637182712554,0.11965332329273223,0.016429705545306206,0.08886431008577347,0.001656245207414031,0.22660358413122594
752,0.24785174429416656,0.787071168422699,0.10939740389585495,0.020346270874142647,0.08014999032020569,0.003770850971341133,0.22467013001441954,0.3476042032241821,0.10414689183235168,0.019478074461221694,0.0784482255578041,0.0015406652819365263,0.203613857133314
753,0.2449558347463608,0.6942154049873352,0.10955299437046051,0.01889727171510458,0.0805540844798088,0.0038043596316128967,0.24790070652961732,0.3706784456968307,0.11628332138061523,0.019715084135532378,0.08629363030195236,0.001555955410003662,0.22384799122810364
754,0.24742668867111206,0.721026599407196,0.11001738607883453,0.020930586941540243,0.08071032613515854,0.0037134356796741487,0.242586550116539,0.3618683695793152,0.1134469449520111,0.01875801384449005,0.08499667197465896,0.001740691950544715,0.21894232272170483
755,0.2379016786813736,0.6111652016639709,0.1069561555981636,0.020163024961948394,0.07839318811893463,0.003920893371105194,0.2709165394306183,0.3233660161495209,0.1252985879778862,0.034414004907011984,0.0925742968916893,0.001537049375474453,0.253823939152062
756,0.23597155511379242,0.5401902973651886,0.10786366015672684,0.01727851275354624,0.07904414236545562,0.003780068643391132,0.2483055591583252,0.4000335931777954,0.11693530976772308,0.013730285316705703,0.08785457164049149,0.0018035166664049028,0.2203236833913252
757,0.23965596556663513,0.6156808614730835,0.108373261988163,0.017565190978348254,0.07971181869506835,0.00377601757645607,0.2481343686580658,0.37196124792099,0.11548609733581543,0.02176226507872343,0.0863951250910759,0.0015942350029945374,0.2252377225086093
758,0.2501415520906448,0.7645479202270508,0.11080823689699174,0.020863338187336922,0.08122288137674331,0.0036866694688797,0.24306362569332124,0.29078697562217715,0.11439860612154007,0.021136249229311944,0.08542842417955399,0.001521636126562953,0.22248491565696896
759,0.2312026858329773,0.6985555768013001,0.10224483609199524,0.018884489312767982,0.07541407346725464,0.0038512877188622953,0.257954004406929,0.286785876750946,0.12135568857192994,0.024326006323099135,0.09028072506189347,0.001828392269089818,0.23779081222601237
760,0.2523633688688278,0.771436607837677,0.11115486323833465,0.0233544897288084,0.08144870847463608,0.0038692406844347714,0.25507456064224243,0.2189066767692566,0.12266211807727814,0.01652039885520935,0.09186302125453949,0.0016994145233184099,0.23274495271034537
761,0.24156613945960997,0.6810131907463074,0.10724463164806367,0.021684665977954865,0.07888190746307373,0.003882772382348776,0.23016942739486695,0.2922746121883392,0.10788221955299378,0.01989402249455452,0.08081957399845123,0.0016798984725028276,0.21027571451850235
762,0.2533736675977707,0.6586619853973389,0.11348811239004135,0.02315733153373003,0.08311440646648408,0.003907124884426594,0.2430219680070877,0.41609265804290774,0.11031602323055267,0.02996326982975006,0.08202948421239853,0.0016411844873800874,0.22394996176008136
763,0.24111693799495698,0.75576331615448,0.10688688904047013,0.018023123405873774,0.0784865066409111,0.0038309943862259387,0.2511429667472839,0.2541361391544342,0.11838302165269851,0.023769520223140717,0.08834869861602783,0.0017511362908408045,0.23225237678270785
764,0.24737210869789122,0.833783483505249,0.10903864651918412,0.01728957463055849,0.08000409454107285,0.0040904826950281855,0.26318691968917846,0.29053062200546265,0.12327335774898529,0.028070160746574403,0.09128681570291519,0.0017443604301661253,0.244374694628641
765,0.24119716882705688,0.8253084182739258,0.10653530359268189,0.015842358767986297,0.07813488990068436,0.003627827111631632,0.23707568049430847,0.23829432725906372,0.11163293272256851,0.022755619883537293,0.08340310007333755,0.001694878819398582,0.21948653149884192
766,0.24846032559871672,0.7344913840293884,0.11056956350803375,0.02002648450434208,0.08107006400823594,0.0037982681300491095,0.25661553144454957,0.2913236081600189,0.11722185611724853,0.03861080035567284,0.08674237579107284,0.0016597205772995948,0.24423475284129384
767,0.25527849793434143,0.7219794273376465,0.1144027829170227,0.018789906054735184,0.08425937294960022,0.003830642020329833,0.25239171981811526,0.44477737247943877,0.11582289636135101,0.02492336630821228,0.08652373254299164,0.001536468113772571,0.2288064633263275
768,0.25931029915809634,0.8879846334457397,0.1124538704752922,0.025260214880108833,0.08241377472877502,0.003831746894866228,0.23517091274261476,0.30676677227020266,0.1102320522069931,0.020372567139565943,0.0822810783982277,0.0017458110814914107,0.21463150882627813
769,0.2447761058807373,0.6371794939041138,0.10998746156692504,0.02048852387815714,0.08070100545883178,0.003900708630681038,0.2329861581325531,0.40456334352493284,0.11003662049770355,0.010025942884385585,0.08262752145528793,0.0016640173271298409,0.2043541021645069
770,0.23988527059555054,0.6868172645568847,0.10639788657426834,0.021037230640649794,0.07844790518283844,0.0037668053526431324,0.2633936107158661,0.3680472493171692,0.12355673015117645,0.021823859959840774,0.09193734526634216,0.0017640681704506277,0.23908200354781003
771,0.2499977767467499,0.8684390902519226,0.10878248512744904,0.0225637786090374,0.07946536242961884,0.0037976689636707306,0.24606713354587556,0.3548959016799927,0.11568002551794052,0.018760152533650397,0.08619084805250168,0.0014761239755898714,0.22210715007968249
772,0.24966882467269896,0.8222283542156219,0.10878183245658875,0.02296954542398453,0.08026236742734909,0.0038809020072221754,0.24651630818843842,0.5173412561416626,0.11113927960395813,0.026866280660033225,0.08306334018707276,0.001617776555940509,0.22268667700700462
773,0.25569604635238646,0.7446912348270416,0.11331486850976943,0.023412735015153886,0.08302937597036361,0.003773884940892458,0.24757742285728454,0.3939908355474472,0.115463787317276,0.019614475220441817,0.08629189580678939,0.001574308192357421,0.22294446653686464
774,0.24772990643978118,0.7242868304252624,0.11007274687290192,0.021148066408932208,0.08075001388788224,0.0036999409087002276,0.23895732462406158,0.3216893315315247,0.111941759288311,0.020553404092788698,0.08353100717067719,0.0016697313636541366,0.21769590191543103
775,0.24155398607254028,0.6834233164787292,0.1081206426024437,0.01742907948791981,0.07998209148645401,0.0037284114398062227,0.25346869230270386,0.3170536458492279,0.11946574449539185,0.02098216488957405,0.08900878876447678,0.001569021074101329,0.23102571922354403
776,0.24524928331375123,0.8496857941150665,0.10746001303195954,0.01812522690743208,0.07901369780302048,0.003900528559461236,0.25395962595939636,0.2750233232975006,0.12041601240634918,0.019758594781160356,0.08994437605142594,0.0019800514448434113,0.2320990346837789
777,0.24479682743549347,0.8815978288650512,0.10563848912715912,0.02248345725238323,0.07774952650070191,0.0037020625080913306,0.25832061767578124,0.3100662112236023,0.11872806251049042,0.03534959442913532,0.0877521738409996,0.0015971134183928371,0.2434269441990182
778,0.2418767660856247,0.7045248329639435,0.106785649061203,0.023341690376400947,0.07835428416728973,0.0036758638452738523,0.23822137713432312,0.3361518383026123,0.1124693363904953,0.015358269214630127,0.08433299660682678,0.001659256685525179,0.2138198588974774
779,0.25625031590461733,0.8296229600906372,0.1132261574268341,0.01986161470413208,0.08297896683216095,0.003686388209462166,0.2509697139263153,0.4458551049232483,0.11799609363079071,0.012875672988593578,0.08839470148086548,0.0016660247929394245,0.2209324928931892
780,0.2519615888595581,0.62747563123703,0.11495104134082794,0.016010483726859093,0.08463886082172394,0.003645654674619436,0.26640777587890624,0.3898072302341461,0.12436665296554565,0.023117169737815857,0.09270980209112167,0.001721687475219369,0.24191531226970256
781,0.24404022991657257,0.6219437777996063,0.10964802205562592,0.02147916778922081,0.08029673844575883,0.00395423243753612,0.23882511258125305,0.32705422639846804,0.11117909848690033,0.02402396947145462,0.0824526697397232,0.0016198697499930858,0.21927560744807126
782,0.24231875836849212,0.5851639747619629,0.10980953723192215,0.01938345767557621,0.08066700100898742,0.0037623729556798937,0.22717284560203552,0.31255953311920165,0.10747372657060623,0.016072243824601172,0.07973570525646209,0.001508204615674913,0.2047898802673444
783,0.2421633243560791,0.7307089447975159,0.10728569030761718,0.020276474952697753,0.07878465503454209,0.003680470818653703,0.2478266716003418,0.273435914516449,0.1154046192765236,0.0281459242105484,0.08595603853464126,0.0015843546949326991,0.23109093671664596
784,0.2482430100440979,0.5547151684761047,0.11286035031080247,0.021100320667028428,0.08296863585710526,0.0037861961405724286,0.24882103204727174,0.45038776397705077,0.11410084366798401,0.02435609996318817,0.08508351296186448,0.0016097482992336154,0.22515020489227025
785,0.2402776598930359,0.6139983296394348,0.10875097811222076,0.016752089932560922,0.08024654537439346,0.0039056214969605207,0.24976115226745604,0.34832843542099,0.116828453540802,0.02152969017624855,0.08716346174478531,0.0016983401030302048,0.22721994556486608
786,0.24665217101573944,0.6209389090538024,0.11150165349245071,0.019903112202882767,0.08170198798179626,0.003669237205758691,0.2478220582008362,0.33899977803230286,0.11790921688079833,0.014701656997203827,0.08772403448820114,0.0015516212908551097,0.2218865296570584
787,0.25188535153865815,0.7511212706565857,0.1129384845495224,0.015866037271916867,0.08327174931764603,0.0037439314648509024,0.24277064204216003,0.2988970518112183,0.11408617794513702,0.01998927854001522,0.08577376157045365,0.0016170191578567029,0.22146623721346256
788,0.24547845423221587,0.8449017524719238,0.1074439451098442,0.01914290674030781,0.0791320487856865,0.003564524697139859,0.23037070631980897,0.36132046282291413,0.10735785365104675,0.01921883672475815,0.07995119392871856,0.0016300698276609181,0.20815795413218438
789,0.2407074213027954,0.6814013242721557,0.10707497149705887,0.02127334363758564,0.07855047434568405,0.0036975270602852108,0.227632799744606,0.3333970844745636,0.1060447409749031,0.021063322201371193,0.07879259437322617,0.0015042208135128022,0.20740487836301327
790,0.2503353774547577,0.7992110788822174,0.11090896427631378,0.017799353040754796,0.081740503013134,0.0037544425576925278,0.2410314440727234,0.2800303041934967,0.11479993164539337,0.01544952392578125,0.08609346151351929,0.001503402809612453,0.21784631989430636
791,0.2406073033809662,0.6433206379413605,0.10825286209583282,0.018441443517804145,0.0796312153339386,0.0036461470182985066,0.2591735929250717,0.3210160881280899,0.12218126505613328,0.022343781404197217,0.09053142219781876,0.0017461077077314258,0.23680257636588067
792,0.23694688975811004,0.5215762197971344,0.10751629173755646,0.020250548049807547,0.07946052551269531,0.003848922159522772,0.2582385212182999,0.4024937152862549,0.12085460424423218,0.021371901407837866,0.08930628448724746,0.0016370617784559726,0.23316985191777345
793,0.24056099057197572,0.7112621366977692,0.10697496682405472,0.01869882773607969,0.07890186756849289,0.003716967301443219,0.24111780524253845,0.2757651448249817,0.1147872656583786,0.015920038893818857,0.08604545593261718,0.001563790626823902,0.21831655111163853
794,0.24854870438575744,0.7832250118255615,0.10976104736328125,0.019596759229898453,0.08080333173274994,0.003909974126145244,0.23306796252727507,0.2509830236434937,0.11089307069778442,0.01736628673970699,0.08266999721527099,0.0015909142326563596,0.21252026888541878
795,0.24886304438114165,0.7110008895397186,0.1105035200715065,0.02132292315363884,0.08156889826059341,0.0038549061864614487,0.2245130181312561,0.2709915280342102,0.1058798924088478,0.018398695439100266,0.07906602919101716,0.001517176884226501,0.20486179392319173
796,0.23126257359981536,0.4607944428920746,0.10594611763954162,0.019723226130008698,0.07782328426837921,0.003740718076005578,0.23944443464279175,0.2953588664531708,0.11434609591960906,0.013886849954724311,0.08532966077327728,0.0015646652318537235,0.21512727187946437
797,0.25077607333660124,0.84672931432724,0.10988443195819855,0.02024892307817936,0.08070087432861328,0.0038393338210880755,0.2471494883298874,0.26137050688266755,0.11668260842561722,0.024034736305475236,0.0862932488322258,0.001397998142056167,0.22840859170537442
798,0.23582789599895476,0.5623882830142974,0.10566126704216003,0.02369300164282322,0.07769067734479904,0.0037507874891161918,0.23204120397567748,0.29363809823989867,0.10833557099103927,0.02262565605342388,0.08076781183481216,0.0016410501208156346,0.21337008900009094
799,0.23893669843673707,0.6173668146133423,0.10806284248828887,0.01720086596906185,0.07948658615350723,0.0037903680466115476,0.24726833701133727,0.21329002678394318,0.11851705312728882,0.017994403839111328,0.08845202624797821,0.001714213052764535,0.2266776962671429
800,0.253160560131073,0.6555190324783325,0.11304074078798294,0.024485240504145623,0.08294490575790406,0.003797963121905923,0.24243997633457184,0.2708161652088165,0.1154434859752655,0.016703119874000548,0.08641245812177659,0.00145614892244339,0.22001521289348602
801,0.2406083643436432,0.6828170418739319,0.10711837708950042,0.019828608259558678,0.07905838340520858,0.003727293759584427,0.23317927420139312,0.3594397664070129,0.10839553028345109,0.021336658112704753,0.08070350736379624,0.0013565625762566925,0.21179225833620877
802,0.24776349663734437,0.7060336828231811,0.11082839816808701,0.01806643921881914,0.08194803595542907,0.0037244907580316067,0.24914997220039367,0.32693039774894717,0.11626975536346436,0.02464220076799393,0.08634768724441529,0.0016422198619693517,0.22890186323784292
803,0.24471148550510408,0.8146539032459259,0.10703376978635788,0.02051457352936268,0.07901588976383209,0.0036545165348798037,0.25592632293701173,0.2648393094539642,0.12184379100799561,0.021808810345828534,0.08972501605749131,0.001627384265884757,0.23500500167720023
804,0.23431845605373383,0.6479695916175843,0.10442862957715988,0.02068280093371868,0.07678655236959457,0.003481504553928971,0.21663043200969695,0.31323952674865724,0.10210393965244294,0.013841239921748637,0.07685341387987137,0.001334973005577922,0.19413356645964086
805,0.2388288974761963,0.6924832463264465,0.10634183883666992,0.019001258164644243,0.07825867384672165,0.003835545992478728,0.2198528230190277,0.2342875897884369,0.10225577503442765,0.025559961050748824,0.0760755032300949,0.001802534982562065,0.20569377429783342
806,0.23988391160964967,0.5725378334522248,0.10791376233100891,0.022469425201416017,0.07938928455114365,0.0036961012054234745,0.23337893486022948,0.29700859189033507,0.10791597068309784,0.026263096928596498,0.08076627105474472,0.0015309720998629927,0.21647631076630205
807,0.24454383850097655,0.5895700097084046,0.11078533083200455,0.01949496306478977,0.08168448358774186,0.0035462477710098026,0.24005143344402313,0.3170823574066162,0.11066249907016754,0.02670609038323164,0.0831509530544281,0.0017713633831590414,0.2222909058909863
808,0.2395502120256424,0.8610176801681518,0.10442672669887543,0.018200103007256985,0.07676895558834076,0.0036265581846237184,0.23613516092300416,0.31941025257110595,0.11068679392337799,0.019411104917526244,0.08296425938606262,0.001512691704556346,0.21457484993152318
809,0.23730455040931703,0.5966884732246399,0.10782260298728943,0.016248375363647937,0.07934088110923768,0.003645278699696064,0.22904168367385863,0.2880044519901276,0.10768190622329712,0.01860150620341301,0.08079232424497604,0.0015574088785797358,0.2086331455502659
810,0.25246451795101166,0.7217966258525849,0.11335521936416626,0.01763348300009966,0.08340759873390198,0.00365715310908854,0.23772214055061341,0.2718855500221252,0.11408893018960953,0.011952167749404908,0.08557741791009903,0.0015790828503668309,0.2131975986994803
811,0.24743173122406006,0.6692668676376343,0.11158842295408249,0.017386291921138764,0.08214020282030106,0.003734682686626911,0.22702567875385285,0.3015110492706299,0.10464566051959992,0.02524510882794857,0.07871444672346115,0.0015265023102983832,0.210131718381308
812,0.23946584463119508,0.6808795630931854,0.10703727006912231,0.01824576947838068,0.07886169850826263,0.0037287686485797168,0.2358517289161682,0.29595986008644104,0.11057734489440918,0.02210870310664177,0.08208867460489273,0.001624383102171123,0.21639910570811477
813,0.2409244656562805,0.5495037794113159,0.11091905683279038,0.01407746747136116,0.08170464187860489,0.0037044336088001726,0.23608986139297486,0.2986114740371704,0.10946568548679352,0.026129868626594544,0.08165165185928344,0.0015087337698787451,0.21875593974255025
814,0.2486405998468399,0.780060064792633,0.10994854718446731,0.020351319387555123,0.08052179664373398,0.0037186773493885993,0.2508331656455994,0.2294048011302948,0.1162817806005478,0.0353943794965744,0.08559415638446807,0.0016021877527236938,0.23887250423431397
815,0.24308954179286957,0.709964907169342,0.10924082249403,0.015283449739217757,0.0804859608411789,0.003677016030997038,0.25098077654838563,0.30420353412628176,0.11875147521495819,0.019650600105524062,0.08847257941961288,0.001507131103426218,0.2283817858435213
816,0.24495921432971954,0.6545516431331635,0.10907607078552246,0.02286120504140854,0.08029592782258987,0.0038640640676021578,0.23013661205768585,0.3566408038139343,0.10730863064527511,0.019065563380718232,0.08004736751317978,0.0015526827424764632,0.2079742442816496
817,0.24497774243354797,0.6200507402420044,0.1107477143406868,0.018753041326999665,0.08154024183750153,0.0036602652166038752,0.25795220136642455,0.5346404612064362,0.11730283498764038,0.026475980877876282,0.08693493157625198,0.0013952072709798812,0.23210895471274853
818,0.24376881420612334,0.9147397935390472,0.105207160115242,0.020050150342285633,0.07749232649803162,0.0036580376792699097,0.25207456946372986,0.26019242107868196,0.11826515793800355,0.02686350718140602,0.08785677850246429,0.0015172296203672885,0.23450267324224114
819,0.23776124119758607,0.6064310193061828,0.10703935325145722,0.019128042459487914,0.07900523692369461,0.0036454433109611275,0.24460071325302124,0.3911752700805664,0.11287696659564972,0.023570753633975983,0.08447618931531906,0.001645053527317941,0.2225689630722627
820,0.24211277365684508,0.6430570006370544,0.1099199578166008,0.014754404686391354,0.0809816762804985,0.0036546267103403805,0.2516978859901428,0.4062332987785339,0.11658186614513397,0.022828032821416856,0.08712164759635925,0.0015385412145406008,0.2280700877774507
821,0.2386954218149185,0.7057629704475403,0.10589197278022766,0.019795772060751914,0.07794433385133744,0.0037284875754266976,0.23444518744945525,0.30070031583309176,0.10929592996835709,0.023218777403235434,0.0816667452454567,0.0014184441417455674,0.2155998967587948
822,0.24765613079071044,0.7232460379600525,0.11086591184139252,0.017828206531703472,0.0814593717455864,0.0036373978946357965,0.23319381475448608,0.26323423981666566,0.10880443453788757,0.024243959784507753,0.08161619007587433,0.0014189827255904675,0.2160835671238601
823,0.23482246100902557,0.5801650762557984,0.10661347061395646,0.0161793053150177,0.07874130010604859,0.003786267340183258,0.24682563543319702,0.3900643676519394,0.115583536028862,0.01749834343791008,0.08657504171133042,0.0015703349839895965,0.22122725616209207
824,0.23939875960350038,0.6468895316123963,0.10773818790912629,0.017145245894789697,0.0794807255268097,0.003789838869124651,0.24276445508003236,0.3525059580802917,0.11513882279396057,0.013809757679700852,0.08605152070522308,0.0015232676407322288,0.21652336881961676
825,0.24097387194633485,0.5883875727653504,0.10874884426593781,0.02045693211257458,0.0800237312912941,0.003673477051779628,0.26895716190338137,0.2700133562088013,0.12851228713989257,0.0206689715385437,0.09533966928720475,0.0013826531823724509,0.24590358114801347
826,0.23858652710914613,0.7473659038543701,0.10612201541662217,0.01655556559562683,0.07805283069610595,0.003555011935532093,0.23966639637947082,0.2906286418437958,0.11348697543144226,0.01751677840948105,0.08493120074272156,0.0015336781274527312,0.2174686327110976
827,0.2350587636232376,0.6858141899108887,0.10398212373256684,0.021145464293658732,0.07660239487886429,0.0036152360029518605,0.24400702118873596,0.24087259769439698,0.11423179805278778,0.025023620575666428,0.08605561703443527,0.0016217829426750541,0.22693281860556452
828,0.2373184859752655,0.7000521063804627,0.10726803541183472,0.011776226945221424,0.07914997041225433,0.003653133008629084,0.23578491806983948,0.30830276012420654,0.11024332344532013,0.02123568132519722,0.08257371187210083,0.0015032713068649172,0.2155559879494831
829,0.24317553341388704,0.5490636706352234,0.11158994138240814,0.016066772304475306,0.08216981291770935,0.003703559748828411,0.24088079035282134,0.29107176661491396,0.11265679299831391,0.023432919383049013,0.08423707485198975,0.0014384840382263065,0.22176527127157897
830,0.2417389839887619,0.7467558979988098,0.10717678517103195,0.018704281747341157,0.07890211641788483,0.00352841941639781,0.24946632981300354,0.2671670258045197,0.11931195557117462,0.016175206005573272,0.0890721097588539,0.0015960773918777705,0.22615534872747958
831,0.2333848863840103,0.5460102379322052,0.10578911602497101,0.019269530847668647,0.07789594829082488,0.0036098936572670935,0.2302202522754669,0.3552990257740021,0.1075518324971199,0.01726224422454834,0.08084098547697068,0.0014670766657218337,0.20712213886436076
832,0.2321229636669159,0.7039977014064789,0.10308563262224198,0.0185413159430027,0.07547574043273926,0.003648394485935569,0.24455490112304687,0.23547046184539794,0.11662698984146118,0.019691921025514602,0.08666189014911652,0.0014721850864589214,0.2244529861025512
833,0.24051055312156677,0.8332138180732727,0.10500266849994659,0.018929678201675414,0.07751839607954025,0.0036109940148890017,0.22131904661655427,0.34563758969306946,0.10462889075279236,0.012011199072003365,0.07833878844976425,0.001501220534555614,0.19648009880911557
834,0.24818021953105926,0.7119800329208374,0.10990121364593505,0.023089589178562166,0.08074216991662979,0.003789150482043624,0.257766991853714,0.2508367657661438,0.12071753740310669,0.02831306606531143,0.09008928984403611,0.0016214341623708606,0.2407413274748251
835,0.23515517115592957,0.7670846343040466,0.10365488529205322,0.017156483605504036,0.07653138041496277,0.0037816375494003295,0.24275702834129334,0.24904620051383972,0.1141236662864685,0.02402333728969097,0.08517639935016633,0.0016416593920439483,0.22496506231836974
836,0.23834747672080994,0.8139795899391175,0.1044303759932518,0.01831955462694168,0.07686034142971039,0.0037021614145487545,0.2380335360765457,0.3701681673526764,0.11059335768222808,0.020444295555353164,0.08285957425832749,0.0016210665926337242,0.21551829408854245
837,0.23031091392040254,0.5321133732795715,0.10526511222124099,0.015672808699309825,0.07759796977043151,0.0037071481347084045,0.23661290407180785,0.2718078374862671,0.11091533750295639,0.02304246574640274,0.0827469527721405,0.001560123125091195,0.21826487914659082
838,0.23823810815811158,0.621953696012497,0.10750356614589691,0.01794536579400301,0.07903379648923874,0.003669626545161009,0.22475887537002565,0.2412765234708786,0.10726424753665924,0.01394776999950409,0.08074464797973632,0.0015498949913308024,0.20350656050723043
839,0.23665840327739715,0.6544601678848266,0.10523137897253036,0.02141535226255655,0.0774076983332634,0.003759388066828251,0.2339043140411377,0.21911098957061767,0.11117229908704758,0.01834677383303642,0.08364189714193344,0.0015842091757804154,0.21474517923779787
840,0.24084715843200682,0.6729617118835449,0.1087202861905098,0.01462424173951149,0.08040322512388229,0.0035408695694059134,0.2507093667984009,0.2522457480430603,0.11982800960540771,0.019039286673069,0.08879408836364747,0.0014780564000830055,0.22913944104220718
841,0.23814907670021057,0.523647952079773,0.10819000601768494,0.020039631240069865,0.07993738800287246,0.0037920188158750536,0.233263498544693,0.31471636295318606,0.10905015766620636,0.020763212256133555,0.08159076869487762,0.0014134855009615421,0.21281762411817906
842,0.23588434159755706,0.6038111984729767,0.10631203651428223,0.01858323737978935,0.0782349392771721,0.003812853619456291,0.2569158852100372,0.3295169174671173,0.12017494440078735,0.025319822132587433,0.0891099750995636,0.001500806724652648,0.236105548357591
843,0.24582581520080565,0.7713298082351685,0.10824288427829742,0.02105509117245674,0.07973505556583405,0.003616924677044153,0.23064325153827667,0.1875032365322113,0.11011426150798798,0.01886461628600955,0.0825092613697052,0.001342092058621347,0.21283023122232408
844,0.24502677619457244,0.7462339401245117,0.10945465117692947,0.01604404579848051,0.08076121658086777,0.0035870410967618225,0.2291051596403122,0.40303472280502317,0.10597933083772659,0.018264561146497726,0.079656420648098,0.001500300201587379,0.2054006128339097
845,0.24187051355838776,0.7793390095233917,0.10739017128944398,0.01646094527095556,0.07886218726634979,0.003613534616306424,0.24317214787006378,0.23155560493469238,0.11451451778411866,0.025938620418310167,0.08467213362455368,0.0016665799310430884,0.22679185175802558
846,0.23700215220451354,0.5994006037712097,0.10745758563280106,0.016509211622178555,0.07937564849853515,0.0034868096467107535,0.24971815347671508,0.34663093090057373,0.11708568930625915,0.020817072689533235,0.08739306628704072,0.0014496880350634456,0.22674551631789655
847,0.24222166538238527,0.7309372544288635,0.10753796100616456,0.018583830632269382,0.07939607501029969,0.0036571500822901726,0.24068230986595154,0.26353512704372406,0.1128252014517784,0.023571544885635377,0.08456705510616302,0.001475983625277877,0.22243978506885467
848,0.24189433455467224,0.6316121101379395,0.10937161892652511,0.01779318004846573,0.08030507266521454,0.003569079702720046,0.2495582103729248,0.25011248588562013,0.11828631460666657,0.021900794468820095,0.08804934769868851,0.0015878970269113779,0.2298243538010865
849,0.24335838854312897,0.6921645998954773,0.10967750251293182,0.015737175941467285,0.08058739602565765,0.003606365015730262,0.23604548573493958,0.24695795476436616,0.11244015693664551,0.016845142096281053,0.08419431000947952,0.0015595271019265057,0.2150391361443326
850,0.2484959214925766,0.7790389895439148,0.11019331365823745,0.019478664919734,0.08065527826547622,0.0035688014701008796,0.2604794085025787,0.31568291783332825,0.12091866731643677,0.030077750235795973,0.08970508426427841,0.0016607877798378468,0.24236228959634903
851,0.23854473531246184,0.7636369824409485,0.10519934743642807,0.018372754007577895,0.0776443749666214,0.0036652095150202513,0.24795530438423158,0.32528804540634154,0.11653331518173218,0.019964410364627837,0.08722463548183441,0.0016426297836005688,0.225364990811795
852,0.2540051132440567,0.6525922060012818,0.11409300118684769,0.022023238800466062,0.08396264463663101,0.0036306802183389665,0.24698114395141602,0.3027170836925507,0.11530978381633758,0.02749746423214674,0.08470409959554673,0.0015358133241534233,0.22904716096818448
853,0.24407576024532318,0.6758719682693481,0.10933958142995834,0.019133046083152295,0.08048514127731324,0.0036291837226599456,0.2426266074180603,0.30750293731689454,0.11228628158569336,0.02850300595164299,0.08341037333011628,0.0014229899272322655,0.2256226507946849
854,0.24485548138618468,0.6512540578842163,0.11081643551588058,0.017002112232148647,0.08122764974832535,0.0037277532741427422,0.24394133687019348,0.2375313639640808,0.11515668779611588,0.022959310933947562,0.08611671924591065,0.0014728417387232184,0.22570555971469733
855,0.2370316654443741,0.5523402094841003,0.10749727487564087,0.0194857032969594,0.07921048998832703,0.00358768398873508,0.25225703716278075,0.28413881063461305,0.11782156825065612,0.026842863857746126,0.08783055990934371,0.0015642876736819745,0.23405927969142792
856,0.24561581015586853,0.7562528252601624,0.10971458852291108,0.01623585056513548,0.08063145875930786,0.0036019016057252883,0.247989621758461,0.26868618130683897,0.1145591288805008,0.0320115864276886,0.08540158569812775,0.0015010040020570158,0.23347330500837415
857,0.2453410029411316,0.7386516451835632,0.10861696898937226,0.02002363223582506,0.0801699697971344,0.0037990141194313765,0.24252990782260894,0.28732436895370483,0.1134026139974594,0.024073691666126253,0.08470086902379989,0.0015561732230708002,0.22373334791045635
858,0.24326761960983276,0.5944741904735565,0.1103625774383545,0.018186333030462264,0.08130408078432083,0.0037157803773880003,0.2329205811023712,0.23485387563705445,0.11070286929607391,0.018653821386396884,0.08267972469329835,0.0014641161309555174,0.21350053150672466
859,0.2406254529953003,0.6047678530216217,0.10952398478984833,0.016282963287085294,0.08044703304767609,0.0035215798299759625,0.23723809719085692,0.39274287819862364,0.1100052312016487,0.021254191547632216,0.08177500814199448,0.001496313326060772,0.21453074421733617
860,0.23769867420196533,0.6479099094867706,0.10691380053758621,0.016998104006052017,0.07887610644102097,0.0036995064467191694,0.2447633683681488,0.2532876253128052,0.11612871587276459,0.02005760930478573,0.08669637590646743,0.0015501361107453705,0.22443283719476312
861,0.23968337774276732,0.640098512172699,0.10794688165187835,0.01801799889653921,0.07935952246189118,0.003679477469995618,0.2677728205919266,0.2845416605472565,0.12604274451732636,0.026216846704483033,0.09371316879987716,0.00166242232080549,0.24763518234249204
862,0.2359003394842148,0.6330255746841431,0.10516400784254074,0.022002726420760156,0.07726327627897263,0.003497309284284711,0.25518012046813965,0.3572748422622681,0.11924902200698853,0.022465840727090836,0.08913534432649613,0.0014211246743798256,0.23227133173495534
863,0.2390637904405594,0.7121573209762573,0.10608847141265869,0.019613008946180344,0.07802971750497818,0.0036523949820548296,0.23882328271865844,0.37543081045150756,0.11220931410789489,0.015305687114596367,0.08424902409315109,0.001439029537141323,0.21320305485278368
864,0.22946111857891083,0.4908232927322388,0.10416060239076615,0.02104589231312275,0.07666117697954178,0.003656537597998977,0.25149739980697633,0.25825819969177244,0.11848093867301941,0.024883083999156952,0.08823436647653579,0.0012808514060452581,0.2328792405547574
865,0.23268711268901826,0.5853370785713196,0.10504638850688934,0.018750855699181557,0.07721634954214096,0.003542220639064908,0.2354942589998245,0.28455883264541626,0.11257929801940918,0.012847243016585708,0.08450520485639572,0.0013335813768208028,0.2112653272692114
866,0.2373454600572586,0.5730970621109008,0.10744804590940475,0.018552385084331036,0.07941495031118392,0.003605351224541664,0.24144119918346404,0.4403964579105377,0.11244996041059493,0.016180200129747392,0.08417118638753891,0.0014686706708744168,0.21427001759875564
867,0.23152120113372804,0.5345462799072266,0.10531425476074219,0.017361503466963767,0.07782616317272187,0.0037154076620936395,0.2325385481119156,0.33403283953666685,0.10811422765254974,0.02218388356268406,0.08062611669301986,0.0015177225228399037,0.21244195043109357
868,0.23315310776233672,0.6269346594810485,0.10438575893640518,0.019936152175068854,0.0765305906534195,0.0036907011643052103,0.23800344467163087,0.301528787612915,0.11285018622875213,0.015009126812219619,0.08502642661333085,0.0014376601204276085,0.21432339977473022
869,0.23474228084087373,0.6156758069992065,0.10484696030616761,0.02141170874238014,0.07716373205184937,0.003694379236549139,0.2423676699399948,0.3474420428276062,0.11333490908145905,0.02037871554493904,0.0846836194396019,0.0015279145445674658,0.21992515861056744
870,0.236745685338974,0.6532049655914307,0.10666480660438538,0.015624931454658509,0.07873705476522445,0.003717481717467308,0.2185161143541336,0.2823558062314987,0.10159860402345658,0.02119722366333008,0.07656452506780624,0.0013771054334938526,0.20073745818808675
871,0.22804873287677765,0.687979257106781,0.10089828819036484,0.017931711114943027,0.07479190230369567,0.0036766248755156993,0.24597283601760864,0.3246136665344238,0.11607228517532349,0.016867299750447273,0.08745789974927902,0.001508740149438381,0.22190622482448816
872,0.24178352653980256,0.5240381896495819,0.11110340654850007,0.01661216765642166,0.08183886557817459,0.003704766230657697,0.2246372491121292,0.240255606174469,0.10531165152788162,0.021901362389326096,0.07904176861047744,0.0015187711920589208,0.20777355371974407
873,0.24403905868530273,0.746522855758667,0.10921730250120162,0.015521076880395413,0.08034025132656097,0.003545442782342434,0.2615296423435211,0.24256843328475952,0.12377704232931137,0.025385626778006553,0.09190044403076172,0.0016098100692033767,0.24267292320728304
874,0.24641188979148865,0.696645998954773,0.1108815148472786,0.01641913540661335,0.08165277689695358,0.0037033493164926766,0.2520307183265686,0.31019480526447296,0.11936323046684265,0.01773415207862854,0.08947810381650925,0.0016340094152837992,0.22820949577726424
875,0.23140898942947388,0.5386314451694488,0.10633822232484817,0.01283400021493435,0.07872411757707595,0.0035757892299443485,0.23540911078453064,0.2524095416069031,0.11255924105644226,0.014094435051083565,0.08469873368740082,0.0014568304177373648,0.212809240212664
876,0.24006117582321168,0.894722044467926,0.1033762589097023,0.020902279950678348,0.07622846662998199,0.003554845228791237,0.23694969117641448,0.3441846787929535,0.11077530682086945,0.020658376067876814,0.08239158540964127,0.0013900212477892637,0.2152152895461768
877,0.2349144697189331,0.6662820935249328,0.10483783334493638,0.018039843812584878,0.07749904841184616,0.0037166076246649025,0.24275838434696198,0.3053797781467438,0.11510024815797806,0.015286257863044739,0.08675231486558914,0.0015446215402334929,0.21868344242684545
878,0.23394325971603394,0.6017414450645446,0.10697560757398605,0.011388973519206046,0.0792937695980072,0.003617179533466697,0.25709457099437716,0.30869762897491454,0.12257590889930725,0.0170291468501091,0.09120020270347595,0.0014682524371892214,0.23227351089008152
879,0.22549475431442262,0.6171533346176148,0.10148703902959824,0.01543874554336071,0.07493372410535812,0.0036322842352092266,0.22561458349227906,0.2886988401412964,0.10635575652122498,0.016429880261421205,0.08011483699083329,0.0014241948258131743,0.20432466859929266
880,0.24211096465587617,0.694162917137146,0.10836507976055146,0.0171901136636734,0.08008053749799729,0.003674836363643408,0.2328675001859665,0.23286199569702148,0.11225475817918777,0.011422282084822655,0.0844817504286766,0.0014043554430827499,0.2095631461357698
881,0.2407987117767334,0.7728889107704162,0.10667238533496856,0.017524551413953305,0.07832925617694855,0.0035909152124077083,0.24448314011096955,0.24988867342472076,0.1152053415775299,0.024298255145549775,0.08560792952775956,0.0014043026138097047,0.22651582886464894
882,0.23794579803943633,0.7954283595085144,0.10501852482557297,0.01609688811004162,0.07742521464824677,0.0036957925651222466,0.24532168507575988,0.30267914235591886,0.11758902072906494,0.011009382456541062,0.08851015865802765,0.0015994828194379807,0.21870804466307162
883,0.2264556795358658,0.6344802618026734,0.10121352523565293,0.018097209557890893,0.07450131326913834,0.0034501714166253806,0.21540915071964264,0.3268652409315109,0.09830734878778458,0.02586429864168167,0.07368052154779434,0.0014595942106097937,0.1993117631878704
884,0.24220399856567382,0.7892986059188842,0.10690402239561081,0.017772816494107245,0.07878182232379913,0.0036742438096553087,0.22942837476730346,0.2979431688785553,0.10795341432094574,0.018872760236263275,0.08048324286937714,0.0014662094181403518,0.2087756268447265
885,0.253185173869133,0.7855729579925537,0.1125712513923645,0.01817883625626564,0.08287877589464188,0.0036632670555263756,0.25432172417640686,0.4581055700778961,0.11819399893283844,0.019026841223239898,0.08825020641088485,0.0014030532911419868,0.22687409985810517
886,0.23605686724185942,0.6250005424022674,0.10642296671867371,0.017054552771151067,0.07850447744131088,0.00366790471598506,0.2431095600128174,0.23837337791919708,0.11321209520101547,0.028295180201530455,0.08494135737419128,0.0014498331351205707,0.22789846591185778
887,0.24583367109298707,0.7208423256874085,0.10916505455970764,0.020968194119632244,0.0802116259932518,0.003592305211350322,0.2459539771080017,0.3616883993148804,0.11416725069284439,0.025181476026773453,0.0844640776515007,0.0014968235045671463,0.2253096278756857
888,0.2441958248615265,0.7915950059890747,0.1090746596455574,0.013078667409718036,0.08050369173288345,0.0035933761857450007,0.23814609944820403,0.3334956169128418,0.10958693027496338,0.027016307041049004,0.08203655779361725,0.0015602835919708014,0.22020007870160047
889,0.23351337015628815,0.5177887111902237,0.10640857070684433,0.018774662539362906,0.07834195941686631,0.0036573300138115885,0.25846974849700927,0.27769672870635986,0.11741945743560792,0.04036446809768677,0.08801842033863068,0.0014783129096031188,0.24728065878152847
890,0.23290070593357087,0.5881842494010925,0.10583751797676086,0.01508872415870428,0.07815395891666413,0.0036454761400818827,0.24111185371875762,0.2809991389513016,0.11364803612232208,0.02003532536327839,0.08519322127103805,0.0015619318466633559,0.22043851460330188
891,0.24037161469459534,0.7594069480895996,0.10627239048480988,0.018049401231110096,0.07847505807876587,0.003661116911098361,0.24797126650810242,0.24307687282562257,0.11681533753871917,0.024020563066005706,0.08749766796827316,0.0014180029509589076,0.22975157152395692
892,0.23455317318439484,0.5017641484737396,0.10764234960079193,0.01731761619448662,0.07926443368196487,0.0034373951610177757,0.25931025147438047,0.2776580393314362,0.12364398837089538,0.017881865799427032,0.09254167824983597,0.0016073007835075259,0.2356748332036659
893,0.23642565310001373,0.6310582518577575,0.10632235109806061,0.01821806877851486,0.07836780101060867,0.003471764037385583,0.2537980556488037,0.23305071294307708,0.12028009295463563,0.024022909998893737,0.08934699892997741,0.0015885287895798684,0.23523853067308664
894,0.24016754627227782,0.547946321964264,0.10926632285118103,0.019415250420570372,0.08026992082595825,0.0037600331474095584,0.2476128399372101,0.379145747423172,0.11791285872459412,0.009617900755256415,0.08893896788358688,0.0014215835835784674,0.2178913109470159
895,0.23174709379673003,0.48343284130096437,0.10673012882471085,0.01578060295432806,0.07883440107107162,0.0034903495106846094,0.24090190827846528,0.28695406913757326,0.11464660763740539,0.016236964240670206,0.0855984553694725,0.001429181033745408,0.21791120828129348
896,0.23866974413394929,0.7541823506355285,0.10627316683530807,0.015446223691105843,0.07819546461105346,0.003711277525871992,0.24471762180328369,0.3264423370361328,0.11551532596349716,0.019110241532325746,0.08574980348348618,0.0014300496084615588,0.22180542058777064
897,0.23730294704437255,0.5994897663593293,0.10687611252069473,0.019472031854093075,0.0788090929389,0.0036025880835950375,0.22102271020412445,0.26059450507164,0.10466189980506897,0.015938860177993775,0.07871501743793488,0.0013230498647317291,0.20063882728572935
898,0.22941506803035736,0.6016539335250854,0.10304857492446899,0.01832427829504013,0.07607312351465226,0.003531269636005163,0.2280158817768097,0.2316244512796402,0.10562340766191483,0.029040370881557465,0.07880790382623673,0.0014156644931063056,0.21488734686281535
899,0.24378295838832856,0.6652112483978272,0.10961338281631469,0.01882338672876358,0.08041655719280243,0.0035175928380340336,0.24115824699401855,0.2536147177219391,0.11370859444141387,0.02222540192306042,0.08496746271848679,0.00145617020316422,0.2223576292861253
900,0.23096047341823578,0.6413898527622223,0.1039370909333229,0.015618395432829857,0.07675524950027465,0.0034711623564362528,0.23911650180816652,0.20430452525615692,0.11327110230922699,0.02179691009223461,0.08509933650493622,0.0015203399118036032,0.22168768881820144
901,0.237428018450737,0.8014251112937927,0.1046022430062294,0.015880727022886277,0.07728941142559051,0.003761135321110487,0.23781165480613708,0.28453679084777833,0.11068849563598633,0.025301815941929817,0.08269631266593933,0.001574487891048193,0.22026111213490365
902,0.24129216372966766,0.6099395275115966,0.10959811359643937,0.015634394623339175,0.08116337358951568,0.0035652463324368,0.23942071795463563,0.3086740732192993,0.11277778446674347,0.01820659972727299,0.08467058539390564,0.001504653668962419,0.21715962325688448
903,0.23533415794372559,0.6482772469520569,0.10598566532135009,0.015487386472523212,0.0783928632736206,0.0036664055194705726,0.2307208776473999,0.23554492592811585,0.10931274592876435,0.01918979808688164,0.0818940594792366,0.0014146648813039065,0.2118112683761865
904,0.2407870978116989,0.7156538903713227,0.10689377933740615,0.020652634650468828,0.07823407202959061,0.0035493541974574326,0.23475199341773986,0.2535360872745514,0.10984236896038055,0.024540677666664124,0.08202791661024093,0.0014811690896749496,0.21789213232696053
905,0.2349365085363388,0.6714288234710694,0.10489473342895508,0.018493972904980182,0.07716055512428284,0.003589163580909371,0.22908109426498413,0.2642261743545532,0.10884765088558197,0.016087307780981063,0.08150960057973862,0.0014055263716727495,0.2078500856179744
906,0.24673055112361908,0.7575289309024811,0.11065795123577118,0.013637594878673553,0.08181629329919815,0.0036857903469353914,0.24546481370925904,0.2819575905799866,0.11679140776395798,0.01734900251030922,0.08716959357261658,0.0014461226295679809,0.22275612647645177
907,0.2354728728532791,0.7166825950145721,0.10445955395698547,0.01808325983583927,0.07714472711086273,0.003477940848097205,0.23707859814167023,0.2428093135356903,0.11308812648057938,0.016118504106998444,0.08503030836582184,0.0014271444641053676,0.215664083417505
908,0.23705077171325684,0.5350778222084045,0.10792807638645172,0.018446722812950612,0.07975897490978241,0.003574854740872979,0.255948144197464,0.280161190032959,0.11857063770294189,0.031002058088779448,0.08870353549718857,0.0015056814765557647,0.23978191276546568
909,0.2393216997385025,0.746900486946106,0.10615156441926957,0.0175760043784976,0.07826839834451675,0.0035377212334424257,0.2543418049812317,0.4337198317050934,0.11707680225372315,0.0241625614464283,0.08773532062768936,0.0014591778395697474,0.23043386216741055
910,0.24752920866012573,0.7262547194957734,0.1103511929512024,0.018791449442505836,0.08143038600683213,0.0035628777462989093,0.23911667466163636,0.2592497944831848,0.11388424187898635,0.017322630807757377,0.08502173274755478,0.001421486958861351,0.21765009239315986
911,0.23367496430873871,0.45438818335533143,0.1078873559832573,0.017393610253930093,0.07931524515151978,0.003666346799582243,0.248615300655365,0.32435757517814634,0.11758601665496826,0.01787048876285553,0.08778581470251083,0.001514695188961923,0.22475701530929654
912,0.2462569773197174,0.5385707736015319,0.11164139062166215,0.02271983027458191,0.08222592622041702,0.0036347652785480022,0.25244998931884766,0.2050567626953125,0.12048196196556091,0.021581939607858657,0.08988587111234665,0.001490107155404985,0.2334398798411712
913,0.23445215821266174,0.5664721608161927,0.10658471435308456,0.01656557247042656,0.07882743179798127,0.0034944557584822176,0.232926607131958,0.303648316860199,0.11005100458860398,0.017032303661108018,0.08218845576047898,0.0015019103651866318,0.2107736743753776
914,0.23115060925483705,0.6215041279792786,0.10411508828401565,0.016223135590553283,0.07697019279003144,0.0035508684348315002,0.24110088348388672,0.4361198663711548,0.11268469989299774,0.014292635396122933,0.08466267883777619,0.0014095050049945713,0.21304951913189143
915,0.24546732008457184,0.6150911927223206,0.11105693727731705,0.018814687430858613,0.08179143369197846,0.003639253182336688,0.24813975095748902,0.28581239879131315,0.11736389994621277,0.02090861015021801,0.08721253424882888,0.001516947033815086,0.22700199137907473
916,0.23921191096305847,0.701255452632904,0.10707279741764068,0.017219635657966137,0.07858677059412003,0.003557569766417146,0.21863151490688323,0.2452985644340515,0.10454937368631363,0.012904291972517967,0.07837000638246536,0.0014159310376271605,0.19723960307892413
917,0.24113368093967438,0.6270383358001709,0.10835518389940262,0.02064516833052039,0.07942297011613846,0.0036439262330532074,0.23903985023498536,0.32689584493637086,0.11292692422866821,0.01499714031815529,0.08516953438520432,0.0015036790398880839,0.2145972779719159
918,0.24242618680000305,0.6755259037017822,0.10949160307645797,0.014582130499184132,0.08092681914567948,0.0036465595941990612,0.23585336208343505,0.29234147667884824,0.11349610090255738,0.011963864043354987,0.08388109803199768,0.0014639602042734623,0.21080502318218353
919,0.24361938536167144,0.6067398726940155,0.1101392686367035,0.018253969959914684,0.08161159008741378,0.003587840497493744,0.23993201553821564,0.31328855752944945,0.11086264550685883,0.02718081623315811,0.0828734204173088,0.0014776413794606925,0.22239452353678643
920,0.23762856423854828,0.5889581322669983,0.10809737741947174,0.01648099273443222,0.07953621596097946,0.0035232084337621927,0.24391524493694305,0.27685706615447997,0.11486312448978424,0.020912104845047,0.08632310479879379,0.0014208807609975339,0.22351921489462256
921,0.23818044364452362,0.7159935534000397,0.10612974017858505,0.017767677456140517,0.07793266028165817,0.0036120543256402014,0.24105897247791291,0.285495388507843,0.11536118388175964,0.01254381388425827,0.08673560470342637,0.0015045452397316693,0.21614514770917595
922,0.23822233080863953,0.6220356404781342,0.10762381851673126,0.017094578221440317,0.07935439348220825,0.0035871315281838178,0.2566403031349182,0.326218318939209,0.1191245287656784,0.026155728101730346,0.08974575102329255,0.001543858414515853,0.23656986630521715
923,0.23837831020355224,0.7464074969291687,0.1052781879901886,0.019381725788116456,0.07742146402597427,0.0036284735891968013,0.243002986907959,0.24396458268165588,0.11572365015745163,0.018066785484552383,0.08674668669700622,0.0014794099843129516,0.2220165323233232
924,0.23734830617904662,0.690545779466629,0.1062943011522293,0.01707984320819378,0.07808685898780823,0.0035028519574552774,0.23727979958057405,0.24631672501564025,0.1107770249247551,0.02654445022344589,0.08261308521032333,0.001532205450348556,0.22146676580887287
925,0.24249751567840577,0.7214710235595703,0.10789938122034073,0.018491577729582785,0.07957503646612167,0.0036475609987974165,0.249609112739563,0.21111561954021454,0.12030939757823944,0.017634203657507896,0.0890827625989914,0.0014349970500916243,0.22846136088483035
926,0.2375943034887314,0.6859432697296143,0.10605852603912354,0.01924023628234863,0.0777356430888176,0.003414290212094784,0.2518466830253601,0.2496201753616333,0.11951717883348464,0.021115898340940475,0.0893501102924347,0.001470585516653955,0.23145377298351377
927,0.23479242026805877,0.5225438594818115,0.10672878921031952,0.019980189576745033,0.07852758169174194,0.003605533251538873,0.23578881323337555,0.3405616462230682,0.11071349084377288,0.01732976594939828,0.08309470713138581,0.0013659700751304626,0.21250393399968742
928,0.23120139837265014,0.661974561214447,0.10360854268074035,0.01658804826438427,0.07624546587467193,0.0035320269875228406,0.2438550353050232,0.25802911520004274,0.11330796778202057,0.03018849641084671,0.08395176082849502,0.001569411694072187,0.22901763671543449
929,0.23789235055446625,0.5852519512176514,0.10746478885412217,0.019192457757890226,0.0792754128575325,0.003579139243811369,0.21873058676719664,0.3334038734436035,0.10262150168418885,0.014531250298023223,0.07722497433423996,0.0015600866172462702,0.1959378129336983
930,0.2379874885082245,0.45473413467407225,0.11050587445497513,0.01504021305590868,0.08173068165779114,0.003553749853745103,0.26427059769630434,0.33486595153808596,0.1227306067943573,0.029246027767658233,0.09132001250982284,0.0014355178456753493,0.2447321649175137
931,0.23737944662570953,0.7424903273582458,0.10560397356748581,0.01598976571112871,0.0778760090470314,0.0035843824967741965,0.2398138165473938,0.2346484750509262,0.11248321682214737,0.024613847583532335,0.08455861061811447,0.0013271078001707791,0.22298278282396497
932,0.23733875155448914,0.5951558947563171,0.10769753903150558,0.01631932333111763,0.07955288887023926,0.0036206741351634264,0.2417558342218399,0.22242690324783326,0.11684992313385009,0.01265527531504631,0.08743816763162612,0.001567587023600936,0.21851095310412347
933,0.2488304227590561,0.6190104246139526,0.11336758434772491,0.017083865776658057,0.0831784188747406,0.0035695052705705167,0.2305483639240265,0.24432663917541503,0.10739375352859497,0.026892831176519395,0.07997349947690964,0.0013230298878625034,0.21558311406988653
934,0.23804259598255156,0.5307749807834625,0.1090640515089035,0.01668296493589878,0.08044644594192504,0.00350649724714458,0.21792537569999695,0.2596463799476624,0.10327238142490387,0.014517314732074738,0.07795078903436661,0.0014281084761023522,0.1971685936674476
935,0.2436746507883072,0.7085132598876953,0.10984358191490173,0.013759525120258331,0.08116343319416046,0.003662510821595788,0.2401638776063919,0.26919915676116946,0.11442286968231201,0.01499677449464798,0.08628658056259156,0.001422118628397584,0.21712834336794914
936,0.23966405987739564,0.6094272077083588,0.1096787616610527,0.01282227085903287,0.080837182700634,0.0035977212246507406,0.24162201285362245,0.3262572407722473,0.11488571614027024,0.013397733122110367,0.08626926988363266,0.0014332793187350034,0.21598599846474825
937,0.2313998371362686,0.5328874051570892,0.10448108315467834,0.021143030561506748,0.07694084495306015,0.0036050597671419384,0.21640613079071044,0.27335911989212036,0.10118688344955444,0.01979091577231884,0.07597845196723937,0.0012959735700860619,0.1982522247591987
938,0.23354502022266388,0.55566565990448,0.10707271844148636,0.0146413279697299,0.07853278368711472,0.003620473761111498,0.2595018208026886,0.26032393574714663,0.12475591003894806,0.017523811385035514,0.09216698557138443,0.0015087154461070895,0.2359554224414751
939,0.227151957154274,0.6622822880744934,0.10121235549449921,0.016799014806747437,0.07499628365039826,0.0034755286760628223,0.25790497958660125,0.24817487895488738,0.12209411561489106,0.023419551178812982,0.09118252396583557,0.0015064049512147903,0.2382025957107544
940,0.23974936604499816,0.8003076791763306,0.10597871840000153,0.01581290680915117,0.07821115702390671,0.003497216897085309,0.24324764609336852,0.2886761546134949,0.11480229049921035,0.021260558068752287,0.08517798036336899,0.0014519314980134368,0.22269276042934505
941,0.2265481472015381,0.4934696972370148,0.10395561158657074,0.01584987584501505,0.07660586684942246,0.0035235813818871977,0.24059138298034669,0.21607542634010315,0.11618007272481919,0.012171303853392601,0.08761589378118514,0.0014163838932290673,0.21738365425262599
942,0.24981898665428162,0.8407736420631409,0.110175821185112,0.01732697207480669,0.08114643692970276,0.003678383771330118,0.2385311782360077,0.28691020607948303,0.11039252877235413,0.02688322588801384,0.08301122039556504,0.0014285605866461992,0.22171553564257918
943,0.24161962270736695,0.6382912755012512,0.109492227435112,0.0161778025329113,0.0804587572813034,0.003617915511131287,0.24639850854873657,0.2496635377407074,0.11813539266586304,0.015895654633641242,0.08813125938177109,0.001524325762875378,0.2236866324441507
944,0.24623622000217438,0.716056615114212,0.11064467132091522,0.0156537014991045,0.08159289956092834,0.0036587877664715053,0.23441748023033143,0.39918442964553835,0.10925264209508896,0.016662400355562566,0.08196939080953598,0.001483119698241353,0.20936755295842888
945,0.23887468874454498,0.7031230688095093,0.1071833997964859,0.014879203774034977,0.07913694977760315,0.0036919400561600925,0.23010728657245635,0.29758827686309813,0.10674694776535035,0.02465725839138031,0.0798656813800335,0.0012699506594799459,0.21253983819624409
946,0.24030700027942659,0.5949175834655762,0.10955279469490051,0.014967294037342071,0.08093488216400146,0.003682270972058177,0.24119055569171904,0.2123858392238617,0.11179556995630265,0.03229045793414116,0.08342785984277726,0.0015588692389428616,0.22907275697216392
947,0.24368873834609986,0.6409821331501007,0.10939283519983292,0.02027471624314785,0.08052669912576675,0.003605443751439452,0.2360057771205902,0.19975021481513977,0.11160016357898712,0.025061847269535066,0.08259415477514268,0.0013828509720042348,0.22063901659566912
948,0.23852862119674684,0.6185004353523255,0.10766038596630097,0.01797568015754223,0.07932692170143127,0.003523388924077153,0.2505361378192902,0.29084230661392213,0.1192091554403305,0.016122439131140708,0.08970584571361542,0.001418288447894156,0.22645572873298078
949,0.23990053832530975,0.6911729335784912,0.10739540308713913,0.017595974914729594,0.07892854064702988,0.0036633309908211233,0.22506628632545472,0.25628483295440674,0.10388290584087372,0.027185770124197005,0.0780827447772026,0.0014894434949383139,0.21064086423721165
950,0.23768827319145203,0.6380178809165955,0.10662853717803955,0.018425814993679523,0.07879684567451477,0.003691045707091689,0.23555204570293425,0.2312735676765442,0.1112529456615448,0.02085143029689789,0.08366351276636123,0.0014586408389732242,0.21722652956377714
951,0.24070363938808442,0.7086967647075653,0.10756487548351287,0.016692216321825982,0.07955695390701294,0.0035168885253369806,0.25895782113075255,0.27094870805740356,0.12007171511650086,0.03289350867271423,0.08924242556095123,0.001505875401198864,0.24371352475136518
952,0.24241040349006654,0.5990666925907135,0.10994632095098496,0.017485337518155574,0.08132601976394653,0.0034773229621350766,0.2368679165840149,0.2997811734676361,0.11224706768989563,0.01631481945514679,0.0839969664812088,0.0014622951857745647,0.21402114881202577
953,0.2410377860069275,0.5738332569599152,0.10855140686035156,0.022771602496504784,0.07968189865350724,0.0035619828384369613,0.22621023058891296,0.24742484092712402,0.10627961158752441,0.019760553538799287,0.08031200170516968,0.0015138051938265562,0.20786597202531992
954,0.23559262454509736,0.6215471267700196,0.10548179894685746,0.020422574132680893,0.07758131176233292,0.0036792068276554346,0.25826372504234313,0.3721215844154358,0.12229135036468505,0.01701747626066208,0.09072520136833191,0.0015950170112773777,0.23162904500495643
955,0.23306600749492645,0.587043309211731,0.1055277243256569,0.016676694341003894,0.07790663242340087,0.0036806467920541762,0.22314831018447875,0.21961261630058287,0.10684312880039215,0.014415707252919675,0.08007863163948059,0.00151669904589653,0.20285416673868895
956,0.2406485915184021,0.510982894897461,0.11031896770000457,0.018434932455420494,0.0812582865357399,0.0035151357762515543,0.23312641382217408,0.3977588087320328,0.10855870991945267,0.016179917380213737,0.08188413083553314,0.0013558455277234316,0.20797860366292298
957,0.24376545548439027,0.8192488133907319,0.106682288646698,0.020054668933153153,0.07876263558864594,0.0033989558927714826,0.2228779137134552,0.22327231764793395,0.10291236042976379,0.02853347286581993,0.0773755356669426,0.001489504287019372,0.21031087324954567
958,0.2319225549697876,0.5607751667499542,0.1060724288225174,0.014309553802013398,0.07816779911518097,0.0035568575374782087,0.22756989002227784,0.24082667827606202,0.10849032998085022,0.015871715173125266,0.08123643547296525,0.0014062754809856415,0.20700475610792637
959,0.23167067766189575,0.6789849877357483,0.10418248027563096,0.014031983725726605,0.07679205387830734,0.0035344265401363374,0.2317203849554062,0.22834946513175963,0.11080803126096725,0.015945134870707988,0.08283023089170456,0.0015678096562623978,0.2111512066796422
960,0.23749486804008485,0.7011620283126831,0.10724708139896393,0.012361019290983677,0.0790145754814148,0.0036691733170300723,0.2538809299468994,0.38165242671966554,0.11937775313854218,0.018263473361730575,0.0889883205294609,0.001511424733325839,0.22814097176305947
961,0.23665817975997924,0.6113653540611267,0.10593672543764114,0.021229785308241843,0.07809456288814545,0.0035481303930282593,0.22835610508918763,0.2341376781463623,0.10906150937080383,0.01578764244914055,0.0814784288406372,0.0015512796817347407,0.20787886034231634
962,0.22937501668930055,0.4840145409107208,0.10543986707925797,0.016225884296000005,0.07769677489995956,0.003595731081441045,0.25017985701560974,0.2597329497337341,0.1172478437423706,0.024680162221193312,0.08834121525287628,0.00144163453951478,0.231710855755955
963,0.2435546785593033,0.6419232368469239,0.10922939032316208,0.021199314296245574,0.08002359122037887,0.003712071990594268,0.2664210915565491,0.22855622172355652,0.12776888608932496,0.018525752425193786,0.09589968919754029,0.0015416388399899007,0.2437359665520489
964,0.24067729115486144,0.5578993320465088,0.10990437269210815,0.017635433562099935,0.08065639436244965,0.003687057550996542,0.2362043559551239,0.3224469482898712,0.11176905930042266,0.01613124515861273,0.08339869529008866,0.0013482177630066872,0.21264721751213073
965,0.2315253347158432,0.6060443639755249,0.1038495197892189,0.01919687129557133,0.07658903449773788,0.0036244332790374757,0.24912623763084413,0.2397019624710083,0.11754284501075744,0.023320967704057692,0.0881430447101593,0.0015431798063218593,0.23055003723129627
966,0.2269516408443451,0.6425219416618347,0.10241028368473053,0.01320323720574379,0.07577030658721924,0.003445311216637492,0.2500417947769165,0.40087476968765257,0.11598205119371414,0.022424505650997163,0.08657272756099701,0.001503009395673871,0.2264822938013822
967,0.23979560732841493,0.681958818435669,0.10720607340335846,0.017601508274674417,0.07937387675046921,0.003592739533632994,0.23090869784355164,0.2615736126899719,0.1100696086883545,0.014923522248864174,0.0824678286910057,0.0014976750360801816,0.20895863466430453
968,0.24284383058547973,0.8597517728805542,0.1056605339050293,0.019471896067261695,0.07809345126152038,0.003470340743660927,0.24976684749126435,0.3803478002548218,0.11620593369007111,0.02432711236178875,0.08577667325735092,0.0013843401335179805,0.22769405944272875
969,0.24568116664886475,0.7825415134429932,0.10900761038064957,0.01644497625529766,0.08063136637210847,0.0036313207354396583,0.2779779314994812,0.24645307958126067,0.13345707356929778,0.021651123091578482,0.09854710549116134,0.0015188676305115222,0.25517416978254914
970,0.23960413932800292,0.6902195394039154,0.10734878331422806,0.017134637199342252,0.07900108993053437,0.00358656975440681,0.24782444536685944,0.23888517022132874,0.11861489713191986,0.01781080737709999,0.08845833241939545,0.0013661051401868463,0.22625014206860214
971,0.24500364661216736,0.6024877786636352,0.11085684299468994,0.019614124856889247,0.08160665184259415,0.00355297839269042,0.2570003181695938,0.3362631559371948,0.12259313464164734,0.013631273806095124,0.09193096309900284,0.0015057998476549982,0.22966117139440032
972,0.24027924239635468,0.701288104057312,0.10741641223430634,0.017256033793091773,0.07921538650989532,0.0035678439307957888,0.22877407371997832,0.26526968479156493,0.10902093797922134,0.014624105393886566,0.08171982318162918,0.0013699551345780492,0.20673482168931512
973,0.23342905342578887,0.5491913676261901,0.1070084497332573,0.013713922537863254,0.07919869720935821,0.0035535800736397503,0.2242491751909256,0.24755523204803467,0.10548413097858429,0.021307754144072533,0.07865313440561295,0.0013350670924410224,0.2067800866207108
974,0.24050395786762238,0.8144495487213135,0.10521161109209061,0.020205974392592908,0.07725880891084672,0.003506773477420211,0.2350919783115387,0.28024890422821047,0.1128476083278656,0.010201319679617881,0.08512542694807053,0.0014875602908432483,0.20966191524639724
975,0.22960156798362732,0.5604586660861969,0.10389857590198517,0.01765895802527666,0.07669960409402847,0.0036863232031464576,0.2281221181154251,0.2641940414905548,0.10709111243486405,0.021252474188804625,0.08002231270074844,0.0014834254747256637,0.20984932479914278
976,0.238043612241745,0.713334834575653,0.10611968487501144,0.01679037678986788,0.07842298597097397,0.0035453819669783115,0.22779911160469055,0.2203363835811615,0.1098235934972763,0.011000709421932698,0.08290333896875382,0.0014242816250771284,0.20515192351303996
977,0.2387416571378708,0.6268523037433624,0.10719950795173645,0.01912207305431366,0.07926393300294876,0.003531021624803543,0.23903365135192872,0.24383657574653625,0.11444498598575592,0.015822579711675645,0.08546894192695617,0.0014347339514642955,0.21717124157585202
978,0.22510989010334015,0.5796438336372376,0.1022878035902977,0.013769480213522912,0.07564370483160018,0.003495378140360117,0.22657358944416045,0.25462350249290466,0.10476779341697692,0.027722782641649246,0.07838261127471924,0.001385053782723844,0.21225824111606925
979,0.23580883741378783,0.6266537308692932,0.10750561356544494,0.01207270948216319,0.07947897762060166,0.003553079441189766,0.25403584241867067,0.27621599435806277,0.11966175734996795,0.024481833353638648,0.0889541432261467,0.0013717042980715632,0.23446943822782487
980,0.23987013399600982,0.5302657127380371,0.10958523452281951,0.01964143440127373,0.08015504777431488,0.0035487193148583175,0.2173057973384857,0.27614105939865113,0.10334103107452393,0.013103556632995606,0.07755796313285827,0.0012894040904939176,0.19529195493087173
981,0.24554217159748076,0.6931612193584442,0.11056469976902009,0.016492333263158798,0.08130477964878083,0.0035982114262878896,0.2555338740348816,0.3384080171585083,0.11891863942146301,0.026120752096176147,0.08851083666086197,0.0015829182229936123,0.23513314640149474
982,0.24173534214496611,0.6928690850734711,0.10813769549131394,0.01714341528713703,0.0800661027431488,0.003637468907982111,0.2459554523229599,0.28291696310043335,0.11657262295484543,0.016857918724417685,0.08826028406620026,0.0012736492790281773,0.22296447502449154
983,0.2350446969270706,0.6131255447864532,0.1057273045182228,0.018433272652328015,0.07795489281415939,0.0037237660493701697,0.22875626087188722,0.2670170068740845,0.10874017775058746,0.014073948562145232,0.08205749541521072,0.001661507086828351,0.2065331288147718
984,0.23196898996829987,0.573277723789215,0.10586819946765899,0.014983315207064151,0.07773081064224244,0.0035805043298751116,0.2353155195713043,0.43774678707122805,0.11022476851940155,0.012900534644722938,0.08251274228096009,0.0013576960889622569,0.20699574153404682
985,0.23175793886184692,0.5292913138866424,0.10602789521217346,0.015486152842640877,0.07837400138378144,0.0036123492754995823,0.2314928650856018,0.2531137228012085,0.11249932944774628,0.007120933756232262,0.08432739078998566,0.0014462595339864493,0.20539391352795064
986,0.23087788224220276,0.7400943279266358,0.10267564356327057,0.013812742196023464,0.07613343894481658,0.0034635276533663273,0.2657902956008911,0.28444740176200867,0.12326124906539918,0.03370632585138082,0.09137595295906067,0.0015917988028377294,0.24993532667867838
987,0.2307107478380203,0.5656748175621032,0.1045648381114006,0.016767248511314392,0.07739621996879578,0.003546930942684412,0.23670098185539246,0.36399933993816375,0.11232090592384339,0.009164656698703765,0.08539412766695023,0.0014563564909622073,0.20833604678045958
988,0.24391614496707917,0.5868465006351471,0.11134118139743805,0.016504769399762153,0.08198019713163376,0.0035267671570181846,0.2267441362142563,0.2760580539703369,0.10721287876367569,0.01617472693324089,0.08075523823499679,0.0013776105595752596,0.20552045449148862
989,0.23695687651634217,0.5711169838905334,0.10668581426143646,0.02045715507119894,0.07896530032157897,0.0037235777825117113,0.22184796631336212,0.25812777876853943,0.10453610420227051,0.01716688498854637,0.07909148186445236,0.0014084074646234512,0.2022028785198927
990,0.2331607460975647,0.5677144229412079,0.10674608647823333,0.012910689972341061,0.0790340930223465,0.0036351028829813004,0.2325149267911911,0.25823495388031004,0.11127856969833375,0.013644853048026562,0.08338393718004226,0.0014674966223537922,0.20977485654875638
991,0.23171636164188386,0.6509311676025391,0.10379732400178909,0.01680403631180525,0.07676049917936326,0.0035273066256195306,0.21667029857635497,0.24612225592136383,0.1039816051721573,0.010464508738368749,0.07842253595590591,0.0012198807671666145,0.19408853063359857
992,0.2423006147146225,0.5502193927764892,0.10979498624801635,0.022245441377162934,0.08041605502367019,0.0035732426680624486,0.23388620913028718,0.28749766647815705,0.10889307707548142,0.025435177236795427,0.08090258613228798,0.0013848867965862155,0.21661572724115105
993,0.23326700031757355,0.6175886273384095,0.10364716351032258,0.022790618427097797,0.07642830014228821,0.003627326199784875,0.2407680183649063,0.3806373715400696,0.11187393367290496,0.020741191133856772,0.08374573141336442,0.0014054916333407163,0.21776634785346688
994,0.24576679170131682,0.5357700824737549,0.11221062690019608,0.021127107739448547,0.08196720778942108,0.003585954522714019,0.2332661122083664,0.2055552214384079,0.11086690127849579,0.01926109381020069,0.08333713263273239,0.0015592557843774556,0.21502438350580635
995,0.23190181255340575,0.4897832155227661,0.10662150084972381,0.015948978997766972,0.07884643375873565,0.0034879732877016066,0.23573608994483947,0.30732542276382446,0.11132749021053315,0.017294467054307462,0.08323557823896408,0.0014864599332213401,0.213343995437026
996,0.24294711351394654,0.6738511800765992,0.10887399315834045,0.018269851803779602,0.08046560287475586,0.0035460830666124822,0.220439550280571,0.23765801191329955,0.10415179431438445,0.01818610690534115,0.07818383276462555,0.0015010927338153124,0.20202282671816646
997,0.23548785150051116,0.7930986523628235,0.10406864881515503,0.014944235235452652,0.07698341161012649,0.0033671125769615174,0.25681843757629397,0.3885415494441986,0.12107534855604171,0.017203567922115325,0.09016570001840592,0.0015775424428284169,0.23002215893939137
998,0.24123899042606353,0.5772129595279694,0.1102144792675972,0.015679196827113627,0.08128992766141892,0.0036224251613020896,0.23072174787521363,0.3921969771385193,0.10771665275096894,0.016471318900585175,0.08039943128824234,0.0015153705142438411,0.20610277345404027
