epoch,train_total,train_noise,train_x0,train_class,train_param,train_closed_loop,val_total,val_noise,val_x0,val_class,val_param,val_closed_loop,val_select
1,5.053955173492431,1.258670735359192,1.730382490158081,6.59682264328003,0.4901761651039124,0.6562322854995728,3.6622021198272705,1.1061517715454101,1.4140497684478759,4.295975112915039,0.4030472695827484,0.4631335735321045,6.576205724477768
2,3.2511228561401366,0.968985629081726,1.272292923927307,3.709021472930908,0.4169715166091919,0.5470490634441376,2.238792133331299,0.7845973968505859,0.879098916053772,2.202802133560181,0.344687819480896,0.4374873161315918,3.8640761852264407
3,2.304759454727173,0.7681132197380066,0.8831481099128723,2.3654496908187865,0.34175920486450195,0.43669464588165285,1.806385374069214,0.6875880718231201,0.6374870657920837,1.6708826065063476,0.2749130666255951,0.2972942113876343,2.8805769503116605
4,2.0105282068252563,0.6654462337493896,0.6327343463897706,2.1158270597457887,0.27528631687164307,0.3234277665615082,1.5322094202041625,0.5833604216575623,0.4765405237674713,1.4415305852890015,0.21938129365444184,0.23372352123260498,2.3711759239435195
5,1.7723304510116578,0.5978000044822693,0.5290726482868194,1.8339268684387207,0.24534547328948975,0.26411002576351167,1.4457403421401978,0.5273102760314942,0.39759997129440305,1.4359799146652221,0.1921310991048813,0.17046712338924408,2.1961781084537506
6,1.5575769662857055,0.5570788621902466,0.4478262782096863,1.5553318023681642,0.21151105165481568,0.1944195657968521,1.3211834669113158,0.5312681794166565,0.3279017686843872,1.2534845113754272,0.15604307055473327,0.11143557131290435,1.848864921927452
7,1.4961122751235962,0.5440345525741577,0.41917096376419066,1.4986949205398559,0.19181481003761292,0.14889595806598663,1.1511551856994628,0.5166528701782227,0.3305931329727173,0.950077748298645,0.15162026584148408,0.09993012845516205,1.5322212755680085
8,1.4101799726486206,0.5708346247673035,0.35279489159584043,1.321702766418457,0.16737691760063172,0.13767085671424867,1.1719905614852906,0.5142178058624267,0.3011315822601318,0.9986653089523315,0.14994624853134156,0.0976055920124054,1.5473487317562105
9,1.3451594591140748,0.5373192429542542,0.35812942385673524,1.2476311922073364,0.17196385264396669,0.1284627377986908,1.1474366903305053,0.48146398067474366,0.31288952827453614,1.0115762233734131,0.15098937153816222,0.08837735056877136,1.5638324737548828
10,1.294885516166687,0.536483371257782,0.35248302221298217,1.1536709308624267,0.16928554475307464,0.11190170645713807,1.1020075798034668,0.5052285671234131,0.3010757267475128,0.8735057830810546,0.15036402642726898,0.08233604431152344,1.40728158056736
11,1.2743081331253052,0.5148258447647095,0.35482447147369384,1.1505649447441102,0.17050718665122985,0.11400744318962097,1.103233242034912,0.489021098613739,0.31156730055809023,0.8984851837158203,0.15493967831134797,0.07111341059207917,1.4361055731773376
12,1.3192188739776611,0.5093312323093414,0.3614469528198242,1.2431630611419677,0.17383772432804107,0.10616437643766403,1.1396711349487305,0.45924493074417116,0.3193712532520294,1.022622275352478,0.1579088658094406,0.072766974568367,1.572669368982315
13,1.2350611925125121,0.48833736777305603,0.34272300601005556,1.12475665807724,0.16876979172229767,0.10944692194461822,1.0880254983901978,0.4591460108757019,0.28832815289497377,0.9431438684463501,0.1457992136478424,0.07244290709495545,1.4497141420841217
14,1.2430081367492676,0.4992181956768036,0.31873778700828553,1.145838689804077,0.15571395456790924,0.09672103375196457,0.9513261318206787,0.45459049940109253,0.2789879322052002,0.6965909361839294,0.13691937029361725,0.0647092267870903,1.1772074654698372
15,1.175479245185852,0.4975505530834198,0.3279650568962097,1.0094752430915832,0.15712711811065674,0.09263725429773331,0.9975436091423034,0.4691859185695648,0.2747727930545807,0.7698269963264466,0.13183683604002,0.05786655694246292,1.2343031823635102
16,1.1308846712112426,0.4809332251548767,0.31297536492347716,0.9563523173332215,0.15520322024822236,0.0906062290072441,1.0602177619934081,0.4651492595672607,0.26659309267997744,0.8918225526809692,0.1360169917345047,0.0674208164215088,1.3618534535169602
17,1.204096794128418,0.49209538102149963,0.32220901250839235,1.0659772634506226,0.16078750193119049,0.09420142769813537,1.0076519966125488,0.4538907766342163,0.26608829498291015,0.8085125207901,0.13633569180965424,0.06008507609367371,1.2710215836763383
18,1.1211000442504884,0.4669093072414398,0.29359936714172363,0.974650526046753,0.14836921989917756,0.09394762516021729,0.9592265129089356,0.4457429051399231,0.252340105175972,0.737480354309082,0.13192979395389556,0.05333753377199173,1.175087787210941
19,1.093835139274597,0.4701328933238983,0.30977590680122374,0.9021702885627747,0.15357404351234435,0.08601671755313874,0.9671606898307801,0.42883226871490476,0.26472797989845276,0.7912765741348267,0.12876363694667817,0.05374150201678276,1.2385096929967405
20,1.0984596014022827,0.46124194860458373,0.3030060112476349,0.9388136744499207,0.14850495755672455,0.08172543793916702,0.9449990034103394,0.3995032668113708,0.2845467686653137,0.7741602659225464,0.14292232543230057,0.05565475225448609,1.257284112274647
21,1.0232754945755005,0.46203429698944093,0.28876690864562987,0.7895672440528869,0.14696131348609925,0.07923881709575653,0.9347838640213013,0.4109517693519592,0.2610933303833008,0.759432029724121,0.12959193289279938,0.047997529804706576,1.1981148228049279
22,1.0658271789550782,0.46172107458114625,0.2853005588054657,0.8775712013244629,0.1447210431098938,0.08134212493896484,0.9187662124633789,0.4154356360435486,0.2579780459403992,0.7313596248626709,0.12269806861877441,0.046832289546728134,1.1588680289685727
23,1.0165165424346925,0.45263575911521914,0.29478657245635986,0.788837730884552,0.14883854389190673,0.07271824330091477,0.8515937089920044,0.4114289045333862,0.24412422776222228,0.5832717061042786,0.13350574374198915,0.04591953158378601,1.006821209192276
24,0.9976351022720337,0.45334532856941223,0.2715179562568665,0.7646202683448792,0.14179584383964539,0.06939440667629242,0.8865856766700745,0.4071479201316833,0.24408285021781922,0.6696930170059204,0.1290121629834175,0.04528081938624382,1.088068849593401
25,1.0127359271049499,0.4564094960689545,0.2666001796722412,0.792739987373352,0.13875122964382172,0.07172947227954865,0.8279518842697143,0.410355007648468,0.25025494694709777,0.5412184238433838,0.13045631349086761,0.04573959931731224,0.9676692835986613
26,0.9763093948364258,0.44075782895088195,0.27066839337348936,0.7478232979774475,0.13942306339740754,0.0717585951089859,0.8562326431274414,0.42174592018127444,0.2421446681022644,0.5818941831588745,0.12680951058864592,0.04483959078788757,0.9956879526376725
27,0.9476541399955749,0.43682058453559874,0.26798117756843565,0.6930630445480347,0.14201646149158478,0.06774724796414375,0.8560808062553406,0.40448532700538636,0.2395414650440216,0.607345449924469,0.13062801361083984,0.04499753415584564,1.0225124627351763
28,0.9456763386726379,0.44133933186531066,0.25143241286277773,0.693377161026001,0.13528853058815002,0.06742685735225677,0.8269149661064148,0.42169995307922364,0.2195889711380005,0.5366376280784607,0.12093772888183593,0.03849016949534416,0.9156544975936413
29,0.9150925755500794,0.42767950892448425,0.25344207882881165,0.6610017895698548,0.13458692878484727,0.06234769374132156,0.8462000966072083,0.42427730560302734,0.2197358042001724,0.5715394496917725,0.12038064599037171,0.03428359627723694,0.9459394961595536
30,0.9358056902885437,0.42394102215766905,0.26317790150642395,0.7033937215805054,0.13650043308734894,0.06306328251957893,0.8776608347892761,0.42401514053344724,0.2185223162174225,0.6362356662750244,0.11875324249267578,0.03701946586370468,1.0105306908488274
31,0.8902764558792114,0.40061832666397096,0.25415770411491395,0.6546513676643372,0.13874645233154298,0.06073632761836052,0.8096465706825257,0.3781626641750336,0.21960227489471434,0.5830854415893555,0.12289383113384247,0.035281584784388545,0.9608631324023008
32,0.9539314150810242,0.42494874596595766,0.2501643061637878,0.7414559602737427,0.1342181459069252,0.06014322489500046,0.7938454985618592,0.39059709310531615,0.21329036355018616,0.5266819715499877,0.12282674759626389,0.03421349823474884,0.8970125809311866
33,0.8584816336631775,0.3830949664115906,0.24265343248844146,0.6386654376983643,0.13244228065013885,0.0562440350651741,0.7781295061111451,0.38167804479599,0.21372921466827394,0.5155673027038574,0.12235699594020844,0.027787895500659944,0.8794414088129997
34,0.9334938645362854,0.40912106037139895,0.2545757919549942,0.7242898344993591,0.13775081932544708,0.05408813804388046,0.8097665786743165,0.37413592338562013,0.2260611593723297,0.5821144461631775,0.12624885141849518,0.031978262960910796,0.9664027199149132
35,0.9107703447341919,0.39590801000595094,0.2400664508342743,0.7185948014259338,0.131139899790287,0.05404125228524208,0.7836217164993287,0.3861262559890747,0.18961187899112703,0.5464157044887543,0.10886240452528,0.02500855326652527,0.8698985412716865
36,0.8930628299713135,0.40297219157218933,0.2322785198688507,0.6746222615242005,0.1283656910061836,0.05275895670056343,0.6974702596664428,0.3168181121349335,0.21472968459129332,0.48296357989311217,0.12243500947952271,0.0228441022336483,0.8429723761975765
37,0.8359879493713379,0.3839258551597595,0.24100711941719055,0.5910880208015442,0.131683748960495,0.04955004975199699,0.8439344763755798,0.40389662981033325,0.20127425491809844,0.6224411606788636,0.11122552901506425,0.02776656374335289,0.9627075083553791
38,0.8610575318336486,0.3903124988079071,0.2328168123960495,0.6371506214141845,0.12708177119493486,0.049757497012615205,0.743821120262146,0.36567984223365785,0.20067501068115234,0.4899056673049927,0.11530996412038803,0.027116022258996963,0.8330066643655301
39,0.8329676985740662,0.40420790314674376,0.2292209416627884,0.55257089138031,0.12740918546915053,0.04781842082738876,0.7088483452796936,0.3790415167808533,0.19814130663871765,0.3944602608680725,0.11555533111095428,0.02227718345820904,0.7304340820759535
40,0.8190049052238464,0.3879569053649902,0.23280490040779114,0.5529874742031098,0.1291332870721817,0.04581068605184555,0.7192547082901001,0.36027214527130125,0.20548479557037352,0.4404943108558655,0.12095713019371032,0.021796641871333122,0.7887328784912825
41,0.7982000470161438,0.3828765094280243,0.2232576072216034,0.5264569580554962,0.12686146646738053,0.04489065483212471,0.6936927556991577,0.3673784673213959,0.18328552842140197,0.4013749539852142,0.10857687443494797,0.022547799348831176,0.7157851561903954
42,0.8169602513313293,0.3759674668312073,0.23025671243667603,0.5629706382751465,0.132299068570137,0.04838945120573044,0.6874142527580261,0.3531311690807343,0.192882239818573,0.3961980938911438,0.11811419874429703,0.022545867413282395,0.7297403998672962
43,0.7768975138664246,0.37130343317985537,0.22040609419345855,0.5050792336463928,0.12726695090532303,0.043056107312440875,0.7036362290382385,0.3344020485877991,0.1975008487701416,0.46550299525260924,0.11629891246557236,0.027702180668711662,0.8070049371570348
44,0.7711694598197937,0.3891931653022766,0.21617633402347564,0.46408230662345884,0.12389185577630997,0.042820538580417636,0.7888301491737366,0.3541941404342651,0.2102942109107971,0.5852649867534637,0.12258569300174713,0.02013956718146801,0.938284457847476
45,0.8480811953544617,0.3860724329948425,0.22211819291114807,0.6177850604057312,0.12483715116977692,0.04723943918943405,0.7510523438453675,0.3535330295562744,0.19807252585887908,0.5293763518333435,0.11412354558706284,0.01897856965661049,0.8605509929358959
46,0.7686596512794495,0.37809106707572937,0.2173307567834854,0.47840702533721924,0.1233648493885994,0.04523265957832336,0.6683445334434509,0.33812034130096436,0.19580380916595458,0.3977370381355286,0.11152413338422776,0.021986391767859458,0.7270513724535703
47,0.790954339504242,0.3726151168346405,0.21429884135723115,0.5387214422225952,0.12184529155492782,0.04093664735555649,0.6631620526313782,0.3417649745941162,0.1966124325990677,0.3697728753089905,0.11648434847593307,0.02098751626908779,0.703857172653079
48,0.7951940059661865,0.3702655494213104,0.22006251215934752,0.5448764085769653,0.12388652861118317,0.04253077581524849,0.6513498783111572,0.3103317141532898,0.19502850770950317,0.40551010370254514,0.11851651966571808,0.019015083461999892,0.7380702145397663
49,0.7945807576179504,0.38910571336746214,0.21423594653606415,0.5111092984676361,0.1224413201212883,0.0383109375834465,0.6976033926010132,0.3704566121101379,0.19119280576705933,0.386586856842041,0.11468160152435303,0.016715367138385773,0.709176631271839
50,0.7840336561203003,0.35804698467254636,0.22656900584697723,0.5382317304611206,0.12741719484329223,0.03987505510449409,0.7482282638549804,0.34578409790992737,0.20836008787155152,0.5232040286064148,0.11933214217424393,0.018825626373291014,0.8697218850255012
51,0.7962403059005737,0.37608598470687865,0.2118643969297409,0.5405765295028686,0.12085257470607758,0.04017524495720863,0.6335417866706848,0.3331598401069641,0.18009025156497954,0.34527801871299746,0.10877745598554611,0.016277968510985376,0.6504236947745085
52,0.7927163124084473,0.3687198042869568,0.22111588716506958,0.5338657915592193,0.1266225591301918,0.04059695824980736,0.6704707980155945,0.3096926033496857,0.19297957122325898,0.44797266721725465,0.1151859074831009,0.020164662227034568,0.7763028081506491
53,0.7760171532630921,0.3705792486667633,0.20883240997791291,0.5086406886577606,0.12148055583238601,0.03935040757060051,0.6731998682022095,0.35648735165596007,0.1619766116142273,0.3999660015106201,0.09818388670682907,0.017112573236227037,0.6772390730679035
54,0.7395655274391174,0.3630635738372803,0.21194255948066712,0.44560733437538147,0.12327291816473007,0.03928307369351387,0.6766340613365174,0.33262658715248106,0.18699930906295775,0.4190092206001282,0.11287608742713928,0.019199486821889877,0.7380841039121151
55,0.7490795731544495,0.36358668804168703,0.20566071569919586,0.47123960256576536,0.11988022625446319,0.03789337575435638,0.586710512638092,0.30701730251312254,0.18104287087917328,0.30361664295196533,0.1072386160492897,0.01661157961934805,0.6085097094997763
56,0.7477576494216919,0.3671372354030609,0.20948900580406188,0.45748801827430724,0.12072556763887406,0.03872503042221069,0.647218918800354,0.3572291612625122,0.1675177901983261,0.335623037815094,0.10315851122140884,0.014137765392661095,0.62043710462749
57,0.727360212802887,0.35902966260910035,0.21171687841415404,0.42654131054878236,0.12446115314960479,0.03507916033267975,0.6444586634635925,0.3227950751781464,0.18489213585853576,0.38355512619018556,0.10788420885801316,0.017385536432266237,0.6937170073390008
58,0.7368184924125671,0.3583366870880127,0.21042946577072144,0.44948171973228457,0.1223406195640564,0.03611851558089256,0.6881669521331787,0.3508599638938904,0.18149309754371643,0.4127752423286438,0.10992216318845749,0.014364999532699586,0.7185555025935173
59,0.7430390119552612,0.35851752758026123,0.20645889043807983,0.46314666271209715,0.12245965898036956,0.03313050866127014,0.6288374900817871,0.3314907133579254,0.16785072684288024,0.3475311279296875,0.1030390977859497,0.015423445403575898,0.6338443979620932
60,0.7524928450584412,0.34098017811775205,0.21309468150138855,0.5037715911865235,0.12677186876535415,0.03647064194083214,0.6985372543334961,0.34622556567192075,0.17853708267211915,0.4419103980064392,0.10863049924373627,0.01775365397334099,0.7468316338956356
61,0.7260817408561706,0.3440267384052277,0.20626692175865174,0.4557494163513184,0.12186192721128464,0.035265444219112395,0.639623486995697,0.3207806468009949,0.17209334373474122,0.3837247252464294,0.10553892552852631,0.01493767462670803,0.676294669136405
62,0.7284279227256775,0.350054407119751,0.20426217317581177,0.44586226940155027,0.12180836200714111,0.03777451664209366,0.6269071221351623,0.320784729719162,0.18439784049987792,0.3334137678146362,0.11527545899152755,0.018041392788290977,0.6511284600943327
63,0.7124770522117615,0.3542855143547058,0.20523543059825897,0.4053422212600708,0.12258965224027633,0.03437722623348236,0.6281338334083557,0.3279133439064026,0.18095923960208893,0.3308300256729126,0.1105720892548561,0.01811491996049881,0.6404762744903565
64,0.7289752244949341,0.35060442686080934,0.20882916450500488,0.441267853975296,0.12363613694906235,0.03513272851705551,0.6836029291152954,0.3179817199707031,0.17442221343517303,0.46793322563171386,0.10839105397462845,0.016297534108161926,0.7670440271496772
65,0.7545607328414917,0.35806592702865603,0.20997850000858306,0.4718261778354645,0.12567687183618545,0.035524779558181764,0.6796818137168884,0.3136152744293213,0.18574906885623932,0.45072500705718993,0.11505773514509202,0.018549713492393493,0.7700815245509148
66,0.7337490320205688,0.3434057056903839,0.20456343293190002,0.47130821347236634,0.12005496323108673,0.03486660495400429,0.6674211263656616,0.32263352870941164,0.1834249824285507,0.41674970388412474,0.11128038614988327,0.016904905438423157,0.7283599779009818
67,0.7359222173690796,0.3505613386631012,0.20796465873718262,0.4530836522579193,0.12227839678525924,0.03734973296523094,0.6350906491279602,0.3133760869503021,0.18275814056396483,0.3641764998435974,0.11521383821964264,0.01443653367459774,0.6765850123018026
68,0.7217692732810974,0.3387520670890808,0.20604373514652252,0.4459027111530304,0.12514844089746474,0.03270806148648262,0.6037822604179383,0.31027295589447024,0.17444505393505097,0.31525745391845705,0.11179730743169784,0.01479972954839468,0.6162995448336005
69,0.6720665097236633,0.3332273840904236,0.19644250869750976,0.36882044076919557,0.11975531280040741,0.03325626254081726,0.6165583252906799,0.3248718738555908,0.16404447555541993,0.3315665066242218,0.10252843648195267,0.014831577241420747,0.6129709959030151
70,0.707718026638031,0.34798772931098937,0.20556850731372833,0.4031390905380249,0.1228765070438385,0.031313251331448556,0.6232060074806214,0.3155044913291931,0.1673997461795807,0.3540979027748108,0.1055504947900772,0.017200248688459395,0.644248392432928
71,0.7444009780883789,0.3504814743995667,0.19791105389595032,0.48594587445259096,0.11594778001308441,0.03137185089290142,0.6399081707000732,0.33598052263259887,0.1770826607942581,0.33525853157043456,0.11169158816337585,0.012952065281569957,0.6369848458096385
72,0.6995097517967224,0.3488342761993408,0.19046972393989564,0.4019560933113098,0.11593420207500457,0.02931663766503334,0.6429650783538818,0.29345318078994753,0.1752975344657898,0.4304025888442993,0.10846709460020065,0.015358616784214973,0.7295258346945048
73,0.6962651371955871,0.33422090411186217,0.19425408840179442,0.4179564595222473,0.11712448745965957,0.03215494677424431,0.5746749997138977,0.300907826423645,0.17771777212619783,0.2717995822429657,0.11351201683282852,0.010729420930147171,0.5737587921321392
74,0.670019006729126,0.338892662525177,0.18672212660312654,0.3693221151828766,0.11366664916276932,0.026102687790989877,0.5994553089141845,0.31957536935806274,0.167266184091568,0.2973568320274353,0.10687954276800156,0.012444228306412697,0.5839467871934175
75,0.6813435435295105,0.3351776242256165,0.19421177208423615,0.3838886201381683,0.11864801794290543,0.029279542714357377,0.6096843957901001,0.3016226410865784,0.17966072559356688,0.3361852765083313,0.1133976623415947,0.013567192852497101,0.64281085729599
76,0.6727598309516907,0.3338483154773712,0.198469278216362,0.3587689995765686,0.12110941708087922,0.03324653878808022,0.6206967830657959,0.3151147782802582,0.17378027141094207,0.3434721171855927,0.10811852067708969,0.012455663084983826,0.6378265723586083
77,0.6659873843193054,0.32432801723480226,0.19179805219173432,0.3779116630554199,0.11687205135822296,0.028423516452312468,0.5697323322296143,0.29933252930641174,0.17399826943874358,0.2658153235912323,0.11173881441354752,0.011753876879811286,0.5633062843233347
78,0.6886831402778626,0.34841679930686953,0.18880711495876312,0.37750956416130066,0.11560401618480683,0.02834276631474495,0.5821152269840241,0.2991728216409683,0.18672529458999634,0.2709787607192993,0.11982028484344483,0.011868499778211116,0.5893928399309517
79,0.6831341624259949,0.3477895140647888,0.18830553591251373,0.36772358417510986,0.1151568278670311,0.028378437831997873,0.6260079741477966,0.32044368982315063,0.17228845357894898,0.3453147351741791,0.10580705553293228,0.013536490872502327,0.6369467351585626
80,0.685782539844513,0.3343771159648895,0.19112977087497712,0.4029469847679138,0.1127864509820938,0.02841983623802662,0.5863708972930908,0.3055031895637512,0.16506601572036744,0.3048952519893646,0.10212922096252441,0.012965972162783146,0.5850564608350396
81,0.6906557083129883,0.3395301342010498,0.19644095599651337,0.3912722945213318,0.11650744676589966,0.030228804051876067,0.5932893872261047,0.300299870967865,0.17702992558479308,0.30886365175247193,0.11062523573637009,0.012846678495407104,0.6093654915690422
82,0.6448199510574341,0.32765374183654783,0.18670081198215485,0.33711721301078795,0.11205031275749207,0.027186189219355582,0.6185583949089051,0.318602454662323,0.1782533198595047,0.3179126620292664,0.11304592341184616,0.012057011388242245,0.6212689166888595
83,0.6829208493232727,0.31530101895332335,0.19401939511299132,0.4251072645187378,0.11661193072795868,0.02859770692884922,0.5981989622116088,0.2857486307621002,0.17687299847602844,0.35129934549331665,0.10905526727437972,0.011449377983808517,0.6486769892275334
84,0.6861319303512573,0.3319083333015442,0.19072519838809968,0.40412130355834963,0.11499688923358917,0.026269364356994628,0.6213065624237061,0.3113511085510254,0.17184925973415374,0.3498560547828674,0.10722845196723937,0.01229184977710247,0.6412256162613631
85,0.6765187621116638,0.33750362396240235,0.19066617786884307,0.3714609742164612,0.1141248881816864,0.029699664562940598,0.599179458618164,0.2834761142730713,0.18606004118919373,0.3420675218105316,0.11548534780740738,0.01092321276664734,0.65453612357378
86,0.6754192590713501,0.3335537135601044,0.18516348898410798,0.38427947759628295,0.11202569305896759,0.02762800268828869,0.6212947726249695,0.3112141668796539,0.1736193299293518,0.3440135657787323,0.1095514565706253,0.012251045182347297,0.6394353974610567
87,0.6698494911193847,0.32423320412635803,0.19144344031810762,0.3818620562553406,0.11592962443828583,0.02754451483488083,0.5855196952819824,0.29839191436767576,0.16346152424812316,0.31508870124816896,0.10280323028564453,0.0108968798071146,0.5922503355890513
88,0.6484384298324585,0.3203639805316925,0.18852649331092836,0.3483512461185455,0.11542455404996872,0.027177558466792106,0.6155683398246765,0.2954319179058075,0.1726571202278137,0.36701407432556155,0.10889571756124497,0.009885923378169537,0.6584528354927897
89,0.669773530960083,0.3167188107967377,0.191145721077919,0.3941683411598206,0.11681756526231765,0.027270052582025528,0.5903695583343506,0.29702636003494265,0.16761740446090698,0.31420556306838987,0.10827034413814544,0.011186251789331437,0.6012795634567737
90,0.6625656485557556,0.3232287704944611,0.19140520095825195,0.3637581288814545,0.11822728514671325,0.026781710982322692,0.58771151304245,0.2853649318218231,0.17956681549549103,0.32565491199493407,0.1097518488764763,0.011051492765545845,0.6260250691324473
91,0.6749678134918213,0.33625081181526184,0.18937397599220276,0.37224928140640257,0.11240988820791245,0.028665874898433686,0.6212572574615478,0.32720314264297484,0.15431039333343505,0.3415677070617676,0.09661832898855209,0.01117715798318386,0.6036735873669385
92,0.6711783885955811,0.32592682242393495,0.19451187252998353,0.3752164483070374,0.11771969646215438,0.026162000373005867,0.5886853933334351,0.29784717559814455,0.17613146901130677,0.2944296717643738,0.11359913349151611,0.01143614687025547,0.5955964211374521
93,0.654767107963562,0.32643990516662597,0.18487818241119386,0.34828341007232666,0.11494034975767135,0.026909220963716507,0.5387811601161957,0.2941590666770935,0.1537938356399536,0.23181241154670715,0.1021659791469574,0.01019134521484375,0.49796357154846194
94,0.627848768234253,0.31877877116203307,0.1772444427013397,0.3208845317363739,0.1095952957868576,0.028081947565078737,0.5381050705909729,0.2898433804512024,0.16498842239379882,0.2257125735282898,0.10692773759365082,0.01042848639190197,0.5080572199076414
95,0.6396269559860229,0.3240699052810669,0.17687715888023375,0.3361774981021881,0.1091695249080658,0.026187607273459434,0.5678747415542602,0.2828482985496521,0.17123311161994934,0.2898626565933228,0.10945523977279663,0.01247836034744978,0.5830293683335185
96,0.6379473447799683,0.32226715087890623,0.18556777238845826,0.3205658793449402,0.11491873860359192,0.02751351334154606,0.6184409499168396,0.31587257981300354,0.1672777533531189,0.3359325408935547,0.10415850132703781,0.012711218371987344,0.6200800139456988
97,0.6469171524047852,0.31761482954025266,0.18528269827365876,0.35057069957256315,0.11345902234315872,0.027198639512062073,0.5511345505714417,0.28328001499176025,0.16777392029762267,0.25515795350074766,0.10799718946218491,0.015734482929110526,0.5466635461896657
98,0.6347434878349304,0.30345611572265624,0.19190069437026977,0.3433372437953949,0.11700218170881271,0.028814322873950006,0.594181501865387,0.27538583278656004,0.16984423995018005,0.36131513118743896,0.10744769424200058,0.01144658625125885,0.6500536516308785
99,0.6730090260505677,0.32346115112304685,0.1869744449853897,0.38409596085548403,0.11485479325056076,0.029758792743086813,0.604351544380188,0.3051497995853424,0.15619340538978577,0.33292917609214784,0.10003594607114792,0.019013038277626036,0.6081715658307075
100,0.6310041427612305,0.31276925802230837,0.17917751967906953,0.3302624702453613,0.11189592182636261,0.02866218313574791,0.6450705528259277,0.2951341927051544,0.16159288883209227,0.44032307863235476,0.10046037286520004,0.010151033475995063,0.7125273738056421
101,0.6877790808677673,0.32933598160743716,0.18804519772529601,0.40623952746391295,0.11369508355855942,0.026278824731707572,0.5911468982696533,0.31128278374671936,0.16903380751609803,0.27345602214336395,0.11125915646553039,0.012536643259227275,0.5662856293842197
102,0.6325639009475708,0.30408068299293517,0.18449032306671143,0.34592585563659667,0.11393814086914063,0.026710231229662894,0.5754146456718445,0.2903204560279846,0.17402490675449372,0.27351521253585814,0.1156370148062706,0.012147609889507294,0.5753247439861298
103,0.6305627465248108,0.30710620880126954,0.1799939066171646,0.33898708820343015,0.11392660588026046,0.024454669654369356,0.5996091961860657,0.2920893430709839,0.17326344251632692,0.32565864324569704,0.11304490566253662,0.009752847068011761,0.6217198384925723
104,0.6450693488121033,0.31247069835662844,0.17987489104270935,0.3562427759170532,0.11346236169338227,0.025908832997083665,0.5638365626335144,0.2984503746032715,0.16019001603126526,0.260560017824173,0.10485009402036667,0.01053287461400032,0.5361330024898052
105,0.630846130847931,0.31440799236297606,0.18094618022441863,0.32359168231487273,0.11381142139434815,0.02466364875435829,0.570177686214447,0.2970752239227295,0.16250163316726685,0.26866295337677004,0.10781661272048951,0.010720760002732277,0.5497019592672586
106,0.6250815749168396,0.30186856985092164,0.1885675609111786,0.32369543313980104,0.11885836571455002,0.025049396976828574,0.518134593963623,0.280373615026474,0.15383355915546418,0.21597826480865479,0.10019702762365341,0.010230515152215958,0.4802393667399883
107,0.6103116393089294,0.31574141383171084,0.18176743686199187,0.2801042765378952,0.11389130651950836,0.022906260192394258,0.5351566195487976,0.2654968619346619,0.16148532927036285,0.2678674519062042,0.10406116247177125,0.011492994986474514,0.5449069386348128
108,0.6454529523849487,0.31824544072151184,0.17782862782478331,0.3483060717582703,0.11156844347715378,0.025355568900704385,0.5531928181648255,0.30818179845809934,0.15286886990070342,0.2285516619682312,0.1008694514632225,0.010201951675117015,0.4924919350072742
109,0.6185384869575501,0.3125859618186951,0.17783259451389313,0.3055263161659241,0.11153489798307419,0.025157670304179192,0.5831741213798523,0.2913721024990082,0.1666945219039917,0.30359950065612795,0.10804962515830993,0.009396158531308174,0.5877398062497378
110,0.6087980985641479,0.2992526710033417,0.18172769248485565,0.3092622697353363,0.113371542096138,0.023115338012576103,0.5519788146018982,0.2681992590427399,0.16465566754341127,0.28599151968955994,0.10757697075605392,0.012077331729233264,0.5703014897182584
111,0.6167341470718384,0.3057482659816742,0.1792995661497116,0.31127862334251405,0.11385990232229233,0.023266624286770822,0.5420302748680115,0.2736252129077911,0.1542038232088089,0.2719913601875305,0.10188493132591248,0.009699090383946896,0.5377792051061988
112,0.6130014657974243,0.30976388454437254,0.17248537838459016,0.30860173106193545,0.10896704196929932,0.021984202042222022,0.5449308156967163,0.27937636971473695,0.16140174269676208,0.25700398683547976,0.10493372082710266,0.010006553493440151,0.5333460038527846
113,0.628395938873291,0.3159615516662598,0.17096044421195983,0.32837019562721254,0.108026684820652,0.022489641234278678,0.6204591989517212,0.29615967273712157,0.1673587441444397,0.3700251400470734,0.10646218657493592,0.008914869278669357,0.6527609400451183
114,0.6196245789527893,0.30062230825424197,0.16983874440193175,0.34932122826576234,0.10499837845563889,0.020601709187030793,0.5546164512634277,0.29346964359283445,0.1514779031276703,0.26284838914871217,0.09944510608911514,0.008749544620513916,0.5225209429860115
115,0.621318006515503,0.3125638723373413,0.18196426331996918,0.3015820860862732,0.11533672511577606,0.022475048154592513,0.5602693796157837,0.2821493446826935,0.15897886753082274,0.28842377066612246,0.10174546092748642,0.009477687627077102,0.5586257867515088
116,0.6428648710250855,0.3064622163772583,0.17828043103218078,0.3655688464641571,0.11060353517532348,0.023987795040011407,0.5821801900863648,0.2810929358005524,0.17245975136756897,0.3152422606945038,0.10857709646224975,0.009762039594352245,0.6060411481186748
117,0.6513623714447021,0.30192320346832274,0.18625495731830596,0.3885171413421631,0.11090304255485535,0.02317962236702442,0.6230517983436584,0.3157211482524872,0.18087010383605956,0.3173456430435181,0.11187610030174255,0.010078071244060993,0.6201699184253812
118,0.6509166955947876,0.31557145714759827,0.18399645388126373,0.3586352109909058,0.11240439713001252,0.022111761942505838,0.56339590549469,0.27945525050163267,0.1660153329372406,0.28645994067192077,0.10609973818063737,0.010452478751540184,0.5690274905413389
119,0.6340839743614197,0.3053141415119171,0.1762382447719574,0.35313462018966674,0.10930722057819367,0.022873556613922118,0.5502128005027771,0.2860859572887421,0.15895450711250306,0.25223903357982635,0.10425466895103455,0.010758566483855248,0.5262067761272191
120,0.6167440176010132,0.30961591601371763,0.17861050963401795,0.30201015472412107,0.1123676910996437,0.023210886493325235,0.5495429396629333,0.2761507034301758,0.15971944630146026,0.27202926874160765,0.10326645821332932,0.010723300836980343,0.5457384740933776
121,0.6123006105422973,0.3080972731113434,0.17629314959049225,0.30277995467185975,0.10953663289546967,0.022559013590216635,0.5965176224708557,0.29960026741027834,0.16526544988155364,0.3058741867542267,0.1067261591553688,0.014516833238303661,0.5923826290294527
122,0.6078917264938355,0.29859559535980223,0.1788409620523453,0.3062518358230591,0.11194153726100922,0.023001516610383986,0.5930715560913086,0.2612693190574646,0.1724342077970505,0.3700137108564377,0.11104002445936204,0.008399850875139236,0.6618877939879895
123,0.633950674533844,0.29861205220222475,0.17655594050884246,0.35939781665802,0.11072787791490554,0.024674517288804054,0.543480396270752,0.2712402164936066,0.15645792782306672,0.27211094796657564,0.10187985599040986,0.01087670996785164,0.5413254417479039
124,0.6109716296195984,0.3039065420627594,0.17137262225151062,0.3170900285243988,0.10667418390512466,0.019941212981939314,0.5616988062858581,0.2719696283340454,0.15756601691246033,0.3120043158531189,0.09936647415161133,0.010106566362082958,0.5790433732792736
125,0.5851417183876038,0.2990731060504913,0.16830694079399108,0.2752358168363571,0.10546744912862778,0.022851407527923584,0.5946542739868164,0.28285629749298097,0.16554929316043854,0.3397014617919922,0.10495517551898956,0.01190309226512909,0.6221090227365494
126,0.5985392093658447,0.2990120828151703,0.18207001686096191,0.2791223913431168,0.113657346367836,0.0237947016954422,0.565400230884552,0.2762558400630951,0.16320717930793763,0.29627115428447726,0.10427710264921189,0.011771108023822308,0.575526544265449
127,0.611189866065979,0.3088980257511139,0.17545058727264404,0.2920186847448349,0.11144669651985169,0.022824934870004653,0.5783106088638306,0.27756563425064085,0.16555535197257995,0.31055254936218263,0.10755647420883178,0.012747839465737343,0.5964122150093316
128,0.6119404315948487,0.308112245798111,0.17297231554985046,0.2990556240081787,0.10942904502153397,0.02332128882408142,0.5590386390686035,0.31494626998901365,0.15160396993160247,0.2239830732345581,0.09841242730617523,0.009160843305289745,0.4831603137776255
129,0.5917346596717834,0.30137792229652405,0.17309345602989196,0.27461786568164825,0.1088467925786972,0.02141490988433361,0.5951508760452271,0.2806571006774902,0.17194250524044036,0.32663086652755735,0.1122693732380867,0.011276179365813732,0.6221189243718981
130,0.5995068311691284,0.2912440776824951,0.17553144693374634,0.30076873004436494,0.11174443811178207,0.02381061315536499,0.5829758763313293,0.28865464925765993,0.15534783899784088,0.3181103110313416,0.10056789368391036,0.008810712583363056,0.5828367562964559
131,0.6148149490356445,0.2989520370960236,0.18014302253723144,0.3118839979171753,0.11274306178092956,0.02355949692428112,0.5554425239562988,0.29524033069610595,0.16400477886199952,0.23347458243370056,0.10641148984432221,0.009652921743690968,0.5135437728837132
132,0.5996206402778625,0.3167804181575775,0.16744665801525116,0.2678898602724075,0.10527308285236359,0.020935526862740517,0.5167904317378997,0.29107792377471925,0.1495497614145279,0.1840128093957901,0.09967709928750992,0.008836361207067966,0.4420760313048959
133,0.5943165063858032,0.30659185647964476,0.16835388839244841,0.2738826096057892,0.1074075922369957,0.019578331708908082,0.5693009495735168,0.2745537221431732,0.1583080142736435,0.30981470346450807,0.10406091958284377,0.008393057249486446,0.5805766945704818
134,0.6178960084915162,0.3061931550502777,0.17739338874816896,0.30477272570133207,0.11261285245418548,0.02209511026740074,0.6079650044441223,0.28966463804244996,0.16224853992462157,0.35240471363067627,0.10449023097753525,0.009991690889000893,0.6291351754218341
135,0.6227859139442444,0.30147266387939453,0.17443064451217652,0.331936252117157,0.10807878226041794,0.02388826198875904,0.6063075304031372,0.30177258253097533,0.17923825979232788,0.2963769644498825,0.1147153615951538,0.010670658014714719,0.6010012438520789
136,0.6080782771110534,0.3002976357936859,0.17042724192142486,0.3109587848186493,0.10724094361066819,0.020586243271827696,0.5820067405700684,0.2823073625564575,0.15809645652770996,0.3236079692840576,0.10088763684034348,0.009512181207537652,0.5921042438596487
137,0.5944153547286988,0.29381985068321226,0.16815946698188783,0.30040634274482725,0.10523663908243179,0.021197876334190367,0.528025221824646,0.29246208965778353,0.15582999885082244,0.18724649995565415,0.10534181892871856,0.00914999432861805,0.45756831206381327
138,0.5529230833053589,0.2918855965137482,0.1628531277179718,0.2261946827173233,0.10387644916772842,0.02070617340505123,0.5336851239204407,0.261702287197113,0.1611905038356781,0.25730336308479307,0.10575471669435502,0.008419941924512387,0.5326685255393385
139,0.5949421882629394,0.2945059359073639,0.17099241614341737,0.29122069776058196,0.10872427821159363,0.020899405330419542,0.5387191653251648,0.27563408613204954,0.15081535875797272,0.2513322651386261,0.10067127496004105,0.010605359449982643,0.5134242583066225
140,0.5945289134979248,0.2899168491363525,0.1734497219324112,0.29328038096427916,0.11070922613143921,0.02167644314467907,0.5716402769088745,0.2804993152618408,0.1643899619579315,0.2887310743331909,0.10818119198083878,0.008144627884030342,0.5694468561559916
141,0.6016923427581787,0.29907339811325073,0.17208779454231263,0.292008763551712,0.11040957421064376,0.01961682178080082,0.5359472274780274,0.26217624843120574,0.15584662258625032,0.27168533205986023,0.10125000923871993,0.007433519046753645,0.536215482931584
142,0.6057552099227905,0.3038399457931519,0.17108850479125975,0.2941241145133972,0.1088953971862793,0.01903192587196827,0.5373737335205078,0.277316153049469,0.15345540046691894,0.24452794194221497,0.10138147175312043,0.007452193647623062,0.5068170078098774
143,0.6083100438117981,0.28985764384269713,0.17739247679710388,0.31530233919620515,0.11281594187021256,0.01986922398209572,0.5816651821136475,0.30265684723854064,0.1605880320072174,0.2683496117591858,0.1065815582871437,0.007611709833145142,0.543130911886692
144,0.5664875149726868,0.28524242639541625,0.17136276066303252,0.24981503188610077,0.10918901860713959,0.02026834972202778,0.5409694015979767,0.26206245422363283,0.1631397098302841,0.26132368445396426,0.10849890112876892,0.009016119688749314,0.5419784151017666
145,0.5935594439506531,0.292582243680954,0.1697488933801651,0.29353603422641755,0.10771612972021102,0.019145371019840242,0.560298764705658,0.27868314981460574,0.1612002283334732,0.27475048303604127,0.10565897077322006,0.007040716614574194,0.5486503987573087
146,0.5697142720222473,0.2971046149730682,0.1661580741405487,0.23914148807525634,0.10683753490447997,0.019625509902834893,0.544054138660431,0.2840952455997467,0.14721941351890563,0.24896958470344543,0.09931121915578842,0.00784369483590126,0.5033439122140408
147,0.5982648849487304,0.30531532764434816,0.16988322734832764,0.27136752009391785,0.1092988595366478,0.021015344932675362,0.5366203665733338,0.2618903398513794,0.16567000448703767,0.2514814496040344,0.10681641548871994,0.011285269819200038,0.5352531393989921
148,0.5975803136825562,0.29725784063339233,0.17212884724140168,0.2873457968235016,0.10837884247303009,0.0201162938028574,0.5224422693252564,0.28186181783676145,0.15238646268844605,0.20099863409996033,0.10133109986782074,0.009840550273656845,0.4645567469298839
149,0.5620717644691468,0.2886008083820343,0.16098604202270508,0.24855281114578248,0.10334559231996536,0.019737201929092407,0.5370839834213257,0.27181836366653445,0.14848843812942505,0.25898522734642027,0.09885345846414566,0.0074647702276706696,0.5137918941676616
150,0.5845725774765015,0.2978993594646454,0.17186034619808196,0.2559146612882614,0.11022733598947525,0.019639979302883147,0.5354460716247559,0.2765480875968933,0.15414730906486512,0.23398773074150087,0.103566575050354,0.0073088383302092556,0.4990104531869292
151,0.5780294299125671,0.2937676727771759,0.16522603034973143,0.2619501143693924,0.10619610100984574,0.019333869963884354,0.5364264607429504,0.2646690845489502,0.16048562824726104,0.2513134092092514,0.10588599890470504,0.00772933466359973,0.5254143710248171
152,0.572338318824768,0.2908735454082489,0.17081181704998016,0.246028533577919,0.11031844913959503,0.018373900651931764,0.4872316002845764,0.25058478116989136,0.13859268128871918,0.21819971799850463,0.09239393472671509,0.00710774939507246,0.4562940834090114
153,0.5727344751358032,0.28695287704467776,0.16493483483791352,0.2681662291288376,0.10407360643148422,0.019544658437371253,0.5349687218666077,0.25398785471916197,0.16209853887557985,0.27457499504089355,0.10240977555513382,0.008163907192647457,0.5472472166642547
154,0.5793462514877319,0.29453431963920595,0.17339986860752105,0.2546576827764511,0.10809109210968018,0.01867326386272907,0.5326378524303437,0.26319714188575744,0.15849802196025847,0.25158190429210664,0.10290876030921936,0.008255941979587077,0.5212446285411716
155,0.5738135576248169,0.2911842048168182,0.16431301832199097,0.26361837089061735,0.10352127701044082,0.01819220408797264,0.5567153573036194,0.29377386569976804,0.14725791811943054,0.26011221408843993,0.09431656152009964,0.008662670850753784,0.5103493645787238
156,0.5580501675605773,0.29053816199302673,0.16439518332481384,0.22859774827957152,0.10562660247087478,0.01823606565594673,0.5501963853836059,0.2768176794052124,0.15055368542671205,0.26980172991752627,0.09933191984891891,0.007832767255604268,0.5275201024487615
157,0.5724608063697815,0.2848720014095306,0.16735981702804564,0.26105521321296693,0.10791133344173431,0.01947327218949795,0.5366670370101929,0.27808657884597776,0.1570350468158722,0.22821439504623414,0.103331558406353,0.008319869264960289,0.4969008695334196
158,0.5684400081634522,0.2773052632808685,0.16475196778774262,0.2739335119724274,0.1057820439338684,0.018679435178637505,0.5171578407287598,0.2546707451343536,0.1473694086074829,0.2515198677778244,0.09775843173265457,0.008084335085004567,0.5047320432029665
159,0.5557816028594971,0.2822248160839081,0.17184314429759978,0.22498259246349334,0.11044626533985138,0.01926926039159298,0.49821720719337464,0.24045218527317047,0.15578571259975432,0.22448707818984986,0.10397400110960006,0.008785179536789655,0.4930319714359939
160,0.5541246652603149,0.29618397951126096,0.16256878077983855,0.2081819385290146,0.10593942850828171,0.01778751574456692,0.4974036693572998,0.2666428804397583,0.1528139054775238,0.17700384855270385,0.10107967108488083,0.009007730148732662,0.4399051552638411
161,0.5677646040916443,0.28236994743347166,0.16676531732082367,0.2579346835613251,0.10657918304204941,0.019148588925600053,0.5367043256759644,0.2511285901069641,0.15493024587631227,0.28219040632247927,0.10282347053289413,0.008482792228460313,0.548426914960146
162,0.5727209091186524,0.2902768671512604,0.16334613263607026,0.2563629955053329,0.1051067739725113,0.01892533339560032,0.5313342988491059,0.27977805137634276,0.15510693788528443,0.2152200922369957,0.10224314033985138,0.008024160843342542,0.4805943313054741
163,0.583367395401001,0.30068727731704714,0.16994455456733704,0.24447957575321197,0.10892717689275741,0.01992344334721565,0.5219856142997742,0.263716334104538,0.15507222414016725,0.22447595596313477,0.10243216603994369,0.011368072032928467,0.4933484181761742
164,0.5727159976959229,0.28612393140792847,0.17073786854743958,0.24650801420211793,0.11086851954460145,0.020936055481433867,0.5293528079986572,0.27047112584114075,0.1570202261209488,0.21884635388851165,0.10695613324642181,0.007750856876373291,0.4905735701322555
165,0.5912477016448975,0.29355181455612184,0.16508689820766448,0.2830589354038239,0.10564139634370803,0.01933201029896736,0.5361976206302643,0.26867646276950835,0.1538621664047241,0.24486516416072845,0.1025980681180954,0.00881921648979187,0.5101446151733399
166,0.5530844926834106,0.28399674892425536,0.16265685856342316,0.2273551970720291,0.10564785897731781,0.018521426245570183,0.5153087973594666,0.2628569006919861,0.1466127187013626,0.2265653431415558,0.09704283773899078,0.011239591054618359,0.4814604906365275
167,0.5398360967636109,0.2731668412685394,0.16438283622264863,0.21872686743736267,0.10633305609226226,0.019589706137776376,0.5289122700691223,0.2877818763256073,0.1461114317178726,0.20206676721572875,0.09935745000839233,0.008277296461164952,0.45581294540315864
168,0.5688926219940186,0.2866603910923004,0.1614431768655777,0.2565204441547394,0.10363081842660904,0.019315087422728538,0.5328239440917969,0.27139352560043334,0.146656534075737,0.24501341581344604,0.09829802960157394,0.007336506899446249,0.49730448639020325
169,0.5950256705284118,0.29400590658187864,0.168873530626297,0.28217345774173735,0.10714472234249114,0.01995776705443859,0.5061883807182312,0.2856492757797241,0.14450075924396516,0.16787416636943817,0.09641395062208176,0.0071142083965241906,0.41590308463200926
170,0.5700515270233154,0.29127525091171264,0.16799086332321167,0.23855405151844025,0.10752402395009994,0.018275067582726477,0.5142250537872315,0.26059679985046386,0.15638351142406465,0.21125675439834596,0.10419905930757523,0.007845944538712502,0.47968526966869834
171,0.5710053205490112,0.2878974795341492,0.16425099968910217,0.2513132065534592,0.10614588409662247,0.018349941447377206,0.4645699918270111,0.2517626196146011,0.13590264916419983,0.16736284494400025,0.09085239171981811,0.00682904701679945,0.40094693284481764
172,0.560758090019226,0.27992771863937377,0.16006546020507811,0.25500105023384095,0.10288488566875457,0.0182961642742157,0.5223480939865113,0.2755954623222351,0.15165275931358338,0.20404596924781798,0.10188636481761933,0.007433748804032803,0.4650188421830535
173,0.5630689144134522,0.28510544300079343,0.1572411298751831,0.2530374228954315,0.10192386656999589,0.01743364706635475,0.5305894374847412,0.26345427334308624,0.14955370426177977,0.24991097450256347,0.09970176070928574,0.007337392494082451,0.5065038319677114
174,0.5499334692955017,0.28765928745269775,0.15951260924339294,0.21650627255439758,0.10370188355445861,0.017372728511691093,0.5171161651611328,0.2625663638114929,0.15019659996032714,0.22301658987998962,0.09992298036813736,0.007834419142454863,0.480970589350909
175,0.5531577229499817,0.2746711730957031,0.16240838468074797,0.24446671903133393,0.1045293316245079,0.018183305487036706,0.4831531345844269,0.25564185380935667,0.13891109228134155,0.18835392594337463,0.0931466743350029,0.007446910440921784,0.4278586030006409
176,0.5534513354301452,0.2939276218414307,0.15346938669681548,0.22023482620716095,0.10041617602109909,0.016948417574167252,0.475887668132782,0.24128336310386658,0.15346159636974335,0.17500563561916352,0.10291286408901215,0.00734951738268137,0.4387296134606004
177,0.5399840831756592,0.27399731874465943,0.15626158118247985,0.22952111661434174,0.1006667971611023,0.018143900483846665,0.5399563670158386,0.279498302936554,0.15728842616081237,0.22037605941295624,0.10482539385557174,0.007369113340973854,0.48985899277031425
178,0.572766125202179,0.2878846049308777,0.16159192323684693,0.25561824142932893,0.1049405351281166,0.01797361820936203,0.5074894964694977,0.2658608227968216,0.156322181224823,0.17878873348236085,0.10683163106441498,0.0073292931541800495,0.44927183892577893
179,0.5444891810417175,0.2772871792316437,0.16326811015605927,0.21844731271266937,0.10530052781105041,0.017680661007761955,0.503456711769104,0.2616900146007538,0.15740887224674224,0.17745867669582366,0.106934554874897,0.007676996849477291,0.4494791006669402
180,0.5444397807121277,0.273102331161499,0.1618703693151474,0.22647872865200042,0.10551821589469909,0.017749755829572677,0.5089025139808655,0.2685764253139496,0.14479172229766846,0.2021401345729828,0.09691231101751327,0.006499947141855955,0.4503441150300205
181,0.5587339758872986,0.27926077842712405,0.1627463310956955,0.24261969327926636,0.10540900081396103,0.017137421667575835,0.5030556082725525,0.2570236802101135,0.14700336158275604,0.208232843875885,0.09827933013439179,0.007449494209140539,0.46096502980217335
182,0.5384541034698487,0.270747447013855,0.15836973786354064,0.22693867981433868,0.10275408923625946,0.016496568359434603,0.4832602977752686,0.2517074108123779,0.14291916489601136,0.18600768446922303,0.09651261419057847,0.006039017252624035,0.43147848080843687
183,0.5491376280784607,0.27797197103500365,0.15980288088321687,0.2309284210205078,0.10327868759632111,0.01711374707520008,0.5337168157100678,0.2756045997142792,0.141819828748703,0.24051911234855652,0.0951954409480095,0.007455328106880188,0.4849897101521492
184,0.5365579009056092,0.2834222137928009,0.15854936838150024,0.19384797811508178,0.10291749089956284,0.019069188460707664,0.5090461611747742,0.270141476392746,0.1471239686012268,0.19359019696712493,0.09822365641593933,0.006559433694928884,0.44549725567922
185,0.545032513141632,0.2913957417011261,0.15567726790904998,0.20287187695503234,0.10058385729789734,0.01683306470513344,0.554091078042984,0.29419939815998075,0.15464037656784058,0.21697221398353578,0.10447756201028824,0.008030637167394161,0.48412078972905875
186,0.5494048595428467,0.2749858558177948,0.1675645500421524,0.2205063134431839,0.1089838907122612,0.016862857900559903,0.5289577722549439,0.2735885500907898,0.15276358425617217,0.21737918853759766,0.10016925185918808,0.007778750918805599,0.4780907755717635
187,0.5315076828002929,0.27161399722099305,0.1602727234363556,0.20649271309375763,0.10296415090560913,0.01745332609862089,0.4990172624588013,0.24832354187965394,0.14694176912307738,0.22180634140968322,0.0948147490620613,0.007517218217253685,0.4710800778120756
188,0.5672187805175781,0.2760058164596558,0.16487251222133636,0.26141664683818816,0.10518988519906998,0.017641403153538703,0.49260165095329284,0.25174216032028196,0.14750706553459167,0.19243483990430832,0.09981484860181808,0.00646045571193099,0.4462172097526491
189,0.5541121006011963,0.277693498134613,0.16107024550437926,0.2346808582544327,0.1050417810678482,0.016745954006910323,0.5269645094871521,0.2633092850446701,0.15170248746871948,0.2334793508052826,0.10063326507806777,0.006549178622663021,0.4923642819747329
190,0.5414049744606018,0.2780966877937317,0.15474919378757476,0.2229529321193695,0.09980146586894989,0.015853668190538885,0.5675873339176178,0.2760019838809967,0.14888002276420592,0.2948394030332565,0.0977835163474083,0.007902639638632535,0.5494055817835033
191,0.5552223682403564,0.28091933727264407,0.1582188218832016,0.23749936521053314,0.10209551453590393,0.016256241872906686,0.5578956007957458,0.2536507546901703,0.1616567850112915,0.2947442173957825,0.10706930011510848,0.0069775043055415155,0.570447806827724
192,0.5538785576820373,0.2741906464099884,0.1604984939098358,0.24157121777534485,0.10406548380851746,0.017226535268127917,0.5259119868278503,0.2580497235059738,0.14974926114082338,0.2400589942932129,0.10077304989099503,0.007863890938460827,0.49844519626349215
193,0.5474035978317261,0.2687153220176697,0.1598285287618637,0.24113772213459014,0.10371025502681733,0.01627762131392956,0.530505383014679,0.2627488076686859,0.14986057877540587,0.24073449969291688,0.1003621205687523,0.007285210676491261,0.49824240971356626
194,0.569202435016632,0.2921549558639526,0.1598830610513687,0.23656188547611237,0.10364599972963333,0.01718913409858942,0.555251669883728,0.26820715665817263,0.15401802062988282,0.2731946468353271,0.10266371369361878,0.0059285243973135945,0.5358049055561424
195,0.5495299577713013,0.28538923859596255,0.16042836010456085,0.20767274200916291,0.10477909594774246,0.017199891805648803,0.501938772201538,0.25004873275756834,0.1495555579662323,0.20882822275161744,0.10046201199293137,0.006537879444658756,0.46538367215543985
196,0.5396993577480316,0.2750895142555237,0.15442503094673157,0.22276381850242616,0.09959601908922196,0.016461906582117082,0.47865570783615113,0.25147218704223634,0.1445617288351059,0.16614857614040374,0.09877475500106811,0.005666659213602543,0.41515171919018035
197,0.5340658664703369,0.27738054394721984,0.15960812866687774,0.19428574293851852,0.1046101838350296,0.01553608924150467,0.51190544962883,0.2817849338054657,0.13949985504150392,0.18207573890686035,0.09420699328184128,0.007306915801018476,0.42308950303122406
198,0.544760525226593,0.2787975609302521,0.1560242235660553,0.2197068989276886,0.1019299492239952,0.015680769085884096,0.5079076766967774,0.27141293287277224,0.14323606193065644,0.18740558624267578,0.0972132757306099,0.006075151637196541,0.4339300755411386
199,0.5674731135368347,0.28147966861724855,0.1627729743719101,0.2442890077829361,0.10630196183919907,0.01791849695146084,0.5129326045513153,0.2609869956970215,0.14355365931987762,0.21843316406011581,0.0967220976948738,0.006312355026602745,0.46502127610147004
200,0.5433627367019653,0.2860221803188324,0.15787318646907805,0.1974552571773529,0.10314052253961563,0.016220897808670996,0.485956597328186,0.24751163721084596,0.1489492177963257,0.1761309564113617,0.10135543793439865,0.008678502216935158,0.43511411435902125
201,0.5490939974784851,0.27661747932434083,0.15740763545036315,0.23052255511283876,0.10179457813501358,0.016396773606538774,0.5061591744422913,0.26195910573005676,0.1391757607460022,0.20950293391942978,0.09379944950342178,0.007792912423610687,0.45027105659246447
202,0.5272145628929138,0.26650099754333495,0.15478117465972902,0.20990062057971953,0.10075957924127579,0.017138664796948432,0.4880154550075531,0.23630312085151672,0.1429096579551697,0.21876916885375977,0.09622258841991424,0.0064645325765013695,0.4643659478053451
203,0.5498728036880494,0.2804083347320557,0.15582801401615143,0.22767143249511718,0.10093857049942016,0.015883551351726054,0.4849862098693848,0.24395765662193297,0.14868853092193604,0.18537238836288453,0.10024850815534592,0.006974567007273435,0.44128399444743993
204,0.5137825071811676,0.2700557172298431,0.1495018184185028,0.184848552942276,0.09876141846179962,0.015381081402301789,0.5136029839515686,0.24302083253860474,0.14122512340545654,0.25820124745368955,0.09543892592191697,0.007350108958780766,0.5022154057398438
205,0.5259935021400451,0.26546583473682406,0.15303242802619935,0.21188438534736634,0.10092439502477646,0.015502661652863025,0.49234750866889954,0.2646331787109375,0.13365302681922914,0.18552563786506654,0.09202876538038254,0.005653686076402664,0.41686111614108085
206,0.5320434212684632,0.2776503384113312,0.15503889620304107,0.1954428881406784,0.10258823484182358,0.015143482200801372,0.5024379849433899,0.2583530068397522,0.1434268593788147,0.20049826800823212,0.09775550663471222,0.006104589533060789,0.44778522355481987
207,0.5532308459281922,0.27097561955451965,0.1628327637910843,0.23687470257282256,0.10675894469022751,0.016418154165148736,0.5008438408374787,0.2774007201194763,0.13942005336284638,0.16804056763648986,0.09447788149118423,0.006237867474555969,0.40817636996507645
208,0.5252807259559631,0.27064497470855714,0.15437009036540986,0.19764518439769746,0.10129068493843078,0.016422872990369798,0.4737457036972046,0.23317078948020936,0.13909016847610473,0.20120329558849334,0.09445551335811615,0.007581369113177061,0.44233034653589126
209,0.5225426375865936,0.26920728087425233,0.15759813785552979,0.1863495796918869,0.10482427924871444,0.016113690100610256,0.47076419591903684,0.24635039567947387,0.14465396702289582,0.15786938667297362,0.09872832149267197,0.006709181237965822,0.40796085642650726
210,0.5311685383319855,0.2827927529811859,0.1516529232263565,0.19045524001121522,0.09988242387771606,0.015539765357971191,0.4802424550056458,0.2600434422492981,0.1410537600517273,0.15559647977352142,0.0969437301158905,0.006281850393861532,0.3998758203350008
211,0.5239804506301879,0.2721920311450958,0.15432337522506714,0.19065003395080565,0.1021270751953125,0.016078611277043818,0.48907598853111267,0.24656276702880858,0.14980525970458985,0.18504206240177154,0.1016922116279602,0.006716814637184143,0.44325634837150574
212,0.51928790807724,0.2729193508625031,0.14506849348545076,0.19878727793693543,0.09530847817659378,0.016291792131960393,0.4748167753219604,0.23439520597457886,0.15830888748168945,0.16291290521621704,0.10866630673408509,0.005612334981560707,0.4355004344135523
213,0.523540997505188,0.2699172556400299,0.15665307641029358,0.19004035592079163,0.10379726886749267,0.015620775893330574,0.4629609644412994,0.24808233976364136,0.13725246787071227,0.1548095762729645,0.09311361759901046,0.0063690079376101496,0.3915446696802974
214,0.5515606045722962,0.28005715608596804,0.16034529507160186,0.21961243748664855,0.10553055852651597,0.016126170009374618,0.4989691436290741,0.254538494348526,0.14103831052780152,0.20612615942955018,0.09578024446964264,0.006551750935614109,0.44949646536260845
215,0.5149774491786957,0.2711570024490356,0.14871825873851777,0.1863058999180794,0.09886644929647445,0.014371172338724137,0.5039387047290802,0.25845771431922915,0.1518527925014496,0.1834897667169571,0.10477855056524277,0.006803448311984539,0.44692455809563403
216,0.5277160167694092,0.2854489028453827,0.1436776965856552,0.19216219782829286,0.09542606323957444,0.015313333831727505,0.5003407061100006,0.2608504414558411,0.14305765628814698,0.19330942630767822,0.0967493250966072,0.006337821856141091,0.4394542295485735
217,0.5282443284988403,0.2648262619972229,0.15237245261669158,0.21680301129817964,0.10063804239034653,0.01733354851603508,0.4860158383846283,0.2597949743270874,0.13479591459035872,0.18297548592090607,0.09087959378957748,0.006829493865370751,0.415480488166213
218,0.5183858394622802,0.26730492115020754,0.15398215055465697,0.19157569408416747,0.10084648728370667,0.016503888927400113,0.5093576669692993,0.24808981418609619,0.14320710003376008,0.2359708845615387,0.09690921753644943,0.006821995228528976,0.4829091973602772
219,0.5356227040290833,0.27614344358444215,0.15196557939052582,0.2132970154285431,0.09945751875638961,0.01556708961725235,0.48366957902908325,0.23617024421691896,0.1527903437614441,0.1877659261226654,0.10249213427305222,0.010574232414364814,0.4536226365715265
220,0.5309732317924499,0.28199454545974734,0.1488609492778778,0.19804085195064544,0.09735233038663864,0.01589525081217289,0.4688201904296875,0.2597454160451889,0.1370329111814499,0.14309682697057724,0.09348749220371247,0.005858022347092628,0.3794752527028322
221,0.5353169322013855,0.26966072916984557,0.16162153482437133,0.20837078988552094,0.10491011887788773,0.0161484282463789,0.5085888981819153,0.2441402405500412,0.1579936236143112,0.21750654876232148,0.10511626154184342,0.006362124811857939,0.486978558730334
222,0.5167332410812377,0.2695194959640503,0.1507791608572006,0.19177813827991486,0.09841432571411132,0.015353189036250114,0.5190962076187133,0.24540536403656005,0.15149494409561157,0.24653104543685914,0.10142964124679565,0.007094297464936972,0.5065499282442033
223,0.5243102669715881,0.2741380035877228,0.15214748084545135,0.1926203340291977,0.10035307258367539,0.01572963036596775,0.4878298223018646,0.26293379068374634,0.13895300775766373,0.1700708419084549,0.09546751528978348,0.005414416454732418,0.4099057814106345
224,0.5281463921070099,0.2712606191635132,0.15526176393032073,0.20137975811958314,0.10205170810222626,0.015131316520273686,0.5051965713500977,0.2549332737922668,0.14186401963233947,0.21711590886116028,0.09632363468408585,0.005645003076642752,0.4609485662542283
225,0.5116054475307464,0.26690941452980044,0.14810445308685302,0.19032296538352966,0.09765780717134476,0.014890793338418007,0.49810603857040403,0.23502670526504515,0.14376393854618072,0.23857197612524034,0.09791027456521988,0.0055078592151403425,0.4857540484517813
226,0.5422396302223206,0.27282844483852386,0.1559714376926422,0.22499802112579345,0.10219400078058243,0.01585347130894661,0.4915128707885742,0.2552500694990158,0.14310432672500611,0.18494440913200377,0.09815500825643539,0.005408591590821743,0.43161233570426705
227,0.5330167233943939,0.2625451356172562,0.15984076857566834,0.22173938155174255,0.103901007771492,0.015497334487736224,0.4613879084587097,0.22969187498092652,0.143270868062973,0.1764279305934906,0.0972184881567955,0.006564665958285332,0.42348195277154443
228,0.5266252040863038,0.26632013618946077,0.1489667296409607,0.22334837019443513,0.09722004532814026,0.013441627472639084,0.4974160432815552,0.2511945843696594,0.13573321104049682,0.22051599025726318,0.09237912744283676,0.005728734284639358,0.45435706302523615
229,0.5008820295333862,0.26437361538410187,0.14461368918418885,0.180518501996994,0.09568207114934921,0.014365963079035282,0.4426692485809326,0.23200713396072387,0.1286428302526474,0.16183876991271973,0.08869929760694503,0.004901169892400503,0.38408206766471265
230,0.5119494736194611,0.2702100872993469,0.1450491338968277,0.18905847072601317,0.09654181152582168,0.014307171665132045,0.4901586890220642,0.23574095964431763,0.14694435894489288,0.21198198795318604,0.10063660740852357,0.007413666322827339,0.4669766206294298
231,0.5234362483024597,0.26901615858078004,0.15322898626327514,0.1980712115764618,0.1015274316072464,0.015776691399514674,0.5159834146499633,0.24722020626068114,0.1555379867553711,0.22746845483779907,0.10441737174987793,0.007900365348905324,0.4953241786919534
232,0.5215728282928467,0.2717664301395416,0.15748173594474793,0.18145822882652282,0.10423872172832489,0.015188053622841835,0.4815015077590942,0.25988771915435793,0.12800262570381166,0.18477177023887634,0.08806125074625015,0.005531698744744062,0.4063673454336822
233,0.52379270195961,0.27681187391281126,0.14774122834205627,0.19491677284240722,0.09754281044006348,0.01531456708908081,0.49035154581069945,0.25937561988830565,0.13943111300468444,0.1830462321639061,0.09460406750440598,0.0060387996956706045,0.4231202123686671
234,0.5050904631614686,0.2635285347700119,0.15292991697788239,0.17293036431074144,0.10182774066925049,0.014780058152973652,0.49222704768180847,0.2427333414554596,0.13773956149816513,0.2240588426589966,0.09344952702522277,0.005385693348944187,0.46063362453132867
235,0.5248266577720642,0.26645309925079347,0.15362165570259095,0.20769582986831664,0.10118833184242249,0.014501633122563362,0.5042096138000488,0.2737913966178894,0.13820767402648926,0.18206148445606232,0.09487759917974473,0.006095108762383461,0.4212418664246797
236,0.5022277593612671,0.27029954791069033,0.1464390516281128,0.16680684685707092,0.09699798077344894,0.015190157853066922,0.5194637477397919,0.24489209055900574,0.15427481830120088,0.24056259989738465,0.10504490584135055,0.0059260836802423,0.5058084077201784
237,0.5183296918869018,0.2718332529067993,0.1568768262863159,0.17480031847953797,0.1042788103222847,0.015508816763758659,0.4900726914405823,0.2571044087409973,0.1501670479774475,0.16449269652366638,0.10248900502920151,0.0063655714504420756,0.4235143209807575
238,0.5109131932258606,0.27514126896858215,0.14619215428829194,0.17377721071243285,0.09754519909620285,0.014960945770144462,0.4996110796928406,0.23787317872047425,0.14886398315429689,0.2212344765663147,0.10259730070829391,0.007728346809744835,0.48042410723865037
239,0.5067426860332489,0.26356594562530516,0.14594722390174866,0.18952854871749877,0.09680998027324676,0.015636650659143925,0.45794296860694883,0.234416925907135,0.1326955258846283,0.17849667966365815,0.09202263504266739,0.004892831109464169,0.40810767170041795
240,0.5029107689857483,0.2610833942890167,0.14854372441768646,0.18172114789485933,0.09834467619657516,0.01611802577972412,0.4826467037200928,0.232070192694664,0.1435413122177124,0.21601684689521788,0.09717007726430893,0.0046712331473827366,0.46139946952462196
241,0.4945098578929901,0.2559803396463394,0.15045906901359557,0.17394541949033737,0.09918934106826782,0.01445948164910078,0.4497818052768707,0.23291270136833192,0.13379982113838196,0.1620648130774498,0.09270958304405212,0.00597433764487505,0.39454855490475893
242,0.48934165835380555,0.25475946962833407,0.14879246950149536,0.1692286103963852,0.0979833647608757,0.014693547412753106,0.44347293972969054,0.22886763215065004,0.14609892964363097,0.13458607196807862,0.10067663043737411,0.0056118924170732495,0.386973524466157
243,0.48992977738380433,0.26522374153137207,0.1477446049451828,0.15069105923175813,0.09775588363409042,0.014562472514808179,0.4598479032516479,0.2431102901697159,0.1458762764930725,0.13923407793045045,0.1005258709192276,0.005663658119738102,0.3912998834624887
244,0.4787790596485138,0.2533315896987915,0.1419438451528549,0.16331545114517212,0.0941702038049698,0.014072737656533718,0.4570080876350403,0.2628920257091522,0.11898520588874817,0.1470419093966484,0.08243542611598968,0.004928236734122038,0.3533907781355083
245,0.5268250465393066,0.2724149405956268,0.15267952680587768,0.20079012513160704,0.10058324784040451,0.015255880169570446,0.4826752722263336,0.24481847286224365,0.13999013900756835,0.19683004319667816,0.0943935751914978,0.006102289445698262,0.43731604684144254
246,0.5228821158409118,0.269530189037323,0.15265846848487855,0.2003658413887024,0.10010252594947815,0.014537878707051278,0.4941995859146118,0.24832056760787963,0.1530151903629303,0.18494100570678712,0.10471741259098052,0.005573055893182755,0.4482466645538807
247,0.5240842878818512,0.2631915032863617,0.15332114994525908,0.2139030247926712,0.10116541236639023,0.01355902198702097,0.5286404013633728,0.2432306408882141,0.15607181191444397,0.26336870193481443,0.10424710363149643,0.005313565209507942,0.5290011826902629
248,0.5145311117172241,0.26263872981071473,0.14748884439468385,0.20527332425117492,0.09789943993091584,0.01421929318457842,0.48824485540390017,0.25415095686912537,0.12680130302906037,0.21555749773979188,0.08569571524858474,0.005158105120062828,0.43321262113749986
249,0.49906021952629087,0.26134985089302065,0.14932370483875274,0.17363302111625672,0.09921802431344987,0.013757413998246194,0.4872501969337463,0.23602331876754762,0.1409376174211502,0.22007240056991578,0.09620904326438903,0.005400660820305348,0.4626197220757604
250,0.5046063959598541,0.26308304667472837,0.14504484534263612,0.19016865491867066,0.09611478000879288,0.013621562533080578,0.46058818101882937,0.22413199841976167,0.1492747664451599,0.17309351563453673,0.10235081017017364,0.005552354454994202,0.43027144670486445
251,0.503623777627945,0.2739096164703369,0.1441918432712555,0.16684428751468658,0.09648001194000244,0.013108900003135204,0.4788023352622986,0.240587455034256,0.1395290732383728,0.19444646537303925,0.09613929390907287,0.005987260118126869,0.4361020926386118
252,0.49048442840576173,0.2647526741027832,0.1454182207584381,0.1549452945590019,0.09759405702352524,0.014079161174595355,0.4446235716342926,0.22075676321983337,0.1387714073061943,0.16519582271575928,0.09681723415851592,0.005640460737049579,0.40642492491751914
253,0.4906962692737579,0.25804977416992186,0.14627191424369812,0.16773293316364288,0.09804321676492692,0.013710448145866394,0.4390328824520111,0.24677560925483705,0.12665071785449983,0.12485376447439193,0.08906863480806351,0.005533064715564251,0.3461061818525195
254,0.49413058161735535,0.2574440658092499,0.14905909299850464,0.17190386354923248,0.09909840375185013,0.013836943730711936,0.4605764031410217,0.2558321416378021,0.13764014840126038,0.12840353101491928,0.09624118655920029,0.0060184868983924385,0.3683033528737724
255,0.49081191420555115,0.26058358550071714,0.14463697075843812,0.16594255566596985,0.09670427143573761,0.014323380403220653,0.48151519894599915,0.24827126860618592,0.15455695390701293,0.15646135210990905,0.10599622577428817,0.005299863964319229,0.4223143957555294
256,0.49159631729125974,0.25617146492004395,0.14774599373340608,0.17198480516672135,0.09831308573484421,0.013591132126748562,0.46017736196517944,0.2270360291004181,0.1404919669032097,0.18649011552333833,0.09488148540258408,0.005734417214989662,0.4275979850441218
257,0.5129678606986999,0.27249775528907777,0.147364541888237,0.18349822759628295,0.09705051779747009,0.014922216162085533,0.482736337184906,0.25632508993148806,0.14683602452278138,0.1569240629673004,0.10106095373630523,0.005674895457923412,0.41049593668431045
258,0.4979168653488159,0.2615364074707031,0.1515369415283203,0.16640253365039825,0.10064663589000702,0.014142896793782712,0.46880474090576174,0.24558883905410767,0.1370227038860321,0.17043555974960328,0.09443407654762268,0.004914460331201553,0.4068068005144596
259,0.510848480463028,0.26749229431152344,0.15113488733768463,0.18179894983768463,0.09988074451684952,0.014470960013568401,0.4540886640548706,0.244001168012619,0.13631669878959657,0.1451291859149933,0.09410891681909561,0.005037951655685902,0.38059275317937136
260,0.47451492547988894,0.2635450422763824,0.14433757662773133,0.12866081148386002,0.09635383486747742,0.013968764059245586,0.46893088817596434,0.2430177867412567,0.1389385625720024,0.17165141105651854,0.09594493359327316,0.004921836778521538,0.4114567440003156
261,0.510117381811142,0.27021390199661255,0.1488739162683487,0.1779915511608124,0.09919598549604416,0.014099085889756679,0.48140320777893064,0.23327500224113465,0.1446564793586731,0.20521143078804016,0.09926514327526093,0.005720787309110164,0.45485384073108437
262,0.4831047058105469,0.2626118421554565,0.14284580051898957,0.14900979101657869,0.09611183255910874,0.014044765755534172,0.45502851605415345,0.24594497084617614,0.13521890044212342,0.14532826840877533,0.09290092885494232,0.005905635561794043,0.3793537332676351
263,0.500072854757309,0.26477935910224915,0.15298228859901428,0.15957531481981277,0.1021228089928627,0.014976707473397254,0.45201669335365297,0.23052994012832642,0.1433089256286621,0.15638407468795776,0.09793556779623032,0.004732897039502859,0.402361465152353
264,0.4896639049053192,0.26307788491249084,0.14727205634117127,0.1550419270992279,0.09798498302698136,0.01379692107439041,0.4570913314819336,0.23010193705558776,0.1471030056476593,0.15823101997375488,0.10097307711839676,0.005539829842746258,0.4118469325825572
265,0.494706803560257,0.2621056228876114,0.14739473760128022,0.16555043756961824,0.09861960113048554,0.013975866138935089,0.4953518509864807,0.25937228202819823,0.14265394806861878,0.18508033454418182,0.09812902063131332,0.005028345715254545,0.4308916489593685
266,0.4975330889225006,0.2601013660430908,0.14541531205177308,0.182300928235054,0.09627113342285157,0.012771080993115903,0.46695077419281006,0.2304323732852936,0.14555545449256896,0.17823702692985535,0.10103518515825272,0.00539613775908947,0.43022380433976654
267,0.49778929352760315,0.27001458704471587,0.14672301411628724,0.1573059543967247,0.09816587567329407,0.013877913914620876,0.43498064279556276,0.24515711665153503,0.12689656019210815,0.11981982588768006,0.08890313357114792,0.005883039720356464,0.3415025593712926
268,0.4893351972103119,0.26087782382965086,0.14405398666858674,0.16263570487499238,0.09680600464344025,0.014234649389982224,0.5010644137859345,0.23550087213516235,0.15420894473791122,0.22111735939979554,0.10612125247716904,0.00524179944768548,0.48668935606256125
269,0.49596303701400757,0.2598700225353241,0.14698239266872407,0.17373104989528657,0.09838732331991196,0.013490914180874825,0.45079485774040223,0.22663378119468688,0.13583578467369078,0.17529492378234862,0.09303381890058518,0.0054581333883106705,0.40962266074493525
270,0.4781470477581024,0.25655435025691986,0.1438337445259094,0.15005343556404113,0.0967193901538849,0.013392923027276992,0.46117435693740844,0.2544066488742828,0.1309415429830551,0.14812473058700562,0.09047369211912155,0.005898389499634504,0.3754383551888168
271,0.4870195508003235,0.2608714997768402,0.14698891639709472,0.15211580842733383,0.09903395324945449,0.013919026032090187,0.4638334572315216,0.24405173361301422,0.13328613340854645,0.17153504490852356,0.09128689020872116,0.0054829539731144905,0.40159102249890566
272,0.4819372773170471,0.2618336617946625,0.14471566677093506,0.1437509164214134,0.09783583730459214,0.013955220766365527,0.45166205167770385,0.23527852296829224,0.14008967876434325,0.1511934757232666,0.09602931290864944,0.005461175087839365,0.39277364248409874
273,0.4817712724208832,0.24918089509010316,0.15079015195369722,0.1616687923669815,0.09988217502832412,0.013273512199521064,0.43520147204399107,0.23678682446479798,0.13734350204467774,0.11926693320274354,0.09526210874319077,0.004631989262998104,0.3565045332536102
274,0.48475316166877747,0.2593724340200424,0.14505033791065217,0.15514254271984101,0.0975284606218338,0.013531769812107085,0.43174225091934204,0.22331725358963012,0.13046463429927826,0.1521538496017456,0.09071650207042695,0.004984379094094038,0.3783193650655448
275,0.486725378036499,0.26575627624988557,0.14639670848846437,0.14326827377080917,0.09867385476827621,0.013484185934066773,0.4423231303691864,0.2505440294742584,0.14026547074317933,0.09775476753711701,0.09806729406118393,0.005509563721716404,0.34159709606319666
276,0.48379339575767516,0.2615131616592407,0.14186153411865235,0.155023992061615,0.0949624627828598,0.014494606293737888,0.43295189142227175,0.24949673414230347,0.13147417902946473,0.09854054152965545,0.09219559729099273,0.0050940862856805325,0.3273044041357935
277,0.48869351744651796,0.26177738308906556,0.14499997198581696,0.1569308564066887,0.09756940603256226,0.01476264763623476,0.4552512526512146,0.24057788848876954,0.14102291464805602,0.14423230290412903,0.097429059445858,0.005642636492848396,0.3883269134908915
278,0.4925521075725555,0.25750555992126467,0.147941654920578,0.1701692521572113,0.09842768907546998,0.014303432404994964,0.4349332332611084,0.23958125710487366,0.13667300641536712,0.1104577362537384,0.09630554169416428,0.005631337873637676,0.34906762223690746
279,0.46862289905548093,0.25344447791576385,0.14332598447799683,0.13688165247440337,0.09684190601110458,0.013795764185488224,0.46530357003211975,0.2491765081882477,0.1400640845298767,0.14995212852954865,0.09651369303464889,0.005236111115664244,0.3917660172097385
280,0.49473313689231874,0.2691298097372055,0.146617528796196,0.15324753373861313,0.09780372828245162,0.014381133206188678,0.4294239282608032,0.24815475940704346,0.126406991481781,0.10540487617254257,0.08829952180385589,0.004690264910459518,0.324801654368639
281,0.4697150230407715,0.24877447485923768,0.14389441311359405,0.14871321320533754,0.09650095701217651,0.013829298689961434,0.4402478694915771,0.24074655771255493,0.14003173708915712,0.1143378496170044,0.09738433212041855,0.005877054668962956,0.35763097349554296
282,0.4867639303207397,0.26418653726577757,0.14470280110836028,0.15006760209798814,0.09739681333303452,0.013471884652972221,0.4534530401229858,0.23962182998657228,0.1323837399482727,0.15831649899482728,0.09212342351675033,0.005668866168707609,0.38849252862855793
283,0.47851633429527285,0.2577183246612549,0.14520471096038817,0.1459108456969261,0.09723606556653977,0.014090209268033504,0.46128750443458555,0.24892808198928834,0.1327574610710144,0.15454080402851106,0.09296544790267944,0.004592640232294798,0.38485635323449974
284,0.48414660096168516,0.26351130604743955,0.14971005022525788,0.13467346429824828,0.10123356729745865,0.014303945004940033,0.4417056739330292,0.24482020735740662,0.1285448908805847,0.13410483598709105,0.08912080824375153,0.0042975687887519595,0.35606810390017923
285,0.4713927090167999,0.2603502988815308,0.14428680539131164,0.12857814878225327,0.09667661637067795,0.013581324182450772,0.4959840476512909,0.24964510202407836,0.1489636182785034,0.19371169060468674,0.10211844146251678,0.005351066496223212,0.4501448168419301
286,0.47526111006736754,0.25831654071807864,0.14028891921043396,0.14848456382751465,0.0943715050816536,0.012488213926553726,0.45571733713150026,0.2423894464969635,0.12583665251731874,0.17077251076698302,0.08762742727994918,0.0051263743080198765,0.38936296487227084
287,0.4754565954208374,0.25921877324581144,0.14362593591213227,0.14061588943004608,0.09645962566137314,0.012764925137162209,0.43019097447395327,0.21587668359279633,0.14702814519405366,0.1279331550002098,0.10384148508310317,0.0047956245951354505,0.3835984098725021
288,0.4877916514873505,0.26575219035148623,0.14370716512203216,0.15057067424058915,0.09701208472251892,0.013259755074977874,0.43531590700149536,0.23033907413482665,0.14000726342201233,0.1266258418560028,0.09725010842084884,0.004823223687708378,0.3687064373865724
289,0.47612646222114563,0.25306631028652193,0.14713838398456575,0.14674656093120575,0.09862212389707566,0.013846466690301895,0.45916061401367186,0.23803519010543822,0.14877262711524963,0.13775039613246917,0.10522565543651581,0.004785533808171749,0.3965342124924064
290,0.4647582292556763,0.2509250819683075,0.14535706341266633,0.12995163053274156,0.0983823999762535,0.013735614717006683,0.43950770497322084,0.2530671328306198,0.13383718132972716,0.09940742552280427,0.09375693053007125,0.005657516699284315,0.332659054081887
291,0.46742692589759827,0.25083571672439575,0.1466871976852417,0.13417704552412033,0.09851685166358948,0.013959338702261449,0.442846018075943,0.23987021446228027,0.13099704384803773,0.13918070495128632,0.09153804779052735,0.00509660542011261,0.366812402009964
292,0.4803015530109406,0.26579450368881224,0.13996586799621583,0.14262400269508363,0.09427917897701263,0.013852193020284176,0.4467995226383209,0.22359067797660828,0.1387617588043213,0.16706372499465943,0.09584293067455292,0.004411009978502989,0.4060794244520366
293,0.486573189496994,0.25549520254135133,0.14565518200397493,0.16650097966194152,0.09742962568998337,0.013402635231614113,0.4297594606876373,0.23332396149635315,0.1289299562573433,0.12977829873561858,0.09054519534111023,0.004644387029111385,0.35389783736318353
294,0.4815619468688965,0.2658656597137451,0.14110090136528014,0.14458543360233306,0.09477407336235047,0.012598440051078796,0.47864724397659303,0.23079813718795777,0.1461508423089981,0.20102638006210327,0.10109275579452515,0.004795796796679496,0.45306577496230604
295,0.47118874192237853,0.2531939923763275,0.14913099706172944,0.13199929147958755,0.10009249299764633,0.014326596073806286,0.4124599635601044,0.2184082269668579,0.13933684527873993,0.10586875528097153,0.0966178834438324,0.005396823678165674,0.3472203076817096
296,0.46768460869789125,0.25562797784805297,0.14729992151260377,0.12389277964830399,0.09938957840204239,0.013061369396746158,0.43003747463226316,0.24113374650478364,0.1360908567905426,0.10040789246559143,0.09543697088956833,0.004871109034866095,0.3368068291805685
297,0.4639972925186157,0.25258575975894926,0.14714037775993347,0.12185241132974625,0.0999535009264946,0.012779420241713524,0.4408253252506256,0.2352592408657074,0.13930452167987822,0.12648963928222656,0.09796777814626693,0.005124252289533615,0.36888619139790535
298,0.46820024847984315,0.25007593631744385,0.14492632150650026,0.1405143365263939,0.0975847527384758,0.013609015941619873,0.44109454154968264,0.24320127964019775,0.14183089435100554,0.1075086236000061,0.09935365170240402,0.0044720184057950975,0.35316518805921077
299,0.4648550391197205,0.24891617596149446,0.14539797306060792,0.13675017058849334,0.09742626696825027,0.013036220148205758,0.4454144537448883,0.2424373984336853,0.1280016615986824,0.14630341529846191,0.08928510844707489,0.004279470071196556,0.3678696554154158
300,0.46739132404327394,0.24526447653770447,0.145098477602005,0.1494460880756378,0.09764165282249451,0.01246521957218647,0.4005687713623047,0.21054804623126983,0.14000105559825898,0.09574874639511108,0.09789180755615234,0.004508458403870463,0.33815006795339286
301,0.4796521008014679,0.26192174255847933,0.14591059684753419,0.13975793570280076,0.09723840206861496,0.013679600134491921,0.4244977653026581,0.22281069159507752,0.13698215037584305,0.12714333236217498,0.09468195140361786,0.004677576571702957,0.3634850107133389
302,0.4758210599422455,0.2638933718204498,0.14593262374401092,0.1263953596353531,0.09825051128864289,0.01339940745383501,0.44648072123527527,0.24720669090747832,0.13021149933338166,0.1340130791068077,0.09039001762866974,0.0056280925869941715,0.3602426886558533
303,0.48079754114151,0.2593398213386536,0.14517934620380402,0.14930022060871123,0.09627917408943176,0.013949255831539631,0.452201372385025,0.2579707592725754,0.13998579382896423,0.10455008149147034,0.09767582267522812,0.004568001255393028,0.34677969925105573
304,0.4982478678226471,0.26480592489242555,0.14383428692817687,0.17570434510707855,0.09564265012741088,0.013593685068190097,0.4608494758605957,0.2522804319858551,0.1424495220184326,0.12685616910457612,0.09968478530645371,0.005442581605166197,0.3744330580346286
305,0.4751726627349854,0.25278677940368655,0.14279792606830596,0.15346521735191346,0.09567046612501144,0.0142868610098958,0.4606237173080444,0.2499518632888794,0.12908458709716797,0.15865205526351928,0.09004012048244477,0.005160670448094607,0.3829374332912266
306,0.47990782260894777,0.26390616297721864,0.14473250806331633,0.1363804504275322,0.09770991206169129,0.01336353998631239,0.4561600863933563,0.2329096257686615,0.14539740085601807,0.1516426533460617,0.10099756568670273,0.005624713934957981,0.4036623338237405
307,0.46591206192970275,0.2591729909181595,0.1443990707397461,0.11987162232398987,0.09699725806713104,0.012972570955753326,0.41094101071357725,0.22211426496505737,0.13256666362285613,0.10856472849845886,0.09240274131298065,0.004743297304958105,0.3382774307392537
308,0.45270876288414,0.2490535408258438,0.14040394127368927,0.1198026791214943,0.09506723284721375,0.013130941614508628,0.4578588604927063,0.25622615218162537,0.1335874617099762,0.1302813172340393,0.09426057785749435,0.004310464113950729,0.3624398209154606
309,0.465298718214035,0.2571554869413376,0.1355225920677185,0.139511601626873,0.09112957566976547,0.013202173076570034,0.4204906105995178,0.21722673177719115,0.13869051337242128,0.12464937567710876,0.0966906115412712,0.005282871797680855,0.36531337238848205
310,0.46097313761711123,0.2479921191930771,0.1460312783718109,0.12797368317842484,0.09868656694889069,0.012996431812644005,0.4463204085826874,0.2343229591846466,0.14324453771114348,0.1329137623310089,0.10029837042093277,0.004537658765912056,0.3809943292289972
311,0.46426014304161073,0.251811346411705,0.14443497657775878,0.13248652666807176,0.09653744846582413,0.012675151415169238,0.401234632730484,0.23795030117034913,0.12407433986663818,0.07254578471183777,0.08736767917871475,0.00484294407069683,0.28883074782788754
312,0.470362114906311,0.2589946538209915,0.14152202010154724,0.13448169231414794,0.09555617272853852,0.012227660417556763,0.4508575677871704,0.2454992413520813,0.13468758165836334,0.13630858361721038,0.09448137134313583,0.00463274922221899,0.37011028584092853
313,0.45822673439979555,0.2572977185249329,0.14113471508026124,0.11208676695823669,0.09635634124279022,0.012377764657139778,0.45853726863861083,0.2563092470169067,0.1421222597360611,0.11245575547218323,0.10111750066280364,0.004491948708891869,0.36018746457993983
314,0.4520024716854095,0.2432589441537857,0.14116745293140412,0.12881191968917846,0.09559178501367568,0.012791095674037934,0.4315517008304596,0.2442382752895355,0.1268644005060196,0.11453198194503784,0.08945746272802353,0.005061288457363844,0.3359151336364448
315,0.4505331993103027,0.24961911737918854,0.13641174733638764,0.12185934334993362,0.09282232075929642,0.012477128207683564,0.4087248980998993,0.22487446665763855,0.12809457778930664,0.10575605034828187,0.09003435373306275,0.005019327159970999,0.32890430903062223
316,0.4572926044464111,0.2500846564769745,0.14574205875396729,0.11718486845493317,0.09850385636091233,0.012778064236044884,0.4245744585990906,0.23236013650894166,0.13642769455909728,0.10693590342998505,0.09574659615755081,0.0041428967379033566,0.3432530908845365
317,0.46742340326309206,0.2560063600540161,0.13934451937675477,0.13832968324422837,0.0937558501958847,0.013385983929038048,0.39784660935401917,0.20004425644874574,0.1407813921570778,0.11097863912582398,0.09764403700828553,0.004869148042052985,0.35427321633324027
318,0.44914435744285586,0.25253287255764006,0.13923387229442596,0.10602654814720154,0.09527352005243302,0.013109027221798897,0.43507260680198667,0.248852002620697,0.13029651939868928,0.10478683412075043,0.09251529574394227,0.004445868171751499,0.3320445174351335
319,0.4576068758964539,0.2543709933757782,0.13948364555835724,0.12196018546819687,0.09405425786972046,0.012712886184453964,0.4216702163219452,0.22920199930667878,0.13555874824523925,0.10428128242492676,0.09704440087080002,0.005231095943599939,0.342115527484566
320,0.4474729597568512,0.2496627688407898,0.1378064513206482,0.11253106445074082,0.09395623654127121,0.012492962926626206,0.38662418723106384,0.2214157521724701,0.12181823402643203,0.07965923249721527,0.0866803765296936,0.004305917210876942,0.29246376026421783
321,0.4618760168552399,0.2447397977113724,0.14295439720153807,0.14165878891944886,0.09686990827322006,0.013101172819733619,0.4424229562282562,0.21668000817298888,0.14666143655776978,0.1537569969892502,0.1025286540389061,0.004674727562814951,0.407621815148741
322,0.4627694070339203,0.24628702104091643,0.14314343631267548,0.14326943159103395,0.09536401480436325,0.013081216812133789,0.42840942144393923,0.23750998377799987,0.12893662452697754,0.1204046592116356,0.0896539717912674,0.004724322259426117,0.3437195777893066
323,0.45368653535842896,0.24948006570339204,0.14213283956050873,0.11783742159605026,0.09666834771633148,0.011959106475114823,0.41202240586280825,0.22774506211280823,0.1260612964630127,0.11009902954101562,0.08916621655225754,0.004486457817256451,0.3298130003735423
324,0.4504953444004059,0.250817608833313,0.14209692776203156,0.10518591254949569,0.0971764087677002,0.014558573439717292,0.38839350938796996,0.21852863430976868,0.1223461538553238,0.08746917843818665,0.08689429014921188,0.005064259096980095,0.30177388153970247
325,0.4521654784679413,0.2525674760341644,0.13642096817493438,0.11855927258729934,0.09316413402557373,0.012455866299569606,0.4033117651939392,0.22940373420715332,0.13123604655265808,0.07907506227493286,0.0928687497973442,0.004261853452771902,0.30744171207770704
326,0.4534046173095703,0.252056810259819,0.1395406484603882,0.11493826806545257,0.09568928629159927,0.012654397450387479,0.39984082579612734,0.2071980506181717,0.1359306424856186,0.10634523630142212,0.09606983810663224,0.0052422905340790745,0.34358800742775203
327,0.4396244704723358,0.2441244065761566,0.1379999577999115,0.10821491181850433,0.09348000586032867,0.013025227934122086,0.4174434781074524,0.22660330533981324,0.13108502328395844,0.11344448924064636,0.09212664812803269,0.005331467371433973,0.34198762802407146
328,0.45127936005592345,0.25166248381137846,0.1427775204181671,0.10550734698772431,0.09745334535837173,0.013153195753693581,0.41430811285972596,0.2394572377204895,0.12389633804559708,0.09358595013618469,0.08849772214889526,0.004782511852681637,0.31076252218335865
329,0.4594657838344574,0.2575029134750366,0.13974118530750274,0.1170301005244255,0.0952949047088623,0.012461107596755028,0.39760972261428834,0.22534860968589782,0.12876323461532593,0.08110954463481904,0.09109522104263305,0.0039642657153308395,0.30493226600810885
330,0.4444817125797272,0.2509388357400894,0.1368366986513138,0.1050304114818573,0.09378017783164978,0.012392946146428585,0.43232262134552,0.2446343868970871,0.1320759266614914,0.10469505041837693,0.09368388056755066,0.004068085830658675,0.33452294347807765
331,0.4409035861492157,0.24932412803173065,0.14029088616371155,0.09363432824611664,0.09653871208429336,0.012272639572620392,0.3867046594619751,0.22617116272449495,0.129451721906662,0.05274374783039093,0.09314490258693695,0.004362420830875635,0.2797027931548655
332,0.45009544491767883,0.2499515950679779,0.1378290742635727,0.11700119525194168,0.09373307079076768,0.013122918456792832,0.4134701728820801,0.23100894391536714,0.1371418982744217,0.08367027342319489,0.0970893606543541,0.004788324516266584,0.32268985686823726
333,0.4458203375339508,0.2570755183696747,0.13667598068714143,0.09855227917432785,0.0923222154378891,0.01228733342140913,0.40237348079681395,0.22861989736557006,0.13331453800201415,0.07615230828523636,0.0934871956706047,0.004391740914434195,0.3073457828722894
334,0.4589841961860657,0.2515357494354248,0.14499995708465577,0.12046812921762466,0.09712208211421966,0.013184595666825772,0.3992588043212891,0.20744106769561768,0.1409153312444687,0.09543901085853576,0.09928916394710541,0.005068884417414665,0.3407123904675245
335,0.4331998586654663,0.2415807992219925,0.13595970571041108,0.10564363747835159,0.09200757294893265,0.012003532610833645,0.4189710795879364,0.23486824631690978,0.1267237603664398,0.10809834003448486,0.08994633108377456,0.0041804127395153046,0.32894884422421455
336,0.44075003266334534,0.2469782143831253,0.14204908013343812,0.09781553596258163,0.09589216113090515,0.012714305333793164,0.4045125186443329,0.22847819924354554,0.12628720402717591,0.0948651522397995,0.08858098685741425,0.004269118746742606,0.3140024618711323
337,0.4501431405544281,0.25175939202308656,0.14325905442237855,0.10471169650554657,0.09694166332483292,0.012217048183083534,0.39021036028862,0.21342889666557313,0.12625797539949418,0.0953182503581047,0.08901096433401108,0.004467907920479774,0.31505509801208975
338,0.4328325927257538,0.24535182118415833,0.1359258383512497,0.09591699987649918,0.0922799825668335,0.012929067015647888,0.42270717620849607,0.22057211995124817,0.14217770993709564,0.11661458015441895,0.09881480634212494,0.0047192774713039395,0.3623263739049435
339,0.4469231367111206,0.24973838329315184,0.1392263799905777,0.10898537486791611,0.09453726708889007,0.012773778289556503,0.39679591059684755,0.22862381041049956,0.1306943416595459,0.06817404329776763,0.09282816499471665,0.004097215598449111,0.2957937655504793
340,0.4503963053226471,0.24653377532958984,0.13639704287052154,0.12908148318529128,0.09286113530397415,0.011083043366670608,0.4000855624675751,0.23890966773033143,0.12174689024686813,0.0707192525267601,0.08702642172574997,0.004531549429520965,0.28402411392889915
341,0.437381649017334,0.2474885493516922,0.13663118779659272,0.09910144656896591,0.0930555820465088,0.012594906613230705,0.3657501101493835,0.20271087288856507,0.11813471615314483,0.08341318964958191,0.08405413925647735,0.0036761723458766937,0.2892782174050808
342,0.45644356608390807,0.2523808479309082,0.13827316761016845,0.12347784638404846,0.09449338018894196,0.012696917168796062,0.4057112991809845,0.20584684014320373,0.13201259076595306,0.1322757676243782,0.09198204576969146,0.0042815066408365965,0.36055191080085935
343,0.44873449206352234,0.25067714750766756,0.13625546544790268,0.118057119846344,0.09243422001600266,0.011435838602483272,0.4007279396057129,0.22403011620044708,0.14039945602416992,0.06624873261898756,0.09934986680746079,0.004207526333630085,0.31020558178424834
344,0.45032148957252505,0.25568872392177583,0.1349607825279236,0.11321394145488739,0.09127078205347061,0.012533534318208694,0.40331017374992373,0.22793996930122376,0.13596569299697875,0.0708638772368431,0.0965759888291359,0.0051451768726110455,0.3085507359355688
345,0.4430228352546692,0.25375150740146635,0.13075439631938934,0.10976006835699081,0.08881923854351044,0.012691489793360234,0.40184600949287413,0.23076076209545135,0.12628569602966308,0.08065988719463349,0.09065437614917755,0.004430429823696613,0.30203038919717073
346,0.43342036604881284,0.23909486830234528,0.14366988837718964,0.0937457948923111,0.09823318421840668,0.012236863933503627,0.39288856387138366,0.2198345810174942,0.13111794590950013,0.07773238718509674,0.09287703484296798,0.003950697928667068,0.305678065866232
347,0.4460242211818695,0.24797024726867675,0.13815189898014069,0.1135624073445797,0.09385027587413788,0.011953843012452125,0.38102408647537234,0.22281479835510254,0.12155684530735016,0.06606483161449432,0.08672618716955185,0.003967226110398769,0.2783150902017951
348,0.4487599074840546,0.24263031482696534,0.14662692546844483,0.11178546547889709,0.09990522265434265,0.012687113136053085,0.400304901599884,0.22008943259716035,0.13110702335834504,0.09129198491573334,0.0932933196425438,0.0038881185464560986,0.31958044646307826
349,0.4449540853500366,0.2474745362997055,0.14239290058612825,0.10402746200561523,0.09635401070117951,0.012787877209484577,0.41586018204689024,0.22405490279197693,0.13870267271995546,0.09836295545101166,0.09814827293157577,0.005729425512254238,0.34094332661479715
350,0.44012290239334106,0.25753202438354494,0.13441792577505113,0.08910781741142274,0.09129339903593063,0.01283638495951891,0.41190369725227355,0.2403596520423889,0.13391545712947844,0.06543541848659515,0.09615647494792938,0.004990406893193721,0.3004977574571967
351,0.4358734905719757,0.24817608892917634,0.134297913312912,0.09802936911582946,0.09193226546049119,0.01292216032743454,0.4261993169784546,0.23134807646274566,0.13823795616626738,0.10584955662488937,0.09834395200014115,0.004222260974347592,0.3466537257656455
352,0.43904103636741637,0.24256128072738647,0.13353022038936616,0.11915999203920365,0.09074700772762298,0.01218735296279192,0.41273230910301206,0.24461938738822936,0.13096641898155212,0.06803651079535485,0.09288441091775894,0.0038406796753406524,0.29572802037000656
353,0.4424357831478119,0.2507230699062347,0.13543327450752257,0.10416011661291122,0.0929804116487503,0.012044509686529637,0.4252399981021881,0.24385722875595092,0.13035760521888734,0.09444192498922348,0.09277946650981903,0.004550069663673639,0.32212906638160355
354,0.43228806257247926,0.2496754288673401,0.13513430058956147,0.08768315538764,0.092295241355896,0.011871052533388137,0.4128680408000946,0.23166574835777282,0.13149208426475525,0.09207803308963776,0.09316893666982651,0.0050933750346302984,0.32183242905884984
355,0.4495797574520111,0.25302647352218627,0.13559307754039765,0.11398250758647918,0.0922830805182457,0.01320205833762884,0.4177518367767334,0.22587502002716064,0.1393659770488739,0.09832256138324738,0.09825928956270218,0.0052929030731320385,0.3412407310679555
356,0.44769508242607114,0.24404930770397187,0.14426413774490357,0.11175101697444915,0.09797931164503097,0.013023438677191735,0.4304657936096191,0.2465612143278122,0.1359262466430664,0.08583898991346359,0.09777869433164596,0.00485704280436039,0.32440097369253634
357,0.4390411555767059,0.26055167317390443,0.13043671250343322,0.08667556196451187,0.09020181000232697,0.011637772060930729,0.3698846876621246,0.2013191521167755,0.1301217257976532,0.06972631812095642,0.0926866039633751,0.0039584975689649585,0.2964931454509496
358,0.43096941113471987,0.2514010310173035,0.13546851575374602,0.08010053634643555,0.0928986594080925,0.011957798153162003,0.410081285238266,0.22799620032310486,0.1343766450881958,0.08823794722557068,0.09542544335126876,0.004455333761870861,0.3224953694269061
359,0.4234845459461212,0.24293044209480286,0.13189491927623748,0.08993262648582459,0.09016113877296447,0.011716344393789768,0.37361372709274293,0.22188151478767396,0.12214331775903702,0.05076271891593933,0.08775548040866851,0.0039047848433256148,0.26456630192697045
360,0.451681649684906,0.25332202613353727,0.13718313574790955,0.11570965349674225,0.09293833523988723,0.012823019735515117,0.42671794891357423,0.25486513376235964,0.1341829001903534,0.06680274903774261,0.09631731808185577,0.003758518025279045,0.3010614853352308
361,0.42365420460700987,0.2451743245124817,0.13258592039346695,0.08414628505706787,0.09065488278865814,0.011952134408056736,0.4043473958969116,0.22374409437179565,0.12920570969581605,0.09581069648265839,0.09189569056034089,0.00408107740804553,0.32099317414686085
362,0.43049502968788145,0.25698370933532716,0.13013965636491776,0.07880033105611801,0.08918871283531189,0.011761086247861385,0.3930221855640411,0.23673926591873168,0.12451445162296296,0.05551314875483513,0.08938544690608978,0.003573138266801834,0.2729861855506897
363,0.4400162935256958,0.24290671646595002,0.13979066014289857,0.10857645124197006,0.09484298825263977,0.01208233404904604,0.41138274073600767,0.2263594835996628,0.13579397797584533,0.09312132894992828,0.09587325900793076,0.0037022571079432963,0.3284908230416477
364,0.42680234313011167,0.2319941461086273,0.1411861002445221,0.1008600726723671,0.09591427296400071,0.012216121517121791,0.36990930438041686,0.20995981097221375,0.12363357245922088,0.06604579985141754,0.08761823028326035,0.004436540324240923,0.2817341429181397
365,0.43053547739982606,0.24730069041252137,0.13068899810314177,0.0968504674732685,0.0895199403166771,0.01216583177447319,0.42088034749031067,0.23493089079856871,0.14149233400821687,0.0825408637523651,0.1001276969909668,0.004207262676209212,0.32836815742775793
366,0.4327537417411804,0.24302047193050386,0.13512337803840638,0.10075250416994094,0.09262864887714387,0.012382707372307778,0.40038307905197146,0.22857458591461183,0.12598626911640168,0.08307098001241683,0.0902036800980568,0.004546871036291122,0.30380780026316645
367,0.43191173672676086,0.23373393416404725,0.13706741333007813,0.11457441300153733,0.09332450628280639,0.012891721352934838,0.37638017535209656,0.21128877401351928,0.13088888823986053,0.05960250198841095,0.09388562738895416,0.0042757346294820305,0.2886527522467077
368,0.45314023494720457,0.2605308175086975,0.14206403493881226,0.09286325052380562,0.09740405678749084,0.012309057079255581,0.38342838287353515,0.2139435589313507,0.1342603713274002,0.06206473410129547,0.09624032229185105,0.0038680384866893293,0.29643346620723604
369,0.4278457283973694,0.24211609959602357,0.13540170192718506,0.09274094104766846,0.09282964020967484,0.011818009428679943,0.38990776538848876,0.2249116539955139,0.12231270372867584,0.07774213999509812,0.08747573792934418,0.0039109680335968735,0.29144154968671504
370,0.43521589040756226,0.23963722586631775,0.14410102367401123,0.0952651709318161,0.09912790805101394,0.01117570698261261,0.39732698202133176,0.21516668796539307,0.14013569056987762,0.07573339492082595,0.10006070286035537,0.004384334152564407,0.32031412250362334
371,0.4151964545249939,0.23875728249549866,0.13634105324745177,0.07094062343239785,0.09409544616937637,0.011942206881940365,0.3853636682033539,0.22205874621868132,0.12903357595205306,0.06161227077245712,0.0918154776096344,0.003946468234062195,0.2864077925682068
372,0.44035072922706603,0.24653931260108947,0.1401798754930496,0.09897132515907288,0.09628875255584717,0.011966085806488991,0.3813944160938263,0.2123803436756134,0.1328381210565567,0.06179375648498535,0.09578363746404647,0.004964273609220982,0.29537978861480946
373,0.4311809420585632,0.24514248371124267,0.13714205473661423,0.08860690742731095,0.094557723402977,0.012069322727620601,0.3911285221576691,0.22589147090911865,0.12210491299629211,0.0796590268611908,0.08675698041915894,0.00403815764002502,0.2925590779166669
374,0.41665351390838623,0.2385046511888504,0.13453268110752106,0.07855167686939239,0.0926163598895073,0.011793754808604718,0.39957908987998964,0.2412898063659668,0.12136738598346711,0.06531773731112481,0.08730924874544144,0.0038218744099140166,0.27781624644994735
375,0.4391059339046478,0.2581407606601715,0.133906352519989,0.08533274233341218,0.09230390936136246,0.011645964346826077,0.3849982857704163,0.2203425109386444,0.13071975111961365,0.059229353442788124,0.09386959224939347,0.003911167196929455,0.2877298640087247
376,0.4324005126953125,0.2521940380334854,0.13366624861955642,0.08429727852344512,0.09214891791343689,0.011618074215948581,0.3820237576961517,0.2214621603488922,0.1244520902633667,0.06187981963157654,0.08981178402900696,0.00494857169687748,0.2810922656208277
377,0.433462119102478,0.24396677911281586,0.1373037189245224,0.09408413916826248,0.0948373794555664,0.012849560007452965,0.4103346824645996,0.2549412906169891,0.12544389963150024,0.050936628878116605,0.09029468148946762,0.003994461894035339,0.2706696718931198
378,0.42615051865577697,0.24654420018196105,0.1351933479309082,0.08121322840452194,0.09257594794034958,0.011731483787298203,0.4088206231594086,0.2251279830932617,0.1367426484823227,0.08778560757637024,0.09691974073648453,0.0037146191112697124,0.3251626159064472
379,0.43061272501945497,0.2437087446451187,0.13812974989414215,0.08965325206518174,0.09427285790443421,0.012731114774942398,0.39917256236076354,0.22785167694091796,0.1257041573524475,0.08561835289001465,0.088967727124691,0.003665520343929529,0.3039557577110827
380,0.4374303877353668,0.24610678255558013,0.13646145164966583,0.10299982726573945,0.09293107390403747,0.011908377148211002,0.3816599607467651,0.21305254399776458,0.12085627317428589,0.08714143335819244,0.08663511127233506,0.004289437457919121,0.29892225526273253
381,0.4408434987068176,0.254832324385643,0.136757293343544,0.0903773032128811,0.09370967894792556,0.012171264551579953,0.39823287129402163,0.22882817983627318,0.12384120225906373,0.08280616402626037,0.08913858979940414,0.003421321278437972,0.2992072773631662
382,0.41828476786613467,0.23183431923389436,0.1384574741125107,0.08736883699893952,0.09484757930040359,0.012762394361197948,0.3946698784828186,0.23674846291542054,0.12245454639196396,0.06158808395266533,0.08838472217321396,0.004012569691985846,0.27643992220982905
383,0.43165949583053587,0.24808036983013154,0.13275793939828873,0.09230479896068573,0.09150670170783996,0.01218528337776661,0.4213082313537598,0.25395962595939636,0.13641443252563476,0.050559728592634204,0.09917593002319336,0.00393691761419177,0.29008700875565413
384,0.4247567534446716,0.24613870680332184,0.1337244376540184,0.08233046680688857,0.09178347736597062,0.011104010976850986,0.36309942603111267,0.21094117164611817,0.11383376270532608,0.06856302917003632,0.08185651302337646,0.0037401983048766852,0.2679935032036156
385,0.42082024216651914,0.24683895707130432,0.12960049211978913,0.08074284940958024,0.08885471671819686,0.011750015057623386,0.38883771896362307,0.22156108617782594,0.1292726367712021,0.06851463317871094,0.09245547503232956,0.0035641077440232037,0.2938068527262658
386,0.42049290537834166,0.24594920575618745,0.13336159586906432,0.07455173283815383,0.09158138036727906,0.01135594230145216,0.40005619525909425,0.23531991839408875,0.12757956981658936,0.06561272218823433,0.09150249660015106,0.0043071283027529715,0.28900191690772775
387,0.4203662872314453,0.24520834386348725,0.13106234818696977,0.08083657026290894,0.08943294733762741,0.011976033821702004,0.4030497074127197,0.23469594717025757,0.12668112218379973,0.07644088566303253,0.08997412472963333,0.004309734143316746,0.29740586671978236
388,0.4220937669277191,0.24960792660713196,0.13329352736473082,0.0691361002624035,0.09205733090639115,0.011744771525263787,0.42911646962165834,0.22595980763435364,0.14098912477493286,0.11799895465373993,0.09953245520591736,0.00465596942231059,0.3631765040569008
389,0.4235507309436798,0.2477205663919449,0.13461964726448059,0.074000284075737,0.09269772320985795,0.011492816172540188,0.3627480387687683,0.20784896612167358,0.12302422970533371,0.05482321083545685,0.08828078657388687,0.004598827008157969,0.2707270541228354
390,0.41995447874069214,0.24396556615829468,0.13475322127342224,0.07334163933992385,0.09288658797740937,0.012011056207120419,0.3868139564990997,0.2348014235496521,0.11802687048912049,0.05883761569857597,0.0853717178106308,0.0036278707906603814,0.26586407478898766
391,0.40781351923942566,0.23471628725528718,0.13617129027843475,0.06402330324053765,0.09447778165340423,0.011512796953320503,0.35281034708023074,0.21068911850452424,0.11446336805820465,0.04697814434766769,0.08230364769697189,0.003979013254866004,0.24772417335771024
392,0.41862125396728517,0.24502825140953063,0.13591406643390655,0.06477484181523323,0.09373733550310134,0.013388046063482761,0.39514427781105044,0.23269383311271669,0.12425363659858704,0.06886634901165962,0.08863503336906434,0.004212291538715362,0.2859673105180264
393,0.4072473466396332,0.23400764167308807,0.1325250044465065,0.0724407561123371,0.09127001166343689,0.011983634158968925,0.3835570752620697,0.22232669591903687,0.12251923382282257,0.06792159080505371,0.08872557282447815,0.003576473891735077,0.2827428713440895
394,0.4201543390750885,0.24429183602333068,0.13329923450946807,0.07792986035346985,0.09115134328603744,0.011512916721403598,0.37441840171813967,0.2200323075056076,0.12329087853431701,0.056106967478990556,0.08749327808618546,0.003704148717224598,0.2705952728167176
395,0.4343777000904083,0.2469420462846756,0.14189601242542266,0.08394215106964112,0.09729041308164596,0.011210742592811584,0.39250058531761167,0.23732384741306306,0.13404683619737626,0.03331995457410812,0.09633469134569168,0.003936020284891128,0.2676375024020672
396,0.4070610761642456,0.23771726489067077,0.12938423752784728,0.07074635326862336,0.08912923336029052,0.012052260711789132,0.4180390954017639,0.24825879335403442,0.1280629277229309,0.07317625358700752,0.09306860566139222,0.0034093628637492657,0.2977171498350799
397,0.40897983908653257,0.24170725047588348,0.13127079606056213,0.06327820643782615,0.09047772735357285,0.011549024656414986,0.38734707832336424,0.20767551958560942,0.13320039361715316,0.08493538349866867,0.09495667219161988,0.004574189148843289,0.317666638456285
398,0.41087629795074465,0.2389669120311737,0.1300747886300087,0.07436318770051002,0.09010701775550842,0.011196661554276944,0.381245893239975,0.21862006783485413,0.12790996581315994,0.05912640541791916,0.0924622431397438,0.004454762255772948,0.28395337662659587
399,0.41349939703941346,0.2359500288963318,0.13705300390720368,0.07126216739416122,0.09495248645544052,0.011699799448251724,0.40406933426856995,0.2415347218513489,0.12627928406000138,0.06452107429504395,0.09048333019018173,0.0038139106705784797,0.2850975992158055
400,0.4125175476074219,0.23660171926021575,0.13484664261341095,0.07306942194700242,0.0927426815032959,0.012368887849152087,0.370432710647583,0.2260909080505371,0.12601654529571532,0.02815720923244953,0.09065586924552918,0.0036047068424522877,0.2484343306161463
401,0.39861918687820436,0.23663071990013124,0.12718177139759063,0.06042159646749497,0.08801755905151368,0.011211149021983146,0.3915232360363007,0.2277279794216156,0.13001669943332672,0.05844564139842987,0.0937530130147934,0.0036288080736994743,0.2858441619202495
402,0.4157002329826355,0.23152360916137696,0.13798487186431885,0.08336911648511887,0.0953727513551712,0.011447693966329098,0.3981154501438141,0.22211916148662567,0.1336931049823761,0.07590999007225037,0.09609043598175049,0.003685865178704262,0.30937939621508126
403,0.41216211318969725,0.2369089961051941,0.13224314153194427,0.0781369999051094,0.09056331664323806,0.011896713264286518,0.40505722165107727,0.22767501473426818,0.13631674349308015,0.07339011281728744,0.09783265143632888,0.003918961994349957,0.3114584697410464
404,0.43348172307014465,0.24660054743289947,0.14103662371635436,0.0838235706090927,0.0968267023563385,0.011663398332893848,0.39464510083198545,0.2228478968143463,0.13809556066989898,0.05919551402330399,0.09872883558273315,0.004083860060200095,0.3001037703361362
405,0.42438641786575315,0.24779215157032014,0.1314636141061783,0.08059598207473755,0.09097108840942383,0.011772208288311959,0.3899534046649933,0.2359776973724365,0.11881122589111329,0.061489738523960114,0.08581526726484298,0.003544331481680274,0.26966056316159664
406,0.41114004850387575,0.24039938449859619,0.12975946068763733,0.07237003669142723,0.09014128744602204,0.010973027534782886,0.3913046956062317,0.2331898868083954,0.12853932976722718,0.04823705330491066,0.09363492578268051,0.0035990568809211253,0.27401036573573945
407,0.41044376492500306,0.2369689702987671,0.13180338442325593,0.07341799885034561,0.0915126547217369,0.011424272134900094,0.3805712878704071,0.2391294002532959,0.12198554426431656,0.029755639284849165,0.08821890503168106,0.003498988412320614,0.24345907699316738
408,0.41218039989471433,0.24047685861587526,0.13206625878810882,0.06960625797510148,0.09119520634412766,0.01217065155506134,0.38094804883003236,0.2369873344898224,0.12237188220024109,0.03488924950361252,0.08796849399805069,0.00367205492220819,0.2489016806241125
409,0.41777334809303285,0.24545938074588775,0.13237406462430953,0.07126798406243325,0.09119999706745148,0.011535503342747689,0.37432610988616943,0.2109793394804001,0.12872570455074311,0.06141699403524399,0.09223689138889313,0.0035673472099006175,0.2859469371847808
410,0.420290869474411,0.2466069281101227,0.13254396617412567,0.07271961122751236,0.09171837121248246,0.011685123853385448,0.4027384877204895,0.23248782753944397,0.1340528517961502,0.0608702689409256,0.09764748215675353,0.003904368868097663,0.29647497176192694
411,0.41969128847122195,0.23748333156108856,0.1363254964351654,0.08315033316612244,0.09388871192932129,0.011692896671593189,0.3676261007785797,0.21533471941947938,0.11839487552642822,0.05843011438846588,0.08566252142190933,0.0037906534969806673,0.2662781648337841
412,0.41298619508743284,0.24062024652957917,0.13572532534599305,0.06363542079925537,0.0940766379237175,0.011507987976074219,0.38444364070892334,0.22696506083011628,0.1178879052400589,0.07196255028247833,0.08415922969579696,0.00394335687160492,0.2779530420899391
413,0.4268792331218719,0.2424386590719223,0.13698922991752624,0.08514572381973266,0.09481242150068284,0.011917031556367873,0.35438454151153564,0.1996402233839035,0.12260666191577911,0.05392734743654728,0.08900707364082336,0.003983161225914955,0.2695242442190647
414,0.4082169830799103,0.2388635754585266,0.1294982299208641,0.07043331190943718,0.08966144323348998,0.011251676082611083,0.3767416179180145,0.2228520095348358,0.12995762825012208,0.03843313250690698,0.0936035841703415,0.004164301929995418,0.26615864685736595
415,0.4114285111427307,0.23901794850826263,0.13232097625732422,0.07081211656332016,0.0915498748421669,0.011516641266644001,0.375589120388031,0.21476495862007142,0.13361020088195802,0.043127992749214174,0.09741751998662948,0.0035191466100513934,0.27767486022785304
416,0.4180731475353241,0.24709680080413818,0.13092321157455444,0.07093447968363761,0.09049266874790192,0.011478948965668678,0.3754587650299072,0.2221198320388794,0.11845126748085022,0.0615435853600502,0.08536015599966049,0.003343227878212929,0.26869823671877385
417,0.4100314438343048,0.23974512815475463,0.1311991482973099,0.06799549981951714,0.091606105864048,0.01064545027911663,0.39665918350219725,0.23815838098526002,0.12857520282268525,0.04987417161464691,0.09309372901916504,0.0037948522716760636,0.2753379557281733
418,0.4144244372844696,0.23323849141597747,0.13625571727752686,0.08065915703773499,0.09443401992321014,0.011091240122914315,0.36912825107574465,0.21876855790615082,0.12455582916736603,0.04321316182613373,0.08970420509576797,0.0033642955124378203,0.26083749160170555
419,0.41143994927406313,0.24302332997322082,0.13171748518943788,0.06308622807264327,0.09161065220832824,0.011495199240744113,0.4009787142276764,0.23068138360977172,0.13404354453086853,0.06283802390098572,0.09685720950365066,0.003616074984893203,0.2973548529203981
420,0.41640264391899107,0.23631154000759125,0.1365583449602127,0.07816590517759323,0.0947392001748085,0.010602899454534053,0.3711941659450531,0.22337756156921387,0.12064470052719116,0.042634331807494166,0.08824548572301864,0.00412108413875103,0.255645602196455
421,0.40023226141929624,0.2336673766374588,0.12902005463838578,0.06583258360624314,0.08913658112287522,0.011611995846033096,0.37411577701568605,0.21421057283878325,0.12507976442575455,0.06185556054115295,0.08962683528661727,0.0036533001810312273,0.280215460434556
422,0.41482511162757874,0.23329821825027466,0.1382746309041977,0.07759939059615135,0.09549102187156677,0.011507574282586575,0.369767302274704,0.2162606805562973,0.11838995218276978,0.05966291502118111,0.0862446278333664,0.0038271140307188033,0.26812460906803603
423,0.4043990969657898,0.23511286675930024,0.1314801901578903,0.06614085063338279,0.09111340641975403,0.011316675506532193,0.3762106955051422,0.23454998731613158,0.11558206528425216,0.0417093001306057,0.0842046320438385,0.003853632276877761,0.24534962973557414
424,0.40671982765197756,0.2384737491607666,0.1291119635105133,0.0693470373749733,0.08935123234987259,0.010975495539605617,0.37178576588630674,0.217190620303154,0.12704140543937684,0.042163684219121936,0.09332327097654343,0.004155229590833187,0.2666835902258754
425,0.4058388650417328,0.2342434912919998,0.13324251621961594,0.06812385097146034,0.09230340868234635,0.01051455046981573,0.35686386823654176,0.21991049945354463,0.11596293896436691,0.031796525791287424,0.08449770212173462,0.0035370531491935252,0.23579422002658249
426,0.4024376034736633,0.23866598606109618,0.13163317739963531,0.05447196364402771,0.09148763418197632,0.011116054840385914,0.3911182999610901,0.22681795954704284,0.12849138379096986,0.06349847465753555,0.09190861433744431,0.0041901029646396635,0.2880885757505894
427,0.4072252631187439,0.2326706051826477,0.1359691321849823,0.06822446435689926,0.09371106624603272,0.011881226301193237,0.39136525988578796,0.22941609621047973,0.12198685556650161,0.06940270513296128,0.08881777375936509,0.003667898243293166,0.2838752327021211
428,0.40743972063064576,0.23863692283630372,0.13330583274364471,0.06147960871458054,0.09227413833141326,0.011594194546341896,0.38437973856925967,0.2208449810743332,0.13155853152275085,0.05405397117137909,0.0950285404920578,0.0040233419742435215,0.2846643851604313
429,0.40522451400756837,0.23010639548301698,0.13358092308044434,0.07374495267868042,0.09222576767206192,0.011891215667128563,0.37955601811408995,0.22912582755088806,0.12240033149719239,0.04697829484939575,0.08852366805076599,0.003394566010683775,0.2612968604080379
430,0.41013445854187014,0.23598766028881074,0.1344732642173767,0.0693514734506607,0.09331433475017548,0.011629481799900532,0.39605978727340696,0.24039191007614136,0.121057790517807,0.06134098023176193,0.08694731444120407,0.003465496189892292,0.2728115813806653
431,0.41770931482315066,0.2544054687023163,0.12792295813560486,0.06154419779777527,0.08879583328962326,0.01071806401014328,0.38958187103271485,0.24387840330600738,0.12492796927690505,0.03265148401260376,0.09014780670404435,0.0035030960105359556,0.2512303560040891
432,0.41123620271682737,0.24563724994659425,0.13074779212474824,0.05952890142798424,0.09105263799428939,0.011115019954741002,0.3844641149044037,0.23175446093082427,0.1198103055357933,0.05538106858730316,0.08703161925077438,0.004088847991079092,0.26631184136494995
433,0.40335275530815123,0.23622715175151826,0.12899082005023957,0.0671803705394268,0.0894395351409912,0.010797266848385334,0.3688418805599213,0.22170245051383972,0.12064898908138275,0.04252978563308716,0.08769509643316269,0.0039694400038570166,0.2548433111514896
434,0.4070046603679657,0.23424877226352692,0.13387033045291902,0.06960076540708542,0.09205335974693299,0.011482094600796699,0.41040725708007814,0.23434478640556336,0.13373844623565673,0.07412888258695602,0.09684337973594666,0.004066279716789722,0.30877698827534916
435,0.4031502068042755,0.2376221239566803,0.13018090426921844,0.06124708727002144,0.09030621498823166,0.011088082753121852,0.3526216626167297,0.19678046703338622,0.13241302073001862,0.03629027605056763,0.09618144780397415,0.0035814403556287287,0.26846618494018915
436,0.40538536906242373,0.23236605226993562,0.13235920220613479,0.07258898094296455,0.09154984056949615,0.010934428684413433,0.3860421717166901,0.2264774739742279,0.12913961410522462,0.05169665217399597,0.09312053322792054,0.003707913588732481,0.2776647130958736
437,0.4064121961593628,0.24240806996822356,0.133114293217659,0.051936108618974686,0.0927235245704651,0.010756495036184787,0.3671021819114685,0.2156084179878235,0.12476791441440582,0.04317508488893509,0.09074247032403945,0.0034667359199374915,0.2621522055473179
438,0.3969596326351166,0.23396362662315368,0.12856196612119675,0.059336069226264956,0.08920798748731613,0.011102787032723428,0.3592531502246857,0.21758173108100892,0.11817744076251983,0.03590370714664459,0.08639213293790818,0.003748384304344654,0.24422166515141727
439,0.40355114340782167,0.2336012452840805,0.13629072904586792,0.05745045393705368,0.0944871112704277,0.011700665019452572,0.38310601115226744,0.22823295891284942,0.13008905649185182,0.040559571236371994,0.09376536905765534,0.0036023764871060847,0.2680163732729853
440,0.40804948210716246,0.23513901829719544,0.13658378422260284,0.06330560371279717,0.09470368474721909,0.011157689243555069,0.3737140655517578,0.21947811245918275,0.12974575459957122,0.03826605081558228,0.09439875334501266,0.00356088075786829,0.2659714395180345
441,0.40469969511032106,0.24166678190231322,0.12839957177639008,0.05813848525285721,0.09002991020679474,0.010827758722007275,0.3683783531188965,0.2119433641433716,0.12429523468017578,0.05284173339605332,0.09069494754076005,0.00406124135479331,0.27189315697178246
442,0.3967931687831879,0.22821892499923707,0.1312565177679062,0.06402630731463432,0.09157034605741501,0.01122756376862526,0.3753499209880829,0.22974960803985595,0.11872972398996354,0.044502198696136475,0.08583508133888244,0.0037904800847172737,0.2528574841096997
443,0.3989091992378235,0.23659551739692689,0.1353381648659706,0.04408735483884811,0.09433856904506684,0.010659956000745296,0.36174205541610716,0.2214187353849411,0.11289673447608947,0.04488876983523369,0.08216018676757812,0.003699407447129488,0.24364509852603078
444,0.39604180455207827,0.23357742428779601,0.12866430431604386,0.05894607678055763,0.08896858543157578,0.010846922732889652,0.3696723997592926,0.21884570121765137,0.1261953204870224,0.03780270218849182,0.09238608032464982,0.003361382242292166,0.25974548524245616
445,0.40900627970695497,0.24302156865596772,0.12764616310596466,0.0660961039364338,0.08937814980745315,0.010529309511184692,0.3722545087337494,0.2282936692237854,0.12251721620559693,0.03160339891910553,0.08956597447395324,0.0036759684793651105,0.2473625580780208
446,0.4032609939575195,0.23487017452716827,0.1313955157995224,0.06375565379858017,0.09163824319839478,0.010912205465137959,0.38025106191635133,0.22561928629875183,0.12066976130008697,0.05864909589290619,0.08729616850614548,0.0036202057730406524,0.2702352314721793
447,0.40623548030853274,0.2407410353422165,0.1323811501264572,0.05604461506009102,0.09216642230749131,0.011182725802063942,0.33342124819755553,0.20116253495216369,0.11256785988807679,0.030161349475383757,0.08175259679555893,0.0033101520966738462,0.22779195825569332
448,0.41197018027305604,0.2424404054880142,0.12795990854501724,0.0740088015794754,0.0885125756263733,0.011249647848308087,0.37869580984115603,0.22098106741905213,0.12968758046627044,0.04890143573284149,0.09268392622470856,0.003347626840695739,0.2746205692645162
449,0.4062405049800873,0.24470825791358947,0.12457455396652221,0.06403582692146301,0.08676143288612366,0.010761058144271373,0.3664474546909332,0.22341448664665223,0.12259636521339416,0.0310994490981102,0.08927412778139114,0.0028603976592421533,0.24583033975213767
450,0.3933599412441254,0.23441278338432311,0.1254483312368393,0.055947361141443254,0.08749357759952545,0.011690808087587356,0.36639776825904846,0.2118719696998596,0.1270900011062622,0.04613548517227173,0.09164183586835861,0.003378447238355875,0.26824576938524847
451,0.40711772441864014,0.23725267946720124,0.13645921945571898,0.05698885470628738,0.09475320130586624,0.011359325423836709,0.3756336271762848,0.23386453688144684,0.1207325741648674,0.031779559701681136,0.08805150389671326,0.0032159989699721337,0.24377963673323394
452,0.403753274679184,0.23371774852275848,0.1321413993835449,0.06743506640195847,0.09087905287742615,0.01159305777400732,0.33775405287742616,0.18339914679527283,0.12706410884857178,0.04528820514678955,0.09200175851583481,0.003179564047604799,0.2675336365588009
453,0.39969438314437866,0.23924574255943298,0.1291118636727333,0.05339374095201492,0.08969668596982956,0.010643028467893601,0.36683663725852966,0.21667343378067017,0.12139624655246735,0.04826297610998154,0.08783736526966095,0.0035509318113327026,0.26104751974344254
454,0.38197014331817625,0.22663722336292266,0.12782711684703826,0.04468823634088039,0.08920160979032517,0.010878130793571472,0.3531969845294952,0.21223978698253632,0.11964935958385467,0.030953770875930785,0.08780460059642792,0.0035618058405816554,0.24196953689679504
455,0.4042004644870758,0.24029487669467925,0.12957130670547484,0.05774729698896408,0.09087885171175003,0.010563376545906066,0.38540855050086975,0.2225559175014496,0.13320830166339875,0.048768585175275804,0.09670258313417435,0.0036065693013370035,0.2822860392741859
456,0.39540079832077024,0.23791514039039613,0.12802201509475708,0.048059792071580884,0.0897368147969246,0.010624667070806027,0.36981189250946045,0.22728101015090943,0.11432292610406876,0.046311669051647186,0.08338595181703568,0.0033844093792140483,0.24740495635196566
457,0.40384517312049867,0.23369174003601073,0.13316611349582672,0.06369095295667648,0.09263344407081604,0.011449338868260384,0.36318638920783997,0.20992691218852996,0.12408405095338822,0.048508825898170474,0.09005454480648041,0.0034506024792790415,0.26609802413731815
458,0.4008761942386627,0.23401334285736083,0.13416320979595184,0.05560264140367508,0.0931088775396347,0.011407364159822464,0.3743093252182007,0.23023316264152527,0.12259519100189209,0.034146988019347194,0.0884351223707199,0.0035779401659965515,0.24875524155795573
459,0.3862914204597473,0.2323100745677948,0.12354753017425538,0.05117313340306282,0.08582043200731278,0.01102018766105175,0.36992521286010743,0.22455050349235534,0.11979810446500778,0.04328506216406822,0.0860613077878952,0.0034628431778401135,0.2526073175948113
460,0.3937738656997681,0.23223899602890014,0.12624282240867615,0.06105340421199799,0.0879760131239891,0.010318606346845626,0.35350172519683837,0.19872657656669618,0.1294327884912491,0.04139702282845974,0.09359691143035889,0.0032997668720781805,0.2677264896221459
461,0.39303776025772097,0.22965702712535857,0.13136767745018005,0.05391415506601334,0.0915080726146698,0.011010547541081906,0.36775986552238465,0.22004275321960448,0.12054640501737594,0.04446571990847588,0.08768210709095,0.003276433888822794,0.2559706659056247
462,0.39813232421875,0.2289878875017166,0.13431627452373504,0.05993214249610901,0.09316459596157074,0.01143776774406433,0.3555166065692902,0.21270236372947693,0.11252951622009277,0.051320013403892514,0.08170467019081115,0.0033814117312431337,0.24893561154603958
463,0.4083175003528595,0.23996909856796264,0.13279625326395034,0.06167120859026909,0.09207295924425125,0.011201916821300983,0.3657840728759766,0.2111259549856186,0.12359990030527115,0.052840732783079145,0.08946875035762787,0.003378050774335861,0.269287434220314
464,0.39778379201889036,0.23042783737182618,0.13142769634723664,0.06223004162311554,0.0914409726858139,0.010743309743702412,0.37906798124313357,0.23104915022850037,0.11892176866531372,0.04745196253061294,0.08689545840024948,0.0034417147748172284,0.2567109043709934
465,0.404722261428833,0.24316091537475587,0.1301047533750534,0.05289416387677193,0.09056079536676406,0.011044083349406719,0.3427490830421448,0.20584142804145814,0.11795889288187027,0.026513289660215378,0.08654415011405944,0.0034383547957986594,0.23445468745194376
466,0.39682809114456175,0.23513709604740143,0.12877009361982344,0.055769115686416626,0.08965530842542649,0.011040222086012363,0.37516455054283143,0.23045530915260315,0.12134047299623489,0.036961888521909715,0.08803918212652206,0.0035739797633141277,0.24991552340798082
467,0.3926158964633942,0.23641666471958162,0.12549108117818833,0.051069678366184236,0.08765696436166763,0.010720222257077694,0.366730672121048,0.21380132734775542,0.11907653957605362,0.05759571418166161,0.08664229363203049,0.0035324650816619396,0.26684701247140763
468,0.3943705976009369,0.2397844523191452,0.12528237998485564,0.04814165085554123,0.08742287606000901,0.011015456728637218,0.3893504738807678,0.22193291187286376,0.13290947377681733,0.059824278205633165,0.09570019096136093,0.00386479627341032,0.2922987392172217
469,0.398895663022995,0.23402711749076843,0.1298550009727478,0.06042221859097481,0.09021836221218109,0.010965136997401714,0.35708936452865603,0.21033687889575958,0.11990945339202881,0.04329688251018524,0.08748620748519897,0.0032899997197091578,0.2539825431071222
470,0.3924222230911255,0.23142718374729157,0.1284904047846794,0.053448877111077306,0.0902432605624199,0.010960430279374123,0.35242379903793336,0.21008441746234893,0.12241518497467041,0.02702256292104721,0.0903852790594101,0.0034365560859441757,0.2432595830410719
471,0.3942911088466644,0.2447600245475769,0.12190710753202438,0.04446823000907898,0.08545172810554505,0.01054621823132038,0.37607383728027344,0.22444656491279602,0.12633322775363923,0.040935483574867246,0.09162560552358627,0.003267914615571499,0.26216223146766426
472,0.40927494168281553,0.24576780796051026,0.13207184374332429,0.052128580212593076,0.09202480912208558,0.011592954583466052,0.3642305076122284,0.22890307307243346,0.11927740275859833,0.02068088874220848,0.08753444403409957,0.0033386254217475653,0.23083136095665394
473,0.389346718788147,0.2315647006034851,0.1300276905298233,0.04376310259103775,0.09120421558618545,0.011375879123806953,0.3562768757343292,0.2178262948989868,0.11816467493772506,0.030500389635562897,0.08621048182249069,0.0030809435062110423,0.2379564899019897
474,0.3998160779476166,0.23525606095790863,0.13126962780952453,0.057341518253087996,0.09122805148363114,0.010560610890388488,0.383325457572937,0.2308182507753372,0.1197884738445282,0.05633135437965393,0.08665402829647065,0.0035019530914723873,0.26627580961212516
475,0.40387049317359924,0.244234299659729,0.1260365590453148,0.05628716796636581,0.0882918044924736,0.010779657773673535,0.3532825350761414,0.2159486949443817,0.11747025400400161,0.03033638447523117,0.08533361703157424,0.0031818591058254244,0.23632211461663244
476,0.39335532784461974,0.23413316905498505,0.12852799743413926,0.05054720714688301,0.08989878892898559,0.010982730612158775,0.3713888883590698,0.2134278655052185,0.12451766431331635,0.056496568769216535,0.0906730830669403,0.0033686917275190355,0.2750560078769922
477,0.3989270806312561,0.23311235010623932,0.1301338106393814,0.06070162132382393,0.09081827849149704,0.011210983619093895,0.35531302690505984,0.21299428641796112,0.11418761610984803,0.04606059715151787,0.08355685323476791,0.00295055634342134,0.24675562283955516
478,0.3868800520896912,0.2318800300359726,0.12635091990232467,0.0479310043156147,0.08796779662370682,0.010322914272546769,0.37190346121788026,0.21354527473449708,0.13152999877929689,0.041620920225977895,0.09619030952453614,0.003796854428946972,0.27313808295875786
479,0.41016398668289183,0.2374076724052429,0.13288769423961638,0.07035730332136154,0.09239589571952819,0.010630912333726882,0.365533185005188,0.2233957290649414,0.12181611806154251,0.029225578904151915,0.08939682692289352,0.0031659872736781837,0.2436045111622661
480,0.3985329449176788,0.2365795761346817,0.12899020165205002,0.055905235931277275,0.08993466943502426,0.010738027282059193,0.36012856364250184,0.2187698155641556,0.11906292140483857,0.035696616396307945,0.08635095655918121,0.0028811859898269176,0.24399168035015464
481,0.398304694890976,0.23574450314044954,0.1284908890724182,0.05789374634623527,0.08975180834531785,0.010628475993871688,0.33853964805603026,0.2062240570783615,0.11782186329364777,0.01733081415295601,0.08658473044633866,0.003437800006940961,0.2251752078998834
482,0.384882378578186,0.22436893582344056,0.12983388006687163,0.04924533739686012,0.09124534875154496,0.011390497721731663,0.3674891471862793,0.2095335304737091,0.1301986575126648,0.045849104225635526,0.09427355378866195,0.003395880479365587,0.2737171960063278
483,0.4006654620170593,0.23261938989162445,0.13285440802574158,0.06071718633174896,0.09234868884086608,0.010964903607964515,0.37874037623405454,0.22830718159675598,0.13033604621887207,0.029239908419549467,0.09497399777173995,0.0034768196754157545,0.2580267720855772
484,0.3897737801074982,0.23350924551486968,0.12490096539258957,0.051815862953662875,0.08753146082162858,0.010709708370268346,0.37026029229164126,0.21078536808490753,0.13215793371200563,0.04250272214412689,0.09678408354520798,0.0035841581877321003,0.2750288975890726
485,0.3873166561126709,0.22907379865646363,0.12903360277414322,0.048402132093906404,0.08982686847448348,0.011009653657674789,0.35705708861351015,0.21208770871162413,0.12118450701236724,0.037503456324338914,0.08831817358732223,0.0030882332473993303,0.2500943701714277
486,0.4084841191768646,0.2445971727371216,0.12862502187490463,0.06090180724859238,0.0897675946354866,0.01016186699271202,0.37854105830192564,0.24088487029075623,0.1185090720653534,0.0296710304915905,0.08584694862365723,0.0028420097660273314,0.23686906094662846
487,0.39304584860801695,0.23890184462070466,0.12372401058673858,0.05122818872332573,0.0864687755703926,0.00988785494118929,0.37205511927604673,0.23043044209480285,0.12449151873588563,0.02336258292198181,0.09097242504358291,0.0032469847239553927,0.24207351142540576
488,0.41184101700782777,0.24919973611831664,0.1281084433197975,0.05903041437268257,0.08934595286846161,0.010695182532072068,0.37780390977859496,0.213239324092865,0.12955915331840515,0.06039305031299591,0.09396784007549286,0.0030649507418274878,0.28698499444872144
489,0.39382581114768983,0.23382913172245026,0.13348259031772614,0.04145060777664185,0.09376215785741807,0.010928886570036411,0.35867584943771363,0.21702340245246887,0.12323397994041443,0.027816959470510483,0.0891394004225731,0.0032687879167497156,0.24345912775024775
490,0.37991477847099303,0.22142156958580017,0.12573646903038024,0.05336685031652451,0.0882599413394928,0.011657821387052536,0.37296984195709226,0.23298117220401765,0.1156067579984665,0.037840995192527774,0.08463971614837647,0.003492873441427946,0.2415803427807987
491,0.38599886298179625,0.23517785370349883,0.12274761945009231,0.04521186612546444,0.08626677095890045,0.010248032584786414,0.36192397475242616,0.22274284362792968,0.11980692744255066,0.028555601090192794,0.08725559562444687,0.003411353379487991,0.23902947753667833
492,0.39440897703170774,0.23004213273525237,0.13323620110750198,0.051166309416294097,0.09347374737262726,0.010678155720233918,0.36248735785484315,0.21660104393959045,0.12264353930950164,0.036089687049388884,0.0893760547041893,0.003344731731340289,0.25145401279442015
493,0.39524731040000916,0.23034551739692688,0.13145770728588105,0.05839972719550133,0.09125870615243911,0.010011824034154414,0.3481794834136963,0.21082772612571715,0.11623110622167587,0.03163675330579281,0.08499161452054978,0.003344881907105446,0.23620435595512387
494,0.38995495438575745,0.23451473712921142,0.126786445081234,0.04697686806321144,0.08872551321983338,0.01038064993917942,0.3656729102134705,0.22216580510139466,0.12250000238418579,0.030714450776576994,0.08969697505235671,0.0034058135002851485,0.24631724171340466
495,0.3868653655052185,0.22426166236400605,0.13019779175519944,0.05496517941355705,0.09051863551139831,0.011086254753172398,0.3624386012554169,0.207898610830307,0.12520655989646912,0.04870512932538986,0.09092220515012742,0.003406476369127631,0.268240370741114
496,0.40235115885734557,0.23514942824840546,0.1294945329427719,0.06441071704030037,0.09047101736068726,0.0113539919257164,0.33078553676605227,0.19409051537513733,0.11261240094900131,0.03797909319400787,0.08233151137828827,0.0031804577447474003,0.23610346326604487
497,0.3983060300350189,0.23863300085067748,0.12640230357646942,0.056494152545928954,0.08797159194946289,0.011067356914281845,0.37526712417602537,0.23455020189285278,0.12186146527528763,0.025993913412094116,0.08946388065814972,0.0033953541424125433,0.240714613487944
498,0.3921142816543579,0.2388012170791626,0.12837291657924652,0.03848031237721443,0.089978688955307,0.011164671182632447,0.34071319103240966,0.20723384618759155,0.11483319103717804,0.02672833725810051,0.08408403545618057,0.0031623832881450655,0.22880794703960416
499,0.38792518377304075,0.23281050622463226,0.12726828157901765,0.04512632116675377,0.08909764140844345,0.01054678186774254,0.36382112503051756,0.2168670415878296,0.12662393450737,0.028622655570507048,0.09291621148586274,0.003478730469942093,0.2516415320336819
500,0.3886501967906952,0.23711094558238982,0.1255521610379219,0.04102144315838814,0.08803342580795288,0.010658912733197213,0.37727853655815125,0.22339599430561066,0.12714696675539017,0.04175277203321457,0.09314659535884857,0.0034309332724660633,0.2654772674199194
501,0.3914939403533936,0.23226638734340668,0.12645412981510162,0.05601508542895317,0.08801342993974685,0.01054067499935627,0.36250023245811464,0.21125041246414183,0.12095896005630494,0.04960242435336113,0.08859559744596482,0.003130645863711834,0.26228762771934266
502,0.39379591345787046,0.2323306232690811,0.1295207917690277,0.05317997708916664,0.09091175347566605,0.010214616172015667,0.3564565598964691,0.20763422250747682,0.11998391151428223,0.04616919904947281,0.08785071521997452,0.003783714585006237,0.2577875403687358
503,0.3859888017177582,0.23045083582401277,0.12562479376792907,0.04916814714670181,0.088038170337677,0.01045655868947506,0.36808189153671267,0.22996743619441987,0.11476555615663528,0.03497063964605331,0.0845397338271141,0.0033194310031831264,0.23759536063298584
504,0.3957862198352814,0.23492556512355806,0.13009930551052093,0.05135051086544991,0.09094494730234146,0.010421337001025677,0.38721647262573244,0.23160205781459808,0.12813848555088042,0.043653810024261476,0.09361839145421982,0.003455111663788557,0.26886579869315025
505,0.39417687654495237,0.2269319474697113,0.13298117518424987,0.05829598978161812,0.09286028444766999,0.010684596374630928,0.36559970378875734,0.2173844814300537,0.11622218936681747,0.053939661383628844,0.08444350808858872,0.0038704503327608108,0.2584758091717958
506,0.4050663590431213,0.23957476317882537,0.13365039527416228,0.0528049036860466,0.0937768965959549,0.010434232838451862,0.3282921969890594,0.19713731110095978,0.10800786018371582,0.03412013798952103,0.08021214455366135,0.002960617234930396,0.2253007599618286
507,0.3907949388027191,0.22492899894714355,0.13372537195682527,0.05429229885339737,0.09304946810007095,0.011105448566377163,0.3623285412788391,0.21500498056411743,0.11794021278619767,0.048798751458525656,0.0859421893954277,0.00319986823014915,0.2558810218703002
508,0.3993591070175171,0.24546590447425842,0.12370881885290146,0.04994802176952362,0.08662168234586716,0.010369724966585636,0.3608884930610657,0.205965256690979,0.12460301518440246,0.049612339586019516,0.0911342978477478,0.003203718503937125,0.2685533711221069
509,0.3980642259120941,0.23729253709316253,0.12964500188827516,0.05214909315109253,0.09057376086711884,0.01045975238084793,0.3670157968997955,0.21572706699371338,0.12054988890886306,0.05007099062204361,0.08853586614131928,0.0031047472264617683,0.26226149289868766
510,0.40036905407905576,0.23387449085712433,0.13022301197052003,0.061989576369524,0.09118905365467071,0.010487622208893299,0.36697696447372435,0.2257821261882782,0.12017563879489898,0.02926979959011078,0.08881202340126038,0.0033904187381267547,0.2416478805243969
511,0.3840505838394165,0.23050310909748079,0.12669584453105925,0.04356019198894501,0.08832560628652572,0.010866068676114083,0.3790736496448517,0.2093709349632263,0.14026277959346772,0.04745248854160309,0.10196219384670258,0.00387085503898561,0.29354831702075895
512,0.38841363191604616,0.2338046431541443,0.12935855239629745,0.03953887932002544,0.09062254875898361,0.010818852111697197,0.35474605560302735,0.20966050624847413,0.12268109917640686,0.0343877449631691,0.08960495591163635,0.0029647651128470896,0.2496385651640594
513,0.38514713644981385,0.22371600568294525,0.12941504567861556,0.05223065689206123,0.0910027876496315,0.010976983979344369,0.38458533883094786,0.21547107100486756,0.12375103980302811,0.08186900615692139,0.08930604308843612,0.003496766183525324,0.2984228552319109
514,0.38559362292289734,0.2360943466424942,0.12468608468770981,0.0390205230563879,0.08738176971673965,0.010402823984622955,0.3715365469455719,0.2244884729385376,0.12406664192676545,0.034033602476119994,0.09137176871299743,0.002879048464819789,0.25235106158070264
515,0.39121597409248354,0.23262437880039216,0.12572011947631836,0.05561319440603256,0.08777226954698562,0.01059336233884096,0.3577078878879547,0.22255943715572357,0.1118939071893692,0.03570500239729881,0.08223428130149842,0.0029869819059967994,0.23282017279416325
516,0.3826838850975037,0.22728642523288728,0.12585490345954894,0.048270388320088384,0.08811398297548294,0.01078361589461565,0.33999588489532473,0.19585899114608765,0.12147181034088135,0.03493131622672081,0.0886322170495987,0.0031949642580002546,0.24823030787520112
517,0.3909592509269714,0.23282427191734315,0.12591416835784913,0.05456739291548729,0.08783730268478393,0.010479458421468735,0.3370903432369232,0.19881150126457214,0.11692197024822235,0.030778707563877107,0.08615160137414932,0.003322603553533554,0.23717488273978232
518,0.3852085292339325,0.23289036452770234,0.1257544070482254,0.04251365512609482,0.08814562559127807,0.010378776304423808,0.37249725461006167,0.21318328976631165,0.13515140414237975,0.037127147614955905,0.0985666885972023,0.0032765320502221584,0.2741217724047601
519,0.39325515627861024,0.23106606900691987,0.12736595124006272,0.0589835986495018,0.08931131362915039,0.010352344997227193,0.3605830311775208,0.22392995953559874,0.11527235507965088,0.03232835084199905,0.08414354920387268,0.0035272388719022273,0.23527149399742484
520,0.4069597959518433,0.24551810920238495,0.13329431861639024,0.04518852010369301,0.09332115054130555,0.011075938493013382,0.3611920356750488,0.2234983652830124,0.11733507812023163,0.02886187732219696,0.0866517722606659,0.0028208720963448287,0.2356695997994393
521,0.37258132100105285,0.21760765910148622,0.1282898873090744,0.04176364988088608,0.0903248056769371,0.010560159385204316,0.3622845530509949,0.21642407178878784,0.12235012948513031,0.03550106883049011,0.08973595947027206,0.0033378859516233206,0.2509250437375158
522,0.3929971277713776,0.2346835970878601,0.1267152711749077,0.05339929386973381,0.08827384859323502,0.010650912113487721,0.3796230912208557,0.23789454400539398,0.11979234218597412,0.033499222993850705,0.08742972314357758,0.003223038837313652,0.24394432716071607
523,0.3945196092128754,0.23368220031261444,0.13188920617103578,0.046522772312164305,0.09206106215715408,0.01189641673117876,0.3392958104610443,0.20419084429740905,0.1196499913930893,0.018835196644067763,0.08825649172067643,0.003071743994951248,0.22981342375278474
524,0.40071991086006165,0.23723789155483246,0.1337764322757721,0.047796988487243654,0.09417838156223297,0.010544421710073948,0.36525644063949586,0.22892364859580994,0.1185164362192154,0.02345215678215027,0.08757378906011581,0.002955984091386199,0.23249836615286767
525,0.3872437596321106,0.23289823532104492,0.12649791985750197,0.04475592449307442,0.0887575164437294,0.010521350055932998,0.34540569186210635,0.20909835696220397,0.11855047941207886,0.023817171715199946,0.08719837069511413,0.0032704045064747334,0.23283642632886767
526,0.38388978838920595,0.23318527936935424,0.12328078597784042,0.0433627687394619,0.08690821677446366,0.010261320695281028,0.3703649938106537,0.22247234284877776,0.1238086998462677,0.039686807245016095,0.08946480005979537,0.0028836173471063374,0.25584392449818555
527,0.3918285250663757,0.23915719985961914,0.126916366815567,0.040097006410360334,0.08920912444591522,0.010677574388682842,0.34136042594909666,0.2163116902112961,0.11000018119812012,0.019913825392723083,0.08056651949882507,0.0030504421796649695,0.21353096826933324
528,0.3797237157821655,0.2268427789211273,0.12553038746118544,0.04262046255171299,0.08852497488260269,0.01077322531491518,0.3614685833454132,0.22179843187332154,0.1183940052986145,0.031972236931324005,0.08667101711034775,0.002989631239324808,0.24002689057961105
529,0.3756028234958649,0.2215258628129959,0.12524125427007676,0.04759360700845718,0.08729200214147567,0.010831542685627938,0.34588574767112734,0.19801648259162902,0.12442601025104523,0.03650124818086624,0.09073917269706726,0.0031033001840114595,0.2547697313129902
530,0.38707647323608396,0.229837504029274,0.1285715341567993,0.04657750427722931,0.09003053903579712,0.010696443915367126,0.37060450911521914,0.22013073563575744,0.12245182991027832,0.046760617196559905,0.08882576078176499,0.003064284473657608,0.2611024923622608
531,0.38240972757339475,0.22688774168491363,0.12775917947292328,0.04480158984661102,0.08956491202116013,0.01045704074203968,0.34327700138092043,0.1974838137626648,0.12391989827156066,0.03210802003741264,0.09099132120609284,0.0031437558121979237,0.2501629953272641
532,0.3888444721698761,0.23660223484039306,0.127023583650589,0.03818228766322136,0.08928511291742325,0.011517820134758949,0.35795756578445437,0.2238163322210312,0.11612391173839569,0.024639414995908736,0.08561829477548599,0.0027321340050548313,0.22911375551484525
533,0.3813317358493805,0.22959999442100526,0.1280639261007309,0.03575923144817352,0.0900042176246643,0.010857460647821426,0.36260596513748167,0.2087213635444641,0.12399809658527375,0.04911656677722931,0.09060814827680588,0.003037431975826621,0.26676024361513556
534,0.39018750190734863,0.2309441328048706,0.13089220821857453,0.04641721621155739,0.091562220454216,0.01040975134819746,0.3335651636123657,0.19667154550552368,0.11374430656433106,0.03490529656410217,0.08374136388301849,0.00315264742821455,0.2355436144396663
535,0.3906105995178223,0.23663583993911744,0.12518355697393418,0.04680513814091682,0.08785537481307984,0.010323519445955753,0.3578594982624054,0.2080096036195755,0.13118960857391357,0.025273811630904676,0.09633408486843109,0.0030440043192356825,0.255841509392485
536,0.3822160422801971,0.23448791205883027,0.12313607931137086,0.03764528632164001,0.08681075423955917,0.010307807847857476,0.379179847240448,0.237030491232872,0.11625916659832,0.041345585510134696,0.08524708449840546,0.002703414298593998,0.24555525090545416
537,0.3892092764377594,0.2330559402704239,0.1276378631591797,0.04686414524912834,0.08928910940885544,0.010281577520072461,0.35958831906318667,0.21461066007614135,0.12730016708374023,0.02324259653687477,0.0935631200671196,0.0032063946593552826,0.2473122783470899
538,0.3909751772880554,0.23059131503105162,0.12618537545204161,0.057741590589284894,0.08847774416208268,0.010359411500394345,0.35462948083877566,0.20203996896743776,0.12747629582881928,0.03739013671875,0.09421206414699554,0.0028789488598704336,0.2619574455544353
539,0.40641040802001954,0.2460549533367157,0.12868062555789947,0.05315901786088943,0.089912910759449,0.010517694056034088,0.37246517539024354,0.2258830726146698,0.12415232062339783,0.033461975306272505,0.09082268923521042,0.0035654533188790084,0.25200243848375975
540,0.3849209904670715,0.2313878357410431,0.12867824882268905,0.038416271656751634,0.0904726043343544,0.010497880913317204,0.3502285063266754,0.21145924627780915,0.11448346078395844,0.03742289245128631,0.08423755466938018,0.002950437366962433,0.23909434527158738
541,0.39645555019378664,0.23720759749412537,0.12658033072948455,0.05416482165455818,0.08868833780288696,0.011006211675703526,0.3478686809539795,0.21537383198738097,0.11369657069444657,0.026898983120918273,0.08350956588983535,0.0028536170721054077,0.2269587367773056
542,0.38501139879226687,0.2309949815273285,0.12678332179784774,0.04324322193861008,0.08917199075222015,0.010375620797276497,0.372502988576889,0.22814447581768035,0.12434135675430298,0.02870091199874878,0.09111947864294052,0.0031723606400191782,0.24733410803601147
543,0.3867673397064209,0.23012710809707643,0.1258285626769066,0.05013518705964089,0.08826560080051422,0.011116895452141761,0.38373778462409974,0.2280871033668518,0.12609380185604097,0.04705794602632522,0.09290673583745956,0.002773644356057048,0.2688321280758828
544,0.39334061145782473,0.23293841779232025,0.13041613698005677,0.05027591660618782,0.09078481644392014,0.010709158703684806,0.3598507702350616,0.2216206043958664,0.11845999360084533,0.026646863669157028,0.08781158179044724,0.0031142645981162786,0.23603270365856588
545,0.39288092851638795,0.23684144020080566,0.12597852498292922,0.049800509214401247,0.08806607872247696,0.010559175908565522,0.3525290548801422,0.20380860269069673,0.12410366237163543,0.03860896229743958,0.0906119093298912,0.003145872475579381,0.2564704064745456
546,0.39847410321235655,0.23626607656478882,0.12992559671401976,0.052861244231462476,0.09129879623651505,0.0110018540173769,0.3724240005016327,0.21881960034370423,0.12348829805850983,0.050104424357414246,0.09007409363985061,0.002863195538520813,0.2665300115942955
547,0.37931881546974183,0.22136722803115844,0.12605533748865128,0.05374040156602859,0.08820574134588241,0.010118064656853675,0.3514154672622681,0.20051612257957457,0.11769144833087922,0.05505185984075069,0.08644318878650666,0.0032455489039421082,0.2624320458620787
548,0.3989002645015717,0.23967756628990172,0.1306525081396103,0.04571540281176567,0.091924948990345,0.010488592274487018,0.35111011266708375,0.21179723143577575,0.12071797847747803,0.025688781589269637,0.08887426853179932,0.0027576431166380644,0.23803867171518506
549,0.40087642073631286,0.24507944881916047,0.1270829290151596,0.04763972759246826,0.08890383392572403,0.009896782785654068,0.36959720253944395,0.22608630061149598,0.12216998934745789,0.032280883938074115,0.08926739543676376,0.0029041754081845284,0.2466224441304803
550,0.38855714201927183,0.23036743104457855,0.131204092502594,0.04351811110973358,0.09194884896278381,0.0102411650121212,0.3704409897327423,0.204884272813797,0.12939610481262206,0.06278585493564606,0.09356881976127625,0.0035522565711289646,0.2893030360806733
551,0.39153488874435427,0.23329176604747773,0.12826395481824876,0.04967208355665207,0.08942329734563828,0.011009171232581138,0.3371924102306366,0.20063192248344422,0.11794610321521759,0.026329052448272706,0.08636583536863326,0.0032926146406680344,0.23393360567279162
552,0.3925233006477356,0.23459460735321044,0.1263043224811554,0.05222723558545113,0.08824489116668702,0.011357779055833817,0.3483139991760254,0.20792798995971679,0.12093501687049865,0.027713041007518768,0.08879066705703735,0.0029166602529585362,0.24035538518801328
553,0.3897497296333313,0.23528047502040864,0.1265139251947403,0.04470736458897591,0.08885839730501174,0.010605998896062374,0.34981014132499694,0.197051802277565,0.1247425228357315,0.04725723266601563,0.09001303315162659,0.003387857135385275,0.265400645788759
554,0.3790031373500824,0.22438639104366304,0.12704638838768006,0.043540428206324575,0.08943640887737274,0.010592412948608399,0.33088603615760803,0.19839630126953126,0.11191466748714447,0.02993808388710022,0.08233267664909363,0.0032272406853735445,0.22741266870871188
555,0.3941499888896942,0.22949449717998505,0.13009583652019502,0.05791217237710953,0.09121386855840682,0.01091355960816145,0.3548648416996002,0.20717497169971466,0.12566155195236206,0.033276960253715515,0.0918830692768097,0.002939723385497928,0.25376130486838516
556,0.38445300459861753,0.22515056133270264,0.1284479096531868,0.05146648958325386,0.08960667550563813,0.010856301337480546,0.34807894825935365,0.1995309352874756,0.12320644706487656,0.04034818857908249,0.09007548987865448,0.002673010900616646,0.2563031364232302
557,0.39657368063926696,0.23313145935535431,0.13100923001766204,0.053884734958410264,0.09187948256731034,0.010635191574692726,0.3610706329345703,0.2186088502407074,0.12178750038146972,0.029867876321077347,0.08949708938598633,0.0029890247620642184,0.24414149085059764
558,0.37309013605117797,0.2282560169696808,0.1218192383646965,0.03512329161167145,0.08558715879917145,0.010279071517288685,0.35850746035575864,0.22187115550041198,0.11759211421012879,0.02614605352282524,0.08668975830078125,0.0031917477026581764,0.23361967373639347
559,0.3903166115283966,0.23316429257392884,0.13110390305519104,0.04098799899220466,0.09200017750263215,0.01065394449979067,0.3336931705474854,0.1956435978412628,0.12014301866292953,0.024042059667408466,0.08847486227750778,0.003021568711847067,0.23568150931969284
560,0.39135177731513976,0.22775428295135497,0.13355283290147782,0.04844248667359352,0.09378154873847962,0.011057715304195881,0.36058210134506224,0.2133006513118744,0.13071719259023667,0.021223442070186137,0.09577294290065766,0.0033632374834269285,0.2510768150445074
561,0.3821850657463074,0.23336631059646606,0.12444988787174224,0.0381782166659832,0.08743151128292084,0.009926323592662812,0.35965063571929934,0.20616138875484466,0.13113840222358703,0.03409993276000023,0.0954286977648735,0.0033380924724042416,0.264005125220865
562,0.38545315265655516,0.22364523112773896,0.1307349681854248,0.05106310322880745,0.09154003113508224,0.011031705141067504,0.3551300823688507,0.21102410256862641,0.12065975069999695,0.034200137853622435,0.08920637220144272,0.0032032336574047806,0.24726949441246687
563,0.38199466466903687,0.2299099385738373,0.12367485612630844,0.04504830986261368,0.08685886412858963,0.011198456212878228,0.350646448135376,0.21038339734077455,0.1185857355594635,0.03213345110416412,0.08724514096975326,0.0027509577106684447,0.24071528534404932
564,0.3878471553325653,0.23369508981704712,0.12523996829986572,0.046904147043824194,0.08798129707574845,0.010293401964008807,0.35609024167060854,0.20485540926456453,0.12862017154693603,0.03370595797896385,0.09434188157320023,0.0029078217223286627,0.25957583282142876
565,0.38098610043525694,0.22425397336483002,0.12509385794401168,0.05184252485632897,0.08786735534667969,0.010830671153962612,0.3396207392215729,0.2018600434064865,0.11767849922180176,0.030566444993019103,0.08563577383756638,0.0030763234943151476,0.23695704154670238
566,0.3835212171077728,0.23545754551887513,0.12356756776571273,0.03800878897309303,0.08678465634584427,0.010408690012991429,0.34736372232437135,0.20574719905853273,0.11893329918384551,0.033538457751274106,0.08748328983783722,0.003368079476058483,0.2433231262490153
567,0.39148281812667846,0.2354361891746521,0.12793279588222503,0.045675569027662274,0.08972851037979127,0.010200990177690984,0.35373833775520325,0.2064128875732422,0.1216342031955719,0.03954515606164932,0.08957961946725845,0.002965976297855377,0.25372495502233505
568,0.38830071687698364,0.22811013460159302,0.12867293059825896,0.05278480127453804,0.09006802290678025,0.010256551206111908,0.3453666090965271,0.20620130002498627,0.11923446208238601,0.02929818369448185,0.08731912523508072,0.002853525523096323,0.2387052965350449
569,0.3800868928432465,0.22665595710277558,0.12762027978897095,0.039855048060417175,0.08996334969997406,0.010507947020232677,0.39072595834732055,0.2414639949798584,0.12286064326763153,0.04272930920124054,0.0896566167473793,0.002764996234327555,0.25801156545057896
570,0.390605628490448,0.23415875136852266,0.12598757743835448,0.049597588181495664,0.08851876109838486,0.010666092112660407,0.3503961324691772,0.20354143381118775,0.11820446252822876,0.04525266289710998,0.08721524775028229,0.003103562071919441,0.25377593524754044
571,0.3802995800971985,0.23085459172725678,0.1237275168299675,0.04037688747048378,0.08711113631725312,0.010054299421608449,0.34918627738952634,0.20528381764888765,0.12081152051687241,0.035908240079879764,0.08825576901435853,0.0028982397168874742,0.24787376932799818
572,0.38424344062805177,0.23115743696689606,0.12681420743465424,0.04305816292762756,0.08860096633434296,0.009823381155729293,0.35092453956604003,0.20116822123527528,0.12618638277053834,0.03432948738336563,0.09314070045948028,0.003189936839044094,0.2568465074524284
573,0.38406106233596804,0.22750704288482665,0.12596080750226973,0.05033317059278488,0.08848221749067306,0.010233946144580841,0.37838504910469056,0.24199469089508058,0.11627353727817535,0.028962663561105727,0.08558291345834732,0.002888124156743288,0.23370723845437166
574,0.39741761088371275,0.23788215816020966,0.12632449418306352,0.05600439012050629,0.08848274797201157,0.010306295938789845,0.33862678408622743,0.19998784065246583,0.12297977358102799,0.021381933242082596,0.08956554085016251,0.002977012749761343,0.23690426042303445
575,0.3840811371803284,0.22954562604427337,0.12573893666267394,0.04672934785485268,0.08834426254034042,0.010209756344556809,0.35055029988288877,0.22036761045455933,0.1161731407046318,0.016825083643198013,0.08536652624607086,0.003103389497846365,0.22146814009174703
576,0.3949015736579895,0.23238761425018312,0.13198665678501129,0.05049518793821335,0.0924943745136261,0.010351970046758651,0.3416784942150116,0.20705641210079193,0.11360482275485992,0.031145045161247255,0.0834380954504013,0.0030600248835980894,0.23124798825010656
577,0.38185288310050963,0.23417084515094758,0.1224986419081688,0.03880266398191452,0.08619287312030792,0.0106764767318964,0.3524533987045288,0.21945411264896392,0.11228405088186263,0.029563553631305695,0.08308200389146805,0.0029005843214690687,0.22783019272610544
578,0.38011637330055237,0.2297002136707306,0.12345866411924362,0.04298550114035606,0.08689712584018708,0.00997737068682909,0.35321701765060426,0.21478475332260133,0.11804727911949157,0.02974520027637482,0.08673349171876907,0.002823954727500677,0.23734992584213616
579,0.37652831673622134,0.2219072014093399,0.12792937457561493,0.04268930442631245,0.08956949412822723,0.010656293667852878,0.33887057304382323,0.1990586519241333,0.12034250497817993,0.026455923914909363,0.0891371414065361,0.0026881335070356727,0.2386237038066611
580,0.38039358258247374,0.22443978488445282,0.1267558142542839,0.04818977974355221,0.08862870037555695,0.010406925156712533,0.3600138366222382,0.21046425700187682,0.12551114559173585,0.03589469939470291,0.09242225885391235,0.0030532659497112037,0.2568813697900623
581,0.38891748189926145,0.23422042429447174,0.12717958390712739,0.043891267850995064,0.08933475464582444,0.01052559670060873,0.36423525810241697,0.22728876769542694,0.11323504447937012,0.03628550283610821,0.08345863670110702,0.002749102655798197,0.23572828667238355
582,0.38325401544570925,0.2321249157190323,0.12786910831928253,0.0354332810267806,0.08980604857206345,0.01049134898930788,0.35900970101356505,0.21094847917556764,0.12184239625930786,0.04067296981811523,0.08956910073757171,0.0032058251556009052,0.2552902919705957
583,0.38668290972709657,0.2306210368871689,0.12327700853347778,0.052985483407974245,0.08704339116811752,0.011085274815559387,0.3316579103469849,0.19321433007717131,0.12167102247476577,0.021516751497983932,0.08962776511907578,0.0031122386455535887,0.23592777773737908
584,0.39641586542129514,0.2384989231824875,0.12934238314628602,0.046290627866983416,0.09088273197412491,0.010172370448708534,0.34786378741264345,0.2073924422264099,0.11766479909420013,0.03431614264845848,0.08630096018314362,0.003425731882452965,0.2417076338082552
585,0.36813694834709165,0.21908266246318817,0.12244455963373184,0.041133365035057066,0.08612636029720307,0.011255740001797677,0.34849555492401124,0.20334835946559907,0.12134987264871597,0.03575669135898352,0.08928944021463395,0.003148885117843747,0.24954488934017718
586,0.39196200370788575,0.23416030704975127,0.12723612785339355,0.04918703213334084,0.08959519416093827,0.010884318314492703,0.3581234812736511,0.20677495896816253,0.12529616355895995,0.04130105338990688,0.09151998311281204,0.003178280033171177,0.26129548009485004
587,0.38834449648857117,0.2318441540002823,0.12836807519197463,0.04461467191576958,0.09033935815095902,0.010686426609754562,0.3659798502922058,0.19555273950099944,0.13557726442813872,0.057758438587188723,0.09927288144826889,0.003203667141497135,0.29581225160509345
588,0.38268094062805175,0.22602219879627228,0.12883902788162233,0.04417967423796654,0.09056003093719482,0.010714287124574184,0.34477274417877196,0.21272702217102052,0.11649585068225861,0.019090110808610915,0.08606938570737839,0.002965086605399847,0.22462043380364777
589,0.37844633460044863,0.22663794159889222,0.12299876809120178,0.046013426035642624,0.08684948831796646,0.01010510940104723,0.35210214257240297,0.22126064896583558,0.11392544209957123,0.02263234108686447,0.08363818526268005,0.003419046010822058,0.22361501445993778
590,0.39387328624725343,0.23795199990272523,0.12739461958408355,0.04667976275086403,0.08932822942733765,0.010069578140974044,0.3844098448753357,0.22528019845485686,0.13087765276432037,0.044768333435058594,0.09597762078046798,0.0030091415625065564,0.2746327485423535
591,0.3857581377029419,0.2318796306848526,0.1272704929113388,0.04138980247080326,0.08977265655994415,0.01045958735048771,0.33760821223258974,0.21106786131858826,0.11381402164697647,0.012996642664074898,0.08445252925157547,0.0028906047344207765,0.21415379829704762
592,0.39031105637550356,0.2312852144241333,0.12577039152383804,0.05559860467910767,0.08833560645580292,0.010319605842232705,0.3684543013572693,0.21933203041553498,0.1211495727300644,0.04582805931568146,0.0884066566824913,0.002913439553231001,0.25829772828146813
593,0.38593416213989257,0.2334933191537857,0.12759707421064376,0.039452260732650755,0.08933111131191254,0.010208932124078274,0.3494990348815918,0.20412657260894776,0.12201889753341674,0.03469464331865311,0.09006120264530182,0.002716520428657532,0.2494912639260292
594,0.39716199040412903,0.23660147488117217,0.128431336581707,0.05359561815857887,0.0900770828127861,0.010312447510659694,0.36288084983825686,0.215240079164505,0.12472047805786132,0.03441254645586014,0.09139425605535507,0.0032482259906828404,0.2537755065597594
595,0.39681272506713866,0.2312501013278961,0.13188387006521224,0.055769132822752,0.09251919090747833,0.011187393404543399,0.36208686232566833,0.23028098344802855,0.1123056799173355,0.025615859776735306,0.08392170965671539,0.0027690589427947997,0.224612308293581
596,0.40006006360054014,0.23828997910022737,0.13432238698005677,0.044127875566482545,0.09393751770257949,0.01094379387795925,0.3678388774394989,0.22009816765785217,0.12169601172208785,0.03999050855636597,0.08966858237981797,0.0031361241824924948,0.25449122684076425
597,0.38658552765846255,0.23315116465091706,0.12704160660505295,0.04176544845104217,0.08940709233283997,0.01006411723792553,0.35474665760993956,0.21963922381401063,0.11538930833339692,0.027917391806840896,0.08512371182441711,0.0028164604678750037,0.23124687243252992
598,0.3765600621700287,0.22322008907794952,0.12439444363117218,0.046415933221578595,0.08746716231107712,0.010693012177944184,0.3707318127155304,0.22516002655029296,0.1246769368648529,0.03063412308692932,0.09145430475473404,0.002794681955128908,0.24956004666164516
599,0.3843899071216583,0.22780977487564086,0.12489722371101379,0.053308111429214475,0.08731470704078674,0.010284393653273582,0.3662654757499695,0.21617183089256287,0.129986771941185,0.029785940051078798,0.09477181881666183,0.0028656138107180595,0.2574101446196436
600,0.3930937349796295,0.24602032899856568,0.12200137227773666,0.039372962340712546,0.08549184650182724,0.010589302517473698,0.34374202489852906,0.1970075249671936,0.11889395862817764,0.04465971849858761,0.08717643171548843,0.0031199978198856114,0.25385010666213925
