epoch,train_total,train_noise,train_x0,train_class,train_param,train_closed_loop,val_total,val_noise,val_x0,val_class,val_param,val_closed_loop,val_select
1,5.578423404693604,1.1583972454071045,1.621293067932129,7.857740020751953,0.48082286715507505,0.7177211284637451,4.526780891418457,1.174124050140381,1.5619807243347168,5.807175731658935,0.4396972358226776,0.6247467875480652,8.433600479364395
2,3.8729944229125977,1.0798513174057007,1.4426507711410523,4.670638656616211,0.44049000144004824,0.5783181309700012,3.3097517013549806,0.9562963008880615,1.251706314086914,3.834481430053711,0.4201309621334076,0.5614276170730591,6.067746323347093
3,3.023969841003418,0.8701138496398926,1.0868532180786132,3.4836010932922363,0.390720933675766,0.502211970090866,2.3361698627471923,0.8108189463615417,0.9632837772369385,2.2621817111968996,0.375678813457489,0.4326337456703186,4.033778047561646
4,2.3873746395111084,0.8115684747695923,0.9926921248435974,2.34592866897583,0.37615084648132324,0.47897312641143797,2.091316318511963,0.7663793563842773,0.9113220691680908,1.89657301902771,0.3539236009120941,0.388960999250412,3.550779688358307
5,2.1321424007415772,0.7572331309318543,0.8631009578704834,2.01897394657135,0.33759382367134094,0.38947877287864685,1.7781487226486206,0.6669763326644897,0.6257721066474915,1.645472240447998,0.26613688468933105,0.3309066712856293,2.86828790307045
6,1.9795781373977661,0.6886292338371277,0.6990306138992309,1.907119131088257,0.3077709496021271,0.36443697810173037,1.5543940544128418,0.5635491847991944,0.5515332221984863,1.4165733098983764,0.25904422998428345,0.29030427932739256,2.517455041408539
7,1.7520013809204102,0.6300830721855164,0.582753598690033,1.6342061758041382,0.27430313229560854,0.3316555082798004,1.3009828090667725,0.5793556451797486,0.4437920570373535,0.9632341265678406,0.21907895505428315,0.2149372696876526,1.8410424083471297
8,1.695605421066284,0.6170557498931885,0.5229190468788147,1.6103477239608766,0.2446787327528,0.26055303812026975,1.3230417013168334,0.5556127309799195,0.4030017077922821,1.0883222579956056,0.20206449031829835,0.18776232600212098,1.881150782108307
9,1.5700044870376586,0.5859427809715271,0.46469088196754454,1.4720633506774903,0.22009194493293763,0.22200066447257996,1.2061201333999634,0.5083217859268189,0.36408156156539917,0.9946524977684021,0.18209656178951264,0.12931616157293319,1.6701467826962473
10,1.442514181137085,0.5583085775375366,0.4145206451416016,1.3169125318527222,0.20014555454254152,0.17418007254600526,1.2661179780960083,0.5157158136367798,0.30834842920303346,1.1619697570800782,0.15234096944332123,0.10705866515636445,1.7297178208827975
11,1.4568865537643432,0.5426504611968994,0.4014985263347626,1.3856139659881592,0.1950971245765686,0.15886503756046294,1.1651192903518677,0.4839251279830933,0.3306747615337372,0.9995607733726501,0.16341014504432677,0.0925724133849144,1.5862180933356285
12,1.348697829246521,0.5443997502326965,0.36933658123016355,1.1953184843063354,0.18020854890346527,0.14619283080101014,1.1473591566085815,0.5258567571640015,0.3080028831958771,0.8909291505813599,0.15627741813659668,0.10019344687461854,1.4554028987884524
13,1.450731635093689,0.555378520488739,0.3740191638469696,1.3644210338592528,0.18437297642230988,0.14605701267719268,1.1691488742828369,0.5106109142303467,0.30720311403274536,0.9600692987442017,0.15777769982814788,0.09443153440952301,1.519481647014618
14,1.3808735370635987,0.5490466713905334,0.35406518578529356,1.2609318017959594,0.1732742816209793,0.12811769247055055,1.1459386110305787,0.4971415877342224,0.3253031253814697,0.9344083309173584,0.1591283231973648,0.09043990820646286,1.5092796877026557
15,1.3394017219543457,0.5369120478630066,0.3721618950366974,1.1797353506088257,0.1817132443189621,0.12916310578584672,1.1805270433425903,0.4981348752975464,0.3293652594089508,0.9896308660507203,0.16224319636821746,0.09891247451305389,1.5801517963409422
16,1.3259180068969727,0.5085774779319763,0.3646527886390686,1.2131675243377686,0.17812399566173553,0.12890453338623048,1.0869466066360474,0.4651924014091492,0.29275856018066404,0.8898105382919311,0.15387891829013825,0.08042645305395127,1.4168744698166849
17,1.2724405527114868,0.5259164810180664,0.33314241766929625,1.096179449558258,0.16776846945285798,0.11097343862056733,1.090792751312256,0.5222322583198548,0.2952574253082275,0.7896007061004638,0.14938510656356813,0.07950629889965058,1.31374953687191
18,1.2528433561325074,0.5276809453964233,0.33005317449569704,1.056338369846344,0.1643538773059845,0.11293289065361023,1.0720381379127502,0.48756482601165774,0.2837360978126526,0.8253771305084229,0.14762436747550964,0.072332102060318,1.329069697856903
19,1.200365924835205,0.5195419013500213,0.3269426584243774,0.9608940720558167,0.16631380021572112,0.11147913336753845,1.0075248241424561,0.47136799097061155,0.291891610622406,0.7186481475830078,0.15111081302165985,0.07132105454802513,1.2329716257750987
20,1.285496759414673,0.5118422269821167,0.3404711842536926,1.1368901491165162,0.16928444802761078,0.10800828784704208,0.9798733592033386,0.45150027275085447,0.26698113679885865,0.7288231730461121,0.1390669822692871,0.06597437262535095,1.2008456647396089
21,1.1986167907714844,0.5002183675765991,0.33604625463485716,0.982571542263031,0.16903571784496307,0.11120829731225967,0.944966173171997,0.43207094073295593,0.28696058988571166,0.6656331896781922,0.1508834809064865,0.07689629048109055,1.180373550951481
22,1.2035993576049804,0.506982970237732,0.32845692038536073,0.9802255749702453,0.16797703504562378,0.1062933325767517,0.9906965732574463,0.4474967956542969,0.27207974195480344,0.7438619136810303,0.1436684846878052,0.06564137488603591,1.2252515152096748
23,1.1418899059295655,0.4929442584514618,0.3189781069755554,0.8914005160331726,0.1648488909006119,0.09965344965457916,0.9689100027084351,0.4653900027275085,0.262594735622406,0.6670265197753906,0.141985222697258,0.06421026811003686,1.1358167462050917
24,1.2109447956085204,0.4877141177654266,0.31972134709358213,1.0364611506462098,0.16507189273834227,0.09878544956445694,1.0137649536132813,0.4554990649223328,0.2672589302062988,0.7758825302124024,0.14186264872550963,0.059173380583524705,1.2441774897277356
25,1.1577408075332642,0.5059105396270752,0.30175926089286803,0.9118614077568055,0.15705050230026246,0.09137869030237197,1.044291090965271,0.43644012212753297,0.30648836493492126,0.836307954788208,0.1554831475019455,0.06883796453475952,1.3671174317598342
26,1.1720714330673219,0.4918656647205353,0.32616421580314636,0.9482927680015564,0.1633347749710083,0.09461057484149933,1.0029801607131958,0.4271055221557617,0.28775211572647097,0.7954791426658631,0.14543498456478118,0.061521881818771364,1.2901881247758864
27,1.1918005704879762,0.4848163962364197,0.30999529361724854,1.0124938368797303,0.15852889120578767,0.09008956253528595,0.960724663734436,0.4383201837539673,0.2576662600040436,0.7013316631317139,0.14124087393283843,0.055472209304571155,1.155711006373167
28,1.1272614002227783,0.48340057134628295,0.30809107422828674,0.8731651067733764,0.16287801861763002,0.09319944828748702,0.9428630471229553,0.4571852445602417,0.24466864466667176,0.6448303580284118,0.1322752594947815,0.05657357424497604,1.0783478364348411
29,1.1581310510635376,0.477311372756958,0.3178120493888855,0.9410925388336182,0.16448929011821747,0.0896265834569931,0.9199194073677063,0.45161553621292116,0.2505840390920639,0.605743670463562,0.13387353122234344,0.05277291089296341,1.0429741516709328
30,1.1357738018035888,0.4852608561515808,0.3058469772338867,0.9020046114921569,0.15534794926643372,0.08085405081510544,0.977141261100769,0.45626181960105894,0.2614442765712738,0.6881906449794769,0.14249544441699982,0.05592505931854248,1.1480554252862931
31,1.0888859748840332,0.4797371208667755,0.2941347599029541,0.8181735634803772,0.1547083467245102,0.08316412717103958,0.9411911249160767,0.42243221402168274,0.2890990853309631,0.6532177448272705,0.1544176906347275,0.056505732238292694,1.1532402530312538
32,1.1057106256484985,0.4583244204521179,0.29556592702865603,0.8958242654800415,0.15189648568630218,0.08547254800796508,0.931824016571045,0.42893570065498354,0.25138004720211027,0.6663914859294892,0.1345546081662178,0.053669844567775724,1.105995985865593
33,1.0557459473609925,0.47164338231086733,0.2829379320144653,0.7763649225234985,0.1496528208255768,0.07939360439777374,1.0013469219207765,0.43378705978393556,0.2801355719566345,0.7593625783920288,0.14946201145648957,0.053005529940128325,1.2419656917452813
34,1.0343172192573546,0.46012564897537234,0.2895825386047363,0.7507158994674683,0.15064056515693663,0.07925552129745483,1.01112642288208,0.47779595851898193,0.25126620531082156,0.7243760585784912,0.133065664768219,0.05619887560606003,1.1649068042635917
35,1.0650346279144287,0.462720000743866,0.2887544214725494,0.8038566946983338,0.1510612577199936,0.07856005728244782,0.8976976633071899,0.46030224561691285,0.24244834780693053,0.5356596350669861,0.1341429516673088,0.04639476388692856,0.958645698428154
36,1.0711169958114624,0.46321465373039244,0.28616308569908144,0.8187158226966857,0.14854488968849183,0.07696779817342758,0.8474957704544067,0.4294387519359589,0.24567209482192992,0.5007761478424072,0.13205570578575135,0.04286592230200768,0.9213698707520961
37,1.0538053512573242,0.47375603914260866,0.29462240934371947,0.7523373246192933,0.15082263946533203,0.07970787435770035,0.942596971988678,0.42924535274505615,0.24909187555313111,0.681191086769104,0.13432961106300353,0.04752272590994835,1.112135299295187
38,1.0410227298736572,0.4601948082447052,0.2853878021240234,0.7585062384605408,0.15052868723869323,0.07198283821344376,0.8805490255355835,0.40141738653182985,0.25114805698394777,0.6045230746269226,0.13841736316680908,0.043890771269798276,1.0379792660474776
39,1.0285563111305236,0.45607651472091676,0.28404884338378905,0.7431094527244568,0.1491205096244812,0.07065152674913407,0.8373225688934326,0.41633785963058473,0.23619007170200348,0.4951579213142395,0.13400424420833587,0.047979476302862166,0.913331713527441
40,0.9984042286872864,0.4592816889286041,0.2737526834011078,0.6804567098617553,0.1462436020374298,0.07221512496471405,0.9393376708030701,0.42959271669387816,0.2554150760173798,0.6596587657928467,0.13927291482686996,0.043146081268787384,1.0974928379058837
41,0.9981216311454773,0.4708829462528229,0.27411484718322754,0.6510796070098877,0.14779310524463654,0.07194147855043412,0.8157104969024658,0.4091182827949524,0.23189172744750977,0.4715525984764099,0.13298869431018828,0.03918704241514206,0.87562006264925
42,1.002827775478363,0.4500096619129181,0.26810160279273987,0.708294153213501,0.14575351476669313,0.06739277243614197,0.8763842940330505,0.40246115922927855,0.2415487974882126,0.5910951018333435,0.1385857105255127,0.0392578549683094,1.010487464815378
43,0.9971064686775207,0.43741393089294434,0.26514029800891875,0.7185166120529175,0.14537340104579927,0.07058667838573456,0.8191305279731751,0.38488202095031737,0.23664271235466003,0.5355793476104737,0.12811278700828552,0.034304168075323105,0.9346390150487424
44,0.9715444087982178,0.4497497618198395,0.2670903384685516,0.6547184944152832,0.14061689674854277,0.06347684487700463,0.8682575702667237,0.42443453073501586,0.2368773877620697,0.5514469087123871,0.1280202493071556,0.03642299473285675,0.9527675405144691
45,0.9747699499130249,0.4223426401615143,0.26522029638290406,0.7139299869537353,0.1401039183139801,0.06481549516320229,0.7470634460449219,0.3808596611022949,0.20542389154434204,0.42531766891479494,0.11610104292631149,0.036403112858533856,0.7832457162439823
46,0.9319310545921325,0.4267818212509155,0.24649336636066438,0.6303362607955932,0.13614942133426666,0.06331661492586135,0.8133869051933289,0.39586337804794314,0.2207074612379074,0.4941695213317871,0.12842801213264465,0.04131525605916977,0.884620250761509
47,0.9405917048454284,0.412827205657959,0.25228233337402345,0.665337061882019,0.1392393708229065,0.06374087557196617,0.8335163593292236,0.40870447754859923,0.22926342189311982,0.5058469176292419,0.13098139464855194,0.03396609202027321,0.9000578261911869
48,0.9578567504882812,0.4292276740074158,0.254319828748703,0.6697417140007019,0.13873572647571564,0.058343055099248885,0.7826425790786743,0.38905144333839414,0.22095802724361419,0.4571702480316162,0.12289593815803528,0.03713109940290451,0.8381553128361702
49,0.9593706965446472,0.4330179810523987,0.2482805848121643,0.6665379405021667,0.1373632550239563,0.05902295783162117,0.810979700088501,0.39853299856185914,0.21152544021606445,0.49933586120605467,0.12316910922527313,0.031948267668485644,0.8659786783158779
50,0.9147384405136109,0.41596508026123047,0.2522710978984833,0.6024737596511841,0.1388537257909775,0.06205457895994186,0.8293167591094971,0.40514755845069883,0.2127971738576889,0.5284468412399292,0.11977707892656327,0.031015025079250337,0.8920361191034318
51,0.9219729900360107,0.4209516406059265,0.25319133400917054,0.6096328496932983,0.13757179379463197,0.05905040726065636,0.8015071153640747,0.39919564723968504,0.21630385220050813,0.48067665100097656,0.1218538761138916,0.02810211442410946,0.8469364937394858
52,0.921513557434082,0.4163320600986481,0.2502554625272751,0.6191029906272888,0.13700184226036072,0.05735155642032623,0.8001936554908753,0.3768849611282349,0.21446688771247863,0.5168390154838562,0.12227592915296555,0.03237925432622433,0.8859610866755249
53,0.907064163684845,0.4098405659198761,0.2411590039730072,0.6094332337379456,0.134155797958374,0.05692203417420387,0.772922694683075,0.38799320459365844,0.2006212741136551,0.45073902010917666,0.11938480585813523,0.029310764372348787,0.8000558644533159
54,0.9214871883392334,0.42541431784629824,0.23996568322181702,0.6018425822257996,0.13528368920087813,0.05814286693930626,0.7835227012634277,0.39309110045433043,0.20760729908943176,0.4519741714000702,0.12217744886875152,0.030137716978788375,0.8118966363370419
55,0.8680885553359985,0.40210033655166627,0.2349686324596405,0.5482212543487549,0.13357218205928803,0.05402022451162338,0.8090999722480774,0.38674103021621703,0.20431550443172455,0.5298715531826019,0.11510493457317353,0.029558153450489046,0.878850145637989
56,0.8857446551322937,0.40637733340263366,0.2414708286523819,0.5671689510345459,0.13470675349235534,0.055653403699398044,0.7929829359054565,0.3404117703437805,0.2269647926092148,0.5586563110351562,0.12613225877285003,0.03129732236266136,0.9430506847798824
57,0.8634338974952698,0.38892672061920164,0.23950184881687164,0.5685698509216308,0.1306472599506378,0.051019483059644696,0.7840336441993714,0.3686697781085968,0.21634263992309571,0.4912087917327881,0.1255180150270462,0.02689249813556671,0.8599619448184966
58,0.8793496966362,0.4012675523757935,0.24661068618297577,0.5544077754020691,0.1385261297225952,0.05240117982029915,0.8053184509277344,0.3919335722923279,0.22265273034572602,0.47112761735916137,0.13160054236650467,0.02745978198945522,0.8528406720608472
59,0.881041431427002,0.39623956084251405,0.23749476075172424,0.5773261189460754,0.13435186445713043,0.05182852149009705,0.719431710243225,0.3525842189788818,0.20220726132392883,0.41286171674728395,0.11697769612073898,0.026369694992899893,0.7584163691848516
60,0.8711360931396485,0.39054277539253235,0.23107005655765533,0.5798457145690918,0.1295545890927315,0.050391203910112384,0.7965755462646484,0.37375288605690005,0.20858063101768493,0.5193024516105652,0.11924490332603455,0.02407512068748474,0.8712031066417694
61,0.8959698557853699,0.3948240339756012,0.23728663921356202,0.608535623550415,0.133028607070446,0.05182795450091362,0.7629428982734681,0.3608128011226654,0.21183194518089293,0.46888511180877684,0.12402563989162445,0.021278728544712067,0.8260214254260062
62,0.8708209037780762,0.39122615456581117,0.23612398207187651,0.5659967958927155,0.1331489324569702,0.0494897685945034,0.7760394215583801,0.37811357975006105,0.19611039757728577,0.4762562274932861,0.11628658622503281,0.024173276871442793,0.8128264881670475
63,0.8537746906280518,0.3959265947341919,0.22896912097930908,0.5345166325569153,0.12843613773584367,0.04733060374855995,0.7222981691360474,0.36515164375305176,0.21129090189933777,0.38168796300888064,0.12124730050563812,0.021364017575979232,0.7355901829898358
64,0.8479176521301269,0.38057554364204405,0.23442071676254272,0.5379685759544373,0.13286348879337312,0.04997682273387909,0.7121220827102661,0.37126662731170657,0.19652299880981444,0.35778908133506776,0.11752082407474518,0.0232078667730093,0.6950407709926367
65,0.8516734957695007,0.38664873242378234,0.23779008388519288,0.5299952387809753,0.1344612345099449,0.04734073504805565,0.7020680904388428,0.3373713314533234,0.19209586679935456,0.41038604974746706,0.1163421019911766,0.021004033088684083,0.7398280516266822
66,0.8655707120895386,0.40066479444503783,0.2352498859167099,0.5293794572353363,0.13369651436805724,0.047971323132514954,0.754759955406189,0.3552987456321716,0.20374802947044374,0.46511387825012207,0.11869318634271622,0.025268661975860595,0.8128237560391426
67,0.8924589157104492,0.3923079013824463,0.23885499238967894,0.6008628487586976,0.1327870398759842,0.04592637419700622,0.7503291368484497,0.3458555579185486,0.2188940465450287,0.46178059577941893,0.12298615425825118,0.023765237629413606,0.8274260342121125
68,0.8279124855995178,0.38740056157112124,0.22666440904140472,0.4969897985458374,0.1262334868311882,0.045799299329519275,0.6915740013122559,0.34089902639389036,0.1966646730899811,0.37618441581726075,0.11513817310333252,0.023548869788646697,0.711536131799221
69,0.8812578439712524,0.38923184871673583,0.231598299741745,0.5857026934623718,0.12995379865169526,0.048480575531721117,0.7698376655578614,0.3498226046562195,0.2158663749694824,0.4902249574661255,0.12553019523620607,0.020100137591361998,0.8517216652631759
70,0.821815013885498,0.38511577248573303,0.22591688334941865,0.48088193535804746,0.12917254120111465,0.04498003721237183,0.7417419672012329,0.3496023893356323,0.20400052666664123,0.4470876455307007,0.11994981169700622,0.021136057376861573,0.7921740412712097
71,0.8295329928398132,0.39044047594070436,0.2271418333053589,0.4810518205165863,0.13032695204019545,0.044944838434457776,0.6787251353263855,0.34444114565849304,0.18207550048828125,0.3599709391593933,0.11103169620037079,0.01762324497103691,0.6707013808190823
72,0.8358380913734436,0.3861384391784668,0.22182716727256774,0.5114113688468933,0.1265535682439804,0.043669077754020694,0.7305824041366578,0.3466261804103851,0.19900449216365815,0.43566243052482606,0.11748938262462616,0.02034100964665413,0.7724973149597645
73,0.8151940107345581,0.3923085808753967,0.22158527374267578,0.46244595050811765,0.12519786059856414,0.040744075924158095,0.6758349418640137,0.3441401481628418,0.19793024957180022,0.3403349697589874,0.11484821736812592,0.01652727331966162,0.6696407100185752
74,0.8331258773803711,0.39320665001869204,0.22221870124340057,0.495430588722229,0.1251944199204445,0.03999854177236557,0.7025076985359192,0.36389116048812864,0.19471281468868257,0.34968569278717043,0.1152748554944992,0.019269510731101037,0.6789428737014533
75,0.8388484954833985,0.38719303011894224,0.2251343995332718,0.5069692730903625,0.12716079652309417,0.04388162940740585,0.6871718764305115,0.3450685739517212,0.20752092003822326,0.3365362584590912,0.12188137024641037,0.019876015931367876,0.6858145646750927
76,0.8275390625,0.3715497314929962,0.22833087146282197,0.5164940655231476,0.1257433846592903,0.04303164929151535,0.7300309419631958,0.3729375958442688,0.18924551606178283,0.40268508791923524,0.10913367718458175,0.016030817478895187,0.717095098644495
77,0.8233281373977661,0.3649718701839447,0.23471103608608246,0.5138310372829438,0.12941519767045975,0.03984216973185539,0.7139624834060669,0.3498887300491333,0.19072535634040833,0.40547739863395693,0.11210147142410279,0.01858106069266796,0.726885287091136
78,0.8421799063682556,0.3685044825077057,0.2333192467689514,0.5302683591842652,0.13382258713245393,0.042815229296684264,0.6930459499359131,0.3435193657875061,0.17751128673553468,0.3945288062095642,0.10579907894134521,0.017360365390777587,0.6951995372772216
79,0.8186358094215394,0.3727860689163208,0.21724565625190734,0.5007767498493194,0.12502952963113784,0.039820310473442075,0.7208315372467041,0.3526370406150818,0.19229499101638795,0.40986005663871766,0.11355578601360321,0.01696983315050602,0.7326806668192148
80,0.798932957649231,0.3730537831783295,0.21710563600063323,0.46005996465682986,0.1258826181292534,0.03792205005884171,0.6869218230247498,0.3638488292694092,0.17628065645694732,0.3390226006507874,0.106048084795475,0.0175106730312109,0.6388620149344206
81,0.7718918919563293,0.3623503088951111,0.21615815162658691,0.42445758581161497,0.1268751084804535,0.03809380680322647,0.6744969725608826,0.32594863772392274,0.20255552232265472,0.34377020597457886,0.12484992146492005,0.015422603115439415,0.686598252877593
82,0.8048473596572876,0.3632310688495636,0.21721960604190826,0.48455284237861634,0.1271391838788986,0.039529497176408766,0.7115594983100891,0.3382334291934967,0.19329570829868317,0.4136020660400391,0.11529492735862731,0.016577806696295737,0.7387705083936453
83,0.7947931885719299,0.36632139682769777,0.21579159498214723,0.465042644739151,0.12513191848993302,0.03720256090164185,0.6839508414268494,0.34250196218490603,0.18074202239513398,0.36544933915138245,0.11139789670705795,0.014031888544559478,0.6716211467981338
84,0.7792447566986084,0.36701281666755675,0.20978567600250245,0.43880715370178225,0.12293151319026947,0.036916918307542804,0.7333248019218445,0.34150636196136475,0.196007639169693,0.4428419291973114,0.11721930205821991,0.01716654971241951,0.7732354201376438
85,0.7953122854232788,0.3632600247859955,0.22075253129005432,0.46461527347564696,0.12666131407022477,0.03739052563905716,0.6620821237564087,0.30955641269683837,0.18646604418754578,0.38787499666213987,0.10853754580020905,0.014895208738744259,0.6977737953886389
86,0.7802900314331055,0.36485153436660767,0.21303408443927765,0.438782149553299,0.12375045567750931,0.037849482893943784,0.6687327027320862,0.33462163209915163,0.18619444072246552,0.33423303365707396,0.11533247083425521,0.016614682972431183,0.6523746281862259
87,0.7889546990394593,0.3579088509082794,0.21478036642074586,0.4626187145709991,0.12662815749645234,0.037705129384994505,0.6944688320159912,0.3355592429637909,0.17868498861789703,0.3959931254386902,0.11117503046989441,0.015534303709864616,0.7013874482363462
88,0.7948325991630554,0.3606248140335083,0.21345361471176147,0.4714141547679901,0.12429725676774979,0.03891948759555817,0.7183392882347107,0.3574757695198059,0.17728483974933623,0.39896575212478635,0.11077146977186203,0.01658070683479309,0.7036027684807776
89,0.7934769988059998,0.36701539158821106,0.20871566236019135,0.46652801632881163,0.12199086546897889,0.03538213968276978,0.6985795855522156,0.34845423698425293,0.18999449610710145,0.36388818025588987,0.11525848805904389,0.01521284095942974,0.6843540053814651
90,0.7992214083671569,0.355106508731842,0.21403472125530243,0.49203110933303834,0.1263327568769455,0.033726822957396506,0.6513188481330872,0.3123666405677795,0.18123939037322997,0.35106372833251953,0.11153720766305923,0.015863226912915706,0.6597035532817245
91,0.7702725648880004,0.351045686006546,0.21841642558574675,0.43274952173233033,0.1295095607638359,0.03378972411155701,0.6900037884712219,0.3296207785606384,0.1880379408597946,0.3832961082458496,0.11469240039587021,0.016091367229819298,0.7021178167313338
92,0.7591772317886353,0.3542409956455231,0.2064685493707657,0.4186986446380615,0.12268387079238892,0.03630753234028816,0.6404410243034363,0.3245855152606964,0.1690451204776764,0.3227989852428436,0.105994214117527,0.013687782734632493,0.6115261025726795
93,0.742358946800232,0.3640134334564209,0.19520587027072905,0.3816264569759369,0.1189928725361824,0.033077193424105644,0.6583172082901001,0.3240572869777679,0.17798345685005187,0.34195107221603394,0.11233161687850952,0.013673759996891022,0.6459399059414864
94,0.7824780344963074,0.35602191686630247,0.20987378060817719,0.4568795323371887,0.12539783418178557,0.03328312151134014,0.6358392000198364,0.3227483510971069,0.1786808967590332,0.29752556085586546,0.1133832260966301,0.01279257219284773,0.6023822559043764
95,0.7746159315109253,0.34900744557380675,0.2121542513370514,0.44714115262031556,0.12698159813880922,0.035242396593093875,0.7102610349655152,0.3191273331642151,0.18336296677589417,0.4451683759689331,0.11455037891864776,0.014929158613085747,0.7580108802765607
96,0.7460402846336365,0.3478958666324615,0.20853178799152375,0.39755131006240846,0.12452680468559266,0.03542047664523125,0.6650184988975525,0.32826083302497866,0.1846314013004303,0.3292411744594574,0.11770828962326049,0.01445326991379261,0.6460341352969408
97,0.7425796866416932,0.34675565361976624,0.2023407757282257,0.40124335289001467,0.12087568789720535,0.03608430325984955,0.644152557849884,0.33079603910446165,0.1642098158597946,0.32302274703979494,0.10198128372430801,0.014347065798938274,0.6035609124228358
98,0.7634392380714417,0.3480966329574585,0.21087174713611603,0.42770983576774596,0.12601375430822373,0.03401479423046112,0.690372109413147,0.3358340859413147,0.17221462428569795,0.3936204552650452,0.1055509552359581,0.014263197779655457,0.6856492325663568
99,0.7577183485031128,0.3529254913330078,0.1996057778596878,0.4224063515663147,0.11998311579227447,0.034577362984418866,0.640773618221283,0.3308259010314941,0.1809461683034897,0.2783155798912048,0.11554999202489853,0.014936858043074607,0.5897485982626677
100,0.7406398773193359,0.34928045272827146,0.19808703958988189,0.3994662702083588,0.11919668316841125,0.032725492119789125,0.6546483159065246,0.30710344314575194,0.16800641417503356,0.37701711654663084,0.10681216269731522,0.014603699371218682,0.6664393927901983
101,0.748061454296112,0.35648473501205447,0.19643887281417846,0.3999879062175751,0.11977622807025909,0.03172246925532818,0.6971144914627075,0.3237781047821045,0.17305706143379213,0.4234132647514343,0.10789638459682464,0.014337859116494656,0.7187045698985457
102,0.7502400040626526,0.3544599533081055,0.20160477459430695,0.4020143449306488,0.12188142836093903,0.030688928440213203,0.6735130071640014,0.3176267623901367,0.1814575493335724,0.3762295454740524,0.11237701028585434,0.013032597117125988,0.6830967022106051
103,0.7700446844100952,0.3541905641555786,0.20778417587280273,0.4293300867080688,0.12407367527484894,0.0337299719452858,0.6513465285301209,0.3240987598896027,0.17159590721130372,0.33118016123771665,0.1084168404340744,0.012935536913573742,0.6241284457966685
104,0.7648093223571777,0.34752495884895324,0.2014744758605957,0.4406753420829773,0.12144673615694046,0.03302368968725204,0.6654076337814331,0.30845144391059875,0.182115375995636,0.3675388336181641,0.11677852421998977,0.01294034831225872,0.6793730821460486
105,0.7405318140983581,0.3530829012393951,0.19802441000938414,0.3874000430107117,0.12078708112239837,0.02997203804552555,0.6171509385108948,0.33069185018539426,0.1663525342941284,0.25370886325836184,0.10717577487230301,0.01251624133437872,0.539753413759172
106,0.7194985985755921,0.3428716003894806,0.19881719052791597,0.3620943069458008,0.12231787890195847,0.029393430054187774,0.6210979461669922,0.30307992100715636,0.16956083178520204,0.312480103969574,0.10771271735429763,0.013045204430818557,0.6027988575398923
107,0.7414406657218933,0.3479983925819397,0.2008168190717697,0.392434161901474,0.12187375575304031,0.030904214084148406,0.6494474530220031,0.3329200267791748,0.16444070339202882,0.3210920751094818,0.10409391075372695,0.011285066232085228,0.6009117554873228
108,0.7369843602180481,0.3310712814331055,0.20324703454971313,0.4119445145130157,0.1242428258061409,0.02974468357861042,0.60830739736557,0.2931102514266968,0.17003458738327026,0.3063911318778992,0.10808568149805069,0.011437952518463135,0.5959493532776833
109,0.7353071331977844,0.34083968997001646,0.19655338525772095,0.40116082429885863,0.11889379471540451,0.030617732927203177,0.6560771465301514,0.3066473603248596,0.18346017599105835,0.34678099155426023,0.11814935952425003,0.011281525157392025,0.6596720522269606
110,0.7466450572013855,0.34498178362846377,0.201080983877182,0.40571300983428954,0.12271937280893326,0.029700183495879173,0.6284377455711365,0.31004096269607545,0.17927194237709046,0.28915191888809205,0.11566315889358521,0.012654107436537743,0.5967411275953055
111,0.7370190262794495,0.34120309352874756,0.20058748126029968,0.3896725296974182,0.12342965453863144,0.031267139688134195,0.6672939419746399,0.3177211761474609,0.18453020453453065,0.342589396238327,0.11818866729736328,0.012688971310853957,0.657997239381075
112,0.7177953124046326,0.35302321910858153,0.18384364545345305,0.35891872048377993,0.11343570351600647,0.029144014418125152,0.6473851680755616,0.31656832695007325,0.1723209023475647,0.3267001986503601,0.11080868095159531,0.01201169341802597,0.6218414753675461
113,0.7137457609176636,0.33621912598609927,0.1931006580591202,0.3690422773361206,0.11780510991811752,0.029499248042702673,0.6729564785957336,0.31361245512962344,0.17291672229766847,0.3846462666988373,0.10967675745487213,0.012135986611247063,0.6793757330626249
114,0.7032655119895935,0.3360019326210022,0.19998628795146942,0.3335840404033661,0.12338604927062988,0.028699170053005218,0.635573148727417,0.30616495609283445,0.17964958548545837,0.30146326720714567,0.11722181588411332,0.014649447612464428,0.6129841161891818
115,0.7302034735679627,0.3432264029979706,0.19167595803737641,0.38738341331481935,0.117752206325531,0.029180457070469856,0.5875700831413269,0.30129070281982423,0.17190033793449402,0.23495612144470215,0.11090592592954636,0.012105784378945827,0.5298681696876884
116,0.7313836693763733,0.3354427397251129,0.1941730260848999,0.40082354545593263,0.11821526437997817,0.03000531382858753,0.6206746459007263,0.29891117215156554,0.1703750431537628,0.3066434025764465,0.11131746172904969,0.011022231541574001,0.599358139000833
117,0.7521803617477417,0.3537384390830994,0.19067402780056,0.4138150990009308,0.1164128452539444,0.027641978487372397,0.6591982483863831,0.32068008184432983,0.1811320424079895,0.3235791057348251,0.11598812788724899,0.011084792017936707,0.6317840680480002
118,0.7333257317543029,0.3393771231174469,0.20130545794963836,0.37568786144256594,0.12455011010169983,0.031670643389225005,0.6093979716300965,0.3066886067390442,0.16698830723762512,0.27395789623260497,0.1094264417886734,0.010060678981244565,0.560433324240148
119,0.7017127513885498,0.3338426113128662,0.18518803715705873,0.3609681487083435,0.11368198841810226,0.02658664956688881,0.6078784942626954,0.2958646774291992,0.1672593593597412,0.29589760303497314,0.10732403099536895,0.009973287582397461,0.5804542809724808
120,0.7064656138420105,0.3396266996860504,0.18740200400352477,0.352926504611969,0.11541387438774109,0.02677312381565571,0.6024439215660096,0.2947243809700012,0.16445714235305786,0.28663784861564634,0.1070181354880333,0.011493310891091823,0.5696064373478293
121,0.7348748445510864,0.3319955110549927,0.19445780515670777,0.4076377511024475,0.11976733803749084,0.029242324456572533,0.6243971228599549,0.29172329902648925,0.1687820851802826,0.3312714517116547,0.10800371021032333,0.011396851390600204,0.6194540984928607
122,0.7515912532806397,0.34717180728912356,0.1926360547542572,0.41397048234939576,0.11831906735897064,0.029087316989898682,0.6368490219116211,0.2934835433959961,0.18673889040946962,0.30985353589057923,0.1211644321680069,0.014741353690624237,0.63249821215868
123,0.7422276735305786,0.3322081804275513,0.19989141821861267,0.4124190092086792,0.12204878479242325,0.02899227999150753,0.6077592372894287,0.32222172021865847,0.16231440007686615,0.24353988766670226,0.10541300922632217,0.012061318755149842,0.5233286157250404
124,0.7034762501716614,0.3211322784423828,0.189047908782959,0.3702518463134766,0.11742400825023651,0.030270269513130187,0.6011804103851318,0.301056444644928,0.17078064680099486,0.2532094120979309,0.11117551028728485,0.013431083224713803,0.5485966524109244
125,0.697921633720398,0.3152658224105835,0.1944566249847412,0.36219234466552735,0.12121709138154983,0.02796408161520958,0.5922026038169861,0.28632686138153074,0.161398845911026,0.28571600914001466,0.10555557310581207,0.010035746172070504,0.5627061743289232
126,0.7187166810035706,0.33824312686920166,0.18872551321983339,0.3673811972141266,0.11760063320398331,0.028191119059920312,0.5853828549385071,0.287166565656662,0.15944063365459443,0.27183284759521487,0.1040616899728775,0.011449140310287476,0.5467843115329742
127,0.7189601421356201,0.3336859107017517,0.19321319460868835,0.36890979409217833,0.11921725124120712,0.028938435763120652,0.5798077881336212,0.30373430252075195,0.15957295000553132,0.22871766090393067,0.10463551282882691,0.009163872059434652,0.5020899957977236
128,0.6967085480690003,0.3275773525238037,0.19199262857437133,0.339949369430542,0.11949139833450317,0.02603926174342632,0.5958749175071716,0.2933816134929657,0.17148764729499816,0.25603796243667604,0.11248511075973511,0.010161629877984524,0.5501723503693938
129,0.6934254407882691,0.3298463225364685,0.18549630045890808,0.3438836097717285,0.11327530145645141,0.02648494467139244,0.6098780989646911,0.2787367045879364,0.16748350858688354,0.32891567051410675,0.10591642558574677,0.009648121055215597,0.6119637257419527
130,0.7185587406158447,0.3323106527328491,0.19379546940326692,0.3729418575763702,0.11906458288431168,0.025327218323946,0.620122492313385,0.31154665946960447,0.163638174533844,0.28781709671020506,0.10462031811475754,0.009806544706225395,0.5658821340650321
131,0.7007363915443421,0.3227865040302277,0.19267328679561616,0.35297965407371523,0.11918191760778427,0.027396663650870325,0.623359739780426,0.30774282813072207,0.16295976638793946,0.3004757404327393,0.1056701585650444,0.009056548215448856,0.578162213601172
132,0.715949022769928,0.328152996301651,0.19143291115760802,0.3754555344581604,0.11880047023296356,0.025849932059645652,0.6425704717636108,0.3071263074874878,0.16802769303321838,0.3232107162475586,0.1101357564330101,0.011791371181607247,0.6131655368953943
133,0.7019548296928406,0.31841771602630614,0.19103825390338897,0.3643264710903168,0.11932348757982254,0.026471662521362304,0.6484949469566346,0.30583234429359435,0.16292101740837098,0.3505351483821869,0.10688462257385253,0.009055924974381924,0.6293967133387923
134,0.7134024739265442,0.32484949231147764,0.18994941115379332,0.3816847026348114,0.11578288972377777,0.026135264709591866,0.6541102886199951,0.28885173201560976,0.1722489356994629,0.38513885736465453,0.10825909376144409,0.009609523043036462,0.6752564098685979
135,0.7083868265151978,0.3437443733215332,0.18601564466953277,0.33639995455741883,0.11616278439760208,0.02499912604689598,0.5936952829360962,0.2795544445514679,0.1655060052871704,0.2829252421855927,0.10982340127229691,0.009995068237185479,0.5682497169822455
136,0.7018021225929261,0.3346417427062988,0.18641896545886993,0.3395612269639969,0.11601493507623672,0.025689148157835007,0.6021916151046753,0.3049769401550293,0.16807395815849305,0.24454355835914612,0.11037288308143615,0.01060691885650158,0.5335973184555769
137,0.7036927461624145,0.3276390790939331,0.1920771360397339,0.346399313211441,0.11991549730300903,0.024503013119101524,0.625258469581604,0.2968729853630066,0.16731208562850952,0.3099060863256454,0.10919567942619324,0.009903380833566188,0.5963172322139144
138,0.6998759150505066,0.3363374352455139,0.18479164242744445,0.3338948130607605,0.11555945724248887,0.024683566763997078,0.6453319907188415,0.30851922035217283,0.1673159420490265,0.3273415982723236,0.10871942490339279,0.009569414705038071,0.612946379929781
139,0.7008901000022888,0.3296228349208832,0.18641936182975768,0.34339700937271117,0.1160767987370491,0.02673034407198429,0.5753444910049439,0.28083824515342715,0.1549268901348114,0.2631089299917221,0.1021422415971756,0.009960617125034332,0.5301386788487434
140,0.7101652503013611,0.32384673357009885,0.20002595484256744,0.34975221157073977,0.12322611808776855,0.026010308414697647,0.6178649306297302,0.292188024520874,0.16641162037849427,0.3027644157409668,0.10774789601564408,0.011861031875014305,0.5887849640101195
141,0.695443308353424,0.3209966242313385,0.18643781840801238,0.3448525249958038,0.11678246259689332,0.027883760631084442,0.6281245708465576,0.3111174702644348,0.1638106644153595,0.2911503195762634,0.10643167346715927,0.010367165133357049,0.5717598225921392
142,0.6900822281837463,0.32638373374938967,0.18417553901672362,0.331638765335083,0.1146154522895813,0.025544803589582443,0.5909990429878235,0.31035982370376586,0.15830542147159576,0.22601705491542817,0.10450803190469742,0.009891822934150696,0.49872233122587206
143,0.6970137596130371,0.3261737823486328,0.18189410567283631,0.3492721050977707,0.11412137299776078,0.024364851787686347,0.6196142911911011,0.31998249888420105,0.16250162124633788,0.25518186688423156,0.10734097063541412,0.00943648610264063,0.5344609448686242
144,0.6742413520812989,0.3252766847610474,0.17813853323459625,0.3115672945976257,0.1121434286236763,0.02415388561785221,0.5946789622306824,0.2814675271511078,0.16229525506496428,0.28348333239555357,0.10705990493297576,0.008547971397638321,0.5613864637911319
145,0.6993089556694031,0.32039502263069153,0.18547192513942717,0.3518864095211029,0.11802412122488022,0.025304304808378218,0.5898945093154907,0.3052315652370453,0.1603670060634613,0.22816805839538573,0.10649679750204086,0.00849873162806034,0.5035305935889482
146,0.6901848316192627,0.31707924604415894,0.18605631291866304,0.3437662661075592,0.11628131419420243,0.024329372122883795,0.5879592180252076,0.29876006841659547,0.15682563185691833,0.24298425912857055,0.10366228818893433,0.009719109907746316,0.5131912890821695
147,0.695068645477295,0.3226528763771057,0.18560079038143157,0.3390249252319336,0.1166355699300766,0.025799191370606423,0.6184426784515381,0.2882097244262695,0.16858192086219786,0.3046987742185593,0.10905561447143555,0.00982019379734993,0.5921565033495426
148,0.7241588115692139,0.32118075489997866,0.18550958037376403,0.4023530542850494,0.11457106024026871,0.026559901982545854,0.5698169946670533,0.2941229283809662,0.1567627340555191,0.21440244913101197,0.10357571691274643,0.009878448955714703,0.4846193490549922
149,0.6919613718986511,0.3211515545845032,0.18593867123126984,0.33672727942466735,0.11603337228298187,0.024500922486186027,0.5847766518592834,0.27474997043609617,0.16471751034259796,0.26760274171829224,0.10882390886545182,0.008634484373033047,0.549778645299375
150,0.6803238153457641,0.3191177070140839,0.17501177191734313,0.3396268367767334,0.10934520810842514,0.023454413935542106,0.6124183416366578,0.29263041019439695,0.16371201872825622,0.2875864148139954,0.10748621672391892,0.010166456922888756,0.5689511071890593
151,0.6849189043045044,0.33066577315330503,0.1764147698879242,0.3222259938716888,0.11010078191757203,0.023489659279584886,0.588211989402771,0.28751265406608584,0.1558399796485901,0.2652191400527954,0.10263090133666992,0.009470400027930736,0.5331604210659862
152,0.6817480325698853,0.31573315858840945,0.18163185119628905,0.3322169303894043,0.11400160789489747,0.024121015891432764,0.6378648042678833,0.2861859917640686,0.16797496676445006,0.3405549168586731,0.11038763374090195,0.01026170738041401,0.6291792247444391
153,0.6833768129348755,0.3223615109920502,0.17997995913028716,0.32103207111358645,0.11421888768672943,0.024911466985940933,0.641343104839325,0.29272831678390504,0.1726164847612381,0.32345795035362246,0.11431739330291749,0.009346603974699974,0.6197384323924781
154,0.6882740974426269,0.31911813616752627,0.1829998314380646,0.3330348014831543,0.11547194719314575,0.02387380450963974,0.606193733215332,0.29443727135658265,0.17865552008152008,0.23277198672294616,0.11871305853128433,0.011250074580311775,0.5413906399160624
155,0.6860304474830627,0.32311484813690183,0.18157414793968202,0.3234908223152161,0.11374441236257553,0.024379731714725496,0.6305774569511413,0.3131417155265808,0.16231236159801482,0.28133722543716433,0.10701221376657485,0.009798325225710868,0.5604601260274649
156,0.689522635936737,0.31871827840805056,0.17690163254737853,0.3480366826057434,0.11099624186754227,0.023997347801923752,0.6228408932685852,0.2958473265171051,0.1627953052520752,0.2962856590747833,0.10802638679742813,0.010477397218346595,0.5775847483426333
157,0.6841508984565735,0.31750344634056094,0.17473195791244506,0.33982846736907957,0.11078062504529954,0.02481470927596092,0.6203699946403504,0.2972063422203064,0.15187288522720338,0.3169615149497986,0.0994107410311699,0.00808867085725069,0.5763338120654226
158,0.6731305360794068,0.31020958423614503,0.17562931180000305,0.3311782360076904,0.11074529141187668,0.024589964374899864,0.5611638903617859,0.2892965853214264,0.15049013495445251,0.21011124849319457,0.10135916024446487,0.008584114164113999,0.4705446578562259
159,0.6672725319862366,0.31892308592796326,0.17448362410068513,0.30518861413002013,0.11051308512687683,0.022692592069506645,0.6106104612350464,0.2896181583404541,0.1691195398569107,0.2707338035106659,0.11251228302717209,0.008411511778831482,0.5607771381735802
160,0.6736449599266052,0.3210111796855927,0.1802423357963562,0.30004438757896423,0.1150752142071724,0.022056345269083975,0.6440791964530945,0.28309991359710696,0.17206723988056183,0.3455434203147888,0.11273870170116425,0.009488512948155402,0.6398378748446704
161,0.6961319446563721,0.316304349899292,0.17999114990234374,0.3519460201263428,0.11412453502416611,0.024690881744027136,0.5918309450149536,0.29630115032196047,0.1625673860311508,0.22946533858776091,0.10971682220697403,0.008066997583955526,0.5098165444098413
162,0.7040366053581237,0.31075204014778135,0.18522114753723146,0.3702754259109497,0.1171341747045517,0.022854433581233024,0.6368699789047241,0.2800301194190979,0.16253377497196198,0.35461578965187074,0.10632753223180771,0.010540408454835415,0.6340175053104757
163,0.6535041928291321,0.31120832562446593,0.17703231871128083,0.2821884363889694,0.11295582801103592,0.023007358983159067,0.6129776954650878,0.30158690810203553,0.16202914118766784,0.2634913891553879,0.10760033130645752,0.008596988767385483,0.5417178504168987
164,0.685362946987152,0.3219522714614868,0.1800492823123932,0.3173170894384384,0.1141534149646759,0.023969338461756706,0.5926997184753418,0.30853062868118286,0.14526824057102203,0.24376598000526428,0.09674880206584931,0.008539038710296154,0.4943220613524318
165,0.6680878520011901,0.31374086141586305,0.1786675989627838,0.2998936891555786,0.11351493746042252,0.02454977072775364,0.6390786290168762,0.2974660277366638,0.1491988182067871,0.3535680860280991,0.0969657376408577,0.009026102256029844,0.6087587441317737
166,0.6890316963195801,0.31719537973403933,0.17604642510414123,0.3446713089942932,0.11064484864473342,0.022566504776477814,0.5733850955963135,0.2907659649848938,0.1557775616645813,0.21099685430526732,0.10591214001178742,0.009372712951153517,0.4820592689327895
167,0.6935404539108276,0.3100520670413971,0.18216175436973572,0.3529937148094177,0.11489201188087464,0.022924285009503366,0.5829551100730896,0.2847858428955078,0.16376231014728546,0.23182676434516908,0.10729317665100098,0.00941704772412777,0.5122992988675833
168,0.6755641460418701,0.31426509022712706,0.1819569945335388,0.3039848327636719,0.11578406393527985,0.024429501965641975,0.5809659600257874,0.2602207660675049,0.16489787697792052,0.2717475652694702,0.10961374491453171,0.008572171069681644,0.5548313582316041
169,0.6772420763969421,0.30030596256256104,0.17778867483139038,0.3464607268571854,0.11207885444164276,0.023587428033351898,0.5766180396080017,0.26272742748260497,0.1665563017129898,0.25459428429603576,0.10969951450824737,0.00931987501680851,0.5401699755340814
170,0.6827864170074462,0.3280529260635376,0.18141106367111207,0.29160751700401305,0.11464131027460098,0.024555308371782304,0.6298830270767212,0.30187410712242124,0.1627273142337799,0.29108414649963377,0.10783189684152603,0.00782263306900859,0.5694659906439482
171,0.6705126404762268,0.3056734144687653,0.18079190850257873,0.31343685984611513,0.11463875025510788,0.023133547604084016,0.5659298777580262,0.30315263867378234,0.13131312876939774,0.22862902283668518,0.08682291507720948,0.00786214303225279,0.45462720971554516
172,0.6533765316009521,0.31297373175621035,0.1702346384525299,0.28609574139118193,0.10779786109924316,0.023365982249379157,0.6080603957176208,0.25982449054718015,0.1696197509765625,0.3126247763633728,0.11220553517341614,0.009687792137265205,0.6041378546506168
173,0.6977435708045959,0.32437911033630373,0.1768091857433319,0.34086441397666933,0.1114915817975998,0.021386708319187164,0.6763782739639282,0.3018661856651306,0.17047639489173888,0.3616792857646942,0.11142112463712692,0.012171760201454163,0.6557485654950143
174,0.6773597002029419,0.3114492654800415,0.17915354967117308,0.31515430808067324,0.11315316259860993,0.024640458077192305,0.5824251174926758,0.2742933392524719,0.17160173058509826,0.22272315323352815,0.11484191715717315,0.010402151569724082,0.5195689525455237
175,0.6921751260757446,0.3162398040294647,0.17865055799484253,0.33774356842041015,0.11292490959167481,0.022827130556106568,0.5929152727127075,0.2833557963371277,0.15428397059440613,0.2678274154663086,0.10235369205474854,0.00827544815838337,0.5327405262738466
176,0.6776511549949646,0.3174831449985504,0.1787876307964325,0.3050709694623947,0.1136063352227211,0.021942338719964028,0.5700072407722473,0.28226135969161986,0.1446681499481201,0.24207945466041564,0.09726428836584092,0.008268405310809612,0.49228029828518627
177,0.6494283318519593,0.3124827206134796,0.1731899857521057,0.26903594732284547,0.11095474362373352,0.021194714680314065,0.6200100660324097,0.2967397153377533,0.1552441954612732,0.29073895812034606,0.10372706204652786,0.007826081290841103,0.5575362969189881
178,0.6866663694381714,0.3116252481937408,0.17624216377735138,0.3396042943000793,0.11145754456520081,0.021933794021606445,0.6060989975929261,0.2898402810096741,0.16376289129257202,0.25477589964866637,0.1098809853196144,0.008736168406903744,0.5371559446677565
179,0.6611361026763916,0.3156493008136749,0.17053326666355134,0.29038297235965727,0.10925091058015823,0.02104397155344486,0.6021019697189331,0.2925682246685028,0.15079813599586486,0.2712023317813873,0.10034773647785186,0.008718113787472248,0.5310663180425763
180,0.6886248588562012,0.3128109037876129,0.1802172392606735,0.3300804436206818,0.1140482634305954,0.022325338795781136,0.6212934017181396,0.28376357555389403,0.159428209066391,0.3119836688041687,0.10470781177282333,0.007267826609313488,0.5833875162526965
181,0.6665289282798768,0.30375000834465027,0.17694817781448363,0.3121113717556,0.11146155297756195,0.021703756228089333,0.6159930348396301,0.3189971923828125,0.15254450142383574,0.24058713614940644,0.10126941651105881,0.009152115136384965,0.5035531692206859
182,0.6664170384407043,0.30535281300544737,0.17683834135532378,0.30586695969104766,0.11218363642692566,0.022122369706630708,0.5707845330238343,0.2750470668077469,0.15256009995937347,0.24065772891044618,0.1009818971157074,0.00715984283015132,0.5013595688156784
183,0.6576919674873352,0.30394967794418337,0.17194416224956513,0.29710524082183837,0.11050747036933899,0.02288249023258686,0.5917047619819641,0.3087951183319092,0.13966599702835084,0.24093167781829833,0.09352246522903443,0.007177392672747374,0.48129753274843096
184,0.6591547131538391,0.30646929144859314,0.1757169097661972,0.288574343919754,0.11221300512552261,0.021936340257525444,0.6425077795982361,0.2762953042984009,0.16663715243339539,0.34499749541282654,0.10999093502759934,0.010099607147276401,0.6317251900210977
185,0.6690713405609131,0.313248610496521,0.17174117863178254,0.3042449355125427,0.10932086259126664,0.021355876326560976,0.5909279465675354,0.28062622547149657,0.15016840696334838,0.2703320324420929,0.10015735477209091,0.007893528789281845,0.5285513229668141
186,0.7079690814018249,0.30515970587730407,0.1843122661113739,0.3717325270175934,0.11595951467752456,0.02182629480957985,0.5687565326690673,0.2591396689414978,0.1583437830209732,0.24952040910720824,0.10579482614994049,0.007759933546185494,0.5214189518243075
187,0.678644323348999,0.3182319402694702,0.1657921314239502,0.3280975878238678,0.10443935096263886,0.020594923198223113,0.5815809726715088,0.2815542876720428,0.15470002591609955,0.23491657376289368,0.10434413403272629,0.008431465364992619,0.5023921990767122
188,0.6801996350288391,0.31107622385025024,0.1765098214149475,0.31797688603401186,0.11230260878801346,0.021246761828660966,0.5887816071510314,0.28483211398124697,0.1562703490257263,0.2408868670463562,0.10498110502958298,0.007254096493124962,0.5093924175947905
189,0.6701044559478759,0.30409678220748904,0.17616043090820313,0.3090774416923523,0.11211743354797363,0.023022424429655075,0.5722329616546631,0.2652730107307434,0.16783889830112458,0.22138914465904236,0.11176403909921646,0.007424922659993172,0.5084170047193766
190,0.6877088427543641,0.3074999570846558,0.18028835356235504,0.3318785309791565,0.11310409307479859,0.022183657437562943,0.6159718632698059,0.29106147289276124,0.1634508490562439,0.26698343753814696,0.10833041220903397,0.007784388493746519,0.5465490872971713
191,0.6708635926246643,0.3154170334339142,0.17411401569843293,0.29542564451694486,0.11034495830535888,0.02035621553659439,0.6367084503173828,0.2888567328453064,0.16278483271598815,0.3132769107818604,0.10755405277013778,0.008470588177442551,0.5920863844454288
192,0.6828589320182801,0.3098339855670929,0.1770940512418747,0.3183952450752258,0.11373156309127808,0.02155800014734268,0.6110597133636475,0.28367137908935547,0.15856302976608277,0.2811902701854706,0.104823736846447,0.00837026983499527,0.5529473066329956
193,0.6709521293640137,0.3082327127456665,0.17621027827262878,0.2982713431119919,0.11288214772939682,0.022400219365954398,0.6322319149971009,0.2943632900714874,0.1620848447084427,0.2923181354999542,0.1081092894077301,0.007706194184720516,0.5702184638008475
194,0.667796540260315,0.31523884534835817,0.17062988579273225,0.2952475368976593,0.10815616399049759,0.020031819865107537,0.5872667074203491,0.2776432752609253,0.152814519405365,0.25250881910324097,0.10270066112279892,0.009361913055181503,0.5173859126865864
195,0.6566918611526489,0.3130806624889374,0.17182375490665436,0.27031019926071165,0.11082983613014222,0.01980312541127205,0.6107848525047302,0.2745800971984863,0.161635160446167,0.28974291682243347,0.10708757489919662,0.007783681899309158,0.5662493340671062
196,0.655534565448761,0.31475908756256105,0.16369692087173462,0.283583465218544,0.10451006889343262,0.02037452533841133,0.6337471008300781,0.30907591581344607,0.1702531099319458,0.2434644341468811,0.11369429081678391,0.008315259963274002,0.5357270948588848
197,0.6710770606994629,0.2996508300304413,0.17618293464183807,0.3147729754447937,0.11209840625524521,0.0216732244938612,0.5715620279312134,0.2822976589202881,0.16432178318500518,0.1839258998632431,0.11058477461338043,0.008268837165087462,0.4671012948267162
198,0.6488563895225525,0.30369428396224973,0.17447542548179626,0.26467337012290953,0.11194567233324051,0.020734846591949463,0.5916751503944397,0.2586092412471771,0.1657433032989502,0.2694235384464264,0.11072371900081635,0.007982131093740463,0.5538726918399335
199,0.6859892129898071,0.31357377767562866,0.1828516036272049,0.29826914668083193,0.1169305145740509,0.021973814442753793,0.5996399879455566,0.28498600125312806,0.16336670517921448,0.23568248748779297,0.10944779813289643,0.008699958585202694,0.5171969493851065
200,0.66622474193573,0.30169437527656556,0.18271280229091644,0.2811778336763382,0.11719279736280441,0.021988929063081742,0.549889600276947,0.277681702375412,0.1413109004497528,0.20240263640880585,0.0953703135251999,0.007115479093044996,0.4461993294768035
201,0.6922319173812866,0.3222710132598877,0.17678735554218292,0.3074769079685211,0.11287376433610916,0.021364324912428855,0.5828243970870972,0.29140307903289797,0.15168611109256744,0.21909093856811523,0.10096333026885987,0.007242083922028542,0.47898246385157106
202,0.6396180868148804,0.3010758638381958,0.1662564158439636,0.26884242296218874,0.10675763487815856,0.020335985347628593,0.6040854692459107,0.28092311024665834,0.162725967168808,0.2550681531429291,0.10878566056489944,0.007828054018318653,0.5344078348949551
203,0.6755634665489196,0.30428706407546996,0.18003059029579163,0.30209147930145264,0.11524665206670762,0.021383903175592422,0.6114975214004517,0.28458850383758544,0.1600888878107071,0.2670547366142273,0.1077710136771202,0.00795175163075328,0.5428663897328078
204,0.6693560838699341,0.31425432562828065,0.1744607150554657,0.28462502360343933,0.11177377849817276,0.019693034514784814,0.6012691617012024,0.27488316893577575,0.1549176901578903,0.28108844757080076,0.10355225205421448,0.00690095592290163,0.5464593457058071
205,0.6779390931129455,0.31398934721946714,0.17216284275054933,0.3070279687643051,0.10980522185564041,0.020784453302621842,0.6070909619331359,0.2977510988712311,0.1553655207157135,0.24323471784591674,0.10361442267894745,0.009178993105888367,0.511393654346466
206,0.6673887014389038,0.3096105754375458,0.1729739189147949,0.2947125881910324,0.1099145159125328,0.02002907544374466,0.5692437529563904,0.280417388677597,0.14805507957935332,0.22056295871734619,0.09947333037853241,0.007205694075673818,0.4752970627509057
207,0.6522031903266907,0.2989352822303772,0.17442292869091033,0.2810541927814484,0.11167708188295364,0.019788945838809014,0.5908479452133178,0.2720757484436035,0.15715439915657042,0.26059256196022035,0.10501279681921005,0.0069799510762095455,0.5297397090122103
208,0.640720546245575,0.3067636489868164,0.16810422241687775,0.25740161538124084,0.10763686001300812,0.019381572678685188,0.6407593250274658,0.26766090989112856,0.17550559639930724,0.32839221954345704,0.11591397374868392,0.0074792889878153804,0.6272910786792636
209,0.6544552564620971,0.30596494674682617,0.17281217575073243,0.2717769414186478,0.11169992387294769,0.02070830911397934,0.5621981680393219,0.28777228593826293,0.153688383102417,0.17612431645393373,0.10455036014318467,0.0070989149622619156,0.44146197466179726
210,0.6552923917770386,0.30902683138847353,0.1752612590789795,0.2669156312942505,0.11068632304668427,0.020701143145561218,0.5933992743492127,0.2860490083694458,0.15547010898590088,0.24137561321258544,0.10348202139139176,0.007779107242822647,0.5081068508327007
211,0.6760131120681763,0.2901970863342285,0.18510241210460662,0.3215997576713562,0.11693475395441055,0.022185995429754257,0.5684865593910218,0.2566180109977722,0.16457666754722594,0.23040574193000793,0.10858729481697083,0.008271445706486701,0.5118411500006914
212,0.6600086212158203,0.2892222344875336,0.177002614736557,0.3094269037246704,0.11245815753936768,0.021590641885995864,0.5715101003646851,0.27608596682548525,0.15312691330909728,0.22310166358947753,0.10230831056833267,0.007145006582140923,0.4856818940490484
213,0.6553012609481812,0.30369770526885986,0.17105141580104827,0.28470388650894163,0.10945767313241958,0.020383189618587493,0.5444910526275635,0.27859480381011964,0.1425548106431961,0.1830967038869858,0.09766179621219635,0.007726697903126478,0.43104000864550474
214,0.6743381500244141,0.3023772656917572,0.17020002603530884,0.32926526069641116,0.1083100527524948,0.019883129000663757,0.5903550744056701,0.2757773458957672,0.16271183788776397,0.23612104654312133,0.10959024280309677,0.007958656176924706,0.5163817834109068
215,0.6473233103752136,0.2986972987651825,0.16716395318508148,0.2895207703113556,0.10663506090641021,0.019497942924499512,0.5653405547142029,0.2850999891757965,0.13697096109390258,0.2295068085193634,0.09158176928758621,0.007742726430296898,0.46580226533114905
216,0.6490680813789368,0.296210515499115,0.17197120189666748,0.2820178657770157,0.11115384101867676,0.021013133227825165,0.6086445093154907,0.26676002740859983,0.1567683607339859,0.30700264871120453,0.10470046252012252,0.007569342665374279,0.5760408146306872
217,0.6647920727729797,0.3029382050037384,0.167076176404953,0.3147267997264862,0.10683688074350357,0.020165011286735535,0.5740140199661254,0.2728652536869049,0.1579569786787033,0.22408633232116698,0.10547435879707337,0.006646815966814756,0.49416448576375843
218,0.6492460489273071,0.3005123198032379,0.16632492542266847,0.29361690282821656,0.10463573187589645,0.020181572437286376,0.5619548320770263,0.2586109161376953,0.15676801800727844,0.2295984745025635,0.10393912345170975,0.008887900970876217,0.49919351693242786
219,0.6517079710960388,0.3144508540630341,0.1704789936542511,0.26096566319465636,0.10836105346679688,0.018819617480039595,0.6276096701622009,0.26828653216362,0.17571196854114532,0.2988937973976135,0.11610298454761506,0.008453298639506102,0.5991620491258799
220,0.6685130834579468,0.3022595703601837,0.17582831978797914,0.30572799444198606,0.11193559765815735,0.0193425077944994,0.5507446706295014,0.2848802626132965,0.13936682045459747,0.19878461658954621,0.09213396161794662,0.006649667769670487,0.4369350664317608
221,0.6344316720962524,0.2893843173980713,0.1701841175556183,0.2738671123981476,0.10848706811666489,0.02076382040977478,0.5736419081687927,0.2805438756942749,0.14840040802955629,0.2287404268980026,0.09965753108263016,0.0069573155604302885,0.4837556815706193
222,0.6646667838096618,0.30294464230537416,0.17620919942855834,0.29401734471321106,0.11310461461544037,0.019291802123188973,0.5731446504592895,0.27584540843963623,0.16054796874523164,0.20709967017173767,0.10867689102888108,0.006855049263685941,0.4831795792095363
223,0.6348602175712585,0.30018370151519774,0.16537364423274994,0.26450813710689547,0.10678454339504242,0.01850157342851162,0.6385819315910339,0.29068775177001954,0.16218846440315246,0.3063807308673859,0.10839840769767761,0.007444559782743454,0.5844121627509594
224,0.6323909521102905,0.2924193263053894,0.16665641069412232,0.2703412264585495,0.10755352675914764,0.019884726032614708,0.5733505249023437,0.28793410062789915,0.14052423238754272,0.23106600046157838,0.09504463523626328,0.006538102403283119,0.47317297048866747
225,0.6232339262962341,0.2896528303623199,0.1672055184841156,0.2560402095317841,0.1080799087882042,0.019826201349496843,0.5853036284446717,0.2729161113500595,0.16193558275699615,0.23614853620529175,0.10868321806192398,0.006660323776304722,0.5134276608005166
226,0.6469144463539124,0.2951857388019562,0.17420440316200256,0.276417875289917,0.11286609917879105,0.019359226524829864,0.6048551321029663,0.28412446975708006,0.15373310148715974,0.2761095941066742,0.10125756561756134,0.006502469070255756,0.5376027302816511
227,0.630002224445343,0.30280002355575564,0.16793835759162903,0.24190599024295806,0.10908151865005493,0.018854993954300882,0.573635482788086,0.2969282269477844,0.14826796054840088,0.19493420124053956,0.10041027516126633,0.00670844791457057,0.4503208848647774
228,0.6371353745460511,0.2989992260932922,0.166879740357399,0.2673566371202469,0.10813875198364258,0.018398871272802354,0.5860436201095581,0.2794309496879578,0.15423673987388611,0.24033790230751037,0.10402763038873672,0.007568105310201645,0.5061703778803349
229,0.6483559489250184,0.2975702166557312,0.16918738186359406,0.28472259640693665,0.10975203961133957,0.02011244706809521,0.5722715258598328,0.273517107963562,0.15940843224525453,0.21401808261871338,0.1069328397512436,0.007297604531049729,0.4876569591462612
230,0.6240363001823426,0.2922483623027802,0.1684658408164978,0.25179087817668916,0.10876612365245819,0.01841922141611576,0.5832937240600586,0.2722683668136597,0.15415893793106078,0.2525311350822449,0.10320501625537873,0.006393319182097912,0.5162884084507824
231,0.6539157390594482,0.3000502049922943,0.17152222990989685,0.29077160358428955,0.10960278511047364,0.01873692274093628,0.5800763964653015,0.28067919611930847,0.14885584115982056,0.23959903717041015,0.09980223029851913,0.007667920365929603,0.4959250289946795
232,0.6183835744857789,0.2905213892459869,0.16604748368263245,0.2492743670940399,0.1070632979273796,0.018768520653247835,0.5685319781303406,0.2617336750030518,0.161927929520607,0.2227746218442917,0.10937265604734421,0.007249152660369873,0.5013243600726128
233,0.6407325148582459,0.2950227677822113,0.17013695240020751,0.275998917222023,0.10943033248186111,0.0188735518604517,0.5940470218658447,0.2742825925350189,0.15375537872314454,0.26985701024532316,0.10299805104732514,0.007085972093045711,0.5336964121088386
234,0.6352377891540527,0.30015658140182494,0.162975412607193,0.2742663770914078,0.10400925278663635,0.017787251621484756,0.6045630693435669,0.28869075179100034,0.1538654923439026,0.25919891595840455,0.10311396569013595,0.008894487004727124,0.5250728609971703
235,0.6349874138832092,0.2924469828605652,0.16866557002067567,0.2731143534183502,0.10865163803100586,0.01856973096728325,0.5719761610031128,0.26784577369689944,0.1505775511264801,0.24474746584892274,0.10134256333112716,0.007321895565837622,0.5039894758723676
236,0.6469032764434814,0.2866089642047882,0.1791286587715149,0.2839092195034027,0.1153566673398018,0.019169589132070543,0.5966573238372803,0.2875025272369385,0.15896467864513397,0.23380376100540162,0.10781609416007995,0.007077817898243665,0.5076623517088592
237,0.629631769657135,0.2949410915374756,0.1662626713514328,0.26241307854652407,0.10720230638980865,0.018786463886499405,0.5738400816917419,0.26571877002716066,0.14501580893993377,0.26659223437309265,0.09780450910329819,0.006446812674403191,0.5158593650907278
238,0.6068157911300659,0.285952228307724,0.16667791306972504,0.2331398218870163,0.10863265842199325,0.01760289929807186,0.6005585193634033,0.2669194549322128,0.16267874836921692,0.2745078682899475,0.10986380726099014,0.00740277050063014,0.5544531944207847
239,0.6623990535736084,0.3012276589870453,0.1692335605621338,0.3092593729496002,0.10933193415403367,0.017989987134933473,0.5769915342330932,0.27237457036972046,0.15202447772026062,0.24107842445373534,0.10317192375659942,0.0069908383302390575,0.5032656642608344
240,0.656797444820404,0.29441089034080503,0.16996278762817382,0.3076068997383118,0.10912965685129165,0.0206743560731411,0.5768113493919372,0.27208465337753296,0.15837955772876738,0.22447736859321593,0.10813474953174591,0.007376406341791153,0.49836808219552037
241,0.6473856806755066,0.3000694513320923,0.16777376532554628,0.2828042656183243,0.10876999199390411,0.018938886746764184,0.5517200589179992,0.26667279601097105,0.15090276896953583,0.20261962413787843,0.10369122922420501,0.00656400453299284,0.46377762686461216
242,0.6364027857780457,0.30589216351509096,0.16787210404872893,0.24829315543174743,0.10985268503427506,0.017964708618819714,0.6058781743049622,0.28375275135040284,0.15453406572341918,0.2736811101436615,0.10337256789207458,0.0066360804252326485,0.538223824184388
243,0.6454553008079529,0.3007770895957947,0.17165131270885467,0.2682572156190872,0.11172872632741929,0.018564623966813087,0.5711202263832093,0.26995174288749696,0.15465404391288756,0.22795310020446777,0.10426284670829773,0.008002949133515357,0.49487293995916837
244,0.637271773815155,0.29387121796607973,0.16912420690059662,0.27478188574314116,0.10832209289073944,0.018750563263893127,0.5745699644088745,0.2598181009292603,0.15924251973628997,0.2474912643432617,0.10654486119747161,0.006914453115314245,0.5201930983923375
245,0.6510750532150269,0.3068119823932648,0.16834765374660493,0.27665793895721436,0.10849578380584717,0.01894925907254219,0.5578036785125733,0.24947926700115203,0.1514057457447052,0.2504691481590271,0.10228941291570663,0.007282207161188126,0.511446513980627
246,0.6097193717956543,0.2833892047405243,0.16246296763420104,0.25418769717216494,0.10531026721000672,0.018135068565607072,0.5457024097442627,0.27681379318237304,0.1483619600534439,0.17588759064674378,0.10214892625808716,0.006592690013349056,0.4329911669716239
247,0.6150423765182496,0.30367695093154906,0.16273891925811768,0.22105242013931276,0.10715487003326415,0.017592699453234672,0.5549157977104187,0.26682873368263244,0.1443217784166336,0.22780211567878722,0.09731907099485397,0.006722903810441494,0.47616586890071627
248,0.6202327489852906,0.2949498474597931,0.1589773714542389,0.2585246831178665,0.10348226428031922,0.01864229403436184,0.5758002877235413,0.2649849891662598,0.15242214798927306,0.2536966323852539,0.10246997922658921,0.00755132008343935,0.5161400796845556
249,0.6293383002281189,0.2958860695362091,0.15926949679851532,0.2765057414770126,0.10284558236598969,0.018170025572180747,0.5416248559951782,0.2319531947374344,0.16014013886451722,0.2320409297943115,0.10891680121421814,0.006663358956575394,0.5077612288296223
250,0.6458767533302308,0.28951501846313477,0.17045166790485383,0.2980502784252167,0.10966082513332367,0.017785614356398582,0.5922017097473145,0.2611457496881485,0.14937073588371277,0.30584697127342225,0.0985553190112114,0.006988211907446385,0.5607612380757928
251,0.6384764075279236,0.301046758890152,0.1641598880290985,0.27041632533073423,0.10735042095184326,0.01827302798628807,0.5685632944107055,0.275209379196167,0.15046580135822296,0.2207718551158905,0.10338490605354309,0.006214527226984501,0.48083708975464107
252,0.6198865175247192,0.28469449281692505,0.16320525705814362,0.2693096578121185,0.10640635192394257,0.01789742857217789,0.6101241111755371,0.26715277433395385,0.1536553144454956,0.31957497000694274,0.10176387876272201,0.006560519151389599,0.5815546823665498
253,0.5950988411903382,0.2879455268383026,0.15853201150894164,0.2243922621011734,0.10397878885269166,0.016731971129775047,0.5657805562019348,0.27020389437675474,0.14551743865013123,0.2417258858680725,0.09784722775220871,0.0058682898059487345,0.4909588420763612
254,0.5969597220420837,0.2902070999145508,0.15641598403453827,0.22871104776859283,0.10214520692825317,0.017205561324954034,0.5512064874172211,0.2581069588661194,0.1382054328918457,0.2537323132157326,0.09252948611974716,0.006573138013482094,0.4910403702408075
255,0.6337018847465515,0.28396827578544614,0.17278510332107544,0.27716542184352877,0.1115971252322197,0.018801742792129518,0.5934173703193665,0.2652180314064026,0.15849026441574096,0.2743219494819641,0.10665770024061202,0.007336463406682014,0.5468063775449992
256,0.6474208474159241,0.2917157351970673,0.16879748404026032,0.3002218246459961,0.10864272117614746,0.017932496219873428,0.5673653841018677,0.28987411260604856,0.14281813502311708,0.20737815499305726,0.09688658565282822,0.007866487186402083,0.45494936285540466
257,0.6364698767662048,0.29423690438270567,0.1696539580821991,0.26903082728385924,0.1095865398645401,0.01900578923523426,0.5746706485748291,0.2725461840629578,0.15061020851135254,0.24061305522918702,0.10189530849456788,0.006596381962299347,0.4997149541974068
258,0.6290043950080871,0.29489922523498535,0.16324227154254914,0.2679693430662155,0.10616931170225144,0.017614365369081498,0.5991715669631958,0.2972457826137543,0.15450850129127502,0.2300315111875534,0.10438656955957412,0.007527367956936359,0.49645394999533893
259,0.6302056193351746,0.29927087426185606,0.16450712978839874,0.26024467349052427,0.10630023777484894,0.017512291297316553,0.5011728167533874,0.23356414437294007,0.15056754350662233,0.17093648314476012,0.10280969142913818,0.0057813900522887705,0.43009510813280943
260,0.6294412612915039,0.3006276547908783,0.16595540940761566,0.2496316760778427,0.10742989182472229,0.019414530694484712,0.5605526685714721,0.27938165664672854,0.15085665881633759,0.1955956518650055,0.10338815599679947,0.006509541533887386,0.4563500082120299
261,0.643754243850708,0.27731703519821166,0.1716218739748001,0.31317360401153566,0.11089635789394378,0.01877589300274849,0.5807700634002686,0.29064205288887024,0.1502794623374939,0.2152031123638153,0.10188436657190322,0.007860464230179786,0.4752274055033922
262,0.6308041095733643,0.2994523882865906,0.1641453981399536,0.2611305922269821,0.1065588116645813,0.017364174500107764,0.5856855988502503,0.26981512904167176,0.15665742754936218,0.25614978075027467,0.10518314242362976,0.006119619868695736,0.5241099705919623
263,0.6185909986495972,0.2875457227230072,0.1602334350347519,0.2686546206474304,0.10399404615163803,0.018010281026363373,0.5464641809463501,0.25922327041625975,0.15291263461112975,0.20337169170379638,0.10419473201036453,0.007005748152732849,0.46748480647802354
264,0.6348776698112488,0.2925449013710022,0.16643242239952089,0.277750039100647,0.10828667432069779,0.017078383639454842,0.5694998979568482,0.26441540718078616,0.15217414498329163,0.24239200353622437,0.10302111953496933,0.00682900995016098,0.5044162780046463
265,0.6286663770675659,0.29094894528388976,0.16494362354278563,0.2708194822072983,0.10762919634580612,0.01743810996413231,0.5570132374763489,0.25863994359970094,0.15659086108207704,0.2174281358718872,0.10724963396787643,0.005877412110567093,0.48714604303240777
266,0.6194980263710022,0.2835378348827362,0.16989583075046538,0.2555923819541931,0.11119336634874344,0.01717531234025955,0.5783511400222778,0.25478193163871765,0.15127377808094025,0.28126345574855804,0.10239580422639846,0.007006859965622425,0.5419398980215192
267,0.6102751016616821,0.28459844589233396,0.16391007602214813,0.24786658883094786,0.10786716789007186,0.01703021116554737,0.579037320613861,0.271451473236084,0.15779694318771362,0.2334096312522888,0.10751975178718567,0.006375403702259063,0.5051017299294471
268,0.6218810200691223,0.2854054272174835,0.1689590334892273,0.2590044438838959,0.10969816595315933,0.018279553949832918,0.552352499961853,0.2675618290901184,0.13896762132644652,0.23537010550498963,0.0935366541147232,0.005835864506661892,0.4737102454528213
269,0.6074195146560669,0.2837786912918091,0.16878567934036254,0.23661768436431885,0.10918249636888504,0.016795196011662482,0.5519079148769379,0.2759390711784363,0.1470230847597122,0.1947646349668503,0.10030169039964676,0.0068189727142453195,0.4489083828404546
270,0.6105492115020752,0.2841846406459808,0.16390737593173982,0.24952794313430787,0.10718593746423721,0.017801402881741524,0.5655763268470764,0.2577199339866638,0.16191545128822327,0.22784494161605834,0.10823575407266617,0.006772060226649046,0.5047682072035968
271,0.6060377955436707,0.2891933679580688,0.16136592924594878,0.2358899086713791,0.10537804663181305,0.0183406975120306,0.5515779376029968,0.28477734327316284,0.13726531863212585,0.20442168712615966,0.09123767763376237,0.0067420339211821554,0.43966671731323
272,0.609712791442871,0.284549343585968,0.1697182834148407,0.23511315882205963,0.11001940965652465,0.0181832917034626,0.5378986597061157,0.24821544587612152,0.1525394767522812,0.21173981428146363,0.10305078476667404,0.006418232247233391,0.4737483080476522
273,0.6077126741409302,0.2860154628753662,0.16322824060916902,0.24351995289325715,0.10655178129673004,0.016816176287829877,0.5575257658958435,0.24325785636901856,0.1584199070930481,0.24970346689224243,0.10581664144992828,0.006270841788500547,0.5202108572237194
274,0.6167726397514344,0.29460201859474183,0.16322576403617858,0.2455278217792511,0.10607798397541046,0.01673695370554924,0.5748481154441833,0.2896878719329834,0.15212879776954652,0.2012289583683014,0.10435682982206344,0.00589216984808445,0.4636067558079958
275,0.6362142205238343,0.28685457706451417,0.17103857696056365,0.28100569248199464,0.11162434071302414,0.016733057610690594,0.5452383041381836,0.2841081142425537,0.13341974318027497,0.19682174921035767,0.0919672816991806,0.005774518381804228,0.4279832924716174
276,0.6040995359420777,0.28105360865592954,0.16478212773799897,0.24217699468135834,0.1073338434100151,0.0174750380218029,0.5228336036205292,0.2710929036140442,0.13785519897937776,0.16800189316272734,0.09460942447185516,0.006003918871283531,0.4064704354852438
277,0.6060031652450562,0.2854545831680298,0.1600546270608902,0.24755201637744903,0.10520914942026138,0.016480141878128053,0.6057148694992065,0.30155523419380187,0.13768889307975768,0.27578494548797605,0.0926664873957634,0.006794621795415878,0.512934947758913
278,0.6022479057312011,0.2846689999103546,0.16276028752326965,0.2343339890241623,0.10705617070198059,0.017108008824288846,0.5734983086585999,0.27409119009971616,0.15569373667240144,0.2248445510864258,0.1053804636001587,0.00536788422614336,0.4912866355851293
279,0.6266901135444641,0.283992201089859,0.16602372229099274,0.27940900027751925,0.10729344338178634,0.018125860020518303,0.533522880077362,0.25144474804401395,0.14795080125331878,0.20518048703670502,0.10139485448598862,0.005882283207029104,0.46040842598304155
280,0.6085437417030335,0.28633430004119875,0.15699191987514496,0.26280803978443146,0.10147231519222259,0.015481635555624962,0.574731981754303,0.2714675307273865,0.1575286418199539,0.2258022516965866,0.10730726569890976,0.006131062470376492,0.4967692216858267
281,0.6007634162902832,0.2896002411842346,0.15631822347640992,0.23806332647800446,0.10121940076351166,0.018218603171408176,0.5430090069770813,0.26903641819953916,0.14202898144721984,0.2045263707637787,0.09631301760673523,0.006259784940630198,0.44912815475836393
282,0.6097816586494446,0.2770110547542572,0.17051477432250978,0.25032351315021517,0.11054475605487823,0.016866750828921796,0.5771746516227723,0.2570959210395813,0.15572720170021057,0.26516187787055967,0.10515176057815552,0.00640347357839346,0.5324443137273193
283,0.6065751194953919,0.2924038410186768,0.15950190126895905,0.23656107485294342,0.104277703166008,0.016945837810635567,0.5304050207138061,0.25258701145648954,0.14910266995429994,0.1960831642150879,0.10087994039058686,0.006207370571792126,0.4522731451317668
284,0.6041558265686036,0.28228854537010195,0.16751240491867064,0.23279954195022584,0.10994550287723541,0.01680830493569374,0.5462031364440918,0.2614606976509094,0.14885071516036988,0.20731499791145325,0.10199213474988937,0.006667733564972878,0.46482558138668534
285,0.6050510883331299,0.28855159878730774,0.16223037540912627,0.235025092959404,0.10568011552095413,0.017416596971452238,0.5747745394706726,0.2678209990262985,0.14466085582971572,0.27013644576072693,0.09520717114210128,0.0062110073864459995,0.5162154801189899
286,0.6145284652709961,0.2889692306518555,0.16251102089881897,0.2526275277137756,0.10659326910972595,0.016280976682901384,0.552090173959732,0.26671034693717954,0.13887181878089905,0.23455407470464706,0.09498228132724762,0.005263687018305064,0.4736718618310988
287,0.6113728165626526,0.2898777604103088,0.16050512194633484,0.24881044626235962,0.10533339232206344,0.0164341326802969,0.5216543436050415,0.25386770963668825,0.14682163000106813,0.17752546668052674,0.10099200308322906,0.006601517833769321,0.4319406175985933
288,0.6095041632652283,0.28707327246665953,0.15874678194522857,0.25666401386260984,0.10402057319879532,0.015292723849415778,0.554317045211792,0.2535211265087128,0.15406301617622375,0.23085691928863525,0.1038956269621849,0.0063433656468987465,0.4951589280739427
289,0.5935048818588257,0.278408420085907,0.16290122270584106,0.2289872795343399,0.1070497453212738,0.017289238423109053,0.5232394695281982,0.2459064543247223,0.1475972682237625,0.195223069190979,0.10190857946872711,0.005734664760529995,0.4504635816439986
290,0.6285603046417236,0.28431310653686526,0.16222226917743682,0.2907534658908844,0.10612848401069641,0.016615491732954978,0.5669329404830933,0.282298281788826,0.1458377242088318,0.21524957418441773,0.09965630918741226,0.006335319112986326,0.4670789266936481
291,0.6044340372085572,0.2822264790534973,0.16514901518821717,0.2407542198896408,0.10771790593862533,0.016482890769839286,0.5421132683753968,0.2692546010017395,0.14310224652290343,0.19948001801967621,0.0974106103181839,0.005938473902642727,0.4459313487634063
292,0.5975986242294311,0.2749451220035553,0.16715474128723146,0.23419515490531922,0.1102838546037674,0.016706757247447968,0.5036249279975891,0.24806766510009765,0.14924412667751313,0.14599251747131348,0.10386215150356293,0.005823979247361421,0.404922774899751
293,0.6151141285896301,0.30131885409355164,0.15835486650466918,0.2375815987586975,0.10325990915298462,0.017953044176101683,0.5462228894233704,0.2677538752555847,0.14916437566280366,0.1997050017118454,0.09963797181844711,0.006280515622347593,0.4547878648154438
294,0.6070162653923035,0.2842626631259918,0.1580668419599533,0.2563625782728195,0.10339016318321229,0.017355301603674888,0.5571783065795899,0.27910107374191284,0.1476215124130249,0.1970290243625641,0.10164978355169296,0.005860272794961929,0.4521605931222439
295,0.5932981610298157,0.2930029571056366,0.1621519148349762,0.2022084265947342,0.10706994086503982,0.015778666734695433,0.5501131057739258,0.26842288970947265,0.1408293902873993,0.22034580409526824,0.09697678834199905,0.005894013028591871,0.4640459957532585
296,0.5923623085021973,0.28424211144447326,0.1621348589658737,0.21900809705257415,0.10654543191194535,0.015718970075249673,0.5283298373222352,0.25219943523406985,0.14804544746875764,0.19170596301555634,0.10220820754766465,0.00578075423836708,0.44774037227034574
297,0.5902360796928405,0.2739013612270355,0.15984558165073395,0.23893917500972747,0.10548508316278457,0.016367506235837936,0.5608970046043396,0.2722077786922455,0.14468069076538087,0.22763903737068175,0.09831807911396026,0.006016086228191853,0.47665389347821474
298,0.6044540405273438,0.28821500539779665,0.160300812125206,0.24063263833522797,0.10484981387853623,0.015603584796190261,0.5446039199829101,0.2582035422325134,0.14396266639232635,0.22396629750728608,0.09867316335439683,0.005375300906598568,0.47197742816060784
299,0.6049699902534484,0.2856018602848053,0.16069211065769196,0.2461950659751892,0.10471229106187821,0.016017498075962068,0.5649521112442016,0.2776261746883392,0.14610975682735444,0.21873217523097993,0.10055150985717773,0.006219206284731627,0.47161264820024373
300,0.6164725661277771,0.29859662652015684,0.1608375698328018,0.23884591460227966,0.1059183195233345,0.017308418452739716,0.5352865338325501,0.2651585042476654,0.14521244466304778,0.1864736258983612,0.09991974085569381,0.0062360532581806185,0.4378418646752834
301,0.6113615274429322,0.2860238790512085,0.16377382278442382,0.24798714220523835,0.10763356685638428,0.01689085699617863,0.573492968082428,0.26979353427886965,0.14654245972633362,0.25299514532089235,0.09872593134641647,0.007435246556997299,0.5056987829506397
302,0.6146421194076538,0.28079826235771177,0.1688206136226654,0.2535294651985168,0.1102424532175064,0.017751969769597052,0.5272624969482422,0.2511323094367981,0.1561586380004883,0.17247248142957688,0.10736384838819504,0.006358238309621811,0.442353206127882
303,0.5994825005531311,0.2811522543430328,0.1571847140789032,0.24883511066436767,0.10377287566661834,0.016496367007493972,0.542565107345581,0.2567665159702301,0.1477598011493683,0.2149232730269432,0.10001215487718582,0.006349852215498686,0.469045081268996
304,0.6002902030944824,0.29158530831336976,0.15962394773960115,0.22545505464076995,0.10457085371017456,0.016563609801232816,0.5175608992576599,0.24786471724510192,0.14683648347854614,0.1831398904323578,0.10081649869680405,0.005559299699962139,0.43635217230767015
305,0.5956681489944458,0.2788002848625183,0.16708585917949675,0.22143074572086335,0.10966205149888993,0.018496454507112504,0.5708330035209656,0.28461308479309083,0.14368143081665039,0.2238944500684738,0.09841222614049912,0.005742505937814712,0.471730612963438
306,0.5829082012176514,0.2815118134021759,0.15997363924980162,0.20874624252319335,0.10544086247682571,0.016565112769603728,0.5270558595657349,0.23944568037986755,0.14991403222084046,0.2107240527868271,0.10294783413410187,0.006204740609973669,0.4697906597517431
307,0.594577431678772,0.2799138307571411,0.1597905158996582,0.237247434258461,0.1046866312623024,0.016368564404547214,0.5477764964103699,0.2693194806575775,0.144477242231369,0.20780827105045319,0.09798189848661423,0.0061890996992588045,0.4564565114676952
308,0.5875681519508362,0.2853874921798706,0.15715883672237396,0.218429633975029,0.10297570079565048,0.01630103141069412,0.5369032979011535,0.26120130717754364,0.14190470576286315,0.20409423112869263,0.09818075448274613,0.006459681876003742,0.4506393732503057
309,0.5925347208976746,0.282005113363266,0.16049739718437195,0.22648123800754547,0.10519252121448516,0.01692540608346462,0.5105158448219299,0.23743224740028382,0.13923869729042054,0.2090252995491028,0.09462125301361084,0.006186198350042105,0.4490714482031763
310,0.5792106986045837,0.27241537570953367,0.16085205078125,0.2180331140756607,0.10578350722789764,0.016527480632066726,0.5527812361717224,0.265994131565094,0.14542772620916367,0.22029446065425873,0.0991529330611229,0.006818723957985639,0.47169384388253094
311,0.5805118203163147,0.2786222636699677,0.15450992584228515,0.2248941481113434,0.1012741595506668,0.015590487979352474,0.526085376739502,0.2519534230232239,0.14674407839775086,0.1909758448600769,0.10131401717662811,0.0056542795151472095,0.44468821994960306
312,0.5811723470687866,0.2730019986629486,0.1594477891921997,0.22374022305011748,0.10570817291736603,0.015525959059596061,0.5384110569953918,0.2707537353038788,0.14955466985702515,0.16900138854980468,0.10450920313596726,0.005528670083731413,0.42859393162652853
313,0.5932470917701721,0.27327545285224913,0.16144045889377595,0.2435244619846344,0.10614168494939805,0.01621070336550474,0.5372521877288818,0.24163281917572021,0.1511596620082855,0.22836849689483643,0.10194790810346603,0.005581950582563877,0.4870580175891519
314,0.6030295491218567,0.28596975207328795,0.15996163487434387,0.24295587241649627,0.10413874387741089,0.016374711692333222,0.5039557695388794,0.25402264595031737,0.13590329885482788,0.16892301738262178,0.09364291280508041,0.005538645293563604,0.4040078743360937
315,0.5865050315856933,0.28406969308853147,0.15720871686935425,0.2205231726169586,0.10249417275190353,0.01582173854112625,0.5338325142860413,0.2627826154232025,0.14258704483509063,0.19496887922286987,0.09809572994709015,0.005966009572148323,0.441617663577199
316,0.5865752458572387,0.283369642496109,0.1580304592847824,0.21775067150592803,0.10425703078508378,0.015797150321304798,0.5229031562805175,0.27264751195907594,0.140669047832489,0.1592581331729889,0.0967840537428856,0.005011487286537886,0.40172272203490134
317,0.6069270610809326,0.2811175763607025,0.1618146300315857,0.25590392053127287,0.10544832795858383,0.016431244276463985,0.5317431688308716,0.2658888459205627,0.14503551721572877,0.1800193190574646,0.09899323880672455,0.006190949212759733,0.4302390242926777
318,0.5759161114692688,0.2922637045383453,0.15987879931926727,0.1718878388404846,0.10664635002613068,0.015889635123312474,0.503313022851944,0.2537772536277771,0.13829668760299682,0.16109147071838378,0.09559414237737655,0.0060679174028337,0.40105021810159086
319,0.5852344512939454,0.27936685681343076,0.1615338921546936,0.21732710897922516,0.10548969209194184,0.015639116801321507,0.5288997709751129,0.25122016966342925,0.15114168524742128,0.18693124651908874,0.10451283901929856,0.0059004022739827635,0.44848617305979127
320,0.5948087334632873,0.27765129804611205,0.15929316282272338,0.24270159304141997,0.10445175617933274,0.016726149804890157,0.5418211817741394,0.26338593363761903,0.14792100489139556,0.1983548730611801,0.10179017931222915,0.005010208953171969,0.45307626621797675
321,0.5864389777183533,0.27769930362701417,0.15801172852516174,0.22879586219787598,0.10354180485010148,0.016848676837980747,0.5223522305488586,0.247016441822052,0.14339776933193207,0.20505759119987488,0.09717335253953933,0.005621114559471607,0.4512498276308179
322,0.5899927854537964,0.2811795175075531,0.16075966358184815,0.2231390118598938,0.10551493316888809,0.016212856955826284,0.5029136419296265,0.24039916396141053,0.14658263921737671,0.1702275037765503,0.10012318938970566,0.005694583617150783,0.4226279160007835
323,0.5968112826347352,0.28225956559181214,0.1609516978263855,0.2387719511985779,0.10388463139533996,0.015436100400984287,0.5262487769126892,0.25334222316741944,0.14611724615097046,0.19389497935771943,0.09903663992881775,0.005519737116992473,0.44456860255450015
324,0.6032872915267944,0.2881437599658966,0.15827469229698182,0.24434547126293182,0.10272349268198014,0.015871352702379226,0.5078040719032287,0.24835419654846191,0.13971301913261414,0.18009361624717712,0.09519365727901459,0.006218408606946469,0.4212187012657523
325,0.6081103086471558,0.2845134139060974,0.1618701308965683,0.2511852979660034,0.10553430914878845,0.016478366777300836,0.5314678013324737,0.2603996992111206,0.15000060498714446,0.1797821044921875,0.10219587236642838,0.005687002092599869,0.4376655839383602
326,0.5962081789970398,0.280100429058075,0.16044618785381318,0.2408283531665802,0.1045225590467453,0.015639875456690787,0.4911410093307495,0.23767204880714415,0.14821764528751374,0.1465390682220459,0.10207771062850952,0.005732716806232929,0.4025671409443021
327,0.5743180632591247,0.27027387619018556,0.15294766426086426,0.23303012251853944,0.09968661516904831,0.016240987181663512,0.5323588848114014,0.2318495124578476,0.15275276005268096,0.23029715716838836,0.10479434430599213,0.005985834822058678,0.49383009634912006
328,0.5897444248199463,0.2773334801197052,0.1606850415468216,0.22849481999874116,0.1063110038638115,0.016442863270640373,0.5011374175548553,0.2578597664833069,0.13520661741495132,0.15543469786643982,0.09395623654127121,0.005715394020080566,0.39031294584274295
329,0.5837012648582458,0.28068498373031614,0.16134739816188812,0.2106088399887085,0.10624251961708069,0.015422351472079755,0.523883867263794,0.25250681638717654,0.14139915406703948,0.19985365271568298,0.09663435071706772,0.005880410503596068,0.44376756800338624
330,0.5775017738342285,0.26885976195335387,0.15997954308986664,0.22582873106002807,0.10504140555858613,0.01528067234903574,0.5143508315086365,0.2397001028060913,0.14322839081287383,0.20540785789489746,0.09647044539451599,0.005517412535846233,0.45062410663813357
331,0.5876580357551575,0.28512437343597413,0.15919304490089417,0.21566183865070343,0.10456653535366059,0.015056678093969822,0.5371987998485566,0.2611163318157196,0.15083586871623994,0.18588338494300843,0.10361866801977157,0.005863056983798742,0.4462009786628187
332,0.585741126537323,0.2795633912086487,0.1572915405035019,0.22616629302501678,0.10381793230772018,0.015186994150280953,0.5615909218788147,0.2725502550601959,0.143805330991745,0.2312888026237488,0.09794842302799225,0.005064561776816845,0.4781071184203029
333,0.5817932605743408,0.2737440586090088,0.15787868201732635,0.22748037278652192,0.1049155592918396,0.014934441819787026,0.530942189693451,0.26522217988967894,0.14361179769039153,0.18247006237506866,0.09869987815618515,0.00568457767367363,0.430466315895319
334,0.5764809131622315,0.2754654288291931,0.1520223319530487,0.22950378358364104,0.09969409704208373,0.015083297714591026,0.5248860955238343,0.2590220540761948,0.1506629228591919,0.1665697067975998,0.10383167564868927,0.004879990220069885,0.42594429552555085
335,0.6078773021697998,0.28068931102752687,0.1663511037826538,0.24810017347335817,0.10827909708023072,0.016690345481038094,0.47447693943977354,0.2519843101501465,0.13336754441261292,0.11732236742973327,0.09340203255414962,0.005350936390459538,0.34944288078695535
336,0.5795987963676452,0.2713778555393219,0.16086935102939606,0.22122067511081694,0.10625858157873154,0.015596207417547702,0.5146027326583862,0.23985691964626313,0.14963690638542176,0.185780867934227,0.10335419476032257,0.005261118710041046,0.4440330877900123
337,0.5624646186828614,0.2724750578403473,0.15098605453968048,0.20887590646743776,0.09960464537143707,0.01493417527526617,0.5591552495956421,0.251581197977066,0.15937210321426393,0.2299250602722168,0.10865567177534104,0.006099726632237434,0.5040525618940591
338,0.5538541197776794,0.2755040884017944,0.14970340430736542,0.18592448830604552,0.09972681552171707,0.015441820397973061,0.544560432434082,0.27574361860752106,0.1479931503534317,0.17655587196350098,0.10291355103254318,0.005183890834450722,0.43264646418392655
339,0.5512650966644287,0.27352131605148317,0.15223418176174164,0.1800607055425644,0.1002478688955307,0.01621209979057312,0.5415851533412933,0.25674391984939576,0.153502357006073,0.1968991756439209,0.10585370510816575,0.005409667827188968,0.4616649055853487
340,0.5732402682304383,0.270774108171463,0.15340617597103118,0.22650470733642578,0.10201777368783951,0.014989928528666496,0.5299723625183106,0.26758500635623933,0.13985291719436646,0.1833460420370102,0.09658150523900985,0.006009114813059569,0.4257895792834461
341,0.5787532806396485,0.2708075404167175,0.1611127585172653,0.22058783769607543,0.10580766648054123,0.016125388070940973,0.5375923037528991,0.29106093049049375,0.13807522654533386,0.15533816516399385,0.09578111320734024,0.005776485148817301,0.3949709900654852
342,0.5866822481155396,0.2787555456161499,0.15969941318035125,0.22339971661567687,0.10504689216613769,0.01618607472628355,0.5803185105323792,0.26754621267318723,0.15177880525588988,0.2618549346923828,0.10215537697076797,0.0054286599159240724,0.5212177768349647
343,0.5702953577041626,0.28236923217773435,0.1544093072414398,0.19551610350608825,0.10250020772218704,0.014947457052767277,0.511998450756073,0.23823777735233306,0.1470647931098938,0.1900178760290146,0.10151964575052261,0.005285261385142803,0.4438875762745738
344,0.5730689406394959,0.2758572518825531,0.15117188394069672,0.22040942013263704,0.09971051961183548,0.016729285940527916,0.5235602498054505,0.2615490049123764,0.1377219319343567,0.18812389075756072,0.09509893506765366,0.005699187424033881,0.42664394518360493
345,0.5904700040817261,0.2797513663768768,0.15688644647598265,0.23564464151859282,0.10324484556913376,0.016011789441108704,0.5583847284317016,0.25552734434604646,0.1479497253894806,0.2504251480102539,0.09975049197673798,0.005599231272935867,0.5037245966494083
346,0.5763891339302063,0.2757708728313446,0.16132304668426514,0.20551425218582153,0.10628442764282227,0.015593153983354568,0.5289225339889526,0.25461348295211794,0.14168522953987123,0.20517239570617676,0.09680587202310562,0.005820554122328759,0.4494840513914824
347,0.5713170886039733,0.2757452130317688,0.15457505881786346,0.20832858383655548,0.10281087160110473,0.01615595296025276,0.5701040267944336,0.2362308382987976,0.16196513772010804,0.2801108479499817,0.10880149453878403,0.005762381758540869,0.5566398619674147
348,0.567048454284668,0.2770195841789246,0.14930929243564606,0.21430233418941497,0.09799045771360397,0.014617987908422947,0.5414898514747619,0.2586121380329132,0.13857851624488832,0.23040667176246643,0.09486963599920273,0.005022099800407886,0.4688769238069654
349,0.581889271736145,0.2710806906223297,0.1555743545293808,0.23881526291370392,0.10326456278562546,0.014784619212150574,0.5512525081634522,0.26532458066940307,0.1398433268070221,0.23309844732284546,0.09593234658241272,0.005035318247973919,0.4739094389602542
350,0.5767637133598328,0.27648871541023257,0.15387159287929536,0.2233911484479904,0.10137160867452621,0.01467431876808405,0.5195263504981995,0.2680277705192566,0.1411718785762787,0.159609255194664,0.09771746546030044,0.004843640420585871,0.4033422396518291
351,0.600448215007782,0.2782564043998718,0.16538267731666564,0.23968677520751952,0.10937298685312272,0.014691551774740219,0.5515047669410705,0.24452011287212372,0.14840455651283263,0.25583609342575075,0.10129594951868057,0.005097654229030013,0.5106342536862939
352,0.5769334554672241,0.26810984015464784,0.1605976939201355,0.22280466556549072,0.1063356190919876,0.0154097281396389,0.4949201107025146,0.23369742631912233,0.14779441356658934,0.16171484291553498,0.10263556689023971,0.00547497570514679,0.41761979907751084
353,0.5571624040603638,0.26681989431381226,0.1523258239030838,0.2048603415489197,0.10103469789028167,0.015306774340569974,0.5330909073352814,0.23392192423343658,0.15760220289230348,0.21713207066059112,0.10796640962362289,0.005479164700955152,0.48817984787747265
354,0.5559384822845459,0.26834694147109983,0.15388889908790587,0.19692189395427703,0.10167861580848694,0.015010770410299301,0.4762272834777832,0.2315342366695404,0.13161709606647493,0.16933224797248841,0.09058903902769089,0.005184745136648417,0.39672312820330263
355,0.5569116711616516,0.2650496751070023,0.15118541419506074,0.20884553492069244,0.09990123361349106,0.017064705863595007,0.5012079894542694,0.23142973184585572,0.14245629608631133,0.19384324550628662,0.09789095520973205,0.005339313298463821,0.43952981010079384
356,0.5695302248001098,0.28060683608055115,0.1502680003643036,0.20602865517139435,0.10005163699388504,0.015319163911044598,0.5234063327312469,0.25467522740364074,0.1396710008382797,0.19605399966239928,0.09665097445249557,0.006025199592113495,0.4384011745452881
357,0.5821281313896179,0.2837942004203796,0.15740103125572205,0.20888815224170684,0.10481736063957214,0.01481708325445652,0.5267527759075165,0.24840159416198732,0.1503809094429016,0.19308424592018128,0.1030378594994545,0.005115373991429806,0.45161838885396716
358,0.5876633405685425,0.27906952500343324,0.15988464057445526,0.22483447790145875,0.10541494339704513,0.01545611210167408,0.5021906852722168,0.2638399600982666,0.13747800290584564,0.13909535408020018,0.09658956080675125,0.00496355053037405,0.3781264683231711
359,0.5573066711425781,0.2756559669971466,0.15404392182826995,0.18313325047492982,0.10262797772884369,0.014905902557075024,0.5010828912258148,0.24949183464050292,0.13264686465263367,0.18012427687644958,0.09162809997797013,0.0051105230581015345,0.4095097645651549
360,0.5832019686698914,0.27899864315986633,0.15931800305843352,0.21584677398204805,0.10523605942726136,0.016264111548662186,0.5056793808937072,0.24334251880645752,0.1435234159231186,0.17354082465171813,0.09957194924354554,0.00604681009426713,0.42268299991264935
361,0.5428737878799439,0.26504658460617064,0.1538727194070816,0.17780792713165283,0.10206675976514816,0.014171634614467622,0.5101187229156494,0.23727699518203735,0.14224515855312347,0.20166634023189545,0.09689407795667648,0.0057026796042919155,0.44650825634598734
362,0.5642714858055115,0.27640336751937866,0.15211252570152284,0.20075900256633758,0.10098315477371216,0.014927417412400246,0.5347408771514892,0.2609934687614441,0.15078585743904113,0.18088654279708863,0.10457863360643387,0.004760888777673245,0.44101192262023686
363,0.569189703464508,0.27293588519096373,0.15343950390815736,0.2154650032520294,0.1014759823679924,0.014750831201672554,0.5022648453712464,0.27501912117004396,0.12819611728191377,0.1399909347295761,0.08969833701848984,0.004934061691164971,0.36281945072114463
364,0.5727767467498779,0.2656003415584564,0.1641750305891037,0.20903335213661195,0.10934449583292008,0.016039562225341798,0.5435509204864502,0.24253350496292114,0.1528824031352997,0.2309220552444458,0.10484791547060013,0.0060960715636610985,0.49474844541400675
365,0.6033329486846923,0.27729113698005675,0.15799192488193511,0.2650670617818832,0.10313946604728699,0.016246943548321725,0.48738075494766236,0.2543903887271881,0.13775615990161896,0.12799087166786194,0.09614107757806778,0.005679703503847122,0.36756781265139576
366,0.5718894362449646,0.2732012391090393,0.15710083842277528,0.21047609746456147,0.1039185255765915,0.01568743698298931,0.5033826470375061,0.26178003549575807,0.13720687627792358,0.15009630620479583,0.09484830051660538,0.004432456288486719,0.3865839392878115
367,0.5876951336860656,0.2775971591472626,0.15775657594203948,0.23454373180866242,0.1035434439778328,0.014863403327763081,0.5232075572013855,0.24745157957077027,0.14412623941898345,0.1983609527349472,0.10096441656351089,0.005068550445139408,0.448520159162581
368,0.5459781885147095,0.27162890434265136,0.15269857943058013,0.17192105054855347,0.10152778476476669,0.015016678720712662,0.49502729177474974,0.24625145196914672,0.1300724595785141,0.18078356385231018,0.08976262211799621,0.005121699906885624,0.40574034545570614
369,0.5793876647949219,0.2819395899772644,0.15466887056827544,0.21402862071990966,0.1025620624423027,0.015053236857056618,0.520627474784851,0.24964870810508727,0.15122547149658203,0.1738761156797409,0.104636649787426,0.005416190251708031,0.43515442721545694
370,0.553073525428772,0.27517379224300387,0.15410165190696717,0.17483868896961213,0.10297252088785172,0.014938627369701862,0.5068331241607666,0.25430873930454256,0.13933154344558715,0.1647152066230774,0.09717392474412918,0.004752991441637278,0.405973666254431
371,0.5508585095405578,0.27597392797470094,0.14829263389110564,0.18368922770023347,0.09877705425024033,0.014452257566154003,0.5202930092811584,0.2544145852327347,0.14530902802944184,0.17901981472969056,0.09990302622318267,0.005444204062223434,0.4296760730445386
372,0.5683476209640503,0.2803827583789825,0.15536334216594697,0.19271230697631836,0.10354333370923996,0.014833854883909226,0.49818784594535825,0.23405816555023193,0.14523051977157592,0.17404825091362,0.10101794451475143,0.004960537608712912,0.4252572528086603
373,0.559511399269104,0.264782053232193,0.15504240989685059,0.20708152353763581,0.10219562500715255,0.016388255916535855,0.5250432848930359,0.2573247492313385,0.15070732533931733,0.171434885263443,0.10308208167552949,0.0050933949649333956,0.4303176872432232
374,0.5633845090866089,0.27364755272865293,0.15827713012695313,0.18899768590927124,0.1045054942369461,0.01656292248517275,0.49729257822036743,0.23444551825523377,0.15091224908828735,0.15950755327939986,0.10404473394155503,0.005132035491988063,0.4195965718012302
375,0.5612632989883423,0.2685393035411835,0.15578432083129884,0.2032658040523529,0.10258031636476517,0.01516943722963333,0.5238295555114746,0.2531618237495422,0.14121203124523163,0.19830223619937898,0.09683267921209335,0.005825630202889442,0.4421725768595934
376,0.5794483542442321,0.282404226064682,0.15099735260009767,0.22332804799079894,0.09955211728811264,0.014756148867309093,0.5489452838897705,0.2642032980918884,0.1487432062625885,0.2090324878692627,0.10209270864725113,0.005373517703264952,0.46524192048236723
377,0.5697665691375733,0.26940531432628634,0.1545470803976059,0.22051092982292175,0.10185432732105255,0.015682731196284293,0.539616060256958,0.24546884298324584,0.1469004362821579,0.23306511640548705,0.10070451945066453,0.0049426952376961705,0.48561276737600567
378,0.5658551216125488,0.2639644593000412,0.1546056240797043,0.22537682950496674,0.10121681690216064,0.015260873548686504,0.5236353397369384,0.26560244560241697,0.14967967867851256,0.1510374963283539,0.10417329221963882,0.005001502763479948,0.4098919699899852
379,0.5671680212020874,0.2714772343635559,0.15780181288719178,0.2043854683637619,0.10446859002113343,0.014469406940042973,0.4756430208683014,0.24158414006233214,0.13039913177490234,0.14835045039653777,0.09121336340904236,0.004958190768957138,0.3749211363494396
380,0.5797905802726746,0.2670672178268433,0.16135526895523072,0.2298291027545929,0.10625854581594467,0.015532320179045201,0.5053374290466308,0.253274142742157,0.1373998135328293,0.1679067075252533,0.095658677816391,0.005359049420803785,0.40632424829527736
381,0.5479968905448913,0.2635262072086334,0.14997099041938783,0.19756670892238617,0.09985902607440948,0.015489711798727513,0.5137035369873046,0.25428935289382937,0.14180109798908233,0.17360681295394897,0.09808476418256759,0.005179297830909491,0.41867197295650843
382,0.5805883765220642,0.2682669460773468,0.15920968353748322,0.23386840522289276,0.105316761136055,0.014950872957706451,0.5300127387046814,0.2675980031490326,0.14161100387573242,0.18255391120910644,0.09697572439908982,0.004795090667903424,0.42593573015183206
383,0.5490952730178833,0.26832203269004823,0.15081196427345275,0.19083723425865173,0.10034647136926651,0.013717401959002017,0.5180594325065613,0.25362472534179686,0.15016407370567322,0.1624554991722107,0.10449135452508926,0.005190815776586533,0.4223017431795597
384,0.5528790295124054,0.2675203323364258,0.15251685678958893,0.19568145871162415,0.10107318311929703,0.014551929011940957,0.49833781719207765,0.25797963738441465,0.1396442770957947,0.1392445832490921,0.09739250391721725,0.005030355509370565,0.38131171977147466
385,0.5694681406021118,0.2726131081581116,0.1521872580051422,0.22134866416454316,0.1001116618514061,0.014250590279698373,0.5285542368888855,0.25732492208480834,0.13616832494735717,0.21048343181610107,0.09396608918905258,0.005624810792505741,0.4462426567450166
386,0.578325605392456,0.27680529952049254,0.15276817679405214,0.2269185423851013,0.10070030838251114,0.015680900774896145,0.5217872500419617,0.24853497445583345,0.1438447892665863,0.19607093334197997,0.09984714239835739,0.00492468923330307,0.44468755424022677
387,0.5540489912033081,0.27642821073532103,0.1509449452161789,0.18047047555446624,0.1010665938258171,0.015494961477816104,0.5166479051113129,0.23602585196495057,0.14116419851779938,0.2193973422050476,0.09661457240581513,0.00532390046864748,0.4625000135973096
388,0.5658201098442077,0.2734063476324081,0.15066609978675843,0.21372387707233428,0.09965331703424454,0.015093492157757283,0.5397339582443237,0.25718350410461427,0.13458089232444764,0.24043406844139098,0.09199825078248977,0.004349523177370429,0.47136273472569884
389,0.5672210812568664,0.26822760701179504,0.15246172547340392,0.2220089018344879,0.10134612768888474,0.014874345995485783,0.49387807846069337,0.2454312264919281,0.14889304637908934,0.1331787586212158,0.10407613515853882,0.00476396712474525,0.3909119072835892
390,0.5504169583320617,0.2697553336620331,0.15243114531040192,0.18513392508029938,0.10154465436935425,0.014763502031564712,0.49552704095840455,0.25763005018234253,0.13368613719940187,0.14904482066631317,0.0932085707783699,0.004747040336951613,0.38068656898103653
391,0.5641801714897156,0.27642099261283876,0.1599964141845703,0.18007841110229492,0.10685464590787888,0.015524457022547723,0.4773059129714966,0.24090358018875122,0.14386642575263978,0.11937561333179474,0.10111721456050873,0.005234466260299086,0.36959371990524237
392,0.5724758982658387,0.2703784227371216,0.1576525717973709,0.21571176052093505,0.10445851683616639,0.01565256267786026,0.506041407585144,0.2228413701057434,0.15283222794532775,0.1949731945991516,0.1053658202290535,0.005616422276943922,0.45878766505047675
393,0.5347538709640502,0.26313573122024536,0.1499381333589554,0.1733413130044937,0.10009275376796722,0.014122382923960685,0.470417457818985,0.23497703671455383,0.1373351514339447,0.13361190855503083,0.09639086127281189,0.00510861799120903,0.3724465392529964
394,0.5470536470413208,0.2642335891723633,0.1528906226158142,0.1876283973455429,0.10180300176143646,0.015367904864251613,0.4956177592277527,0.23785993456840515,0.14581355452537537,0.1579224169254303,0.10233493596315384,0.0050785037688910965,0.4111494111828506
395,0.5609540104866028,0.26549500823020933,0.15932316184043885,0.19827233850955964,0.10631757080554963,0.014776679687201977,0.5064703345298767,0.24208810925483704,0.14884318709373473,0.16503416299819945,0.10386430472135544,0.005113206338137388,0.422854861151427
396,0.5514392018318176,0.26701425313949584,0.1536715656518936,0.19012542963027954,0.10222391486167907,0.014717903919517994,0.4984904944896698,0.24155534505844117,0.14829583764076232,0.1533588707447052,0.10226907134056092,0.005483908951282502,0.40940768867731087
397,0.5725165486335755,0.27721484899520876,0.1539371907711029,0.21267704367637635,0.10170536935329437,0.014698873087763787,0.4965628147125244,0.26343761682510375,0.1308379888534546,0.1461978644132614,0.09121364206075669,0.0048480360768735405,0.3730975314043462
398,0.563558840751648,0.2712204098701477,0.16017689406871796,0.19055005311965942,0.10638291835784912,0.015131458640098572,0.49983190298080443,0.26386888027191163,0.13552573323249817,0.14349024891853332,0.0931080475449562,0.004781393334269524,0.37690542303025726
399,0.5496623754501343,0.27129058837890624,0.1540883004665375,0.1800256371498108,0.10095523744821548,0.014799397438764572,0.5130471467971802,0.24783976674079894,0.1453491270542145,0.17702100276947022,0.10032707750797272,0.005278955679386854,0.4279761630110443
400,0.5526131153106689,0.2809093534946442,0.15139263570308686,0.17242036759853363,0.09988887757062911,0.014154822006821633,0.5072115182876586,0.256551530957222,0.13237820863723754,0.18141452074050904,0.09071927964687347,0.004349083593115211,0.4088610926177353
401,0.5551738142967224,0.2683062791824341,0.15360786616802216,0.1974018096923828,0.1010993704199791,0.014661895856261254,0.5060118317604065,0.24786457419395447,0.13906816840171815,0.17654651999473572,0.09730234593153,0.004339379165321589,0.41725641349330544
402,0.5495441079139709,0.2702206611633301,0.15176509618759154,0.18424219489097596,0.10089833289384842,0.014887800253927708,0.5318091034889221,0.24925726056098937,0.13462415635585784,0.23973115682601928,0.0918568179011345,0.0050248067360371355,0.4712369378190487
403,0.5770323157310486,0.28095837235450744,0.15580167770385742,0.21109744310379028,0.10263650417327881,0.01426839902997017,0.5152743637561799,0.26420018672943113,0.14095230847597123,0.15999073684215545,0.09756486117839813,0.0043397349771112205,0.402847641473636
404,0.5530129909515381,0.2762112498283386,0.14690468907356263,0.19411098062992097,0.09695799052715301,0.013337044045329094,0.4962609350681305,0.24513633251190187,0.14338941872119904,0.15233902633190155,0.10027574300765991,0.004263784736394882,0.40026797279715537
405,0.5704774856567383,0.27687259912490847,0.1500564008951187,0.22076666355133057,0.09879571050405503,0.013425211049616336,0.466915625333786,0.2516786456108093,0.1287113159894943,0.118057481944561,0.08801241517066956,0.005485974531620741,0.3402671876363456
406,0.5478748679161072,0.2669859528541565,0.1518464744091034,0.18920786380767823,0.10033929646015168,0.014317787811160087,0.5004318952560425,0.2453510880470276,0.14142666459083558,0.16576499342918397,0.09828712344169617,0.004568334668874741,0.41004711613059047
407,0.5496676325798034,0.2669409990310669,0.153224441409111,0.1889840453863144,0.10169441550970078,0.014182857424020767,0.5165417432785034,0.24433908462524415,0.152014821767807,0.17382268160581588,0.10535287410020829,0.005615727696567774,0.4368061051703989
408,0.5576552987098694,0.27253788709640503,0.15018922686576844,0.19839358925819398,0.1008095234632492,0.014309246838092805,0.5161005735397339,0.2637880742549896,0.1409066677093506,0.16034064292907715,0.09837373197078705,0.004735822882503271,0.4043568654917181
409,0.5503590703010559,0.2669008135795593,0.15151495337486268,0.19570412039756774,0.09995125234127045,0.014139239490032197,0.49359080791473386,0.2579552114009857,0.1301704078912735,0.15394707769155502,0.09013556689023972,0.004916146583855152,0.37916919905692337
410,0.5473056554794311,0.2614287853240967,0.14871174991130828,0.2079943150281906,0.09835763275623322,0.013094582594931126,0.47660831809043885,0.24175167381763457,0.1348135992884636,0.13999339044094086,0.09402371644973755,0.00489918552339077,0.37372989170253273
411,0.5587491273880005,0.28551737070083616,0.14856407940387725,0.18130386173725127,0.09875843226909638,0.013627645559608936,0.4941790044307709,0.23840864300727843,0.14085217118263244,0.16887385547161102,0.09758713096380234,0.004743199609220028,0.4120563572272658
412,0.5532422661781311,0.2662739813327789,0.15014228224754333,0.20574088394641876,0.09935532361268998,0.013816259056329726,0.47327970862388613,0.23469776511192322,0.14649403989315032,0.12010804414749146,0.10199525356292724,0.0046937292441725734,0.3732910668477416
413,0.5660112738609314,0.27733783721923827,0.1497632622718811,0.20858808159828185,0.0992921382188797,0.014579464867711067,0.4772066235542297,0.2605422496795654,0.12996141910552977,0.11484694331884385,0.0909366950392723,0.004747847560793161,0.3404929050244391
414,0.5519545078277588,0.2668376386165619,0.1554578274488449,0.18776026070117952,0.1031219482421875,0.01483698319643736,0.4567487597465515,0.24909403026103974,0.12747707068920136,0.1022442027926445,0.08925178796052932,0.005060405097901821,0.324033466540277
415,0.5540399551391602,0.2655153632164001,0.15453547537326812,0.1971036672592163,0.10248473137617112,0.014600412361323834,0.45230708718299867,0.22095896005630494,0.14163631349802017,0.11666809618473054,0.09864248931407929,0.005076300865039229,0.3620231998618692
416,0.5462852716445923,0.26654737889766694,0.14760721027851104,0.1973067343235016,0.09752976596355438,0.01393022071570158,0.5122493982315064,0.27551238536834716,0.13819373846054078,0.1357774019241333,0.09630431085824967,0.004924515262246132,0.37519996650516985
417,0.5438982367515564,0.26959946751594543,0.14928146004676818,0.1813109904527664,0.09938140660524368,0.013744529150426388,0.5284687995910644,0.24540953636169432,0.14652178287506104,0.21149270236492157,0.1006542682647705,0.004853913094848394,0.4635226665996015
418,0.5552398920059204,0.26614266633987427,0.15397457778453827,0.19935144186019899,0.10219783931970597,0.014623391442000866,0.5003483653068542,0.2557328224182129,0.13592661619186402,0.15808603465557097,0.09443481862545014,0.004534827452152968,0.39298229692503805
419,0.5638147473335267,0.2751044511795044,0.14979079663753508,0.20877066552639006,0.09927413910627365,0.014507735893130303,0.500009274482727,0.26741220355033873,0.13753829002380372,0.129281485080719,0.09599978178739547,0.004553441423922777,0.36737299831584097
420,0.5290073990821839,0.2668918311595917,0.14773585200309752,0.15859887897968292,0.09917642921209335,0.01395967546850443,0.49817097187042236,0.2581396609544754,0.1378006160259247,0.14287934601306915,0.09649004936218261,0.004573260340839625,0.38174327174201605
421,0.5334175586700439,0.2733603686094284,0.14687377214431763,0.15652217864990234,0.09806554168462753,0.014705263078212738,0.48672516345977784,0.2569943904876709,0.13710339069366456,0.12412933111190796,0.09557303786277771,0.005059111583977938,0.3618648712523282
422,0.5449638605117798,0.2656303524971008,0.15241921544075013,0.18279771506786346,0.10161425322294235,0.014443980529904366,0.4960126161575317,0.2480657696723938,0.14076598584651948,0.15170731246471406,0.09825724512338638,0.00493277907371521,0.3956633225083351
423,0.5318663358688355,0.2618700623512268,0.1453983187675476,0.18269404768943787,0.09645100980997086,0.013570086844265462,0.4716055691242218,0.2451643764972687,0.12953633815050125,0.1349028989672661,0.09095329642295838,0.004668949451297521,0.3600614829920233
424,0.5522290825843811,0.26438897252082827,0.1553599715232849,0.1928446561098099,0.10337704718112946,0.01480106133967638,0.4779545307159424,0.25637124180793763,0.13540417850017547,0.10942614302039147,0.09602443724870682,0.0044909738004207615,0.3453457325696945
425,0.5448373079299926,0.27039810717105867,0.15476488769054414,0.16981354355812073,0.10312595069408417,0.01289147101342678,0.46032344102859496,0.2136029839515686,0.1409467101097107,0.1512894332408905,0.09760207831859588,0.004286182951182127,0.39412440462037923
426,0.5439791440963745,0.269283789396286,0.1497896671295166,0.17948536276817323,0.09972048997879028,0.014767632447183132,0.5148883104324341,0.26793752908706664,0.14457495808601378,0.1433894455432892,0.0998765155673027,0.0044172567315399645,0.39225817592814566
427,0.5486269593238831,0.26307564973831177,0.15216456353664398,0.19733158349990845,0.10085898786783218,0.014206064492464065,0.48746984004974364,0.236664342880249,0.14310783445835112,0.1505098819732666,0.10021507143974304,0.005402213335037232,0.399235001206398
428,0.5460016131401062,0.26806174516677855,0.15014267563819886,0.18663836717605592,0.09955345094203949,0.014279846288263797,0.4908748924732208,0.2483232080936432,0.13287279307842254,0.16016551852226257,0.09258339107036591,0.004927339497953653,0.39054904216900466
429,0.5568163871765137,0.27042436003685,0.1513296216726303,0.19969989061355592,0.10049580782651901,0.014830703474581241,0.48747363686561584,0.22759584188461304,0.1489819198846817,0.15710041522979737,0.10345692187547684,0.004828170314431191,0.4143674273043871
430,0.5526554584503174,0.2760029315948486,0.15072675347328185,0.17944546937942504,0.1006528988480568,0.015590746887028217,0.5024597108364105,0.24755094051361085,0.1384020119905472,0.17416654527187347,0.09523925632238388,0.004835979733616114,0.41264379331842066
431,0.5488166093826294,0.26527369022369385,0.14985102713108062,0.19815877079963684,0.09925970733165741,0.014683290012180805,0.48376360535621643,0.23852646946907044,0.1424698129296303,0.14485588073730468,0.0969259962439537,0.006640399806201458,0.3908920897170901
432,0.5602300763130188,0.2700127959251404,0.15701850652694702,0.19444380104541778,0.10459536015987396,0.014129652827978133,0.4899896025657654,0.24445241093635559,0.13845341205596923,0.1546906292438507,0.09571910947561264,0.004637212865054608,0.3935003636404872
433,0.5612136125564575,0.2733584702014923,0.15365572571754454,0.19605890810489654,0.10284648090600967,0.014501923508942128,0.530106246471405,0.2718564510345459,0.13827583193778992,0.18022122085094452,0.09568887203931808,0.004732000920921564,0.4189179257489741
434,0.529530155658722,0.26945985555648805,0.14792946577072144,0.1549031615257263,0.09910143315792083,0.013646546378731727,0.523335313796997,0.2554443836212158,0.1463270902633667,0.17790440917015077,0.10208451151847839,0.005272438004612923,0.4315884489566088
435,0.5407329201698303,0.27699088454246523,0.14447506070137023,0.1711428463459015,0.09626084119081497,0.013817459158599377,0.47780742645263674,0.2300368070602417,0.14636953473091124,0.13773602843284607,0.10278701931238174,0.004186885245144367,0.3910794677212835
436,0.53910151720047,0.2674491763114929,0.14815573990345002,0.17736097872257234,0.09903129488229752,0.014089550264179707,0.49671182632446287,0.2581128507852554,0.13222020268440246,0.15389044284820558,0.09221809059381485,0.004750794358551502,0.3830795304849744
437,0.5328637897968292,0.26292585134506224,0.14867156744003296,0.1735922008752823,0.09905706346035004,0.013927125930786132,0.48079887628555296,0.23820056915283203,0.14376503229141235,0.1336939424276352,0.09977787435054779,0.005844184290617704,0.3830810333602131
438,0.5285555601119996,0.26664441227912905,0.14862705171108245,0.15667072236537932,0.09943433105945587,0.014039909467101097,0.5022778809070587,0.2479640007019043,0.1410415232181549,0.16243520081043245,0.0992694467306137,0.004722907114773989,0.40746907787397507
439,0.5423834919929504,0.2632214844226837,0.15367379188537597,0.17793977558612822,0.10297860056161881,0.014823768474161624,0.49002605676651,0.25175445079803466,0.13049494624137878,0.1577988088130951,0.09094534963369369,0.004541991651058197,0.38378109633922575
440,0.5504859328269959,0.26173809468746184,0.15353724956512452,0.19771099984645843,0.10252410620450973,0.015142279490828515,0.4976520538330078,0.2548083603382111,0.1330018699169159,0.16002791821956636,0.09280840307474136,0.005029087141156197,0.39086727835237983
441,0.5347382009029389,0.26483004093170165,0.15075899064540862,0.16869699358940124,0.10066202133893967,0.013597369007766247,0.5070389628410339,0.2634406805038452,0.13291603624820708,0.16351999640464782,0.09219374358654023,0.004552159551531076,0.3931819357909262
442,0.540580415725708,0.27292028069496155,0.14717127978801728,0.17261198163032532,0.09852882176637649,0.013199537061154842,0.4860693395137787,0.2454136461019516,0.14480375051498412,0.127277410030365,0.10156214088201523,0.004361383430659771,0.37800468485802413
443,0.5231216013431549,0.2729525327682495,0.14089201092720033,0.1507983922958374,0.09499100595712662,0.01333264671266079,0.4620457112789154,0.21408381462097167,0.14002982378005982,0.15354802906513215,0.09802037328481675,0.004503703024238348,0.3961019291542471
444,0.5335321545600891,0.25883677005767824,0.1536014348268509,0.17135927379131316,0.10249884575605392,0.01388026736676693,0.46993943452835085,0.24177466034889222,0.12943665981292723,0.1397338479757309,0.09024653881788254,0.004761403193697333,0.364178449800238
445,0.5555705547332763,0.2623591125011444,0.15898676514625548,0.19488667845726013,0.10647408366203308,0.014000893384218217,0.4786407947540283,0.24588178098201752,0.1238279938697815,0.16276959776878358,0.08619900196790695,0.004658890794962645,0.3774554844014346
446,0.5241628587245941,0.2594987154006958,0.15106631815433502,0.15527589619159698,0.10181528180837632,0.01382539328187704,0.4503672897815704,0.2230001747608185,0.1320514440536499,0.13232966959476472,0.0922215685248375,0.004221430700272322,0.36082411287352445
447,0.541238534450531,0.27063705027103424,0.14976373612880706,0.17053709626197816,0.1004391223192215,0.014302767999470233,0.5057641863822937,0.25604814291000366,0.14503395557403564,0.146418297290802,0.10083574503660202,0.004505949001759291,0.39679394690319897
448,0.5365294814109802,0.26782146096229553,0.14939914345741273,0.16673867106437684,0.10034186691045761,0.014710374176502228,0.4833727777004242,0.24541953802108765,0.13607126474380493,0.14386369585990905,0.09489607959985732,0.004413842409849167,0.37924488261342043
449,0.5318112730979919,0.2684836447238922,0.1464506208896637,0.16272553503513337,0.09816515147686004,0.015106277726590633,0.5079000115394592,0.255059140920639,0.15250664949417114,0.1338234305381775,0.1064434140920639,0.00461778249591589,0.3973912766203284
450,0.5423625707626343,0.2656808257102966,0.15256942212581634,0.177213591337204,0.10177749842405319,0.014303894340991974,0.47673813700675965,0.2369390070438385,0.13599317967891694,0.14757978022098542,0.09484203010797501,0.0045294642448425295,0.3829444542527199
451,0.5223444819450378,0.2603759229183197,0.14881952702999116,0.15395384132862092,0.10016553252935409,0.014880489371716977,0.47822022438049316,0.24027618765830994,0.14450255632400513,0.12131397128105163,0.10184411555528641,0.004559524357318878,0.37222016751766207
452,0.5275884509086609,0.2561484515666962,0.15060161352157592,0.16978984475135803,0.10092369467020035,0.014743681997060776,0.4646411597728729,0.24595701098442077,0.13110863268375397,0.11691984236240387,0.09167464971542358,0.004278938379138708,0.3439820631407201
453,0.5404066205024719,0.2794888913631439,0.14783916473388672,0.15416326522827148,0.09971663355827332,0.01457127220928669,0.4935624599456787,0.23745863437652587,0.14711859226226806,0.15321279168128968,0.10285166949033737,0.004409264028072357,0.40759231746196745
454,0.5408182740211487,0.25894755423069,0.1515789657831192,0.18921559154987336,0.10130876153707505,0.014520973712205888,0.447538286447525,0.22543026208877565,0.13216574341058732,0.11947008371353149,0.09280947297811508,0.00497230663895607,0.34941760674119
455,0.5295948624610901,0.27142634689807893,0.14546104967594148,0.15698729753494262,0.09721272587776184,0.013902315124869346,0.5035466134548188,0.26297922134399415,0.13788999021053314,0.1436787873506546,0.09588128626346588,0.005573902558535337,0.3830239663831889
456,0.5302485585212707,0.26116703748703,0.146906715631485,0.1754116505384445,0.0984309509396553,0.013559117913246155,0.46874660849571226,0.23892517685890197,0.13794783055782317,0.12076955288648605,0.0971872478723526,0.004679270042106509,0.36058390135876833
457,0.5230349898338318,0.25763013064861295,0.15155158042907715,0.1566043898463249,0.10124452114105224,0.014403368346393108,0.4759620189666748,0.24335607886314392,0.13953151404857636,0.12240463793277741,0.09842204004526138,0.0045940523967146875,0.36495224442332985
458,0.5378085136413574,0.2705568730831146,0.1495009958744049,0.1651289403438568,0.10028992593288422,0.01378105878829956,0.4776177406311035,0.23878157138824463,0.13880425393581391,0.13599461168050767,0.09789418429136276,0.005060763657093048,0.37775381356477744
459,0.5503385424613952,0.2659850478172302,0.14938544631004333,0.19931251108646392,0.09975187629461288,0.014646600373089314,0.48904561400413515,0.2553582489490509,0.131691974401474,0.14354777932167054,0.09279412031173706,0.00467622447758913,0.3727100985124708
460,0.5255276322364807,0.25941705107688906,0.1448068231344223,0.17408435344696044,0.09703030437231064,0.013763845898211002,0.48890557885169983,0.24325105547904968,0.14010731875896454,0.14862901866436004,0.0979805827140808,0.0047225581482052805,0.3914394782856107
461,0.5452253818511963,0.25875933170318605,0.15064619481563568,0.20179783701896667,0.1007558211684227,0.013554565608501434,0.49197598099708556,0.25457056760787966,0.1404318243265152,0.13048357367515565,0.0987742230296135,0.004533534590154886,0.3742231556214392
462,0.5241773724555969,0.2643366396427155,0.14372641444206238,0.16325494050979614,0.09687239974737168,0.013539520464837551,0.4623654127120972,0.24250495433807373,0.1337177872657776,0.11307225227355958,0.09322915524244309,0.004623274877667427,0.3446424696594477
463,0.5245058119297028,0.26482381820678713,0.1476125806570053,0.15484122782945633,0.0993014246225357,0.013076662272214889,0.49332600831985474,0.24958635568618776,0.13887720704078674,0.14954274892807007,0.09636801928281784,0.004516649898141623,0.3893046251498163
464,0.5406850695610046,0.26496604084968567,0.15052233636379242,0.17915277183055878,0.10100256502628327,0.014112695865333081,0.46144427061080934,0.23013545274734498,0.13443551063537598,0.13190366625785827,0.09479309171438217,0.004780216887593269,0.3659124854952097
465,0.5178865909576416,0.26691089272499086,0.1381945163011551,0.15957096219062805,0.09240544885396958,0.013839317858219147,0.46712130308151245,0.24985974729061128,0.1280225396156311,0.11855249702930451,0.09078214764595031,0.00455983686260879,0.3419170211534947
466,0.5404345035552979,0.25719277560710907,0.15380663573741912,0.18840296864509581,0.10264216214418412,0.013563932664692403,0.4796414315700531,0.2489614486694336,0.12764888405799865,0.15023091435432434,0.08887598663568497,0.0040915472432971,0.37084733229130507
467,0.5436964988708496,0.2639031052589417,0.15260991156101228,0.1833676278591156,0.10167014598846436,0.014477798156440258,0.5133407711982727,0.2645176947116852,0.13740340769290924,0.16253474950790406,0.09592013210058212,0.004191194195300341,0.4000494834966958
468,0.5277704000473022,0.25740648806095123,0.14512688517570496,0.18326425850391387,0.09664273262023926,0.013608013279736042,0.48476594090461733,0.2502057194709778,0.13474013805389404,0.1376008242368698,0.0956337496638298,0.0039371300488710405,0.3719118420034647
469,0.5376378536224365,0.2620043158531189,0.15010181069374084,0.1791404366493225,0.10114896595478058,0.01409064643085003,0.4737031698226929,0.2542780518531799,0.12999224662780762,0.12139863073825836,0.0906482070684433,0.004402092471718788,0.34644117690622805
470,0.5302134871482849,0.2606664180755615,0.15178753137588502,0.1636786937713623,0.10205331593751907,0.013943758234381676,0.46871036291122437,0.2475022256374359,0.13831429481506347,0.10099931657314301,0.09846522659063339,0.004408758645877242,0.34218759662471715
471,0.5226425647735595,0.2612319737672806,0.1482914000749588,0.1576619863510132,0.09925884604454041,0.013107213377952575,0.4721270501613617,0.2316141963005066,0.14006462097167968,0.1378218948841095,0.09823253303766251,0.004767257813364267,0.38088630670681595
472,0.5136462092399597,0.26591935455799104,0.1441237896680832,0.13728824108839036,0.09756924510002137,0.013502275943756104,0.45606871247291564,0.24086917638778688,0.12877748012542725,0.11308651864528656,0.09100735038518906,0.004657411202788353,0.3375287603586912
473,0.5151578485965729,0.2569108963012695,0.1456514984369278,0.15729482024908065,0.09781524389982224,0.012797892838716508,0.45649418234825134,0.21878474354743957,0.14277905523777007,0.12566546797752381,0.10035801976919174,0.004470215272158384,0.373272758256644
474,0.5329877734184265,0.2584619164466858,0.14819905161857605,0.18258953988552093,0.09927817583084106,0.01407627947628498,0.4916963934898376,0.2605033040046692,0.13170333504676818,0.14162776470184327,0.09163060635328293,0.004138458985835314,0.3691001650877297
475,0.54335036277771,0.2711639702320099,0.14832864105701446,0.17860850989818572,0.09904614686965943,0.013816658221185208,0.46253467798233033,0.23469197750091553,0.13671541213989258,0.12012403607368469,0.09616256803274155,0.0046577248722314835,0.3576597411185503
476,0.5430942654609681,0.26482540667057036,0.14922227263450621,0.1895439773797989,0.09934011995792388,0.01363657582551241,0.48108413219451907,0.24849335551261903,0.13407229632139206,0.13742432296276091,0.09365393966436386,0.004555053915828467,0.3697056128643453
477,0.5291595458984375,0.2541780650615692,0.15016235709190368,0.1793714642524719,0.10049006044864654,0.013892157934606075,0.4703018307685852,0.24984410107135774,0.1358530640602112,0.10811096429824829,0.09548081159591675,0.00427843052893877,0.343723270483315
478,0.5277440547943115,0.26895626187324523,0.14716492891311644,0.1532834306359291,0.09873858243227004,0.014035778120160103,0.510116696357727,0.22723405957221984,0.15443195402622223,0.1931457817554474,0.1058107003569603,0.004690096341073513,0.4580785324797034
479,0.5052208423614502,0.2631078243255615,0.14622417390346526,0.12109346836805343,0.09936458319425583,0.012985164113342763,0.4944424629211426,0.2509418547153473,0.1308302640914917,0.16653990745544434,0.09182905405759811,0.004266355000436306,0.39346558060497044
480,0.5313266277313232,0.2732325315475464,0.14221178591251374,0.16537241041660308,0.09476217329502105,0.013628344424068928,0.4910619854927063,0.26290721297264097,0.13010584712028503,0.1360949009656906,0.09166848957538605,0.00483701303601265,0.3627062506973743
481,0.5193986594676971,0.26345584988594056,0.1453014373779297,0.15086547434329986,0.09803719520568847,0.014031650125980377,0.48877147436141966,0.2339314341545105,0.14124757349491118,0.1630563795566559,0.09934738427400588,0.004772385582327843,0.40842372290790085
482,0.5158735573291778,0.2561525642871857,0.14621533155441285,0.15662826895713805,0.09809571355581284,0.014576379582285881,0.45003657341003417,0.23990960121154786,0.1271594136953354,0.10649070143699646,0.09009127467870712,0.004586648941040039,0.328328038752079
483,0.5269322633743286,0.2658708423376083,0.14745457470417023,0.15568435490131377,0.09937770664691925,0.014448955841362476,0.46346524357795715,0.23256781697273254,0.13636065125465394,0.12775476574897765,0.09581142514944077,0.004326122626662254,0.3642529647797346
484,0.5258361876010895,0.26032739877700806,0.14972924292087555,0.15842399895191192,0.10101976096630097,0.014874879457056522,0.4586796939373016,0.2223101317882538,0.14624944031238557,0.11367183774709702,0.10281283855438232,0.005137257417663932,0.36787137403152886
485,0.5257785677909851,0.2661706805229187,0.14421387910842895,0.16479094028472902,0.09641754329204559,0.01241132728755474,0.5303465962409973,0.25222801268100736,0.14540559947490692,0.20544978380203247,0.09984721094369889,0.004062448767945171,0.45476504298858345
486,0.5298137307167053,0.26542688608169557,0.143986314535141,0.1747312292456627,0.09643153548240661,0.012280759587883949,0.4569587528705597,0.24118783473968505,0.12953599095344542,0.11456268131732941,0.09081705957651139,0.004149335436522961,0.3390650672838092
487,0.5377047061920166,0.2582926481962204,0.1518257290124893,0.18260123431682587,0.10114556103944779,0.01579000223428011,0.46886932849884033,0.2587541460990906,0.12574108839035034,0.11107308864593506,0.08904750794172286,0.0038008726201951503,0.3296625575982034
488,0.5075137972831726,0.2502398520708084,0.14545646011829377,0.15600900053977967,0.09772955924272538,0.012588096782565117,0.5187951922416687,0.2464126467704773,0.14092055559158326,0.20166727900505066,0.09791687726974488,0.0045310304500162605,0.445035742316395
489,0.5421872854232788,0.2787295520305634,0.14578109979629517,0.16691677272319794,0.09755799174308777,0.013643990084528924,0.46099555492401123,0.22321363687515258,0.1382740169763565,0.13659739792346953,0.09740260690450668,0.004205115884542465,0.3764791376888752
490,0.5142551124095917,0.2524379312992096,0.14997695982456208,0.15299486815929414,0.10096401423215866,0.01338178925216198,0.446984076499939,0.22609429359436034,0.13331561982631684,0.11362231969833374,0.09402287006378174,0.00485418327152729,0.34581499285995965
491,0.5116066932678223,0.2642788589000702,0.14426873624324799,0.13632747232913972,0.0972780391573906,0.01393100582063198,0.44211331009864807,0.22742750644683837,0.13661352694034576,0.09258561730384826,0.09701408594846725,0.00438879281282425,0.33060202300548547
492,0.510174137353897,0.2652673840522766,0.14521347880363464,0.13107478618621826,0.09755153656005859,0.01315871011465788,0.4760222971439362,0.22836970984935762,0.13888871669769287,0.15454690307378768,0.0979472890496254,0.004267819738015532,0.39565072855912153
493,0.510034590959549,0.2539169371128082,0.1438702404499054,0.1572473704814911,0.09695960581302643,0.012284615263342857,0.4609276711940765,0.23147850930690766,0.13071441948413848,0.13928488790988922,0.09161806553602218,0.004044898319989443,0.3656622712500393
494,0.536323195695877,0.2601690113544464,0.1516965001821518,0.17744571566581727,0.1014234334230423,0.014513757824897767,0.4771220326423645,0.2487587571144104,0.13443367779254914,0.1262076824903488,0.0950389951467514,0.004290855582803487,0.3599712110124529
495,0.5426071763038636,0.2704403281211853,0.14953540563583373,0.17521159648895263,0.10039584785699844,0.013425030000507831,0.4745525479316711,0.24329310059547424,0.1406713455915451,0.11606956869363785,0.09988075941801071,0.004297472350299358,0.36091914605349307
496,0.5374745011329651,0.2687836617231369,0.15053557753562927,0.1661925345659256,0.10089939832687378,0.013467695377767087,0.45482528805732725,0.23534225821495056,0.13335542976856232,0.11061588972806931,0.09365635961294175,0.00548710017465055,0.3431147792842239
497,0.506741052865982,0.26342461705207826,0.14053452312946318,0.13868132531642913,0.09430952817201614,0.013427141308784484,0.46806734800338745,0.23807408809661865,0.13935136198997497,0.12064671814441681,0.09695971459150314,0.00433496586047113,0.36129276058636606
498,0.5297287225723266,0.2628967046737671,0.15120000541210174,0.16302692592144014,0.10053547024726868,0.01311869639903307,0.5073685646057129,0.23487018942832946,0.14453013092279435,0.19325024336576463,0.10002670735120774,0.0051164329051971436,0.44292351454496387
499,0.5214502394199372,0.2646822154521942,0.14381271004676818,0.1599838674068451,0.0961609199643135,0.012441166490316392,0.46772409677505494,0.24097604155540467,0.13926400542259215,0.1123031347990036,0.09788250625133514,0.004402810148894787,0.3538524566218257
500,0.523429024219513,0.2670531988143921,0.14926534295082092,0.1429675742983818,0.10035530328750611,0.014148667827248574,0.46553149819374084,0.25184559226036074,0.12449704706668854,0.12091119140386582,0.08789388686418534,0.0044112811796367165,0.3377134065143764
501,0.5144647181034088,0.25943657755851746,0.14825581014156342,0.14299483001232147,0.0995081216096878,0.014135310798883438,0.46536999344825747,0.2252133846282959,0.1376292198896408,0.14351743459701538,0.09680967181921005,0.0039623008575290445,0.3819186271633953
502,0.5270668148994446,0.2592409610748291,0.1450041264295578,0.17788480818271638,0.09686082750558853,0.013600796088576316,0.4906440019607544,0.24292670488357543,0.14219838976860047,0.14741454124450684,0.10021973699331284,0.0038443878293037415,0.3936770558357239
503,0.5094555139541626,0.262084373831749,0.1400385707616806,0.14595009088516236,0.09439826756715775,0.01425503082573414,0.4866705000400543,0.24761122465133667,0.14381205439567565,0.1275457113981247,0.10018244236707688,0.004568473063409328,0.37610868122428653
504,0.5048506319522857,0.2536988854408264,0.1462281823158264,0.13951447010040283,0.09839305877685547,0.014124810136854649,0.47660844326019286,0.25377079248428347,0.13916690945625304,0.10381010174751282,0.09832325130701065,0.0043227413669228556,0.34562300387769934
505,0.5275139451026917,0.2715824067592621,0.14394645690917968,0.15672283619642258,0.09653248041868209,0.012949146144092084,0.48804014921188354,0.24097757935523986,0.1444869965314865,0.1432005822658539,0.10028664618730546,0.0041887880302965644,0.3921630130149424
506,0.5196241080760956,0.2554942280054092,0.15099860727787018,0.15619235932826997,0.10119418352842331,0.013343176804482937,0.44314945936203004,0.23312925696372985,0.11923558115959168,0.12788547873497008,0.08367851972579957,0.003973075002431869,0.3347726546227932
507,0.5193708300590515,0.25963154435157776,0.1466437578201294,0.1575632721185684,0.09864675253629684,0.01284143254160881,0.4766337275505066,0.2449472427368164,0.13658636808395386,0.12861988842487335,0.09575037360191345,0.0047614253126084805,0.3657180554233492
508,0.5143641114234925,0.26183766722679136,0.14419837892055512,0.14730614870786668,0.09743268191814422,0.013345008715987206,0.45393791794776917,0.23021267652511596,0.13486405611038207,0.11615574210882187,0.09514909535646439,0.00438037901185453,0.35054927258752283
509,0.5093002021312714,0.26165748238563535,0.14529074132442474,0.13417522758245468,0.09844362884759902,0.013523006998002528,0.44637291431427,0.25033987760543824,0.11788330972194672,0.10072313398122787,0.08395389467477798,0.003965593036264181,0.3065259314142168
510,0.5215654611587525,0.2673642098903656,0.14547076523303987,0.14928283989429475,0.09762430787086487,0.013143089413642884,0.4853507399559021,0.24770011901855468,0.14068296253681184,0.13057951331138612,0.09913365095853806,0.004122461890801787,0.3745185886975378
511,0.5206540107727051,0.26477456986904147,0.1494651108980179,0.14348466843366622,0.10059796571731568,0.01258083265274763,0.45378799438476564,0.2432151973247528,0.12438434362411499,0.11760592758655548,0.08678366988897324,0.003991442499682307,0.332765383599326
512,0.5045878171920777,0.24466406106948851,0.14457083940505983,0.16199625581502913,0.09675504565238953,0.014121655374765396,0.4855170249938965,0.24553113877773286,0.1387740671634674,0.14004865288734436,0.09761465936899186,0.004228393314406276,0.3806657727342099
513,0.5250739753246307,0.2630994558334351,0.14839329719543456,0.1572798803448677,0.1001874715089798,0.012786389142274857,0.43968690037727354,0.22430307269096375,0.12913553714752196,0.110777747631073,0.09245506525039673,0.004245889186859131,0.3366142392158508
514,0.5372042417526245,0.2709404706954956,0.14991226196289062,0.16199715584516525,0.10104897171258927,0.013228717446327209,0.4762196719646454,0.2341442346572876,0.13694126009941102,0.14647323340177537,0.09761892408132553,0.003927526297047734,0.3849609438795597
515,0.5072211384773254,0.25576809942722323,0.14614781737327576,0.1384693369269371,0.09953896850347518,0.013722129724919796,0.469771146774292,0.2504065275192261,0.13003683537244798,0.12017668485641479,0.09120300263166428,0.0043641227763146166,0.34578064563684163
516,0.5324194967746735,0.27021218538284303,0.14670635163784027,0.16138296574354172,0.09854559600353241,0.013738632388412952,0.4791198670864105,0.23199899792671203,0.14414073824882506,0.14075336754322051,0.10174783170223237,0.004179977765306831,0.3908219152595847
517,0.5173844635486603,0.2608309507369995,0.14580801427364348,0.15329886823892594,0.09760008454322815,0.013428571261465549,0.48406010270118716,0.2508546501398087,0.13459851443767548,0.1366458147764206,0.09458787441253662,0.004279193188995123,0.3701113968156278
518,0.49561269879341124,0.2596897631883621,0.1405343681573868,0.1254620671272278,0.09433679580688477,0.012268471904098988,0.5084265768527985,0.2334211677312851,0.14316930174827575,0.20399345755577086,0.09828138649463654,0.004489435814321041,0.4499335816130042
519,0.5182214856147767,0.25522414445877073,0.15090286135673522,0.15532180964946746,0.1006538912653923,0.013187326118350029,0.47086817026138306,0.2241555243730545,0.13404430747032164,0.16761287450790405,0.09317775666713715,0.0038661324884742498,0.398701071133837
520,0.5406373143196106,0.2756780982017517,0.1441979169845581,0.1742427557706833,0.0969535917043686,0.012550410442054271,0.4627312421798706,0.2445013403892517,0.12532450556755065,0.12796755284070968,0.08886219561100006,0.00388812804594636,0.3460423820652067
521,0.5187431037425995,0.2669102489948273,0.14286038279533386,0.1493721604347229,0.09666679650545121,0.01292828731238842,0.4701696276664734,0.24889604449272157,0.13303412199020387,0.11515071094036103,0.0943386971950531,0.004060691129416228,0.3465842212550342
522,0.5010621845722198,0.2580798268318176,0.14209465384483339,0.1336566761136055,0.095729760825634,0.013395625911653043,0.47205265164375304,0.23302762508392333,0.150472229719162,0.10874652564525604,0.10641811937093734,0.0042821716517210005,0.36991904638707634
523,0.5163796126842499,0.26093429923057554,0.14599572122097015,0.1498113602399826,0.09792497456073761,0.013738265447318553,0.46525943875312803,0.2567410677671432,0.1251495897769928,0.10942488014698029,0.08824153691530227,0.004270853288471699,0.32708686012774707
524,0.5177464485168457,0.26344794034957886,0.1433175802230835,0.1541730135679245,0.09629991799592971,0.013218980096280575,0.4835916578769684,0.2472687065601349,0.1341772496700287,0.14139966666698456,0.0945421501994133,0.005703320633620024,0.37582238717004657
525,0.523039984703064,0.2648743003606796,0.14496515691280365,0.1571696698665619,0.09733247011899948,0.013951118290424346,0.4551307499408722,0.23229464888572693,0.12797462344169616,0.13185175657272338,0.09020144790410996,0.003887847904115915,0.3539156758226454
526,0.525830066204071,0.26640984416007996,0.14853009581565857,0.15091827809810637,0.10035859942436218,0.01333919670432806,0.4640365123748779,0.23107540607452393,0.14114434123039246,0.12043268084526063,0.09931771010160446,0.004078414104878902,0.36497314628213645
527,0.5256471574306488,0.25706144273281095,0.14877015650272368,0.1698492020368576,0.09996334165334701,0.013303816877305507,0.44733920097351076,0.21749367117881774,0.13415915966033937,0.1291643738746643,0.09504840672016143,0.004479077644646168,0.36285101789981133
528,0.5223428428173065,0.2580269753932953,0.14661766290664674,0.16788514256477355,0.0982806384563446,0.012548352591693401,0.4687450647354126,0.23093504905700685,0.13999636173248292,0.13175191059708596,0.09920733720064163,0.0038979340344667433,0.37485354356467726
529,0.5359308123588562,0.2634049117565155,0.14961975812911987,0.17608133256435393,0.10052106529474258,0.01307755671441555,0.4807353138923645,0.2282628059387207,0.15405831038951873,0.12740154862403869,0.108188097178936,0.005077825114130974,0.3947257813066244
530,0.5170462846755981,0.2612215727567673,0.1496184378862381,0.14081041216850282,0.10112930983304977,0.013544267974793911,0.43584569692611697,0.2492986649274826,0.11873534619808197,0.0790599301457405,0.08462102264165879,0.00432625450193882,0.28674255348742006
531,0.5106334209442138,0.26217215061187743,0.14364258646965028,0.14170276373624802,0.09708414524793625,0.012434915453195573,0.43406425714492797,0.23357945084571838,0.12136008441448212,0.10016869306564331,0.08706810921430588,0.003789021214470267,0.3123859079089016
532,0.5015900492668152,0.25389530062675475,0.14404318928718568,0.14012011885643005,0.09701088219881057,0.012288889102637767,0.5157978594303131,0.2633377552032471,0.14416694939136504,0.1541735500097275,0.10030242055654526,0.004267761996015906,0.4029106819536537
533,0.5088622808456421,0.255653578042984,0.14444460272789,0.14779044836759567,0.09750515073537827,0.013694322109222412,0.4789690375328064,0.2590265512466431,0.12855172157287598,0.12279416024684905,0.09147239327430726,0.003995932918041944,0.34681420801207424
534,0.5046964406967163,0.2474070370197296,0.14345093965530395,0.15888012796640397,0.0963099405169487,0.014019873924553394,0.464761757850647,0.23000617623329161,0.13826948702335357,0.12974900007247925,0.09749545753002167,0.004644116759300232,0.3701580613851547
535,0.5158093869686127,0.26192666292190553,0.14351631104946136,0.15110042095184326,0.09737378805875778,0.01314367651939392,0.4959860801696777,0.2311036467552185,0.15339232683181764,0.1532752960920334,0.1086771622300148,0.004102066531777382,0.4194468516856432
536,0.5207885146141052,0.25702621340751647,0.15006014108657836,0.15874127745628358,0.10011589080095291,0.013208120502531529,0.4585858047008514,0.24340062141418456,0.12967229187488555,0.11186683773994446,0.09162439554929733,0.0039874314796179535,0.3371509566437453
537,0.5106532633304596,0.2548887699842453,0.14777535796165467,0.14585706889629363,0.09935953170061111,0.013698215410113335,0.4997530817985535,0.23226239085197448,0.14544959664344786,0.1805025339126587,0.10163473933935166,0.004114091489464044,0.4317009613849223
538,0.5171210467815399,0.26152379512786866,0.14969719648361207,0.1419868066906929,0.10074219107627869,0.012875799834728242,0.4723900258541107,0.23796591460704802,0.1340767577290535,0.14026925563812256,0.09427231699228286,0.0042554067447781565,0.37287373710423705
539,0.49564480781555176,0.25391072034835815,0.14165384471416473,0.1322259172797203,0.09575377106666565,0.01291490849107504,0.4767214357852936,0.23374689221382142,0.1344925045967102,0.1577063798904419,0.09432782083749772,0.0036389232613146306,0.3901656285859645
540,0.5035958409309387,0.2527915120124817,0.1444670557975769,0.1428566724061966,0.09809625148773193,0.012923177890479564,0.47437400817871095,0.2393121302127838,0.1366479903459549,0.13502943217754365,0.09668653458356857,0.00362376207485795,0.3719877191819251
541,0.5232921779155731,0.26209122538566587,0.14751842617988586,0.1575580805540085,0.09939218610525132,0.013243595324456691,0.5096100330352783,0.24446980953216552,0.1407350331544876,0.19005267024040223,0.09687103927135468,0.004107610881328582,0.4317663535475731
542,0.5138894855976105,0.25637379884719846,0.14205610156059265,0.16381852626800536,0.09540421515703201,0.01310593243688345,0.47310144901275636,0.24271176457405091,0.1390466034412384,0.11999067366123199,0.09805768430233001,0.00401907991617918,0.3611140413209796
543,0.5105535984039307,0.267796716094017,0.14236164093017578,0.13276713639497756,0.09677136838436126,0.012030187249183654,0.4365460813045502,0.23302934169769288,0.125640469789505,0.09844569861888885,0.08911990821361541,0.003362479154020548,0.3165685557760298
544,0.5126568913459778,0.26258251667022703,0.14347801208496094,0.14570315033197404,0.09665513783693314,0.01261236723512411,0.44627565145492554,0.24164239168167115,0.1293935716152191,0.09176409542560578,0.09113549739122391,0.004169921111315489,0.3164630855433643
545,0.5053913056850433,0.2542580723762512,0.1440154105424881,0.14633398950099946,0.09684377312660217,0.013021097332239152,0.44642204642295835,0.2303919792175293,0.12509652376174926,0.1243967890739441,0.08834068030118943,0.004203897295519709,0.3420378904324025
546,0.4997034013271332,0.25875088572502136,0.13897171914577483,0.1375209391117096,0.09442946612834931,0.011823859065771103,0.45956488251686095,0.20774552822113038,0.14059394598007202,0.15958578288555145,0.09904867857694626,0.003829747438430786,0.40305815488100055
547,0.517628961801529,0.2550559312105179,0.152160581946373,0.14753587245941163,0.10308351516723632,0.013773265480995178,0.4564513623714447,0.2447567641735077,0.12395939826965333,0.11748577654361725,0.08781204670667649,0.004514221753925085,0.33377144327387215
548,0.4996173858642578,0.2463664084672928,0.14475802779197694,0.14765243977308273,0.09786655157804489,0.013113128021359444,0.45623713731765747,0.2357082962989807,0.13012803494930267,0.12122000753879547,0.09192241877317428,0.004189174249768257,0.34745963551104075
549,0.5162147462368012,0.25976790189743043,0.15024662911891937,0.1408541351556778,0.1012339323759079,0.013803605549037456,0.48492899537086487,0.2685387969017029,0.12875698804855346,0.11635974049568176,0.09119782894849777,0.003762864461168647,0.3400774219539016
550,0.5208552479743958,0.27043508291244506,0.14217050969600678,0.1474998727440834,0.09639584273099899,0.013127337582409382,0.47102460265159607,0.24380162954330445,0.13457522094249724,0.1231384426355362,0.09527993053197861,0.0044088980183005335,0.3574024921283126
551,0.5055935680866241,0.2604322671890259,0.1381361961364746,0.14628826975822448,0.09360643178224563,0.013346607238054276,0.46287777423858645,0.2258287787437439,0.14224926829338075,0.12671319842338563,0.09952066689729691,0.004352960269898176,0.37283609388396144
552,0.5117520451545715,0.24764584004878998,0.14880422055721282,0.15895439237356185,0.10034335255622864,0.01411936841905117,0.44436269998550415,0.2267819821834564,0.13167816996574402,0.11047382354736328,0.09353871196508408,0.004237124091014266,0.33992782956920564
553,0.5148535549640656,0.2627892315387726,0.1447564333677292,0.14712547659873962,0.09768117368221282,0.012060291320085525,0.43223572373390196,0.22396843135356903,0.132075634598732,0.09184019714593887,0.0936687633395195,0.0037723192013800143,0.3213569142855704
554,0.5267343163490296,0.25769504308700564,0.14898455142974854,0.17073640823364258,0.10067897737026214,0.012142588570713996,0.42286830544471743,0.22897694110870362,0.1274057447910309,0.07265169769525529,0.0912415087223053,0.0037445093970745803,0.2950434606056661
555,0.5054916918277741,0.2591939091682434,0.14477168619632722,0.13432282358407974,0.09752906113862991,0.013173526898026467,0.4567084789276123,0.2357364535331726,0.12932607233524324,0.1263918623328209,0.0904075875878334,0.0038649499416351317,0.34999047219753265
556,0.5036045491695404,0.25408299565315245,0.1474444568157196,0.13513214886188507,0.09951940476894379,0.012448356114327907,0.4494455575942993,0.23109229505062104,0.131288480758667,0.11538199186325074,0.0923825591802597,0.003764971997588873,0.3428180037997663
557,0.5046527683734894,0.25588633120059967,0.1431738018989563,0.14229762703180313,0.09680314362049103,0.01318224724382162,0.49622594118118285,0.2505410075187683,0.13566045463085175,0.15860584378242493,0.09572526514530182,0.004037879407405853,0.39402944296598436
558,0.5077305614948273,0.2538756221532822,0.14359889030456544,0.15091390311717987,0.09720934927463531,0.01341313924640417,0.4091835081577301,0.22332703173160554,0.12291391491889954,0.06734874397516251,0.08808980584144592,0.0037647664546966554,0.2821172311902046
559,0.5159922122955323,0.2765251636505127,0.13943185806274414,0.1310338482260704,0.09472023844718933,0.013591357506811619,0.4695677638053894,0.25179010927677153,0.12963666170835494,0.11744593977928161,0.09122883975505829,0.004296453855931759,0.3426078950986266
560,0.49769524335861204,0.2571989744901657,0.14378005564212798,0.12333182394504547,0.09769297987222672,0.013210522755980492,0.4448168635368347,0.21522431969642639,0.1323470115661621,0.1341313824057579,0.09355412572622299,0.003998898481950164,0.36403141818009316
561,0.5050290405750275,0.254069322347641,0.14412653744220733,0.14500381648540497,0.09724442958831787,0.013071568496525288,0.46575583815574645,0.24121477007865905,0.1366741716861725,0.11474856212735177,0.09629209786653518,0.003625138569623232,0.35133997024968266
562,0.5010273337364197,0.2538210391998291,0.1448010563850403,0.13609812557697296,0.0981376513838768,0.012312920950353145,0.44849329590797427,0.22825825810432435,0.13132035732269287,0.11633101999759674,0.0936055988073349,0.004005326610058546,0.34526230273768305
563,0.49362685680389407,0.25690866112709043,0.13939647376537323,0.12629999220371246,0.09456942528486252,0.013286462053656578,0.436849969625473,0.2232605665922165,0.13049187064170836,0.1044830858707428,0.09326668828725815,0.004050341155380011,0.3322919859550893
564,0.5056297302246093,0.2535962134599686,0.14571966230869293,0.1428384855389595,0.0987290844321251,0.012893378362059593,0.46386523842811583,0.2348129391670227,0.13775545358657837,0.11872819662094117,0.09790578782558441,0.0041495393961668015,0.3585389774292707
565,0.5068368434906005,0.2649789273738861,0.1396871328353882,0.13889896124601364,0.09381436258554458,0.012500704266130924,0.4480359375476837,0.24096410870552062,0.13226342797279358,0.0895815372467041,0.09342427849769593,0.003892948757857084,0.3191621924750507
566,0.5108676791191101,0.2516687422990799,0.1466609239578247,0.15441582798957826,0.09897677302360534,0.013833980448544026,0.47642996311187746,0.2527741253376007,0.13389236927032472,0.1177334189414978,0.09520483911037445,0.003768722852692008,0.35059935017488897
567,0.5020380616188049,0.2629727780818939,0.13916614055633544,0.13288592100143432,0.09449771046638489,0.012202187441289425,0.4556719779968262,0.23337537050247192,0.133364737033844,0.1169106125831604,0.09458613842725754,0.003675411082804203,0.34853689912706615
568,0.5155659794807435,0.2486617624759674,0.14946293830871582,0.16467980146408082,0.10098313987255096,0.012642423249781131,0.4427655339241028,0.22691534757614135,0.1326849043369293,0.10494275689125061,0.09404099881649017,0.004279090743511915,0.335947750788182
569,0.4989444375038147,0.24767617583274842,0.14643623530864716,0.14007497131824492,0.09910597205162049,0.012723845057189464,0.4520754277706146,0.2385906010866165,0.12477937340736389,0.12062619626522064,0.08796444982290268,0.004025132115930319,0.33739515161141753
570,0.5133878350257873,0.26346942484378816,0.14211131930351256,0.1469283014535904,0.09573200941085816,0.013809408247470855,0.4755940198898315,0.24134008586406708,0.13280810713768004,0.142085263133049,0.09401166290044785,0.003993698488920927,0.3728987316600978
571,0.5033005118370056,0.2549825131893158,0.14564215242862702,0.13568438589572906,0.09832679480314255,0.013325620628893375,0.4786386609077454,0.24745744466781616,0.13476717472076416,0.1321922779083252,0.09487625807523728,0.004036058578640223,0.36587176928296683
572,0.5076903402805328,0.26032130122184755,0.1444288045167923,0.1385994538664818,0.09703725874423981,0.012596631050109863,0.4328690588474274,0.23459631204605103,0.12025918662548066,0.10069561302661896,0.0854319080710411,0.003376337047666311,0.30976304477080707
573,0.5141228020191193,0.2635056883096695,0.14215863347053528,0.15016103982925416,0.09553482979536057,0.012746377289295197,0.45475242733955384,0.2418224334716797,0.1309889167547226,0.10460635274648666,0.09272109270095825,0.0034446591511368752,0.33176102135330443
574,0.5074857234954834,0.2578840970993042,0.1428964763879776,0.14543614387512208,0.09653472304344177,0.012715130299329757,0.44357470870018006,0.23794595003128052,0.12921174764633178,0.09247533679008484,0.0921116217970848,0.0038193805143237115,0.31761808674782516
575,0.5088859260082245,0.2625330865383148,0.1435580164194107,0.1360926643013954,0.09703796207904816,0.013556457124650478,0.45421931743621824,0.23266319334506988,0.1382336363196373,0.10470691174268723,0.09722990691661834,0.004079892579466104,0.344250347558409
576,0.5080176651477813,0.2607317686080933,0.14744510054588317,0.1285307690501213,0.1002201870083809,0.012968256697058677,0.4598362922668457,0.24388073682785033,0.13194650113582612,0.1076294094324112,0.0931653380393982,0.004288959596306085,0.33703020820394164
577,0.516337776184082,0.25962941348552704,0.14914197027683257,0.14406099915504456,0.1013386532664299,0.012526031956076622,0.442865663766861,0.22622137665748596,0.13049492835998536,0.10989435613155366,0.09388207644224167,0.003667974658310413,0.3379393355920911
578,0.4991638422012329,0.2517691820859909,0.14412491023540497,0.13715480417013168,0.09794084578752518,0.012591349892318249,0.44914133548736573,0.22792330980300904,0.14041770994663239,0.09667542576789856,0.09978597164154053,0.004122142679989338,0.3410012500360608
579,0.4884728789329529,0.24513377249240875,0.14276436865329742,0.1325615808367729,0.09667599201202393,0.01285734847187996,0.4447560489177704,0.23953654766082763,0.12536389231681824,0.10127207040786743,0.08905815780162811,0.004061947390437126,0.31975606791675093
580,0.5064909338951111,0.2607802450656891,0.14184596836566926,0.13984986245632172,0.09592579603195191,0.012767126969993114,0.4743786871433258,0.2565843790769577,0.12662409245967865,0.12340636700391769,0.09027613997459412,0.0035756208933889868,0.34388222033157945
581,0.5036266505718231,0.25609070658683775,0.14452531635761262,0.13628363311290742,0.09804080575704574,0.012986660934984684,0.44869587421417234,0.23347023725509644,0.12572891116142274,0.12255471646785736,0.08852703273296356,0.0036524984054267405,0.34046315876767036
582,0.4997300446033478,0.2500156134366989,0.1409887343645096,0.15069395303726196,0.09540674239397048,0.012094788812100887,0.458856338262558,0.24411471486091613,0.13150278329849244,0.10563456416130065,0.09356439411640168,0.003726491890847683,0.3344282334670424
583,0.4961906373500824,0.2577358245849609,0.14282513856887818,0.12251314222812652,0.09692131876945495,0.012663366831839084,0.42430695295333865,0.22367974519729614,0.1303999364376068,0.07781008332967758,0.09376378655433655,0.003940604906529188,0.3059144112281501
584,0.5055261671543121,0.2542868763208389,0.14457197487354279,0.14395407289266587,0.09786649346351624,0.013013991713523864,0.4324295997619629,0.2282647281885147,0.13096781373023986,0.08515370786190032,0.09327562153339386,0.004040694981813431,0.31343783810734743
585,0.5000063002109527,0.25254058837890625,0.14406804740428925,0.13753093779087067,0.09724653661251068,0.013456688448786735,0.4676207900047302,0.24807800650596618,0.12578175514936446,0.1314464032649994,0.08844546526670456,0.0035474740900099276,0.34922109777107835
586,0.5128894031047821,0.268825501203537,0.14164314270019532,0.13731397390365602,0.09568301439285279,0.012717601843178272,0.4592719852924347,0.236231529712677,0.13468789160251618,0.11595212817192077,0.09510466158390045,0.0037368456833064556,0.34948152704164387
587,0.5086117804050445,0.2637930393218994,0.14051620960235595,0.14139766842126847,0.0954963058233261,0.011950727365911008,0.4442159295082092,0.23272313475608825,0.13222341537475585,0.09732222110033036,0.09371324777603149,0.0042953256517648695,0.3275542099028826
588,0.4902806103229523,0.2542979747056961,0.13958784937858582,0.12491643577814102,0.09478046149015426,0.012785758450627327,0.4449742496013641,0.22635422945022582,0.12958618104457856,0.12026744782924652,0.09105021804571152,0.0037756825797259806,0.34467952949926256
589,0.5204140782356262,0.26139440536499026,0.1463216722011566,0.15688571631908416,0.09860620945692063,0.012585354782640935,0.4443819344043732,0.2554084300994873,0.12094797194004059,0.07971443235874176,0.0861392229795456,0.0035757924895733597,0.29037741976790127
590,0.502189552783966,0.25372308790683745,0.14590339362621307,0.1356125444173813,0.09891516417264938,0.012561891227960587,0.44975645542144777,0.2360128194093704,0.13114431798458098,0.10379452109336854,0.0936095729470253,0.0038066412787884476,0.33235505330376325
591,0.5066991508007049,0.2626007318496704,0.1400958627462387,0.139717298746109,0.09529334604740143,0.012712152488529683,0.4437508642673492,0.2236197829246521,0.13451049327850342,0.10927302539348602,0.09540271759033203,0.004052288644015789,0.3432385249063373
592,0.5175451040267944,0.25420633852481844,0.14864309132099152,0.15999699980020524,0.10004044771194458,0.012826074287295342,0.4596137762069702,0.21463509500026703,0.13421079218387605,0.16146863698959352,0.0941362127661705,0.004289632849395275,0.39410527478903534
593,0.5063710272312164,0.2529647767543793,0.14833725690841676,0.13831403553485871,0.10062496662139893,0.013508075103163718,0.4109862267971039,0.21691882014274597,0.12949870824813842,0.0687195561826229,0.09231071174144745,0.0037822583224624397,0.29431123449467117
594,0.5026968240737915,0.2619684338569641,0.14139085114002228,0.13129072338342668,0.09571109265089035,0.012395000644028186,0.4475469410419464,0.24806878566741944,0.1231620118021965,0.0957455039024353,0.08713883012533188,0.004122206382453442,0.3101685522124171
595,0.5049548864364624,0.2517253667116165,0.14864051043987275,0.1390716552734375,0.1004510372877121,0.012746305577456951,0.4421792984008789,0.23552265167236328,0.12809903025627137,0.098415707051754,0.09099522829055787,0.0034343172796070577,0.3209442828781903
596,0.5059878528118134,0.2545491486787796,0.1432928889989853,0.1492810308933258,0.09665156602859497,0.01214312594383955,0.4077776372432709,0.20222487449645996,0.1221692368388176,0.10999206304550171,0.08684375882148743,0.0037547603249549867,0.32275981903076173
597,0.5034873127937317,0.25195818245410917,0.1424345463514328,0.1496345043182373,0.09614095687866211,0.013362359628081322,0.41984707713127134,0.21666651964187622,0.13014416098594667,0.08433539569377899,0.09325451105833053,0.0038375040050595997,0.3115715717431158
598,0.5060411095619202,0.26198438704013827,0.14205790758132936,0.13716565817594528,0.09558892250061035,0.012651453912258147,0.47366973757743835,0.2457001954317093,0.1379510760307312,0.11864249110221863,0.09717536866664886,0.0035676763858646155,0.3573366121854633
599,0.507868355512619,0.2493643969297409,0.14396174848079682,0.1617656648159027,0.0968704491853714,0.01252831369638443,0.4116379678249359,0.20407891273498535,0.13148865401744841,0.09003505036234856,0.09442231357097626,0.003392707835882902,0.3193387257866561
600,0.49009557962417605,0.25204314291477203,0.14062729179859162,0.12726536989212037,0.09513169080018997,0.01282060518860817,0.4557946026325226,0.25094648599624636,0.12287304401397706,0.10752784311771393,0.08690127581357956,0.003923441749066114,0.3212256046943367
601,0.5035948157310486,0.2467266023159027,0.14776610136032103,0.14904423505067826,0.09952294379472733,0.012771576829254627,0.4467248499393463,0.23627298772335054,0.1290341556072235,0.10284621119499207,0.09199469089508057,0.0035957103595137597,0.3274707680568099
602,0.5012501418590546,0.2501653879880905,0.1449507176876068,0.1449386730790138,0.09762457013130188,0.012164976634085178,0.5066331326961517,0.2410730242729187,0.14746303111314774,0.17059643864631652,0.10362931340932846,0.0041443463414907455,0.42583312951028346
603,0.5119344234466553,0.2674861252307892,0.14522680044174194,0.12842464148998262,0.09871515184640885,0.012724900245666504,0.4252588629722595,0.2261309504508972,0.12016676962375641,0.10275045037269592,0.08493895232677459,0.003900517895817757,0.3117566902190447
604,0.48963662981987,0.24793963134288788,0.1403532087802887,0.1349736139178276,0.09525681883096696,0.01253823544830084,0.4694341480731964,0.23840755820274354,0.1360679805278778,0.12961169183254242,0.09560898542404175,0.0036825412418693302,0.3649711990263313
605,0.49587140679359437,0.25819645524024964,0.14145879149436952,0.12504141479730607,0.09596147239208222,0.012090530805289745,0.4963416814804077,0.24225209951400756,0.13740974068641662,0.17395640015602112,0.09592357277870178,0.003547061374410987,0.4108367749955505
606,0.48703693151474,0.2516752630472183,0.13968187868595122,0.12437337189912796,0.09458150267601013,0.012503647431731223,0.4393060803413391,0.23368064165115357,0.13095350116491317,0.08784477114677429,0.09354742169380188,0.0038269625976681708,0.3161726566031575
607,0.49633286595344545,0.249482661485672,0.14472858905792235,0.1345948740839958,0.09823053777217865,0.012797040119767188,0.44942277669906616,0.22539798617362977,0.12735578417778015,0.13671258687973023,0.0894801065325737,0.003586457297205925,0.35713493488729
608,0.49971373081207277,0.25492856800556185,0.14226726293563843,0.13522081077098846,0.09683209061622619,0.013155745901167392,0.44409300684928893,0.23012698888778688,0.13067016899585723,0.10591717958450317,0.09306229650974274,0.003728621266782284,0.33337826635688544
609,0.49052863717079165,0.2445985943078995,0.14141758680343627,0.13886343240737914,0.09636698067188262,0.013460798375308513,0.46666803359985354,0.2352704495191574,0.14356292188167571,0.11094253957271576,0.10158403366804122,0.003658323921263218,0.3597478190436959
610,0.5078132450580597,0.2597075581550598,0.14821002781391143,0.12897265702486038,0.10043262392282486,0.012973880767822266,0.41388477087020875,0.21739749908447265,0.12867878526449203,0.0753006473183632,0.09190871119499207,0.0036983554251492023,0.29958649920299646
611,0.5064940452575684,0.2537091225385666,0.1457706719636917,0.14560368657112122,0.09833540320396424,0.012517622299492359,0.48338093757629397,0.2597413778305054,0.133867546916008,0.11837374716997147,0.09495930671691895,0.0036565437447279693,0.35085714454762634
612,0.5063140273094178,0.2596113681793213,0.14495821297168732,0.13376794308423995,0.097895048558712,0.013492194376885891,0.47753148674964907,0.22716248035430908,0.1385587692260742,0.162185463309288,0.09724967479705811,0.003924588952213526,0.40191849628463383
613,0.5034176647663117,0.265242862701416,0.14250506162643434,0.12362082451581954,0.09680752009153366,0.011863328143954277,0.41754486560821535,0.2172912538051605,0.12562935650348664,0.09177429080009461,0.08915359675884246,0.003425959823653102,0.3099832038860768
614,0.47872733473777773,0.24968983829021454,0.1406201183795929,0.10883940309286118,0.09542846530675889,0.012684663757681847,0.42976821064949033,0.2121954768896103,0.13604121208190917,0.10054616928100586,0.09642494022846222,0.004077274724841118,0.3370895963162183
615,0.501536387205124,0.25747057795524597,0.14365098774433135,0.13205637782812119,0.09753765612840652,0.012392099387943745,0.4743592977523804,0.24583322405815125,0.14277689456939696,0.10514577627182006,0.10165648460388184,0.004154679272323847,0.3537338347174227
616,0.5051416158676147,0.25812622904777527,0.13899219036102295,0.1485980361700058,0.09369435608386993,0.013608456030488015,0.4405487596988678,0.2305962324142456,0.11895212084054947,0.12497558295726777,0.08489491790533066,0.004419623874127865,0.3332422455772758
617,0.5187880277633667,0.2604920446872711,0.14459600150585175,0.159542253613472,0.09772631376981736,0.012143610045313835,0.46895853281021116,0.2329370677471161,0.13815142810344697,0.13208153247833251,0.09813793152570724,0.003952960390597582,0.3723238524980843
618,0.488926374912262,0.2525627166032791,0.1396004557609558,0.12707872986793517,0.09467629492282867,0.011925389803946019,0.4409058511257172,0.22765991389751433,0.13118387162685394,0.10466229319572448,0.0926301658153534,0.0038467253558337688,0.33232305599376555
619,0.5026665508747101,0.26310116052627563,0.1418144255876541,0.1268157348036766,0.09647932201623917,0.012529982812702655,0.43900527954101565,0.2249550551176071,0.13150208294391633,0.1037435457110405,0.09393395483493805,0.0035620734095573427,0.3327416568994522
620,0.5208536207675933,0.25508318543434144,0.1539798766374588,0.15208086222410203,0.10351532995700836,0.01317818257957697,0.4605385184288025,0.2380131810903549,0.13886769711971284,0.10301383733749389,0.09868409931659698,0.004143563657999038,0.3447091974318028
621,0.5177626371383667,0.2636289656162262,0.14686399400234224,0.14537540525197984,0.09986053109169006,0.011647784523665905,0.43200265169143676,0.22703943848609925,0.1246200144290924,0.1019286870956421,0.08897733688354492,0.0038735916838049888,0.3193996300920844
622,0.4999092400074005,0.2582739174365997,0.14134553968906402,0.1330925330519676,0.09582175165414811,0.012277922220528125,0.4382139384746552,0.22875052690505981,0.12960044741630555,0.09926318228244782,0.09254175275564194,0.0035569160245358944,0.3249622984789312
623,0.5043428599834442,0.2591135293245316,0.1420607566833496,0.1393938273191452,0.09559662491083146,0.01272200457751751,0.43200287222862244,0.22840014696121216,0.13302192091941833,0.07828628718852997,0.09502255022525788,0.004180135577917099,0.3105108939111233
624,0.5086710512638092,0.2603877246379852,0.14319675862789155,0.14150831550359727,0.09704950153827667,0.012687575444579125,0.4548007309436798,0.23832553625106812,0.12378427386283875,0.1278283953666687,0.08833915740251541,0.003328164620324969,0.3432799912523478
625,0.5078510403633117,0.26492445468902587,0.13984697461128234,0.1407599315047264,0.09410668015480042,0.012166372686624526,0.4582818627357483,0.22755118310451508,0.13977458477020263,0.11786138713359832,0.09945590198040008,0.0035096930339932443,0.3606015669181943
626,0.506239366531372,0.2546217441558838,0.14312190115451812,0.1479506641626358,0.09633115082979202,0.013928823545575142,0.4526961386203766,0.22659679651260375,0.13347000479698182,0.12484852373600006,0.0942238375544548,0.003880354482680559,0.3564227205701172
627,0.49059465527534485,0.265871661901474,0.14054522812366485,0.10081596523523331,0.09581656157970428,0.011751199327409267,0.4577881872653961,0.22685981094837188,0.13516600131988527,0.12942637503147125,0.09575781077146531,0.004106264282017946,0.3644564514048398
628,0.48808121085166933,0.2504349946975708,0.14241565763950348,0.121295066177845,0.0971077635884285,0.012404416687786579,0.4481822311878204,0.22407125532627106,0.13758860826492308,0.10875758826732636,0.09820887148380279,0.0038985896855592726,0.3484536577016115
629,0.4987534284591675,0.2580743759870529,0.14212672412395477,0.1291312173008919,0.09672574698925018,0.011891916021704673,0.45058860182762145,0.22085889279842377,0.13704518973827362,0.12485144734382629,0.0961122140288353,0.0038131148554384708,0.36182196596637367
630,0.4812052845954895,0.24815250933170319,0.13918845653533934,0.12061353921890258,0.09460624754428863,0.012207894027233124,0.4485785126686096,0.23919229507446288,0.12489457130432129,0.11072390973567962,0.08854996860027313,0.0043242997489869595,0.328492749389261
631,0.5062997460365295,0.2566127508878708,0.14784610867500306,0.1336660534143448,0.09987863451242447,0.012931839749217033,0.44540450572967527,0.2441020965576172,0.11923090517520904,0.10799332857131957,0.08505475968122482,0.003765069041401148,0.3160440624691546
632,0.5008531868457794,0.26814841032028197,0.1378520667552948,0.12276069521903991,0.09354304075241089,0.01265050694346428,0.43993822336196897,0.2375600516796112,0.12855343222618104,0.08631938546895981,0.09204949885606765,0.00413181846961379,0.3110541350208223
633,0.48309325575828554,0.2503364533185959,0.14166127443313598,0.11311639696359635,0.09657059907913208,0.012567663006484509,0.44246461391448977,0.22382599413394927,0.13589186370372772,0.10439128875732422,0.09586824178695678,0.0037554029375314714,0.3399067971855402
634,0.4843693196773529,0.2583016037940979,0.13826947212219237,0.10845231860876084,0.09422167390584946,0.012121635302901269,0.45274974703788756,0.23409639298915863,0.12852488458156586,0.1229587584733963,0.09037280380725861,0.0036267383955419065,0.34548318525776267
635,0.5058391332626343,0.26091474294662476,0.14462161660194398,0.12982349693775178,0.09833378195762635,0.013382946141064167,0.445324045419693,0.23361411094665527,0.1275453209877014,0.11021595001220703,0.09028068631887436,0.0036408556159585716,0.3316828129347414
636,0.49081130027770997,0.25822139382362364,0.14197405576705932,0.11210191398859023,0.09719286561012268,0.01194150634109974,0.46505850553512573,0.23604382276535035,0.1349730134010315,0.12736895382404329,0.0951646089553833,0.0038273065350949765,0.36133388271555306
637,0.5033101558685302,0.25674869120121,0.14054899513721467,0.14643514901399612,0.09466284811496735,0.012009354121983052,0.4469899296760559,0.22401901483535766,0.12958611249923707,0.12805873155593872,0.0917014166712761,0.0034958300180733203,0.3528420907445252
638,0.48715355396270754,0.25649198293685915,0.13707514107227325,0.1209973856806755,0.09278761148452759,0.012625286541879176,0.42763745188713076,0.23885583877563477,0.11816462278366088,0.08531619310379028,0.08430795669555664,0.003904643841087818,0.2916934164240956
639,0.5035233736038208,0.252913236618042,0.1491491049528122,0.13123121708631516,0.10156788676977158,0.012645806558430195,0.441737300157547,0.23946860134601594,0.132136732339859,0.07784590348601342,0.09449738413095474,0.003971436433494091,0.30845145639032123
640,0.4851405084133148,0.25471817553043363,0.13885785341262818,0.11619895994663239,0.09464159905910492,0.011789031885564327,0.44136095643043516,0.22326740026473998,0.13168598115444183,0.11275833249092101,0.09326950907707214,0.0037169684655964375,0.34143079118803144
641,0.5128104388713837,0.2566155821084976,0.14885237216949462,0.14542130529880523,0.10034206360578538,0.012451371364295482,0.42609869241714476,0.22116605043411255,0.1300390601158142,0.08966123759746551,0.09249751269817352,0.003692798828706145,0.3158906092401594
642,0.49712289571762086,0.2578091204166412,0.14083485901355744,0.12744380980730058,0.09614577442407608,0.012898093461990357,0.46341447830200194,0.2395714968442917,0.13112665861845016,0.1262574940919876,0.09279417246580124,0.003366787638515234,0.35354511281475426
643,0.495928430557251,0.25272896885871887,0.1432534098625183,0.13081119656562806,0.09718560129404068,0.012830804288387298,0.4503545880317688,0.2337289571762085,0.13031362295150756,0.11362069249153137,0.09203311502933502,0.0037505322135984896,0.33971796268597243
644,0.4967771589756012,0.2571177244186401,0.1396326631307602,0.13368104696273803,0.09432235360145569,0.012400313839316368,0.47193371057510375,0.25291997790336607,0.131934517621994,0.11284275650978089,0.09424295425415039,0.003403040673583746,0.34242326905950904
645,0.4981126844882965,0.25412562787532805,0.13966996371746063,0.14098407924175263,0.0947997286915779,0.012657566554844379,0.4193548381328583,0.24187032580375672,0.12091795802116394,0.05375863015651703,0.08773433268070222,0.0034455505665391684,0.26585647142492236
646,0.48379886746406553,0.24229781329631805,0.14271522164344788,0.1276571646332741,0.09723168164491654,0.012975969910621643,0.4536228239536285,0.24211735129356385,0.12521392107009888,0.11456122696399688,0.08932164162397385,0.0032803995534777643,0.3323771892115474
647,0.49868335127830504,0.251404395699501,0.14195729792118073,0.14346752762794496,0.09585954695940017,0.012438562512397767,0.4563701689243317,0.24396882057189942,0.13463849425315857,0.09286121279001236,0.09596249163150787,0.0038414616137742996,0.3273036602884531
648,0.5016549348831176,0.24993787705898285,0.1435683161020279,0.14765519201755523,0.09688443541526795,0.0131726810708642,0.4484167993068695,0.22885260581970215,0.14099546074867247,0.09277656301856041,0.0997595876455307,0.004169429652392864,0.3377010410651564
649,0.5024735510349274,0.26111151576042174,0.14132539331912994,0.1330236852169037,0.09556625038385391,0.012316083908081055,0.43228368163108827,0.22893606424331664,0.12785424292087555,0.09057444334030151,0.09166681617498398,0.0035234763287007808,0.3136189787648618
650,0.48603215217590334,0.2492304414510727,0.13968079090118407,0.12595468610525132,0.09492736458778381,0.012938017956912518,0.44396513104438784,0.21888944804668425,0.13880392611026765,0.10865124091506004,0.09872083216905594,0.0037532638758420943,0.3499292630702257
651,0.49324137568473814,0.258767756819725,0.1345800057053566,0.1355530172586441,0.09113729596138001,0.011814026162028313,0.4555187702178955,0.22945446968078614,0.1423174798488617,0.10286050289869308,0.10028843581676483,0.004552688030526042,0.35001910659484564
652,0.5015263140201569,0.2583639144897461,0.13866737186908723,0.14449036717414857,0.0936297133564949,0.011362594924867154,0.4487322211265564,0.23803530037403106,0.13429071605205536,0.09230047464370728,0.09484128206968308,0.003657166427001357,0.3250896391924471
653,0.5065811276435852,0.26180758476257326,0.14236012399196624,0.13651059120893477,0.0968015119433403,0.012195288389921188,0.44327529668807986,0.22719097137451172,0.12828837037086488,0.11832173466682434,0.0900425598025322,0.003909590654075146,0.34056225549429653
654,0.49259727001190184,0.2514224201440811,0.14411210417747497,0.12504713982343674,0.09762860089540482,0.012809465825557708,0.41897042393684386,0.21693622469902038,0.13535932302474976,0.06977486312389374,0.09668497741222382,0.003974458109587431,0.3057936216704547
655,0.5007226049900055,0.24627719521522523,0.14805060923099517,0.14197975397109985,0.10015110373497009,0.013255885429680347,0.44249404668807985,0.23155096173286438,0.1327317863702774,0.09392729997634888,0.09480710625648499,0.00400921693071723,0.3254754095338285
656,0.4849882245063782,0.2517643213272095,0.13737172335386277,0.12431185394525528,0.09352905005216598,0.012647217512130738,0.41541785597801206,0.2234239399433136,0.12390238046646118,0.07694294899702073,0.08903576135635376,0.00362218227237463,0.2935032730922103
657,0.4855838894844055,0.24685937762260438,0.14533437192440032,0.11655671447515488,0.09885813295841217,0.012744025327265263,0.44583680629730227,0.22388370633125304,0.13559969067573546,0.1107529193162918,0.09629347622394561,0.0035475998651236297,0.3461936860810965
658,0.5088939189910888,0.2544077277183533,0.14628866016864778,0.1465485468506813,0.09881454259157181,0.013218630291521549,0.4397629976272583,0.2381845861673355,0.12423735857009888,0.0993416115641594,0.08724170923233032,0.0036388886626809837,0.31445956802926955
659,0.4880210399627686,0.26158277690410614,0.1392419695854187,0.1078507125377655,0.09477057009935379,0.011601888760924339,0.4293670654296875,0.211190927028656,0.13030464947223663,0.11482899785041809,0.09314830005168914,0.0035157380159944298,0.3417976853903383
660,0.49234418869018554,0.25375556349754336,0.1412633925676346,0.1285812199115753,0.09540398865938186,0.011803318932652473,0.43400963544845583,0.22529668509960174,0.12447047382593154,0.10984349846839905,0.0888136550784111,0.003917550481855869,0.3270451778545976
661,0.49647696018218995,0.25754241943359374,0.13994686007499696,0.1289077028632164,0.09517017751932144,0.013338674791157246,0.431764018535614,0.23271293044090272,0.13278587460517882,0.07242814004421234,0.09391032308340072,0.0036196356639266016,0.3027439733967185
662,0.49357871413230897,0.2549583315849304,0.1424757272005081,0.12380665242671966,0.09669634401798248,0.012546920962631703,0.44915480017662046,0.25037987232208253,0.12451172173023224,0.09129221439361572,0.08838102072477341,0.0035598748363554478,0.3077448316849768
663,0.48701432943344114,0.24951305985450745,0.14135390520095825,0.12523039877414704,0.09533185213804245,0.012681812420487404,0.46254496574401854,0.23798440098762513,0.14329110383987426,0.09717067927122117,0.10170003026723862,0.003756592981517315,0.3459184063598514
664,0.48382911682128904,0.2431488335132599,0.1445436120033264,0.1232045754790306,0.09818096607923507,0.012321747280657292,0.4174558758735657,0.22112766206264495,0.12983593344688416,0.06980620622634888,0.09372538924217225,0.003973916452378034,0.29734144536778334
665,0.49104083776474,0.24743208885192872,0.14031819701194764,0.13992924988269806,0.09494799971580506,0.01219575684517622,0.4455588459968567,0.2336333930492401,0.1336214393377304,0.09463094919919968,0.09536324143409729,0.003480019327253103,0.3270956492982805
666,0.4828220546245575,0.25547419488430023,0.13778622150421144,0.1116630956530571,0.09411617815494537,0.012152898497879506,0.43700947165489196,0.24124357104301453,0.1333107531070709,0.0631356168538332,0.09511163383722306,0.003472959389910102,0.2950309631880373
667,0.4925897419452667,0.2545453131198883,0.13932933807373046,0.13006327152252198,0.09494019150733948,0.012011342123150826,0.4330621838569641,0.22317777574062347,0.1288349449634552,0.10325458645820618,0.09138314574956893,0.003509249351918697,0.326981926523149
668,0.5150678157806396,0.27467815279960633,0.13976215422153473,0.13496076315641403,0.09472944587469101,0.011855369433760643,0.45210360884666445,0.2335406631231308,0.139620640873909,0.09472252130508423,0.09888399988412858,0.00358194075524807,0.33680910281836984
669,0.49527468085289,0.2527999818325043,0.1427520215511322,0.13048505485057832,0.09652936607599258,0.01332399807870388,0.44745360016822816,0.23052869141101837,0.12758457958698272,0.1199116736650467,0.09067893922328948,0.0035683166235685347,0.34174350909888745
670,0.48279436230659484,0.2475709557533264,0.14301048517227172,0.11442330479621887,0.09769383072853088,0.012589542381465434,0.4338336050510406,0.22943968772888185,0.12316946536302567,0.10529390275478363,0.08752367347478866,0.0037693595048040153,0.319756401097402
671,0.5049016177654266,0.25868184864521027,0.1429298549890518,0.1387178659439087,0.09671487361192703,0.012401467934250832,0.4538312256336212,0.22307686507701874,0.14523021280765533,0.10386141836643219,0.1033505767583847,0.004082789178937674,0.3565249971114099
672,0.49401132464408876,0.25038031339645384,0.14197097420692445,0.13460720032453538,0.09655043482780457,0.012559250369668007,0.42905883193016053,0.22776929140090943,0.1260075628757477,0.09221763014793397,0.08993235975503922,0.0032065184321254494,0.3113640712108463
673,0.49871115684509276,0.25239059925079343,0.14411366283893584,0.13359388262033461,0.09841252118349075,0.012934660725295543,0.44256163835525514,0.21859053373336793,0.13698490262031554,0.10909073203802108,0.09800909012556076,0.004177420306950808,0.3482621450908482
674,0.4891993761062622,0.2495322823524475,0.1456203728914261,0.11607120633125305,0.0990638330578804,0.013939273543655872,0.45342372059822084,0.24630462527275085,0.13409544229507447,0.08191612064838409,0.09626709371805191,0.004066052939742803,0.3163447096012533
675,0.47520418763160704,0.2502149850130081,0.13805755078792573,0.10485986769199371,0.09444020837545394,0.012986141256988049,0.4246882975101471,0.21450628936290742,0.13309962153434754,0.09083507061004639,0.09559181928634644,0.003746921196579933,0.32327343262732033
676,0.49638607501983645,0.2519691586494446,0.14439063370227814,0.13066981732845306,0.09789681285619736,0.012842678651213645,0.4724148988723755,0.2409907251596451,0.14083900451660156,0.11678727269172669,0.10013767182826996,0.0035334185697138308,0.3612973676063121
677,0.5032058656215668,0.26304503679275515,0.13921633064746858,0.13603223264217376,0.09456451833248139,0.011388612724840642,0.4154481589794159,0.21636480689048768,0.12811778783798217,0.08278656005859375,0.09132140576839447,0.003299671970307827,0.30552542563527824
678,0.5159686088562012,0.25608296394348146,0.1515571504831314,0.14591415822505951,0.10226203203201294,0.012697075679898261,0.464373505115509,0.2437923312187195,0.1364501714706421,0.10426552593708038,0.09719965904951096,0.004319510050117969,0.3422348665073514
679,0.4736766993999481,0.24356920421123504,0.1444734275341034,0.10153131484985352,0.09882283359766006,0.011831851303577423,0.4155095398426056,0.22384462356567383,0.12932205200195312,0.06226328313350678,0.09308072626590728,0.003987868782132864,0.28865393018350005
680,0.47889893054962157,0.25177795588970187,0.13216287642717361,0.1247867375612259,0.08975952714681626,0.012695186398923397,0.4683589398860931,0.2383396714925766,0.13214703202247619,0.13757145255804062,0.09253550320863724,0.003749337512999773,0.36600332530215385
681,0.4839657247066498,0.2527938485145569,0.1375946432352066,0.12163306325674057,0.09353626817464829,0.01145964078605175,0.4697888672351837,0.24851436018943787,0.1344159722328186,0.11372689604759216,0.09476922154426574,0.003476925566792488,0.346389015391469
682,0.48304480910301206,0.2499670296907425,0.14301407635211943,0.1098036028444767,0.09766199737787247,0.012867091782391071,0.4321250319480896,0.21856455504894257,0.13625362515449524,0.08994696289300919,0.09783220738172531,0.0037542554549872876,0.32778705088421706
683,0.49707543253898623,0.26152466535568236,0.14184450507164,0.11952448189258576,0.095944581925869,0.012745274975895882,0.4704331815242767,0.2463667392730713,0.13125702738761902,0.12450002282857894,0.09375457018613816,0.003476210031658411,0.35298783043399456
684,0.48240044713020325,0.24689776003360747,0.13923178911209105,0.1251676619052887,0.09454343616962432,0.012513612024486065,0.4240551233291626,0.2184828370809555,0.13072050511837005,0.08921643495559692,0.09320481270551681,0.003427147679030895,0.31656890045851466
685,0.4825929284095764,0.25239837169647217,0.13815589547157286,0.11681034713983536,0.09429336190223694,0.012025810219347477,0.45841464400291443,0.24827319979667664,0.13536339700222016,0.08853128552436829,0.09552811533212661,0.00380856916308403,0.3232313670217991
686,0.4873000204563141,0.25560026466846464,0.13954460322856904,0.11395540684461594,0.09528466016054153,0.013807263225317001,0.4465416848659515,0.23447093665599822,0.13555382788181305,0.09105749577283859,0.09638709872961045,0.0033971390686929224,0.326395561452955
687,0.4714320063591003,0.25701047778129577,0.13215963542461395,0.09981363415718078,0.09017820656299591,0.011795279383659363,0.46102470755577085,0.21155177652835847,0.1466183215379715,0.13855550736188887,0.10417366474866867,0.003874780889600515,0.3932222745381296
688,0.48512911796569824,0.25515927374362946,0.14298148453235626,0.1041545107960701,0.0980057179927826,0.011994468420743943,0.454992938041687,0.2440200537443161,0.12643708288669586,0.10864041447639465,0.0909486711025238,0.0035506414249539377,0.32957680989056826
689,0.48916372656822205,0.2509000599384308,0.14480410814285277,0.11705186814069748,0.09828475564718246,0.0129298847168684,0.42890291213989257,0.21038778424263,0.13172377347946168,0.1115651249885559,0.09426851868629456,0.0037173492833971976,0.3412747664377093
690,0.49077981114387514,0.256264391541481,0.13881025910377504,0.12436675131320954,0.09478981494903564,0.011624441295862199,0.43814280033111574,0.22981160283088684,0.1344043046236038,0.08561674505472183,0.09566648602485657,0.0037917017471045256,0.3194792374502867
691,0.5072350978851319,0.2610286772251129,0.14240327179431916,0.1396063506603241,0.09631268531084061,0.012698462791740894,0.4409757196903229,0.23244631588459014,0.1313199520111084,0.09079662561416627,0.09522084891796112,0.00321468748152256,0.32055211402475836
692,0.5087224066257476,0.2542011678218842,0.14456719756126404,0.15317419171333313,0.09709184467792512,0.012226705998182296,0.4552165389060974,0.22418427765369414,0.14670273065567016,0.10202251523733138,0.10405754297971725,0.0037315764464437963,0.3565143653191626
693,0.49718850255012514,0.25741941332817075,0.14279981851577758,0.1250886172056198,0.09760039448738098,0.011749241873621941,0.4677487850189209,0.23438988029956817,0.13406464457511902,0.13671821653842925,0.09525569528341293,0.0038739593233913182,0.3699125157203525
694,0.48573548197746275,0.25178385376930235,0.14110256731510162,0.11663229465484619,0.09603537768125534,0.012926889955997467,0.453231942653656,0.2301824539899826,0.13565375804901122,0.11312540173530579,0.09628318399190902,0.003395307809114456,0.3484576515853405
695,0.4988617539405823,0.25401228070259096,0.14220991134643554,0.136705881357193,0.09666625708341599,0.012464759685099126,0.42977631092071533,0.21949408054351807,0.13676239252090455,0.08410309106111527,0.0971551701426506,0.0038490248378366234,0.32186967856250703
696,0.4972744047641754,0.2564405232667923,0.13843295425176622,0.13749469071626663,0.09424336403608322,0.012323858216404915,0.47107991576194763,0.257076159119606,0.12899940311908722,0.11070111989974976,0.09164862781763077,0.0035783824976533653,0.3349275333341211
697,0.49601325392723083,0.26198157072067263,0.13935219943523408,0.12198483049869538,0.09492654055356979,0.012052339874207974,0.4313251137733459,0.2189372718334198,0.12743820399045944,0.10967710912227631,0.09084031581878663,0.004271266376599669,0.3322268953081221
698,0.48525101542472837,0.24767104983329774,0.14249539971351624,0.12256651222705842,0.09640582948923111,0.012347408011555672,0.44919322729110717,0.24038951396942138,0.12812957167625427,0.10242070853710175,0.09108292907476426,0.0034937507472932337,0.3251269600354135
699,0.48696717619895935,0.25211045145988464,0.13907185196876526,0.1249358132481575,0.09469845294952392,0.011649212613701821,0.43406184315681456,0.24368858933448792,0.12780755162239074,0.06416422724723816,0.09174166172742844,0.00377954444848001,0.28749298504553733
700,0.48469665050506594,0.25606327652931216,0.13997733294963838,0.11094253659248351,0.09517361670732498,0.01142833586782217,0.4144239902496338,0.21932324171066284,0.12514776289463042,0.07892943620681762,0.09054426103830338,0.0035969643853604794,0.29821842452511194
701,0.48263256549835204,0.26249572038650515,0.13365558087825774,0.10857519507408142,0.09120406210422516,0.011167689040303231,0.433353054523468,0.23847728967666626,0.1230232298374176,0.08708237260580062,0.08755773156881333,0.0032360782381147144,0.3008994122501463
702,0.4953921794891357,0.2549128711223602,0.14144594967365265,0.13054391592741013,0.09607416093349457,0.012014610320329666,0.4380585253238678,0.23598079681396483,0.12946367859840394,0.08558166697621346,0.092067389190197,0.003553786501288414,0.3106665212661028
703,0.47077000737190244,0.2509061902761459,0.13826706111431122,0.09592394828796387,0.09444278329610825,0.011893600597977639,0.4297951102256775,0.2217153936624527,0.13156640529632568,0.09064821302890777,0.09434591084718705,0.003752114064991474,0.320312643237412
704,0.4742099106311798,0.2544595003128052,0.13499974310398102,0.10317066907882691,0.09216522127389908,0.012142817862331868,0.42861764430999755,0.2253352701663971,0.13142652213573455,0.08190689384937286,0.09430355280637741,0.0033030107617378233,0.31093997955322267
705,0.49607792496681213,0.25887095332145693,0.14486543834209442,0.11579327285289764,0.09836892187595367,0.012155272252857684,0.43784656524658205,0.2291460931301117,0.13048512786626815,0.09660104215145111,0.09269545674324035,0.003517013182863593,0.3232986399438232
706,0.5015303015708923,0.2563579320907593,0.13878731429576874,0.14640188664197923,0.09413459897041321,0.012061683647334575,0.4218276679515839,0.227337983250618,0.12221574783325195,0.08685871362686157,0.08731810748577118,0.0037633451633155347,0.3001559141092003
707,0.4704049646854401,0.24975103437900542,0.13771380484104156,0.09841343909502029,0.09394423067569732,0.012351545318961144,0.48512406945228576,0.21952570974826813,0.1536906659603119,0.15613097399473191,0.10780221819877625,0.004121911432594061,0.42174576958641413
708,0.4949942946434021,0.24511789977550508,0.14510653614997865,0.14011975079774858,0.0984213799238205,0.012631244026124477,0.44646289348602297,0.2252950429916382,0.13678993731737138,0.10756202787160873,0.09636875838041306,0.0037472966592758893,0.34446802022866907
709,0.4839467406272888,0.24684443771839143,0.14166394770145416,0.12308928817510605,0.09580497443675995,0.012743871472775937,0.44622740149497986,0.23756116032600402,0.12863776683807374,0.09737522006034852,0.09323653429746628,0.0034617761150002478,0.3227112973108888
710,0.4717705488204956,0.24240776896476746,0.13636421263217927,0.11955740675330162,0.09329701662063598,0.011578476056456566,0.44701024889945984,0.2454579472541809,0.128217214345932,0.08860149383544921,0.09058769792318344,0.0036503416951745747,0.31105674779973924
711,0.4868004620075226,0.2547902375459671,0.13873758018016816,0.11870102137327194,0.09459826946258545,0.012418089061975479,0.43212724924087526,0.21585381031036377,0.1374269723892212,0.09502380192279816,0.0973754420876503,0.0038180410861968993,0.3336442574858665
712,0.486604905128479,0.2591815382242203,0.1363197773694992,0.11529939472675324,0.09328140467405319,0.011903372779488563,0.46866334676742555,0.2531340003013611,0.13941662907600402,0.08679286241531373,0.09974672943353653,0.003825554018840194,0.3297817749436945
713,0.4948502004146576,0.25241087675094603,0.14295440018177033,0.1315891280770302,0.09700659513473511,0.011658531799912452,0.4273432791233063,0.23338361978530883,0.12292343825101852,0.08518322259187698,0.08772493451833725,0.003116264007985592,0.29894785936921836
714,0.490220707654953,0.2555182844400406,0.14129101634025573,0.11830864697694779,0.09613040387630463,0.012531689740717411,0.4310984075069427,0.2204146057367325,0.13489218056201935,0.08891862854361535,0.0961544781923294,0.0037484267260879276,0.323713714024052
715,0.5029781579971313,0.25510346591472627,0.143578040599823,0.14052739292383193,0.09730533063411713,0.012166636623442173,0.42427498698234556,0.23389836847782136,0.12322589755058289,0.07803551256656646,0.08705999702215195,0.003837026236578822,0.29215843337588016
716,0.4836814939975739,0.2563494861125946,0.13791350424289703,0.11168008595705033,0.09363655894994735,0.012712374702095986,0.44408491253852844,0.2477983355522156,0.1278217613697052,0.07461332380771638,0.09265851974487305,0.003443590737879276,0.2985371956601739
717,0.4809243679046631,0.25004983842372897,0.1365091472864151,0.12236981093883514,0.0924435317516327,0.012845023535192013,0.44547219276428224,0.23450416922569275,0.13096582889556885,0.10111191570758819,0.09250188320875168,0.0034675401635468005,0.3280471679754555
718,0.49767748117446897,0.25505927503108977,0.14366998970508577,0.12896975725889206,0.09747427552938462,0.012605782598257065,0.434554660320282,0.23491480350494384,0.12472584247589111,0.09173062890768051,0.08906765729188919,0.003348520305007696,0.3088726489804685
719,0.5004930138587952,0.2615838348865509,0.14208971261978148,0.12594547122716904,0.09623431861400604,0.012367532588541508,0.45735073685646055,0.250928995013237,0.12843647599220276,0.09605590105056763,0.0918036863207817,0.0033883726224303245,0.3196844359859824
720,0.4776340663433075,0.2483528286218643,0.14056231081485748,0.10741602927446366,0.09583937376737595,0.013503853231668472,0.4392895042896271,0.23914580345153807,0.12677475810050964,0.08615694642066955,0.09136938899755478,0.0032978016883134843,0.30759889520704753
721,0.4913211464881897,0.2573001116514206,0.14052835404872893,0.11812325417995453,0.09540296494960784,0.013274666666984559,0.431979113817215,0.2223468840122223,0.12901544868946074,0.10350438356399536,0.09092662334442139,0.0034938724245876076,0.3269403280224651
722,0.4811773955821991,0.24592778384685515,0.14209749102592467,0.11797287464141845,0.09654685258865356,0.012382262386381626,0.4493505835533142,0.23851656913757324,0.12502356469631196,0.11580349206924438,0.08803249746561051,0.0034113950096070766,0.33227094924077394
723,0.46936469078063964,0.2472627878189087,0.13467611968517304,0.10780683755874634,0.09186524301767349,0.01285026203840971,0.45215479135513303,0.2200193703174591,0.136085706949234,0.13103021830320358,0.09603809714317321,0.0036276898812502623,0.36678171227686107
724,0.4817298650741577,0.2515220582485199,0.1414792686700821,0.10818925946950912,0.09695831835269927,0.012021778151392937,0.43987438678741453,0.21991584897041322,0.14071062803268433,0.09370508193969726,0.10012644976377487,0.0037488678004592656,0.3382910275366157
725,0.4697495996952057,0.2461598753929138,0.13927137851715088,0.10015594214200974,0.09538037329912186,0.012136690877377987,0.4562404751777649,0.22713979482650756,0.14790701270103454,0.09518468976020814,0.10516299605369568,0.0034168947488069533,0.3516715932637453
726,0.4822764277458191,0.24502837359905244,0.14237865805625916,0.11900890916585923,0.09726792871952057,0.01326620690524578,0.43251946568489075,0.23314328789710997,0.1294689178466797,0.07737257480621337,0.09308931231498718,0.004094468615949154,0.3040252735838294
727,0.4857517957687378,0.2485532432794571,0.14515120089054107,0.11498679071664811,0.0986640527844429,0.012093602679669857,0.45531808137893676,0.21762609481811523,0.14454407691955568,0.12116359919309616,0.10247556418180466,0.0033751140348613263,0.37155835432931783
728,0.5140895843505859,0.26081023216247556,0.14405839741230012,0.1506578505039215,0.09760368168354035,0.011882231570780277,0.4406956672668457,0.22803767323493956,0.1282413423061371,0.10886948555707932,0.09166499078273774,0.0034822660963982344,0.3322580847423524
729,0.5003649771213532,0.24738305807113647,0.1479096978902817,0.13911932110786437,0.10065674334764481,0.012586657144129276,0.44975767135620115,0.2319311797618866,0.12696917951107026,0.12342822849750519,0.09027826488018036,0.003356427513062954,0.3440321004018188
730,0.4968506693840027,0.2521403044462204,0.14357014298439025,0.1343686908483505,0.09734113663434982,0.011999713815748691,0.4538224220275879,0.2334638297557831,0.13375931829214097,0.11170532703399658,0.09519634693861008,0.0034713074564933777,0.344132299721241
731,0.47867063283920286,0.24947856962680817,0.1396802693605423,0.11042929887771606,0.09588525295257569,0.01178863774985075,0.4609781265258789,0.24099851846694947,0.13388049006462097,0.11244807541370391,0.09415264874696731,0.00380379855632782,0.34428501278162005
732,0.4945280194282532,0.26122949123382566,0.13937268853187562,0.12014194875955582,0.09519716203212739,0.01192006580531597,0.4728697896003723,0.24316385984420777,0.13278990387916564,0.13338845372200012,0.09399890601634979,0.003739757603034377,0.3639170212205499
733,0.49399998784065247,0.25247679054737093,0.14419673681259154,0.12494025677442551,0.09828933775424957,0.012379106879234315,0.42079591751098633,0.23316634595394134,0.12674353569746016,0.05990787744522095,0.09181767851114273,0.003551706578582525,0.28202079823240633
734,0.47638586163520813,0.241925647854805,0.13972353637218476,0.12171613126993179,0.0952542781829834,0.012123002670705318,0.44873796701431273,0.2404734253883362,0.12107172012329101,0.11754269003868104,0.08647648841142655,0.0035440738312900065,0.3286349724046886
735,0.49035329222679136,0.26415683031082154,0.13412739038467408,0.11832922101020812,0.09122482240200043,0.012490451149642468,0.4467493534088135,0.24087430238723756,0.13143966645002364,0.08766403794288635,0.09369798898696899,0.0037503086030483248,0.31655200198292727
736,0.4850342094898224,0.249041149020195,0.13757534325122833,0.1294623762369156,0.09405913501977921,0.012021530233323575,0.44446662068367004,0.24050668478012086,0.1265805631875992,0.09492175579071045,0.09072860330343246,0.003543113544583321,0.3157740358263254
737,0.49603825211524966,0.24496293663978577,0.15016782581806182,0.12953882813453674,0.10227804481983185,0.01277706902474165,0.45421208143234254,0.24222884476184844,0.13336921334266663,0.09895739555358887,0.0935417503118515,0.0032545682042837143,0.3291229274123907
738,0.4925174295902252,0.25088536739349365,0.14115138351917267,0.13380665481090545,0.09590626657009124,0.011781111545860767,0.4380910336971283,0.23128518164157869,0.1352584704756737,0.08101277947425842,0.09613896161317825,0.0036161124706268312,0.31602632403373715
739,0.5018604338169098,0.2526763200759888,0.14348386824131013,0.14265100359916688,0.09748599380254745,0.012329543568193912,0.4604668259620667,0.2399589240550995,0.13088795244693757,0.12015651166439056,0.09255306720733643,0.003475154563784599,0.34707268588244916
740,0.48422024846076966,0.2595647394657135,0.13574896156787872,0.111243237555027,0.09278091788291931,0.01196927335113287,0.4351817786693573,0.24103024005889892,0.12332107871770859,0.08410440981388093,0.08810767233371734,0.003330126544460654,0.2988632874097675
741,0.47790574431419375,0.2563369691371918,0.1389584094285965,0.09813888818025589,0.0945964902639389,0.01203374844044447,0.4447922229766846,0.23065139651298522,0.13010673373937606,0.10801380276679992,0.09251632988452911,0.0036632153671234844,0.3343000817578286
742,0.460366290807724,0.2414427638053894,0.1334219291806221,0.10554768294095992,0.09137863218784333,0.01151441466063261,0.4421599268913269,0.23076331615447998,0.12474851757287979,0.1166157752275467,0.08833813667297363,0.0033947534393519163,0.33309718291275203
743,0.5031670928001404,0.26451906859874724,0.1435496985912323,0.12184325382113456,0.09752489179372788,0.012038075923919677,0.4423608124256134,0.22790619134902954,0.13920008540153503,0.08614826500415802,0.09912898689508438,0.003787811752408743,0.32826514905318616
744,0.49668145179748535,0.2577090710401535,0.14375540912151336,0.12056750059127808,0.09781049937009811,0.012857750989496708,0.4499562501907349,0.24213180541992188,0.12362366318702697,0.11138137131929397,0.08787823617458343,0.0034910036250948907,0.3263742743059993
745,0.4975103557109833,0.2500278651714325,0.1463949978351593,0.13247864097356796,0.09921248704195022,0.012618834897875787,0.44397892951965334,0.24524505734443663,0.12400399297475814,0.09159738421440125,0.08864170759916305,0.003273550234735012,0.3075166350230575
746,0.494063937664032,0.25528762936592103,0.1374919205904007,0.13615109622478486,0.09347095042467117,0.012119804508984089,0.4407834231853485,0.2420360267162323,0.13245248794555664,0.07069466151297092,0.0946568951010704,0.003595617599785328,0.3013996621593833
747,0.4819406569004059,0.25840473771095274,0.13711719810962678,0.10445900708436966,0.09377271234989167,0.012821576185524463,0.4375560998916626,0.2289721727371216,0.12501561641693115,0.10797881484031677,0.0897201880812645,0.0033807103987783193,0.3260953297372907
748,0.48618045449256897,0.24547033309936522,0.14069941341876985,0.13185584992170335,0.09551129341125489,0.01274456325918436,0.4227572023868561,0.23414676785469055,0.1173243373632431,0.08778432011604309,0.08365927785634994,0.003424045071005821,0.29219198040664196
749,0.483068060874939,0.24862739443778992,0.14170175790786743,0.1160473421216011,0.0966288059949875,0.012767557986080647,0.4424956917762756,0.22922757565975188,0.13423561453819274,0.09556231200695038,0.09593108147382737,0.0034829861950129272,0.32921199421398345
750,0.4736273765563965,0.2473831981420517,0.134864005446434,0.11630804091691971,0.09188725352287293,0.01252986341714859,0.4821392774581909,0.25334465503692627,0.1331866830587387,0.1318640351295471,0.09387853145599365,0.0034153536893427373,0.3623446033336223
751,0.49097769260406493,0.243748214840889,0.14318879544734955,0.14062828570604324,0.09711365103721618,0.011724712699651718,0.39846935868263245,0.21066072583198547,0.12092477828264236,0.07814552038908004,0.08606336712837219,0.003157303296029568,0.28829096909612417
752,0.4815745711326599,0.2444884330034256,0.14302180111408233,0.11921684890985489,0.09690248519182205,0.012949051707983017,0.4168203592300415,0.23226212859153747,0.11946481615304946,0.07183396518230438,0.08614556640386581,0.003947548195719719,0.2813918959349394
753,0.4852662205696106,0.24976667761802673,0.14297256767749786,0.11685751974582673,0.0970316544175148,0.01221835557371378,0.43919347524642943,0.23836497068405152,0.13177279233932496,0.07595364153385162,0.09442420452833175,0.0036301336251199244,0.3057807720266283
754,0.47785351872444154,0.2538303017616272,0.13920576870441437,0.1006731241941452,0.09550796002149582,0.012251153215765953,0.41561866998672486,0.21363705396652222,0.12661823332309724,0.08970357030630112,0.0911336213350296,0.0038387544453144075,0.31129417940974236
755,0.5002890527248383,0.255752956867218,0.14194473028182983,0.13710632622241975,0.09662543386220931,0.011978751607239246,0.4240817964076996,0.21418455839157105,0.1308659479022026,0.09668463468551636,0.09385610073804855,0.0032369211316108704,0.3246436044573784
756,0.4763262987136841,0.24623100757598876,0.13796433806419373,0.11604453027248382,0.09451352953910827,0.012253305129706859,0.4174292802810669,0.21363095045089722,0.13971759676933287,0.061905276775360105,0.10030249059200287,0.0038348356261849403,0.30576019976288077
757,0.49512883424758913,0.25170081853866577,0.14186441600322724,0.13362919837236403,0.09673148840665817,0.012785310298204422,0.42371717691421507,0.22458377480506897,0.12935259342193603,0.07909342050552368,0.09220844656229019,0.0038599024526774885,0.30451436294242734
758,0.5033347725868225,0.2667408883571625,0.140142759680748,0.12505800276994705,0.09574845433235168,0.011778642237186433,0.43136264085769654,0.2248976230621338,0.12712256461381913,0.09844988584518433,0.09160279929637909,0.0029656521044671537,0.32014090185984967
759,0.48969895839691163,0.2483464151620865,0.14257752895355225,0.12792847603559493,0.0971070796251297,0.012846400029957294,0.4183591306209564,0.22986777424812316,0.12199634611606598,0.07664352506399155,0.08696570098400117,0.003151061153039336,0.288756633317098
760,0.4941298007965088,0.2546751916408539,0.14337479174137116,0.12340278774499894,0.0974968746304512,0.01224136482924223,0.4440710961818695,0.22999911904335021,0.13563426733016967,0.09260736703872681,0.0973980650305748,0.0036472845356911423,0.3292869839351624
761,0.4948978662490845,0.25981140732765196,0.14279246628284453,0.11405875831842423,0.09800772368907928,0.01236160434782505,0.4624630630016327,0.24939303398132323,0.12511601001024247,0.11634270250797271,0.08969330340623856,0.003781923558562994,0.33493393948301675
762,0.4931757986545563,0.2597618818283081,0.138101527094841,0.12394032925367356,0.09422539025545121,0.011668005026876926,0.45685492753982543,0.23820727467536926,0.13749257624149322,0.09917705655097961,0.09765059798955918,0.0038031922653317452,0.33812342304736376
763,0.4888501226902008,0.2503592222929001,0.14319712817668914,0.12080878019332886,0.09809671342372894,0.011987493932247162,0.44354336261749266,0.221579509973526,0.13307194113731385,0.11678827852010727,0.09473321586847305,0.003286445699632168,0.3478798812255263
764,0.48551068305969236,0.2505360931158066,0.14075911045074463,0.1221702516078949,0.09549766778945923,0.011446056328713894,0.46197311878204345,0.2453941822052002,0.13317295610904695,0.10420569777488708,0.09533824622631074,0.0036448126658797262,0.33636171277612453
765,0.4787466049194336,0.24289116263389587,0.14267393350601196,0.11802504658699035,0.09732823073863983,0.011682463437318802,0.44701588749885557,0.23410106003284453,0.13187496066093446,0.09955062866210937,0.09474892318248748,0.003504476090893149,0.32967898859642447
766,0.48728813529014586,0.2547320336103439,0.1379915654659271,0.12234685570001602,0.09376306533813476,0.012319757416844369,0.42591739296913145,0.237269788980484,0.12392257452011109,0.07066833525896073,0.08913473337888718,0.003167698346078396,0.2868933415040374
767,0.47429240345954893,0.24368349015712737,0.13681973814964293,0.11955459862947464,0.09380830824375153,0.012304927222430706,0.44802058339118955,0.2454354166984558,0.12928521633148193,0.08595264703035355,0.09242328852415085,0.003632775228470564,0.31129392711445686
768,0.4860837459564209,0.25723673701286315,0.14177643358707429,0.10483856052160263,0.09669568985700608,0.0126340351998806,0.4260110020637512,0.21810032725334166,0.1366938829421997,0.07633108347654342,0.0988820180296898,0.003594535682350397,0.3155015201307833
769,0.4931311130523682,0.2635145843029022,0.13748859465122223,0.11787960976362229,0.09368046373128891,0.01178851369768381,0.4624291658401489,0.23661321103572847,0.13918944895267488,0.10894513726234437,0.09931664019823075,0.0034743263851851223,0.3509255527984351
770,0.4947056591510773,0.25375436544418334,0.14379279911518097,0.1256049931049347,0.097708360850811,0.012205752730369567,0.4311447262763977,0.2136772871017456,0.14173784255981445,0.0858932226896286,0.10115332752466202,0.0035693928599357604,0.33235378563404083
771,0.4838830292224884,0.2544828921556473,0.13876470923423767,0.11312262266874314,0.09448972195386887,0.012809641659259796,0.42296565175056455,0.2172850638628006,0.12824829071760177,0.09543528854846954,0.0910582885146141,0.003972155973315239,0.31871402375400065
772,0.5077033758163452,0.26163419187068937,0.14338715076446534,0.13714059293270112,0.09720611721277236,0.01228455975651741,0.4205028831958771,0.22806196212768554,0.1298323690891266,0.06587948203086853,0.09191898256540298,0.0038085882551968098,0.2914394219405949
773,0.48694137334823606,0.23937177360057832,0.14567347764968872,0.13356831520795823,0.09917416870594024,0.012535038776695729,0.4522097647190094,0.23062015771865846,0.13077069222927093,0.12170687317848206,0.09301614612340928,0.0033352632075548173,0.3488289747387171
774,0.4835430920124054,0.24452645480632781,0.14219491481781005,0.12598842084407808,0.09647684395313263,0.012068768776953221,0.45588619709014894,0.22696250975131987,0.1396425724029541,0.11540343165397644,0.0986838161945343,0.0038812381215393545,0.3576110583730042
775,0.4760275185108185,0.25227982699871065,0.13583404421806336,0.10980651974678039,0.09298230707645416,0.0113501513376832,0.45702908039093015,0.22110356986522675,0.13592945635318757,0.138193279504776,0.0962076023221016,0.0037950354628264902,0.3741253736428916
776,0.4859871447086334,0.2543954849243164,0.1396653711795807,0.11573079228401184,0.09515070170164108,0.012489832192659377,0.44060671925544737,0.21805561184883118,0.13779875934123992,0.10554543435573578,0.09817611575126647,0.0038612431846559046,0.3453815526328981
777,0.4941661059856415,0.2518886625766754,0.13775177896022797,0.14281112551689149,0.09366552978754043,0.011900644190609455,0.4236424326896667,0.22035428881645203,0.12619903385639192,0.09468966946005822,0.09041302651166916,0.003472521435469389,0.3147742512635887
778,0.4980346977710724,0.25135332345962524,0.14004871845245362,0.14731256365776063,0.09467895030975342,0.011888298206031322,0.44946142435073855,0.23503343462944032,0.13275126814842225,0.10218421667814255,0.09461089074611664,0.003356234496459365,0.3329026100691408
779,0.48748438358306884,0.24457307159900665,0.14255857467651367,0.1317338913679123,0.09724708795547485,0.012168573401868343,0.4702115297317505,0.22011823058128357,0.15195888578891753,0.12783665359020233,0.1075904205441475,0.0037215832155197857,0.3911075431387871
780,0.48208882212638854,0.24154419004917144,0.1414573609828949,0.13061931282281875,0.09573113173246384,0.012535961531102657,0.4410997986793518,0.23356187343597412,0.12316125631332397,0.11099720001220703,0.08790384382009506,0.003649774845689535,0.3257120749913156
781,0.47824774980545043,0.24271368682384492,0.1398787260055542,0.1241781935095787,0.09468687176704407,0.01259820070117712,0.43680461049079894,0.2328816294670105,0.12716429978609084,0.09252413511276245,0.09146135002374649,0.0037391492631286384,0.3148889341857284
782,0.4847050368785858,0.25812705159187316,0.1345866173505783,0.1178391382098198,0.09165545850992203,0.012442349083721637,0.4512856066226959,0.24590780735015869,0.13556041419506074,0.07779467105865479,0.09615469127893447,0.0036365224979817866,0.3131462990306318
783,0.4826576352119446,0.24940668940544128,0.13823377788066865,0.12385308593511582,0.09398224204778671,0.0117503821849823,0.4355899691581726,0.24957162141799927,0.12011455297470093,0.07578320205211639,0.08553842753171921,0.003615792840719223,0.28505197539925575
784,0.49605154395103457,0.25214561223983767,0.14191668927669526,0.1357426702976227,0.09652382880449295,0.012217758968472481,0.42865368723869324,0.2379705011844635,0.11974897086620331,0.08451122194528579,0.08624594807624816,0.0032959219999611376,0.29380206288769845
785,0.489824515581131,0.24195829927921295,0.1417205035686493,0.14324105381965638,0.09662456661462784,0.012515541352331638,0.4322203755378723,0.22650727033615112,0.13039847016334533,0.08803053498268128,0.09356639534235,0.004188863141462207,0.3161842636298388
786,0.49311739206314087,0.25498424768447875,0.13930493891239165,0.13193080872297286,0.09464828222990036,0.01123856045305729,0.41879941821098327,0.2223731517791748,0.12540008276700973,0.0826153039932251,0.08988047093153,0.0036258646752685307,0.3015217223670334
787,0.48163666725158694,0.2518864393234253,0.14153712391853332,0.1082559809088707,0.09677732586860657,0.011537643335759639,0.43224176168441775,0.23900848627090454,0.1285220205783844,0.0680279165506363,0.09247271865606307,0.0035508322529494763,0.2925734880380333
788,0.48957045674324035,0.2527081310749054,0.1409205138683319,0.12518719881772994,0.09540976583957672,0.011998135410249234,0.4473635256290436,0.22887523770332335,0.13907381594181062,0.09430808424949647,0.09924433380365372,0.003647178690880537,0.3362734126858414
789,0.506829708814621,0.26448132991790774,0.14298373758792876,0.1307052418589592,0.09672940075397492,0.012534981220960617,0.42499815821647646,0.2221625864505768,0.12248116582632065,0.10324853584170342,0.08748719096183777,0.0035478953272104264,0.3167647879570723
790,0.4951430022716522,0.2562790185213089,0.13878224790096283,0.13301925361156464,0.09447904974222184,0.012120279669761657,0.4403205931186676,0.2265596479177475,0.1306646078824997,0.10471022948622703,0.09367316812276841,0.0034290739335119725,0.33247707942500715
791,0.49149890542030333,0.25981873869895933,0.13867317736148835,0.12024879157543182,0.09411634355783463,0.011575513891875744,0.42214578986167905,0.21539834141731262,0.13115454316139222,0.08855749666690826,0.09443351477384568,0.0035112847574055193,0.3176568393595517
792,0.48591949939727785,0.25408496558666227,0.14280636608600616,0.10733026862144471,0.09776341915130615,0.012861125357449054,0.44881160855293273,0.233805376291275,0.12978059351444243,0.11136749386787415,0.091997629404068,0.0034779694862663744,0.336623686272651
793,0.4838828921318054,0.24745142161846162,0.14276593327522277,0.11963180303573609,0.0970018669962883,0.01175821926444769,0.45319039225578306,0.22964832186698914,0.13921130895614625,0.10242998003959655,0.09986446648836136,0.0040813576430082325,0.3455871131271124
794,0.5014503180980683,0.255796480178833,0.1466425120830536,0.12825983315706252,0.09939286857843399,0.012585442326962949,0.4170538067817688,0.21947391629219054,0.1239113137125969,0.08818037807941437,0.08925585299730301,0.0032545635476708412,0.3046021083369851
795,0.4892244219779968,0.25344071686267855,0.14113765358924865,0.12098696827888489,0.09642931222915649,0.011845827102661133,0.4641548752784729,0.23720868229866027,0.13576101660728454,0.12174361944198608,0.09586303681135178,0.0033297646325081585,0.3566974374931306
796,0.4885002076625824,0.24927254319190978,0.1440260648727417,0.12107152938842773,0.09805445969104767,0.012320569716393948,0.4246562719345093,0.23098953068256378,0.12500547170639037,0.07767416536808014,0.09012809097766876,0.0031411768402904274,0.2959489048924297
797,0.48927616477012636,0.2533219814300537,0.14213294088840484,0.11910706609487534,0.09659531712532043,0.012484091892838478,0.43341645002365115,0.23955670297145842,0.12389330267906189,0.08172733187675477,0.0887013092637062,0.0033544482197612525,0.2976763920392841
798,0.47172742486000063,0.24416907727718354,0.13829996585845947,0.11083055287599564,0.09468753933906555,0.011865085735917092,0.43148583769798277,0.2195098578929901,0.12806316316127778,0.10871615409851074,0.09116381108760833,0.003460690751671791,0.33140381909906863
799,0.489256876707077,0.2576685696840286,0.14002586007118226,0.11471429169178009,0.09545268714427949,0.012522215954959393,0.4502621591091156,0.23444295227527617,0.13638532757759095,0.09575043022632598,0.09718841761350631,0.003661237470805645,0.3329854128882289
800,0.499642938375473,0.2599839746952057,0.14427906274795532,0.12269725501537324,0.09747394174337387,0.012424063868820667,0.4697659969329834,0.25234020352363584,0.13279495239257813,0.10740011930465698,0.09473085701465607,0.0037105489522218705,0.3386364776641131
