epoch,train_total,train_noise,train_x0,train_class,train_param,train_closed_loop,val_total,val_noise,val_x0,val_class,val_param,val_closed_loop,val_select
1,3.318482685089111,1.1594538927078246,1.6264018774032594,3.357510042190552,0.47453553080558775,0.6597173929214477,2.427824926376343,0.9587456226348877,1.1434555053710938,2.1623066902160644,0.38386026620864866,0.47010218501091006,4.159724646806717
2,2.138748550415039,0.8531044006347657,1.0036710262298585,1.8251034021377563,0.3652580678462982,0.48233851194381716,1.5626698970794677,0.6796560764312745,0.6988796472549439,1.1761651039123535,0.28916152119636535,0.36731891632080077,2.5315251886844634
3,1.6453365564346314,0.6970554947853088,0.6928567051887512,1.302751851081848,0.2884539604187012,0.3555571734905243,1.3678157567977904,0.6049182534217834,0.5671263933181763,1.0436076402664185,0.23507689833641052,0.23098360896110534,2.0767945408821107
4,1.3738367080688476,0.6179707884788513,0.505408090353012,1.0407488107681275,0.22772971391677857,0.23646586537361144,1.2111758708953857,0.5901851415634155,0.35218586921691897,0.8989177227020264,0.1666300565004349,0.13943468332290648,1.5571683317422869
5,1.1852189302444458,0.5798328638076782,0.42006046772003175,0.8023441195487976,0.19636449217796326,0.1879628926515579,1.0714373588562012,0.5728330373764038,0.34596933126449586,0.6565050840377807,0.16494732201099396,0.1123863324522972,1.2798080697655678
6,1.1304272890090943,0.563104796409607,0.3975929141044617,0.7604005694389343,0.17907241880893707,0.14904869198799134,0.9983216285705566,0.5072549700736999,0.3303270101547241,0.6596559882164001,0.15500616431236267,0.10865303128957748,1.2536421939730644
7,1.1154894351959228,0.5273013234138488,0.3818821132183075,0.7882002472877503,0.1847977966070175,0.15086885690689086,0.9758143782615661,0.5005112528800965,0.3263444423675537,0.60740527510643,0.16493375301361085,0.09257659316062927,1.1912600636482238
8,1.0636943101882934,0.5245479226112366,0.38668962717056277,0.6991607069969177,0.17989044785499572,0.1258830338716507,0.9509190559387207,0.5005902647972107,0.3512309968471527,0.5688307046890259,0.15800487697124482,0.09234306961297989,1.1704096481204032
9,1.0116442918777466,0.5163294315338135,0.35482543110847475,0.6360656261444092,0.1668811172246933,0.12468402236700057,0.9338728189468384,0.49651007652282714,0.30270067453384397,0.5530758857727051,0.15301247537136078,0.08279688209295273,1.0915859177708627
10,1.0206261992454528,0.5055657863616944,0.33520662784576416,0.6768806099891662,0.1659356415271759,0.11312715262174607,0.8813467621803284,0.45138779282569885,0.30953116416931153,0.5355269551277161,0.15414682328701018,0.06811392158269883,1.0673188641667368
11,0.9602077722549438,0.5042202055454255,0.32114561796188357,0.5749264597892761,0.1578523874282837,0.09769230484962463,0.8615461468696595,0.4498771905899048,0.28462456464767455,0.5239361643791198,0.14116873145103453,0.06974205970764161,1.0194715201854707
12,0.9519872784614563,0.49263585805892945,0.3188930332660675,0.5814672827720642,0.15709449648857116,0.09638668745756149,0.7829220294952393,0.4655872702598572,0.2470994472503662,0.34796717166900637,0.1352009505033493,0.061706441640853885,0.7919740110635758
13,0.9425552010536193,0.490466570854187,0.30865883231163027,0.569874930381775,0.1549665868282318,0.09485765993595123,0.8528434634208679,0.4539865911006927,0.2809227406978607,0.49426557421684264,0.14084452092647554,0.08310077637434006,0.999133612215519
14,0.9391045093536377,0.4734178602695465,0.3146809279918671,0.5948054552078247,0.15507822930812837,0.09424861073493958,0.7917484879493714,0.4604106545448303,0.2748252391815186,0.3481880784034729,0.14766214787960052,0.054433175921440126,0.8251086413860321
15,0.8917894721031189,0.476568466424942,0.2904896676540375,0.5018595099449158,0.15163368880748748,0.08162029981613159,0.8098567962646485,0.47315980195999147,0.255340051651001,0.3856242597103119,0.1344287097454071,0.049480190128088,0.824873211234808
16,0.8759347558021545,0.472167444229126,0.2895324230194092,0.4826281666755676,0.1490437000989914,0.08075918257236481,0.7618322610855103,0.43097853660583496,0.2593963146209717,0.36661213636398315,0.136827489733696,0.05618292316794395,0.8190188638865947
17,0.8800287485122681,0.4601757049560547,0.28797059655189516,0.5178016901016236,0.1469482034444809,0.0783614233136177,0.8344185948371887,0.4061039388179779,0.27361358404159547,0.5528055906295777,0.14006825685501098,0.05725205093622208,1.0237394824624062
18,0.8483680486679077,0.46079316139221194,0.2784049451351166,0.4555899441242218,0.14475750625133516,0.08339411616325379,0.803069019317627,0.4324365735054016,0.26369975209236146,0.45004806518554685,0.13370280265808104,0.053175096213817594,0.900625716149807
19,0.850744104385376,0.45680682063102723,0.288661128282547,0.46523932218551634,0.14603766798973083,0.07424332052469254,0.7635789394378663,0.42082895040512086,0.26064946353435514,0.3962572455406189,0.13272421360015868,0.04703814908862114,0.8366690717637539
20,0.847006618976593,0.447074693441391,0.2860942602157593,0.4829438805580139,0.1428757429122925,0.07001405879855156,0.7044183373451233,0.4072908043861389,0.23765988647937775,0.3221809506416321,0.12430432885885238,0.04602973908185959,0.7301749050617218
21,0.8434712767601014,0.44853745102882386,0.2792840898036957,0.46799018383026125,0.14448773264884948,0.07289085537195206,0.7259156465530395,0.4068033158779144,0.23236825466156005,0.35749263763427735,0.12852478325366973,0.043063368648290634,0.7614490441977977
22,0.8400027394294739,0.45365187525749207,0.2670551359653473,0.46110622882843016,0.13977911770343782,0.06550755202770234,0.7202642679214477,0.400886470079422,0.22838976383209228,0.36170990467071534,0.12645393908023833,0.041200307011604306,0.7577539145946501
23,0.7843796968460083,0.42856423258781434,0.2571568667888641,0.40761282444000246,0.1361270695924759,0.06095706969499588,0.6743056774139404,0.3811598062515259,0.22704213261604309,0.30638527274131777,0.12831370830535888,0.03310052901506424,0.694841642677784
24,0.7743262052536011,0.41543546319007874,0.258868145942688,0.403726851940155,0.1404923290014267,0.060131198912858966,0.7472057700157165,0.4268489718437195,0.22821303009986876,0.3575107753276825,0.12897761166095734,0.036734630912542345,0.751436048001051
25,0.7908791065216064,0.42921326756477357,0.2453673243522644,0.42584813833236695,0.13243747055530547,0.05682412162423134,0.690513014793396,0.37995123863220215,0.2166733741760254,0.350834584236145,0.1231040045619011,0.031321652233600616,0.7219336152076721
26,0.7772408366203308,0.41707491874694824,0.25716395378112794,0.40511611104011536,0.1397654592990875,0.06009989604353905,0.6747518301010131,0.4063836336135864,0.2095070958137512,0.2724973767995834,0.12015665024518966,0.02916980944573879,0.6313309323042631
27,0.7679675340652465,0.41355742812156676,0.2512138307094574,0.40106916427612305,0.13651105761528015,0.05326157659292221,0.6505221605300904,0.36345067620277405,0.21737810969352722,0.2948682248592377,0.12514611929655076,0.04212896153330803,0.6795214153826237
28,0.7556283354759217,0.405620676279068,0.2446810394525528,0.40040258765220643,0.13137034177780152,0.05828172713518143,0.6749513864517211,0.3999548077583313,0.21553728878498077,0.2781120419502258,0.12281382381916046,0.029101112484931947,0.645564267039299
29,0.7387577176094056,0.40291903018951414,0.24152752161026,0.37765364050865174,0.12894050925970077,0.05217164382338524,0.6305447578430176,0.368851101398468,0.21112800240516663,0.25702998638153074,0.1200529620051384,0.02718341499567032,0.6153943657875061
30,0.7297523856163025,0.39208075404167175,0.23962401747703552,0.3789306581020355,0.12964812368154527,0.05183402970433235,0.6448851943016052,0.3703830659389496,0.21196330785751344,0.27291507422924044,0.12440871000289917,0.027316804230213165,0.6366038963198662
31,0.7342572569847107,0.4020962595939636,0.23430546522140502,0.3667372763156891,0.13045695126056672,0.04800132140517235,0.6768664836883544,0.39072460532188413,0.20255902111530305,0.3090127110481262,0.11722228229045868,0.03222109824419021,0.6610151126980781
32,0.7127886533737182,0.3754828929901123,0.23968740701675414,0.3729432702064514,0.13095950186252595,0.05231005847454071,0.6370048880577087,0.3677107930183411,0.19922725558280946,0.2869744300842285,0.1127206727862358,0.022020535171031953,0.6209428936243058
33,0.7252153158187866,0.39770790934562683,0.23136400282382966,0.36006938219070433,0.12851465195417405,0.04548803269863129,0.6419087886810303,0.37398557662963866,0.19105346202850343,0.2899449050426483,0.10973893404006958,0.022755777463316917,0.6134930785745383
34,0.7092331767082214,0.38174110651016235,0.23432550728321075,0.3493979454040527,0.13290485143661498,0.04669206738471985,0.6433899998664856,0.3756678104400635,0.19489770531654357,0.27893604040145875,0.11461409777402878,0.021766480430960654,0.6102143239229917
35,0.6892673373222351,0.3828973650932312,0.22588098049163818,0.32214732766151427,0.12594085037708283,0.04283839091658592,0.60382581949234,0.35922240614891054,0.1827944338321686,0.2406422019004822,0.11117343902587891,0.020069753751158714,0.5546798285096884
36,0.675869631767273,0.3690185546875,0.22764312326908112,0.31485695838928224,0.12879737168550492,0.04629175662994385,0.621868121623993,0.37804495096206664,0.18834148347377777,0.23501623868942262,0.11178384870290756,0.02422632873058319,0.5593678995966911
37,0.7222190976142884,0.3825434625148773,0.23285819888114928,0.375749272108078,0.13046273589134216,0.04548463225364685,0.5887587070465088,0.3587816894054413,0.17988505959510803,0.21489299237728118,0.10884246230125427,0.02002391144633293,0.5236444257199765
38,0.6661661505699158,0.3564704120159149,0.22520865499973297,0.3238804876804352,0.12725941240787506,0.04031163081526756,0.5677969336509705,0.3222093105316162,0.1927957445383072,0.22429312467575074,0.11868702322244644,0.019814151152968407,0.5555900435894727
39,0.6721622347831726,0.37526450157165525,0.20995004177093507,0.31307901740074157,0.12089398950338363,0.0368315152823925,0.5404115796089173,0.3352126479148865,0.17634480595588684,0.16588618755340576,0.10858333706855774,0.01721198335289955,0.4680263139307499
40,0.6779720544815063,0.37259088158607484,0.22156838774681092,0.3159999489784241,0.12645087540149688,0.03818099275231361,0.5930398344993592,0.35026570558547976,0.1940181165933609,0.21754514575004577,0.11881319135427475,0.0177364032715559,0.5481128569692373
41,0.6728309035301209,0.3669651627540588,0.21615177094936372,0.31943013668060305,0.1254105657339096,0.036325718462467196,0.5724360942840576,0.33749879002571104,0.17712793946266175,0.21963764131069183,0.11041113883256912,0.01860453002154827,0.525781249627471
42,0.6625490188598633,0.3613821566104889,0.21448444724082946,0.30992876887321474,0.1243921846151352,0.039513136446475985,0.6170836448669433,0.34695133566856384,0.20012248158454896,0.2710445523262024,0.11742073744535446,0.02181696742773056,0.6104047387838363
43,0.6718114018440247,0.3666709899902344,0.22283535897731782,0.31138835549354554,0.12626683413982392,0.04096055254340172,0.5981704473495484,0.337469482421875,0.19470492601394654,0.267689710855484,0.1105769395828247,0.017305553518235685,0.5902771299704909
44,0.6509467363357544,0.36776300668716433,0.21305613219738007,0.28070674538612367,0.12050392925739288,0.03756694570183754,0.5497005105018615,0.31520622968673706,0.18631456792354584,0.21663694083690643,0.11033628433942795,0.016103381663560866,0.5293911747634411
45,0.6655814051628113,0.3701355755329132,0.21189250349998473,0.30751840472221376,0.11952494382858277,0.034928660839796066,0.5847968935966492,0.3437121093273163,0.18206204175949098,0.22987848222255708,0.11046082228422165,0.015091278217732906,0.5374926244840026
46,0.6550054907798767,0.363607132434845,0.21951391398906708,0.283019158244133,0.12693392038345336,0.03394950553774834,0.5698395371437073,0.33617759943008424,0.17562287747859956,0.220969295501709,0.10736082941293716,0.016080186888575553,0.5200331892818213
47,0.6388570308685303,0.35176658630371094,0.2040483444929123,0.29101837873458863,0.1188152477145195,0.035662096738815305,0.6185204029083252,0.3557724952697754,0.1945846438407898,0.2616253077983856,0.1142286479473114,0.016971853375434876,0.5874104529619216
48,0.6457371234893798,0.35656328201293946,0.2072761505842209,0.2911190927028656,0.12016248553991318,0.035533008724451066,0.5557690858840942,0.327681303024292,0.17756813168525695,0.20350130796432495,0.1097528338432312,0.015830730274319648,0.5066530037671327
49,0.6270654797554016,0.3513171970844269,0.20273476243019103,0.2682517677545547,0.11763170957565308,0.03710080534219742,0.5685809254646301,0.3136677801609039,0.18390780091285705,0.2507133662700653,0.1118597850203514,0.01705893874168396,0.5635398909449577
50,0.622928261756897,0.35113297700881957,0.20000928938388823,0.25873456299304964,0.11842532902956009,0.03600791096687317,0.5630545973777771,0.325051349401474,0.17295246422290803,0.22927804589271544,0.1062597930431366,0.01653195172548294,0.525022254884243
51,0.6181518077850342,0.3509834766387939,0.198573037981987,0.25174796879291533,0.11756925582885742,0.033467726409435274,0.5547015786170959,0.33178107142448426,0.1853951930999756,0.18336282968521117,0.11292780786752701,0.016190248541533947,0.4978760791942477
52,0.6327508926391602,0.3515984058380127,0.21018438339233397,0.26661881506443025,0.12260428369045258,0.03401702046394348,0.5571669101715088,0.3368826150894165,0.1674981653690338,0.1992567479610443,0.10392780900001526,0.014089351892471314,0.4847720742225647
53,0.610770297050476,0.3495532155036926,0.19793572425842285,0.23998899459838868,0.11703058183193207,0.03190982043743133,0.5693379044532776,0.3074888586997986,0.1887541562318802,0.2560523450374603,0.11407470256090164,0.017895227298140526,0.5767764311283827
54,0.6315292358398438,0.3482478976249695,0.20769109725952148,0.2728080958127975,0.12178886383771896,0.030612796172499658,0.565458607673645,0.3152776896953583,0.19004870653152467,0.23238576650619508,0.11464035958051681,0.014643444679677486,0.551718277297914
55,0.6209775924682617,0.3490046918392181,0.20160345435142518,0.2530472993850708,0.12004922926425934,0.03188261575996876,0.5401254892349243,0.302801251411438,0.17513834238052367,0.21896966695785522,0.1089198648929596,0.016256752610206603,0.5192846268415451
56,0.6164638638496399,0.34017878770828247,0.20679662525653839,0.2492036461830139,0.12443314790725708,0.03528275266289711,0.5568983674049377,0.31619195342063905,0.19133616387844085,0.20192956924438477,0.11974416077136993,0.01401868388056755,0.5270285777747632
57,0.6001171946525574,0.3356374025344849,0.19791716635227202,0.2419934868812561,0.11776263564825058,0.030871845409274103,0.5381523609161377,0.30344243049621583,0.174716579914093,0.2097841680049896,0.11012939512729644,0.016667373478412628,0.5112975165247917
58,0.6092382550239563,0.34049254059791567,0.19799380898475646,0.2462473541498184,0.1193241149187088,0.031284408271312715,0.5560856938362122,0.3123536050319672,0.18582316040992736,0.21490561366081237,0.11614981591701508,0.013664926588535308,0.5305435165762902
59,0.604309356212616,0.3374249815940857,0.19301722049713135,0.25199930369853973,0.11494427770376206,0.030028532072901726,0.5201426386833191,0.3012887477874756,0.1723594546318054,0.18055750727653502,0.1087697371840477,0.015429164469242095,0.4771158635616302
60,0.6115454435348511,0.3353554904460907,0.20450128018856048,0.24880692064762117,0.1238575518131256,0.03174601159989834,0.5445762634277344,0.31668543815612793,0.18307827413082123,0.17904019951820374,0.11690832078456878,0.01661793142557144,0.4956447258591652
61,0.5998639702796936,0.343751585483551,0.196254900097847,0.2169994443655014,0.12081704586744309,0.02897796221077442,0.5420962333679199,0.3055648565292358,0.18133354783058167,0.20060980916023255,0.1150645524263382,0.01498343124985695,0.5119913406670094
62,0.5995559930801392,0.3335187196731567,0.19937865436077118,0.23511852324008942,0.12089522033929825,0.029163134470582008,0.5747620582580566,0.31640397310256957,0.17251787185668946,0.26708327531814574,0.10498313158750534,0.012223113887012005,0.5568073926493526
63,0.5958413720130921,0.3336146831512451,0.1961360216140747,0.2333439737558365,0.11798432171344757,0.02868424355983734,0.5650597095489502,0.32064242362976075,0.18235144019126892,0.21387462317943573,0.11688509732484817,0.010675064101815224,0.523786224797368
64,0.5865151882171631,0.3381330847740173,0.18683273196220399,0.2154998779296875,0.11420022994279862,0.026549892127513887,0.4925269365310669,0.29187477231025694,0.1682291865348816,0.14187343418598175,0.10994580537080764,0.011311398074030875,0.4313598241657019
65,0.5855191826820374,0.31758744120597837,0.19653486609458923,0.23956215977668763,0.11981924176216126,0.02821313329041004,0.5009628236293793,0.29343398809432986,0.17077512741088868,0.15418044924736024,0.10919294208288192,0.014138763770461082,0.44828728251159194
66,0.5920809626579284,0.3383946120738983,0.1881089299917221,0.2190822869539261,0.11616964042186737,0.02834176681935787,0.5546172142028809,0.3070914030075073,0.17339585423469545,0.2290507197380066,0.11101089715957642,0.014616215974092484,0.5280736871063709
67,0.6003436326980591,0.3256935000419617,0.1948113203048706,0.2510162115097046,0.11919667273759842,0.03094569705426693,0.49573535919189454,0.2810898065567017,0.17026922404766082,0.15917964577674865,0.1114652082324028,0.019338662177324294,0.46025274023413654
68,0.577983295917511,0.32250735759735105,0.19333821833133696,0.21350285410881042,0.11917327791452408,0.028913980722427367,0.5591338753700257,0.30693343877792356,0.1687146782875061,0.2525062024593353,0.10516300052404404,0.010515997186303139,0.5368998784571886
69,0.5929841518402099,0.32301047444343567,0.19191449582576753,0.2479017436504364,0.11699644029140473,0.026560069620609285,0.5410768032073975,0.29773190021514895,0.1771805167198181,0.21213405728340148,0.11379756033420563,0.01490478515625,0.5180169194936752
70,0.5904199361801148,0.3384941637516022,0.1888157457113266,0.21194953620433807,0.11680206656455994,0.026637939736247063,0.494865345954895,0.27746177911758424,0.1696009159088135,0.1674965500831604,0.11164049804210663,0.012019085884094238,0.46075704991817473
71,0.572892713546753,0.3287594497203827,0.18161565363407134,0.2067483127117157,0.1124393731355667,0.025289250165224077,0.5198199868202209,0.2818092584609985,0.1797855854034424,0.19709631204605102,0.11619689762592315,0.011601518467068672,0.5046803135424852
72,0.5654775977134705,0.30982784628868104,0.18534454107284545,0.2236742615699768,0.11476692855358124,0.02507912926375866,0.5455074191093445,0.31360450983047483,0.1791757881641388,0.18513914346694946,0.11589012295007706,0.011367302015423774,0.4915723565965891
73,0.561818528175354,0.3161859154701233,0.18443255722522736,0.20202283859252929,0.1148625522851944,0.026200799271464348,0.4788371384143829,0.2733215272426605,0.16011082530021667,0.156289803981781,0.10517548769712448,0.012775576673448086,0.4343516936525702
74,0.5619511127471923,0.32509562373161316,0.17774490714073182,0.19634223282337188,0.11012205928564071,0.023871960490942,0.4977814853191376,0.30029576420784,0.1499597430229187,0.1570633590221405,0.09786477088928222,0.012010135874152183,0.41689800880849365
75,0.5733180046081543,0.3273209035396576,0.18157075047492982,0.20923546254634856,0.11170351952314377,0.024664388224482536,0.5680182933807373,0.3064874291419983,0.18263064026832582,0.24868238866329193,0.11323194950819016,0.00909808576107025,0.5536430642008782
76,0.5733383417129516,0.3183434963226318,0.188167741894722,0.21990345418453217,0.11434995830059051,0.02432115525007248,0.5570569038391113,0.3070091843605042,0.18193690180778505,0.22370556592941285,0.11369071900844574,0.009903725609183312,0.529236912354827
77,0.5683897376060486,0.31060091257095335,0.1866302251815796,0.22574360370635987,0.11432799696922302,0.023462976142764092,0.49334463477134705,0.2677099585533142,0.18911961019039153,0.15576566755771637,0.12134488970041275,0.011853649280965328,0.47808381672948597
78,0.5822351455688477,0.3277431190013885,0.1832911938428879,0.22109930515289306,0.11255805045366288,0.02548525631427765,0.52453054189682,0.29600645899772643,0.1720457136631012,0.1882845163345337,0.10979809165000916,0.011421501636505127,0.48154982328414914
79,0.568332028388977,0.3113617479801178,0.18817797303199768,0.22053387463092805,0.11446267664432526,0.02516856975853443,0.5528647899627686,0.3122929215431213,0.18686526119709015,0.18993091583251953,0.11968940049409867,0.009553086757659913,0.5060386642813682
80,0.5589172840118408,0.3045164167881012,0.19063483774662018,0.21107155978679656,0.1162468060851097,0.024355192109942435,0.51906898021698,0.2973292112350464,0.16147311329841613,0.18656706809997559,0.10514280349016189,0.009841633215546607,0.46302461810410017
81,0.5574315905570983,0.31243452429771423,0.17856693267822266,0.20544524490833282,0.11147755980491639,0.02275250479578972,0.5207470893859864,0.30325093269348147,0.15872820913791658,0.1859486699104309,0.10189327597618103,0.008357648365199566,0.4549278033897281
82,0.5579202771186829,0.32267943024635315,0.17802584767341614,0.18728022575378417,0.11106838136911393,0.021587930247187616,0.5019065916538239,0.30153500437736513,0.16308414936065674,0.14181749224662782,0.1057353138923645,0.009170423448085784,0.41980737894773484
83,0.5775700807571411,0.3184447348117828,0.18364976942539216,0.2302165746688843,0.11204172074794769,0.022777358815073968,0.5020525336265564,0.2883864402770996,0.16384596824645997,0.16349607110023498,0.10816716849803924,0.008380121551454067,0.44388932939618825
84,0.5669746637344361,0.3222513020038605,0.17942232489585877,0.2052226722240448,0.11097516119480133,0.021324135735630988,0.5438822269439697,0.3025879204273224,0.17010247707366943,0.21736401915550232,0.10759212225675582,0.008968093059957027,0.5040267115458846
85,0.5525475025177002,0.30566583275794984,0.1826333910226822,0.20126847922801971,0.11360221356153488,0.023398661985993385,0.46902284026145935,0.2681614637374878,0.15546270906925203,0.1541446179151535,0.10015749782323838,0.009525173157453538,0.4192899979650974
86,0.5703956127166748,0.3167583644390106,0.18846738636493682,0.20302919149398804,0.11863241493701934,0.02294485494494438,0.512115752696991,0.2894333302974701,0.1658969223499298,0.18086012303829194,0.10722478777170182,0.009067223593592643,0.46304905675351615
87,0.543074095249176,0.30021028518676757,0.18365755081176757,0.19070417582988738,0.11437741070985794,0.022917484492063524,0.5040089547634125,0.27645978331565857,0.1638449490070343,0.19091004133224487,0.10710216462612152,0.009025548025965691,0.47088270299136636
88,0.572928273677826,0.3147677958011627,0.18821267485618592,0.21196281909942627,0.11820029765367508,0.022836682572960853,0.49577876329422,0.29161275625228883,0.16379224956035615,0.1373676836490631,0.10973105430603028,0.010326352529227733,0.42121734004467726
89,0.5460300803184509,0.3104840099811554,0.1718441963195801,0.18944863677024842,0.10900298357009888,0.022193903103470802,0.5106891632080078,0.28358936309814453,0.16530813574790953,0.1876668155193329,0.10700235813856125,0.010488427989184857,0.47046573739498854
90,0.5572419404983521,0.3068057417869568,0.1813269853591919,0.2090694546699524,0.11220629364252091,0.023040099814534188,0.51977037191391,0.27845452427864076,0.17810328006744386,0.19352408349514008,0.11483832746744156,0.014178799837827683,0.5006444908678532
91,0.554469883441925,0.3014256000518799,0.18229565620422364,0.21030363142490388,0.1135031297802925,0.02376493886113167,0.5138097882270813,0.2762642800807953,0.16646695733070374,0.20459294319152832,0.10943967252969741,0.007716582249850034,0.48821615530177953
92,0.5420052886009217,0.30204018354415896,0.17942467331886292,0.18713365495204926,0.11326538622379304,0.020930669829249383,0.48991764187812803,0.29345489144325254,0.16103782653808593,0.13033958077430724,0.10439278483390808,0.011692362278699875,0.40746255442500107
93,0.5576600790023803,0.2975993096828461,0.1892353802919388,0.21338056325912474,0.11768347173929214,0.023221685737371444,0.4860334277153015,0.2745502471923828,0.15157855451107025,0.17412045001983642,0.09925308674573899,0.010061686486005783,0.4350137777626515
94,0.5533926010131835,0.31192333102226255,0.1782045006752014,0.18890963196754457,0.11261977702379226,0.023169573023915292,0.4924073815345764,0.2644974112510681,0.17134982347488403,0.18141543865203857,0.10914672464132309,0.0097379881888628,0.4716499749571085
95,0.5395695626735687,0.3086763322353363,0.1753014862537384,0.17201640009880065,0.11070398539304734,0.023001446574926376,0.47265808582305907,0.26382943987846375,0.15391782820224761,0.16473364531993867,0.10096936374902725,0.008897915668785571,0.4285187529399991
96,0.5407712697982788,0.3024654448032379,0.17786889672279357,0.1863799810409546,0.11162426471710205,0.019696126878261565,0.5180753827095032,0.301233184337616,0.1685133159160614,0.15411733388900756,0.1115205630660057,0.00999259203672409,0.44414380490779876
97,0.5557212948799133,0.31239309906959534,0.17947962284088134,0.1904323071241379,0.11344871073961257,0.02137264758348465,0.495595371723175,0.28137295246124266,0.15803356170654298,0.16630448698997496,0.10434586554765701,0.009325994178652763,0.4380099084228277
98,0.5396640419960022,0.2943346560001373,0.17606741487979888,0.2010528713464737,0.11074530780315399,0.020439345762133597,0.5194253325462341,0.28059591054916383,0.16756336092948915,0.20302520990371703,0.10837987065315247,0.010762923583388328,0.48973136506974696
99,0.567478084564209,0.3084099531173706,0.18524296581745148,0.21323269605636597,0.11561044305562973,0.023331915587186815,0.4636625647544861,0.2666697382926941,0.15388658344745637,0.1361030399799347,0.10262110978364944,0.008670117985457183,0.40128085119649776
100,0.5544950842857361,0.30611470341682434,0.17807975709438323,0.20027367472648622,0.11299216449260711,0.021348515525460243,0.5264193534851074,0.3059385776519775,0.1568033754825592,0.1803028553724289,0.10219512432813645,0.011534294486045838,0.4508356496691704
101,0.5607350587844848,0.3093624532222748,0.18223707675933837,0.19937132596969603,0.11486158668994903,0.0230410810559988,0.4654757738113403,0.2683882057666779,0.15563928782939912,0.13086851835250854,0.10437905490398407,0.009237243607640267,0.400124104693532
102,0.5326337695121766,0.30171740651130674,0.17411504089832305,0.16779239177703859,0.11204828172922135,0.020830754935741425,0.5152780592441559,0.30967614650726316,0.14321146607398988,0.17308540940284728,0.09357786476612091,0.008924904745072126,0.4187996449880302
103,0.5510918855667114,0.30402997732162473,0.17996120154857637,0.19585255682468414,0.11300784349441528,0.020809434726834296,0.48523624539375304,0.2729726195335388,0.1568772792816162,0.15939244031906127,0.10497366935014725,0.008390518091619014,0.42963390704244375
104,0.5493190169334412,0.3026546239852905,0.1756767749786377,0.201704204082489,0.1102665439248085,0.020350468531250953,0.4743508815765381,0.2735478043556213,0.15638039112091065,0.13799477517604827,0.1036818116903305,0.009321296587586403,0.40737827457487585
105,0.5260287523269653,0.29718680381774903,0.17111949622631073,0.1693679690361023,0.10921080708503723,0.01998959332704544,0.5132191240787506,0.2673532426357269,0.1821893036365509,0.18977685868740082,0.1185552254319191,0.00931859239935875,0.49983998015522957
106,0.5462398111820221,0.301081383228302,0.17719375789165498,0.19832466244697572,0.1098614513874054,0.019902103021740912,0.5181986808776855,0.3198806047439575,0.14239930212497712,0.15878454446792603,0.0935866266489029,0.006744312308728695,0.4015147855505347
107,0.5362027645111084,0.2956442892551422,0.17740778625011444,0.1859179198741913,0.11163293421268464,0.018731557950377464,0.5032028317451477,0.2781694710254669,0.16122758984565735,0.17903289198875427,0.10599306672811508,0.009117034077644349,0.45537058264017105
108,0.5522203564643859,0.3065481185913086,0.177742663025856,0.19418119192123412,0.11222596615552902,0.018903376534581184,0.4751194179058075,0.27273420691490174,0.15104769468307494,0.15228694081306457,0.09872012585401535,0.007629754208028317,0.40968451555818314
109,0.5277936697006226,0.29841130375862124,0.16955054700374603,0.17166308164596558,0.10791643112897872,0.019782250002026557,0.48416727781295776,0.27146737575531005,0.16664429306983947,0.14297092854976653,0.11070218980312348,0.00816478580236435,0.4284821972250938
110,0.5407874464988709,0.2931335151195526,0.17879190146923066,0.1936636209487915,0.11315996646881103,0.020403733104467393,0.48326846957206726,0.27752912044525146,0.14932278990745546,0.15690845251083374,0.09896057099103928,0.009215763490647077,0.41440757689997554
111,0.5189614713191986,0.2969404458999634,0.16487306654453276,0.1603395849466324,0.10648985356092452,0.019775037467479707,0.4953752100467682,0.2609720230102539,0.16362268328666688,0.19154784679412842,0.10842290967702865,0.007407993730157614,0.47100143348798157
112,0.5152700245380402,0.29408130049705505,0.1655636817216873,0.16072124242782593,0.10583744645118713,0.01793985739350319,0.5164808452129364,0.2991465449333191,0.15964309573173524,0.16209474205970764,0.10597831904888153,0.008721405826508998,0.43643756266683337
113,0.5233160257339478,0.29034302234649656,0.16948539912700653,0.1771118760108948,0.10812081843614578,0.0189211655408144,0.4866777241230011,0.25841734409332273,0.16818203628063202,0.17045724093914033,0.11047241985797882,0.010131141357123851,0.45924283843487507
114,0.5052626252174377,0.2797856330871582,0.16765373051166535,0.16466290056705474,0.10709896087646484,0.018444463983178137,0.46290103197097776,0.24956574141979218,0.14942309260368347,0.1736813485622406,0.09808823317289353,0.007137593626976013,0.4283302679657936
115,0.5437753736972809,0.2996183395385742,0.17177774310111998,0.1969835042953491,0.10812141150236129,0.019780559465289116,0.44519226551055907,0.24214687943458557,0.15538525581359863,0.13751116693019866,0.10433383882045746,0.007879997044801712,0.4051102586090565
116,0.5473507165908813,0.299261736869812,0.16904973685741426,0.21003457903862,0.10646772980690003,0.017973224818706512,0.5029560565948487,0.2955607891082764,0.15254237055778502,0.15511489808559417,0.10009002536535264,0.008013549260795116,0.4157608432695269
117,0.5339338898658752,0.2950182676315308,0.17496567368507385,0.17884902358055116,0.11140692383050918,0.01844421252608299,0.5019207835197449,0.29012705087661744,0.15805736780166627,0.15049389004707336,0.10541380792856217,0.008484756015241146,0.42244982179254287
118,0.5127253353595733,0.28861055970191957,0.16884129047393798,0.15686772763729095,0.10892551690340042,0.01717621348798275,0.5081712067127228,0.27184508442878724,0.16609590053558348,0.18798361718654633,0.1100083276629448,0.007317438162863255,0.47140528354793787
119,0.5074208915233612,0.28423057198524476,0.16441896855831145,0.15930321514606477,0.10661750435829162,0.01893107481300831,0.46202383041381834,0.27289331555366514,0.1470094621181488,0.11795356571674347,0.10077564567327499,0.007842200808227062,0.3735808743163943
120,0.5177234828472137,0.2865110278129578,0.16669659316539764,0.17420701384544374,0.1067631870508194,0.018350938335061073,0.475665020942688,0.26547169089317324,0.1595655143260956,0.14660090804100037,0.10547671616077423,0.006735942140221596,0.41837908066809176
121,0.5193427801132202,0.28485615849494933,0.1672368675470352,0.18088810592889787,0.10627507865428924,0.018535003811120988,0.4688361048698425,0.2634144306182861,0.15917782187461854,0.1340676724910736,0.10642051845788955,0.007691395096480846,0.4073574079200626
122,0.5207503795623779,0.29113606214523313,0.16919607818126678,0.16427571177482606,0.10927806347608567,0.018088815733790398,0.4804289638996124,0.2565714418888092,0.1596485286951065,0.17235335111618041,0.10479583740234374,0.009173269383609295,0.44597098659724
123,0.5321542739868164,0.2920224964618683,0.16911123394966127,0.18643093705177308,0.1081755056977272,0.018849482387304307,0.4913823425769806,0.2754917860031128,0.15880637466907502,0.15540238618850707,0.10501131862401962,0.009695635735988617,0.42891571521759037
124,0.5187406778335572,0.28638224601745604,0.16825733482837676,0.1712508887052536,0.10765611231327057,0.019452530518174173,0.4887134552001953,0.27470235228538514,0.15220641791820527,0.16398580074310304,0.10045947879552841,0.008120865002274514,0.4247725624591112
125,0.5138257503509521,0.28362799286842344,0.16433303356170653,0.17248828411102296,0.10540654212236404,0.019336557760834695,0.4756748914718628,0.2531634747982025,0.16515107154846193,0.15934097170829772,0.10885975956916809,0.007538403384387493,0.4408902062103152
126,0.5188364386558533,0.2858520448207855,0.1682978242635727,0.1719292402267456,0.10807190239429473,0.01784893497824669,0.48973861932754514,0.28549493551254274,0.15250940918922423,0.14212621450424195,0.1015191376209259,0.007092882227152586,0.4032476435415447
127,0.5112332820892334,0.28316076993942263,0.1652920663356781,0.16508459746837617,0.10673322826623917,0.0182721059769392,0.48448070883750916,0.2718264400959015,0.15316575467586518,0.15873388051986695,0.10166691243648529,0.006105852033942938,0.4196723996661604
128,0.5094776034355164,0.28777141571044923,0.16597481966018676,0.15215333700180053,0.10694267302751541,0.017049214243888854,0.4953546285629272,0.2801578402519226,0.16004473268985747,0.14916813224554062,0.1069549262523651,0.007322975061833858,0.42349076624959714
129,0.49904437065124513,0.2859284460544586,0.15677939653396605,0.14940989762544632,0.10102453380823136,0.01762404553592205,0.4599174618721008,0.2730532646179199,0.14538179636001586,0.11461428105831147,0.09883866757154465,0.006467578932642937,0.3653023239225149
130,0.5056603908538818,0.28163778185844424,0.16206984519958495,0.1629488468170166,0.10463137626647949,0.015783020108938218,0.49423040747642516,0.26793665289878843,0.1624671161174774,0.16498011946678162,0.10873479843139648,0.008469532057642937,0.4446515660732985
131,0.527060067653656,0.29781503677368165,0.1663594126701355,0.16418680250644685,0.10781002044677734,0.01662994772195816,0.4941284656524658,0.27021592259407046,0.16634017825126649,0.15561141967773437,0.10963147133588791,0.009473752975463868,0.44105682224035264
132,0.5166006445884704,0.28694396615028384,0.16740266382694244,0.16660443544387818,0.1068768098950386,0.01582978665828705,0.49203752279281615,0.2753708243370056,0.15248888432979585,0.16576455533504486,0.10102742165327072,0.006410492397844791,0.42569135371595623
133,0.5178299665451049,0.29330441951751707,0.16017751693725585,0.16726362109184265,0.1026151180267334,0.015807988308370113,0.4870774507522583,0.27436512112617495,0.1491367518901825,0.1664488285779953,0.09705764800310135,0.006693669315427542,0.4193368977867067
134,0.5167559862136841,0.28407678604125974,0.16879000663757324,0.166024050116539,0.10922104567289352,0.016298376582562925,0.47377328872680663,0.2829635441303253,0.1328583061695099,0.14338287115097045,0.08992900103330612,0.006211987137794495,0.372382165491581
135,0.4935347855091095,0.27440723180770876,0.16187652945518494,0.1500084400177002,0.10470654219388961,0.016592017933726312,0.4514684796333313,0.24552046954631807,0.15699262022972107,0.13040648102760316,0.1066950649023056,0.00564679279923439,0.3997409589588643
136,0.5154837191104888,0.28437685370445254,0.16698709428310393,0.16565269231796265,0.10720919817686081,0.01751485764980316,0.439497584104538,0.2468826025724411,0.146551775932312,0.12025092244148254,0.09987909644842148,0.006784634571522475,0.3734664293937385
137,0.5123946964740753,0.2841660797595978,0.16484867930412292,0.16238611340522766,0.10642058849334717,0.01684642843902111,0.4768107533454895,0.2539726823568344,0.16955743134021758,0.1428105652332306,0.11316407024860382,0.008561594784259796,0.43409366160631174
138,0.5266907215118408,0.28556674122810366,0.1719287097454071,0.1770643949508667,0.10970375239849091,0.01824693474918604,0.46002034544944764,0.2747485339641571,0.1472598135471344,0.10919854640960694,0.09723344743251801,0.007390842866152525,0.3610826502554119
139,0.5187414288520813,0.2858495354652405,0.16856301426887513,0.1653159499168396,0.10837297588586807,0.01678888648748398,0.47858789563179016,0.2650726318359375,0.1536943197250366,0.1514869213104248,0.10288888663053512,0.00709413792937994,0.4151642655953765
140,0.5131932854652405,0.28937087655067445,0.16225071549415587,0.15888229608535767,0.1035842776298523,0.016810869611799718,0.49103657007217405,0.2810465216636658,0.15340889990329742,0.14614486694335938,0.10184283256530761,0.0071473270654678345,0.40854392647743226
141,0.5045964539051055,0.2765450179576874,0.16468698978424073,0.1614228904247284,0.10623651593923569,0.015680460445582866,0.4489167153835297,0.26243247985839846,0.14140843152999877,0.1142856702208519,0.09674546271562576,0.006720151752233505,0.3591597162187099
142,0.49418880939483645,0.2793184220790863,0.15361555218696593,0.1535982757806778,0.09877881705760956,0.01643083170056343,0.4537526249885559,0.2591980159282684,0.14572134017944335,0.12447053492069245,0.09786959290504456,0.008527715783566236,0.3765891837887466
143,0.5047001540660858,0.2808127820491791,0.16403614580631257,0.15290359854698182,0.10540933907032013,0.017101159319281578,0.48152418732643126,0.26288547217845915,0.16198354661464692,0.14309647679328918,0.1097058817744255,0.0065977550111711025,0.4213836601935327
144,0.5001518309116364,0.28608027696609495,0.15596480071544647,0.14476538300514222,0.10179321765899658,0.01551808174699545,0.47020251154899595,0.27230891585350037,0.14721150398254396,0.12683728635311126,0.09941100627183914,0.008165609370917083,0.38162540597841144
145,0.5153836786746979,0.284886771440506,0.16409161388874055,0.1626361072063446,0.10656238794326782,0.017316330596804617,0.44670825600624087,0.26071250438690186,0.14401289820671082,0.1081315666437149,0.09799825102090835,0.006522370781749487,0.3566650866530836
146,0.489615672826767,0.27822216153144835,0.15808275640010833,0.1333714932203293,0.10363189429044724,0.016139379516243935,0.4305441677570343,0.2549573302268982,0.13304417431354523,0.10414074659347534,0.0917739138007164,0.006514678150415421,0.3354735128581524
147,0.5099370300769805,0.2793428599834442,0.16457211673259736,0.162284055352211,0.10654914677143097,0.01653706580400467,0.47680636644363406,0.2780063390731812,0.14846412539482118,0.12685933113098144,0.09999343007802963,0.006601473875343799,0.38191836047917604
148,0.5092146039009094,0.28241164684295655,0.1655938982963562,0.15270582735538482,0.107542884349823,0.015363271348178387,0.477652508020401,0.2782528758049011,0.15080948173999786,0.12576745748519896,0.1007741078734398,0.0056552312336862086,0.38300627833232287
149,0.4973575174808502,0.27239227294921875,0.16265765726566314,0.15518638193607331,0.10471337139606476,0.015761780738830566,0.4709031343460083,0.260357466340065,0.14598765671253205,0.15343888700008393,0.09830068647861481,0.007243243604898452,0.40497047379612927
150,0.4978067338466644,0.27781836986541747,0.1644393652677536,0.13703906834125518,0.10746494084596633,0.01751258559525013,0.4267975986003876,0.24747917652130128,0.14404472708702087,0.08638952523469925,0.10118926465511321,0.006310815270990133,0.3379343322478235
151,0.505107581615448,0.276007080078125,0.1646050363779068,0.1570667326450348,0.10707923471927643,0.01551214512437582,0.48575422167778015,0.2629804193973541,0.16445398926734925,0.14357295334339143,0.11078586280345917,0.007381624635308981,0.42619443004950885
152,0.4807900071144104,0.27362739443778994,0.15197413563728332,0.1345515474677086,0.09910909980535507,0.015319040417671204,0.4249862194061279,0.24335355758666993,0.1434142470359802,0.0952978938817978,0.09857451021671296,0.006776951998472214,0.3440636031329632
153,0.4891651153564453,0.273975670337677,0.15534755885601043,0.1454869508743286,0.10044486969709396,0.01587212588638067,0.4624435126781464,0.25774452090263367,0.15551318228244781,0.1220262199640274,0.10507679134607315,0.007297040801495314,0.3899132343940437
154,0.4996915996074677,0.2800037980079651,0.15714998543262482,0.15110475420951844,0.10158216804265977,0.015629064105451108,0.452949196100235,0.2618068724870682,0.14609622359275817,0.1118641436100006,0.09896140247583389,0.006251586973667145,0.3631733566522598
155,0.5001979112625122,0.28135870695114135,0.1624985158443451,0.13774330914020538,0.10602638721466065,0.01540062464773655,0.44879708886146547,0.2434646248817444,0.14492310285568238,0.14074300229549408,0.0985070064663887,0.006898328475654125,0.3910714400932193
156,0.4994285762310028,0.27542456388473513,0.16286296844482423,0.14605670422315598,0.10629396438598633,0.016429430060088634,0.4725217938423157,0.2694282174110413,0.1470894157886505,0.13409764170646668,0.09836416244506836,0.00815415633842349,0.387705376278609
157,0.5013404250144958,0.27967932224273684,0.15829163193702697,0.15362827479839325,0.10120614022016525,0.01590789183974266,0.46124050617218015,0.2576474040746689,0.15379145741462708,0.12236814945936203,0.10303764194250106,0.00788376173004508,0.38708101054653526
158,0.49039509892463684,0.2770660877227783,0.157363560795784,0.1316169187426567,0.10340287685394287,0.01705627329647541,0.4565360903739929,0.25565779507160186,0.15617560744285583,0.10754415094852447,0.1069952204823494,0.007743484433740377,0.37845846330747007
159,0.5036524415016175,0.2860506296157837,0.1581055462360382,0.1406390845775604,0.10355233252048493,0.01505442913621664,0.45934855937957764,0.27403773069381715,0.1385750025510788,0.11369928419589996,0.09263490289449691,0.006940375920385123,0.35184956556186076
160,0.4934549629688263,0.27965874075889585,0.1575513631105423,0.13780006319284438,0.1012014850974083,0.014705971255898476,0.4575737476348877,0.25231284499168394,0.1543801248073578,0.12284995019435882,0.10450842082500458,0.005690660700201989,0.3874291565269231
161,0.5014227032661438,0.2799850642681122,0.15986429750919343,0.1457095891237259,0.10409620851278305,0.014698519185185433,0.45371941924095155,0.26164684891700746,0.15055405497550964,0.10012540072202683,0.10306098014116287,0.006475197710096836,0.3602156335487962
162,0.4993325352668762,0.2755637466907501,0.1601899415254593,0.14974087178707124,0.10362978577613831,0.01585601381957531,0.42557111382484436,0.24461705684661866,0.13964340686798096,0.09888142347335815,0.09537107795476914,0.005522335134446621,0.3394182434305549
163,0.49441184997558596,0.2759233772754669,0.15601054728031158,0.1450943499803543,0.10217341631650925,0.014058271795511246,0.4555454611778259,0.25991244316101075,0.140789133310318,0.12928528785705568,0.09374592751264572,0.007053776271641254,0.37087412495166067
164,0.49733715057373046,0.2732197105884552,0.15509524643421174,0.16082631647586823,0.09941191971302032,0.015347349643707275,0.4287350237369537,0.24084954261779784,0.14219749867916107,0.10543001294136048,0.09781676679849624,0.005932745151221752,0.3513770235702396
165,0.502628743648529,0.27668807506561277,0.15991902947425843,0.15368278622627257,0.10328201800584794,0.015593224391341209,0.4358420312404633,0.23920240998268127,0.14702982902526857,0.11462444663047791,0.1006095752120018,0.005819809064269066,0.36808365993201736
166,0.4921387493610382,0.2731301009654999,0.15940639078617097,0.14035706520080565,0.10359086096286774,0.01386768687516451,0.46205195784568787,0.24824293255805968,0.15284546315670014,0.1409541606903076,0.10284749120473861,0.006064798124134541,0.4027119131758809
167,0.494160920381546,0.27330532670021057,0.15627623498439788,0.14803995490074157,0.1019448384642601,0.01435890831053257,0.4617718458175659,0.2663813591003418,0.15087637901306153,0.10291900038719178,0.10387688726186753,0.005648952163755894,0.3633212188258767
168,0.47745853662490845,0.2687680184841156,0.1540312647819519,0.12446759939193726,0.10141352564096451,0.015568272583186627,0.47178272604942323,0.26694680452346803,0.14408923387527467,0.13744300305843354,0.09690556675195694,0.007245866488665343,0.3856836701743305
169,0.4992299020290375,0.27517693042755126,0.15814726948738098,0.14919772148132324,0.10326746255159377,0.015240771882236003,0.4697872161865234,0.25204681754112246,0.1524707555770874,0.14595298171043397,0.10361677706241608,0.006239438615739346,0.40827995296567676
170,0.47668578624725344,0.26524494886398314,0.1570652425289154,0.12351100295782089,0.10380741655826568,0.014565653353929519,0.4594694316387177,0.2726375937461853,0.14044002294540406,0.10482645630836487,0.09638080298900605,0.005564048793166876,0.3472113310359418
171,0.47352162599563596,0.26357305645942686,0.15327476263046264,0.12782922983169556,0.10107941031455994,0.01409892477095127,0.46185762882232667,0.25576716661453247,0.15660659670829774,0.11264249384403228,0.10721868127584458,0.005952346604317427,0.382420118432492
172,0.48500166535377504,0.2664200484752655,0.1513708472251892,0.148241525888443,0.09956194311380387,0.014613104425370694,0.4780933797359467,0.2658786952495575,0.15145962536334992,0.13781604766845704,0.10175217241048813,0.006194833479821682,0.39722267892211677
173,0.5009643912315369,0.274968022108078,0.1604673832654953,0.14921772480010986,0.10411553829908371,0.014076697640120983,0.46296671628952024,0.25714410543441774,0.150241619348526,0.12729225158691407,0.10038709342479706,0.007004252262413501,0.38492521662265067
174,0.49072840213775637,0.2777721405029297,0.1531011700630188,0.13380383253097533,0.09991985708475112,0.015437665209174157,0.43591482043266294,0.24726592898368835,0.13624716699123382,0.11307976841926574,0.09391232132911682,0.006590526364743709,0.3498297831043601
175,0.4805504560470581,0.25920329689979554,0.1537643015384674,0.1495214581489563,0.09991184175014496,0.015778631344437598,0.4948980689048767,0.2792452335357666,0.15358761548995972,0.1379128098487854,0.10349731594324112,0.007205946743488312,0.4022036880254745
176,0.46818530559539795,0.2553059160709381,0.15218184590339662,0.13754198998212813,0.09797378778457641,0.01489650160074234,0.47403314113616946,0.26627737283706665,0.15469245314598085,0.11682901233434677,0.10612929910421372,0.005932942498475313,0.38358370708301665
177,0.4929416239261627,0.26588545441627504,0.16114036738872528,0.14788708686828614,0.10419895052909851,0.015327280759811402,0.4778223216533661,0.25643348693847656,0.15703802704811096,0.14225758761167526,0.1061292216181755,0.0060930043458938595,0.4115178406238556
178,0.4865811407566071,0.2706630349159241,0.1566833883523941,0.131837797164917,0.10230590403079987,0.014647138491272926,0.47518391609191896,0.25096237659454346,0.14865835309028624,0.1680916965007782,0.09803427755832672,0.006124130636453629,0.4209084577858448
179,0.4964486837387085,0.2696419060230255,0.15879063606262206,0.15208294689655305,0.10262063890695572,0.013773435540497304,0.4585327684879303,0.23929824233055114,0.15869731307029725,0.13284304440021516,0.10743211209774017,0.006926692556589842,0.40589916212484245
180,0.4809568405151367,0.2728456318378448,0.15561408996582032,0.11404400318861008,0.10269701927900314,0.015940975025296213,0.4634691715240479,0.2459403783082962,0.15729305744171143,0.1326978549361229,0.10624698549509048,0.006159416399896145,0.402397314272821
181,0.492861008644104,0.2690166890621185,0.15931738317012786,0.14102308005094527,0.10388195216655731,0.015490371361374855,0.4623250126838684,0.25141077637672427,0.14769521057605745,0.13618475198745728,0.09965381026268005,0.0076720485463738445,0.3912058213725686
182,0.48349100947380064,0.2652624070644379,0.15578816533088685,0.13432099670171738,0.1017955020070076,0.01685609295964241,0.45654723048210144,0.24200143814086914,0.15289252400398254,0.12992004156112671,0.10393031984567642,0.009789504483342171,0.3965323898941278
183,0.4726937234401703,0.2630575716495514,0.15323192477226258,0.12248484641313553,0.10021560937166214,0.015289902687072754,0.4710108518600464,0.24877697229385376,0.15512175261974334,0.14613418579101561,0.10429881662130355,0.005717608891427517,0.41127236392349004
184,0.47081348299980164,0.25932022333145144,0.15301977694034577,0.1253412440419197,0.10102004557847977,0.013922868669033051,0.4482731342315674,0.23384368419647217,0.1568891316652298,0.12497298419475555,0.10602858066558837,0.006532394886016845,0.3944230914115906
185,0.46699281334877013,0.26657121181488036,0.1468835175037384,0.11296645104885102,0.09793035984039307,0.013119592517614364,0.4230636775493622,0.23395618796348572,0.14233084619045258,0.09787003695964813,0.09826082438230514,0.00603706631809473,0.3444987738505006
186,0.478190940618515,0.2627230376005173,0.14972557723522187,0.1404582977294922,0.09777373671531678,0.014228947646915912,0.4465571761131287,0.25322946310043337,0.14185328483581544,0.10793413519859314,0.09755382686853409,0.005574328638613224,0.3529155755415559
187,0.4735904335975647,0.2570782542228699,0.1519527792930603,0.13660893589258194,0.10001638233661651,0.013921451941132545,0.4626915633678436,0.25337061285972595,0.15024158358573914,0.12205004096031188,0.10390906780958176,0.0056102780625224115,0.3818109704181552
188,0.48954674005508425,0.2735741376876831,0.15230413675308227,0.1354193925857544,0.09983340054750442,0.013699344731867314,0.4359303891658783,0.25265822410583494,0.1361473873257637,0.09654021710157394,0.09417215436697006,0.006090881209820509,0.3329506400041282
189,0.4755032300949097,0.2694993495941162,0.15202440023422242,0.11306197792291642,0.10104250609874725,0.01332869939506054,0.4152224540710449,0.24071377515792847,0.13135107457637787,0.08971342444419861,0.09058463275432586,0.004573274590075016,0.31622240636497734
190,0.4977507531642914,0.2839018225669861,0.15468457341194153,0.12384767085313797,0.10209181010723115,0.014370500296354293,0.42691087126731875,0.23664214313030243,0.1407802164554596,0.10139512419700622,0.09690700024366379,0.006354521960020065,0.34543686285614966
191,0.47486289143562316,0.26715406179428103,0.15271151065826416,0.11571745872497559,0.10080446451902389,0.013234443590044975,0.4344412267208099,0.2416084051132202,0.14252042770385742,0.10525242984294891,0.09715597778558731,0.005546309053897858,0.3504751443862915
192,0.4776172637939453,0.2668940007686615,0.1541669875383377,0.11849243342876434,0.1018543541431427,0.013056493550539016,0.4761653900146484,0.2412898898124695,0.15905918478965758,0.15643560290336608,0.10782512724399566,0.0075588831678032875,0.4308787981048226
193,0.48084004521369933,0.2615432024002075,0.1544981747865677,0.13428280651569366,0.10119726061820984,0.015577353537082672,0.47720679044723513,0.2541548848152161,0.15008580982685088,0.15254972577095033,0.10102971196174622,0.005743738636374474,0.40940898619592186
194,0.4890706241130829,0.2689816117286682,0.15662336945533753,0.13242941200733185,0.10261500924825669,0.014204736799001694,0.4641263663768768,0.24445402920246123,0.15775659084320068,0.13071028888225555,0.1060224175453186,0.005969022028148174,0.40045831929892306
195,0.4646095633506775,0.26451005041599274,0.1462193936109543,0.11109026074409485,0.09650860577821732,0.013191518001258373,0.4552113711833954,0.24955623149871825,0.14941129982471466,0.11396743357181549,0.10276723504066468,0.005503475945442915,0.37164944438263775
196,0.4754489541053772,0.2604024410247803,0.15026204884052277,0.1313820257782936,0.09971045553684235,0.013670026138424874,0.4360742747783661,0.2528870701789856,0.14305197596549987,0.07883514016866684,0.09968576282262802,0.0050664816051721575,0.3266393605619669
197,0.4825001835823059,0.264848929643631,0.15361204743385315,0.130063596367836,0.10147468447685241,0.014381010271608829,0.42236307859420774,0.2219585359096527,0.14481641054153443,0.1080503672361374,0.100770004093647,0.007040243037045002,0.36067702490836384
198,0.4712445318698883,0.2655751883983612,0.14992741942405702,0.11234297901391983,0.09932388067245483,0.014113797433674335,0.45015923380851747,0.23840470016002654,0.1531345546245575,0.12279737293720246,0.1025983914732933,0.005691257026046515,0.38422157606109975
199,0.48814786672592164,0.26761173009872435,0.15819055140018462,0.12643266916275026,0.10454550236463547,0.013886037655174733,0.45342823266983034,0.24416620135307313,0.1476095974445343,0.12462106347084045,0.10071085840463638,0.005447966977953911,0.37838948629796504
200,0.4805517792701721,0.27408947348594664,0.1476992815732956,0.11816547065973282,0.09773278534412384,0.013342497497797012,0.4451438069343567,0.23314420580863954,0.15723579227924347,0.10892940759658813,0.10782750248908997,0.00634170388802886,0.3803344062529504
201,0.464792811870575,0.25296678841114045,0.15086733400821686,0.12055522799491883,0.10078884065151214,0.01374843306839466,0.43300955295562743,0.23886184692382811,0.13980720341205596,0.10634009093046189,0.09648944586515426,0.006365169398486614,0.34900190960615873
202,0.4642108380794525,0.25545057058334353,0.1539023697376251,0.10905596315860748,0.1023798406124115,0.014204313047230244,0.4406922936439514,0.24984363317489625,0.13890870809555053,0.10169017016887665,0.0957802802324295,0.006376718264073133,0.34275587676092983
203,0.47773671746253965,0.26455902457237246,0.14940029382705688,0.12931632697582246,0.0982472762465477,0.013630412518978119,0.4549710929393768,0.2304693341255188,0.1607046753168106,0.12846792340278626,0.1098828062415123,0.0054339001886546615,0.40448930514976383
204,0.4660014510154724,0.2562823802232742,0.15278226137161255,0.11506209373474122,0.101033915579319,0.013298595510423183,0.463864678144455,0.26546190977096557,0.13953558206558228,0.11530551761388778,0.09607127457857131,0.007045130990445614,0.35795750524848696
205,0.46967639923095705,0.25777962803840637,0.14888894855976104,0.12683911621570587,0.0983016774058342,0.013772146217525006,0.4403450846672058,0.23822343945503235,0.14224022328853608,0.12049944847822189,0.0973396822810173,0.004650452826172114,0.36472980687394735
206,0.47162249088287356,0.25742900669574736,0.151110503077507,0.12635694146156312,0.10033884197473526,0.013357529044151306,0.42258203625679014,0.23934791088104249,0.1354319155216217,0.09189826101064683,0.09447136521339417,0.005460137687623501,0.32726167943328616
207,0.47368276715278623,0.25952772200107577,0.15162416398525239,0.12433193773031234,0.10109848380088807,0.013508342020213605,0.4368255317211151,0.2580717086791992,0.13414982259273528,0.08677280992269516,0.09329610913991929,0.004565836396068335,0.318784578051418
208,0.4666031002998352,0.25932886004447936,0.15152949690818787,0.11211559176445007,0.10058938711881638,0.01292052324861288,0.4524946689605713,0.2439945101737976,0.14397414326667785,0.12945980429649354,0.09863083213567733,0.00486797010526061,0.3769327498041094
209,0.4841263771057129,0.2647320032119751,0.15438344776630403,0.13098461776971818,0.10218882113695145,0.013495556451380253,0.4814503490924835,0.255020397901535,0.14892081320285797,0.1594263195991516,0.09968180507421494,0.005896847974509001,0.4139257858507335
210,0.4786133110523224,0.2641947865486145,0.15151017904281616,0.12756740748882295,0.09970586597919465,0.013689744845032692,0.44582600593566896,0.26369478106498717,0.1365411400794983,0.08774274587631226,0.09509797394275665,0.005498823896050453,0.32488068379461765
211,0.47574239373207095,0.268383726477623,0.14731619656085967,0.12041846066713333,0.097128127515316,0.014566097222268582,0.4349927008152008,0.23977297842502593,0.14852206110954286,0.08883113861083984,0.10421899855136871,0.005071332305669784,0.34664353057742125
212,0.474778413772583,0.2654691696166992,0.1524512767791748,0.11350885331630707,0.10147192776203155,0.01336879152804613,0.4285914897918701,0.23479413986206055,0.1351935625076294,0.11368486881256104,0.09390736967325211,0.006223672814667225,0.3490094738081098
213,0.46334412693977356,0.2578338265419006,0.14888575673103333,0.1110713690519333,0.10009525418281555,0.01303404215723276,0.4533076763153076,0.2558586835861206,0.14283433854579924,0.10821762382984161,0.09851862341165543,0.004928168188780546,0.35449875397607683
214,0.47152982354164125,0.26461029052734375,0.1497504085302353,0.11437135338783264,0.09989325553178788,0.012288664653897285,0.4434984028339386,0.2367967814207077,0.15209951549768447,0.10807425081729889,0.10512203723192215,0.004781567957252264,0.37007737150415776
215,0.4608427226543427,0.24409833252429963,0.15362399816513062,0.127349653840065,0.10145854502916336,0.013809570111334324,0.42593422532081604,0.23088836371898652,0.14703195691108703,0.09176777005195617,0.10281586945056916,0.005591349117457867,0.3472069455310702
216,0.46712271571159364,0.26093578040599824,0.1478654533624649,0.11551513522863388,0.0987884521484375,0.013203210197389126,0.42358152866363524,0.2354615092277527,0.14321991205215454,0.08840668052434922,0.09892946183681488,0.005053065158426762,0.3356091195717454
217,0.4610053598880768,0.2543832719326019,0.14638892114162444,0.12100131362676621,0.09695395827293396,0.013127011805772781,0.4329657077789307,0.24334391951560974,0.1407570719718933,0.09567051380872726,0.09756162315607071,0.004994470160454512,0.3389836790971458
218,0.4677481234073639,0.2638502150774002,0.14759613573551178,0.11263240873813629,0.09795783013105393,0.013362584821879863,0.4596683919429779,0.260223525762558,0.14123046398162842,0.11567155122756959,0.0970684364438057,0.005428858008235693,0.35939930966123934
219,0.46386712193489077,0.2562967300415039,0.14959964156150818,0.11549278348684311,0.09932959526777267,0.014036263152956963,0.4390354216098785,0.2448471248149872,0.14148424863815307,0.10299312770366668,0.09827048480510711,0.004939956963062287,0.34768781810998917
220,0.46668918132781984,0.2614926338195801,0.15133679509162903,0.10576510429382324,0.10158704370260238,0.013314796425402165,0.4319827020168304,0.25247388482093813,0.13519176840782166,0.08261889070272446,0.09563282877206802,0.005022538267076016,0.3184660261496901
221,0.4608838498592377,0.25355668663978576,0.1472647339105606,0.11919746100902558,0.09844250231981277,0.012766278348863125,0.41252210140228274,0.2349444270133972,0.13436429500579833,0.08274025619029998,0.09409762024879456,0.0045016143471002575,0.31570378579199315
222,0.45878543257713317,0.2560936748981476,0.1436363399028778,0.11669353544712066,0.0963434174656868,0.012276672944426536,0.4343023419380188,0.2488183081150055,0.13868733048439025,0.08952276408672333,0.09698999375104904,0.005316109489649534,0.3305161978118122
223,0.4552408277988434,0.2608875215053558,0.1437050849199295,0.09863307178020478,0.09696381539106369,0.012403563037514687,0.4347276151180267,0.2418988287448883,0.14048302173614502,0.10336629748344421,0.09647849947214127,0.006305563263595104,0.3466333819553256
224,0.4503981709480286,0.25376480519771577,0.14667380452156067,0.09783159494400025,0.09865499883890153,0.012651059962809085,0.4472111463546753,0.2534027874469757,0.14036283493041993,0.10354629755020142,0.09792126417160034,0.005012767389416695,0.3468431640416384
225,0.45986785292625426,0.2630346417427063,0.14474420249462128,0.1026747390627861,0.0968399316072464,0.013081629388034343,0.4195995330810547,0.2497044801712036,0.12940625548362733,0.07664244621992111,0.09046430885791779,0.005719045363366604,0.3022320559248328
226,0.4442656457424164,0.2434834659099579,0.14567072689533234,0.10866201370954513,0.09745729118585586,0.01323167085647583,0.4192255914211273,0.24358850121498107,0.12912047803401946,0.09035773575305939,0.08961808234453202,0.0052600521594285965,0.3143563482910395
227,0.4827979505062103,0.2642102062702179,0.1526096761226654,0.13231553435325621,0.10120730251073837,0.013599441200494767,0.4315845906734467,0.23608139157295227,0.1437122955918312,0.10270521342754364,0.09882972538471221,0.005517913959920406,0.3507651483640075
228,0.46710420250892637,0.2624665230512619,0.1468024343252182,0.11554430723190308,0.09719744920730591,0.014068326540291309,0.4637888312339783,0.2281554937362671,0.15417318046092987,0.16700063943862914,0.1037884995341301,0.005231352150440216,0.43019367158412936
229,0.4685590147972107,0.2528862476348877,0.15166315138339997,0.12745178639888763,0.1007812961935997,0.014166586846113206,0.44983705282211306,0.2408957451581955,0.1530725121498108,0.11082653254270554,0.10468974113464355,0.007291377522051334,0.37588016334921126
230,0.46560611128807067,0.26367354989051817,0.147770294547081,0.10556662529706955,0.09924032390117646,0.01394459567964077,0.44483921527862547,0.2408205509185791,0.14835044145584106,0.10826639980077743,0.10351240485906602,0.00466979444026947,0.364799040555954
231,0.4562960207462311,0.25482501089572906,0.14142824113368987,0.11950271129608155,0.09402862191200256,0.01315639391541481,0.4376564025878906,0.24311339855194092,0.14802758693695067,0.0903782032430172,0.10276094079017639,0.005461714789271354,0.34662844575941565
232,0.4521498799324036,0.24912624657154084,0.14799174070358276,0.10954777449369431,0.09891479164361953,0.01234357375651598,0.4066932797431946,0.225169575214386,0.13640780448913575,0.08654106259346009,0.09530950635671616,0.005053261481225491,0.3233116349205375
233,0.4567797124385834,0.25257451832294464,0.14159216582775117,0.12667807042598725,0.09358398765325546,0.012011275812983512,0.4621283054351807,0.26324379444122314,0.14092578142881393,0.11437613070011139,0.09705536812543869,0.005908297747373581,0.3582655780017376
234,0.4665937781333923,0.2716135859489441,0.14149331152439118,0.10826618671417236,0.09385570883750916,0.011358502507209777,0.4117148518562317,0.2374800145626068,0.12625042498111724,0.09526455402374268,0.08710464537143707,0.004057002579793334,0.31267662695609033
235,0.4505981087684631,0.25753950476646426,0.13983731865882873,0.1058153823018074,0.09330200105905533,0.012244315445423126,0.43597944378852843,0.25485311150550843,0.13026195615530015,0.0988203153014183,0.09086272120475769,0.004437116160988808,0.32438210882246493
236,0.452214902639389,0.250142964720726,0.1459922969341278,0.11213495582342148,0.09743571430444717,0.01192762553691864,0.42705620527267457,0.23976267576217652,0.13654685020446777,0.10114506483078003,0.09365255385637283,0.0052609933540225026,0.33660546224564314
237,0.45524299144744873,0.2447425276041031,0.14863307178020477,0.12393742948770523,0.09885026812553406,0.012728875502943993,0.41233196258544924,0.23848320841789244,0.12945943772792817,0.08492254614830017,0.09083037078380585,0.004298199899494648,0.3095105545595288
238,0.45366171598434446,0.25221265852451324,0.1472226709127426,0.1072398617863655,0.09872869700193405,0.01233406662940979,0.4384030938148499,0.24968162775039673,0.1331131637096405,0.1102936863899231,0.09194147884845734,0.004247907688841224,0.3395962366368621
239,0.45555341243743896,0.2544076681137085,0.1418964982032776,0.12022284418344498,0.09363755732774734,0.012069548480212688,0.41680147051811217,0.23521265685558318,0.13665634989738465,0.08776405900716781,0.0945942759513855,0.005288958456367255,0.3243036433123052
240,0.46574339270591736,0.2662793755531311,0.14721132814884186,0.10509229451417923,0.09766357094049453,0.01272721216082573,0.459012508392334,0.23802660405635834,0.15179318189620972,0.1380499482154846,0.10455549359321595,0.004668635129928589,0.3990672588348389
241,0.4637973427772522,0.25298106372356416,0.152507945895195,0.11703842282295226,0.10128331333398818,0.0131534269079566,0.40123984813690183,0.21942582130432128,0.13372408747673034,0.09229343831539154,0.09355437904596328,0.004989194776862859,0.32456109961494806
242,0.45907562375068667,0.24986597895622253,0.14674773514270784,0.12512454837560655,0.09732124507427216,0.013254532404243947,0.44574522972106934,0.2622503966093063,0.13799365162849425,0.09082932770252228,0.09469075947999954,0.004978286754339934,0.328492025565356
243,0.4454744100570679,0.248814594745636,0.14210374653339386,0.10686945021152497,0.09517226964235306,0.013554217293858528,0.4157969892024994,0.22708373069763182,0.13963678181171418,0.09613228142261505,0.0964614674448967,0.005736566986888647,0.33796709766611455
244,0.43791790008544923,0.2412015587091446,0.14236238598823547,0.10634046047925949,0.09543572068214416,0.013504183664917947,0.41503161787986753,0.23281724452972413,0.13266571164131163,0.09863661751151084,0.09149431437253952,0.004005089215934276,0.32680173274129626
245,0.4537695646286011,0.2544704139232635,0.14238277971744537,0.11251736730337143,0.09492365121841431,0.013504960387945176,0.43690199255943296,0.22607191205024718,0.14874190986156463,0.12643027007579805,0.10017107874155044,0.007053199410438538,0.38239645808935163
246,0.4524284303188324,0.24686347544193268,0.14565550088882445,0.11855768859386444,0.0974021390080452,0.01296831015497446,0.43047582507133486,0.2284293383359909,0.14720437526702881,0.10716217681765557,0.10162286013364792,0.006703050248324871,0.36269246246665715
247,0.4444507896900177,0.25204393863677976,0.14006250202655793,0.10375969707965851,0.09330517500638962,0.013007674738764763,0.4104288339614868,0.23135842382907867,0.13923601508140565,0.07525803446769715,0.09775557368993759,0.004787540249526501,0.31703716348856686
248,0.4504546523094177,0.25442750155925753,0.1466568648815155,0.09803982079029083,0.09753626585006714,0.01368476040661335,0.440075159072876,0.25500336587429046,0.1358582407236099,0.09792018532752991,0.0930891215801239,0.005662713572382927,0.33253026120364665
249,0.45053167939186095,0.2527517855167389,0.14617460072040558,0.10303982198238373,0.09738738983869552,0.012550531700253487,0.4307113170623779,0.23855934143066407,0.1370847076177597,0.11228674948215485,0.09283059686422349,0.00513147097080946,0.3473335249349475
250,0.44713974595069883,0.24697724282741546,0.143967667222023,0.11276264190673828,0.09553964883089065,0.012628097832202912,0.4228496432304382,0.2392745465040207,0.13515946567058562,0.09577491879463196,0.09352767914533615,0.004030311852693558,0.3284923754632473
251,0.443854558467865,0.25050710439682006,0.13986620903015137,0.1060759425163269,0.0938767209649086,0.011182235553860664,0.4377718925476074,0.23591408729553223,0.15003806948661805,0.10126495063304901,0.10380983650684357,0.006010202970355749,0.36112305959686636
252,0.4432776212692261,0.24368562698364257,0.14576075971126556,0.10575075000524521,0.09750439375638961,0.013709989748895169,0.436112779378891,0.24191559553146363,0.1409013032913208,0.10601668804883957,0.09728045165538787,0.004094982333481312,0.34829342532902957
253,0.4544945240020752,0.2567203491926193,0.13945771753787994,0.11462823748588562,0.0935858204960823,0.01259232871234417,0.42304006814956663,0.23864386081695557,0.13253888487815857,0.10259648263454438,0.09148093461990356,0.0046383925713598725,0.3312546947039664
254,0.4566315054893494,0.2521698087453842,0.1497746616601944,0.10772264301776886,0.1006264790892601,0.012603722885251046,0.43525810837745665,0.2547893762588501,0.13549351692199707,0.0881852313876152,0.0938992127776146,0.004572088923305273,0.32215005001053215
255,0.4528460383415222,0.2569659799337387,0.14358664453029632,0.10496180951595306,0.095501346886158,0.012054485268890858,0.43722984194755554,0.24145787060260773,0.14619321823120118,0.09406774938106537,0.10307682007551193,0.0045082019176334144,0.3478459896054119
256,0.4425114274024963,0.25294255614280703,0.13865714967250825,0.1009818211197853,0.09298238158226013,0.011246065981686116,0.428910368680954,0.2498825430870056,0.13275425434112548,0.08737164586782456,0.09353111833333969,0.004961495101451874,0.3186185136437416
257,0.43681358098983764,0.24849030375480652,0.14186470806598664,0.09282825589179992,0.09448098540306091,0.01217186525464058,0.426948344707489,0.2387715607881546,0.14450897574424743,0.08547928184270859,0.10046058893203735,0.004059657454490662,0.33450850397348403
258,0.44862820506095885,0.2595565527677536,0.13768836855888367,0.10033028274774551,0.09297792762517929,0.01155520286411047,0.40823028683662416,0.2380332052707672,0.1242463618516922,0.0879428118467331,0.08704730719327927,0.004761154856532812,0.3039976357482374
259,0.4413272202014923,0.24620046615600585,0.14141204059123993,0.10678445547819138,0.09435056149959564,0.012400858663022518,0.4225472927093506,0.23381014466285704,0.13625111877918245,0.10251820385456085,0.09417582005262375,0.006067199632525444,0.3390123423188925
260,0.4577476978302002,0.2545535296201706,0.14619154930114747,0.11253983974456787,0.0981020212173462,0.012411919422447681,0.41579042077064515,0.2208061397075653,0.1366058349609375,0.1146012157201767,0.09492292255163193,0.0044474761933088304,0.35057744942605495
261,0.44124972224235537,0.2476612389087677,0.1441359668970108,0.09829230457544327,0.0965357095003128,0.011664589308202267,0.4131912887096405,0.24738235473632814,0.13056793957948684,0.06676623523235321,0.09142711460590362,0.004570802114903927,0.2933320915326476
262,0.4555921614170074,0.24845696091651917,0.1501058518886566,0.11484256535768508,0.09993329495191575,0.011872133798897266,0.41036097407341005,0.23238580524921418,0.13683164715766907,0.07965678423643112,0.09529487192630767,0.004506005859002471,0.3162893091794103
263,0.4414108097553253,0.24515953063964843,0.1427709251642227,0.10590434968471527,0.09603911638259888,0.01107177622616291,0.4190162539482117,0.24408909678459167,0.13051700741052627,0.08413090258836746,0.09180152714252472,0.004762646742165089,0.3112120838835835
264,0.44094292521476747,0.23700304627418517,0.14595816731452943,0.11522331237792968,0.09769076704978943,0.012125000171363354,0.3812314510345459,0.21464627981185913,0.12390070259571076,0.08274989873170853,0.08641180992126465,0.004070534510537982,0.2971329457592219
265,0.43146870136260984,0.24555421769618987,0.14052478075027466,0.0891184538602829,0.09421824514865876,0.01244890857487917,0.4210846841335297,0.2378624975681305,0.13664405047893524,0.09100923538208008,0.09512071460485458,0.004009109456092119,0.326783109921962
266,0.4423182547092438,0.24902540743350982,0.1441796600818634,0.09748723059892654,0.0970061868429184,0.010722878389060497,0.41250582933425906,0.22843915224075317,0.13523056209087372,0.09492779523134232,0.09434151202440262,0.004230275843292474,0.32873014518991117
267,0.4395256400108337,0.24956580400466918,0.14115118086338044,0.09622779935598373,0.09473254382610322,0.011920073442161084,0.4378441095352173,0.25567729473114015,0.14271352887153627,0.07434145212173462,0.10024002194404602,0.004854986630380154,0.3221499895676971
268,0.44037129878997805,0.2439511626958847,0.14396609663963317,0.10387504249811172,0.09660741090774536,0.011713440157473087,0.4067325949668884,0.2243648499250412,0.13252650648355485,0.09582211673259736,0.09314131736755371,0.0038935727439820766,0.325383513327688
269,0.4426101505756378,0.2545917570590973,0.1408568412065506,0.09331942200660706,0.09435785114765168,0.011859451793134213,0.42757725715637207,0.2333448648452759,0.14207586795091628,0.10281003564596176,0.09839902669191361,0.004514031764119864,0.34779896205291155
270,0.43826261162757874,0.24249591529369355,0.14424265325069427,0.10261004120111465,0.09636629968881608,0.0120564678683877,0.4147711157798767,0.2355290561914444,0.1394909381866455,0.07540900930762291,0.09772568941116333,0.00491146519780159,0.3175371021032334
271,0.4276556134223938,0.24329160153865814,0.1363913208246231,0.09419409781694413,0.09176104217767715,0.011471340619027614,0.4167436122894287,0.22949830889701844,0.13987338542938232,0.09454095065593719,0.09603496044874191,0.004944588989019394,0.3353938855230808
272,0.4458569347858429,0.2563207775354385,0.14070445597171782,0.09696287512779236,0.09397774934768677,0.012164069339632988,0.43676244020462035,0.2582477152347565,0.1354193389415741,0.08102421462535858,0.09554238766431808,0.004586034826934338,0.3165719760581851
273,0.449385529756546,0.2474784731864929,0.14068158268928527,0.12149806767702102,0.09413313120603561,0.012051032856106758,0.41269025206565857,0.22545167207717895,0.13536057770252227,0.10354851484298706,0.0929955706000328,0.0046514528803527355,0.33655611602589486
274,0.4436409890651703,0.24749975502490998,0.1417354941368103,0.10791032612323762,0.09471408426761627,0.012378363497555256,0.40670127868652345,0.2239776223897934,0.13686713576316833,0.08978414237499237,0.09484578818082809,0.004814138635993004,0.3263112049549818
275,0.4364457786083221,0.24420872330665588,0.1392112046480179,0.10362918972969055,0.09373889565467834,0.012300510331988335,0.41422498822212217,0.24078222513198852,0.13521535992622374,0.07067844197154045,0.09570143818855285,0.00459374412894249,0.30618898421525953
276,0.43472670912742617,0.24634361565113067,0.1380177140235901,0.09782597720623017,0.09367522001266479,0.010973906144499779,0.4194587171077728,0.24758506417274476,0.13590007424354553,0.06625256836414337,0.09606312662363052,0.004785539396107197,0.30300130862742664
277,0.4391207814216614,0.24949079751968384,0.1415305554866791,0.09295250326395035,0.09611093252897263,0.01145909819751978,0.43549466133117676,0.24122903347015381,0.14542777538299562,0.0935743808746338,0.1022284671664238,0.004054167633876204,0.3452847910579294
278,0.4399851083755493,0.24545937180519103,0.14358165860176086,0.09957805573940277,0.09693320095539093,0.011822503618896007,0.4145957946777344,0.23536010086536407,0.13646321892738342,0.08249054253101348,0.09548401981592178,0.003918572142720222,0.3183563534170389
279,0.436769038438797,0.2440355122089386,0.14317519962787628,0.09562390297651291,0.09708088040351867,0.012220307439565658,0.4160743892192841,0.22947791814804078,0.1420470654964447,0.08506165146827697,0.09980644732713699,0.004112667590379715,0.3310278318822384
280,0.4371857583522797,0.2470213919878006,0.13768764734268188,0.1021977499127388,0.09337317198514938,0.010965063981711865,0.42187647223472596,0.22973238229751586,0.14246488511562347,0.09592575281858444,0.09923691004514694,0.00551206897944212,0.34313961695879697
281,0.43523131012916566,0.24056676030158997,0.1414266586303711,0.10556698441505433,0.09484259486198425,0.011526181735098362,0.43391352891921997,0.25192041993141173,0.13797115683555602,0.08310688585042954,0.09698130041360856,0.0051675794646143915,0.32322692256420854
282,0.42962480783462526,0.25238495171070097,0.13334864675998687,0.08516360968351364,0.08999969512224197,0.011634399928152562,0.39665011167526243,0.22354696989059447,0.13293676376342772,0.07598505914211273,0.09309741109609604,0.005330386012792588,0.30734962001442906
283,0.4335955798625946,0.24390911161899567,0.14012829065322877,0.09717976301908493,0.09427163004875183,0.01196613684296608,0.41731849908828733,0.2319707006216049,0.14679389894008638,0.072770494222641,0.10287602692842483,0.0051209582015872,0.3275613782927394
284,0.43054674863815307,0.24207576215267182,0.13905395865440368,0.09642930328845978,0.09343485236167907,0.012763234786689281,0.3975935459136963,0.22286874651908875,0.13684314489364624,0.0740771770477295,0.0945420041680336,0.005228206142783165,0.3106905322521925
285,0.43165592551231385,0.2464806318283081,0.1436341017484665,0.08580052182078361,0.0947309285402298,0.011134685762226582,0.413250070810318,0.2235597163438797,0.14154616594314576,0.09640777707099915,0.09727034270763397,0.004380682297050953,0.33960496801882983
286,0.425064480304718,0.23796673119068146,0.14212059378623962,0.08998450636863708,0.09510132074356079,0.010919996537268162,0.4292296826839447,0.24787306189537048,0.1373688280582428,0.0843929797410965,0.09602654278278351,0.0048073535785079,0.3225957041606307
287,0.42997172474861145,0.247767174243927,0.13744933605194093,0.08810461163520814,0.09246798902750016,0.011123605817556382,0.4080551743507385,0.22740723192691803,0.14228906035423278,0.07224180996417999,0.09980810731649399,0.00508049288764596,0.3194194705225527
288,0.43836456537246704,0.2463000863790512,0.1412504255771637,0.10144573003053665,0.09459334462881089,0.01093283947557211,0.42673717737197875,0.246051561832428,0.13469019532203674,0.09134671539068222,0.09294096529483795,0.004160604998469352,0.32313848100602627
289,0.43290756940841674,0.24157248437404633,0.13869693577289582,0.10360338091850281,0.09317084103822708,0.011883669719099998,0.4248646080493927,0.24667412042617798,0.13642815947532655,0.08129052519798279,0.09494256675243377,0.004185520950704813,0.3168467723764479
290,0.4418903231620789,0.2491176277399063,0.14124847948551178,0.10267390161752701,0.09454524517059326,0.01128985807299614,0.4271125257015228,0.23201867938041687,0.14474237561225892,0.09774762988090516,0.10095801353454589,0.004598281532526016,0.34804630056023594
291,0.43545990586280825,0.24316887259483339,0.1421994000673294,0.09787817299365997,0.09597803354263305,0.011785243637859821,0.406997948884964,0.22605111002922057,0.1374413251876831,0.0843214862048626,0.09577571302652359,0.004444928839802742,0.321983453258872
292,0.43757025003433225,0.25132469534873964,0.13660169541835784,0.09962363839149475,0.09131387174129486,0.010348374769091607,0.4016938924789429,0.2378699541091919,0.12350389510393142,0.07634605318307877,0.0869485542178154,0.0041279269382357596,0.29092642944306135
293,0.434268057346344,0.2423391282558441,0.1426937997341156,0.09629383683204651,0.096425262093544,0.01137154120951891,0.4089434325695038,0.23743296265602112,0.13754576146602632,0.063295366615057,0.09705274552106857,0.0038657224737107753,0.30175959607586267
294,0.42601999044418337,0.2438789427280426,0.13681959956884385,0.0885740265250206,0.09227290600538254,0.011338136345148086,0.4246909737586975,0.24262792766094207,0.1404959440231323,0.0813057154417038,0.09757843315601349,0.004207426635548473,0.32358751925639806
295,0.4381184816360474,0.251906156539917,0.13993380963802338,0.09085434675216675,0.09436247646808624,0.011106320098042488,0.4086377024650574,0.22860488295555115,0.13829082250595093,0.0772765815258026,0.09799482822418212,0.004781114216893911,0.3183433464728296
296,0.430956757068634,0.23995528519153594,0.14276155531406404,0.09449777007102966,0.0961730107665062,0.011877779476344585,0.3947463870048523,0.22718266248703003,0.1379655957221985,0.05405969843268395,0.09763766378164292,0.00376630462706089,0.29342926256358626
297,0.4384408235549927,0.2569795370101929,0.13852799236774443,0.082967609167099,0.09385897815227509,0.011400227434933186,0.4127879858016968,0.23912619054317474,0.12832242250442505,0.08811067193746566,0.08957970291376113,0.0038250471465289594,0.3098378445021808
298,0.4330605149269104,0.2449399411678314,0.13990636467933654,0.09452813714742661,0.0947418287396431,0.010356906987726688,0.40328249335289,0.22712440490722657,0.13164486289024352,0.08405921459197999,0.09317585676908494,0.0036479152273386716,0.3125278494786471
299,0.4461409986019135,0.2570797860622406,0.13956339955329894,0.09692565947771073,0.09446601867675782,0.010658340528607368,0.39532697200775146,0.22040686011314392,0.137725430727005,0.07113651037216187,0.09629952758550644,0.004336743941530585,0.3094982126262039
300,0.43237417936325073,0.24115566313266754,0.14059245586395264,0.0995295837521553,0.09486740231513976,0.011021442711353302,0.39994713068008425,0.23020216226577758,0.1303771361708641,0.07326549291610718,0.09192892163991928,0.00517536117695272,0.3007469119038433
301,0.43561699986457825,0.24804165959358215,0.13927685022354125,0.09333347082138062,0.09448430985212326,0.011603107489645482,0.40996429324150085,0.23729267120361328,0.1316576451063156,0.07757818400859832,0.09301826804876327,0.0034174636006355287,0.3056715607643128
302,0.4219080626964569,0.24428801238536835,0.13442041575908661,0.08328235149383545,0.09117248952388764,0.011200672201812267,0.40897226333618164,0.23566062450408937,0.13405664563179015,0.07315766364336014,0.09425716698169709,0.005646575149148703,0.307118051405996
303,0.43012391924858095,0.24069692492485045,0.13811445236206055,0.10129709988832473,0.09235441833734512,0.01247422732412815,0.41721336245536805,0.23906758427619934,0.12392029166221619,0.10782795548439025,0.08524524867534637,0.004526174254715442,0.32151967007666826
304,0.4340488076210022,0.24316576421260833,0.14374604523181916,0.09194114804267883,0.0972940132021904,0.011236618086695672,0.40718632340431216,0.22139980494976044,0.13959161639213563,0.09055226743221283,0.09705132842063904,0.003953900933265686,0.3311491131782532
305,0.42578155398368833,0.24467549324035645,0.13147988319396972,0.09683571755886078,0.08870182633399963,0.011356021091341973,0.4159614086151123,0.22717991173267366,0.14404589533805848,0.0871583268046379,0.10011768490076065,0.0046771647408604625,0.3359990717843174
306,0.43545650243759154,0.245239195227623,0.14058363437652588,0.09817779213190078,0.09457540661096572,0.010944754257798195,0.38541396856307986,0.22071191668510437,0.12380031347274781,0.07671813666820526,0.08759006410837174,0.004032034054398536,0.2921405483037234
307,0.4276585400104523,0.2479658305644989,0.13835938274860382,0.07994272261857986,0.09398563653230667,0.010569710843265056,0.4050841689109802,0.22137875258922576,0.13997186869382858,0.08520774096250534,0.09712734967470169,0.004956576786935329,0.32726353611797093
308,0.42413046956062317,0.2421526461839676,0.13444733023643493,0.09334058463573455,0.09032498002052307,0.011620879173278809,0.40452395677566527,0.24462013840675353,0.12646909952163696,0.06303653344511986,0.08880392760038376,0.004102231469005346,0.2824117920361459
309,0.42887215614318847,0.25120584964752196,0.1314194232225418,0.0917368322610855,0.08814487308263778,0.010567987337708473,0.39699786305427553,0.22708649635314943,0.12183704972267151,0.09537495374679565,0.08403426855802536,0.004096285253763199,0.30534255728125576
310,0.4132616758346558,0.24243529438972472,0.13157444298267365,0.07407779693603515,0.08994399756193161,0.010927902162075042,0.4116541504859924,0.23988406658172606,0.1308130443096161,0.07841829508543015,0.09170979112386704,0.004018108919262886,0.30495923943817616
311,0.4332900166511536,0.24658235609531404,0.14056178629398347,0.08944129049777985,0.09540005177259445,0.011046049743890762,0.40039544701576235,0.2167137622833252,0.13808720111846923,0.0860347718000412,0.09748733192682266,0.004377033375203609,0.32598633822053674
312,0.4215249836444855,0.23739124536514283,0.13942897617816924,0.08775769770145417,0.09408336281776428,0.010857076570391654,0.3925778388977051,0.22070637345314026,0.13315600752830506,0.07339909672737122,0.09376622289419174,0.003647236153483391,0.3039685633033514
313,0.41773228645324706,0.2362319588661194,0.1382703125476837,0.08586085587739944,0.09280586242675781,0.010707367956638337,0.4158104658126831,0.2416674941778183,0.13455076664686202,0.0734743356704712,0.09525752663612366,0.004457584582269192,0.3077402135357261
314,0.4311273515224457,0.2461477994918823,0.14279864728450775,0.08085955530405045,0.09724725186824798,0.011157267913222312,0.3914170265197754,0.2206188827753067,0.13088702857494355,0.07360411137342453,0.09309105426073075,0.004097247635945678,0.30167944184504447
315,0.4220742166042328,0.23862574994564056,0.13755659461021424,0.08825944662094116,0.09331529140472412,0.011841168254613876,0.3857528269290924,0.2155040681362152,0.13267928957939149,0.06994308531284332,0.09405176788568496,0.0035541830118745567,0.3002283257897943
316,0.42677047848701477,0.24591346979141235,0.13902225494384765,0.08051780313253402,0.09445655196905137,0.011087204702198506,0.4109472632408142,0.226300048828125,0.143972048163414,0.07611863017082214,0.10183444172143936,0.003904635738581419,0.3258297557942569
317,0.4211138904094696,0.23605525195598603,0.14064379334449767,0.08686134368181228,0.09483611136674881,0.011496754176914693,0.4077856600284576,0.23273711204528807,0.13670256733894348,0.072713802754879,0.09576229453086853,0.004796447139233351,0.30997511176392434
318,0.41932222843170164,0.23175520002841948,0.14237550497055054,0.08865209370851516,0.09580529183149337,0.011807576194405556,0.3942562460899353,0.24264139533042908,0.12138917893171311,0.05429020375013351,0.08635392785072327,0.004247650690376759,0.26628096122294664
319,0.4070411443710327,0.22743014097213746,0.13601812422275544,0.08351703584194184,0.09249085038900376,0.011390508897602559,0.3743725001811981,0.2169647455215454,0.12209737747907638,0.06616060733795166,0.08631358593702317,0.0034615778364241122,0.2780331485904753
320,0.4270169258117676,0.23976875543594361,0.14089056551456453,0.09143640249967575,0.09496916532516479,0.010734073631465436,0.39122942090034485,0.22398215532302856,0.13435369431972505,0.06312821507453918,0.09370364993810654,0.004183526989072562,0.2953690863214433
321,0.43453137278556825,0.24499981105327606,0.1392046630382538,0.09813738912343979,0.09417361319065094,0.011319599114358425,0.4078720808029175,0.22399336099624634,0.13511635065078736,0.09565053433179856,0.09396083950996399,0.0038942488841712474,0.3286219733767211
322,0.42185012102127073,0.236328586935997,0.1408115178346634,0.08686071336269378,0.09512151628732682,0.011815487407147884,0.41380833387374877,0.2367667943239212,0.13656708002090454,0.07749084979295731,0.09587422162294387,0.0036294310819357635,0.3135615825187415
323,0.4243893802165985,0.2386085331439972,0.13846376538276672,0.09320374131202698,0.0933261752128601,0.010784165561199188,0.4170714199542999,0.24695710241794586,0.12365615665912628,0.09067559838294983,0.0863556832075119,0.0033099753316491844,0.3039974135812372
324,0.42349589467048643,0.24621554613113403,0.13220698535442352,0.086677947640419,0.09002061039209366,0.010646660253405571,0.40188872814178467,0.2400849223136902,0.12977170944213867,0.058820214867591855,0.0921945258975029,0.0031692102551460267,0.2839556604623795
325,0.4151907622814178,0.23215639889240264,0.1373587042093277,0.08776195347309113,0.09331888109445571,0.01156722828745842,0.41866691708564757,0.2481506884098053,0.1308574855327606,0.07559433281421661,0.09193561524152756,0.0038154042791575193,0.3022028378676623
326,0.41923982501029966,0.2368799090385437,0.13987134546041488,0.08241223692893981,0.0948091983795166,0.010957969352602959,0.39892248511314393,0.21605164408683777,0.13358298242092131,0.09530290067195893,0.09372900724411011,0.003538736468181014,0.3261536268051714
327,0.4289958119392395,0.23907364010810853,0.14060081243515016,0.0958639070391655,0.09565581679344178,0.01038537435233593,0.38816320300102236,0.22577745616436004,0.12957548946142197,0.05938884168863297,0.09220561534166336,0.004032624885439873,0.2852025713771582
328,0.4112691879272461,0.2346932053565979,0.13207774758338928,0.08536582887172699,0.09005803763866424,0.010529287718236446,0.38982592821121215,0.22527979612350463,0.12545307874679565,0.07612337768077851,0.08747373670339584,0.00343695804476738,0.2924871511757374
329,0.4287143647670746,0.24770381152629853,0.13532932102680206,0.08835593163967133,0.09193761050701141,0.010740425437688828,0.3820131778717041,0.2107583224773407,0.13250777125358582,0.07195427417755126,0.09383906722068787,0.0042158572003245355,0.3025169698521495
330,0.42093254923820494,0.2437421441078186,0.1349581092596054,0.08102606981992722,0.09208720475435257,0.010256812535226345,0.4417179524898529,0.2601745665073395,0.14089734256267547,0.07603349834680558,0.09955715388059616,0.004250662541016937,0.32073865733109413
331,0.4202758014202118,0.2387594997882843,0.1393064707517624,0.08087428361177444,0.09500006586313248,0.010717878676950931,0.4041979670524597,0.22644475102424622,0.13611749410629273,0.08105156570672989,0.09507050812244415,0.003304182831197977,0.31554375076666474
332,0.4218795359134674,0.24914933741092682,0.13301807194948195,0.0770688682794571,0.09006479382514954,0.010563896968960762,0.3590471625328064,0.2072441279888153,0.12263997942209244,0.05179413929581642,0.08762843310832977,0.003713864367455244,0.26577641619369385
333,0.4128501951694489,0.23856473863124847,0.13383394181728364,0.07781234309077263,0.0910344660282135,0.010486611723899841,0.41799553036689757,0.2357351988554001,0.142058664560318,0.07643687576055527,0.09956780672073365,0.004641159065067768,0.32270450610667467
334,0.42831920385360717,0.248273104429245,0.13746381402015687,0.08199788033962249,0.09349291324615479,0.01078775767236948,0.39806535840034485,0.22203117609024048,0.13975466191768646,0.06599995344877244,0.0995017871260643,0.004015056043863296,0.3092714585363865
335,0.4266091585159302,0.24871182441711426,0.13459134995937347,0.08315326571464539,0.0915782555937767,0.010912584327161311,0.3883132576942444,0.22103448510169982,0.13253086507320405,0.06420573890209198,0.09408786743879319,0.003321943152695894,0.2941464145667851
336,0.40890276432037354,0.2421129822731018,0.1273422956466675,0.07476510405540467,0.08705755174160004,0.010367463901638984,0.3979139387607574,0.22491965293884278,0.12875353097915648,0.08452950716018677,0.09075706452131271,0.0033659794833511116,0.30740608214400705
337,0.41388843655586244,0.23751574158668518,0.1336669832468033,0.08353973105549813,0.09032798409461976,0.010436858423054219,0.3998222887516022,0.2257275253534317,0.13305310010910035,0.07904425859451295,0.0931913435459137,0.003663350082933903,0.30895205233246087
338,0.41298524737358094,0.23986594378948212,0.13355891406536102,0.07617968767881393,0.09081041514873504,0.01037841234356165,0.3947083830833435,0.2218451827764511,0.12938472926616668,0.08255677819252014,0.09119274467229843,0.00394157855771482,0.30707583068870004
339,0.41787633299827576,0.24214377999305725,0.13780132532119752,0.07324443235993386,0.09357519745826721,0.01048688031733036,0.37778652310371397,0.20884143710136413,0.12785110771656036,0.07708038240671158,0.09039271473884583,0.004142100503668189,0.29946630536578595
340,0.4263793110847473,0.2380787044763565,0.14168342351913452,0.09094798564910889,0.09581207036972046,0.011273767426609993,0.4162744224071503,0.22980214655399323,0.14275389909744263,0.0838915690779686,0.10003073364496232,0.004173959325999022,0.33085016114637256
341,0.4045420229434967,0.23215466141700744,0.13373936712741852,0.07413435131311416,0.09076108783483505,0.011093220673501492,0.3735466480255127,0.22741556465625762,0.12028153240680695,0.04545214995741844,0.08591842502355576,0.003505271812900901,0.25515737920068204
342,0.410535991191864,0.2278991460800171,0.1368850737810135,0.09034969508647919,0.09190108329057693,0.011238485760986804,0.39183998107910156,0.21834048330783845,0.12795151472091676,0.08678751438856125,0.09026238769292831,0.0036447769962251186,0.30864619379863145
343,0.41365283727645874,0.24114163219928741,0.12918056100606917,0.08376439064741134,0.0876601830124855,0.010536682419478893,0.4020029306411743,0.22788788080215455,0.14018811881542206,0.06358730569481849,0.09860478937625886,0.00415046289563179,0.3065306767821312
344,0.41644023060798646,0.23495737314224244,0.1394383043050766,0.08161763548851013,0.09428205341100693,0.01140126697719097,0.412397688627243,0.24324991703033447,0.13810555934906005,0.055240923166275026,0.0982962816953659,0.004498415160924196,0.29614117937162515
345,0.40486212968826296,0.23883499801158906,0.13064119815826417,0.06668422892689704,0.08948990404605865,0.010006864741444587,0.396560800075531,0.22668520212173462,0.13368896245956421,0.06779550909996032,0.0943812683224678,0.0037247247062623503,0.29959046458825467
346,0.4265935182571411,0.2503641903400421,0.13669866621494292,0.07422014921903611,0.09392662793397903,0.010457539185881614,0.4026866316795349,0.21566057801246644,0.1458524912595749,0.08077045679092407,0.101317198574543,0.003919683396816254,0.3318598300218582
347,0.4084604442119598,0.23598358631134034,0.1346401736140251,0.07102028727531433,0.0922328621149063,0.010854476690292358,0.39377460479736326,0.23026313185691832,0.12974853068590164,0.06333478689193725,0.09143890291452408,0.0037015131674706936,0.28822373365983367
348,0.4144533038139343,0.23797368705272676,0.1346633553504944,0.08099682480096818,0.09143770933151245,0.01036122627556324,0.38618638515472414,0.22166643142700196,0.12804652154445648,0.06877852380275726,0.08985851854085922,0.0046455378644168375,0.29132910175248977
349,0.4110844373703003,0.23309875130653382,0.1343768060207367,0.08271024078130722,0.09184225201606751,0.011188141815364362,0.39707004427909853,0.22622472047805786,0.1374720424413681,0.06351094990968705,0.09621085673570633,0.004093452543020249,0.30128730162978173
350,0.4176664412021637,0.2410147786140442,0.13537157475948333,0.08009321838617325,0.09199498444795609,0.00999646857380867,0.3968199610710144,0.23305565118789673,0.13733891844749452,0.04817260801792145,0.0971396028995514,0.0033417739905416965,0.2859929033555091
351,0.4212247967720032,0.24810251891613005,0.13510005474090575,0.07177987471222877,0.09258666634559631,0.010289162956178188,0.40000945925712583,0.24167364239692687,0.12050948441028594,0.07047546654939651,0.08527256995439529,0.004181659873574972,0.28043918078765273
352,0.4091320037841797,0.2387651324272156,0.13137378990650178,0.07416829243302345,0.08975585848093033,0.010286824777722359,0.38500715494155885,0.2254253327846527,0.12405949085950851,0.06484793424606324,0.08830852806568146,0.004078656062483787,0.281294609233737
353,0.41992887258529665,0.24172035455703736,0.1400258332490921,0.07227585092186928,0.0956393226981163,0.01105880681425333,0.38717464208602903,0.21960412859916686,0.13297630548477174,0.06047729253768921,0.09580107778310776,0.004094768688082695,0.2933494444936514
354,0.41095845103263856,0.2406667709350586,0.13384589105844497,0.06730752885341644,0.09214046597480774,0.010859213769435883,0.3669801115989685,0.19792409539222716,0.131423220038414,0.07017339617013932,0.09294900000095367,0.003983364393934608,0.2985289806034416
355,0.40217629075050354,0.23989230692386626,0.12838266491889955,0.06439659595489503,0.08736495971679688,0.01051481682807207,0.3980817079544067,0.226538810133934,0.13098794221878052,0.07704648673534394,0.09213783442974091,0.003963637119159103,0.30413590050302447
356,0.4119009017944336,0.24073955416679382,0.12886958122253417,0.08178367167711258,0.08747159838676452,0.010342610999941826,0.39780870676040647,0.23023302853107452,0.1352887734770775,0.06050523072481155,0.09498286545276642,0.004383891075849533,0.29516076073050496
357,0.4095249056816101,0.23664088249206544,0.13454956114292144,0.07233495861291886,0.09176167696714402,0.011474987491965294,0.3795332074165344,0.21627518236637117,0.13345399498939514,0.05247469246387482,0.09522945284843445,0.004387589870020747,0.28554573017172513
358,0.4134529948234558,0.2330792188644409,0.13490704596042633,0.08764199316501617,0.09157111197710037,0.01127389408648014,0.41926966309547425,0.24434894323349,0.13446035981178284,0.07726816385984421,0.09448317438364029,0.0036634305492043496,0.3098751286044717
359,0.41471397280693056,0.24421883821487428,0.1332080692052841,0.07112575620412827,0.09086423367261887,0.010263975709676743,0.39337154626846316,0.22168910205364228,0.1328086733818054,0.07223352789878845,0.09418126046657563,0.003854517638683319,0.30307797938585285
360,0.4064884066581726,0.23862069249153137,0.12810672223567962,0.07664635181427001,0.08715558499097824,0.009892343915998936,0.3860364735126495,0.22868893742561341,0.12762437462806703,0.05291523560881615,0.0909042403101921,0.004245938453823328,0.2756897890008986
361,0.40500646233558657,0.23278622031211854,0.1349571615457535,0.07109074890613556,0.09176456481218338,0.01105785947293043,0.39834536910057067,0.22242365777492523,0.13947523832321168,0.06762008219957352,0.09851268827915191,0.0043909911066293715,0.3099989999085665
362,0.41254823207855223,0.2365730255842209,0.13300743103027343,0.08442234992980957,0.08966161757707596,0.010500461421906948,0.3903956592082977,0.23406322598457335,0.12538908869028093,0.054647975414991376,0.08963078409433364,0.004402376338839531,0.27407022453844554
363,0.41446241140365603,0.24422696530818938,0.1312720537185669,0.07361972481012344,0.08978241533041001,0.01065385974943638,0.39008166790008547,0.22537725269794465,0.13222668766975404,0.060661719739437105,0.09336216300725937,0.0033584607765078543,0.2896090311929584
364,0.4160531282424927,0.23923702538013458,0.13573946356773375,0.07817476242780685,0.09284960627555847,0.010393195413053035,0.3956385970115662,0.23556146025657654,0.1252542495727539,0.06345089226961136,0.08946503698825836,0.003275925386697054,0.2814461042173207
365,0.41564364433288575,0.2396616220474243,0.1351300984621048,0.07826063632965088,0.09225595593452454,0.010141786932945252,0.38346468806266787,0.22747334241867065,0.12162278294563293,0.06411201357841492,0.08594213128089905,0.0037659166380763056,0.2754428444430232
366,0.4091954410076141,0.23855567574501038,0.13260461688041686,0.0715763509273529,0.09095022529363632,0.010299930721521378,0.3928944647312164,0.22006502151489257,0.1428098738193512,0.05393351279199123,0.10135587602853775,0.004159610532224178,0.30225887317210437
367,0.40570634603500366,0.2347879320383072,0.13225321024656295,0.07560179233551026,0.08940008133649827,0.010103686153888703,0.38715763092041017,0.22304208278656007,0.12532939612865449,0.07315321862697602,0.08859620243310928,0.0033598155714571476,0.29043863276019694
368,0.3946429014205933,0.23015381395816803,0.12921969443559647,0.0666821427643299,0.08836519718170166,0.010042249970138074,0.37480080127716064,0.21344208717346191,0.12724424600601197,0.061691715568304065,0.09040488749742508,0.004836707143113017,0.28417755621485413
369,0.4032012283802032,0.23303889632225036,0.13080720901489257,0.07487715929746627,0.08938809931278228,0.010233684070408344,0.386138504743576,0.21600239872932434,0.13404115438461303,0.06909979581832885,0.09388533234596252,0.003721288498491049,0.30074757104739547
370,0.3879254460334778,0.22521055042743682,0.1288598135113716,0.06345289796590806,0.08831561207771302,0.010037198662757874,0.37481179237365725,0.2281471699476242,0.12511823028326036,0.03597739040851593,0.08973662108182907,0.0035096023231744765,0.25434184409677985
371,0.3943428874015808,0.22791326344013213,0.13178107142448425,0.06534111201763153,0.09013881832361222,0.010214822366833687,0.41034057140350344,0.23455837666988372,0.135357329249382,0.0792126327753067,0.09409625679254532,0.00368106197565794,0.3123472807928919
372,0.41223701238632204,0.23848416209220885,0.13566403836011887,0.07393116503953934,0.09179386645555496,0.010735464654862881,0.372620964050293,0.20791119039058686,0.12688722610473632,0.07234542071819305,0.08907797485589981,0.003482378926128149,0.29179300060495733
373,0.41427762508392335,0.2447759360074997,0.13062320053577423,0.07374831587076187,0.0892234742641449,0.010542706586420536,0.39936835169792173,0.23121763467788697,0.13109165132045747,0.06763266324996949,0.09344149976968766,0.003913470637053251,0.29607928497716784
374,0.41139487624168397,0.23726871609687805,0.13211170285940171,0.07840361446142197,0.09106497168540954,0.010564680211246014,0.39001633524894713,0.21736876368522645,0.1401319533586502,0.059618564695119856,0.09938641637563705,0.003530749445781112,0.3026676838751883
375,0.3955042600631714,0.2358393996953964,0.12549181580543517,0.06246951222419739,0.08656219542026519,0.010550911165773868,0.40638188123703,0.24284483194351197,0.13769199699163437,0.04630429744720459,0.09766753762960434,0.0035243335179984568,0.2851881655864418
376,0.4077140212059021,0.23275414109230042,0.1363153263926506,0.07288658246397972,0.09333109557628631,0.010727214068174363,0.4042353928089142,0.23340715765953063,0.13321597576141359,0.06823604553937912,0.09511909335851669,0.00406588651239872,0.3006370011717081
377,0.4064915359020233,0.234689199924469,0.1316581130027771,0.07708517014980316,0.08941995650529862,0.01085591409355402,0.3825400769710541,0.22018759250640868,0.13258993327617646,0.0526898019015789,0.09440166056156159,0.004572403058409691,0.2842537987977266
378,0.39703829288482667,0.23249432146549226,0.128744213283062,0.06660134568810464,0.08852422386407852,0.010239552706480026,0.4024692952632904,0.23514722883701325,0.1361133188009262,0.05558460205793381,0.09727962911128998,0.003540423512458801,0.29251797348260883
379,0.40145296454429624,0.23324229717254638,0.1304072231054306,0.07122664973139763,0.08951453417539597,0.009901615232229233,0.36481725573539736,0.21037305891513824,0.12128336131572723,0.06064431220293045,0.08651074469089508,0.0030657450668513777,0.27150416327640414
380,0.40928510427474973,0.2302194654941559,0.1399242103099823,0.0737894281744957,0.09592316299676895,0.0106762470677495,0.3710453510284424,0.20842590928077698,0.127581986784935,0.06246357560157776,0.0916364997625351,0.0036913856398314237,0.28537344778887924
381,0.39934192299842836,0.23998289704322814,0.12787902653217315,0.05821225419640541,0.08790420591831208,0.009962410852313041,0.3905175030231476,0.22665712535381316,0.1280691534280777,0.0677602767944336,0.09015926867723464,0.003500501997768879,0.28948920089751484
382,0.3951922595500946,0.22830580472946166,0.13004939258098602,0.06955831721425057,0.0891777902841568,0.009786715358495712,0.39096271991729736,0.21514434218406678,0.14516116082668304,0.05481010228395462,0.10333541333675385,0.0038239844143390656,0.3071306608617306
383,0.3996788144111633,0.23374116122722627,0.133356511592865,0.06155310347676277,0.09097593277692795,0.010445552878081799,0.40219281911849974,0.2329643577337265,0.1352291762828827,0.0618082121014595,0.09625631272792816,0.003748211171478033,0.29704191228374843
384,0.39521521925926206,0.22563111186027526,0.1305503398180008,0.07452758401632309,0.08889759927988053,0.010644030198454857,0.39351874589920044,0.22673498690128327,0.14079013466835022,0.04657972455024719,0.0999005377292633,0.003390810266137123,0.29066120721399785
385,0.41128641963005064,0.23326911330223082,0.14184246957302094,0.06895397454500199,0.09652818441390991,0.01114847306162119,0.3641171634197235,0.21225321292877197,0.12403367757797241,0.0489035926759243,0.08878781050443649,0.00353558580391109,0.26526066656224434
386,0.39711936116218566,0.23333633542060853,0.13040412664413453,0.06015576422214508,0.09047459959983825,0.01027323417365551,0.3903268873691559,0.2268981158733368,0.1314425528049469,0.05697515606880188,0.09424708336591721,0.003153347596526146,0.28581813983619214
387,0.4053373754024506,0.24183347821235657,0.12910490930080415,0.0656176008284092,0.08805276453495026,0.009777180850505829,0.39906105399131775,0.23463402390480043,0.13198456317186355,0.058552487194538115,0.09426358193159104,0.0032296191900968553,0.28803025148808953
388,0.4076023638248444,0.2383584588766098,0.13132246136665343,0.07202446460723877,0.08995517641305924,0.009699401818215847,0.40731850266456604,0.24266034364700317,0.1373078241944313,0.0483543835580349,0.09802258312702179,0.0031650941353291275,0.2868498850148171
389,0.40524275302886964,0.23037452697753907,0.13228538632392883,0.08164174556732177,0.09023801237344742,0.010309297777712344,0.3926103115081787,0.22759256958961488,0.13356937170028688,0.05717500597238541,0.09496436566114426,0.003487623808905482,0.289196367142722
390,0.39637588858604433,0.22835446000099183,0.1296778455376625,0.07373499125242233,0.08850368708372117,0.009367237985134124,0.3855326175689697,0.2291105031967163,0.12183762937784196,0.06313827037811279,0.08695750087499618,0.0033604672178626062,0.27529386784881354
391,0.392238986492157,0.23299509286880493,0.12723243832588196,0.060234949737787244,0.08707222193479539,0.009711156226694584,0.39852375984191896,0.23589013814926146,0.1308537483215332,0.055925865471363065,0.09418172687292099,0.00308212055824697,0.2840434612240642
392,0.39957554936408995,0.2331773966550827,0.12867820262908936,0.07139491587877274,0.08751344084739685,0.011459462530910968,0.3832760572433472,0.22172019481658936,0.132331383228302,0.051172536611557004,0.09480257481336593,0.0036689711734652517,0.28197546582669025
393,0.4037006735801697,0.23284989297389985,0.1344838947057724,0.06809597983956336,0.09250539690256118,0.009880570881068706,0.41273718476295473,0.2395849883556366,0.1413147568702698,0.05725938975811005,0.10022138506174087,0.0047667433973401785,0.30356227508746086
394,0.40063536167144775,0.22652245461940765,0.13639354407787324,0.07152722105383873,0.09321667402982711,0.010536413267254829,0.3692834138870239,0.21113625764846802,0.13179508447647095,0.04645910859107971,0.09400468915700913,0.0034359311684966087,0.2756948133930564
395,0.39116535782814027,0.22750872671604155,0.1288479283452034,0.06571526154875755,0.08793197721242904,0.010531582683324815,0.3744945526123047,0.22504302561283113,0.11999662220478058,0.054950842261314393,0.08476746529340744,0.0030241506174206734,0.26273908037692306
396,0.3925279498100281,0.23499272465705873,0.12198279350996018,0.06690311431884766,0.08366410285234452,0.009561802819371223,0.36498336791992186,0.22035669684410095,0.11770731806755066,0.045078203082084656,0.08556744158267975,0.003019856940954924,0.25137281967326996
397,0.3928855359554291,0.22643306255340576,0.1290197879076004,0.06918135732412338,0.08887503445148467,0.010702058300375938,0.3954919695854187,0.22270734012126922,0.13694362342357635,0.06516461372375489,0.09765879809856415,0.0036510976031422617,0.3034181328490376
398,0.38827526569366455,0.22867878079414367,0.1252380132675171,0.06376028954982757,0.08615798950195312,0.009967344626784325,0.3760175108909607,0.21853082478046418,0.12602602541446686,0.05578166544437409,0.09039962291717529,0.003471059864386916,0.27567837364040315
399,0.38898051381111143,0.22420899271965028,0.13375118970870972,0.058414087444543836,0.09148901998996735,0.009875258617103099,0.36925816535949707,0.21823496520519256,0.1265508770942688,0.041707467287778854,0.09093061685562134,0.003184039331972599,0.2623730005696416
400,0.3916687607765198,0.23105015754699706,0.12807791382074357,0.06050005778670311,0.08797219842672348,0.009932520985603332,0.3818885385990143,0.2320166826248169,0.1225042074918747,0.049103372544050214,0.08733622878789901,0.0030817050486803056,0.2620255138725043
401,0.3942739427089691,0.22606810331344604,0.13366138637065889,0.06423553377389908,0.09205594062805175,0.009834289364516736,0.37764822840690615,0.22449470758438111,0.12391511946916581,0.052871862053871156,0.08842747062444686,0.0027889182325452565,0.2680033703800291
402,0.4018090546131134,0.23685770928859712,0.1305477201938629,0.06385603547096252,0.08998154103755951,0.009693675674498081,0.37446766495704653,0.223708313703537,0.12627999782562255,0.04280857443809509,0.0900297686457634,0.0036031945608556272,0.26272153547033666
403,0.39048767685890196,0.22808050811290742,0.12852397561073303,0.06482707485556602,0.08774415105581283,0.009230711497366428,0.36404742002487184,0.2151070386171341,0.1167048379778862,0.0582824170589447,0.08333309292793274,0.0036365658976137637,0.26195691386237735
404,0.3812165975570679,0.2168157458305359,0.1282811164855957,0.06760557517409324,0.0880211889743805,0.010231363028287888,0.3838227391242981,0.21842811703681947,0.1307954728603363,0.06300695687532425,0.09312770515680313,0.0038119721692055466,0.2907421070616692
405,0.38319204449653627,0.21672896146774293,0.1337472081184387,0.06222075149416924,0.09115451127290726,0.010185080207884311,0.36332486271858216,0.20971816182136535,0.12769376039505004,0.04396418780088425,0.09168330579996109,0.004082898143678904,0.26742415213957427
406,0.3992080628871918,0.2254881739616394,0.1336341142654419,0.07664749771356583,0.09129200428724289,0.010034727305173874,0.3754701495170593,0.21382782459259034,0.12919088900089265,0.05778945535421372,0.092695252597332,0.0032377499621361492,0.28291334691457454
407,0.3875474870204926,0.22751786410808564,0.12604160010814666,0.062321902811527254,0.08688466846942902,0.010428825952112674,0.39527757167816163,0.22285895347595214,0.14176473617553711,0.05533876270055771,0.10076372623443604,0.0036402571480721236,0.301507482258603
408,0.38329057693481444,0.21844416558742524,0.13147536814212799,0.061304575949907306,0.09039744585752488,0.01088515967130661,0.35727972984313966,0.20273875594139099,0.12833693921566008,0.04858460053801537,0.09051797837018967,0.003073966596275568,0.2705134847201407
409,0.38686155080795287,0.22245378494262696,0.13013427406549455,0.06375866830348968,0.08940990567207337,0.01019560731947422,0.3867146849632263,0.23463234305381775,0.12396616637706756,0.047813641279935835,0.08979199677705765,0.002984227193519473,0.2645560316275805
410,0.40114012360572815,0.23957549631595612,0.12876273989677428,0.059255839139223096,0.08948501348495483,0.00955717284232378,0.38140350580215454,0.22918566465377807,0.12571462243795395,0.04654261320829391,0.08996540307998657,0.0031668155919760466,0.2653894543182105
411,0.4005458354949951,0.22878569662570952,0.13358091711997985,0.07102668583393097,0.09208749979734421,0.010212555341422559,0.369584459066391,0.2105768531560898,0.12744782865047455,0.05704853758215904,0.09074055552482604,0.003771105920895934,0.27900802767835553
412,0.3898376882076263,0.22964512705802917,0.12828226238489152,0.05806072801351547,0.08866101205348968,0.010041245818138122,0.3476436734199524,0.20483937859535217,0.12287376075983047,0.02890632748603821,0.09003110378980636,0.0036446909420192243,0.24545588297769427
413,0.38621127009391787,0.2242077112197876,0.13029139190912248,0.05768403932452202,0.090084408223629,0.009974251501262188,0.37827983498573303,0.23333729803562164,0.11874690055847167,0.04643291234970093,0.08488379716873169,0.0030455417931079865,0.2531091518700123
414,0.38186503052711485,0.22056863605976104,0.12607772946357726,0.06496071070432663,0.08712083846330643,0.00967966541647911,0.3719898104667664,0.22012139856815338,0.12026790380477906,0.05452904850244522,0.08720736354589462,0.0032903955783694983,0.2652947114314884
415,0.3887553036212921,0.22665085792541503,0.12574077695608138,0.06888366341590882,0.08598594218492508,0.009886093810200692,0.3814668536186218,0.21638706922531128,0.134709233045578,0.05444450601935387,0.0959036648273468,0.003852798789739609,0.2889102026820183
416,0.3860885202884674,0.22605556845664979,0.12776836454868318,0.05875404700636864,0.08852343857288361,0.009504940919578075,0.3662294089794159,0.20795960426330568,0.12689841985702516,0.05618184953927994,0.09080854952335357,0.003252010140568018,0.2771408290602267
417,0.39983301758766177,0.2355577141046524,0.1349065512418747,0.05448706224560738,0.0924545705318451,0.01026310734450817,0.3617410778999329,0.21850996017456054,0.12364995777606964,0.030690984427928926,0.0892694815993309,0.0038029098883271216,0.2474133336916566
418,0.3870245933532715,0.22433058619499208,0.12874144911766053,0.06277180314064026,0.08879397511482238,0.009729245118796826,0.36441725492477417,0.2057826191186905,0.1307661235332489,0.04865865707397461,0.09354965686798096,0.003814475145190954,0.2767889126203954
419,0.38881956934928896,0.22302621006965637,0.13281996846199035,0.0605354979634285,0.09170366525650024,0.009939894638955593,0.3590369939804077,0.20738472640514374,0.12919723391532897,0.03450586348772049,0.09425735920667648,0.0034570119343698023,0.26141746854409575
420,0.3956497311592102,0.23147158920764924,0.1320098489522934,0.05946166217327118,0.09084981679916382,0.00998637080192566,0.36510913372039794,0.21461413502693177,0.1209301471710205,0.05015428215265274,0.08780776411294937,0.003327620215713978,0.2622198136523366
421,0.39281816482543946,0.23446713984012604,0.12778440862894058,0.05610762983560562,0.0883522942662239,0.009023980237543583,0.372064483165741,0.20794169306755067,0.13959713280200958,0.04224067851901055,0.09984767138957977,0.0031890904530882834,0.2848745731636882
422,0.3938651442527771,0.22781784534454347,0.13635494112968444,0.05438502877950668,0.09392100125551224,0.010068245977163316,0.3632854104042053,0.22176306545734406,0.11389989852905273,0.04719419479370117,0.08260176330804825,0.0028838211204856635,0.2465796777512878
423,0.3877431631088257,0.2212698608636856,0.12996864169836045,0.06806382611393928,0.08942569196224212,0.010062794759869575,0.38727266788482667,0.22377216815948486,0.13117188960313797,0.060437899082899094,0.09258137792348861,0.003371493145823479,0.28756265975534917
424,0.383730548620224,0.2255029022693634,0.12786795347929,0.05596074759960175,0.08789610415697098,0.009976966120302678,0.36564592719078065,0.22553496360778807,0.11579742133617402,0.03941946774721146,0.08447534888982773,0.002966584451496601,0.24265882242470982
425,0.380839866399765,0.21929376125335692,0.12699571400880813,0.06476352363824844,0.08717415779829026,0.00972865466028452,0.37907612323760986,0.20898470282554626,0.1325067549943924,0.06956959366798401,0.09416326135396957,0.0034783251583576204,0.29971793517470363
426,0.3889224290847778,0.22873995304107667,0.12586191296577454,0.06463629901409149,0.08629075735807419,0.00953748133033514,0.3468505859375,0.2030067801475525,0.12186078429222107,0.033658914268016815,0.08921551257371903,0.0031015414278954268,0.24783675256185234
427,0.3830654561519623,0.21918764412403108,0.1293731838464737,0.0647888571023941,0.08908059895038604,0.00897706188261509,0.37429426312446595,0.22054063975811006,0.12330894768238068,0.0546775758266449,0.08814613968133926,0.0031900162808597087,0.2693226794712245
428,0.38183889985084535,0.21785590350627898,0.12913065999746323,0.06407944709062577,0.08923500329256058,0.009922691062092781,0.35246833562850954,0.21982170641422272,0.11078470200300217,0.03651172779500485,0.07995368540287018,0.0030041740741580726,0.23025428927503525
429,0.38313578367233275,0.2252815306186676,0.12476615011692047,0.06059777587652206,0.08632805794477463,0.009493645839393139,0.3707516610622406,0.21529608964920044,0.12910482436418533,0.045820101350545886,0.09257646054029464,0.0030940316617488863,0.2705954179167747
430,0.38722344040870665,0.22753266990184784,0.12797240018844605,0.05840183719992638,0.08821951895952225,0.009696496278047561,0.3894247531890869,0.22352234721183778,0.13486700356006623,0.05531933307647705,0.0964388057589531,0.0033595887478441,0.28998473114334045
431,0.3842437267303467,0.22537230849266052,0.12796246707439424,0.05685564205050468,0.08836511373519898,0.009224383533000946,0.35957249999046326,0.20824552178382874,0.1250677675008774,0.04605503678321839,0.08952066749334335,0.0031461837701499463,0.2637896555475891
432,0.39367120862007143,0.22866050601005555,0.1328480660915375,0.05790223255753517,0.09224647879600525,0.009896738454699516,0.38561010360717773,0.2279179036617279,0.12505014836788178,0.059980979561805724,0.08884108215570449,0.0033639412373304366,0.2772361513227224
433,0.3794827818870544,0.22452057600021363,0.12366639375686646,0.05869092643260956,0.08489194214344024,0.009062179736793042,0.37261469960212706,0.222148197889328,0.12337012887001038,0.04603394567966461,0.08920743465423583,0.0030776537954807282,0.2616891629993916
434,0.3903554081916809,0.2357734590768814,0.12209934443235397,0.06031124442815781,0.08427620381116867,0.008800813183188438,0.3638014018535614,0.22007744014263153,0.11970519721508026,0.04098289161920547,0.08620788455009461,0.002782676462084055,0.2496786498464644
435,0.38522557020187376,0.23349767029285431,0.12342560142278672,0.051420992612838744,0.08515955358743668,0.009575412794947624,0.3850074350833893,0.2254441499710083,0.12854785919189454,0.05454239994287491,0.09244960099458695,0.0031952674500644205,0.2787351275794208
436,0.3776438534259796,0.21691973209381105,0.1287626951932907,0.05999096930027008,0.08821713030338288,0.00970676690340042,0.34818463325500487,0.2015405923128128,0.12384547889232636,0.03676215559244156,0.08999567627906799,0.0027840961702167988,0.2533874069340527
437,0.3821605801582336,0.22905416190624237,0.12719068825244903,0.04620025455951691,0.08795735538005829,0.009729298576712609,0.3565022647380829,0.19930287301540375,0.12444412708282471,0.05852877795696258,0.08936989903450013,0.0030796695034950973,0.27542247357778255
438,0.3845751643180847,0.22746456861495973,0.12947390377521514,0.049643906950950625,0.08972194641828538,0.009311304613947868,0.37508527636528016,0.22133652567863465,0.12600131928920746,0.04877686351537704,0.09025887846946716,0.0032526593189686538,0.26828972059302036
439,0.38458587527275084,0.22936717569828033,0.12622903883457184,0.05278548374772072,0.08709159642457961,0.009664125554263592,0.3648129940032959,0.20903394222259522,0.12241966426372528,0.05858509838581085,0.08844453990459442,0.003290163492783904,0.27273946604691446
440,0.38417171239852904,0.23308427333831788,0.1244807407259941,0.046448550373315814,0.08672045171260834,0.009496237710118293,0.36266459822654723,0.2173471748828888,0.1222669780254364,0.03674140721559525,0.0891689345240593,0.002744241338223219,0.25092156110331415
441,0.38075663447380065,0.2285253643989563,0.12343784570693969,0.050980549305677414,0.08590818643569946,0.00950358547270298,0.36062780022621155,0.2084508419036865,0.12480700016021729,0.04538031369447708,0.0908302292227745,0.003036182653158903,0.2640537257306278
442,0.3820448935031891,0.22410241067409514,0.12731307446956636,0.05553096756339073,0.0881049543619156,0.00969530176371336,0.3832235872745514,0.21361851394176484,0.14525313377380372,0.04190515577793121,0.10365394204854965,0.0035565334372222425,0.2943687650375068
443,0.3814243793487549,0.22484200000762938,0.1286901652812958,0.05063584372401238,0.08875174075365067,0.009764146618545055,0.36916370391845704,0.2199670433998108,0.12489809095859528,0.042054812610149386,0.08933427780866623,0.003413878520950675,0.25970105989836156
444,0.3787412405014038,0.2240499436855316,0.12642427086830138,0.050893688946962355,0.08757056295871735,0.009366516582667827,0.36817575693130494,0.21767300963401795,0.12876015305519103,0.03482183143496513,0.09306492060422897,0.003497140109539032,0.2601440452039242
445,0.3624294638633728,0.2184988796710968,0.1166350394487381,0.04900215119123459,0.08067864328622817,0.00940086618065834,0.3717556595802307,0.2168031394481659,0.13061413913965225,0.04368002489209175,0.09242670834064484,0.0037538885604590177,0.27047476093284784
446,0.3763381838798523,0.22012481093406677,0.127007919549942,0.05138412490487099,0.08834963142871857,0.010173285938799381,0.37383386492729187,0.22563133239746094,0.12678914666175842,0.033361878246068954,0.09205256700515747,0.003580704145133495,0.25578429605811837
447,0.3849719226360321,0.2247249275445938,0.12865835726261138,0.058413685858249666,0.08831610977649688,0.010316347144544125,0.347146338224411,0.20998477935791016,0.11636507362127305,0.03255021572113037,0.08485545814037324,0.0028035866096615793,0.23657433409243822
448,0.38075361847877504,0.22587401866912843,0.12398629635572433,0.055975529551506045,0.08546940386295318,0.010566335543990136,0.34279475212097166,0.2086287260055542,0.11113393306732178,0.038917912542819975,0.08019919246435166,0.00291926758363843,0.23317030565813185
449,0.37233185172080996,0.21871232390403747,0.12432023584842682,0.05249661877751351,0.08631860464811325,0.009391320683062077,0.36107280254364016,0.21331292688846587,0.12473347336053849,0.03745191097259522,0.09039024710655212,0.003059090208262205,0.25563472164794804
450,0.3814100444316864,0.22232569754123688,0.1280204176902771,0.05503899678587913,0.089115571975708,0.010107871703803539,0.37069704532623293,0.2197395831346512,0.12429821789264679,0.04404558837413788,0.09048402160406113,0.0029029387049376966,0.2617307665757835
451,0.37869119048118594,0.2279786765575409,0.12332064807415008,0.04746349453926087,0.08600095808506011,0.009959011152386666,0.34363303184509275,0.20819642543792724,0.11274168193340302,0.03569879457354545,0.08261196464300155,0.002881849929690361,0.2339342910796404
452,0.3750091135501862,0.22072198688983918,0.1259212985634804,0.05060582607984543,0.08718093037605286,0.010067197307944298,0.3331417143344879,0.18993825912475587,0.12026905119419098,0.03822503909468651,0.08697758466005326,0.0025815380737185477,0.24805321302264932
453,0.3738109290599823,0.22508321106433868,0.12190575152635574,0.04690578207373619,0.08506457060575486,0.009096328914165498,0.36291415691375734,0.20487814545631408,0.12649697959423065,0.05475408360362053,0.09148520827293397,0.00306162079796195,0.2757978922687471
454,0.37828755378723145,0.21725909113883973,0.13121562898159028,0.05440724268555641,0.09071195274591445,0.009370533749461174,0.3539291560649872,0.20305371284484863,0.12691013813018798,0.03940081000328064,0.09174600690603256,0.003389967046678066,0.2614469220861792
455,0.385362309217453,0.2316519647836685,0.12321991920471191,0.05444073081016541,0.08562999665737152,0.009734993427991867,0.37317911386489866,0.21977259814739228,0.12948545813560486,0.04090483635663986,0.09294083565473557,0.002919047838076949,0.26625017798505723
456,0.3845921277999878,0.23068460822105408,0.1241142526268959,0.05389993190765381,0.08600452691316604,0.009296850673854351,0.35993443727493285,0.19737373292446136,0.1289543852210045,0.059437862038612364,0.09312491863965988,0.002576333610340953,0.2840934995096177
457,0.37515010833740237,0.22002707719802855,0.12689962834119797,0.050809499621391294,0.08801705688238144,0.009078346192836761,0.3683353841304779,0.21307771205902098,0.12264402359724044,0.05913411229848862,0.08781836479902268,0.002697614347562194,0.27229411504231393
458,0.3867650032043457,0.232750204205513,0.1245898574590683,0.05273544117808342,0.08657304346561431,0.009242665395140648,0.35689200162887574,0.2117862045764923,0.12129612565040589,0.0398712657392025,0.08768530189990997,0.0027400692459195854,0.25159276253543794
459,0.3815081775188446,0.22803597450256347,0.12717390805482864,0.04645741060376167,0.08809679448604583,0.009986348822712899,0.3764366924762726,0.23019656538963318,0.12098366022109985,0.04168793484568596,0.08780728578567505,0.0032344658859074114,0.25371334673836826
460,0.37660064101219176,0.22241212725639342,0.12793131321668624,0.0449374794960022,0.08941598981618881,0.009810954891145229,0.35996621251106264,0.21180961430072784,0.12425495982170105,0.03820765838027,0.09058171510696411,0.0029863920994102956,0.2560307254083455
461,0.3697840929031372,0.22548713386058808,0.11929703205823898,0.04422159716486931,0.08275583386421204,0.009103018045425414,0.35502477884292605,0.21228362023830413,0.122056645154953,0.034950080513954165,0.08747696727514268,0.00293034496717155,0.24741403791122138
462,0.3778834521770477,0.22468843162059784,0.12404078990221024,0.05305463522672653,0.0857942208647728,0.009153099358081817,0.3756517469882965,0.21909914016723633,0.1316862016916275,0.041533470153808594,0.09516451209783554,0.002788759395480156,0.2711729433387518
463,0.38446282148361205,0.22814248502254486,0.12618816494941712,0.05478394404053688,0.08718977421522141,0.00970535222440958,0.37384231090545655,0.22638359367847444,0.12698842585086823,0.032157080620527266,0.09213669300079345,0.002867361856624484,0.25414956132881344
464,0.39203789830207825,0.23611147105693817,0.12491588145494462,0.056062962859869,0.08682300746440888,0.008992918394505977,0.3698712229728699,0.22722976803779601,0.1231872171163559,0.03008107841014862,0.08949819058179856,0.0028663062024861575,0.24563279231078922
465,0.3796960711479187,0.22684950828552247,0.12565929293632508,0.04971025437116623,0.08640703856945038,0.009716546721756458,0.36927526593208315,0.2170809268951416,0.12222886085510254,0.0525819331407547,0.08807588666677475,0.0028970557730644943,0.26578373643569647
466,0.40066711902618407,0.2356533080339432,0.13573717474937438,0.05185384750366211,0.09416427165269851,0.010503622330725193,0.3782873094081879,0.22561633586883545,0.12686337828636168,0.0442378357052803,0.09149291515350341,0.002500307932496071,0.26509443707764146
467,0.38149739503860475,0.2241382896900177,0.12723282873630523,0.05478532686829567,0.08789021223783493,0.009765958413481712,0.3546361744403839,0.19427199065685272,0.1347849428653717,0.04461042881011963,0.09648972004652023,0.0028343971353024244,0.278719488857314
468,0.38692432045936587,0.22778353691101075,0.12806120812892913,0.05660906136035919,0.08872729539871216,0.00922645702958107,0.36658148765563964,0.21534612774848938,0.1256049692630768,0.04404503107070923,0.09042432308197021,0.002767544938251376,0.2628418683540076
469,0.3788244783878326,0.22404277324676514,0.12460150122642517,0.05435369461774826,0.0865977644920349,0.009066595509648324,0.3510416269302368,0.20687570571899414,0.11702261567115783,0.046407516300678256,0.08468771427869796,0.002919149771332741,0.2510369960218668
470,0.371768856048584,0.21955910325050354,0.1241924837231636,0.0503869891166687,0.08592502623796464,0.009583736583590508,0.37705800533294676,0.22220693230628968,0.13085055649280547,0.03908096253871918,0.09495955407619476,0.002739663841202855,0.26763073694892225
471,0.37316714525222777,0.2279039591550827,0.1198051393032074,0.04347396641969681,0.0838396355509758,0.009362558647990227,0.3490512788295746,0.20595991909503936,0.12259953320026398,0.030618052929639816,0.08993950486183167,0.002657422097399831,0.2458145130891353
472,0.37217516303062437,0.2144019216299057,0.12749465554952621,0.05487208738923073,0.0882443681359291,0.00961106177419424,0.33990529775619505,0.20299469530582429,0.11764616221189499,0.028460051119327544,0.08611778765916825,0.0031723297201097012,0.23539633071050048
473,0.3767095863819122,0.22244231402873993,0.12469504773616791,0.05347000658512115,0.0864515796303749,0.00918045975267887,0.3704737901687622,0.22040268778800964,0.1243937447667122,0.04267721176147461,0.09028079807758331,0.002833909448236227,0.2601856640540064
474,0.3774960219860077,0.22706209421157836,0.12389773726463318,0.04547498747706413,0.08678847402334214,0.009346563555300235,0.347092604637146,0.20192101001739501,0.12332359254360199,0.03646761104464531,0.08884343653917312,0.0027432032860815526,0.251377843413502
475,0.3727680087089539,0.22026134431362152,0.12553337812423707,0.04787805303931236,0.0871395230293274,0.009420250356197358,0.3585138976573944,0.20440438985824586,0.13011398911476135,0.038914953172206876,0.09443335235118866,0.0029612235724925996,0.2664235182106495
476,0.36862426400184634,0.22028268575668336,0.12519627511501313,0.03992390930652619,0.08695847541093826,0.00965564027428627,0.35566731095314025,0.20925391912460328,0.12662603259086608,0.03139213398098946,0.09156630635261535,0.0029080240055918694,0.25249249693006276
477,0.36713457107543945,0.22165753543376923,0.12094903886318206,0.04252570942044258,0.08437337726354599,0.008890261687338353,0.34170334339141845,0.21292595267295839,0.11133847236633301,0.026593273878097533,0.08096079975366592,0.0027960495091974734,0.22168859550729397
478,0.38098966479301455,0.22875903248786927,0.12525561153888704,0.046687988191843034,0.08734454065561295,0.009913516230881214,0.3739593863487244,0.23696878254413606,0.11822290569543839,0.02736319452524185,0.08679555058479309,0.0026164234615862368,0.2349980742670596
479,0.38494051098823545,0.234626841545105,0.12298345118761063,0.04842914342880249,0.08557563126087189,0.009071050956845284,0.38054115176200864,0.23009780645370484,0.12826570570468904,0.034421855211257936,0.09373058527708053,0.002555257175117731,0.2589734033681452
480,0.3675339102745056,0.22059458196163179,0.12134146690368652,0.04334826543927193,0.08493090271949769,0.009829624556005001,0.37991182804107665,0.234207484126091,0.12020472288131714,0.04341683611273765,0.08686746805906295,0.002667563920840621,0.2531565909739583
481,0.37031698822975156,0.21994147300720215,0.12401196658611298,0.0461581900715828,0.08634984940290451,0.00935744196176529,0.3528440773487091,0.19774167537689208,0.13173225224018098,0.03949565812945366,0.09461210370063781,0.0030569998081773518,0.26889701387844983
482,0.36463083028793336,0.21651923060417175,0.12330572158098221,0.043199391290545466,0.08599917143583298,0.008802518248558044,0.3528407633304596,0.21220992803573607,0.11832326799631118,0.03434251509606838,0.08658555746078492,0.0034425560384988784,0.24269389659166335
483,0.3847582459449768,0.22698947489261628,0.1265024721622467,0.05684657767415047,0.08785604387521743,0.00884673949331045,0.3836371421813965,0.2353149652481079,0.1263548970222473,0.03341402560472488,0.09251539558172225,0.002983244461938739,0.2552675626706332
484,0.3689454019069672,0.2192269116640091,0.1243484616279602,0.04423901960253716,0.08654419630765915,0.009375592134892941,0.3537014782428741,0.21315872371196748,0.11960318833589553,0.031674076616764066,0.08778575211763381,0.0025975310243666174,0.24166054809466
485,0.375289523601532,0.2236768901348114,0.1253258615732193,0.04609731510281563,0.08733274787664413,0.009083690494298935,0.34990715980529785,0.21455394327640534,0.11350026726722717,0.03347340524196625,0.08356117904186249,0.0025131038390100004,0.2330479553900659
486,0.3716368734836578,0.2231108218431473,0.12325446158647538,0.042711082845926285,0.08630789816379547,0.009715684317052364,0.3567057609558105,0.21306191086769105,0.12606528997421265,0.025142241269350052,0.09208300709724426,0.00292530688457191,0.24621584522537887
487,0.3699547708034515,0.2159094452857971,0.12502471208572388,0.05102832764387131,0.08729227781295776,0.009328676201403142,0.3812887787818909,0.22221734821796418,0.13106257021427153,0.04909953325986862,0.09400837272405624,0.0029863080009818075,0.2771567841991782
488,0.3803718388080597,0.22517703771591185,0.1274558424949646,0.04970506429672241,0.0883164644241333,0.009472628682851791,0.33691365718841554,0.19653795659542084,0.11965390741825103,0.032519561052322385,0.08717243075370788,0.0026182965375483036,0.2419641957618296
489,0.3728757917881012,0.21315377354621887,0.1313982143998146,0.05094007477164268,0.09112524539232254,0.009268190898001193,0.37180455327033995,0.22050895690917968,0.13010300397872926,0.033659428358078,0.09425799697637557,0.002942426595836878,0.2609628559090197
490,0.3831183135509491,0.22982149720191955,0.12561676800251007,0.04995578080415726,0.08705111593008041,0.008956960588693618,0.3873097002506256,0.23034420013427734,0.13555340170860292,0.03523804247379303,0.0975104734301567,0.0029249202460050585,0.27122683785855767
491,0.37467546463012696,0.2247101366519928,0.1258225828409195,0.04154281467199326,0.08787822872400283,0.008922261744737625,0.3618217587471008,0.21526167392730713,0.12351935803890228,0.03753030002117157,0.08952721059322358,0.003029778366908431,0.25360664702020586
492,0.37543621063232424,0.22523353695869447,0.12348421216011048,0.04570840522646904,0.08654225766658782,0.009402352944016456,0.36573705077171326,0.21953865885734558,0.12813494652509688,0.027625465393066408,0.09262881129980087,0.0032908983062952756,0.2516801215242594
493,0.3664900720119476,0.22433544397354127,0.11749640256166458,0.04127031452953815,0.08234443664550781,0.009815275855362415,0.3534673869609833,0.2132000744342804,0.12044843435287475,0.033538448810577395,0.08645363301038742,0.002274798322468996,0.24271531449630857
494,0.38527463674545287,0.23179410099983216,0.12572195529937744,0.04830793589353562,0.08789171874523163,0.009295677952468395,0.3609174132347107,0.21435532569885254,0.1233119398355484,0.03924227803945542,0.08893211334943771,0.002538076788187027,0.25402440801262854
495,0.3790219366550446,0.21831946969032287,0.13315315693616867,0.04962180703878403,0.0922963872551918,0.009123097732663154,0.3280207455158234,0.20195771157741546,0.10832482427358628,0.026575516164302825,0.0791422113776207,0.0028390408493578433,0.21688159266486765
496,0.3781076788902283,0.22369389235973358,0.1239630788564682,0.0558763638138771,0.08566980063915253,0.009042193740606308,0.3384337365627289,0.19792923629283904,0.12037343233823776,0.03173120468854904,0.08739005178213119,0.0028419954236596824,0.24233668423257768
497,0.3727189779281616,0.2266602098941803,0.12068024426698684,0.04316180571913719,0.08457444608211517,0.00924836453050375,0.3579788565635681,0.20848990082740784,0.12732109427452087,0.03712474405765533,0.09160436689853668,0.0028146839700639247,0.25886488920077677
498,0.3748694837093353,0.22149161994457245,0.1264249563217163,0.049004966765642165,0.08728467673063278,0.00915803425014019,0.36017918586730957,0.21288492977619172,0.12311159074306488,0.040152379870414735,0.08922274261713029,0.0026546243112534284,0.2551413375418633
499,0.37171940207481385,0.22759928703308105,0.11936376541852951,0.043933918327093126,0.08265966027975083,0.009210874699056149,0.36096911430358886,0.2168390691280365,0.11850738823413849,0.042088243365287784,0.08645822703838349,0.002688645664602518,0.2497425043024123
500,0.3643612086772919,0.21739558279514312,0.12323532700538635,0.0394944541156292,0.08666198700666428,0.00896454630419612,0.3760840654373169,0.23146894574165344,0.12246321439743042,0.0373591959476471,0.08813157826662063,0.002662439038977027,0.25061642765067516
501,0.36794520616531373,0.21560491919517516,0.12428168803453446,0.049679949134588244,0.08642313331365585,0.009481663443148136,0.37739297151565554,0.22421908378601074,0.13130601942539216,0.036062195897102356,0.09457597583532333,0.002937506465241313,0.2648816976230592
502,0.3731576561927795,0.22514594793319703,0.12284466922283173,0.043895579129457477,0.08529974967241287,0.009776932932436467,0.358258581161499,0.2051393687725067,0.13182371854782104,0.03316829204559326,0.09585884660482406,0.0028228136710822583,0.26367367086932064
503,0.3799910664558411,0.23419386744499207,0.1215437114238739,0.04005449414253235,0.08552495092153549,0.009454684238880873,0.3734517216682434,0.22803653478622438,0.12881423830986022,0.021038060635328294,0.09507075995206833,0.002952823741361499,0.24787588263861834
504,0.3664588689804077,0.21888094544410705,0.12097541391849517,0.04702169522643089,0.08399619162082672,0.009445646032691001,0.34814156889915465,0.20369542241096497,0.12735477089881897,0.025039558112621308,0.09258413761854171,0.0028394685592502355,0.24781793518923226
505,0.36951682567596433,0.22064974904060364,0.12471240162849426,0.04131080396473408,0.08704173862934113,0.009390507824718952,0.35794894099235536,0.2066108226776123,0.12798480987548827,0.037513970583677295,0.0930481418967247,0.0028438510373234747,0.26139077339321376
506,0.37670367360115053,0.22935036718845367,0.12222180366516114,0.043019724637269975,0.08527856171131135,0.00974587295204401,0.3475811004638672,0.21215102672576905,0.11587134301662445,0.03006706163287163,0.08452468663454056,0.0027761234901845454,0.2332392147742212
507,0.3630760431289673,0.21648148596286773,0.1209343820810318,0.0432063989341259,0.08509889990091324,0.009030335396528245,0.3797645032405853,0.2311869740486145,0.12794130444526672,0.03457016795873642,0.09187475442886353,0.0025882801041007043,0.25697450693696744
508,0.3693301737308502,0.217635577917099,0.12355692088603973,0.048954495787620546,0.08649555146694184,0.00913678277283907,0.3605018496513367,0.2152150332927704,0.12421517372131348,0.03382465466856956,0.09009363502264023,0.002540729567408562,0.2506741929799318
509,0.37447298765182496,0.2249239981174469,0.12421128153800964,0.043866684287786485,0.08661097437143325,0.009353246167302131,0.3321847081184387,0.19506686329841613,0.11816341280937195,0.026626808941364287,0.0873707339167595,0.0024617415852844714,0.2346226972527802
510,0.36371233463287356,0.21515346467494964,0.12207310795783996,0.04515467658638954,0.08558717221021653,0.009431046061217785,0.34112008213996886,0.20846499800682067,0.11462360024452209,0.025620660930871963,0.08438525050878525,0.00268107196316123,0.2273105836473405
511,0.36792524456977843,0.2251866042613983,0.12208761125802994,0.03449363932013512,0.08521649986505508,0.009122548997402192,0.35185898542404176,0.2143544912338257,0.11604560613632202,0.03309725970029831,0.0849578246474266,0.0029609153978526594,0.2370616058818996
512,0.3665487468242645,0.22042709589004517,0.12143400311470032,0.041914649307727814,0.08493084162473678,0.00950817670673132,0.34300352931022643,0.20637328028678895,0.11724722683429718,0.027698931843042375,0.08651331961154937,0.0027332605328410863,0.23419273882173003
513,0.3571604907512665,0.21430207490921022,0.12142184376716614,0.036265311390161516,0.08463111817836762,0.009170213341712951,0.3603816986083984,0.20382174849510193,0.13344400525093078,0.03711297065019607,0.09684202522039413,0.002820620127022266,0.27021962124854326
514,0.3645109891891479,0.21576614379882814,0.12654392570257186,0.03742294944822788,0.08838140368461608,0.009221970476210118,0.32711648344993594,0.18858059942722322,0.11905453503131866,0.029204221069812776,0.08718985021114349,0.002568936534225941,0.23801754284650087
515,0.36507784128189086,0.22269610166549683,0.11896252632141113,0.03940273001790047,0.08350904881954194,0.008706392720341682,0.3500735521316528,0.21580416858196258,0.11138484925031662,0.03638618588447571,0.08164931833744049,0.0025288487784564497,0.23194920225068927
516,0.3656534969806671,0.21905857026576997,0.124022576212883,0.037754515558481215,0.08693713545799256,0.008934409916400909,0.3687136709690094,0.2281640887260437,0.12278138399124146,0.025563088059425355,0.08984557092189789,0.0027201564982533453,0.24091019947081804
517,0.36871030926704407,0.21783129572868348,0.126034939289093,0.0435413870960474,0.08784012645483016,0.008644271083176136,0.3616641938686371,0.21799609065055847,0.12453720569610596,0.029437459260225295,0.09048760831356048,0.002751440880820155,0.2472137141507119
518,0.3672314703464508,0.22186799645423888,0.1207260400056839,0.044138377904891966,0.08358993232250214,0.008716345950961112,0.35670135021209715,0.20695697665214538,0.12485557198524475,0.04109468460083008,0.09071694910526276,0.002558579808101058,0.25922578549943864
519,0.357728111743927,0.2145511031150818,0.11896254122257233,0.040981744229793546,0.08336832523345947,0.009072626009583473,0.3473826587200165,0.20377035737037658,0.12079840749502183,0.03488227725028992,0.08884808719158173,0.002708905702456832,0.2472376776393503
520,0.36550986766815186,0.2246678054332733,0.11839807778596878,0.03703965581953526,0.08314476162195206,0.00914511140435934,0.341737824678421,0.20738407075405121,0.11434902399778366,0.029765263199806213,0.08403555303812027,0.0028271429240703584,0.2309769831597805
521,0.3689598858356476,0.2207733780145645,0.12165891528129577,0.04683009758591652,0.08461230844259263,0.009153701364994049,0.3587916910648346,0.21908536553382874,0.12271869480609894,0.023778819292783738,0.0899618312716484,0.002598634362220764,0.23905797973275186
522,0.3696606993675232,0.22755031585693358,0.11994320601224899,0.03746574781835079,0.08399036675691604,0.008510443102568387,0.35909096002578733,0.2153822362422943,0.12120767831802368,0.03526164144277573,0.08860686421394348,0.002771834284067154,0.24784801825881006
523,0.37181352972984316,0.22454086542129517,0.122246852517128,0.04375528320670128,0.08525459915399551,0.008665908500552178,0.34159778356552123,0.20648402273654937,0.1182500496506691,0.02257723957300186,0.08721986263990403,0.0028256273362785578,0.23087277919985355
524,0.37689613103866576,0.22394831478595734,0.12704546749591827,0.04394716843962669,0.08922855705022811,0.009080083668231964,0.3431226432323456,0.20923798084259032,0.11567751169204712,0.026741314865648746,0.08477053493261337,0.0026005420368164778,0.2297899035271257
525,0.3654875934123993,0.21579671800136566,0.12371238470077514,0.045079197734594345,0.08649147897958756,0.00886521302163601,0.351645165681839,0.2111527681350708,0.11988735496997834,0.031337893754243853,0.08777575790882111,0.002703699003905058,0.24170470563694835
526,0.35902696251869204,0.21105406284332276,0.12244372814893723,0.04401433020830155,0.08562344014644623,0.009022935293614864,0.33925235867500303,0.1990908443927765,0.12091949582099915,0.02791018784046173,0.08878331482410431,0.00286811301484704,0.24048111150041224
527,0.36722445487976074,0.21741807460784912,0.12417333573102951,0.04417424649000168,0.08688115328550339,0.008965246938169002,0.34926521182060244,0.20947678685188292,0.12177988588809967,0.02457014098763466,0.08993308991193771,0.002590705221518874,0.23887382200919094
528,0.37047564387321474,0.22172752618789673,0.12591728568077087,0.03804415538907051,0.08835095465183258,0.008999745734035969,0.35116074681282045,0.20260673463344575,0.1276128590106964,0.0341371938586235,0.09218602776527404,0.002538798749446869,0.2564748793840408
529,0.3609183132648468,0.21666690707206726,0.12240759581327439,0.03666045293211937,0.08559842705726624,0.009001184813678264,0.35110762119293215,0.20520173907279968,0.12587099075317382,0.033069808036088943,0.09058343917131424,0.00256560230627656,0.25208984026685355
530,0.36535816788673403,0.2228683978319168,0.12019565254449845,0.037146730720996855,0.08432910293340683,0.008821495994925498,0.34930450320243833,0.20008996725082398,0.12784096598625183,0.030814910680055617,0.09439248293638229,0.0026557198725640774,0.2557040794752538
531,0.3653510808944702,0.22131491601467132,0.12109342515468598,0.03929436728358269,0.08460737764835358,0.008633918873965741,0.3506747603416443,0.21089139878749846,0.11906210035085678,0.03409229628741741,0.08595620691776276,0.0026559988968074323,0.24176660245284437
532,0.3612354636192322,0.21463246047496795,0.1221267119050026,0.04072277694940567,0.08596699237823487,0.009091517142951488,0.3323917806148529,0.19625842571258545,0.11501186341047287,0.03305149897933006,0.08408810645341873,0.0025398255325853824,0.23469129437580707
533,0.36414661407470705,0.22157182395458222,0.11929324269294739,0.03944344893097877,0.0834827646613121,0.008955844305455684,0.3611670136451721,0.20240617096424102,0.13580639362335206,0.03635475859045982,0.09880599677562714,0.002588842064142227,0.27355599105358125
534,0.3625374436378479,0.21448559165000916,0.12576495110988617,0.037628649920225146,0.08793594688177109,0.008930224366486073,0.33184061050415037,0.19426858127117158,0.12124304324388505,0.02123962938785553,0.08947346806526184,0.0027645953930914404,0.23472073609009386
535,0.3627833604812622,0.21161211729049684,0.12754424810409545,0.04026152342557907,0.08931151330471039,0.008664246834814548,0.3463508665561676,0.20534756779670715,0.11869608014822006,0.03652756959199906,0.08613627403974533,0.0024860126432031393,0.2438459364231676
536,0.3637283742427826,0.21789660155773163,0.12089091837406159,0.04244054183363914,0.08510974645614625,0.008086183201521635,0.3610849678516388,0.2068738102912903,0.13210952281951904,0.036453746259212494,0.09531501233577729,0.0025910682044923304,0.26646934961900115
537,0.3671388030052185,0.22310626804828643,0.12275033444166183,0.036673993617296216,0.08529485315084458,0.008938946761190891,0.36883211731910703,0.22344141006469725,0.12585870027542115,0.029470829665660857,0.09193538278341293,0.002405786560848355,0.2496706992853433
538,0.3671152591705322,0.2161547303199768,0.12634540796279908,0.042817671597003934,0.08823226988315583,0.008539461065083742,0.3587590277194977,0.20548142194747926,0.13409876674413682,0.02866862267255783,0.09768686592578887,0.002566950861364603,0.2630212062038481
539,0.3671264946460724,0.22252397537231444,0.12151414752006531,0.04031813181936741,0.08446416556835175,0.008812591433525085,0.34456161260604856,0.20655856728553773,0.11784404218196869,0.029052187502384186,0.0870076760649681,0.0027901130728423596,0.23669401882216332
540,0.35662187933921813,0.20872570276260377,0.12273048162460327,0.04421822726726532,0.08550865054130555,0.008648174908012151,0.3314335525035858,0.1915821462869644,0.11760317087173462,0.03474145531654358,0.08602443933486939,0.002938197320327163,0.24130726284347476
541,0.367478084564209,0.21816723346710204,0.12419847398996353,0.043160832673311236,0.08659656047821045,0.009685820154845714,0.3514948606491089,0.2074143946170807,0.12494868636131287,0.02810349464416504,0.09146096557378769,0.002707899268716574,0.24722104584798216
542,0.36168662309646604,0.22302137315273285,0.11717984825372696,0.035010751709342,0.08242558240890503,0.008950831554830074,0.3562112808227539,0.20746065080165862,0.12520719170570374,0.03768279924988747,0.0911035880446434,0.003108653100207448,0.2571022321004421
543,0.3699380338191986,0.22617151141166686,0.12080388814210892,0.038021743297576904,0.08516135066747665,0.00838282285258174,0.33647692799568174,0.2080461710691452,0.10952039211988449,0.02691667079925537,0.08106963559985161,0.00261668236926198,0.22012338088825345
544,0.3622126400470734,0.21311298608779908,0.12478785663843155,0.04125226475298405,0.08724945485591888,0.009469247795641423,0.3590819418430328,0.2202427476644516,0.1201395869255066,0.027042844891548158,0.08834524154663086,0.002326660277321935,0.23785433364100755
545,0.35359856486320496,0.2107680022716522,0.12012606859207153,0.037910456955432895,0.08404382765293121,0.009484226256608963,0.34356637597084044,0.21394293010234833,0.11156415194272995,0.025883131474256516,0.08207075148820878,0.002854718267917633,0.2223727531731129
546,0.3547395348548889,0.21654542088508605,0.11808610409498214,0.03255960457026959,0.08298741281032562,0.008752653561532497,0.3508427858352661,0.2039581596851349,0.12725717574357986,0.02926391363143921,0.09293325990438461,0.0028555973432958124,0.2523099466226995
547,0.3637396991252899,0.21894343495368956,0.12212924659252167,0.0389671802520752,0.08531114757061005,0.00840687844902277,0.34103275537490846,0.19297971725463867,0.1285218119621277,0.027717170119285584,0.09456221610307694,0.0026892377994954587,0.2534904359839857
548,0.3503279685974121,0.20602248907089232,0.12076889425516128,0.039543376117944715,0.08475186377763748,0.008878147788345813,0.34596837162971494,0.20905689001083375,0.12023726403713227,0.02364262193441391,0.08796570152044296,0.0026332180481404067,0.23447880554012954
549,0.36040427088737487,0.22077605724334717,0.1176446795463562,0.036214491724967955,0.08270923793315887,0.008795776776969433,0.33448088765144346,0.2004527121782303,0.11458231210708618,0.029046936333179472,0.08408335894346237,0.0026166081428527833,0.23032921552658078
550,0.3643711507320404,0.2184331387281418,0.12010717242956162,0.044709977507591245,0.08387980461120606,0.00917767472565174,0.34542720913887026,0.20568944215774537,0.12029595077037811,0.03011814020574093,0.08750414997339248,0.0027144527062773704,0.2406326936557889
551,0.36803933382034304,0.2225009322166443,0.12214982062578202,0.03919400870800018,0.08577173501253128,0.008811765164136887,0.3507011294364929,0.2130387842655182,0.11899651288986206,0.027816464006900788,0.08703508377075195,0.0025501773227006195,0.23639823799021542
552,0.36409619450569153,0.2187093824148178,0.12406593412160874,0.0346987783908844,0.0871242955327034,0.009233346953988076,0.3384812712669373,0.19858986735343934,0.12419403791427612,0.02092805951833725,0.09111969321966171,0.002623630128800869,0.23886542078107595
553,0.3651362359523773,0.22548645436763765,0.11781206727027893,0.03660934567451477,0.08260762244462967,0.008484650030732154,0.351847368478775,0.21071360111236573,0.12239966690540313,0.02758712098002434,0.08961293399333954,0.002518399013206363,0.24211812089197335
554,0.3713333666324615,0.2333783447742462,0.11687535047531128,0.03401042595505714,0.08227472901344299,0.009031179547309875,0.33683855533599855,0.20516197979450226,0.11593720614910126,0.02101587802171707,0.08536128252744675,0.002565477741882205,0.2248798444401473
555,0.3634547472000122,0.2234421670436859,0.11911416500806808,0.034908704459667206,0.08338288813829423,0.00860268659889698,0.3551086485385895,0.21883801519870758,0.1186915546655655,0.023098396509885787,0.08804532885551453,0.0026715668849647046,0.23250684691593052
556,0.36900762319564817,0.22648683488368987,0.12073007375001907,0.03653133362531662,0.08455484509468078,0.008703094534575939,0.34328257441520693,0.20847692489624023,0.11569882333278655,0.028646691143512724,0.08474873751401901,0.002559829130768776,0.23165408112108707
557,0.3644532740116119,0.21883821189403535,0.12278771549463272,0.03768556267023086,0.08637435734272003,0.00890401117503643,0.3407506883144379,0.2035272717475891,0.11920622289180756,0.026857280731201173,0.0870314046740532,0.0025037612766027452,0.23559866957366465
558,0.36179543733596803,0.2267128199338913,0.1134172335267067,0.03626936487853527,0.07965047508478165,0.008180729486048222,0.3552373588085175,0.21541891396045684,0.12175689488649369,0.02694254368543625,0.08887785524129868,0.0023556479252874853,0.2399329417385161
559,0.3624573707580566,0.21672364473342895,0.12370345890522003,0.03554009199142456,0.0872100055217743,0.009106604382395744,0.3362612187862396,0.21487393081188202,0.10307937264442443,0.026351270824670793,0.07629757970571518,0.002475644741207361,0.20820386791601778
560,0.35623600482940676,0.21769520044326782,0.11577140986919403,0.038012883812189105,0.0813126653432846,0.008725655265152454,0.340743488073349,0.21013653874397278,0.11629898101091385,0.017161039263010026,0.08607739806175232,0.002648348081856966,0.22218576641753315
561,0.3697354018688202,0.22297612726688384,0.12465110719203949,0.03711385652422905,0.08741432428359985,0.008481703326106071,0.3486466288566589,0.2178745150566101,0.11142503172159195,0.02867283523082733,0.08204435557126999,0.0024095600470900535,0.22455178257077932
562,0.37603393793106077,0.23110808730125426,0.12234587520360947,0.038395445048809054,0.0856955587863922,0.008322053961455822,0.32637215256690977,0.19621914625167847,0.11433229595422745,0.022509007155895232,0.0837189182639122,0.0021997663658112287,0.22275998773984612
563,0.36672276854515073,0.2197519838809967,0.12142926454544067,0.04340464547276497,0.08530724346637726,0.00883110798895359,0.3104782998561859,0.18257835507392883,0.11306876242160797,0.01991396173834801,0.08309305757284165,0.002323209773749113,0.21839899150654674
564,0.36893354058265687,0.22264182269573213,0.12237351387739182,0.03986211270093918,0.08611155599355698,0.008842629753053189,0.34835781455039977,0.21366228461265563,0.11323582977056504,0.03338844478130341,0.0829607293009758,0.0026746026240289213,0.23225960647687316
565,0.36427472829818724,0.215961754322052,0.12402517795562744,0.04110165536403656,0.08695302158594131,0.009003948234021664,0.3572861611843109,0.21330261826515198,0.12477427273988724,0.027881813049316407,0.09158251583576202,0.0025696159806102513,0.24680821760557592
566,0.3653524458408356,0.22153110802173615,0.1225045695900917,0.034862594306468965,0.08630053848028182,0.008345321100205184,0.3407593071460724,0.21319144666194917,0.11313358545303345,0.01971115991473198,0.08279491066932679,0.0024431766476482155,0.21808283268474044
567,0.36344674229621887,0.22211419939994811,0.11869034469127655,0.03803211525082588,0.08325832337141037,0.008627634681761264,0.33298144936561586,0.19507458806037903,0.12394612133502961,0.018630102276802063,0.09035480469465255,0.0026329061947762966,0.2355639345012605
568,0.35514265298843384,0.21962077915668488,0.11474773138761521,0.03464667163789272,0.08037334084510803,0.008502199314534664,0.35007893443107607,0.22027674317359924,0.10765956342220306,0.03491562455892563,0.07910778671503067,0.0023468011058866978,0.22402977580204608
569,0.35574503540992736,0.20800648331642152,0.12356550544500351,0.04212910011410713,0.08613233268260956,0.00868006246164441,0.3368856191635132,0.20482574105262757,0.11486090272665024,0.02495129406452179,0.08418975174427032,0.002340545039623976,0.2263424935750663
570,0.36411486864089965,0.2151474505662918,0.12528999000787736,0.039098475500941275,0.08820809423923492,0.009057755954563618,0.33496755361557007,0.20444419384002685,0.1116448163986206,0.027668243646621703,0.0822217658162117,0.002435079449787736,0.22396990531124175
571,0.3659619569778442,0.22132921516895293,0.12205054610967636,0.036644598841667174,0.08626769483089447,0.008568968810141086,0.34752644300460817,0.21242381930351256,0.1166368544101715,0.025094331800937654,0.08658038824796677,0.002459996286779642,0.23077157074585558
572,0.355901837348938,0.21505763828754426,0.12106123119592667,0.032039673253893855,0.0850020706653595,0.0087597893550992,0.35148433446884153,0.21754112243652343,0.11606179773807526,0.025712057203054427,0.0852478250861168,0.0025520298629999163,0.2295737098902464
573,0.3498172163963318,0.21301490664482117,0.11436540335416794,0.0366477232426405,0.08063097894191742,0.008844613656401634,0.3410131514072418,0.21124222576618196,0.1114696592092514,0.02636287361383438,0.08220087289810181,0.0023692947812378406,0.22240270050242542
574,0.3755041003227234,0.22820159196853637,0.12311737686395645,0.04046686068177223,0.0863236889243126,0.009525431133806706,0.3632782459259033,0.221722748875618,0.1239219918847084,0.02387162670493126,0.09141017645597457,0.0025823221541941164,0.24178611719980836
575,0.3604269504547119,0.21737918257713318,0.11799788475036621,0.043183868378400804,0.08266692906618119,0.008473839610815048,0.3506500720977783,0.21799006462097167,0.11763750463724136,0.018196922540664674,0.08733411878347397,0.0023403799626976252,0.22550892592407762
576,0.36064465045928956,0.22017207741737366,0.11931541264057159,0.03468564786016941,0.08405254930257797,0.008206410333514214,0.3429891884326935,0.21690157651901246,0.11239091455936431,0.01657334454357624,0.0831694945693016,0.002285454887896776,0.2144192085601389
577,0.35412223935127257,0.20928333401679994,0.1232728824019432,0.03553884029388428,0.08666745126247406,0.00855039358139038,0.32237318754196165,0.19098789095878602,0.11483065485954284,0.021835702657699584,0.08506249338388443,0.0023894172161817552,0.22411826811730862
578,0.3571468710899353,0.21837105751037597,0.1165621355175972,0.03636097460985184,0.08235215246677399,0.008186335023492575,0.3479099452495575,0.20967357754707336,0.12100079655647278,0.024347218126058577,0.08868217915296554,0.0027008728589862584,0.23673106669448316
579,0.3686504244804382,0.21976101398468018,0.12722987830638885,0.035792029649019244,0.08927984088659287,0.008861474879086017,0.33556334376335145,0.20927046835422516,0.11055069267749787,0.02291821241378784,0.08076833337545394,0.002250557951629162,0.2164877964183688
580,0.3623026967048645,0.22200487554073334,0.11818011403083802,0.03694225437939167,0.0828960195183754,0.008691634517163038,0.34712116718292235,0.2068867266178131,0.12288456857204437,0.024313750118017195,0.09011770635843278,0.002736298507079482,0.24005232355557382
581,0.3470179677009583,0.2046909064054489,0.12013525515794754,0.036508476734161376,0.08430154621601105,0.009326725639402867,0.3470039963722229,0.21383974552154542,0.11493930071592331,0.026213781163096427,0.08453927934169769,0.0025907124858349563,0.22828307370655238
582,0.3643346965312958,0.21504953801631926,0.1269258141517639,0.03657685369253159,0.08924631327390671,0.009181690961122512,0.3325323164463043,0.1985553175210953,0.11732688397169114,0.022494935989379884,0.08658645004034042,0.0023625251604244115,0.22877079516183585
583,0.3573863565921783,0.21840421855449677,0.11640646308660507,0.036914211511611936,0.08224747031927108,0.008389042504131795,0.34333263635635375,0.1976598620414734,0.12848255932331085,0.023791266605257988,0.09425007551908493,0.0024557379074394703,0.24897963935509324
584,0.35787688493728637,0.22115741074085235,0.11713303625583649,0.03109535835683346,0.08248676210641862,0.008862775284796953,0.34381226897239686,0.20680566430091857,0.11698972284793854,0.02889969348907471,0.08638076186180114,0.002697707526385784,0.2349678857252002
585,0.3688259422779083,0.2269665390253067,0.11966644823551179,0.03692087456583977,0.08399794399738311,0.008752703294157982,0.3374230623245239,0.197237029671669,0.12536248564720154,0.01952841058373451,0.09186760038137436,0.0023637211648747324,0.23912221777718515
586,0.3561754941940308,0.2174052804708481,0.11729369312524796,0.035443735867738725,0.08240926563739777,0.008627418242394925,0.3419047951698303,0.20649561583995818,0.11815697550773621,0.023618756234645842,0.08727359026670456,0.0021977578289806843,0.2312470798380673
587,0.3529964506626129,0.212809818983078,0.11877011805772782,0.03551700562238693,0.0833897739648819,0.008518297411501407,0.32746260762214663,0.19186438918113707,0.11664215624332427,0.026718803495168687,0.08616851419210433,0.0026941549032926558,0.23222362883388997
588,0.3477566301822662,0.21667422354221344,0.11129849404096603,0.032264812290668486,0.0782789945602417,0.008203645423054694,0.34521404504776,0.2179349660873413,0.11202668398618698,0.021787015348672868,0.08179754316806793,0.002450027037411928,0.21806126954033972
589,0.35526612401008606,0.21749327182769776,0.11910545229911804,0.02978674992918968,0.08386488854885102,0.00820740032941103,0.3228624701499939,0.19006070494651794,0.11825430542230606,0.017765436694025992,0.08733905404806137,0.0027591980528086425,0.22611799421720205
590,0.35846667885780337,0.21449821591377258,0.12174789607524872,0.03678232133388519,0.08549222201108933,0.008901789970695972,0.35434399247169496,0.21385855078697205,0.1230267658829689,0.022776567190885545,0.09121258854866028,0.0024412798695266245,0.23945720149204136
591,0.3658402502536774,0.22855466604232788,0.11719810217618942,0.033185433596372604,0.0820472553372383,0.008715449646115304,0.3394422888755798,0.19461220502853394,0.12698646038770675,0.024082746356725693,0.09369811415672302,0.002486660052090883,0.24725398095324636
592,0.3579867839813232,0.21700848937034606,0.12018847912549972,0.03403305336833,0.0846165731549263,0.008221601881086827,0.33234686255455015,0.19659290015697478,0.11688111573457718,0.029010112583637237,0.08516947627067566,0.002537770289927721,0.23359847487881777
593,0.3593848168849945,0.21745217740535736,0.12054313123226165,0.03491125851869583,0.08488000184297562,0.008585170283913613,0.32166828513145446,0.19082122147083283,0.1154283732175827,0.020972614735364915,0.08486910313367843,0.002157859085127711,0.22342795017175376
594,0.36284950375556946,0.21525097489356995,0.12178171128034591,0.04406035766005516,0.08552334904670715,0.008776217140257359,0.32563998699188235,0.20401881337165834,0.10620463043451309,0.02139539085328579,0.07811922580003738,0.0023572003468871118,0.20807644743472337
595,0.34920635223388674,0.21145118474960328,0.1140814483165741,0.03994623720645905,0.08022594749927521,0.008329195342957974,0.3602697730064392,0.22078390419483185,0.12308968007564544,0.02248728834092617,0.09047860950231552,0.0020917511312291024,0.23814732905011626
596,0.36655267477035525,0.22919535636901855,0.11838899105787277,0.030430030822753907,0.08325885385274887,0.008416862320154905,0.343622499704361,0.20812124907970428,0.11797083020210267,0.02378828339278698,0.08724253326654434,0.0024333147797733546,0.23143496164120733
597,0.3587040603160858,0.22083212435245514,0.11775825023651124,0.03251520171761513,0.08288697004318238,0.008499731309711933,0.3646755635738373,0.22850826680660247,0.12025235146284104,0.021134627610445024,0.08849591463804245,0.0025708867236971856,0.2324537804350257
598,0.35852391123771665,0.216764372587204,0.12231605499982834,0.030577544867992402,0.08632849007844925,0.008618667256087065,0.36081973314285276,0.21462007164955138,0.12530094385147095,0.03227743804454804,0.09151366949081421,0.0023924301844090224,0.2514844815712422
599,0.35089871287345886,0.21108546257019042,0.11976663172245025,0.03163461647927761,0.08477439284324646,0.008228904753923415,0.36067469120025636,0.22120603322982788,0.12228944003582001,0.024381329119205476,0.08971793353557586,0.0021830630488693715,0.23857176573947073
600,0.3531181633472443,0.20856444537639618,0.12308364659547806,0.03527653217315674,0.08648197799921035,0.008770946972072124,0.34468054175376894,0.19744957685470582,0.12786686420440674,0.026983065903186797,0.09438592046499253,0.002483613882213831,0.2517194644547999
601,0.3637895345687866,0.22441790997982025,0.11642087548971176,0.03764404095709324,0.08217832595109939,0.008612575568258762,0.3377962350845337,0.2025747239589691,0.11689429730176926,0.026306410133838654,0.08596470952033997,0.00258825677447021,0.2317536737304181
602,0.35274686813354494,0.21203072965145112,0.11873150914907456,0.036091674119234085,0.08352541774511338,0.008813566621392965,0.34952220916748045,0.20515693426132203,0.125074565410614,0.027602026611566542,0.09204192012548447,0.002499859849922359,0.2472183719975874
603,0.35834121108055117,0.2152968853712082,0.12340969443321229,0.03075319267809391,0.08683468550443649,0.009525330550968648,0.35074217319488527,0.20601846277713776,0.12879090011119843,0.0214831680059433,0.09429190158843995,0.0026323640253394843,0.24719833373092115
604,0.3629416048526764,0.21798517405986786,0.12099885791540146,0.0407934233546257,0.08471909910440445,0.008852401003241538,0.3434216380119324,0.21421301662921904,0.11674735993146897,0.014126114547252655,0.08626138865947723,0.002149889338761568,0.21928475247696042
605,0.3577994167804718,0.2146440327167511,0.12163316011428833,0.035678209364414216,0.08553744256496429,0.008222195133566857,0.3247259736061096,0.1965101331472397,0.11481069177389144,0.015703994035720825,0.08497622907161713,0.002361053926870227,0.21785196880809962
606,0.3657186567783356,0.21951059401035308,0.12411228865385056,0.03667365424335003,0.08726603388786316,0.008428801223635674,0.3416419506072998,0.19995831251144408,0.1222276359796524,0.027405043691396715,0.09022304266691208,0.0027244525961577894,0.242580174934119
607,0.3538538455963135,0.21174643635749818,0.11904929131269455,0.036863499134778974,0.08440593928098679,0.008887314796447754,0.34904214143753054,0.20190572142601013,0.12725234627723694,0.029052044451236724,0.09339330196380616,0.002603469416499138,0.25230116210877895
608,0.35670554637908936,0.21516200304031372,0.12025954872369767,0.03429146967828274,0.08488425314426422,0.008589213620871306,0.3110818982124329,0.17812926769256593,0.1189406931400299,0.01659026965498924,0.08801829814910889,0.002392418961971998,0.22594167990610003
609,0.36934894323349,0.22399284541606904,0.12294158041477203,0.03753310330212116,0.08645808398723602,0.008122435491532087,0.360287743806839,0.20982495844364166,0.12907367050647736,0.03176634907722473,0.09479331821203232,0.0026604510378092526,0.25829378883354365
610,0.3556370079517365,0.21887242496013642,0.1159174770116806,0.03316535167396069,0.08207139521837234,0.00833815559744835,0.34812750220298766,0.2143535554409027,0.11805369257926941,0.021694530546665192,0.08654752820730209,0.002407643711194396,0.2287033950444311
611,0.3603973865509033,0.2197537124156952,0.12109661251306533,0.03064575269818306,0.0856281727552414,0.0084091080352664,0.3322274684906006,0.20630012452602386,0.10931580066680908,0.022975363582372666,0.08070595860481262,0.0023474289570003747,0.21534455181099474
612,0.3485466778278351,0.216565403342247,0.11248983591794967,0.031111888587474823,0.07942233830690384,0.008140092715620995,0.34326350688934326,0.19942351281642914,0.1238838016986847,0.028900482505559922,0.09115783721208573,0.0026669451501220463,0.2466090665664524
613,0.3549801528453827,0.21690424680709838,0.11881820559501648,0.03011113256216049,0.08404626995325089,0.008321505691856145,0.3520364463329315,0.21325843334197997,0.11916495263576507,0.029993375390768053,0.087210713326931,0.0020528468303382397,0.23842188818380236
614,0.35760262608528137,0.21909653544425964,0.11798903048038482,0.0334916390478611,0.08288916200399399,0.008685991168022156,0.32455780506134035,0.202683424949646,0.10462617874145508,0.022214086167514323,0.07814752906560898,0.003079919423907995,0.2080677133984864
615,0.3560940444469452,0.21042875051498414,0.1217182770371437,0.039955266565084455,0.08558191508054733,0.008975624665617942,0.3346150517463684,0.20680406093597412,0.11024163663387299,0.02400335595011711,0.08175203949213028,0.002461960818618536,0.2184589928947389
616,0.3535268306732178,0.22323785126209258,0.11042125374078751,0.032596922293305394,0.07764037251472473,0.00805943226441741,0.33701849579811094,0.20975064039230346,0.11018552780151367,0.024597087502479555,0.08103358298540116,0.0022001740522682666,0.21801637234166263
617,0.3483040690422058,0.20860204994678497,0.11738018840551376,0.036876260116696355,0.08267942667007447,0.00842598769813776,0.32701956629753115,0.19334787726402283,0.11422244310379029,0.028116492182016374,0.08440946787595749,0.0023430766072124244,0.22909147976897656
618,0.3669270396232605,0.22095132768154144,0.12461611777544021,0.035509774833917616,0.08728855699300767,0.00886858906596899,0.33042709827423095,0.20262451171875,0.1118532046675682,0.020824982970952987,0.08286744803190231,0.0024166760966181757,0.21796231176704167
619,0.36136387586593627,0.2198241263628006,0.12071594893932343,0.033057980984449384,0.0856165498495102,0.007948556914925575,0.32235223054885864,0.19064079821109772,0.11389133036136627,0.024414871633052827,0.08438496738672256,0.0023790595587342978,0.22507022893987594
620,0.3477159023284912,0.20676109194755554,0.11928145587444305,0.03581932224333286,0.08374749571084976,0.008783010020852088,0.34832491278648375,0.20770481526851653,0.12043152004480362,0.02938399016857147,0.08882624059915542,0.0024310135282576083,0.24107276434078811
621,0.3461345434188843,0.21166581213474273,0.11564069539308548,0.030063782632350922,0.08142043352127075,0.008310483954846858,0.32738628387451174,0.19811530709266661,0.11532039046287537,0.016428042948246003,0.08561337739229202,0.002118578879162669,0.21948038968257608
622,0.35087759494781495,0.21583881080150605,0.11541554033756256,0.0306837297976017,0.08169174194335938,0.00845126025378704,0.3353947937488556,0.202064049243927,0.11573537290096284,0.025255119800567626,0.08509011268615722,0.0022311242297291755,0.2283117296174169
623,0.3535455346107483,0.20969896912574768,0.1217869609594345,0.037431609630584714,0.08525568693876266,0.00834747590124607,0.35757500529289243,0.22114787101745606,0.11872811913490296,0.024753922969102858,0.08751055300235748,0.002302927430719137,0.2332955225370824
624,0.355659145116806,0.22257836163043976,0.1121959701180458,0.034147787094116214,0.07896640747785569,0.008454232104122638,0.3497823655605316,0.21871575117111205,0.11462705135345459,0.02130865305662155,0.08517568558454514,0.0021212156862020493,0.22323260568082332
625,0.3627555549144745,0.22282424569129944,0.11742474138736725,0.03714777417480945,0.08280219286680221,0.008319513499736786,0.34028096199035646,0.2076003611087799,0.11702421307563782,0.020404662936925888,0.08643908202648162,0.0023297869600355627,0.22619774499908088
626,0.3558769941329956,0.21392195522785187,0.12126988768577576,0.033436049893498423,0.08540975749492645,0.008615731075406075,0.34460353255271914,0.21078596115112305,0.11935468018054962,0.018855496495962142,0.0875717744231224,0.0025291073136031626,0.22831105841323734
627,0.3492621719837189,0.21268932819366454,0.11629448235034942,0.032975229993462564,0.08180182725191117,0.00848762709647417,0.3609627723693848,0.22341829240322114,0.12084278762340546,0.022490774095058442,0.08916452974081039,0.002204337669536471,0.23470242912881079
628,0.3607088804244995,0.2203178197145462,0.11967785656452179,0.03254845067858696,0.08473718762397767,0.008690731506794691,0.3457512855529785,0.20633039772510528,0.11977861076593399,0.028985645622015,0.08805046826601029,0.002360065653920174,0.23917479030787944
629,0.3589411437511444,0.21175747215747834,0.12253224849700928,0.041699322313070296,0.08624356389045715,0.008326946571469308,0.3607776820659637,0.22159238755702973,0.11821765303611756,0.029408790916204453,0.08808508515357971,0.0023262353613972666,0.238037764467299
630,0.3557222902774811,0.21326736807823182,0.12317216545343398,0.030612009391188622,0.08667946308851242,0.00879452209919691,0.33851398229599,0.208145409822464,0.11288592666387558,0.023617564886808395,0.08371460884809494,0.002448526304215193,0.2226666267029941
631,0.36477901339530944,0.21818083226680757,0.1253683865070343,0.033845051378011706,0.08835435211658478,0.009276954270899297,0.3260701775550842,0.19227227568626404,0.11413458734750748,0.028852178156375884,0.08418307453393936,0.0023708938620984553,0.2295407338999212
632,0.36509808897972107,0.2268780618906021,0.11830950826406479,0.03173453845083714,0.08339392840862274,0.008664986677467823,0.34229406118392947,0.20633644461631775,0.12271934300661087,0.015632446110248565,0.0904383435845375,0.0022181259468197823,0.23100825864821672
633,0.3504297435283661,0.2128367692232132,0.11545651853084564,0.03527915365993976,0.08201252073049545,0.008259789273142814,0.3590745985507965,0.2186501741409302,0.12298721075057983,0.0229207094758749,0.09090053886175156,0.0029184082057327034,0.239726867293939
634,0.34538652896881106,0.20537257194519043,0.11915812045335769,0.03359597437083721,0.08398613631725312,0.008706006407737731,0.31457245349884033,0.19850657284259796,0.10149876177310943,0.01795390360057354,0.07575787454843522,0.0022035111207515,0.1974140510428697
635,0.3634672999382019,0.22005314826965333,0.12208463102579117,0.03544633090496063,0.08562058955430984,0.00861253049224615,0.34019315242767334,0.206684672832489,0.1139495387673378,0.02915429100394249,0.08384937345981598,0.0022426699753850697,0.22919587320648133
636,0.35970282554626465,0.22291397154331208,0.11573424488306046,0.033884477242827414,0.081754170358181,0.008430429361760616,0.3300708055496216,0.19912915229797362,0.11467005014419555,0.021161819249391554,0.08503424525260925,0.002313695335760713,0.22317980998195705
637,0.3574046313762665,0.2176935374736786,0.11796449273824691,0.03511735200881958,0.08343722373247146,0.008314615301787853,0.3421014308929443,0.20492752492427826,0.12246643453836441,0.019382186233997345,0.0898236557841301,0.0022981041111052036,0.23397038066759707
638,0.3578194737434387,0.21829230785369874,0.11825268864631652,0.034913205355405805,0.08333859741687774,0.00814038459211588,0.33906718492507937,0.20040070712566377,0.12354785799980164,0.018271452002227306,0.09139101058244706,0.002688460424542427,0.23589878100901843
639,0.35518789291381836,0.2091035157442093,0.12096182852983475,0.04271488524973392,0.08503194451332093,0.008516104146838187,0.34161288738250734,0.21310074627399445,0.11498162895441055,0.01476665772497654,0.08562046140432358,0.0025346812792122362,0.21790342936292292
640,0.35711857080459597,0.21194847226142882,0.12310866862535477,0.035554828122258186,0.08711281567811965,0.008368144929409026,0.33573347330093384,0.19561465382575988,0.12339077144861221,0.024876485019922255,0.08971546590328217,0.0023696675896644594,0.2403523899614811
641,0.3459954738616943,0.2089214950799942,0.1173549696803093,0.031034879758954047,0.08283206224441528,0.008794970251619816,0.3474540710449219,0.20755936205387115,0.12326363027095795,0.0210902601480484,0.09151595681905747,0.0021363217383623123,0.23800616897642612
642,0.3586901307106018,0.218605574965477,0.11935707181692123,0.03241608962416649,0.08460402637720107,0.008663396537303924,0.35218560695648193,0.21131720244884492,0.12204996049404145,0.026324594020843507,0.09016330242156982,0.0023195795714855195,0.2408574365079403
643,0.348652720451355,0.2083996444940567,0.11908259093761445,0.034817354008555415,0.08382924050092697,0.008225911669433117,0.33318367004394533,0.20538859069347382,0.11288841515779495,0.019612765312194823,0.0831209197640419,0.002503127884119749,0.2181252281181514
644,0.35382118821144104,0.21473450362682342,0.11893364191055297,0.03150775209069252,0.08415323346853257,0.008748714439570903,0.34178749322891233,0.19400129318237305,0.13241858780384064,0.01890084519982338,0.09754448384046555,0.002664264850318432,0.251528181694448
645,0.3527479350566864,0.2158193916082382,0.11786607950925827,0.030784301832318305,0.0827295184135437,0.008617589250206947,0.34706651568412783,0.20324076116085052,0.12528510093688966,0.027150144428014757,0.09173631221055985,0.0023221055045723913,0.24649366308003667
646,0.34151698350906373,0.21091855466365814,0.11020893305540085,0.03326612263917923,0.07782225757837295,0.007701068557798863,0.3571572482585907,0.21165861785411835,0.12690410912036895,0.027995160222053526,0.09250125139951706,0.0023214003071188928,0.24972192104905844
647,0.3541042566299438,0.21885865032672883,0.11663260459899902,0.029521545767784117,0.08197090178728103,0.008810382150113583,0.3497251093387604,0.21009077429771422,0.12373338043689727,0.02115878276526928,0.09097366780042648,0.002403097692877054,0.2382689286954701
648,0.36214499473571776,0.22267375588417054,0.11732295453548432,0.03600330948829651,0.08291812390089034,0.008386457711458207,0.3519658505916595,0.2131173014640808,0.12085500657558441,0.02772671654820442,0.08784199804067612,0.002216703165322542,0.23864042432978752
649,0.3643008828163147,0.21997682750225067,0.12107215970754623,0.038528962433338164,0.0852606624364853,0.008693171665072441,0.3298955738544464,0.20748765468597413,0.10797902643680572,0.017842530272901058,0.08022988736629486,0.0021576309576630593,0.2082090750336647
650,0.3418356478214264,0.20939970910549163,0.1129348948597908,0.03190502971410751,0.07941668629646301,0.007965668197721243,0.33650468587875365,0.1954917550086975,0.12475479990243912,0.02046922892332077,0.09223053902387619,0.002803369425237179,0.24025793727487327
651,0.3464535117149353,0.20859688222408296,0.1195879876613617,0.029210709035396576,0.08393785357475281,0.00859259134158492,0.3331127405166626,0.1989935040473938,0.11747122406959534,0.022818698734045028,0.08655550181865693,0.0022825159830972552,0.22912794060539454
652,0.344881671667099,0.20666230320930482,0.1185204803943634,0.03102881759405136,0.08354952335357665,0.00899820439517498,0.3465907335281372,0.2048327535390854,0.11903917789459229,0.03670152351260185,0.08668467849493026,0.00252697728574276,0.24495235718786718
653,0.3433025717735291,0.21229688823223114,0.11180899441242217,0.030770972743630408,0.07884164601564407,0.00808964679017663,0.3476756691932678,0.20815503597259521,0.1205046147108078,0.02805192917585373,0.08836384564638138,0.0024485633708536624,0.23936895290389656
654,0.3449079155921936,0.2111315220594406,0.11304602473974228,0.03396267518401146,0.07950855642557145,0.00843171738088131,0.3400657713413239,0.19442594945430755,0.12607998996973038,0.028545494377613067,0.09258761405944824,0.002388643566519022,0.2496017419733107
655,0.34971046447753906,0.2060513198375702,0.12454941421747208,0.03022310771048069,0.0878225401043892,0.008400592021644115,0.33814157247543336,0.20731624364852905,0.11348202228546142,0.02400681935250759,0.08378508687019348,0.002480571065098047,0.22375449957326055
656,0.3532113492488861,0.20877717733383178,0.1224865585565567,0.03695148155093193,0.08578109592199326,0.008578421082347631,0.3510510206222534,0.216414213180542,0.11801517754793167,0.021962163969874382,0.08729153722524643,0.0023990482091903686,0.22966792695224286
657,0.35159740447998045,0.21226471066474914,0.11963971257209778,0.03188534565269947,0.0842837154865265,0.008035959862172603,0.3434110641479492,0.21366171538829803,0.1151968777179718,0.01909521371126175,0.08476459383964538,0.0021951903589069845,0.2212518756277859
658,0.35442325472831726,0.20986249446868896,0.12366166859865188,0.0338693268597126,0.08701264709234238,0.008787360787391663,0.346752405166626,0.2039336532354355,0.11919251978397369,0.03736465647816658,0.0874483734369278,0.002325736451894045,0.24633128615096211
659,0.3593829035758972,0.21553456783294678,0.12177655845880508,0.03610273450613022,0.08583955317735673,0.008561092801392079,0.34291608929634093,0.217459973692894,0.11136620938777923,0.017314554564654826,0.08251935243606567,0.0021740575088188053,0.21337417389731853
660,0.3580746591091156,0.21670557260513307,0.11923570185899734,0.03632079362869263,0.08399582952260971,0.008605374395847321,0.35814507603645324,0.21198378801345824,0.13061944544315338,0.02227671109139919,0.09492003023624421,0.0022926318924874067,0.25010881866328416
661,0.34346830248832705,0.20655633211135865,0.1175955817103386,0.03122376389801502,0.08244197815656662,0.008948560431599617,0.33595865964889526,0.1967766374349594,0.1247986912727356,0.016910326853394508,0.09232730269432068,0.0023998408112674953,0.23643616163171827
662,0.3525146126747131,0.21425758302211761,0.11993553191423416,0.028083636611700057,0.08471467494964599,0.008799657039344311,0.3539774715900421,0.2114254802465439,0.12430635094642639,0.025365932285785674,0.09167954921722413,0.0022439789958298207,0.24359581144526601
663,0.36364245414733887,0.2215202659368515,0.12191948890686036,0.03198388032615185,0.08602402955293656,0.008825903013348579,0.3388757884502411,0.20646727681159974,0.11639341562986374,0.021550037339329718,0.08579960167407989,0.0022897164802998305,0.2260327711235732
664,0.34902955293655397,0.21138812899589537,0.11788442581892014,0.03219017945230007,0.08297094553709031,0.008025150466710328,0.34647945165634153,0.21685515940189362,0.1129268154501915,0.023145819455385207,0.08337987512350083,0.001983595406636596,0.2214361054357141
665,0.354509437084198,0.2163634717464447,0.11848894357681275,0.03066975064575672,0.08380270600318909,0.008654231391847133,0.35435170531272886,0.2189067482948303,0.11994131803512573,0.020553647726774215,0.08832792490720749,0.002144522499293089,0.23096741316840053
666,0.3456858813762665,0.2047822207212448,0.11956827789545059,0.03585629537701607,0.08371694386005402,0.008470211923122407,0.35031393766403196,0.20784560441970826,0.1228746235370636,0.0287937693297863,0.09029322862625122,0.00228959652595222,0.24425121801905336
667,0.3458572328090668,0.20214584171772004,0.1219890221953392,0.035251404345035556,0.08608679175376892,0.00850544972345233,0.3250466763973236,0.19124858379364013,0.1175750434398651,0.02141947951167822,0.08691245764493942,0.0022584731224924324,0.22816545371897518
668,0.34288708567619325,0.20384238362312318,0.11912628561258316,0.030907586961984635,0.08420516103506089,0.009119643084704875,0.33257487416267395,0.20349953770637513,0.11235515773296356,0.02348119542002678,0.08278808742761612,0.0021002744091674686,0.22072471498977392
669,0.34781281352043153,0.21187284588813782,0.11464688777923585,0.035649354383349416,0.08038668930530549,0.008336357027292251,0.32682313323020934,0.19927941858768464,0.11325420439243317,0.018644846975803375,0.08329866081476212,0.002365906978957355,0.21756361916195602
670,0.3458719849586487,0.21014326214790344,0.11564255207777023,0.030865254625678063,0.08218212872743606,0.008552995324134827,0.3460000276565552,0.19879844188690185,0.12957940399646758,0.02526216357946396,0.09477616250514984,0.002301276056095958,0.2519190061371773
671,0.3531706094741821,0.21173435747623442,0.11987427026033401,0.035699383914470674,0.08436636924743653,0.008144734986126423,0.3377583742141724,0.2060313642024994,0.11229418218135834,0.028774244710803032,0.08278671652078629,0.0021622272673994304,0.22601737068034708
672,0.35662763714790346,0.21385881900787354,0.12175774723291397,0.03343468233942985,0.08603101223707199,0.008732837066054345,0.34691468477249143,0.20712912380695342,0.12619436383247376,0.015749240666627883,0.09313685446977615,0.0022894334979355335,0.23736989246681334
673,0.35572484135627747,0.21604591012001037,0.1220135971903801,0.027350012958049775,0.08618685454130173,0.00803246172145009,0.3599791467189789,0.22227805256843566,0.11844968646764756,0.029317977279424666,0.08657884448766709,0.002320921001955867,0.23666742923669518
674,0.3442241370677948,0.20535235702991486,0.11910585463047027,0.032907354086637496,0.08338533490896224,0.008252554945647717,0.32729803323745726,0.19946207702159882,0.1121805265545845,0.01879754662513733,0.08389972895383835,0.002208211924880743,0.2170860140584409
675,0.36157880425453187,0.22071609795093536,0.12105542272329331,0.03125721290707588,0.0855886846780777,0.0083219600841403,0.3508341431617737,0.21273182928562165,0.12210365086793899,0.02270587645471096,0.08924938589334488,0.002172242198139429,0.23623115541413428
676,0.3425803542137146,0.202748042345047,0.12009956240653992,0.030214904621243478,0.0849701777100563,0.009312036074697971,0.35119640827178955,0.20902470350265503,0.125658056139946,0.02157520316541195,0.092768394947052,0.0022957028821110727,0.242297357134521
677,0.33947573900222777,0.20357578992843628,0.11610201597213746,0.03249429240822792,0.08155134618282318,0.008177141845226287,0.3582892298698425,0.2261098712682724,0.11543650031089783,0.023840346187353135,0.08466116636991501,0.002417688420973718,0.22635570128913973
678,0.35933578610420225,0.21803861558437349,0.12072493731975556,0.03326135538518429,0.08529339730739594,0.0078890111297369,0.34850850105285647,0.2106392800807953,0.12019913792610168,0.024217040091753007,0.08877543658018112,0.0023138301447033884,0.2355054447427392
679,0.3400338888168335,0.2078222543001175,0.11224649250507354,0.03267565928399563,0.07891370356082916,0.008215388283133507,0.3345875382423401,0.20458220243453978,0.11588366627693177,0.01735536605119705,0.08563999384641648,0.0023063231259584428,0.22118534930050374
680,0.3513032793998718,0.21916086673736573,0.11372804939746857,0.02962251827120781,0.08007166087627411,0.007852658350020646,0.34316518902778625,0.20794631838798522,0.1215084046125412,0.015824048593640328,0.08994187265634537,0.0022810629568994047,0.2295553888194263
681,0.3590630829334259,0.22011391818523407,0.1197547048330307,0.029952650144696235,0.0846083328127861,0.008595205843448639,0.3316406786441803,0.2014792561531067,0.11591944992542266,0.016861413046717642,0.08609921187162399,0.002139202877879143,0.22101927772164345
682,0.35765972137451174,0.21946960389614106,0.1180593341588974,0.031694556772708896,0.0836125835776329,0.008281113766133785,0.3399176597595215,0.19767531454563142,0.12390044182538987,0.028663261979818343,0.08970545083284379,0.002587816724553704,0.2448569713626057
683,0.3547080934047699,0.21289199590682983,0.11792860627174377,0.039275001361966135,0.08341591656208039,0.008460209146142006,0.350333160161972,0.21973273158073425,0.11569514274597167,0.018148629181087016,0.0860083356499672,0.0020231132162734865,0.22187522079329938
684,0.34701149463653563,0.20428791642189026,0.12088569700717926,0.03527749367058277,0.08536454141139985,0.008636446297168731,0.3369824826717377,0.208500736951828,0.11274970173835755,0.020302077382802965,0.08357852548360825,0.002318151481449604,0.21894845608621835
685,0.3395073413848877,0.203869292140007,0.11717002242803573,0.02881226986646652,0.08259849548339844,0.008706030808389187,0.3307344734668732,0.20717428326606752,0.10807236880064011,0.019528385251760483,0.0804529458284378,0.0023033577017486095,0.210357057582587
686,0.3477847695350647,0.21336641609668733,0.1151516854763031,0.03049516715109348,0.0814008891582489,0.008060942031443119,0.3299643099308014,0.1982600599527359,0.11306466162204742,0.027195508405566216,0.08333385288715363,0.0021331414114683866,0.22572716432623566
687,0.3564407706260681,0.21511309444904328,0.11853840798139573,0.037512491643428805,0.08360092341899872,0.00852246880531311,0.3494150936603546,0.21713090240955352,0.11650899648666382,0.020770885795354844,0.08609626144170761,0.002124479040503502,0.22550062276422977
688,0.3531854867935181,0.2119901031255722,0.11904424130916595,0.03629923164844513,0.08398781269788742,0.00836171004921198,0.32864331007003783,0.19241563975811005,0.12115198075771332,0.018982848152518272,0.08946167379617691,0.0023225236684083937,0.23191902637481693
689,0.34893357157707217,0.2100355178117752,0.11693485826253891,0.03616434894502163,0.08242345750331878,0.008279897645115853,0.3181868135929108,0.18893736004829406,0.11500231623649597,0.01660927291959524,0.08553126305341721,0.00228215369861573,0.21942500590812417
690,0.3560607671737671,0.21519589126110078,0.11932926326990127,0.035622980818152426,0.08381958454847335,0.008587518986314536,0.33541467785835266,0.20084955394268036,0.11913201808929444,0.021848655492067336,0.08699312210083007,0.002270180033519864,0.2302439757157117
691,0.36336421966552734,0.22234783172607422,0.11949470788240432,0.03525143899023533,0.08398721069097519,0.008887597545981406,0.3529285967350006,0.21084227561950683,0.12370884269475937,0.02499089241027832,0.09147328585386276,0.0025122938212007286,0.2426853147801012
692,0.3521230697631836,0.21042472422122954,0.12165462225675583,0.031228110194206238,0.0860383078455925,0.008873959816992284,0.33323678374290466,0.1835545301437378,0.12860890328884125,0.03363479673862457,0.09327179193496704,0.002525998093187809,0.25804149005562066
693,0.3569355607032776,0.21841039955615998,0.11695953160524368,0.03533093258738518,0.0825136125087738,0.00814555650576949,0.3466755747795105,0.20942920744419097,0.12069712579250336,0.024182511121034624,0.0880639299750328,0.0022050905507057907,0.23514865743927654
694,0.3450658917427063,0.20884434580802919,0.11557831168174744,0.03210180401802063,0.0821082204580307,0.00847232211381197,0.32246977686882017,0.18896126747131348,0.11889921426773072,0.01824423745274544,0.08782128691673279,0.0022383242845535277,0.22720306292176248
695,0.35527126789093016,0.21822913587093354,0.11879050582647324,0.028710802271962165,0.08361755311489105,0.008580071851611137,0.3248689532279968,0.19233685731887817,0.11302904188632965,0.028386680781841277,0.08350255489349365,0.0023187272716313602,0.22723700483329592
696,0.35398895740509034,0.21788145899772643,0.11612773388624191,0.03154464811086655,0.08216338753700256,0.008333661686629057,0.3433084785938263,0.20674622654914857,0.11865159273147582,0.025750716030597687,0.0872636005282402,0.002069525700062513,0.23373543499037625
697,0.3463746249675751,0.21231267154216765,0.11434374749660492,0.0317454494535923,0.0807468131184578,0.007848267070949077,0.3363890588283539,0.19970689117908477,0.11663134396076202,0.029840205609798432,0.08573428988456726,0.002595898206345737,0.23480173766147347
698,0.3555805325508118,0.21431354880332948,0.11826523691415787,0.03837066851556301,0.08339778333902359,0.008010745514184237,0.3516595721244812,0.21581324934959412,0.11605779230594634,0.031102706491947175,0.08459974229335784,0.0021947163622826338,0.233954957453534
699,0.35875617265701293,0.2185181826353073,0.12103095799684524,0.029806780442595483,0.0857441931962967,0.008202783204615116,0.32026457190513613,0.1844995230436325,0.11815362870693207,0.02420683056116104,0.08731295615434646,0.0022564788814634085,0.23192989430390298
700,0.3617014765739441,0.21893931031227112,0.12088379561901093,0.03560272082686424,0.08513749241828919,0.008895423635840416,0.33923190236091616,0.196708145737648,0.126294606924057,0.02225717678666115,0.09252873808145523,0.0024451155681163073,0.24352563736028968
